"Dissemination Identifier","Original Dissemination Identifier","Action type","Event type","Event timestamp","Amendment indicator","Asset Class","Product name","Cleared","Mandatory clearing indicator","Execution Timestamp","Effective Date","Expiration Date","Maturity date of the underlier","Non-standardized term indicator","Platform identifier","Prime brokerage transaction indicator","Block trade election indicator","Large notional off-facility swap election indicator","Notional amount-Leg 1","Notional amount-Leg 2","Notional currency-Leg 1","Notional currency-Leg 2","Notional quantity-Leg 1","Notional quantity-Leg 2","Total notional quantity-Leg 1","Total notional quantity-Leg 2","Quantity frequency multiplier-Leg 1","Quantity frequency multiplier-Leg 2","Quantity unit of measure-Leg 1","Quantity unit of measure-Leg 2","Quantity frequency-Leg 1","Quantity frequency-Leg 2","Notional amount in effect on associated effective date-Leg 1","Notional amount in effect on associated effective date-Leg 2","Effective date of the notional amount-Leg 1","Effective date of the notional amount-Leg 2","End date of the notional amount-Leg 1","End date of the notional amount-Leg 2","Call amount","Call currency","Put amount","Put currency","Exchange rate","Exchange rate basis","First exercise date","Fixed rate-Leg 1","Fixed rate-Leg 2","Option Premium Amount","Option Premium Currency","Price","Price unit of measure","Spread-Leg 1","Spread-Leg 2","Spread currency-Leg 1","Spread currency-Leg 2","Strike Price","Strike price currency/currency pair","Post-priced swap indicator","Price currency","Price notation","Spread notation-Leg 1","Spread notation-Leg 2","Strike price notation","Fixed rate day count convention-leg 1","Fixed rate day count convention-leg 2","Floating rate day count convention-leg 1","Floating rate day count convention-leg 2","Floating rate reset frequency period-leg 1","Floating rate reset frequency period-leg 2","Floating rate reset frequency period multiplier-leg 1","Floating rate reset frequency period multiplier-leg 2","Other payment amount","Fixed rate payment frequency period-Leg 1","Floating rate payment frequency period-Leg 1","Fixed rate payment frequency period-Leg 2","Floating rate payment frequency period-Leg 2","Fixed rate payment frequency period multiplier-Leg 1","Floating rate payment frequency period multiplier-Leg 1","Fixed rate payment frequency period multiplier-Leg 2","Floating rate payment frequency period multiplier-Leg 2","Other payment type","Other payment currency","Settlement currency-Leg 1","Settlement currency-Leg 2","Settlement location","Collateralisation category","Custom basket indicator","Index factor","Underlier ID-Leg 1","Underlier ID-Leg 2","Underlier ID source-Leg 1","Underlying Asset Name","Underlying asset subtype or underlying contract subtype-Leg 1","Underlying asset subtype or underlying contract subtype-Leg 2","Embedded Option type","Option Type","Option Style","Package indicator","Package transaction price","Package transaction price currency","Package transaction price notation","Package transaction spread","Package transaction spread currency","Package transaction spread notation","Physical delivery location-Leg 1","Delivery Type","Unique Product Identifier","UPI FISN","UPI Underlier Name"
"5190314471000000101","","NEWT","TRAD","2026-09-08T16:19:03Z","","CR","","I","TRUE","2026-09-08T16:19:03Z","2026-09-09","2031-06-20","","FALSE","BBSF","FALSE","TRUE","","250,000,000+","","USD","","","","","","","","","","","","","","","","","","","","","","","","","0.01","","","","","","0.00502","","","","","","false","","","3","","","A004","","","","","","","","5885476.52096","MNTH","","","","3","","","","UFRO","USD","","","","","false","1","","","","","","","","","","TRUE","","","","0.00502","","3","","","QZ3WVVQG5T8K","NA/CDS Corp Idx","CDX.NA.IG"
"5187903983000000101","","NEWT","TRAD","2026-09-08T12:35:21Z","","CR","","I","TRUE","2026-09-08T12:35:21Z","2026-09-09","2031-06-20","","","TWSF","FALSE","FALSE","","13,000,000","","USD","","","","","","","","","","","","","","","","","","","","","","","","","0.05","","","","","","0.01078438","","","","","","false","","","3","","","A004","","","","","","","","1139086.23000","MNTH","","","","3","","","","UFRO","USD","","","","","false","0.98","","","","","","","","","","FALSE","","","","","","","","","QZNKTC8Z3Q57","NA/CDS Corp Idx","CDX.NA.HY"
"5189371558000000101","","NEWT","TRAD","2026-09-08T14:54:04Z","","CR","","I","TRUE","2026-09-08T14:54:04Z","2026-09-09","2031-06-20","","FALSE","BBSF","FALSE","TRUE","","46,000,000","","EUR","","","","","","","","","","","","","","","","","","","","","","","","","0.05","","","","","","0.025075","","","","","","false","","","3","","","A004","","","","","","","","5201322.27000","MNTH","","","","3","","","","UFRO","EUR","","","","","false","1","","","","","","","","","","FALSE","","","","","","","","","QZ3HM9KVK2WL","NA/CDS Corp Idx","ITRAXX EUROPE CROSSOVER"
"5189481009000000201","","NEWT","TRAD","2026-09-08T15:11:49Z","","CR","","I","TRUE","2026-09-08T15:11:49Z","2026-09-09","2031-06-20","","FALSE","BBSF","FALSE","FALSE","","75,000,000","","EUR","","","","","","","","","","","","","","","","","","","","","","","","","0.01","","","","","","0.005152","","","","","","false","","","3","","","A004","","","","","","","","1772626.82000","MNTH","","","","3","","","","UFRO","EUR","","","","","false","1","","","","","","","","","","FALSE","","","","","","","","","QZTQ4GTC5QMF","NA/CDS Corp Idx","ITRAXX EUROPE"
"5189488393000000101","","NEWT","TRAD","2026-09-08T15:12:52Z","","CR","","I","TRUE","2026-09-08T15:12:52Z","2026-09-09","2031-06-20","","FALSE","BBSF","FALSE","FALSE","","10,000,000","","USD","","","","","","","","","","","","","","","","","","","","","","","","","0.05","","","","","","0.01078383","","","","","","false","","","3","","","A004","","","","","","","","875681.18000","MNTH","","","","3","","","","UFRO","USD","","","","","false","0.98","","","","","","","","","","FALSE","","","","","","","","","QZNKTC8Z3Q57","NA/CDS Corp Idx","CDX.NA.HY"
"5188666036000000101","","NEWT","TRAD","2026-09-08T13:28:17Z","","CR","","I","TRUE","2026-09-08T13:28:17Z","2026-09-09","2031-06-20","","","TWSF","FALSE","FALSE","","25,000,000","","EUR","","","","","","","","","","","","","","","","","","","","","","","","","0.01","","","","","","0.00514406","","","","","","false","","","3","","","A004","","","","","","","","591770.11000","MNTH","","","","3","","","","UFRO","EUR","","","","","false","1","","","","","","","","","","FALSE","","","","","","","","","QZTQ4GTC5QMF","NA/CDS Corp Idx","ITRAXX EUROPE"
"5188710075000000101","5188704601000000101","MODI","TRAD","2026-09-08T13:31:17Z","TRUE","CR","","I","TRUE","2026-09-08T13:30:58Z","2026-03-20","2031-06-20","","FALSE","TPSE","FALSE","FALSE","","25,000,000","","USD","","","","","","","","","","","","","","","","","","","","","","","","","0.01","","","","","","0.00501","","","","","","false","","","3","","","A004","","","","","","","","","MNTH","","","","3","","","","","","USD","","","","false","1","","","","","","","OTHR","","","FALSE","","","","","","","","","QZ3WVVQG5T8K","NA/CDS Corp Idx","CDX.NA.IG"
"5188476282000000101","","NEWT","TRAD","2026-09-08T13:04:08Z","","CR","","N","FALSE","2026-09-08T13:04:08Z","2026-06-20","2032-12-20","","FALSE","BILT","FALSE","FALSE","TRUE","10,000,000","","EUR","","","","","","","","","","","","","","","","","","","","","","","","","0.05","","","","","","","","","","","","false","","","","","","A004","","","","","","","","","MNTH","","","","3","","","","","","EUR","","","","true","","","","","","","","","","","FALSE","","","","","","","","","QZ2989D7H87S","NA/CDS Corp Basket","Basket"
"5188470199000000101","5187664263000000101","MODI","TRAD","2026-09-08T13:08:29Z","TRUE","CR","","N","FALSE","2026-09-08T12:09:41Z","2026-03-20","2031-06-20","2031-06-20","TRUE","BILT","FALSE","TRUE","TRUE","344,160,034+","","EUR","","","","","","","","","","","","","","","","","","","","","","","","2027-01-20","0.01","","456,442.2","EUR","","","","","","","0.007","","false","","","","","3","A004","","","","","","","","","MNTH","","","","3","","","","","","","","","","false","1","","","","","","","","","","FALSE","","","","","","","","","QZX75BBR2PZH","NA/CDS Idx Swt","NA/CDS Corp Idx"
"5188822993000000101","","NEWT","TRAD","2026-09-08T13:42:30Z","","CR","","I","TRUE","2026-09-08T13:42:30Z","2026-09-09","2031-06-20","","FALSE","BBSF","FALSE","FALSE","","10,000,000","","USD","","","","","","","","","","","","","","","","","","","","","","","","","0.05","","","","","","0.01078507","","","","","","false","","","3","","","A004","","","","","","","","876896.38000","MNTH","","","","3","","","","UFRO","USD","","","","","false","0.98","","","","","","","","","","FALSE","","","","","","","","","QZNKTC8Z3Q57","NA/CDS Corp Idx","CDX.NA.HY"
"5188858772000001001","","NEWT","TRAD","2026-09-08T13:45:27Z","","CR","","I","FALSE","2026-09-08T13:45:27Z","2026-03-20","2031-06-20","","FALSE","TPSE","FALSE","FALSE","","10,000,000","","USD","","","","","","","","","","","","","","","","","","","","","","","","","0.01","","","","","","98.44","","USD","","","","false","","","1","","","A004","","","","","","","","","MNTH","","","","3","","","","","","USD","","","","false","1","","","","","","","OTHR","","","FALSE","","","","","","","","","QZ4JMQKL3P03","NA/CDS Corp Idx","CDX.EM"
"5188544120000000101","5148448944000008201","MODI","TRAD","2026-09-08T13:18:05Z","FALSE","CR","","N","FALSE","2026-09-04T22:34:15Z","2023-01-12","2026-12-20","","FALSE","BILT","FALSE","FALSE","TRUE","5,000,000","","USD","","","","","","","","","","","","","","","","","","","","","","","","","0.05","","","","","","","","","","","","false","","","","","","A004","","","","","","","","556971.66208","MNTH","","","","3","","","","UFRO","USD","","","","","false","0.94","","","","","","","","","","FALSE","","","","","","","","","QZ76CJJPXNZX","NA/CDS Mun Idx Tra","CDX.NA.HY"
"5188688104000000101","","NEWT","TRAD","2026-09-08T13:29:31Z","","CR","","N","FALSE","2026-09-08T13:29:31Z","2026-09-16","2026-09-16","","FALSE","BILT","FALSE","FALSE","TRUE","100,000,000","","USD","","","","","","","","","","","","","","","","","","","","","","","","2026-09-16","0.01","","23,000","USD","","","","","","","0.005","","false","","","","","3","A004","","","","","","","","","MNTH","","","","3","","","","","","","","","","false","","","","","","","","","","","FALSE","","","","","","","","","QZ7WW76RFHN3","NA/CDS Idx Swt","NA/CDS Corp Idx"
"5188981745000000101","","NEWT","TRAD","2026-09-08T13:58:00Z","","CR","","I","TRUE","2026-09-08T13:58:00Z","2026-09-09","2031-06-20","","FALSE","BBSF","FALSE","FALSE","","25,000,000","","USD","","","","","","","","","","","","","","","","","","","","","","","","","0.01","","","","","","0.00501","","","","","","false","","","3","","","A004","","","","","","","","589638.03000","MNTH","","","","3","","","","UFRO","USD","","","","","false","1","","","","","","","","","","FALSE","","","","","","","","","QZ3WVVQG5T8K","NA/CDS Corp Idx","CDX.NA.IG"
"5189003768000000101","","NEWT","TRAD","2026-09-08T14:01:20Z","","CR","","I","FALSE","2026-09-08T14:01:20Z","2026-09-09","2031-06-20","","","TWSF","FALSE","FALSE","","5,000,000","","EUR","","","","","","","","","","","","","","","","","","","","","","","","","0.01","","","","","","0.00515367","","","","","","false","","","3","","","A004","","","","","","","","118137.49000","MNTH","","","","3","","","","UFRO","EUR","","","","","false","1","","","","","","","","","","FALSE","","","","","","","","","QZTQ4GTC5QMF","NA/CDS Corp Idx","ITRAXX EUROPE"
"5189017047000000201","","NEWT","TRAD","2026-09-08T13:22:56Z","","CR","","N","FALSE","2026-09-08T13:22:56Z","2026-06-20","2032-12-20","","FALSE","BILT","FALSE","FALSE","TRUE","3,000,000","","EUR","","","","","","","","","","","","","","","","","","","","","","","","","0.05","","","","","","","","","","","","false","","","","","","A004","","","","","","","","","MNTH","","","","3","","","","","","EUR","","","","true","","","","","","","","","","","FALSE","","","","","","","","","QZ2989D7H87S","NA/CDS Corp Basket","Basket"
"5189034169000000101","","NEWT","TRAD","2026-09-08T14:04:38Z","","CR","","I","FALSE","2026-09-08T14:04:38Z","2026-09-09","2031-06-20","","","TWSF","FALSE","FALSE","","18,000,000","","USD","","","","","","","","","","","","","","","","","","","","","","","","","0.01","","","","","","0.00501724","","","","","","false","","","3","","","A004","","","","","","","","423972.07385","MNTH","","","","3","","","","UFRO","USD","","","","","false","1","","","","","","","","","","FALSE","","","","","","","","","QZ3WVVQG5T8K","NA/CDS Corp Idx","CDX.NA.IG"
"5188888009000000101","5188817577000000101","EROR","","2026-09-08T13:38:49Z","","CR","","I","","2026-09-08T13:38:49Z","2023-03-20","2028-06-20","","","","FALSE","","FALSE","13,000,000","","EUR","","","","","","","","","","","","","","","","","","","","","","","","","0.05","","","","","","","","","","","","false","","","","","","","","","","","","","","860188.96387","","","","","","","","","UFRO","EUR","","","","","false","0.94665","","","","","","","","","","FALSE","","","","","","","","","QZ6FM8459K9M","NA/CDS Corp Idx","ITRAXX EUROPE CROSSOVER"
"5189058459000000101","","NEWT","TRAD","2026-09-08T14:08:00Z","","CR","","I","TRUE","2026-09-08T14:08:00Z","2026-09-09","2031-06-20","","FALSE","BBSF","FALSE","FALSE","","50,000,000","","EUR","","","","","","","","","","","","","","","","","","","","","","","","","0.01","","","","","","0.005156","","","","","","false","","","3","","","A004","","","","","","","","1180849.99000","MNTH","","","","3","","","","UFRO","EUR","","","","","false","1","","","","","","","","","","FALSE","","","","","","","","","QZTQ4GTC5QMF","NA/CDS Corp Idx","ITRAXX EUROPE"
"5188986252000000101","","NEWT","TRAD","2026-09-08T13:58:52Z","","CR","","I","TRUE","2026-09-08T13:58:52Z","2026-09-09","2030-12-20","","FALSE","BBSF","FALSE","TRUE","","46,461,605+","","EUR","","","","","","","","","","","","","","","","","","","","","","","","","0.05","","","","","","0.022","","","","","","false","","","3","","","A004","","","","","","","","5416853.66728","MNTH","","","","3","","","","UFRO","EUR","","","","","false","1","","","","","","","","","","TRUE","","","","0.022","","3","","","QZ5F5FRS4TR9","NA/CDS Corp Idx","ITRAXX EUROPE CROSSOVER"
"5189121099000000101","","NEWT","TRAD","2026-09-08T14:17:46Z","","CR","","I","TRUE","2026-09-08T14:17:46Z","2026-09-09","2030-12-20","","","TWSF","FALSE","FALSE","","12,000,000","","USD","","","","","","","","","","","","","","","","","","","","","","","","","0.01","","","","","","0.004568","","","","","","false","","","3","","","A004","","","","","","","","280106.34468","MNTH","","","","3","","","","UFRO","USD","","","","","false","1","","","","","","","","","","FALSE","","","","","","","","","QZN3HTTN5303","NA/CDS Corp Idx","CDX.NA.IG"
"5189210412000000101","","NEWT","TRAD","2026-09-08T14:30:53Z","","CR","","I","TRUE","2026-09-08T14:30:53Z","2026-09-09","2031-06-20","","","TWSF","FALSE","FALSE","","25,000,000","","EUR","","","","","","","","","","","","","","","","","","","","","","","","","0.05","","","","","","0.0251305","","","","","","false","","","3","","","A004","","","","","","","","2820585.88000","MNTH","","","","3","","","","UFRO","EUR","","","","","false","1","","","","","","","","","","FALSE","","","","","","","","","QZ3HM9KVK2WL","NA/CDS Corp Idx","ITRAXX EUROPE CROSSOVER"
"5189255143000000101","","NEWT","TRAD","2026-09-08T14:36:33Z","","CR","","I","TRUE","2026-09-08T14:36:33Z","2026-09-09","2031-06-20","","FALSE","BBSF","FALSE","FALSE","","100,000,000","","EUR","","","","","","","","","","","","","","","","","","","","","","","","","0.01","","","","","","0.005157","","","","","","false","","","3","","","A004","","","","","","","","2361248.71447","MNTH","","","","3","","","","UFRO","EUR","","","","","false","1","","","","","","","","","","FALSE","","","","","","","","","QZTQ4GTC5QMF","NA/CDS Corp Idx","ITRAXX EUROPE"
"5189260950000000101","","NEWT","TRAD","2026-09-08T14:37:15Z","","CR","","I","TRUE","2026-09-08T14:37:15Z","2026-09-09","2031-06-20","","FALSE","BBSF","FALSE","FALSE","","26,000,000","","EUR","","","","","","","","","","","","","","","","","","","","","","","","","0.05","","","","","","0.02509899","","","","","","false","","","3","","","A004","","","","","","","","2937081.46000","MNTH","","","","3","","","","UFRO","EUR","","","","","false","1","","","","","","","","","","FALSE","","","","","","","","","QZ3HM9KVK2WL","NA/CDS Corp Idx","ITRAXX EUROPE CROSSOVER"
"5189168282000000101","","NEWT","TRAD","2026-09-08T14:24:56Z","","CR","","I","TRUE","2026-09-08T14:24:56Z","2026-09-09","2028-12-20","","FALSE","BBSF","FALSE","TRUE","","60,000,000","","USD","","","","","","","","","","","","","","","","","","","","","","","","","0.01","","","","","","0.002475","","","","","","false","","","3","","","A004","","","","","","","","1119834.19000","MNTH","","","","3","","","","UFRO","USD","","","","","false","1","","","","","","","","","","FALSE","","","","","","","","","QZKV15J8S8XX","NA/CDS Corp Idx","CDX.NA.IG"
"5189269418000000101","","NEWT","TRAD","2026-09-08T14:38:26Z","","CR","","I","FALSE","2026-09-08T14:38:26Z","2026-09-09","2031-06-20","","","TWSF","FALSE","FALSE","","3,000,000","","USD","","","","","","","","","","","","","","","","","","","","","","","","","0.05","","","","","","0.01078407","","","","","","false","","","3","","","A004","","","","","","","","262774.21306","MNTH","","","","3","","","","UFRO","USD","","","","","false","0.98","","","","","","","","","","FALSE","","","","","","","","","QZNKTC8Z3Q57","NA/CDS Corp Idx","CDX.NA.HY"
"5189294994000000101","","NEWT","TRAD","2026-09-08T14:41:43Z","","CR","","I","TRUE","2026-09-08T14:41:43Z","2026-09-09","2031-06-20","","FALSE","BBSF","FALSE","FALSE","","2,000,000","","USD","","","","","","","","","","","","","","","","","","","","","","","","","0.05","","","","","","0.01078425","","","","","","false","","","3","","","A004","","","","","","","","175218.56000","MNTH","","","","3","","","","UFRO","USD","","","","","false","0.98","","","","","","","","","","FALSE","","","","","","","","","QZNKTC8Z3Q57","NA/CDS Corp Idx","CDX.NA.HY"
"5189370123000000101","","NEWT","TRAD","2026-09-08T14:50:16Z","","CR","","I","FALSE","2026-09-08T14:50:16Z","2026-03-20","2031-06-20","","","BTFE","FALSE","FALSE","FALSE","20,000,000","","EUR","","","","","","","","","","","","","","","","","","","","","","","","","0.01","","","","","","","","","","","","false","","","","","","A004","","","","","","","","472979.87000","MNTH","","","","3","","","","UFRO","EUR","","","","","false","1","","","","","","","","","","FALSE","","","","","","","","","QZTQ4GTC5QMF","NA/CDS Corp Idx","ITRAXX EUROPE"
"5193436972000000101","","NEWT","TRAD","2026-09-08T19:39:09Z","","CR","","I","TRUE","2026-09-08T19:39:09Z","2026-09-09","2031-06-20","","FALSE","BBSF","FALSE","FALSE","","4,000,000","","USD","","","","","","","","","","","","","","","","","","","","","","","","","0.05","","","","","","0.01078122","","","","","","false","","","3","","","A004","","","","","","","","349249.35000","MNTH","","","","3","","","","UFRO","USD","","","","","false","0.98","","","","","","","","","","FALSE","","","","","","","","","QZNKTC8Z3Q57","NA/CDS Corp Idx","CDX.NA.HY"
"5189384049000000101","","NEWT","TRAD","2026-09-08T14:52:39Z","","CR","","N","FALSE","2026-09-08T14:52:39Z","2026-09-08","2026-11-18","2031-06-20","FALSE","BILT","FALSE","FALSE","TRUE","100,000,000","","USD","","","","","","","","","","","","","","","","","","","","","","","","2026-11-18","0.05","","539,000","USD","","","","","","","0.01065","","false","","","","","3","A004","","","","","","","","","MNTH","","","","3","","","","","","","","","","false","0.98","","","","","","","","","","FALSE","","","","","","","","","QZ4682HKL4CM","NA/CDS Idx Swt","NA/CDS Corp Idx"
"5193736038000000101","","NEWT","TRAD","2026-09-08T19:54:37Z","","CR","","I","FALSE","2026-09-08T19:54:37Z","2026-09-09","2031-06-20","","FALSE","BBSF","FALSE","FALSE","","15,000,000","","USD","","","","","","","","","","","","","","","","","","","","","","","","","0.01","","","","","","0.009845","","","","","","false","","","3","","","A004","","","","","","","","199583.33000","MNTH","","","","3","","","","UFRO","USD","","","","","false","1","","","","","","","","","","FALSE","","","","","","","","","QZ4JMQKL3P03","NA/CDS Corp Idx","CDX.EM"
"5175770760000000101","","NEWT","TRAD","2026-09-08T07:16:50Z","","CR","","I","TRUE","2026-09-08T07:16:50Z","2026-09-09","2031-06-20","","FALSE","BBSF","FALSE","FALSE","","11,000,000","","EUR","","","","","","","","","","","","","","","","","","","","","","","","","0.01","","","","","","0.005154","","","","","","false","","","3","","","A004","","","","","","","","259886.13000","MNTH","","","","3","","","","UFRO","EUR","","","","","false","1","","","","","","","","","","FALSE","","","","","","","","","QZTQ4GTC5QMF","NA/CDS Corp Idx","ITRAXX EUROPE"
"5190622780000000101","","NEWT","NOVA","2026-09-08T16:35:06Z","","CR","","N","FALSE","2026-09-08T16:35:06Z","2026-09-08","2026-10-21","2031-06-20","FALSE","BILT","FALSE","FALSE","TRUE","400,000,000+","","USD","","","","","","","","","","","","","","","","","","","","","","","","2026-10-21","0.01","","0","","","","","","","","0.0065","","false","","","","","3","A004","","","","","","","","","MNTH","","","","3","","","","","","","","","","false","1","","","","","","","","","","FALSE","","","","","","","","","QZT4QS79CCTS","NA/CDS Idx Swt","NA/CDS Corp Idx"
"5190963508000000101","","NEWT","TRAD","2026-09-08T17:04:48Z","","CR","","I","TRUE","2026-09-08T17:04:48Z","2026-09-09","2031-06-20","","FALSE","BBSF","FALSE","FALSE","","69,000,000","","USD","","","","","","","","","","","","","","","","","","","","","","","","","0.01","","","","","","0.0050158","","","","","","false","","","3","","","A004","","","","","","","","1625652.45000","MNTH","","","","3","","","","UFRO","USD","","","","","false","1","","","","","","","","","","FALSE","","","","","","","","","QZ3WVVQG5T8K","NA/CDS Corp Idx","CDX.NA.IG"
"5190498916000000101","5188536330000000201","MODI","TRAD","2026-09-08T16:25:38Z","FALSE","CR","","N","FALSE","2026-09-08T13:07:13Z","2026-09-08","2026-09-09","","FALSE","BILT","FALSE","FALSE","TRUE","120,000,000","110,105,215","USD","USD","","","","","","","","","","","","","","","","","","","","","","","","0.037804","0.037804","","","","","","","","","","","false","","","","","","","","","","","","","","","EXPI","","","","1","","","","","","","USD","","","false","","","","","","","","","","","FALSE","","","","","","","","","QZC9DPTWH4KC","NA/CDS Corp SN","DTD 11/15/2025"
"5190865377000001001","3581630517000000301","TERM","ETRM","2026-09-03T21:40:15Z","","CR","","N","FALSE","2026-06-05T21:28:57Z","2026-06-05","2055-02-15","2055-02-15","TRUE","BILT","FALSE","FALSE","TRUE","130,000,000","","USD","","","","","","","","","","","","","","","","","","","","","","","","","","","","","","","","","","","","","false","","","","","","","","A004","","DAIL","","1","","67361.55061","","","","","","","","","UFRO","USD","USD","","","","false","","","","","","","","OPET","","","FALSE","","","","","","","","","QZPW5C38SF75","NA/CDS Corp Oth Sr","DTD 02/15/2025"
"5190861659000000101","","NEWT","TRAD","2026-09-08T16:56:55Z","","CR","","I","FALSE","2026-09-08T16:56:55Z","2026-03-20","2031-06-20","","FALSE","TPSE","FALSE","FALSE","","15,000,000","","USD","","","","","","","","","","","","","","","","","","","","","","","","","0.01","","","","","","98.475","","USD","","","","false","","","1","","","A004","","","","","","","","","MNTH","","","","3","","","","","","USD","","","","false","1","","","","","","","OTHR","","","FALSE","","","","","","","","","QZ4JMQKL3P03","NA/CDS Corp Idx","CDX.EM"
"5191175562000000101","","NEWT","TRAD","2026-09-08T17:14:17Z","","CR","","I","TRUE","2026-09-08T17:14:17Z","2026-03-20","2031-06-20","","FALSE","TPSE","FALSE","FALSE","","5,000,000","","USD","","","","","","","","","","","","","","","","","","","","","","","","","0.05","","","","","","107.855","","USD","","","","false","","","1","","","A004","","","","","","","","","MNTH","","","","3","","","","","","USD","","","","false","0.98","","","","","","","OTHR","","","FALSE","","","","","","","","","QZNKTC8Z3Q57","NA/CDS Corp Idx","CDX.NA.HY"
"5191413773000000101","","NEWT","TRAD","2026-09-08T17:24:31Z","","CR","","I","TRUE","2026-09-08T17:24:31Z","2026-09-09","2031-06-20","","FALSE","BBSF","FALSE","TRUE","","210,000,000","","USD","","","","","","","","","","","","","","","","","","","","","","","","","0.01","","","","","","0.005025","","","","","","false","","","3","","","A004","","","","","","","","4939219.79265","MNTH","","","","3","","","","UFRO","USD","","","","","false","1","","","","","","","","","","FALSE","","","","","","","","","QZ3WVVQG5T8K","NA/CDS Corp Idx","CDX.NA.IG"
"5191155509000000101","5148448925000006301","MODI","TRAD","2026-09-08T17:12:40Z","TRUE","CR","","N","FALSE","2026-09-04T22:33:48Z","2025-08-02","2026-12-20","","FALSE","BILT","FALSE","FALSE","TRUE","4,000,000","","USD","","","","","","","","","","","","","","","","","","","","","","","","","0.05","","","","","","","","","","","","false","","","","","","A004","","","","","","","","708298.64625","MNTH","","","","3","","","","UFRO","USD","","","","","false","0.94","","","","","","","","","","FALSE","","","","","","","","","QZZZP5HMNGBJ","NA/CDS Mun Idx Tra","CDX.NA.HY"
"5191155510000000201","2236403508000002101","MODI","TRAD","2026-09-08T17:12:49Z","TRUE","CR","","N","FALSE","2026-09-04T22:33:45Z","2026-03-03","2026-12-20","","FALSE","BILT","FALSE","FALSE","TRUE","2,000,000","","USD","","","","","","","","","","","","","","","","","","","","","","","","","0.05","","","","","","","","","","","","false","","","","","","A004","","","","","","","","412317.38208","MNTH","","","","3","","","","UFRO","USD","","","","","false","0.94","","","","","","","","","","FALSE","","","","","","","","","QZZZP5HMNGBJ","NA/CDS Mun Idx Tra","CDX.NA.HY"
"5191316150000000301","2236403494000000701","MODI","TRAD","2026-09-08T17:14:09Z","TRUE","CR","","N","FALSE","2026-09-04T22:33:54Z","2026-03-03","2026-12-20","","FALSE","BILT","FALSE","FALSE","TRUE","500,000","","USD","","","","","","","","","","","","","","","","","","","","","","","","","0.05","","","","","","","","","","","","false","","","","","","A004","","","","","","","","36702.18000","MNTH","","","","3","","","","UFRO","USD","","","","","false","0.94","","","","","","","","","","FALSE","","","","","","","","","QZZZP5HMNGBJ","NA/CDS Mun Idx Tra","CDX.NA.HY"
"5191339850000000101","2236403495000000801","MODI","TRAD","2026-09-08T17:14:02Z","TRUE","CR","","N","FALSE","2026-09-04T22:34:00Z","2026-03-03","2027-12-20","","FALSE","BILT","FALSE","FALSE","TRUE","3,000,000","","USD","","","","","","","","","","","","","","","","","","","","","","","","","0.05","","","","","","","","","","","","false","","","","","","A004","","","","","","","","268416.67000","MNTH","","","","3","","","","UFRO","USD","","","","","false","0.95","","","","","","","","","","FALSE","","","","","","","","","QZJDTC3FV7NJ","NA/CDS Mun Idx Tra","CDX.NA.HY"
"5191176650000000101","3557875463000000101","MODI","TRAD","2026-09-08T17:14:39Z","FALSE","CR","","N","FALSE","2026-06-08T12:34:26Z","2026-06-08","2027-03-08","","TRUE","BILT","FALSE","FALSE","TRUE","25,000,000","25,000,000","USD","USD","","","","","","","","","","","25000000;25000000","25000060;24964986","2026-06-08;2026-09-08","2026-06-08;2026-09-08","","","","","","","","","","","","","","","","0.0021","","","","","","false","","","3","","","","","A004","A020","MNTH","EXPI","3","1","","","MNTH","","MNTH","","3","","3","","","USD","USD","","","false","1","","","","","","","","","","FALSE","","","","","","","","","QZFNT9JCBS79","NA/Cr Sw Idx TRtn Corp Cs",""
"5191319299000000101","5148448927000006501","MODI","TRAD","2026-09-08T17:14:34Z","TRUE","CR","","N","FALSE","2026-09-04T22:33:44Z","2025-08-02","2026-12-20","","FALSE","BILT","FALSE","FALSE","TRUE","4,000,000","","USD","","","","","","","","","","","","","","","","","","","","","","","","","0.05","","","","","","","","","","","","false","","","","","","A004","","","","","","","","824635.19000","MNTH","","","","3","","","","UFRO","USD","","","","","false","0.94","","","","","","","","","","FALSE","","","","","","","","","QZZZP5HMNGBJ","NA/CDS Mun Idx Tra","CDX.NA.HY"
"5191428666000000201","5148448926000006401","MODI","TRAD","2026-09-08T17:15:03Z","TRUE","CR","","N","FALSE","2026-09-04T22:33:51Z","2025-08-02","2026-12-20","","FALSE","BILT","FALSE","FALSE","TRUE","1,000,000","","USD","","","","","","","","","","","","","","","","","","","","","","","","","0.05","","","","","","","","","","","","false","","","","","","A004","","","","","","","","66828.76394","MNTH","","","","3","","","","UFRO","USD","","","","","false","0.94","","","","","","","","","","FALSE","","","","","","","","","QZZZP5HMNGBJ","NA/CDS Mun Idx Tra","CDX.NA.HY"
"5191427494000000101","2863325614000001501","MODI","TRAD","2026-09-08T17:16:16Z","TRUE","CR","","N","FALSE","2026-09-04T22:33:38Z","2026-02-15","2027-12-20","","FALSE","BILT","FALSE","FALSE","TRUE","10,000,000","","USD","","","","","","","","","","","","","","","","","","","","","","","","","0.05","","","","","","","","","","","","false","","","","","","A004","","","","","","","","5470718.75000","MNTH","","","","3","","","","UFRO","USD","","","","","false","0.95","","","","","","","","","","FALSE","","","","","","","","","QZJDTC3FV7NJ","NA/CDS Mun Idx Tra","CDX.NA.HY"
"5191228341000000101","","NEWT","TRAD","2026-09-08T17:16:03Z","","CR","","N","FALSE","2026-09-08T17:16:03Z","2026-09-09","2026-09-16","","FALSE","BILT","FALSE","FALSE","TRUE","170,000,000","","USD","","","","","","","","","","","","","","","","","","","","","","","","","0.03625","","","","","","","","","","","","false","","","","","","A006","","","","","","","","127295.06083","MNTH","","","","6","","","","PEXH","USD","","","","","false","","","","","","","","","","","FALSE","","","","","","","","","QZ74SZ88PHDZ","NA/CDS Corp SN","DTD 05/15/2023"
"5177105021000000101","5084775808000000101","MODI","TRAD","2026-09-08T07:43:31Z","TRUE","CR","","N","FALSE","2026-09-02T08:16:59Z","2026-03-20","2031-06-20","2031-06-20","TRUE","BILT","FALSE","FALSE","TRUE","500,000","","EUR","","","","","","","","","","","","","","","","","","","","","","","","2026-10-21","0.01","","1,100","EUR","","","","","","","0.0055","","false","","","","","3","A004","","","","","","","","","MNTH","","","","3","","","","","","","","","","false","1","","","","","","","","","","FALSE","","","","","","","","","QZX75BBR2PZH","NA/CDS Idx Swt","NA/CDS Corp Idx"
"5187384102000000101","","NEWT","TRAD","2026-09-08T11:47:20Z","","CR","","I","TRUE","2026-09-08T11:47:20Z","2026-09-09","2031-06-20","","FALSE","BBSF","FALSE","FALSE","","100,000,000","","USD","","","","","","","","","","","","","","","","","","","","","","","","","0.01","","","","","","0.00503288","","","","","","false","","","3","","","A004","","","","","","","","2348556.22000","MNTH","","","","3","","","","UFRO","USD","","","","","false","1","","","","","","","","","","FALSE","","","","","","","","","QZ3WVVQG5T8K","NA/CDS Corp Idx","CDX.NA.IG"
"5187283570000000101","","NEWT","TRAD","2026-09-08T11:40:10Z","","CR","","I","TRUE","2026-09-08T11:40:10Z","2026-09-09","2030-12-20","","FALSE","BBSF","FALSE","TRUE","","46,461,605+","","EUR","","","","","","","","","","","","","","","","","","","","","","","","","0.05","","","","","","0.022204","","","","","","false","","","3","","","A004","","","","","","","","5377649.80805","MNTH","","","","3","","","","UFRO","EUR","","","","","false","1","","","","","","","","","","TRUE","","","","0.002955","","3","","","QZ5F5FRS4TR9","NA/CDS Corp Idx","ITRAXX EUROPE CROSSOVER"
"5187563164000000101","","NEWT","TRAD","2026-09-08T12:07:02Z","","CR","","I","TRUE","2026-09-08T12:07:02Z","2026-09-09","2031-06-20","","","TWSF","FALSE","FALSE","","9,000,000","","USD","","","","","","","","","","","","","","","","","","","","","","","","","0.05","","","","","","0.01078326","","","","","","false","","","3","","","A004","","","","","","","","787613.82409","MNTH","","","","3","","","","UFRO","USD","","","","","false","0.98","","","","","","","","","","FALSE","","","","","","","","","QZNKTC8Z3Q57","NA/CDS Corp Idx","CDX.NA.HY"
"5187569931000000101","","NEWT","TRAD","2026-09-08T12:08:00Z","","CR","","I","TRUE","2026-09-08T12:08:00Z","2026-09-09","2031-06-20","","FALSE","BBSF","FALSE","FALSE","","46,000,000","","EUR","","","","","","","","","","","","","","","","","","","","","","","","","0.01","","","","","","0.00516","","","","","","false","","","3","","","A004","","","","","","","","1085552.89000","MNTH","","","","3","","","","UFRO","EUR","","","","","false","1","","","","","","","","","","TRUE","","","","0.00516","","3","","","QZTQ4GTC5QMF","NA/CDS Corp Idx","ITRAXX EUROPE"
"5187578118000000101","","NEWT","TRAD","2026-09-08T12:09:18Z","","CR","","I","TRUE","2026-09-08T12:09:18Z","2026-09-09","2031-06-20","","FALSE","BBSF","FALSE","FALSE","","5,000,000","","EUR","","","","","","","","","","","","","","","","","","","","","","","","","0.05","","","","","","0.02508282","","","","","","false","","","3","","","A004","","","","","","","","565188.07206","MNTH","","","","3","","","","UFRO","EUR","","","","","false","1","","","","","","","","","","FALSE","","","","","","","","","QZ3HM9KVK2WL","NA/CDS Corp Idx","ITRAXX EUROPE CROSSOVER"
"5187335128000000101","5187288504000000101","MODI","TRAD","2026-09-08T11:42:28Z","FALSE","CR","","I","FALSE","2026-09-08T11:28:08Z","2026-09-07","2026-10-21","","","BILT","FALSE","FALSE","TRUE","23,000,000","","EUR","","","","","","","","","","","","","","","","","","","","","","","","2026-10-21","","","0","","","","0.025","","","","0.025","","false","","","3","","3","","","","","","","","","","","","","","","","","","","","","","","","false","1","","","","","","","","","","FALSE","","","","","","","","","QZTL0V3X916X","NA/CDS Idx Swt","NA/CDS Corp Idx"
"5187272794000000101","","NEWT","TRAD","2026-09-08T11:39:33Z","","CR","","I","TRUE","2026-09-08T11:39:33Z","2026-09-09","2031-06-20","","FALSE","BBSF","FALSE","FALSE","","30,000,000","","USD","","","","","","","","","","","","","","","","","","","","","","","","","0.01","","","","","","0.005025","","","","","","false","","","3","","","A004","","","","","","","","705599.60000","MNTH","","","","3","","","","UFRO","USD","","","","","false","1","","","","","","","","","","FALSE","","","","","","","","","QZ3WVVQG5T8K","NA/CDS Corp Idx","CDX.NA.IG"
"5178063403000000101","","NEWT","TRAD","2026-09-08T08:01:38Z","","CR","","I","FALSE","2026-09-08T08:01:38Z","2026-06-22","2031-06-20","","FALSE","BILT","FALSE","FALSE","FALSE","25,000,000","","EUR","","","","","","","","","","","","","","","","","","","","","","","","","0.01","","","","","","","","","","","","false","","","3","","3","A004","","","","","","","","588285.00000","MNTH","","","","3","","","","UFRO","EUR","EUR","","","","false","1","","","","","","","","","","FALSE","","","","","","","","","QZ30FM86XF0K","NA/CDS Corp Idx","ITRAXX EUROPE"
"5178094246000000101","","NEWT","TRAD","2026-09-08T08:04:10Z","","CR","","I","TRUE","2026-09-08T08:04:10Z","2026-09-09","2031-06-20","","FALSE","BBSF","FALSE","FALSE","","15,000,000","","EUR","","","","","","","","","","","","","","","","","","","","","","","","","0.05","","","","","","0.02523925","","","","","","false","","","3","","","A004","","","","","","","","1685043.61000","MNTH","","","","3","","","","UFRO","EUR","","","","","false","1","","","","","","","","","","FALSE","","","","","","","","","QZ3HM9KVK2WL","NA/CDS Corp Idx","ITRAXX EUROPE CROSSOVER"
"5174405440000000101","","NEWT","TRAD","2026-09-08T06:33:50Z","","CR","","I","TRUE","2026-09-08T06:33:50Z","2026-09-09","2031-06-20","","","TWSF","FALSE","FALSE","","740,000","","EUR","","","","","","","","","","","","","","","","","","","","","","","","","0.05","","","","","","0.025046","","","","","","false","","","3","","","A004","","","","","","","","83770.09236","MNTH","","","","3","","","","UFRO","EUR","","","","","false","1","","","","","","","","","","FALSE","","","","","","","","","QZ3HM9KVK2WL","NA/CDS Corp Idx","ITRAXX EUROPE CROSSOVER"
"5194183354000000101","","NEWT","TRAD","2026-09-08T20:10:26Z","","CR","","I","TRUE","2026-09-08T20:10:26Z","2026-09-09","2031-06-20","","FALSE","BBSF","FALSE","TRUE","","250,000,000+","","USD","","","","","","","","","","","","","","","","","","","","","","","","","0.01","","","","","","0.005042","","","","","","false","","","3","","","A004","","","","","","","","5861430.81000","MNTH","","","","3","","","","UFRO","USD","","","","","false","1","","","","","","","","","","FALSE","","","","","","","","","QZ3WVVQG5T8K","NA/CDS Corp Idx","CDX.NA.IG"
"5194196579000000101","","NEWT","TRAD","2026-09-08T20:10:40Z","","CR","","I","TRUE","2026-09-08T20:10:40Z","2026-09-09","2031-06-20","","FALSE","BBSF","FALSE","TRUE","","250,000,000+","","USD","","","","","","","","","","","","","","","","","","","","","","","","","0.01","","","","","","0.0050415","","","","","","false","","","3","","","A004","","","","","","","","5861976.83000","MNTH","","","","3","","","","UFRO","USD","","","","","false","1","","","","","","","","","","FALSE","","","","","","","","","QZ3WVVQG5T8K","NA/CDS Corp Idx","CDX.NA.IG"
"5194772298000000201","","NEWT","TRAD","2026-09-08T16:16:06Z","","CR","","N","FALSE","2026-09-08T16:16:06Z","2026-03-20","2031-06-20","2031-06-20","FALSE","XOFF","FALSE","FALSE","TRUE","400,000,000+","","USD","","","","","","","","","","","","","","","","","","","","","","","","2027-01-20","0.01","","418,002.4035","USD","","","","","","","70","","false","","","","","3","A004","","","","","","","","","MNTH","","","","3","","","","","","","","","","false","","","","","","","","","","","FALSE","","","","","","","","","QZPHWDSZ4TSJ","NA/CDS Idx Swt","NA/CDS Corp Idx"
"5193899624000000201","","NEWT","TRAD","2026-09-08T20:01:20Z","","CR","","I","TRUE","2026-09-08T20:01:20Z","2026-09-09","2031-06-20","","","TWSF","FALSE","FALSE","","5,000,000","","USD","","","","","","","","","","","","","","","","","","","","","","","","","0.05","","","","","","0.0107785","","","","","","false","","","3","","","A004","","","","","","","","435228.89000","MNTH","","","","3","","","","UFRO","USD","","","","","false","0.98","","","","","","","","","","FALSE","","","","","","","","","QZNKTC8Z3Q57","NA/CDS Corp Idx","CDX.NA.HY"
"5194239338000000101","","NEWT","TRAD","2026-09-08T20:12:56Z","","CR","","I","TRUE","2026-09-08T20:12:56Z","2026-09-09","2031-06-20","","FALSE","BBSF","FALSE","FALSE","","50,000,000","","USD","","","","","","","","","","","","","","","","","","","","","","","","","0.01","","","","","","0.005042","","","","","","false","","","3","","","A004","","","","","","","","1172286.16000","MNTH","","","","3","","","","UFRO","USD","","","","","false","1","","","","","","","","","","FALSE","","","","","","","","","QZ3WVVQG5T8K","NA/CDS Corp Idx","CDX.NA.IG"
"5194446571000000101","","NEWT","TRAD","2026-09-08T20:18:30Z","","CR","","I","TRUE","2026-09-08T20:18:30Z","2026-03-20","2031-06-20","","FALSE","TPSE","FALSE","FALSE","","10,000,000","","USD","","","","","","","","","","","","","","","","","","","","","","","","","0.05","","","","","","107.77","","USD","","","","false","","","1","","","A004","","","","","","","","","MNTH","","","","3","","","","","","USD","","","","false","0.98","","","","","","","OTHR","","","FALSE","","","","","","","","","QZNKTC8Z3Q57","NA/CDS Corp Idx","CDX.NA.HY"
"5194055513000000101","","NEWT","TRAD","2026-09-08T20:05:45Z","","CR","","N","FALSE","2026-09-08T20:05:45Z","2026-09-09","2026-09-20","","FALSE","BILT","FALSE","FALSE","TRUE","75,000,000","75,000,000","USD","USD","","","","","","","","","","","","","","","","","","","","","","","","0","","","","","","","","","","","","false","","","","","","A004","","","A004","","DAIL","","1","599637.40000","EXPI","","","MNTH","1","","","3","UFRO","USD","USD","USD","","","false","1","","","","","","","","","","FALSE","","","","","","","","","QZTD37B1KZD3","NA/CDS Corp Idx","IBOXX USD LIQUID HIGH YIELD INDEX"
"5194601903000000101","","NEWT","NOVA","2026-09-08T20:22:11Z","","CR","","N","FALSE","2026-09-08T20:21:54Z","2026-09-09","2026-10-21","2031-06-20","FALSE","BILT","FALSE","FALSE","TRUE","100,000,000","","USD","","","","","","","","","","","","","","","","","","","","","","","","2026-10-21","0.01","","12,800","USD","","","","","","","75","USD","false","","","","","1","A004","","","","","","","","","MNTH","","","","3","","","","","","","","","","false","","","","","","","","","","","FALSE","","","","","","","","","QZ7WW76RFHN3","NA/CDS Idx Swt","NA/CDS Corp Idx"
"5176926834000000101","","NEWT","TRAD","2026-09-08T07:39:19Z","","CR","","N","TRUE","2026-09-08T07:39:19Z","2026-03-20","2031-06-20","","FALSE","TREU","FALSE","FALSE","FALSE","7,000,000","","EUR","","","","","","","","","","","","","","","","","","","","","","","","","0.01","","","","","","","","","","","","false","","","","","","A004","","","","","","","","165129.83605","MNTH","","","","3","","","","UFRO","EUR","","","","","false","1","","","","","","","","","","FALSE","","","","","","","","","QZTQ4GTC5QMF","NA/CDS Corp Idx","ITRAXX EUROPE"
"5177926891000000101","","NEWT","TRAD","2026-09-08T07:59:55Z","","CR","","I","TRUE","2026-09-08T07:59:55Z","2026-09-09","2031-06-20","","FALSE","BBSF","FALSE","FALSE","","20,000,000","","EUR","","","","","","","","","","","","","","","","","","","","","","","","","0.05","","","","","","0.0251665","","","","","","false","","","3","","","A004","","","","","","","","2253242.27000","MNTH","","","","3","","","","UFRO","EUR","","","","","false","1","","","","","","","","","","FALSE","","","","","","","","","QZ3HM9KVK2WL","NA/CDS Corp Idx","ITRAXX EUROPE CROSSOVER"
"5179427821000000101","","NEWT","TRAD","2026-09-08T08:37:17Z","","CR","","N","FALSE","2026-09-08T08:37:17Z","2025-09-22","2030-12-20","2030-12-20","FALSE","BILT","FALSE","FALSE","FALSE","10,000,000","","EUR","","","","","","","","","","","","","","","","","","","","","","","","","0.01","","","","","","","","","","","","false","","","","","","A004","","","","","","","","111055.56000","MNTH","","","","3","","","","UFRO","EUR","","","","","false","1","","","","","","","","","","FALSE","","","","","","","","","QZ9GDBQDH8LN","NA/CDS Corp Idx Tra","ITRAXX EUROPE"
"5190315851000000101","","NEWT","TRAD","2026-09-08T16:19:13Z","","CR","","I","TRUE","2026-09-08T16:19:13Z","2026-09-09","2031-06-20","","FALSE","BBSF","FALSE","TRUE","","250,000,000+","","USD","","","","","","","","","","","","","","","","","","","","","","","","","0.01","","","","","","0.00502","","","","","","false","","","3","","","A004","","","","","","","","5885476.52096","MNTH","","","","3","","","","UFRO","USD","","","","","false","1","","","","","","","","","","TRUE","0.1045","","3","","","","","","QZ3WVVQG5T8K","NA/CDS Corp Idx","CDX.NA.IG"
"5189920768000000101","","NEWT","TRAD","2026-09-08T16:02:42Z","","CR","","I","TRUE","2026-09-08T16:02:42Z","2026-09-09","2031-06-20","","FALSE","BBSF","FALSE","FALSE","","19,000,000","","USD","","","","","","","","","","","","","","","","","","","","","","","","","0.01","","","","","","0.00502222","","","","","","false","","","3","","","A004","","","","","","","","447111.80021","MNTH","","","","3","","","","UFRO","USD","","","","","false","1","","","","","","","","","","FALSE","","","","","","","","","QZ3WVVQG5T8K","NA/CDS Corp Idx","CDX.NA.IG"
"5189566116000000201","","NEWT","TRAD","2026-09-08T15:23:19Z","FALSE","CR","","N","FALSE","2026-09-08T15:23:19Z","2026-09-08","2058-12-17","","FALSE","BILT","FALSE","FALSE","TRUE","50,000,000+","","USD","","","","","","","","","","","","","","","","","","","","","","","","","0.005","","","","","","","","","","","","false","","","","","","A004","","","","","","","","228688.87000","MNTH","","","","1","","","","UFRO","USD","","","","","false","1","","","","","","","","","","FALSE","","","","","","","","","QZFT5HHKNG4S","NA/CDS Corp Idx","CMBX.NA.AAA"
"5189573147000000401","5189115952000000101","CORR","","2026-09-08T15:26:40Z","","CR","","N","FALSE","2026-09-08T14:14:51Z","2026-09-08","2026-11-18","2031-06-20","FALSE","BILT","FALSE","FALSE","TRUE","400,000,000+","","USD","","","","","","","","","","","","","","","","","","","","","","","","2026-11-18","0.05","","2,201,080","USD","","","","","","","0.01065","","false","","","","","3","A004","","","","","","","","","MNTH","","","","3","","","","","","","","","","false","0.98","","","","","","","","","","FALSE","","","","","","","","","QZ4682HKL4CM","NA/CDS Idx Swt","NA/CDS Corp Idx"
"5189636259000000301","","NEWT","TRAD","2026-09-08T15:42:10Z","","CR","","I","TRUE","2026-09-08T15:42:10Z","2026-09-09","2031-06-20","","FALSE","BBSF","FALSE","TRUE","","45,000,000","","EUR","","","","","","","","","","","","","","","","","","","","","","","","","0.05","","","","","","0.02505","","","","","","false","","","3","","","A004","","","","","","","","5093294.55000","MNTH","","","","3","","","","UFRO","EUR","","","","","false","1","","","","","","","","","","TRUE","","","","0.02505","","3","","","QZ3HM9KVK2WL","NA/CDS Corp Idx","ITRAXX EUROPE CROSSOVER"
"5189796966000000101","","NEWT","TRAD","2026-09-08T15:56:45Z","","CR","","I","TRUE","2026-09-08T15:56:45Z","2026-09-09","2030-12-20","","FALSE","BBSF","FALSE","TRUE","","40,000,000","","EUR","","","","","","","","","","","","","","","","","","","","","","","","","0.05","","","","","","0.022","","","","","","false","","","3","","","A004","","","","","","","","4663483.12000","MNTH","","","","3","","","","UFRO","EUR","","","","","false","1","","","","","","","","","","TRUE","","","","0.022","","3","","","QZ5F5FRS4TR9","NA/CDS Corp Idx","ITRAXX EUROPE CROSSOVER"
"5182379506000000101","","NEWT","TRAD","2026-09-08T09:25:38Z","","CR","","I","TRUE","2026-09-08T09:25:38Z","2026-09-09","2031-06-20","","FALSE","BBSF","FALSE","FALSE","","30,000,000","","EUR","","","","","","","","","","","","","","","","","","","","","","","","","0.01","","","","","","0.0051665","","","","","","false","","","3","","","A004","","","","","","","","707090.65000","MNTH","","","","3","","","","UFRO","EUR","","","","","false","1","","","","","","","","","","FALSE","","","","","","","","","QZTQ4GTC5QMF","NA/CDS Corp Idx","ITRAXX EUROPE"
"5181395944000000101","","NEWT","TRAD","2026-09-08T09:06:27Z","","CR","","I","FALSE","2026-09-08T09:06:27Z","2026-09-09","2031-06-20","","","TWSF","FALSE","FALSE","","30,000,000","","EUR","","","","","","","","","","","","","","","","","","","","","","","","","0.05","","","","","","0.025178","","","","","","false","","","3","","","A004","","","","","","","","3378317.68000","MNTH","","","","3","","","","UFRO","EUR","","","","","false","1","","","","","","","","","","FALSE","","","","","","","","","QZ3HM9KVK2WL","NA/CDS Corp Idx","ITRAXX EUROPE CROSSOVER"
"5180721002000000101","","NEWT","TRAD","2026-09-08T08:58:03Z","","CR","","I","FALSE","2026-09-08T08:58:03Z","2026-09-09","2031-06-20","","FALSE","BBSF","FALSE","TRUE","","94,644,009+","","EUR","","","","","","","","","","","","","","","","","","","","","","","","","0.01","","","","","","0.005412","","","","","","false","","","3","","","A004","","","","","","","","2126135.92624","MNTH","","","","3","","","","UFRO","EUR","","","","","false","1","","","","","","","","","","FALSE","","","","","","","","","QZTB38W3WJ98","NA/CDS Corp Idx","ITRAXX EUROPE SENIOR FINANCIALS"
"5185833702000000101","","NEWT","TRAD","2026-09-08T10:47:26Z","","CR","","I","TRUE","2026-09-08T10:47:26Z","2026-09-09","2030-12-20","","FALSE","BBSF","FALSE","FALSE","","25,000,000","","EUR","","","","","","","","","","","","","","","","","","","","","","","","","0.05","","","","","","0.0222138","","","","","","false","","","3","","","A004","","","","","","","","2892593.81000","MNTH","","","","3","","","","UFRO","EUR","","","","","false","1","","","","","","","","","","TRUE","","","","0.002921","","3","","","QZ5F5FRS4TR9","NA/CDS Corp Idx","ITRAXX EUROPE CROSSOVER"
"5186485692000000101","","NEWT","TRAD","2026-09-08T11:10:44Z","","CR","","I","TRUE","2026-09-08T11:10:44Z","2026-03-20","2031-06-20","","FALSE","BGCD","FALSE","FALSE","","10,000,000","","EUR","","","","","","","","","","","","","","","","","","","","","","","","","","","","","","","0.02515","","","","","","false","","","3","","","A004","","","","","","","","","MNTH","","","","3","","","","","","","","","","false","1","","","","","","","","","","FALSE","","","","","","","","","QZ3HM9KVK2WL","NA/CDS Corp Idx","ITRAXX EUROPE CROSSOVER"
"5185077494000000101","","NEWT","TRAD","2026-09-08T10:20:41Z","","CR","","I","TRUE","2026-09-08T10:20:41Z","2026-09-09","2031-06-20","","FALSE","BBSF","FALSE","FALSE","","25,000,000","","EUR","","","","","","","","","","","","","","","","","","","","","","","","","0.01","","","","","","0.005145","","","","","","false","","","3","","","A004","","","","","","","","591664.21000","MNTH","","","","3","","","","UFRO","EUR","","","","","false","1","","","","","","","","","","FALSE","","","","","","","","","QZTQ4GTC5QMF","NA/CDS Corp Idx","ITRAXX EUROPE"
"5187954785000000101","5187948466000000101","CORR","","2026-09-08T12:39:06Z","","CR","","N","FALSE","2026-09-08T12:39:06Z","2026-03-20","2031-06-20","","FALSE","BILT","FALSE","FALSE","TRUE","50,000,000+","","USD","","","","","","","","","","","","","","","","","","","","","","","","","0.01","","","","","","","","","","","","false","","","","","","A004","","","","","","","","665277.78000","MNTH","","","","3","","","","UFRO","USD","","","","","false","1","","","","","","","","","","FALSE","","","","","","","","","QZ39BZSFH68L","NA/CDS Sov Idx","CDX.EM"
"5188288862000000201","","NEWT","TRAD","2026-09-08T13:07:47Z","","CR","","I","TRUE","2026-09-08T13:07:47Z","2026-03-20","2031-06-20","","FALSE","BGCD","FALSE","FALSE","","10,000,000","","EUR","","","","","","","","","","","","","","","","","","","","","","","","","","","","","","","0.025","","","","","","false","","","3","","","A004","","","","","","","","","MNTH","","","","3","","","","","","","","","","false","1","","","","","","","","","","FALSE","","","","","","","","","QZ3HM9KVK2WL","NA/CDS Corp Idx","ITRAXX EUROPE CROSSOVER"
"5188563451000000101","","NEWT","TRAD","2026-09-08T13:20:27Z","","CR","","I","TRUE","2026-09-08T13:20:27Z","2026-09-09","2031-06-20","","FALSE","BBSF","FALSE","FALSE","","100,000,000","","USD","","","","","","","","","","","","","","","","","","","","","","","","","0.01","","","","","","0.00501","","","","","","false","","","3","","","A004","","","","","","","","2358552.14000","MNTH","","","","3","","","","UFRO","USD","","","","","false","1","","","","","","","","","","FALSE","","","","","","","","","QZ3WVVQG5T8K","NA/CDS Corp Idx","CDX.NA.IG"
"5187856307000000101","","NEWT","TRAD","2026-09-08T12:32:44Z","","CR","","I","TRUE","2026-09-08T12:32:44Z","2026-09-09","2031-06-20","","FALSE","BBSF","FALSE","FALSE","","29,000,000","","USD","","","","","","","","","","","","","","","","","","","","","","","","","0.05","","","","","","0.01078525","","","","","","false","","","3","","","A004","","","","","","","","2543511.06000","MNTH","","","","3","","","","UFRO","USD","","","","","false","0.98","","","","","","","","","","FALSE","","","","","","","","","QZNKTC8Z3Q57","NA/CDS Corp Idx","CDX.NA.HY"
"5188479368000000101","","NEWT","TRAD","2026-09-08T13:07:18Z","","CR","","I","TRUE","2026-09-08T13:07:18Z","2026-03-20","2031-06-20","","","BILT","FALSE","FALSE","FALSE","10,000,000","","EUR","","","","","","","","","","","","","","","","","","","","","","","","","0.05","","","","","","","","","","","","false","","","","","","A004","","","","","","","","1134086.00000","MNTH","","","","3","","","","UFRO","EUR","","","","","false","1","","","","","","","","","","FALSE","","","","","","","","","QZ3HM9KVK2WL","NA/CDS Corp Idx","ITRAXX EUROPE CROSSOVER"
"5178889261000000101","","NEWT","TRAD","2026-09-08T08:23:42Z","","CR","","I","TRUE","2026-09-08T08:23:42Z","2026-09-09","2031-06-20","","","TWSF","FALSE","FALSE","","6,000,000","","EUR","","","","","","","","","","","","","","","","","","","","","","","","","0.05","","","","","","0.025218","","","","","","false","","","3","","","A004","","","","","","","","674587.44075","MNTH","","","","3","","","","UFRO","EUR","","","","","false","1","","","","","","","","","","FALSE","","","","","","","","","QZ3HM9KVK2WL","NA/CDS Corp Idx","ITRAXX EUROPE CROSSOVER"
"5188078281000000101","","NEWT","TRAD","2026-09-08T12:49:23Z","","CR","","I","TRUE","2026-09-08T12:49:23Z","2026-09-09","2031-06-20","","FALSE","BBSF","FALSE","TRUE","","75,000,000","","USD","","","","","","","","","","","","","","","","","","","","","","","","","0.05","","","","","","0.01078425","","","","","","false","","","3","","","A004","","","","","","","","6570695.83000","MNTH","","","","3","","","","UFRO","USD","","","","","false","0.98","","","","","","","","","","FALSE","","","","","","","","","QZNKTC8Z3Q57","NA/CDS Corp Idx","CDX.NA.HY"
"5185359741000000101","","NEWT","TRAD","2026-09-08T10:30:55Z","","CR","","I","TRUE","2026-09-08T10:30:55Z","2026-09-09","2031-06-20","","FALSE","BBSF","FALSE","TRUE","","150,000,000","","EUR","","","","","","","","","","","","","","","","","","","","","","","","","0.01","","","","","","0.005159","","","","","","false","","","3","","","A004","","","","","","","","3540522.27000","MNTH","","","","3","","","","UFRO","EUR","","","","","false","1","","","","","","","","","","FALSE","","","","","","","","","QZTQ4GTC5QMF","NA/CDS Corp Idx","ITRAXX EUROPE"
"5193191074000000101","","NEWT","TRAD","2026-09-08T19:24:56Z","","CR","","I","FALSE","2026-09-08T19:24:56Z","2026-03-20","2031-06-20","","FALSE","TPSE","FALSE","FALSE","","10,000,000","","USD","","","","","","","","","","","","","","","","","","","","","","","","","0.01","","","","","","98.46","","USD","","","","false","","","1","","","A004","","","","","","","","","MNTH","","","","3","","","","","","USD","","","","false","1","","","","","","","OTHR","","","FALSE","","","","","","","","","QZ4JMQKL3P03","NA/CDS Corp Idx","CDX.EM"
"5193389264000000201","","NEWT","TRAD","2026-09-08T19:35:59Z","","CR","","I","TRUE","2026-09-08T19:35:59Z","2026-09-09","2031-06-20","","FALSE","BBSF","FALSE","FALSE","","26,000,000","","USD","","","","","","","","","","","","","","","","","","","","","","","","","0.05","","","","","","0.010785","","","","","","false","","","3","","","A004","","","","","","","","2279760.46661","MNTH","","","","3","","","","UFRO","USD","","","","","false","0.98","","","","","","","","","","TRUE","","","","-0.0001745","","3","","","QZNKTC8Z3Q57","NA/CDS Corp Idx","CDX.NA.HY"
"5192286537000000101","","NEWT","TRAD","2026-09-08T18:05:31Z","","CR","","I","TRUE","2026-09-08T18:05:31Z","2026-09-09","2031-06-20","","FALSE","BBSF","FALSE","TRUE","","200,000,000","","USD","","","","","","","","","","","","","","","","","","","","","","","","","0.01","","","","","","0.00502","","","","","","false","","","3","","","A004","","","","","","","","4708366.15000","MNTH","","","","3","","","","UFRO","USD","","","","","false","1","","","","","","","","","","FALSE","","","","","","","","","QZ3WVVQG5T8K","NA/CDS Corp Idx","CDX.NA.IG"
"5192646778000000101","","NEWT","TRAD","2026-09-08T18:22:26Z","","CR","","I","TRUE","2026-09-08T18:22:26Z","2026-09-09","2031-06-20","","FALSE","BBSF","FALSE","FALSE","","95,000,000","","USD","","","","","","","","","","","","","","","","","","","","","","","","","0.01","","","","","","0.00501888","","","","","","false","","","3","","","A004","","","","","","","","2236938.77000","MNTH","","","","3","","","","UFRO","USD","","","","","false","1","","","","","","","","","","FALSE","","","","","","","","","QZ3WVVQG5T8K","NA/CDS Corp Idx","CDX.NA.IG"
"5192241041000000101","","NEWT","TRAD","2026-09-08T18:03:07Z","","CR","","N","FALSE","2026-09-08T18:01:00Z","2026-09-09","2026-11-02","","TRUE","BILT","FALSE","FALSE","TRUE","200,000,000","","USD","","","","","","","","","","","","","","","","","","","","","","","","","","","","","","","0.00185","","","","","","false","","","3","","","","","A004","","MNTH","","6","","","","MNTH","","","","6","","","","","USD","","","","false","","","","","","","","","","","FALSE","","","","","","","","","QZC5D96708TS","NA/CDS Corp SN Sr","GENERIC TINT PMT"
"5192781810000000101","1736165331000004401","TERM","NOVA","2026-09-08T18:30:31Z","","CR","","N","FALSE","2025-11-19T07:51:34Z","2025-09-22","2030-12-20","2030-12-20","FALSE","BILT","FALSE","FALSE","FALSE","26,000,000","","USD","","","","","","","","","","","","","","","","","","","","","","","","","0.05","","","","","","","","","","","","true","","","","","","A004","","","","","","","","","MNTH","","","","3","","","","","","","","","","false","1","","","","","","","","","","FALSE","","","","","","","","","QZQWH12BK7Q2","NA/CDS Corp Idx Tra","CDX.NA.HY"
"5192434034000000101","","NEWT","TRAD","2026-09-08T18:12:16Z","","CR","","N","FALSE","2026-09-08T18:10:00Z","2026-09-09","2027-01-08","","TRUE","BILT","FALSE","FALSE","TRUE","99,000,000","","USD","","","","","","","","","","","","","","","","","","","","","","","","","","","","","","","0.0022","","","","","","false","","","3","","","","","A004","","MNTH","","6","","","","MNTH","","","","6","","","","","USD","","","","false","","","","","","","","","","","FALSE","","","","","","","","","QZ7DDPJ683RN","NA/CDS Corp SN Sr","NT 200"
"5192857838000000101","","NEWT","TRAD","2026-09-08T18:52:44Z","","CR","","I","FALSE","2026-09-08T18:52:44Z","2026-03-20","2031-06-20","","FALSE","TPSE","FALSE","FALSE","","10,000,000","","USD","","","","","","","","","","","","","","","","","","","","","","","","","0.01","","","","","","95.9","","USD","","","","false","","","1","","","A004","","","","","","","","","MNTH","","","","3","","","","","","USD","","","","false","1","","","","","","","OTHR","","","FALSE","","","","","","","","","QZNW21HHSLHV","NA/CDS Corp Idx","CDX.EM.HY"
"5192774930000000101","","NEWT","NOVA","2026-09-08T18:29:30Z","","CR","","N","FALSE","2026-09-08T18:29:30Z","2026-09-09","2031-06-20","2031-06-20","TRUE","BILT","FALSE","FALSE","TRUE","8,000,000","","EUR","","","","","","","","","","","","","","","","","","","","","","","","","0","","","","","","","","","","","","false","","","","","","A004","","","","","","","","","MNTH","","","","3","","","","","","","","","","false","1","","","","","","","","","","FALSE","","","","","","","","","QZ6CJRNWZ7SD","NA/Cr Sw Bskt CDS Corp Au",""
"5192888482000000201","","NEWT","TRAD","2026-09-08T19:00:55Z","","CR","","I","TRUE","2026-09-08T19:00:55Z","2026-09-09","2031-06-20","","FALSE","BBSF","FALSE","FALSE","","25,000,000","","USD","","","","","","","","","","","","","","","","","","","","","","","","","0.05","","","","","","0.01078255","","","","","","false","","","3","","","A004","","","","","","","","2186066.94000","MNTH","","","","3","","","","UFRO","USD","","","","","false","0.98","","","","","","","","","","FALSE","","","","","","","","","QZNKTC8Z3Q57","NA/CDS Corp Idx","CDX.NA.HY"
"5192947053000000101","","NEWT","TRAD","2026-09-08T19:08:09Z","","CR","","I","TRUE","2026-09-08T19:08:09Z","2026-09-09","2031-06-20","","FALSE","BBSF","FALSE","FALSE","","3,000,000","","USD","","","","","","","","","","","","","","","","","","","","","","","","","0.05","","","","","","0.0107815","","","","","","false","","","3","","","A004","","","","","","","","262019.33000","MNTH","","","","3","","","","UFRO","USD","","","","","false","0.98","","","","","","","","","","FALSE","","","","","","","","","QZNKTC8Z3Q57","NA/CDS Corp Idx","CDX.NA.HY"
"5192952347000000101","","NEWT","TRAD","2026-09-08T19:09:12Z","","CR","","I","TRUE","2026-09-08T19:09:12Z","2026-09-09","2031-06-20","","FALSE","BBSF","FALSE","FALSE","","130,000,000","","USD","","","","","","","","","","","","","","","","","","","","","","","","","0.01","","","","","","0.005028","","","","","","false","","","3","","","A004","","","","","","","","3055894.49360","MNTH","","","","3","","","","UFRO","USD","","","","","false","1","","","","","","","","","","FALSE","","","","","","","","","QZ3WVVQG5T8K","NA/CDS Corp Idx","CDX.NA.IG"
"5192977756000000101","5192952319000000101","MODI","TRAD","2026-09-08T19:06:23Z","TRUE","CR","","I","TRUE","2026-09-08T19:05:30Z","2026-03-20","2031-06-20","","","TPSE","FALSE","FALSE","","15,000,000","","USD","","","","","","","","","","","","","","","","","","","","","","","","","0.05","","","","","","","","","","","","false","","","","","","A004","","","","","","","","1310831.67000","MNTH","","","","3","","","","UFRO","USD","","","","","false","0.98","","","","","","","","","","FALSE","","","","","","","","","QZNKTC8Z3Q57","NA/CDS Corp Idx","CDX.NA.HY"
"5192997335000000101","","NEWT","TRAD","2026-09-08T19:13:42Z","","CR","","N","FALSE","2026-09-08T19:13:42Z","2026-09-08","2064-11-18","","FALSE","TPSE","FALSE","FALSE","","5,000,000","","USD","","","","","","","","","","","","","","","","","","","","","","","","","0.05","","","","","","78.375","","USD","","","","false","","","1","","","A004","","","","","","","","","MNTH","","","","1","","","","","","USD","","","","false","1","","","","","","","OTHR","","","FALSE","","","","","","","","","QZQBQKRRBR3Z","NA/CDS Corp Idx","CMBX.NA.BB"
"5192863696000000101","5192835218000000201","MODI","TRAD","2026-09-08T18:51:08Z","TRUE","CR","","N","FALSE","2026-09-08T18:40:30Z","2026-03-20","2031-06-20","2031-06-20","TRUE","BILT","FALSE","TRUE","TRUE","400,000,000+","","USD","","","","","","","","","","","","","","","","","","","","","","","","2027-01-20","0.01","","260,000","USD","","","","","","","0.0085","","false","","","","","3","A004","","","","","","","","","MNTH","","","","3","","","","","","","","","","false","1","","","","","","","","","","FALSE","","","","","","","","","QZX75BBR2PZH","NA/CDS Idx Swt","NA/CDS Corp Idx"
"5189370247000000101","","NEWT","TRAD","2026-09-08T14:47:33Z","FALSE","CR","","N","FALSE","2026-09-08T14:47:33Z","2026-09-09","2030-12-20","","FALSE","BILT","FALSE","FALSE","FALSE","15,000,000","","EUR","","","","","","","","","","","","","","","","","","","","","","","","","0.05","","","","","","","","","","","","false","","","","","","A004","","","","","","","","5160417.00000","MNTH","","","","3","","","","UFRO","EUR","","","","","false","1","","","","","","","","","","FALSE","","","","","","","","","QZB5DPT9MS3H","NA/CDS Corp Idx Tra","ITRAXX EUROPE CROSSOVER"
"5189501697000000101","","NEWT","TRAD","2026-09-08T15:15:02Z","","CR","","I","TRUE","2026-09-08T15:15:02Z","2026-09-09","2031-06-20","","","TWSF","FALSE","TRUE","","76,000,000+","","USD","","","","","","","","","","","","","","","","","","","","","","","","","0.05","","","","","","0.010786","","","","","","false","","","3","","","A004","","","","","","","","6671339.11280","MNTH","","","","3","","","","UFRO","USD","","","","","false","0.98","","","","","","","","","","TRUE","","","","-0.023","","3","","","QZNKTC8Z3Q57","NA/CDS Corp Idx","CDX.NA.HY"
"5189608098000000101","","NEWT","TRAD","2026-09-08T15:35:31Z","","CR","","I","TRUE","2026-09-08T15:35:31Z","2026-09-09","2031-06-20","","FALSE","BBSF","FALSE","FALSE","","50,000,000","","EUR","","","","","","","","","","","","","","","","","","","","","","","","","0.01","","","","","","0.0051489","","","","","","false","","","3","","","A004","","","","","","","","1182449.68000","MNTH","","","","3","","","","UFRO","EUR","","","","","false","1","","","","","","","","","","FALSE","","","","","","","","","QZTQ4GTC5QMF","NA/CDS Corp Idx","ITRAXX EUROPE"
"5189615052000000101","","NEWT","TRAD","2026-09-08T15:36:57Z","","CR","","I","TRUE","2026-09-08T15:36:57Z","2026-09-09","2031-06-20","","FALSE","BBSF","FALSE","FALSE","","20,000,000","","USD","","","","","","","","","","","","","","","","","","","","","","","","","0.01","","","","","","0.005021","","","","","","false","","","3","","","A004","","","","","","","","470749.24000","MNTH","","","","3","","","","UFRO","USD","","","","","false","1","","","","","","","","","","FALSE","","","","","","","","","QZ3WVVQG5T8K","NA/CDS Corp Idx","CDX.NA.IG"
"5189636260000000401","5146185299000000301","MODI","TRAD","2026-09-08T15:42:15Z","FALSE","CR","","N","TRUE","2026-09-04T19:36:51Z","2025-09-22","2030-12-20","","FALSE","BILT","FALSE","FALSE","FALSE","1,000,000","","USD","","","","","","","","","","","","","","","","","","","","","","","","","0.01","","","","","","","","","","","","false","","","","","","A004","","","","","","","","","MNTH","","","","3","","","","","","","","","","false","1","","","","","","","","","","FALSE","","","","","","","","","QZN3HTTN5303","NA/CDS Corp Idx","CDX.NA.IG"
"5189636257000000101","","NEWT","TRAD","2026-09-08T15:42:07Z","","CR","","I","TRUE","2026-09-08T15:42:07Z","2026-09-09","2031-06-20","","FALSE","BBSF","FALSE","FALSE","","22,000,000","","EUR","","","","","","","","","","","","","","","","","","","","","","","","","0.01","","","","","","0.0051535","","","","","","false","","","3","","","A004","","","","","","","","519821.30721","MNTH","","","","3","","","","UFRO","EUR","","","","","false","1","","","","","","","","","","FALSE","","","","","","","","","QZTQ4GTC5QMF","NA/CDS Corp Idx","ITRAXX EUROPE"
"5189681868000000201","","NEWT","TRAD","2026-09-08T15:48:56Z","","CR","","I","TRUE","2026-09-08T15:48:56Z","2026-09-09","2031-06-20","","","TWSF","FALSE","FALSE","","10,000,000","","EUR","","","","","","","","","","","","","","","","","","","","","","","","","0.05","","","","","","0.0250587","","","","","","false","","","3","","","A004","","","","","","","","1131453.10000","MNTH","","","","3","","","","UFRO","EUR","","","","","false","1","","","","","","","","","","FALSE","","","","","","","","","QZ3HM9KVK2WL","NA/CDS Corp Idx","ITRAXX EUROPE CROSSOVER"
"5189548407000000101","","NEWT","TRAD","2026-09-08T15:22:09Z","","CR","","I","FALSE","2026-09-08T15:22:09Z","2026-09-09","2031-06-20","","","TWSF","FALSE","FALSE","","20,000,000","","USD","","","","","","","","","","","","","","","","","","","","","","","","","0.01","","","","","","0.0098473","","","","","","false","","","3","","","A004","","","","","","","","261511.11000","MNTH","","","","3","","","","UFRO","USD","","","","","false","1","","","","","","","","","","FALSE","","","","","","","","","QZ4JMQKL3P03","NA/CDS Corp Idx","CDX.EM"
"5189488986000000101","","NEWT","TRAD","2026-09-08T15:13:04Z","","CR","","I","TRUE","2026-09-08T15:13:04Z","2026-09-09","2031-06-20","","FALSE","BBSF","FALSE","TRUE","","250,000,000+","","USD","","","","","","","","","","","","","","","","","","","","","","","","","0.01","","","","","","0.005019","","","","","","false","","","3","","","A004","","","","","","","","5886549.92000","MNTH","","","","3","","","","UFRO","USD","","","","","false","1","","","","","","","","","","FALSE","","","","","","","","","QZ3WVVQG5T8K","NA/CDS Corp Idx","CDX.NA.IG"
"5193451570000000101","","NEWT","TRAD","2026-09-08T17:33:30Z","","CR","","N","FALSE","2026-09-08T17:33:30Z","2026-09-09","2056-12-15","","FALSE","BILT","FALSE","FALSE","FALSE","5,000,000","","USD","","","","","","","","","","","","","","","","","","","","","","","","","0.03","","","","","","","","","","","","false","","","","","","A004","","","","","","","","755104.17000","MNTH","","","","1","","","","UFRO","USD","USD","","","","false","1","","","","","","","","","","FALSE","","","","","","","","","QZ51QNNKSSZL","NA/CDS Corp Idx","CMBX.NA.BBB-"
"5190607012000000201","4340626426000000101","TERM","NOVA","2026-09-08T16:35:06Z","","CR","","","","2026-07-22T16:03:27Z","2026-07-22","2026-10-21","","","","","","FALSE","","","","","","","","","","","","","","","","","","","","","","","","","","","","0.01","","","","","","","","","","","","","","","","","","","","","","","","","","","","","","","","","","","","","","","","","","","","","","","","","","","","","","","","","","","","","QZT4QS79CCTS","NA/CDS Idx Swt","NA/CDS Corp Idx"
"5190212827000000101","","NEWT","TRAD","2026-09-08T16:12:38Z","","CR","","N","FALSE","2026-09-08T16:12:38Z","2026-09-09","2026-11-18","2031-06-20","FALSE","BILT","FALSE","FALSE","TRUE","400,000,000+","","USD","","","","","","","","","","","","","","","","","","","","","","","","2026-11-18","0.01","","468,002.6325","USD","","","","","","","55","USD","false","","","","","1","A004","","","","","","","","","MNTH","","","","3","","","","","","","","","","false","","","","","","","","","","","FALSE","","","","","","","","","QZ7WW76RFHN3","NA/CDS Idx Swt","NA/CDS Corp Idx"
"5189496038000000101","","NEWT","TRAD","2026-09-08T15:14:17Z","","CR","","I","TRUE","2026-09-08T15:14:17Z","2026-09-09","2031-06-20","","FALSE","BBSF","FALSE","FALSE","","11,000,000","","EUR","","","","","","","","","","","","","","","","","","","","","","","","","0.01","","","","","","0.00514683","","","","","","false","","","3","","","A004","","","","","","","","260242.00925","MNTH","","","","3","","","","UFRO","EUR","","","","","false","1","","","","","","","","","","FALSE","","","","","","","","","QZTQ4GTC5QMF","NA/CDS Corp Idx","ITRAXX EUROPE"
"5189396806000000101","","NEWT","TRAD","2026-09-08T14:58:15Z","","CR","","I","TRUE","2026-09-08T14:58:15Z","2026-09-09","2031-06-20","","FALSE","BBSF","FALSE","FALSE","","15,000,000","","USD","","","","","","","","","","","","","","","","","","","","","","","","","0.05","","","","","","0.01078391","","","","","","false","","","3","","","A004","","","","","","","","1313639.37000","MNTH","","","","3","","","","UFRO","USD","","","","","false","0.98","","","","","","","","","","FALSE","","","","","","","","","QZNKTC8Z3Q57","NA/CDS Corp Idx","CDX.NA.HY"
"5189405581000000101","","NEWT","TRAD","2026-09-08T14:56:57Z","","CR","","I","TRUE","2026-09-08T14:56:57Z","2026-03-20","2031-06-20","","","BILT","FALSE","FALSE","FALSE","10,000,000","","EUR","","","","","","","","","","","","","","","","","","","","","","","","","0.05","","","","","","","","","","","","false","","","","","","A004","","","","","","","","1131843.00000","MNTH","","","","3","","","","UFRO","EUR","","","","","false","1","","","","","","","","","","FALSE","","","","","","","","","QZ3HM9KVK2WL","NA/CDS Corp Idx","ITRAXX EUROPE CROSSOVER"
"5189423074000000101","","NEWT","TRAD","2026-09-08T15:02:37Z","","CR","","I","FALSE","2026-09-08T15:02:37Z","2026-09-09","2031-06-20","","","TWSF","FALSE","FALSE","","3,000,000","","EUR","","","","","","","","","","","","","","","","","","","","","","","","","0.01","","","","","","0.005153","","","","","","false","","","3","","","A004","","","","","","","","70891.55000","MNTH","","","","3","","","","UFRO","EUR","","","","","false","1","","","","","","","","","","FALSE","","","","","","","","","QZTQ4GTC5QMF","NA/CDS Corp Idx","ITRAXX EUROPE"
"5189452585000000101","","NEWT","TRAD","2026-09-08T15:07:11Z","","CR","","I","TRUE","2026-09-08T15:07:11Z","2026-09-09","2031-06-20","","FALSE","BBSF","FALSE","FALSE","","6,000,000","","USD","","","","","","","","","","","","","","","","","","","","","","","","","0.01","","","","","","0.005019","","","","","","false","","","3","","","A004","","","","","","","","141277.31773","MNTH","","","","3","","","","UFRO","USD","","","","","false","1","","","","","","","","","","FALSE","","","","","","","","","QZ3WVVQG5T8K","NA/CDS Corp Idx","CDX.NA.IG"
"5189384965000000101","","NEWT","TRAD","2026-09-08T14:56:19Z","","CR","","I","TRUE","2026-09-08T14:56:19Z","2026-09-09","2031-06-20","","","TWSF","FALSE","TRUE","","150,000,000","","EUR","","","","","","","","","","","","","","","","","","","","","","","","","0.01","","","","","","0.005152","","","","","","false","","","3","","","A004","","","","","","","","3545253.64000","MNTH","","","","3","","","","UFRO","EUR","","","","","false","1","","","","","","","","","","FALSE","","","","","","","","","QZTQ4GTC5QMF","NA/CDS Corp Idx","ITRAXX EUROPE"
"5189478463000000101","","NEWT","TRAD","2026-09-08T15:11:17Z","","CR","","I","TRUE","2026-09-08T15:11:17Z","2026-09-09","2031-06-20","","FALSE","BBSF","FALSE","FALSE","","50,000,000","","USD","","","","","","","","","","","","","","","","","","","","","","","","","0.01","","","","","","0.0050242","","","","","","false","","","3","","","A004","","","","","","","","1176174.09000","MNTH","","","","3","","","","UFRO","USD","","","","","false","1","","","","","","","","","","FALSE","","","","","","","","","QZ3WVVQG5T8K","NA/CDS Corp Idx","CDX.NA.IG"
"5189499481000000101","","NEWT","TRAD","2026-09-08T15:14:46Z","","CR","","I","TRUE","2026-09-08T15:14:46Z","2026-03-20","2031-06-20","","FALSE","TPSE","FALSE","FALSE","","10,000,000","","USD","","","","","","","","","","","","","","","","","","","","","","","","","0.05","","","","","","107.84","","USD","","","","false","","","1","","","A004","","","","","","","","","MNTH","","","","3","","","","","","USD","","","","false","0.98","","","","","","","OTHR","","","FALSE","","","","","","","","","QZNKTC8Z3Q57","NA/CDS Corp Idx","CDX.NA.HY"
"5188661694000000101","","NEWT","TRAD","2026-09-08T13:22:11Z","","CR","","N","FALSE","2026-09-08T13:22:11Z","2026-09-08","2030-12-20","","FALSE","BILT","FALSE","FALSE","FALSE","3,000,000","","EUR","","","","","","","","","","","","","","","","","","","","","","","","","0.05","","","","","","","","","","","","false","","","","","","A004","","","","","","","","1027583.32800","MNTH","","","","3","","","","UFRO","EUR","","","","","false","1","","","","","","","","","","FALSE","","","","","","","","","QZB5DPT9MS3H","NA/CDS Corp Idx Tra","ITRAXX EUROPE CROSSOVER"
"5188715678000000101","","NEWT","TRAD","2026-09-08T13:32:09Z","","CR","","I","TRUE","2026-09-08T13:32:09Z","2026-09-09","2031-06-20","","FALSE","BBSF","FALSE","FALSE","","30,000,000","","USD","","","","","","","","","","","","","","","","","","","","","","","","","0.05","","","","","","0.01078625","","","","","","false","","","3","","","A004","","","","","","","","2634158.33000","MNTH","","","","3","","","","UFRO","USD","","","","","false","0.98","","","","","","","","","","FALSE","","","","","","","","","QZNKTC8Z3Q57","NA/CDS Corp Idx","CDX.NA.HY"
"5188734568000000401","","NEWT","TRAD","2026-09-08T13:33:07Z","","CR","","I","TRUE","2026-09-08T13:33:07Z","2026-09-09","2031-06-20","","FALSE","BBSF","FALSE","FALSE","","20,000,000","","EUR","","","","","","","","","","","","","","","","","","","","","","","","","0.05","","","","","","0.0250266","","","","","","false","","","3","","","A004","","","","","","","","2265785.35000","MNTH","","","","3","","","","UFRO","EUR","","","","","false","1","","","","","","","","","","FALSE","","","","","","","","","QZ3HM9KVK2WL","NA/CDS Corp Idx","ITRAXX EUROPE CROSSOVER"
"5188410382000001301","","NEWT","TRAD","2026-09-08T13:06:38Z","","CR","","N","FALSE","2026-09-08T13:06:38Z","2026-09-08","2026-10-21","2031-06-20","FALSE","BILT","FALSE","FALSE","TRUE","400,000,000+","","USD","","","","","","","","","","","","","","","","","","","","","","","","2026-10-21","0.01","","470,397.06","USD","","","","","","","0.00525","","false","","","","","3","A004","","","","","","","","","MNTH","","","","3","","","","","","","","","","false","1","","","","","","","","","","FALSE","","","","","","","","","QZ7WW76RFHN3","NA/CDS Idx Swt","NA/CDS Corp Idx"
"5188775947000000201","","NEWT","TRAD","2026-09-08T13:37:20Z","","CR","","I","TRUE","2026-09-08T13:37:20Z","2026-09-09","2031-06-20","","","TWSF","FALSE","FALSE","","50,000,000","","USD","","","","","","","","","","","","","","","","","","","","","","","","","0.01","","","","","","0.0050149","","","","","","false","","","3","","","A004","","","","","","","","1178205.63000","MNTH","","","","3","","","","UFRO","USD","","","","","false","1","","","","","","","","","","FALSE","","","","","","","","","QZ3WVVQG5T8K","NA/CDS Corp Idx","CDX.NA.IG"
"5188797239000000201","","NEWT","TRAD","2026-09-08T13:39:33Z","","CR","","I","TRUE","2026-09-08T13:39:33Z","2026-09-09","2031-06-20","","","TWSF","FALSE","FALSE","","10,000,000","","EUR","","","","","","","","","","","","","","","","","","","","","","","","","0.01","","","","","","0.00514775","","","","","","false","","","3","","","A004","","","","","","","","236541.76000","MNTH","","","","3","","","","UFRO","EUR","","","","","false","1","","","","","","","","","","FALSE","","","","","","","","","QZTQ4GTC5QMF","NA/CDS Corp Idx","ITRAXX EUROPE"
"5188794256000000101","","NEWT","TRAD","2026-09-08T13:39:16Z","","CR","","I","TRUE","2026-09-08T13:39:16Z","2026-09-09","2031-06-20","","","TWSF","FALSE","FALSE","","10,000,000","","EUR","","","","","","","","","","","","","","","","","","","","","","","","","0.05","","","","","","0.0250366","","","","","","false","","","3","","","A004","","","","","","","","1132444.17000","MNTH","","","","3","","","","UFRO","EUR","","","","","false","1","","","","","","","","","","FALSE","","","","","","","","","QZ3HM9KVK2WL","NA/CDS Corp Idx","ITRAXX EUROPE CROSSOVER"
"5188487542000000101","5188480334000000301","CORR","","2026-09-08T13:13:07Z","","CR","","N","FALSE","2026-09-08T13:13:07Z","2026-03-20","2031-06-20","","FALSE","BILT","FALSE","FALSE","TRUE","50,000,000+","","USD","","","","","","","","","","","","","","","","","","","","","","","","","0.01","","","","","","","","","","","","false","","","","","","A004","","","","","","","","660277.78000","MNTH","","","","3","","","","UFRO","USD","","","","","false","1","","","","","","","","","","FALSE","","","","","","","","","QZ39BZSFH68L","NA/CDS Sov Idx","CDX.EM"
"5188824831000000101","","NEWT","TRAD","2026-09-08T13:42:53Z","","CR","","I","TRUE","2026-09-08T13:42:53Z","2026-09-09","2031-06-20","","FALSE","BBSF","FALSE","FALSE","","25,000,000","","USD","","","","","","","","","","","","","","","","","","","","","","","","","0.05","","","","","","0.01078423","","","","","","false","","","3","","","A004","","","","","","","","2190182.94000","MNTH","","","","3","","","","UFRO","USD","","","","","false","0.98","","","","","","","","","","FALSE","","","","","","","","","QZNKTC8Z3Q57","NA/CDS Corp Idx","CDX.NA.HY"
"5188588738000000101","5188575915000000101","CORR","","2026-09-08T13:21:27Z","","CR","","N","FALSE","2026-09-08T13:21:27Z","2026-09-09","2026-11-18","2031-06-20","FALSE","BILT","FALSE","FALSE","TRUE","400,000,000+","","USD","","","","","","","","","","","","","","","","","","","","","","","","2026-11-18","0.01","","160,000","USD","","","","","","","70","USD","false","","","","","1","A004","","","","","","","","","MNTH","","","","3","","","","","","","","","","false","","","","","","","","","","","TRUE","9.9999999999","","3","","","","","","QZ7WW76RFHN3","NA/CDS Idx Swt","NA/CDS Corp Idx"
"5188638567000000101","","NEWT","TRAD","2026-09-08T13:22:56Z","","CR","","N","FALSE","2026-09-08T13:22:56Z","2026-06-20","2032-12-20","","FALSE","BILT","FALSE","FALSE","TRUE","3,000,000","","EUR","","","","","","","","","","","","","","","","","","","","","","","","","0.05","","","","","","","","","","","","false","","","","","","A004","","","","","","","","","MNTH","","","","3","","","","","","EUR","","","","true","","","","","","","","","","","FALSE","","","","","","","","","QZ2989D7H87S","NA/CDS Corp Basket","Basket"
"5188956233000000101","","NEWT","TRAD","2026-09-08T13:54:56Z","","CR","","I","TRUE","2026-09-08T13:54:56Z","2026-09-09","2031-06-20","","FALSE","BBSF","FALSE","FALSE","","25,000,000","","EUR","","","","","","","","","","","","","","","","","","","","","","","","","0.05","","","","","","0.0250725","","","","","","false","","","3","","","A004","","","","","","","","2827085.81000","MNTH","","","","3","","","","UFRO","EUR","","","","","false","1","","","","","","","","","","FALSE","","","","","","","","","QZ3HM9KVK2WL","NA/CDS Corp Idx","ITRAXX EUROPE CROSSOVER"
"5188957290000000101","","NEWT","TRAD","2026-09-08T13:55:14Z","","CR","","I","TRUE","2026-09-08T13:55:14Z","2026-09-09","2031-06-20","","FALSE","BBSF","FALSE","FALSE","","10,000,000","","USD","","","","","","","","","","","","","","","","","","","","","","","","","0.05","","","","","","0.01078518","","","","","","false","","","3","","","A004","","","","","","","","877004.18000","MNTH","","","","3","","","","UFRO","USD","","","","","false","0.98","","","","","","","","","","FALSE","","","","","","","","","QZNKTC8Z3Q57","NA/CDS Corp Idx","CDX.NA.HY"
"5188986253000000201","","NEWT","TRAD","2026-09-08T13:58:58Z","","CR","","I","FALSE","2026-09-08T13:58:58Z","2026-09-09","2031-06-20","","","TWSF","FALSE","FALSE","","10,000,000","","USD","","","","","","","","","","","","","","","","","","","","","","","","","0.01","","","","","","0.008905","","","","","","false","","","3","","","A004","","","","","","","","68187.31000","MNTH","","","","3","","","","UFRO","USD","","","","","false","1","","","","","","","","","","FALSE","","","","","","","","","QZM3MHZDLX1M","NA/CDS Corp Idx","CDX.FINANCIALS"
"5188999650000000101","","NEWT","TRAD","2026-09-08T14:00:47Z","","CR","","I","TRUE","2026-09-08T14:00:47Z","2026-09-09","2031-06-20","","FALSE","BBSF","FALSE","FALSE","","9,000,000","","EUR","","","","","","","","","","","","","","","","","","","","","","","","","0.01","","","","","","0.005152","","","","","","false","","","3","","","A004","","","","","","","","212715.78201","MNTH","","","","3","","","","UFRO","EUR","","","","","false","1","","","","","","","","","","FALSE","","","","","","","","","QZTQ4GTC5QMF","NA/CDS Corp Idx","ITRAXX EUROPE"
"5189012592000000101","","NEWT","TRAD","2026-09-08T14:02:14Z","","CR","","I","TRUE","2026-09-08T14:02:14Z","2026-09-09","2031-06-20","","","TWSF","FALSE","FALSE","","50,000,000","","USD","","","","","","","","","","","","","","","","","","","","","","","","","0.01","","","","","","0.0050184","","","","","","false","","","3","","","A004","","","","","","","","1177441.05000","MNTH","","","","3","","","","UFRO","USD","","","","","false","1","","","","","","","","","","FALSE","","","","","","","","","QZ3WVVQG5T8K","NA/CDS Corp Idx","CDX.NA.IG"
"5189023683000000101","","NEWT","TRAD","2026-09-08T14:03:12Z","","CR","","I","TRUE","2026-09-08T14:03:12Z","2026-09-09","2031-06-20","","FALSE","BBSF","FALSE","FALSE","","80,000,000","","USD","","","","","","","","","","","","","","","","","","","","","","","","","0.01","","","","","","0.00501805","","","","","","false","","","3","","","A004","","","","","","","","1884028.01000","MNTH","","","","3","","","","UFRO","USD","","","","","false","1","","","","","","","","","","FALSE","","","","","","","","","QZ3WVVQG5T8K","NA/CDS Corp Idx","CDX.NA.IG"
"5189039162000000101","","NEWT","TRAD","2026-09-08T14:05:05Z","","CR","","I","FALSE","2026-09-08T14:05:05Z","2026-09-09","2031-06-20","","","TWSF","FALSE","FALSE","","3,000,000","","USD","","","","","","","","","","","","","","","","","","","","","","","","","0.05","","","","","","0.01078503","","","","","","false","","","3","","","A004","","","","","","","","263056.89250","MNTH","","","","3","","","","UFRO","USD","","","","","false","0.98","","","","","","","","","","FALSE","","","","","","","","","QZNKTC8Z3Q57","NA/CDS Corp Idx","CDX.NA.HY"
"5189079196000000101","","NEWT","TRAD","2026-09-08T14:10:53Z","","CR","","I","TRUE","2026-09-08T14:10:53Z","2026-09-09","2031-06-20","","FALSE","BBSF","FALSE","FALSE","","35,000,000","","USD","","","","","","","","","","","","","","","","","","","","","","","","","0.05","","","","","","0.0107845","","","","","","false","","","3","","","A004","","","","","","","","3067182.22000","MNTH","","","","3","","","","UFRO","USD","","","","","false","0.98","","","","","","","","","","FALSE","","","","","","","","","QZNKTC8Z3Q57","NA/CDS Corp Idx","CDX.NA.HY"
"5193267727000000101","","NEWT","TRAD","2026-09-08T19:29:10Z","","CR","","I","TRUE","2026-09-08T19:29:10Z","2026-09-09","2031-06-20","","FALSE","BBSF","FALSE","TRUE","","76,000,000+","","USD","","","","","","","","","","","","","","","","","","","","","","","","","0.05","","","","","","0.010782","","","","","","false","","","3","","","A004","","","","","","","","6641612.65221","MNTH","","","","3","","","","UFRO","USD","","","","","false","0.98","","","","","","","","","","TRUE","","","","0.010782","","3","","","QZNKTC8Z3Q57","NA/CDS Corp Idx","CDX.NA.HY"
"5193595937000000101","","NEWT","TRAD","2026-09-08T18:23:00Z","","CR","","N","FALSE","2026-09-08T18:23:00Z","2026-09-09","2028-12-20","","TRUE","BILT","FALSE","FALSE","TRUE","15,000,000","","USD","","","","","","","","","","","","","","","","","","","","","","","","","0.01","","","","","","","","","","","","false","","","","","","A004","","","","","","","","1308083.33000","MNTH","","","","3","","","","UFRO","USD","","","","","false","1","","","","","","","","","","FALSE","","","","","","","","","QZ2XLSQZXFS5","NA/CDS Corp Idx Tra","CDX.NA.IG"
"5195357191000000101","","NEWT","TRAD","2026-09-08T20:53:27Z","","CR","","I","TRUE","2026-09-08T20:53:27Z","2026-09-09","2031-06-20","","FALSE","BBSF","FALSE","FALSE","","10,000,000","","USD","","","","","","","","","","","","","","","","","","","","","","","","","0.01","","","","","","0.00504","","","","","","false","","","3","","","A004","","","","","","","","234544.60000","MNTH","","","","3","","","","UFRO","USD","","","","","false","1","","","","","","","","","","FALSE","","","","","","","","","QZ3WVVQG5T8K","NA/CDS Corp Idx","CDX.NA.IG"
"5194881382000000101","5194758548000000101","CORR","","2026-09-08T20:31:01Z","","CR","","N","FALSE","2026-09-08T16:16:06Z","2026-03-20","2031-06-20","2031-06-20","FALSE","XOFF","FALSE","FALSE","TRUE","160,000,000","","USD","","","","","","","","","","","","","","","","","","","","","","","","2027-01-20","0.01","","167,200","USD","","","","","","","70","","false","","","","","3","A004","","","","","","","","","MNTH","","","","3","","","","","","","","","","false","","","","","","","","","","","FALSE","","","","","","","","","QZPHWDSZ4TSJ","NA/CDS Idx Swt","NA/CDS Corp Idx"
"5195557891000000101","5195551802000000101","MODI","TRAD","2026-09-08T21:01:59Z","TRUE","CR","","I","TRUE","2026-09-08T21:01:11Z","2026-03-20","2031-06-20","","FALSE","TPSE","FALSE","FALSE","","5,000,000","","USD","","","","","","","","","","","","","","","","","","","","","","","","","0.05","","","","","","107.78","","USD","","","","false","","","1","","","A004","","","","","","","","","MNTH","","","","3","","","","","","USD","","","","false","0.98","","","","","","","OTHR","","","FALSE","","","","","","","","","QZNKTC8Z3Q57","NA/CDS Corp Idx","CDX.NA.HY"
"5175454408000000101","","NEWT","TRAD","2026-09-08T07:08:26Z","","CR","","I","TRUE","2026-09-08T07:08:26Z","2026-09-09","2031-06-20","","FALSE","BBSF","FALSE","TRUE","","46,461,605+","","EUR","","","","","","","","","","","","","","","","","","","","","","","","","0.05","","","","","","0.024985","","","","","","false","","","3","","","A004","","","","","","","","5272259.60791","MNTH","","","","3","","","","UFRO","EUR","","","","","false","1","","","","","","","","","","FALSE","","","","","","","","","QZ3HM9KVK2WL","NA/CDS Corp Idx","ITRAXX EUROPE CROSSOVER"
"5176479537000000101","","NEWT","TRAD","2026-09-08T07:30:33Z","","CR","","I","TRUE","2026-09-08T07:30:33Z","2026-09-09","2031-06-20","","FALSE","BBSF","FALSE","FALSE","","6,000,000","","EUR","","","","","","","","","","","","","","","","","","","","","","","","","0.05","","","","","","0.025","","","","","","false","","","3","","","A004","","","","","","","","680451.51000","MNTH","","","","3","","","","UFRO","EUR","","","","","false","1","","","","","","","","","","TRUE","","","","0.025","","3","","","QZ3HM9KVK2WL","NA/CDS Corp Idx","ITRAXX EUROPE CROSSOVER"
"5190588684000000101","","NEWT","NOVA","2026-09-08T16:33:03Z","","CR","","N","FALSE","2026-09-08T16:33:03Z","2026-09-08","2026-10-21","2031-06-20","FALSE","BILT","FALSE","FALSE","TRUE","400,000,000+","","USD","","","","","","","","","","","","","","","","","","","","","","","","2026-10-21","0.01","","0","","","","","","","","0.0065","","false","","","","","3","A004","","","","","","","","","MNTH","","","","3","","","","","","","","","","false","1","","","","","","","","","","FALSE","","","","","","","","","QZT4QS79CCTS","NA/CDS Idx Swt","NA/CDS Corp Idx"
"5190914770000000102","","NEWT","TRAD","2026-09-08T17:02:31Z","","CR","","I","TRUE","2026-09-08T17:02:31Z","2026-03-20","2031-06-20","","FALSE","TPSE","FALSE","FALSE","","10,000,000","","USD","","","","","","","","","","","","","","","","","","","","","","","","","0.05","","","","","","107.855","","USD","","","","false","","","1","","","A004","","","","","","","","","MNTH","","","","3","","","","","","USD","","","","false","0.98","","","","","","","OTHR","","","FALSE","","","","","","","","","QZNKTC8Z3Q57","NA/CDS Corp Idx","CDX.NA.HY"
"5190778132000000101","","NEWT","TRAD","2026-09-02T19:48:56Z","","CR","","N","FALSE","2026-09-02T19:48:56Z","2026-09-02","2031-08-31","2031-08-31","TRUE","BILT","FALSE","FALSE","TRUE","4,000,000","","USD","","","","","","","","","","","","","","","","","","","","","","","","","","","","","","","2","","","","","","false","","","4","","","","","A004","","DAIL","","1","","","","","","","","","","","","","USD","","","","false","","","","","","","","OPET","","","FALSE","","","","","","","","","QZFKP2JFFTMP","NA/CDS Corp Oth Sr","DTD 11/15/2022"
"5190777762000000201","","NEWT","NOVA","2026-09-03T17:59:18Z","","CR","","N","FALSE","2026-09-03T17:59:08Z","2022-05-17","2064-11-18","2064-11-18","FALSE","BILT","FALSE","FALSE","FALSE","390,000","","USD","","","","","","","","","","","","","","","","","","","","","","","","","0.02","","","","","","","","","","","","false","","","","","","A004","","","","","","","","","","","","","","","","","","","","","","","false","1","","","","","","","","","","FALSE","","","","","","","","","QZ41VJ08XMM9","NA/CDS Corp Idx","CMBX.NA.A"
"5190865376000000901","3482595796000000701","MODI","TRAD","2026-09-04T12:23:29Z","FALSE","CR","","N","FALSE","2026-06-03T16:59:08Z","2026-09-05","2065-10-15","2065-10-15","TRUE","BILT","FALSE","FALSE","TRUE","9,000,000","","USD","","","","","","","","","","","","","","","","","","","","","","","","","","","","","","","","","","","","","false","","","","","","","","A004","","DAIL","","1","","5245.07335","","","","","","","","","UFRO","USD","USD","","","","true","","","","","","","","OPET","","","FALSE","","","","","","","","","QZWBC8GZ8TBN","NA/CDS Corp Oth","Basket"
"5190864558000000101","","NEWT","TRAD","2026-09-08T16:57:23Z","","CR","","I","FALSE","2026-09-08T16:57:23Z","2026-03-20","2031-06-20","","FALSE","TPSE","FALSE","FALSE","","10,000,000","","USD","","","","","","","","","","","","","","","","","","","","","","","","","0.01","","","","","","98.475","","USD","","","","false","","","1","","","A004","","","","","","","","","MNTH","","","","3","","","","","","USD","","","","false","1","","","","","","","OTHR","","","FALSE","","","","","","","","","QZ4JMQKL3P03","NA/CDS Corp Idx","CDX.EM"
"5190744054000000101","5118529463000000101","MODI","NOVA","2026-09-08T16:44:53Z","TRUE","CR","","N","FALSE","2026-09-03T15:26:51Z","2026-03-20","2026-11-18","","FALSE","BILT","FALSE","FALSE","TRUE","250,000,000","","USD","","","","","","","","","","","","","","","","","","","","","","","","2026-11-18","0.0055","","945,000","USD","","","","","","","0.55","","false","","","","","3","A004","","","","","","","","","MNTH","","","","3","","","","","","","","","","false","","","","","","","","","","","FALSE","","","","","","","","","QZ7WW76RFHN3","NA/CDS Idx Swt","NA/CDS Corp Idx"
"5191211863000000101","5191050939000000101","TERM","ETRM","2026-09-08T17:09:06Z","","CR","","N","","2026-09-08T17:09:06Z","2026-03-20","2031-06-20","","FALSE","BILT","FALSE","","FALSE","2,000,000","","USD","","","","","","","","","","","","","","","","","","","","","","","","","0.01","","","","","","","","","","","","false","","","","","","","","","","","","","","26111.04614","","","","","","","","","UFRO","USD","","","","","false","1","","","","","","","","","","FALSE","","","","","","","","","QZ39BZSFH68L","NA/CDS Sov Idx","CDX.EM"
"5191480093000000101","","NEWT","TRAD","2026-09-08T17:27:13Z","","CR","","I","TRUE","2026-09-08T17:27:13Z","2026-09-09","2031-06-20","","FALSE","BBSF","FALSE","FALSE","","50,000,000","","USD","","","","","","","","","","","","","","","","","","","","","","","","","0.01","","","","","","0.00501888","","","","","","false","","","3","","","A004","","","","","","","","1177336.20000","MNTH","","","","3","","","","UFRO","USD","","","","","false","1","","","","","","","","","","FALSE","","","","","","","","","QZ3WVVQG5T8K","NA/CDS Corp Idx","CDX.NA.IG"
"5191247966000000101","","NEWT","TRAD","2026-09-08T17:17:10Z","","CR","","I","TRUE","2026-09-08T17:17:10Z","2026-09-09","2031-06-20","","FALSE","BBSF","FALSE","TRUE","","73,000,000","","USD","","","","","","","","","","","","","","","","","","","","","","","","","0.05","","","","","","0.010785","","","","","","false","","","3","","","A004","","","","","","","","6400864.78169","MNTH","","","","3","","","","UFRO","USD","","","","","false","0.98","","","","","","","","","","TRUE","","","","-0.0000315","","3","","","QZNKTC8Z3Q57","NA/CDS Corp Idx","CDX.NA.HY"
"5191339849000000101","","NEWT","TRAD","2026-09-08T17:21:21Z","","CR","","I","TRUE","2026-09-08T17:21:21Z","2026-09-09","2027-12-20","","FALSE","BBSF","FALSE","TRUE","","200,000,000","","USD","","","","","","","","","","","","","","","","","","","","","","","","","0.05","","","","","","0.010399","","","","","","false","","","3","","","A004","","","","","","","","9665722.22000","MNTH","","","","3","","","","UFRO","USD","","","","","false","0.95","","","","","","","","","","TRUE","","","","-0.000211","","3","","","QZJ9LJL47RFL","NA/CDS Corp Idx","CDX.NA.HY"
"5191157835000000101","","NEWT","TRAD","2026-09-08T17:11:44Z","","CR","","N","FALSE","2026-09-08T17:11:44Z","2026-09-08","2027-01-20","2031-06-20","FALSE","BILT","FALSE","FALSE","TRUE","250,000,000","","USD","","","","","","","","","","","","","","","","","","","","","","","","2027-01-20","0.01","","168,750","USD","","","","","","","0.008","","false","","","","","3","A004","","","","","","","","","MNTH","","","","3","","","","","","","","","","false","1","","","","","","","","","","FALSE","","","","","","","","","QZT4QS79CCTS","NA/CDS Idx Swt","NA/CDS Corp Idx"
"5191248547000000201","2236403495000000801","MODI","TRAD","2026-09-08T17:13:12Z","TRUE","CR","","N","FALSE","2026-09-04T22:34:00Z","2026-03-03","2027-12-20","","FALSE","BILT","FALSE","FALSE","TRUE","3,000,000","","USD","","","","","","","","","","","","","","","","","","","","","","","","","0.05","","","","","","","","","","","","false","","","","","","A004","","","","","","","","268416.67000","MNTH","","","","3","","","","UFRO","USD","","","","","false","0.95","","","","","","","","","","FALSE","","","","","","","","","QZJDTC3FV7NJ","NA/CDS Mun Idx Tra","CDX.NA.HY"
"5191173050000000101","2236403499000001201","MODI","TRAD","2026-09-08T17:13:22Z","TRUE","CR","","N","FALSE","2026-09-04T22:33:52Z","2026-03-03","2026-12-20","","FALSE","BILT","FALSE","FALSE","TRUE","100,000","","USD","","","","","","","","","","","","","","","","","","","","","","","","","0.05","","","","","","","","","","","","false","","","","","","A004","","","","","","","","6682.88000","MNTH","","","","3","","","","UFRO","USD","","","","","false","0.94","","","","","","","","","","FALSE","","","","","","","","","QZZZP5HMNGBJ","NA/CDS Mun Idx Tra","CDX.NA.HY"
"5191234204000000501","2236403494000000701","MODI","TRAD","2026-09-08T17:14:06Z","TRUE","CR","","N","FALSE","2026-09-04T22:33:54Z","2026-03-03","2026-12-20","","FALSE","BILT","FALSE","FALSE","TRUE","500,000","","USD","","","","","","","","","","","","","","","","","","","","","","","","","0.05","","","","","","","","","","","","false","","","","","","A004","","","","","","","","36702.18000","MNTH","","","","3","","","","UFRO","USD","","","","","false","0.94","","","","","","","","","","FALSE","","","","","","","","","QZZZP5HMNGBJ","NA/CDS Mun Idx Tra","CDX.NA.HY"
"5191248548000000301","2863325614000001501","MODI","TRAD","2026-09-08T17:13:56Z","TRUE","CR","","N","FALSE","2026-09-04T22:33:38Z","2026-02-15","2027-12-20","","FALSE","BILT","FALSE","FALSE","TRUE","10,000,000","","USD","","","","","","","","","","","","","","","","","","","","","","","","","0.05","","","","","","","","","","","","false","","","","","","A004","","","","","","","","5470718.75000","MNTH","","","","3","","","","UFRO","USD","","","","","false","0.95","","","","","","","","","","FALSE","","","","","","","","","QZJDTC3FV7NJ","NA/CDS Mun Idx Tra","CDX.NA.HY"
"5191339902000000101","2236403502000001501","MODI","TRAD","2026-09-08T17:14:04Z","TRUE","CR","","N","FALSE","2026-09-04T22:34:01Z","2026-03-03","2026-12-20","","FALSE","BILT","FALSE","FALSE","TRUE","4,000,000","","USD","","","","","","","","","","","","","","","","","","","","","","","","","0.05","","","","","","","","","","","","false","","","","","","A004","","","","","","","","257653.98128","MNTH","","","","3","","","","UFRO","USD","","","","","false","0.94","","","","","","","","","","FALSE","","","","","","","","","QZZZP5HMNGBJ","NA/CDS Mun Idx Tra","CDX.NA.HY"
"5191339262000000201","2863325614000001501","MODI","TRAD","2026-09-08T17:14:23Z","TRUE","CR","","N","FALSE","2026-09-04T22:33:38Z","2026-02-15","2027-12-20","","FALSE","BILT","FALSE","FALSE","TRUE","10,000,000","","USD","","","","","","","","","","","","","","","","","","","","","","","","","0.05","","","","","","","","","","","","false","","","","","","A004","","","","","","","","5470718.75000","MNTH","","","","3","","","","UFRO","USD","","","","","false","0.95","","","","","","","","","","FALSE","","","","","","","","","QZJDTC3FV7NJ","NA/CDS Mun Idx Tra","CDX.NA.HY"
"5191319300000000201","2863325611000001201","MODI","TRAD","2026-09-08T17:14:56Z","TRUE","CR","","N","FALSE","2026-09-04T22:33:41Z","2026-02-15","2028-12-20","","FALSE","BILT","FALSE","FALSE","TRUE","20,000,000","","USD","","","","","","","","","","","","","","","","","","","","","","","","","0.05","","","","","","","","","","","","false","","","","","","A004","","","","","","","","13533333.33000","MNTH","","","","3","","","","UFRO","USD","","","","","false","0.97","","","","","","","","","","FALSE","","","","","","","","","QZS27VSGPF30","NA/CDS Mun Idx Tra","CDX.NA.HY"
"5191428665000000101","2236403509000002201","MODI","TRAD","2026-09-08T17:15:16Z","TRUE","CR","","N","FALSE","2026-09-04T22:33:49Z","2026-03-03","2026-12-20","","FALSE","BILT","FALSE","FALSE","TRUE","2,000,000","","USD","","","","","","","","","","","","","","","","","","","","","","","","","0.05","","","","","","","","","","","","false","","","","","","A004","","","","","","","","354149.14246","MNTH","","","","3","","","","UFRO","USD","","","","","false","0.94","","","","","","","","","","FALSE","","","","","","","","","QZZZP5HMNGBJ","NA/CDS Mun Idx Tra","CDX.NA.HY"
"5191397710000000101","5148448925000006301","MODI","TRAD","2026-09-08T17:15:19Z","TRUE","CR","","N","FALSE","2026-09-04T22:33:48Z","2025-08-02","2026-12-20","","FALSE","BILT","FALSE","FALSE","TRUE","4,000,000","","USD","","","","","","","","","","","","","","","","","","","","","","","","","0.05","","","","","","","","","","","","false","","","","","","A004","","","","","","","","708298.64625","MNTH","","","","3","","","","UFRO","USD","","","","","false","0.94","","","","","","","","","","FALSE","","","","","","","","","QZZZP5HMNGBJ","NA/CDS Mun Idx Tra","CDX.NA.HY"
"5178086840000000201","","NEWT","TRAD","2026-09-08T08:03:51Z","","CR","","I","TRUE","2026-09-08T08:03:51Z","2026-09-09","2031-06-20","","FALSE","BBSF","FALSE","FALSE","","10,000,000","","EUR","","","","","","","","","","","","","","","","","","","","","","","","","0.05","","","","","","0.025236","","","","","","false","","","3","","","A004","","","","","","","","1123507.95000","MNTH","","","","3","","","","UFRO","EUR","","","","","false","1","","","","","","","","","","FALSE","","","","","","","","","QZ3HM9KVK2WL","NA/CDS Corp Idx","ITRAXX EUROPE CROSSOVER"
"5173133543000000101","4594391754000000201","CORR","","2026-09-08T03:01:03Z","","CR","","N","FALSE","2026-08-05T11:34:26Z","2026-08-11","2026-10-27","","FALSE","BILT","FALSE","FALSE","TRUE","500,000,000","","EGP","","","","","","","","","","","","","","","","","","","","","","","","","0","","","","","","0.0075","","","","","","false","","","3","","3","A005","","","","","","","","","DAIL","","","","1","","","","","","USD","USD","","","false","","","","","","","","","","","FALSE","","","","","","","","","QZZGHT313C6G","NA/CDS Corp SN","No name obtainable"
"5173059622000000101","","NEWT","TRAD","2026-09-08T02:16:43Z","","CR","","I","FALSE","2026-09-08T02:16:43Z","2026-09-09","2031-06-20","","","TWSF","FALSE","FALSE","","1,000,000","","USD","","","","","","","","","","","","","","","","","","","","","","","","","0.01","","","","","","0.0066","","","","","","false","","","3","","","A004","","","","","","","","16680.59000","MNTH","","","","3","","","","UFRO","USD","","","","","false","1","","","","","","","","","","FALSE","","","","","","","","","QZD2VPNQ9ZFX","NA/CDS Corp Idx","ITRAXX ASIA EX-JAPAN IG"
"5172833080000000101","5097467046000000201","EROR","","2026-09-08T00:46:07Z","","CR","","I","TRUE","2026-09-02T18:15:50Z","2026-03-20","2031-06-20","","","BILT","FALSE","FALSE","TRUE","50,000,000","","USD","","","","","","","","","","","","","","","","","","","","","","","","","0.05","","","","","","","","","","","","false","","","","","","A004","","","","","","","","4328606.00000","MNTH","","","","3","","","","UFRO","USD","","","","","false","0.98","","","","","","","","","","FALSE","","","","","","","","","QZNKTC8Z3Q57","NA/CDS Corp Idx","CDX.NA.HY"
"5172833821000000101","5119993494000000101","EROR","","2026-09-08T00:46:46Z","","CR","","I","TRUE","2026-09-03T17:00:37Z","2026-03-20","2031-06-20","","","BILT","FALSE","FALSE","FALSE","130,000,000","","USD","","","","","","","","","","","","","","","","","","","","","","","","","0.01","","","","","","","","","","","","false","","","","","","A004","","","","","","","","3050133.84000","MNTH","","","","3","","","","UFRO","USD","","","","","false","1","","","","","","","","","","FALSE","","","","","","","","","QZ3WVVQG5T8K","NA/CDS Corp Idx","CDX.NA.IG"
"5177716832000000101","","NEWT","TRAD","2026-09-08T07:56:37Z","","CR","","I","TRUE","2026-09-08T07:56:37Z","2026-09-09","2031-06-20","","FALSE","BBSF","FALSE","FALSE","","100,000,000","","EUR","","","","","","","","","","","","","","","","","","","","","","","","","0.01","","","","","","0.005175","","","","","","false","","","3","","","A004","","","","","","","","2353139.13000","MNTH","","","","3","","","","UFRO","EUR","","","","","false","1","","","","","","","","","","FALSE","","","","","","","","","QZTQ4GTC5QMF","NA/CDS Corp Idx","ITRAXX EUROPE"
"5174209747000000101","","NEWT","TRAD","2026-09-08T06:24:44Z","","CR","","I","TRUE","2026-09-08T06:24:44Z","2026-09-09","2031-06-20","","FALSE","BBSF","FALSE","FALSE","","15,000,000","","EUR","","","","","","","","","","","","","","","","","","","","","","","","","0.05","","","","","","0.0250383","","","","","","false","","","3","","","A004","","","","","","","","1698551.90000","MNTH","","","","3","","","","UFRO","EUR","","","","","false","1","","","","","","","","","","FALSE","","","","","","","","","QZ3HM9KVK2WL","NA/CDS Corp Idx","ITRAXX EUROPE CROSSOVER"
"5194758548000000101","","NEWT","TRAD","2026-09-08T16:16:06Z","","CR","","N","FALSE","2026-09-08T16:16:06Z","2026-03-20","2031-06-20","2031-06-20","FALSE","XOFF","FALSE","FALSE","TRUE","160,000,000","","USD","","","","","","","","","","","","","","","","","","","","","","","","2027-01-20","0.01","","167,200","USD","","","","","","","70","","false","","","","","3","A004","","","","","","","","","MNTH","","","","3","","","","","","","","","","false","","","","","","","","","","","FALSE","","","","","","","","","QZPHWDSZ4TSJ","NA/CDS Idx Swt","NA/CDS Corp Idx"
"5194221604000000101","","NEWT","TRAD","2026-09-08T20:11:58Z","","CR","","I","TRUE","2026-09-08T20:11:58Z","2026-09-09","2031-06-20","","","TWSF","FALSE","FALSE","","70,000,000","","USD","","","","","","","","","","","","","","","","","","","","","","","","","0.01","","","","","","0.005045","","","","","","false","","","3","","","A004","","","","","","","","1640283.32000","MNTH","","","","3","","","","UFRO","USD","","","","","false","1","","","","","","","","","","FALSE","","","","","","","","","QZ3WVVQG5T8K","NA/CDS Corp Idx","CDX.NA.IG"
"5195154077000000101","","NEWT","TRAD","2026-09-08T20:42:34Z","","CR","","I","TRUE","2026-09-08T20:42:34Z","2026-09-09","2031-06-20","","FALSE","BBSF","FALSE","FALSE","","11,000,000","","USD","","","","","","","","","","","","","","","","","","","","","","","","","0.01","","","","","","0.0050413","","","","","","false","","","3","","","A004","","","","","","","","257936.59000","MNTH","","","","3","","","","UFRO","USD","","","","","false","1","","","","","","","","","","FALSE","","","","","","","","","QZ3WVVQG5T8K","NA/CDS Corp Idx","CDX.NA.IG"
"5177408976000000101","","NEWT","TRAD","2026-09-08T07:50:33Z","","CR","","I","TRUE","2026-09-08T07:50:33Z","2026-09-09","2031-06-20","","FALSE","BBSF","FALSE","FALSE","","5,000,000","","EUR","","","","","","","","","","","","","","","","","","","","","","","","","0.05","","","","","","0.0251221","","","","","","false","","","3","","","A004","","","","","","","","564305.42000","MNTH","","","","3","","","","UFRO","EUR","","","","","false","1","","","","","","","","","","FALSE","","","","","","","","","QZ3HM9KVK2WL","NA/CDS Corp Idx","ITRAXX EUROPE CROSSOVER"
"5177893625000000101","","NEWT","TRAD","2026-09-08T07:58:13Z","FALSE","CR","","I","FALSE","2026-09-08T07:58:13Z","2026-03-20","2031-06-20","","","BGCO","FALSE","FALSE","FALSE","40,000,000","","EUR","","","","","","","","","","","","","","","","","","","","","","","","","0.01","","","","","","","","","","","","false","","","","","","A004","","","","","","","","941256.00000","MNTH","","","","3","","","","UFRO","EUR","","","","","false","1","","","","","","","","","","TRUE","","","","45","","4","","","QZTQ4GTC5QMF","NA/CDS Corp Idx","ITRAXX EUROPE"
"5189850306000000101","","NEWT","TRAD","2026-09-08T15:59:37Z","","CR","","I","FALSE","2026-09-08T15:59:37Z","2026-09-09","2030-12-20","","","TWSF","FALSE","FALSE","","30,000,000","","EUR","","","","","","","","","","","","","","","","","","","","","","","","","0.01","","","","","","0.004668","","","","","","false","","","3","","","A004","","","","","","","","706596.30000","MNTH","","","","3","","","","UFRO","EUR","","","","","false","1","","","","","","","","","","FALSE","","","","","","","","","QZFB31MBHLT9","NA/CDS Corp Idx","ITRAXX EUROPE"
"5189858447000000201","","NEWT","TRAD","2026-09-08T16:00:16Z","","CR","","I","TRUE","2026-09-08T16:00:16Z","2026-09-09","2031-06-20","","FALSE","BBSF","FALSE","FALSE","","50,000,000","","EUR","","","","","","","","","","","","","","","","","","","","","","","","","0.01","","","","","","0.0051539","","","","","","false","","","3","","","A004","","","","","","","","1181323.13000","MNTH","","","","3","","","","UFRO","EUR","","","","","false","1","","","","","","","","","","FALSE","","","","","","","","","QZTQ4GTC5QMF","NA/CDS Corp Idx","ITRAXX EUROPE"
"5189916049000000101","","NEWT","TRAD","2026-09-08T16:02:34Z","","CR","","I","TRUE","2026-09-08T16:02:34Z","2026-09-09","2031-06-20","","FALSE","BBSF","FALSE","FALSE","","5,000,000","","USD","","","","","","","","","","","","","","","","","","","","","","","","","0.01","","","","","","0.0050221","","","","","","false","","","3","","","A004","","","","","","","","117663.28000","MNTH","","","","3","","","","UFRO","USD","","","","","false","1","","","","","","","","","","FALSE","","","","","","","","","QZ3WVVQG5T8K","NA/CDS Corp Idx","CDX.NA.IG"
"5189573146000000301","5189169742000000101","CORR","","2026-09-08T15:25:54Z","","CR","","N","FALSE","2026-09-08T14:24:03Z","2026-09-08","2027-01-20","2031-06-20","FALSE","BILT","FALSE","FALSE","TRUE","400,000,000+","","USD","","","","","","","","","","","","","","","","","","","","","","","","2027-01-20","0.01","","7,208,823.06816","USD","","","","","","","0.01","","false","","","","","3","A004","","","","","","","","","MNTH","","","","3","","","","","","","","","","false","1","","","","","","","","","","FALSE","","","","","","","","","QZ7WW76RFHN3","NA/CDS Idx Swt","NA/CDS Corp Idx"
"5189631944000000101","","NEWT","TRAD","2026-09-08T15:41:20Z","","CR","","I","TRUE","2026-09-08T15:41:20Z","2026-09-09","2031-06-20","","FALSE","BBSF","FALSE","TRUE","","200,000,000","","USD","","","","","","","","","","","","","","","","","","","","","","","","","0.01","","","","","","0.0050195","","","","","","false","","","3","","","A004","","","","","","","","4708807.74841","MNTH","","","","3","","","","UFRO","USD","","","","","false","1","","","","","","","","","","FALSE","","","","","","","","","QZ3WVVQG5T8K","NA/CDS Corp Idx","CDX.NA.IG"
"5189753353000000101","","NEWT","TRAD","2026-09-08T15:55:20Z","","CR","","I","TRUE","2026-09-08T15:55:20Z","2026-09-09","2031-06-20","","","TWSF","FALSE","FALSE","","39,000,000","","EUR","","","","","","","","","","","","","","","","","","","","","","","","","0.01","","","","","","0.0051509","","","","","","false","","","3","","","A004","","","","","","","","921957.78779","MNTH","","","","3","","","","UFRO","EUR","","","","","false","1","","","","","","","","","","FALSE","","","","","","","","","QZTQ4GTC5QMF","NA/CDS Corp Idx","ITRAXX EUROPE"
"5189757093000000101","","NEWT","TRAD","2026-09-08T15:55:39Z","","CR","","I","TRUE","2026-09-08T15:55:39Z","2026-09-09","2031-06-20","","FALSE","BBSF","FALSE","FALSE","","24,000,000","","EUR","","","","","","","","","","","","","","","","","","","","","","","","","0.01","","","","","","0.0051529","","","","","","false","","","3","","","A004","","","","","","","","567145.23746","MNTH","","","","3","","","","UFRO","EUR","","","","","false","1","","","","","","","","","","FALSE","","","","","","","","","QZTQ4GTC5QMF","NA/CDS Corp Idx","ITRAXX EUROPE"
"5190059322000000102","5190051096000000102","MODI","TRAD","2026-09-08T16:06:42Z","TRUE","CR","","I","TRUE","2026-09-08T16:06:11Z","2026-03-20","2031-06-20","","FALSE","TPSE","FALSE","FALSE","","5,000,000","","USD","","","","","","","","","","","","","","","","","","","","","","","","","0.05","","","","","","107.84","","USD","","","","false","","","1","","","A004","","","","","","","","","MNTH","","","","3","","","","","","USD","","","","false","0.98","","","","","","","OTHR","","","FALSE","","","","","","","","","QZNKTC8Z3Q57","NA/CDS Corp Idx","CDX.NA.HY"
"5190215350000000101","","NEWT","TRAD","2026-09-08T16:12:53Z","","CR","","I","TRUE","2026-09-08T16:12:53Z","2026-09-09","2031-06-20","","FALSE","BBSF","FALSE","FALSE","","95,000,000","","USD","","","","","","","","","","","","","","","","","","","","","","","","","0.01","","","","","","0.00502335","","","","","","false","","","3","","","A004","","","","","","","","2235083.54000","MNTH","","","","3","","","","UFRO","USD","","","","","false","1","","","","","","","","","","FALSE","","","","","","","","","QZ3WVVQG5T8K","NA/CDS Corp Idx","CDX.NA.IG"
"5182395381000000101","","NEWT","TRAD","2026-09-08T09:25:58Z","","CR","","I","TRUE","2026-09-08T09:25:58Z","2026-09-09","2031-06-20","","FALSE","BBSF","FALSE","FALSE","","25,000,000","","EUR","","","","","","","","","","","","","","","","","","","","","","","","","0.01","","","","","","0.0051661","","","","","","false","","","3","","","A004","","","","","","","","589287.26000","MNTH","","","","3","","","","UFRO","EUR","","","","","false","1","","","","","","","","","","FALSE","","","","","","","","","QZTQ4GTC5QMF","NA/CDS Corp Idx","ITRAXX EUROPE"
"5181674467000000101","5181662004000000401","MODI","TRAD","2026-09-08T09:11:34Z","TRUE","CR","","I","TRUE","2026-09-08T09:11:17Z","2026-03-20","2031-06-20","","FALSE","TPSE","FALSE","FALSE","","10,000,000","","EUR","","","","","","","","","","","","","","","","","","","","","","","","","0.05","","","","","","0.025175","","","","","","false","","","3","","","A004","","","","","","","","","MNTH","","","","3","","","","","","EUR","","","","false","1","","","","","","","OTHR","","","FALSE","","","","","","","","","QZ3HM9KVK2WL","NA/CDS Corp Idx","ITRAXX EUROPE CROSSOVER"
"5181923519000000101","","NEWT","TRAD","2026-09-08T09:07:29Z","","CR","","N","FALSE","2026-09-08T09:07:29Z","2026-10-21","2026-10-21","2031-06-20","FALSE","BILT","FALSE","FALSE","TRUE","344,160,034+","","EUR","","","","","","","","","","","","","","","","","","","","","","","","2026-10-21","0.01","","191,008.8","EUR","","","","","","","0.006","","false","","","","","3","A004","","","","","","","","","MNTH","","","","3","","","","","","","","","","false","","","","","","","","","","","TRUE","0.000485","","3","","","","","","QZ8Z2HV2KGSW","NA/CDS Idx Swt","NA/CDS Corp Idx"
"5186625796000000101","","NEWT","TRAD","2026-09-08T11:10:32Z","","CR","","I","TRUE","2026-09-08T11:10:32Z","2026-03-20","2031-06-20","","","BILT","FALSE","FALSE","FALSE","10,000,000","","EUR","","","","","","","","","","","","","","","","","","","","","","","","","0.05","","","","","","","","","","","","false","","","","","","A004","","","","","","","","1127360.00000","MNTH","","","","3","","","","UFRO","EUR","","","","","false","1","","","","","","","","","","FALSE","","","","","","","","","QZ3HM9KVK2WL","NA/CDS Corp Idx","ITRAXX EUROPE CROSSOVER"
"5187549907000000101","","NEWT","TRAD","2026-09-08T12:05:01Z","","CR","","I","TRUE","2026-09-08T12:05:01Z","2026-09-09","2031-06-20","","FALSE","BBSF","FALSE","TRUE","","250,000,000+","","USD","","","","","","","","","","","","","","","","","","","","","","","","","0.01","","","","","","0.005034","","","","","","false","","","3","","","A004","","","","","","","","5870167.39000","MNTH","","","","3","","","","UFRO","USD","","","","","false","1","","","","","","","","","","FALSE","","","","","","","","","QZ3WVVQG5T8K","NA/CDS Corp Idx","CDX.NA.IG"
"5184174723000000101","","NEWT","TRAD","2026-09-08T10:00:08Z","","CR","","I","TRUE","2026-09-08T10:00:08Z","2026-09-09","2031-06-20","","FALSE","BBSF","FALSE","FALSE","","10,000,000","","EUR","","","","","","","","","","","","","","","","","","","","","","","","","0.05","","","","","","0.0250998","","","","","","false","","","3","","","A004","","","","","","","","1129610.41000","MNTH","","","","3","","","","UFRO","EUR","","","","","false","1","","","","","","","","","","FALSE","","","","","","","","","QZ3HM9KVK2WL","NA/CDS Corp Idx","ITRAXX EUROPE CROSSOVER"
"5184353782000000101","","NEWT","TRAD","2026-09-08T10:02:45Z","","CR","","I","TRUE","2026-09-08T10:02:45Z","2026-09-09","2031-06-20","","FALSE","BBSF","FALSE","FALSE","","20,000,000","","EUR","","","","","","","","","","","","","","","","","","","","","","","","","0.01","","","","","","0.0051556","","","","","","false","","","3","","","A004","","","","","","","","472376.04000","MNTH","","","","3","","","","UFRO","EUR","","","","","false","1","","","","","","","","","","FALSE","","","","","","","","","QZTQ4GTC5QMF","NA/CDS Corp Idx","ITRAXX EUROPE"
"5187948466000000101","","NEWT","TRAD","2026-09-08T12:39:06Z","","CR","","N","FALSE","2026-09-08T12:39:06Z","2026-03-20","2031-06-20","","FALSE","BILT","FALSE","FALSE","TRUE","50,000,000+","","USD","","","","","","","","","","","","","","","","","","","","","","","","","0.01","","","","","","","","","","","","false","","","","","","A004","","","","","","","","665277.78000","MNTH","","","","3","","","","UFRO","USD","","","","","false","1","","","","","","","","","","FALSE","","","","","","","","","QZ39BZSFH68L","NA/CDS Sov Idx","CDX.EM"
"5178214418000000101","","NEWT","TRAD","2026-09-08T08:07:20Z","","CR","","I","TRUE","2026-09-08T08:07:20Z","2026-09-09","2031-06-20","","","TWSF","FALSE","FALSE","","5,000,000","","EUR","","","","","","","","","","","","","","","","","","","","","","","","","0.05","","","","","","0.0252","","","","","","false","","","3","","","A004","","","","","","","","562562.42005","MNTH","","","","3","","","","UFRO","EUR","","","","","false","1","","","","","","","","","","FALSE","","","","","","","","","QZ3HM9KVK2WL","NA/CDS Corp Idx","ITRAXX EUROPE CROSSOVER"
"5178557970000000101","5168783078000000101","EROR","","2026-09-08T08:14:32Z","","CR","","","","2026-09-01T13:34:21Z","2026-09-01","2026-10-21","","","","","","FALSE","","","","","","","","","","","","","","","","","","","","","","","","","","","","0.01","","","","","","","","","","","","","","","","","","","","","","","","","","","","","","","","","","","","","","","","","","","","","","","","","","","","","","","","","","","","","QZ2L66CGCV9J","NA/CDS Idx Swt","NA/CDS Corp Idx"
"5187985376000000101","5187973751000000201","MODI","TRAD","2026-09-08T12:42:04Z","TRUE","CR","","I","TRUE","2026-09-08T12:41:23Z","2026-03-20","2031-06-20","","FALSE","TPSE","FALSE","FALSE","","10,000,000","","EUR","","","","","","","","","","","","","","","","","","","","","","","","","0.05","","","","","","0.02505","","","","","","false","","","3","","","A004","","","","","","","","","MNTH","","","","3","","","","","","EUR","","","","false","1","","","","","","","OTHR","","","TRUE","","","","0.002956","","3","","","QZ3HM9KVK2WL","NA/CDS Corp Idx","ITRAXX EUROPE CROSSOVER"
"5187980210000000201","","NEWT","TRAD","2026-09-08T12:41:40Z","","CR","","I","TRUE","2026-09-08T12:41:40Z","2026-03-20","2031-06-20","","FALSE","TPSE","FALSE","FALSE","","10,000,000","","EUR","","","","","","","","","","","","","","","","","","","","","","","","","0.05","","","","","","0.02505","","","","","","false","","","3","","","A004","","","","","","","","","MNTH","","","","3","","","","","","EUR","","","","false","1","","","","","","","OTHR","","","TRUE","","","","0.002956","","3","","","QZ3HM9KVK2WL","NA/CDS Corp Idx","ITRAXX EUROPE CROSSOVER"
"5187985378000000301","5187973750000000101","MODI","TRAD","2026-09-08T12:42:04Z","TRUE","CR","","I","TRUE","2026-09-08T12:41:23Z","2025-09-20","2030-12-20","","FALSE","TPSE","FALSE","FALSE","","11,000,000","","EUR","","","","","","","","","","","","","","","","","","","","","","","","","0.05","","","","","","0.022094","","","","","","false","","","3","","","A004","","","","","","","","","MNTH","","","","3","","","","","","EUR","","","","false","1","","","","","","","OTHR","","","TRUE","","","","0.002956","","3","","","QZ5F5FRS4TR9","NA/CDS Corp Idx","ITRAXX EUROPE CROSSOVER"
"5188605485000000101","","NEWT","TRAD","2026-09-08T13:23:45Z","","CR","","I","TRUE","2026-09-08T13:23:45Z","2026-09-09","2031-06-20","","FALSE","BBSF","FALSE","FALSE","","50,000,000","","USD","","","","","","","","","","","","","","","","","","","","","","","","","0.01","","","","","","0.00500955","","","","","","false","","","3","","","A004","","","","","","","","1179374.38000","MNTH","","","","3","","","","UFRO","USD","","","","","false","1","","","","","","","","","","FALSE","","","","","","","","","QZ3WVVQG5T8K","NA/CDS Corp Idx","CDX.NA.IG"
"5187147230000000201","","NEWT","TRAD","2026-09-08T11:35:01Z","","CR","","I","TRUE","2026-09-08T11:35:01Z","2026-09-09","2031-06-20","","FALSE","BBSF","FALSE","TRUE","","46,000,000","","EUR","","","","","","","","","","","","","","","","","","","","","","","","","0.05","","","","","","0.0251591","","","","","","false","","","3","","","A004","","","","","","","","5183978.28320","MNTH","","","","3","","","","UFRO","EUR","","","","","false","1","","","","","","","","","","TRUE","","","","0.002965","","3","","","QZ3HM9KVK2WL","NA/CDS Corp Idx","ITRAXX EUROPE CROSSOVER"
"5187404613000000101","","NEWT","TRAD","2026-09-08T11:50:09Z","","CR","","I","TRUE","2026-09-08T11:50:09Z","2026-09-09","2031-06-20","","FALSE","BBSF","FALSE","FALSE","","15,000,000","","USD","","","","","","","","","","","","","","","","","","","","","","","","","0.05","","","","","","0.010783","","","","","","false","","","3","","","A004","","","","","","","","1312301.67000","MNTH","","","","3","","","","UFRO","USD","","","","","false","0.98","","","","","","","","","","FALSE","","","","","","","","","QZNKTC8Z3Q57","NA/CDS Corp Idx","CDX.NA.HY"
"5187252774000000101","","NEWT","TRAD","2026-09-08T11:38:48Z","","CR","","I","TRUE","2026-09-08T11:38:48Z","2026-09-09","2031-06-20","","FALSE","BBSF","FALSE","TRUE","","250,000,000+","","USD","","","","","","","","","","","","","","","","","","","","","","","","","0.01","","","","","","0.00502","","","","","","false","","","3","","","A004","","","","","","","","5885451.80285","MNTH","","","","3","","","","UFRO","USD","","","","","false","1","","","","","","","","","","FALSE","","","","","","","","","QZ3WVVQG5T8K","NA/CDS Corp Idx","CDX.NA.IG"
"5187532984000000101","","NEWT","TRAD","2026-09-08T12:03:01Z","","CR","","I","TRUE","2026-09-08T12:03:01Z","2026-09-09","2031-06-20","","","TWSF","FALSE","FALSE","","3,000,000","","EUR","","","","","","","","","","","","","","","","","","","","","","","","","0.01","","","","","","0.0053825","","","","","","false","","","3","","","A004","","","","","","","","67792.10843","MNTH","","","","3","","","","UFRO","EUR","","","","","false","1","","","","","","","","","","FALSE","","","","","","","","","QZTB38W3WJ98","NA/CDS Corp Idx","ITRAXX EUROPE SENIOR FINANCIALS"
"5187540277000000101","","NEWT","TRAD","2026-09-08T12:03:57Z","","CR","","I","TRUE","2026-09-08T12:03:57Z","2026-09-09","2031-06-20","","","TWSF","FALSE","FALSE","","3,000,000","","EUR","","","","","","","","","","","","","","","","","","","","","","","","","0.01","","","","","","0.008681","","","","","","false","","","3","","","A004","","","","","","","","23990.98800","MNTH","","","","3","","","","UFRO","EUR","","","","","false","1","","","","","","","","","","FALSE","","","","","","","","","QZ5GD86QBKCC","NA/CDS Corp Idx","ITRAXX EUROPE SUB FINANCIALS"
"5187544407000000101","","NEWT","TRAD","2026-09-08T12:04:14Z","","CR","","I","TRUE","2026-09-08T12:04:14Z","2026-03-20","2031-06-20","","FALSE","BGCD","FALSE","FALSE","","50,000,000","","EUR","","","","","","","","","","","","","","","","","","","","","","","","","","","","","","","0.0051625","","","","","","false","","","3","","","A004","","","","","","","","","MNTH","","","","3","","","","","","","","","","false","1","","","","","","","","","","TRUE","","","","-0.0006875","","3","","","QZTQ4GTC5QMF","NA/CDS Corp Idx","ITRAXX EUROPE"
"5187556277000000101","","NEWT","TRAD","2026-09-08T12:06:12Z","","CR","","I","FALSE","2026-09-08T12:06:12Z","2026-09-09","2031-06-20","","","TWSF","FALSE","FALSE","","6,000,000","","USD","","","","","","","","","","","","","","","","","","","","","","","","","0.01","","","","","","0.0098444","","","","","","false","","","3","","","A004","","","","","","","","80193.24561","MNTH","","","","3","","","","UFRO","USD","","","","","false","1","","","","","","","","","","FALSE","","","","","","","","","QZ4JMQKL3P03","NA/CDS Corp Idx","CDX.EM"
"5187567411000000101","","NEWT","TRAD","2026-09-08T12:07:32Z","","CR","","I","TRUE","2026-09-08T12:07:32Z","2026-09-09","2031-06-20","","FALSE","BBSF","FALSE","FALSE","","10,000,000","","USD","","","","","","","","","","","","","","","","","","","","","","","","","0.05","","","","","","0.01078275","","","","","","false","","","3","","","A004","","","","","","","","874622.78000","MNTH","","","","3","","","","UFRO","USD","","","","","false","0.98","","","","","","","","","","FALSE","","","","","","","","","QZNKTC8Z3Q57","NA/CDS Corp Idx","CDX.NA.HY"
"5186739485000000101","","NEWT","TRAD","2026-09-08T11:19:18Z","","CR","","I","TRUE","2026-09-08T11:19:18Z","2026-09-09","2031-06-20","","","TWSF","FALSE","FALSE","","25,000,000","","EUR","","","","","","","","","","","","","","","","","","","","","","","","","0.01","","","","","","0.0051645","","","","","","false","","","3","","","A004","","","","","","","","589467.49000","MNTH","","","","3","","","","UFRO","EUR","","","","","false","1","","","","","","","","","","FALSE","","","","","","","","","QZTQ4GTC5QMF","NA/CDS Corp Idx","ITRAXX EUROPE"
"5185912548000000101","","NEWT","TRAD","2026-09-08T10:49:43Z","","CR","","I","TRUE","2026-09-08T10:49:43Z","2026-09-09","2031-06-20","","","TWSF","FALSE","FALSE","","2,000,000","","EUR","","","","","","","","","","","","","","","","","","","","","","","","","0.01","","","","","","0.00515508","","","","","","false","","","3","","","A004","","","","","","","","47242.37075","MNTH","","","","3","","","","UFRO","EUR","","","","","false","1","","","","","","","","","","FALSE","","","","","","","","","QZTQ4GTC5QMF","NA/CDS Corp Idx","ITRAXX EUROPE"
"5185377684000000101","","NEWT","TRAD","2026-09-08T10:31:42Z","","CR","","I","TRUE","2026-09-08T10:31:42Z","2026-09-09","2030-12-20","","FALSE","BBSF","FALSE","FALSE","","27,000,000","","EUR","","","","","","","","","","","","","","","","","","","","","","","","","0.05","","","","","","0.02227","","","","","","false","","","3","","","A004","","","","","","","","3117737.85865","MNTH","","","","3","","","","UFRO","EUR","","","","","false","1","","","","","","","","","","TRUE","","","","0.002892","","3","","","QZ5F5FRS4TR9","NA/CDS Corp Idx","ITRAXX EUROPE CROSSOVER"
"5193234687000000101","","NEWT","TRAD","2026-09-08T19:27:25Z","","CR","","I","FALSE","2026-09-08T19:27:25Z","2026-03-20","2031-06-20","","FALSE","TPSE","FALSE","FALSE","","10,000,000","","USD","","","","","","","","","","","","","","","","","","","","","","","","","0.01","","","","","","98.46","","USD","","","","false","","","1","","","A004","","","","","","","","","MNTH","","","","3","","","","","","USD","","","","false","1","","","","","","","OTHR","","","FALSE","","","","","","","","","QZ4JMQKL3P03","NA/CDS Corp Idx","CDX.EM"
"5193283606000000301","","NEWT","TRAD","2026-09-08T17:46:31Z","","CR","","N","FALSE","2026-09-08T17:46:31Z","2026-09-09","2056-12-15","","FALSE","BILT","FALSE","FALSE","FALSE","5,000,000","","USD","","","","","","","","","","","","","","","","","","","","","","","","","0.03","","","","","","","","","","","","false","","","","","","A004","","","","","","","","753541.67000","MNTH","","","","1","","","","UFRO","USD","USD","","","","false","1","","","","","","","","","","FALSE","","","","","","","","","QZ51QNNKSSZL","NA/CDS Corp Idx","CMBX.NA.BBB-"
"5192677987000000101","1736165328000004101","REVI","","2026-09-08T18:23:26Z","","CR","","N","FALSE","2025-11-19T07:51:35Z","2025-09-22","2030-12-20","2030-12-20","FALSE","BILT","FALSE","FALSE","FALSE","14,000,000","","USD","","","","","","","","","","","","","","","","","","","","","","","","","0.05","","","","","","","","","","","","true","","","","","","A004","","","","","","","","","MNTH","","","","3","","","","","","","","","","false","1","","","","","","","","","","FALSE","","","","","","","","","QZQWH12BK7Q2","NA/CDS Corp Idx Tra","CDX.NA.HY"
"5192740239000000101","1736165328000004101","TERM","NOVA","2026-09-08T18:25:02Z","","CR","","N","FALSE","2025-11-19T07:51:35Z","2025-09-22","2030-12-20","2030-12-20","FALSE","BILT","FALSE","FALSE","FALSE","14,000,000","","USD","","","","","","","","","","","","","","","","","","","","","","","","","0.05","","","","","","","","","","","","true","","","","","","A004","","","","","","","","","MNTH","","","","3","","","","","","","","","","false","1","","","","","","","","","","FALSE","","","","","","","","","QZQWH12BK7Q2","NA/CDS Corp Idx Tra","CDX.NA.HY"
"5192779205000000101","","NEWT","TRAD","2026-09-08T18:31:35Z","","CR","","I","TRUE","2026-09-08T18:31:35Z","2026-09-09","2031-06-20","","","TWSF","FALSE","FALSE","","180,000,000","","USD","","","","","","","","","","","","","","","","","","","","","","","","","0.01","","","","","","0.005024","","","","","","false","","","3","","","A004","","","","","","","","4234378.10634","MNTH","","","","3","","","","UFRO","USD","","","","","false","1","","","","","","","","","","FALSE","","","","","","","","","QZ3WVVQG5T8K","NA/CDS Corp Idx","CDX.NA.IG"
"5192844347000000101","","NEWT","TRAD","2026-09-08T18:49:27Z","","CR","","I","TRUE","2026-09-08T18:49:27Z","2026-09-09","2031-06-20","","FALSE","BBSF","FALSE","FALSE","","130,000,000","","USD","","","","","","","","","","","","","","","","","","","","","","","","","0.01","","","","","","0.00503","","","","","","false","","","3","","","A004","","","","","","","","3054752.55111","MNTH","","","","3","","","","UFRO","USD","","","","","false","1","","","","","","","","","","FALSE","","","","","","","","","QZ3WVVQG5T8K","NA/CDS Corp Idx","CDX.NA.IG"
"5192870397000000101","","NEWT","TRAD","2026-09-08T18:55:44Z","","CR","","I","TRUE","2026-09-08T18:55:44Z","2026-09-09","2031-06-20","","FALSE","BBSF","FALSE","FALSE","","75,000,000","","USD","","","","","","","","","","","","","","","","","","","","","","","","","0.01","","","","","","0.00502365","","","","","","false","","","3","","","A004","","","","","","","","1764441.34000","MNTH","","","","3","","","","UFRO","USD","","","","","false","1","","","","","","","","","","FALSE","","","","","","","","","QZ3WVVQG5T8K","NA/CDS Corp Idx","CDX.NA.IG"
"5192882133000000101","","NEWT","TRAD","2026-09-08T18:59:36Z","","CR","","I","TRUE","2026-09-08T18:59:36Z","2026-09-09","2031-06-20","","FALSE","BBSF","FALSE","FALSE","","25,000,000","","USD","","","","","","","","","","","","","","","","","","","","","","","","","0.01","","","","","","0.0050212","","","","","","false","","","3","","","A004","","","","","","","","588414.70000","MNTH","","","","3","","","","UFRO","USD","","","","","false","1","","","","","","","","","","FALSE","","","","","","","","","QZ3WVVQG5T8K","NA/CDS Corp Idx","CDX.NA.IG"
"5192860440000000201","","NEWT","TRAD","2026-09-08T18:53:26Z","","CR","","I","TRUE","2026-09-08T18:53:26Z","2026-09-09","2031-06-20","","FALSE","BBSF","FALSE","TRUE","","52,000,000","","USD","","","","","","","","","","","","","","","","","","","","","","","","","0.05","","","","","","0.010785","","","","","","false","","","3","","","A004","","","","","","","","4559486.73473","MNTH","","","","3","","","","UFRO","USD","","","","","false","0.98","","","","","","","","","","TRUE","","","","-0.0001745","","3","","","QZNKTC8Z3Q57","NA/CDS Corp Idx","CDX.NA.HY"
"5192952253000000101","","NEWT","TRAD","2026-09-08T19:08:42Z","","CR","","N","FALSE","2026-09-08T19:08:42Z","2026-09-08","2057-10-17","","FALSE","BILT","FALSE","FALSE","FALSE","5,000,000","","USD","","","","","","","","","","","","","","","","","","","","","","","","","0.02","","","","","","","","","","","","false","","","","","","A004","","","","","","","","155710.32000","MNTH","","","","1","","","","UFRO","USD","USD","","","","false","1","","","","","","","","","","FALSE","","","","","","","","","QZ4S133RK34Z","NA/CDS Corp Idx","CMBX.NA.A"
"5193013301000000101","","NEWT","TRAD","2026-09-08T19:15:11Z","","CR","","I","TRUE","2026-09-08T19:15:11Z","2026-03-20","2031-06-20","","FALSE","TPSE","FALSE","FALSE","","40,000,000","","USD","","","","","","","","","","","","","","","","","","","","","","","","","0.01","","","","","","0.0050244","","","","","","false","","","3","","","A004","","","","","","","","","MNTH","","","","3","","","","","","USD","","","","false","1","","","","","","","OTHR","","","FALSE","","","","","","","","","QZ3WVVQG5T8K","NA/CDS Corp Idx","CDX.NA.IG"
"5193042134000000101","5193013301000000101","MODI","TRAD","2026-09-08T19:16:19Z","TRUE","CR","","I","TRUE","2026-09-08T19:15:11Z","2026-03-20","2031-06-20","","FALSE","TPSE","FALSE","FALSE","","40,000,000","","USD","","","","","","","","","","","","","","","","","","","","","","","","","0.01","","","","","","0.0050244","","","","","","false","","","3","","","A004","","","","","","","","","MNTH","","","","3","","","","","","USD","","","","false","1","","","","","","","OTHR","","","FALSE","","","","","","","","","QZ3WVVQG5T8K","NA/CDS Corp Idx","CDX.NA.IG"
"5193053531000000101","","NEWT","TRAD","2026-09-08T19:16:55Z","","CR","","N","TRUE","2026-09-08T19:16:55Z","2026-06-22","2031-06-20","","FALSE","BILT","FALSE","FALSE","FALSE","34,000,000","","USD","","","","","","","","","","","","","","","","","","","","","","","","","0.05","","","","","","","","","","","","false","","","3","","3","A004","","","","","","","","3032694.40370","MNTH","","","","3","","","","UFRO","USD","USD","","","","false","0.98","","","","","","","","","","FALSE","","","","","","","","","QZ8N1H3F8LQG","NA/CDS Corp Idx","CDX.NA.HY"
"5187813852000000101","","NEWT","TRAD","2026-09-08T12:29:08Z","","CR","","I","TRUE","2026-09-08T12:29:08Z","2026-09-09","2031-06-20","","FALSE","BBSF","FALSE","FALSE","","20,000,000","","EUR","","","","","","","","","","","","","","","","","","","","","","","","","0.05","","","","","","0.0251","","","","","","false","","","3","","","A004","","","","","","","","2259202.88000","MNTH","","","","3","","","","UFRO","EUR","","","","","false","1","","","","","","","","","","TRUE","","","","0.003575","","3","","","QZ3HM9KVK2WL","NA/CDS Corp Idx","ITRAXX EUROPE CROSSOVER"
"5188539047000000101","","NEWT","TRAD","2026-09-08T13:17:44Z","","CR","","I","TRUE","2026-09-08T13:17:44Z","2026-09-09","2031-06-20","","FALSE","BBSF","FALSE","FALSE","","53,000,000","","USD","","","","","","","","","","","","","","","","","","","","","","","","","0.01","","","","","","0.00501","","","","","","false","","","3","","","A004","","","","","","","","1250032.63000","MNTH","","","","3","","","","UFRO","USD","","","","","false","1","","","","","","","","","","TRUE","","","","0.00501","","3","","","QZ3WVVQG5T8K","NA/CDS Corp Idx","CDX.NA.IG"
"5188020372000000101","","NEWT","TRAD","2026-09-08T12:44:56Z","","CR","","I","TRUE","2026-09-08T12:44:56Z","2026-09-09","2031-06-20","","FALSE","BBSF","FALSE","FALSE","","10,000,000","","USD","","","","","","","","","","","","","","","","","","","","","","","","","0.01","","","","","","0.00502547","","","","","","false","","","3","","","A004","","","","","","","","235179.33000","MNTH","","","","3","","","","UFRO","USD","","","","","false","1","","","","","","","","","","FALSE","","","","","","","","","QZ3WVVQG5T8K","NA/CDS Corp Idx","CDX.NA.IG"
"5187856404000000101","","NEWT","TRAD","2026-09-08T12:32:50Z","","CR","","I","TRUE","2026-09-08T12:32:50Z","2026-09-09","2031-06-20","","FALSE","BBSF","FALSE","TRUE","","35,000,000","","EUR","","","","","","","","","","","","","","","","","","","","","","","","","0.05","","","","","","0.025065","","","","","","false","","","3","","","A004","","","","","","","","3959097.13000","MNTH","","","","3","","","","UFRO","EUR","","","","","false","1","","","","","","","","","","FALSE","","","","","","","","","QZ3HM9KVK2WL","NA/CDS Corp Idx","ITRAXX EUROPE CROSSOVER"
"5188070230000000201","","NEWT","TRAD","2026-09-08T12:49:02Z","","CR","","I","TRUE","2026-09-08T12:49:02Z","2026-09-09","2031-06-20","","","TWSF","FALSE","FALSE","","100,000,000","","USD","","","","","","","","","","","","","","","","","","","","","","","","","0.01","","","","","","0.00502","","","","","","false","","","3","","","A004","","","","","","","","2354183.08000","MNTH","","","","3","","","","UFRO","USD","","","","","false","1","","","","","","","","","","FALSE","","","","","","","","","QZ3WVVQG5T8K","NA/CDS Corp Idx","CDX.NA.IG"
"5188101081000000101","5188089601000000101","TERM","CLRG","2026-09-08T12:49:37Z","","CR","","I","TRUE","2026-09-08T12:49:37Z","2026-09-09","2031-06-20","","","BTFE","FALSE","FALSE","FALSE","10,000,000","","USD","","","","","","","","","","","","","","","","","","","","","","","","","","","","","","","","","","","","","false","","","","","","A004","","","","","","","","235513.55000","MNTH","","","","3","","","","UFRO","USD","","","","","false","1","","","","","","","","","","FALSE","","","","","","","","","QZ3WVVQG5T8K","NA/CDS Corp Idx","CDX.NA.IG"
"5188162276000000101","","NEWT","TRAD","2026-09-08T12:55:12Z","","CR","","I","TRUE","2026-09-08T12:55:12Z","2026-09-09","2031-06-20","","FALSE","BBSF","FALSE","FALSE","","20,000,000","","EUR","","","","","","","","","","","","","","","","","","","","","","","","","0.01","","","","","","0.0051421","","","","","","false","","","3","","","A004","","","","","","","","473592.74000","MNTH","","","","3","","","","UFRO","EUR","","","","","false","1","","","","","","","","","","FALSE","","","","","","","","","QZTQ4GTC5QMF","NA/CDS Corp Idx","ITRAXX EUROPE"
"5188251660000000101","","NEWT","TRAD","2026-09-08T13:03:19Z","","CR","","I","TRUE","2026-09-08T13:03:19Z","2026-09-09","2031-06-20","","FALSE","BBSF","FALSE","FALSE","","15,000,000","","USD","","","","","","","","","","","","","","","","","","","","","","","","","0.05","","","","","","0.01078588","","","","","","false","","","3","","","A004","","","","","","","","1316535.27000","MNTH","","","","3","","","","UFRO","USD","","","","","false","0.98","","","","","","","","","","FALSE","","","","","","","","","QZNKTC8Z3Q57","NA/CDS Corp Idx","CDX.NA.HY"
"5188249741000000101","","NEWT","TRAD","2026-09-08T13:02:52Z","","CR","","I","TRUE","2026-09-08T13:02:52Z","2026-09-09","2031-06-20","","FALSE","BBSF","FALSE","FALSE","","50,000,000","","EUR","","","","","","","","","","","","","","","","","","","","","","","","","0.01","","","","","","0.0051433","","","","","","false","","","3","","","A004","","","","","","","","1183711.47000","MNTH","","","","3","","","","UFRO","EUR","","","","","false","1","","","","","","","","","","FALSE","","","","","","","","","QZTQ4GTC5QMF","NA/CDS Corp Idx","ITRAXX EUROPE"
"5189097567000000101","","NEWT","TRAD","2026-09-08T14:13:40Z","","CR","","I","TRUE","2026-09-08T14:13:40Z","2026-09-09","2031-06-20","","","TWSF","FALSE","FALSE","","2,000,000","","USD","","","","","","","","","","","","","","","","","","","","","","","","","0.01","","","","","","0.00502","","","","","","false","","","3","","","A004","","","","","","","","47083.61429","MNTH","","","","3","","","","UFRO","USD","","","","","false","1","","","","","","","","","","FALSE","","","","","","","","","QZ3WVVQG5T8K","NA/CDS Corp Idx","CDX.NA.IG"
"5189136370000000401","","NEWT","TRAD","2026-09-08T14:20:14Z","","CR","","I","TRUE","2026-09-08T14:20:14Z","2026-09-09","2031-06-20","","FALSE","BBSF","FALSE","FALSE","","75,000,000","","EUR","","","","","","","","","","","","","","","","","","","","","","","","","0.01","","","","","","0.005162","","","","","","false","","","3","","","A004","","","","","","","","1769247.31000","MNTH","","","","3","","","","UFRO","EUR","","","","","false","1","","","","","","","","","","FALSE","","","","","","","","","QZTQ4GTC5QMF","NA/CDS Corp Idx","ITRAXX EUROPE"
"5189054108000000101","","NEWT","TRAD","2026-09-08T14:07:12Z","","CR","","I","TRUE","2026-09-08T14:07:12Z","2026-09-09","2031-06-20","","","TWSF","FALSE","TRUE","","250,000,000+","","USD","","","","","","","","","","","","","","","","","","","","","","","","","0.01","","","","","","0.005017","","","","","","false","","","3","","","A004","","","","","","","","5888763.84367","MNTH","","","","3","","","","UFRO","USD","","","","","false","1","","","","","","","","","","FALSE","","","","","","","","","QZ3WVVQG5T8K","NA/CDS Corp Idx","CDX.NA.IG"
"5188957177000000101","","NEWT","TRAD","2026-09-08T13:53:12Z","","CR","","N","FALSE","2026-09-08T13:53:12Z","2026-09-08","2026-09-16","2031-06-20","FALSE","BILT","FALSE","FALSE","TRUE","250,000,000","","USD","","","","","","","","","","","","","","","","","","","","","","","","2026-09-16","0.01","","62,500","USD","","","","","","","0.0051","","false","","","","","3","A004","","","","","","","","","MNTH","","","","3","","","","","","","","","","false","1","","","","","","","","","","FALSE","","","","","","","","","QZT4QS79CCTS","NA/CDS Idx Swt","NA/CDS Corp Idx"
"5189090077000000101","","NEWT","TRAD","2026-09-08T14:12:29Z","","CR","","I","TRUE","2026-09-08T14:12:29Z","2026-09-09","2031-06-20","","FALSE","BBSF","FALSE","TRUE","","76,000,000+","","USD","","","","","","","","","","","","","","","","","","","","","","","","","0.05","","","","","","0.010785","","","","","","false","","","3","","","A004","","","","","","","","6663891.11280","MNTH","","","","3","","","","UFRO","USD","","","","","false","0.98","","","","","","","","","","FALSE","","","","","","","","","QZNKTC8Z3Q57","NA/CDS Corp Idx","CDX.NA.HY"
"5189180850000000201","","NEWT","TRAD","2026-09-08T14:26:29Z","","CR","","I","TRUE","2026-09-08T14:26:29Z","2026-03-20","2031-06-20","","FALSE","TPSE","FALSE","FALSE","","60,000,000","","USD","","","","","","","","","","","","","","","","","","","","","","","","","0.01","","","","","","0.0050188","","","","","","false","","","3","","","A004","","","","","","","","","MNTH","","","","3","","","","","","USD","","","","false","1","","","","","","","OTHR","","","FALSE","","","","","","","","","QZ3WVVQG5T8K","NA/CDS Corp Idx","CDX.NA.IG"
"5189185910000000101","","NEWT","TRAD","2026-09-08T14:27:17Z","","CR","","I","TRUE","2026-09-08T14:27:17Z","2026-09-09","2031-06-20","","FALSE","BBSF","FALSE","FALSE","","5,000,000","","USD","","","","","","","","","","","","","","","","","","","","","","","","","0.01","","","","","","0.0050186","","","","","","false","","","3","","","A004","","","","","","","","117740.25880","MNTH","","","","3","","","","UFRO","USD","","","","","false","1","","","","","","","","","","FALSE","","","","","","","","","QZ3WVVQG5T8K","NA/CDS Corp Idx","CDX.NA.IG"
"5189109539000000101","","NEWT","TRAD","2026-09-08T14:15:36Z","","CR","","I","TRUE","2026-09-08T14:15:36Z","2026-09-09","2031-06-20","","FALSE","BBSF","FALSE","TRUE","","76,000,000+","","USD","","","","","","","","","","","","","","","","","","","","","","","","","0.05","","","","","","0.010785","","","","","","false","","","3","","","A004","","","","","","","","6664131.36202","MNTH","","","","3","","","","UFRO","USD","","","","","false","0.98","","","","","","","","","","TRUE","1.0785","","3","","","","","","QZNKTC8Z3Q57","NA/CDS Corp Idx","CDX.NA.HY"
"5189235564000000101","","NEWT","TRAD","2026-09-08T14:34:05Z","","CR","","I","TRUE","2026-09-08T14:34:05Z","2026-09-09","2031-06-20","","FALSE","BBSF","FALSE","FALSE","","20,000,000","","EUR","","","","","","","","","","","","","","","","","","","","","","","","","0.01","","","","","","0.005161","","","","","","false","","","3","","","A004","","","","","","","","471889.40000","MNTH","","","","3","","","","UFRO","EUR","","","","","false","1","","","","","","","","","","FALSE","","","","","","","","","QZTQ4GTC5QMF","NA/CDS Corp Idx","ITRAXX EUROPE"
"5189244590000000101","","NEWT","TRAD","2026-09-08T14:35:15Z","","CR","","I","TRUE","2026-09-08T14:35:15Z","2026-09-09","2031-06-20","","FALSE","BBSF","FALSE","FALSE","","4,000,000","","USD","","","","","","","","","","","","","","","","","","","","","","","","","0.01","","","","","","0.0050217","","","","","","false","","","3","","","A004","","","","","","","","94137.61000","MNTH","","","","3","","","","UFRO","USD","","","","","false","1","","","","","","","","","","FALSE","","","","","","","","","QZ3WVVQG5T8K","NA/CDS Corp Idx","CDX.NA.IG"
"5189149984000000101","","NEWT","TRAD","2026-09-08T14:22:16Z","","CR","","I","TRUE","2026-09-08T14:22:16Z","2026-09-09","2031-06-20","","","TWSF","FALSE","TRUE","","64,000,000","","USD","","","","","","","","","","","","","","","","","","","","","","","","","0.05","","","","","","0.01078475","","","","","","false","","","3","","","A004","","","","","","","","5610129.56684","MNTH","","","","3","","","","UFRO","USD","","","","","false","0.98","","","","","","","","","","FALSE","","","","","","","","","QZNKTC8Z3Q57","NA/CDS Corp Idx","CDX.NA.HY"
"5189066498000000201","","NEWT","TRAD","2026-09-08T14:08:55Z","","CR","","N","FALSE","2026-09-08T14:05:23Z","2026-09-08","2026-09-16","2031-06-20","TRUE","BILT","FALSE","FALSE","TRUE","50,000,000","","USD","","","","","","","","","","","","","","","","","","","","","","","","2026-09-16","0.01","","3,750","USD","","","","","","","0.0049","","false","","","","","3","A004","","","","","","","","","MNTH","","","","3","","","","","","","","","","false","1","","","","","","","","","","FALSE","","","","","","","","","QZ9Z7H8JV03N","NA/CDS Idx Swt","NA/CDS Corp Idx"
"5189258481000000101","","NEWT","TRAD","2026-09-08T14:36:55Z","","CR","","I","TRUE","2026-09-08T14:36:55Z","2026-09-09","2031-06-20","","","TWSF","FALSE","FALSE","","12,000,000","","USD","","","","","","","","","","","","","","","","","","","","","","","","","0.01","","","","","","0.0050232","","","","","","false","","","3","","","A004","","","","","","","","282334.44545","MNTH","","","","3","","","","UFRO","USD","","","","","false","1","","","","","","","","","","FALSE","","","","","","","","","QZ3WVVQG5T8K","NA/CDS Corp Idx","CDX.NA.IG"
"5189271749000000101","","NEWT","TRAD","2026-09-08T14:38:33Z","","CR","","I","FALSE","2026-09-08T14:38:33Z","2026-09-09","2031-06-20","","","TWSF","FALSE","FALSE","","4,000,000","","USD","","","","","","","","","","","","","","","","","","","","","","","","","0.01","","","","","","0.00502219","","","","","","false","","","3","","","A004","","","","","","","","94128.96042","MNTH","","","","3","","","","UFRO","USD","","","","","false","1","","","","","","","","","","FALSE","","","","","","","","","QZ3WVVQG5T8K","NA/CDS Corp Idx","CDX.NA.IG"
"5189322530000000101","","NEWT","TRAD","2026-09-08T14:46:03Z","","CR","","I","TRUE","2026-09-08T14:46:03Z","2026-09-09","2031-06-20","","FALSE","BBSF","FALSE","FALSE","","4,000,000","","USD","","","","","","","","","","","","","","","","","","","","","","","","","0.05","","","","","","0.010785","","","","","","false","","","3","","","A004","","","","","","","","350731.11000","MNTH","","","","3","","","","UFRO","USD","","","","","false","0.98","","","","","","","","","","TRUE","","","","0.0037","","3","","","QZNKTC8Z3Q57","NA/CDS Corp Idx","CDX.NA.HY"
"5189358066000000101","","NEWT","TRAD","2026-09-08T14:51:44Z","","CR","","I","TRUE","2026-09-08T14:51:44Z","2026-09-09","2031-06-20","","FALSE","BBSF","FALSE","FALSE","","35,000,000","","USD","","","","","","","","","","","","","","","","","","","","","","","","","0.05","","","","","","0.01078406","","","","","","false","","","3","","","A004","","","","","","","","3065673.02000","MNTH","","","","3","","","","UFRO","USD","","","","","false","0.98","","","","","","","","","","FALSE","","","","","","","","","QZNKTC8Z3Q57","NA/CDS Corp Idx","CDX.NA.HY"
"5189384069000000101","","NEWT","TRAD","2026-09-08T14:56:04Z","","CR","","I","TRUE","2026-09-08T14:56:04Z","2026-09-09","2031-06-20","","FALSE","BBSF","FALSE","FALSE","","100,000,000","","USD","","","","","","","","","","","","","","","","","","","","","","","","","0.01","","","","","","0.0050177","","","","","","false","","","3","","","A004","","","","","","","","2355187.93000","MNTH","","","","3","","","","UFRO","USD","","","","","false","1","","","","","","","","","","FALSE","","","","","","","","","QZ3WVVQG5T8K","NA/CDS Corp Idx","CDX.NA.IG"
"5189573100000000101","","NEWT","TRAD","2026-09-08T15:27:48Z","","CR","","I","TRUE","2026-09-08T15:27:48Z","2026-09-09","2031-06-20","","FALSE","BBSF","FALSE","FALSE","","12,000,000","","USD","","","","","","","","","","","","","","","","","","","","","","","","","0.05","","","","","","0.01078408","","","","","","false","","","3","","","A004","","","","","","","","1051113.16055","MNTH","","","","3","","","","UFRO","USD","","","","","false","0.98","","","","","","","","","","FALSE","","","","","","","","","QZNKTC8Z3Q57","NA/CDS Corp Idx","CDX.NA.HY"
"5189607161000000101","","NEWT","NOVA","2026-09-08T15:08:43Z","","CR","","N","FALSE","2026-09-08T15:08:43Z","2026-09-16","2026-09-16","","FALSE","BILT","FALSE","FALSE","TRUE","100,000,000","","EUR","","","","","","","","","","","","","","","","","","","","","","","","2026-09-16","0.01","","0","","","","","","","","0.00525","","false","","","","","3","A004","","","","","","","","","MNTH","","","","3","","","","","","","","","","false","","","","","","","","","","","FALSE","","","","","","","","","QZ2L66CGCV9J","NA/CDS Idx Swt","NA/CDS Corp Idx"
"5189626648000000101","","NEWT","TRAD","2026-09-08T15:40:03Z","","CR","","I","TRUE","2026-09-08T15:40:03Z","2026-09-09","2031-06-20","","FALSE","BBSF","FALSE","FALSE","","45,000,000","","USD","","","","","","","","","","","","","","","","","","","","","","","","","0.01","","","","","","0.00502","","","","","","false","","","3","","","A004","","","","","","","","1059382.38000","MNTH","","","","3","","","","UFRO","USD","","","","","false","1","","","","","","","","","","TRUE","","","","0.00502","","3","","","QZ3WVVQG5T8K","NA/CDS Corp Idx","CDX.NA.IG"
"5189636077000000301","5146185297000000101","MODI","TRAD","2026-09-08T15:42:04Z","FALSE","CR","","N","TRUE","2026-09-04T19:36:45Z","2025-09-22","2030-12-20","","FALSE","BILT","FALSE","FALSE","FALSE","3,000,000","","USD","","","","","","","","","","","","","","","","","","","","","","","","","0.01","","","","","","","","","","","","false","","","","","","A004","","","","","","","","","MNTH","","","","3","","","","","","","","","","false","1","","","","","","","","","","FALSE","","","","","","","","","QZN3HTTN5303","NA/CDS Corp Idx","CDX.NA.IG"
"5189544307000000401","","NEWT","TRAD","2026-09-08T15:21:31Z","","CR","","I","TRUE","2026-09-08T15:21:31Z","2026-09-09","2031-06-20","","FALSE","BBSF","FALSE","FALSE","","25,000,000","","USD","","","","","","","","","","","","","","","","","","","","","","","","","0.01","","","","","","0.0050193","","","","","","false","","","3","","","A004","","","","","","","","588622.22000","MNTH","","","","3","","","","UFRO","USD","","","","","false","1","","","","","","","","","","FALSE","","","","","","","","","QZ3WVVQG5T8K","NA/CDS Corp Idx","CDX.NA.IG"
"5189415696000000101","5189393320000000101","EROR","","2026-09-08T15:01:02Z","","CR","","","","2026-09-08T14:55:24Z","2026-09-08","2026-11-18","","","","","","FALSE","","","","","","","","","","","","","","","","","","","","","","","","","","","","0.05","","","","","","","","","","","","","","","","","","","","","","","","","","","","","","","","","","","","","","","","","","","","","","","","","","","","","","","","","","","","","QZ4682HKL4CM","NA/CDS Idx Swt","NA/CDS Corp Idx"
"5177300401000000101","","NEWT","TRAD","2026-09-08T07:47:23Z","","CR","","I","TRUE","2026-09-08T07:47:23Z","2026-09-09","2031-06-20","","FALSE","BBSF","FALSE","FALSE","","25,000,000","","EUR","","","","","","","","","","","","","","","","","","","","","","","","","0.05","","","","","","0.025093","","","","","","false","","","3","","","A004","","","","","","","","2824788.10000","MNTH","","","","3","","","","UFRO","EUR","","","","","false","1","","","","","","","","","","FALSE","","","","","","","","","QZ3HM9KVK2WL","NA/CDS Corp Idx","ITRAXX EUROPE CROSSOVER"
"5190553090000000101","","NEWT","TRAD","2026-09-08T16:32:30Z","","CR","","I","TRUE","2026-09-08T16:32:30Z","2026-09-09","2031-06-20","","FALSE","BBSF","FALSE","FALSE","","20,000,000","","USD","","","","","","","","","","","","","","","","","","","","","","","","","0.05","","","","","","0.01078337","","","","","","false","","","3","","","A004","","","","","","","","1750460.76000","MNTH","","","","3","","","","UFRO","USD","","","","","false","0.98","","","","","","","","","","FALSE","","","","","","","","","QZNKTC8Z3Q57","NA/CDS Corp Idx","CDX.NA.HY"
"5190607011000000101","4137301030000000101","TERM","NOVA","2026-09-08T16:33:03Z","","CR","","","","2026-07-10T18:31:05Z","2026-07-10","2026-10-21","","","","","","FALSE","","","","","","","","","","","","","","","","","","","","","","","","","","","","0.01","","","","","","","","","","","","","","","","","","","","","","","","","","","","","","","","","","","","","","","","","","","","","","","","","","","","","","","","","","","","","QZT4QS79CCTS","NA/CDS Idx Swt","NA/CDS Corp Idx"
"5190673698000000101","2027823004000000201","TERM","ETRM","2026-09-08T16:39:39Z","","CR","","N","","2026-02-10T15:35:47Z","2026-02-10","2059-11-17","","FALSE","BILT","FALSE","","FALSE","10,000,000","","USD","","","","","","","","","","","","","","","","","","","","","","","","","0.03","","","","","","","","","","","","false","","","","","","","","","","","","","","","","","","","","","","","","","USD","","","","false","1","","","","","","","","","","FALSE","","","","","","","","","QZP5WWNVF4JS","NA/CDS Corp Idx","CMBX.NA.BBB-"
"5188643558000000101","","NEWT","TRAD","2026-09-08T13:22:11Z","","CR","","N","FALSE","2026-09-08T13:22:11Z","2026-09-08","2030-12-20","","FALSE","BILT","FALSE","FALSE","FALSE","3,000,000","","EUR","","","","","","","","","","","","","","","","","","","","","","","","","0.05","","","","","","","","","","","","false","","","","","","A004","","","","","","","","1027583.32800","MNTH","","","","3","","","","UFRO","EUR","","","","","false","1","","","","","","","","","","FALSE","","","","","","","","","QZB5DPT9MS3H","NA/CDS Corp Idx Tra","ITRAXX EUROPE CROSSOVER"
"5189438153000000201","","NEWT","TRAD","2026-09-08T15:05:02Z","","CR","","I","TRUE","2026-09-08T15:05:02Z","2026-09-09","2031-06-20","","FALSE","BBSF","FALSE","FALSE","","2,000,000","","USD","","","","","","","","","","","","","","","","","","","","","","","","","0.05","","","","","","0.01078475","","","","","","false","","","3","","","A004","","","","","","","","175316.56000","MNTH","","","","3","","","","UFRO","USD","","","","","false","0.98","","","","","","","","","","FALSE","","","","","","","","","QZNKTC8Z3Q57","NA/CDS Corp Idx","CDX.NA.HY"
"5189328064000000101","","NEWT","TRAD","2026-09-08T14:46:57Z","","CR","","I","TRUE","2026-09-08T14:46:57Z","2026-09-09","2031-06-20","","FALSE","BBSF","FALSE","TRUE","","250,000,000+","","USD","","","","","","","","","","","","","","","","","","","","","","","","","0.01","","","","","","0.0050224","","","","","","false","","","3","","","A004","","","","","","","","5882836.38000","MNTH","","","","3","","","","UFRO","USD","","","","","false","1","","","","","","","","","","FALSE","","","","","","","","","QZ3WVVQG5T8K","NA/CDS Corp Idx","CDX.NA.IG"
"5189355126000000101","","NEWT","TRAD","2026-09-08T14:51:22Z","","CR","","I","TRUE","2026-09-08T14:51:22Z","2026-09-09","2031-06-20","","","TWSF","FALSE","TRUE","","250,000,000+","","USD","","","","","","","","","","","","","","","","","","","","","","","","","0.01","","","","","","0.005021","","","","","","false","","","3","","","A004","","","","","","","","5884359.58836","MNTH","","","","3","","","","UFRO","USD","","","","","false","1","","","","","","","","","","FALSE","","","","","","","","","QZ3WVVQG5T8K","NA/CDS Corp Idx","CDX.NA.IG"
"5189460779000000101","","NEWT","TRAD","2026-09-08T15:08:41Z","","CR","","I","TRUE","2026-09-08T15:08:41Z","2026-09-09","2031-06-20","","FALSE","BBSF","FALSE","FALSE","","600,000","","USD","","","","","","","","","","","","","","","","","","","","","","","","","0.01","","","","","","0.0050236","","","","","","false","","","3","","","A004","","","","","","","","14115.66000","MNTH","","","","3","","","","UFRO","USD","","","","","false","1","","","","","","","","","","FALSE","","","","","","","","","QZ3WVVQG5T8K","NA/CDS Corp Idx","CDX.NA.IG"
"5189459838000000101","","NEWT","TRAD","2026-09-08T15:08:41Z","","CR","","I","TRUE","2026-09-08T15:08:41Z","2026-09-09","2031-06-20","","FALSE","BBSF","FALSE","FALSE","","7,000,000","","EUR","","","","","","","","","","","","","","","","","","","","","","","","","0.01","","","","","","0.00515137","","","","","","false","","","3","","","A004","","","","","","","","165464.75899","MNTH","","","","3","","","","UFRO","EUR","","","","","false","1","","","","","","","","","","FALSE","","","","","","","","","QZTQ4GTC5QMF","NA/CDS Corp Idx","ITRAXX EUROPE"
"5189490263000000101","","NEWT","TRAD","2026-09-08T15:13:12Z","","CR","","I","TRUE","2026-09-08T15:13:12Z","2026-09-09","2031-06-20","","FALSE","BBSF","FALSE","FALSE","","7,000,000","","USD","","","","","","","","","","","","","","","","","","","","","","","","","0.01","","","","","","0.00502222","","","","","","false","","","3","","","A004","","","","","","","","164725.27269","MNTH","","","","3","","","","UFRO","USD","","","","","false","1","","","","","","","","","","FALSE","","","","","","","","","QZ3WVVQG5T8K","NA/CDS Corp Idx","CDX.NA.IG"
"5189345668000000101","","NEWT","TRAD","2026-09-08T14:46:51Z","","CR","","N","FALSE","2026-09-08T14:46:51Z","2026-09-08","2026-10-21","2031-06-20","FALSE","BILT","FALSE","FALSE","TRUE","10,000,000","","USD","","","","","","","","","","","","","","","","","","","","","","","","2026-10-21","0.05","","36,260","USD","","","","","","","0.0107","","false","","","","","3","A004","","","","","","","","","MNTH","","","","3","","","","","","","","","","false","0.98","","","","","","","","","","FALSE","","","","","","","","","QZ4682HKL4CM","NA/CDS Idx Swt","NA/CDS Corp Idx"
"5189499532000000101","","NEWT","TRAD","2026-09-08T15:14:47Z","","CR","","I","TRUE","2026-09-08T15:14:47Z","2026-09-09","2031-06-20","","FALSE","BBSF","FALSE","FALSE","","2,000,000","","EUR","","","","","","","","","","","","","","","","","","","","","","","","","0.05","","","","","","0.0250375","","","","","","false","","","3","","","A004","","","","","","","","226480.19380","MNTH","","","","3","","","","UFRO","EUR","","","","","false","1","","","","","","","","","","FALSE","","","","","","","","","QZ3HM9KVK2WL","NA/CDS Corp Idx","ITRAXX EUROPE CROSSOVER"
"5189512156000000101","","NEWT","TRAD","2026-09-08T15:16:38Z","","CR","","I","TRUE","2026-09-08T15:16:38Z","2026-09-09","2030-12-20","","FALSE","BBSF","FALSE","FALSE","","41,000,000","","EUR","","","","","","","","","","","","","","","","","","","","","","","","","0.01","","","","","","0.0047","","","","","","false","","","3","","","A004","","","","","","","","960327.61906","MNTH","","","","3","","","","UFRO","EUR","","","","","false","1","","","","","","","","","","TRUE","","","","0.0047","","3","","","QZFB31MBHLT9","NA/CDS Corp Idx","ITRAXX EUROPE"
"5188713033000000101","","NEWT","TRAD","2026-09-08T13:31:39Z","","CR","","I","TRUE","2026-09-08T13:31:39Z","2026-09-09","2031-06-20","","FALSE","BBSF","FALSE","FALSE","","100,000,000","","USD","","","","","","","","","","","","","","","","","","","","","","","","","0.01","","","","","","0.0050123","","","","","","false","","","3","","","A004","","","","","","","","2357547.22000","MNTH","","","","3","","","","UFRO","USD","","","","","false","1","","","","","","","","","","FALSE","","","","","","","","","QZ3WVVQG5T8K","NA/CDS Corp Idx","CDX.NA.IG"
"5188536329000000101","","NEWT","TRAD","2026-09-08T13:07:14Z","","CR","","N","FALSE","2026-09-08T13:07:14Z","2026-09-08","2026-09-15","","FALSE","BILT","FALSE","FALSE","TRUE","400,000,000+","366,959,269","USD","USD","","","","","","","","","","","","","","","","","","","","","","","","0.038227","0.038227","","","","","","","","","","","false","","","","","","","","","","","","","","","EXPI","","","","1","","","","","","","USD","","","false","","","","","","","","","","","FALSE","","","","","","","","","QZC9DPTWH4KC","NA/CDS Corp SN","DTD 11/15/2025"
"5188760610000000101","","NEWT","TRAD","2026-09-08T13:35:37Z","","CR","","I","TRUE","2026-09-08T13:35:37Z","2026-09-09","2031-06-20","","FALSE","BBSF","FALSE","FALSE","","10,000,000","","EUR","","","","","","","","","","","","","","","","","","","","","","","","","0.01","","","","","","0.00514848","","","","","","false","","","3","","","A004","","","","","","","","236508.86000","MNTH","","","","3","","","","UFRO","EUR","","","","","false","1","","","","","","","","","","FALSE","","","","","","","","","QZTQ4GTC5QMF","NA/CDS Corp Idx","ITRAXX EUROPE"
"5188479141000000101","1136379880","MODI","TRAD","2026-09-08T13:07:51Z","TRUE","CR","","N","FALSE","2024-08-30T16:01:50Z","2024-08-30","2029-12-31","","TRUE","XXXX","FALSE","FALSE","TRUE","98,000,000","1,479,162","USD","USD","","","","","","","","","","","","","","","","","","","","","","","","0","","0","USD","","","","","","","","","false","","","","","","","","","","","","","","","MNTH","","","","1","","","","","","USD","","","","false","","","","","","","","","","","FALSE","","","","","","","","","QZ1XBVNPWZHZ","NA/Cr Sw Oth CDS Corp Cs",""
"5188797130000000101","","NEWT","TRAD","2026-09-08T13:39:17Z","","CR","","I","TRUE","2026-09-08T13:39:17Z","2026-09-09","2031-06-20","","FALSE","BBSF","FALSE","FALSE","","2,000,000","","USD","","","","","","","","","","","","","","","","","","","","","","","","","0.05","","","","","","0.0107868","","","","","","false","","","3","","","A004","","","","","","","","175718.26508","MNTH","","","","3","","","","UFRO","USD","","","","","false","0.98","","","","","","","","","","FALSE","","","","","","","","","QZNKTC8Z3Q57","NA/CDS Corp Idx","CDX.NA.HY"
"5188480334000000301","","NEWT","TRAD","2026-09-08T13:13:07Z","","CR","","N","FALSE","2026-09-08T13:13:07Z","2026-03-20","2031-06-20","","FALSE","BILT","FALSE","FALSE","TRUE","50,000,000+","","USD","","","","","","","","","","","","","","","","","","","","","","","","","0.01","","","","","","","","","","","","false","","","","","","A004","","","","","","","","660277.78000","MNTH","","","","3","","","","UFRO","USD","","","","","false","1","","","","","","","","","","FALSE","","","","","","","","","QZ39BZSFH68L","NA/CDS Sov Idx","CDX.EM"
"5188827134000000101","","NEWT","TRAD","2026-09-08T13:42:57Z","","CR","","I","TRUE","2026-09-08T13:42:57Z","2026-09-09","2031-06-20","","FALSE","BBSF","FALSE","FALSE","","8,000,000","","USD","","","","","","","","","","","","","","","","","","","","","","","","","0.05","","","","","","0.01078423","","","","","","false","","","3","","","A004","","","","","","","","700858.54000","MNTH","","","","3","","","","UFRO","USD","","","","","false","0.98","","","","","","","","","","FALSE","","","","","","","","","QZNKTC8Z3Q57","NA/CDS Corp Idx","CDX.NA.HY"
"5188721858000000201","","NEWT","TRAD","2026-09-08T13:32:23Z","","CR","","I","TRUE","2026-09-08T13:32:23Z","2026-09-09","2031-06-20","","FALSE","BBSF","FALSE","TRUE","","46,461,605+","","EUR","","","","","","","","","","","","","","","","","","","","","","","","","0.05","","","","","","0.02498794","","","","","","false","","","3","","","A004","","","","","","","","5271646.76214","MNTH","","","","3","","","","UFRO","EUR","","","","","false","1","","","","","","","","","","TRUE","","","","0.00295","","3","","","QZ3HM9KVK2WL","NA/CDS Corp Idx","ITRAXX EUROPE CROSSOVER"
"5188896057000000101","5188890428000000101","MODI","TRAD","2026-09-08T13:48:11Z","TRUE","CR","","I","TRUE","2026-09-08T13:47:36Z","2026-03-20","2031-06-20","","FALSE","TPSE","FALSE","FALSE","","100,000,000","","USD","","","","","","","","","","","","","","","","","","","","","","","","","0.01","","","","","","0.005015","","","","","","false","","","3","","","A004","","","","","","","","","MNTH","","","","3","","","","","","USD","","","","false","1","","","","","","","OTHR","","","FALSE","","","","","","","","","QZ3WVVQG5T8K","NA/CDS Corp Idx","CDX.NA.IG"
"5188957746000000101","","NEWT","TRAD","2026-09-08T13:55:30Z","","CR","","I","TRUE","2026-09-08T13:55:30Z","2026-09-09","2031-06-20","","FALSE","BBSF","FALSE","FALSE","","50,000,000","","USD","","","","","","","","","","","","","","","","","","","","","","","","","0.01","","","","","","0.005015","","","","","","false","","","3","","","A004","","","","","","","","1178183.78000","MNTH","","","","3","","","","UFRO","USD","","","","","false","1","","","","","","","","","","FALSE","","","","","","","","","QZ3WVVQG5T8K","NA/CDS Corp Idx","CDX.NA.IG"
"5188990513000000101","","NEWT","TRAD","2026-09-08T13:59:25Z","","CR","","I","TRUE","2026-09-08T13:59:25Z","2026-09-09","2031-06-20","","FALSE","BBSF","FALSE","FALSE","","28,000,000","","USD","","","","","","","","","","","","","","","","","","","","","","","","","0.05","","","","","","0.01078573","","","","","","false","","","3","","","A004","","","","","","","","2457116.51119","MNTH","","","","3","","","","UFRO","USD","","","","","false","0.98","","","","","","","","","","FALSE","","","","","","","","","QZNKTC8Z3Q57","NA/CDS Corp Idx","CDX.NA.HY"
"5188894645000000101","5188817425000000101","EROR","","2026-09-08T13:36:24Z","","CR","","I","","2026-09-08T13:36:24Z","2023-09-20","2028-12-20","","","","FALSE","","FALSE","10,000,000","","EUR","","","","","","","","","","","","","","","","","","","","","","","","","0.05","","","","","","","","","","","","false","","","","","","","","","","","","","","771635.06000","","","","","","","","","UFRO","EUR","","","","","false","0.94665","","","","","","","","","","FALSE","","","","","","","","","QZ2Q1GQSPKPM","NA/CDS Corp Idx","ITRAXX EUROPE CROSSOVER"
"5189049356000000101","","NEWT","TRAD","2026-09-08T14:06:27Z","","CR","","N","TRUE","2026-09-08T14:06:27Z","2026-03-20","2031-06-20","","FALSE","TREU","FALSE","FALSE","FALSE","1,000,000","","USD","","","","","","","","","","","","","","","","","","","","","","","","","0.05","","","","","","","","","","","","false","","","","","","A004","","","","","","","","87712.18000","MNTH","","","","3","","","","UFRO","USD","","","","","false","0.98","","","","","","","","","","FALSE","","","","","","","","","QZNKTC8Z3Q57","NA/CDS Corp Idx","CDX.NA.HY"
"5189034170000000201","","NEWT","TRAD","2026-09-08T14:04:41Z","","CR","","I","TRUE","2026-09-08T14:04:41Z","2026-09-09","2031-06-20","","FALSE","BBSF","FALSE","TRUE","","40,000,000","","EUR","","","","","","","","","","","","","","","","","","","","","","","","","0.05","","","","","","0.02509","","","","","","false","","","3","","","A004","","","","","","","","4520198.93000","MNTH","","","","3","","","","UFRO","EUR","","","","","false","1","","","","","","","","","","FALSE","","","","","","","","","QZ3HM9KVK2WL","NA/CDS Corp Idx","ITRAXX EUROPE CROSSOVER"
"5189142798000000101","","NEWT","TRAD","2026-09-08T14:21:15Z","","CR","","I","TRUE","2026-09-08T14:21:15Z","2026-09-09","2031-06-20","","FALSE","BBSF","FALSE","FALSE","","50,000,000","","EUR","","","","","","","","","","","","","","","","","","","","","","","","","0.01","","","","","","0.0051618","","","","","","false","","","3","","","A004","","","","","","","","1179543.27000","MNTH","","","","3","","","","UFRO","EUR","","","","","false","1","","","","","","","","","","FALSE","","","","","","","","","QZTQ4GTC5QMF","NA/CDS Corp Idx","ITRAXX EUROPE"
"5189127788000000101","","NEWT","TRAD","2026-09-08T14:18:36Z","","CR","","I","TRUE","2026-09-08T14:18:36Z","2026-09-09","2031-06-20","","FALSE","BBSF","FALSE","TRUE","","50,000,000","","USD","","","","","","","","","","","","","","","","","","","","","","","","","0.05","","","","","","0.01078425","","","","","","false","","","3","","","A004","","","","","","","","4380463.89000","MNTH","","","","3","","","","UFRO","USD","","","","","false","0.98","","","","","","","","","","FALSE","","","","","","","","","QZNKTC8Z3Q57","NA/CDS Corp Idx","CDX.NA.HY"
"5192997603000000101","","NEWT","TRAD","2026-09-08T19:13:53Z","","CR","","I","FALSE","2026-09-08T19:13:34Z","2026-09-09","2031-06-20","","","BILT","FALSE","FALSE","TRUE","50,000,000+","","USD","","","","","","","","","","","","","","","","","","","","","","","","","0.01","","","","","","","","","","","","false","","","","","","A004","","","","","","","","665281.10639","MNTH","","","","3","","","","UFRO","USD","","","","","false","1","","","","","","","","","","FALSE","","","","","","","","","QZ4JMQKL3P03","NA/CDS Corp Idx","CDX.EM"
"5193488602000000201","","NEWT","TRAD","2026-09-08T19:34:22Z","FALSE","CR","","N","FALSE","2026-09-08T19:34:22Z","2026-09-08","2054-11-18","","FALSE","BILT","FALSE","FALSE","FALSE","5,000,000","","USD","","","","","","","","","","","","","","","","","","","","","","","","","0.03","","","","","","","","","","","","false","","","","","","A004","","","","","","","","519166.67000","MNTH","","","","1","","","","UFRO","USD","","","","","false","1","","","","","","","","","","FALSE","","","","","","","","","QZW8Q42DFGR0","NA/CDS Corp Idx","CMBX.NA.BBB-"
"5193519002000000101","","NEWT","TRAD","2026-09-08T19:43:51Z","","CR","","I","FALSE","2026-09-08T19:43:51Z","2026-09-09","2031-06-20","","","TWSF","FALSE","FALSE","","6,000,000","","USD","","","","","","","","","","","","","","","","","","","","","","","","","0.05","","","","","","0.0107813","","","","","","false","","","3","","","A004","","","","","","","","523921.76999","MNTH","","","","3","","","","UFRO","USD","","","","","false","0.98","","","","","","","","","","FALSE","","","","","","","","","QZNKTC8Z3Q57","NA/CDS Corp Idx","CDX.NA.HY"
"5193389263000000101","","NEWT","TRAD","2026-09-08T19:35:59Z","","CR","","I","TRUE","2026-09-08T19:35:59Z","2026-09-09","2028-12-20","","FALSE","BBSF","FALSE","TRUE","","50,000,000","","USD","","","","","","","","","","","","","","","","","","","","","","","","","0.05","","","","","","0.0106105","","","","","","false","","","3","","","A004","","","","","","","","3493077.78000","MNTH","","","","3","","","","UFRO","USD","","","","","false","0.97","","","","","","","","","","TRUE","","","","-0.0001745","","3","","","QZTC64H81XGS","NA/CDS Corp Idx","CDX.NA.HY"
"5195383621000000101","5192543724000000101","EROR","","2026-09-08T20:54:43Z","","CR","","N","FALSE","2026-09-08T06:07:31Z","2026-09-08","2058-12-17","","TRUE","BILT","FALSE","FALSE","FALSE","30,000,000","","USD","","","","","","","","","","","","","","","","","","","","","","","","","0.005","","","","","","","","","","","","false","","","","","","A004","","","","","","","","133497.70000","MNTH","","","","1","","","","UFRO","USD","","","","","false","1","","","","","","","","","","FALSE","","","","","","","","","QZZ8Q5RQCQ51","NA/CDS Corp Idx","CMBX.NA.AAA"
"5195189235000000101","","NEWT","NOVA","2026-09-08T20:43:44Z","","CR","","N","FALSE","2026-09-08T20:43:44Z","2026-09-08","2026-09-16","2031-06-20","FALSE","BILT","FALSE","FALSE","TRUE","150,000,000","","USD","","","","","","","","","","","","","","","","","","","","","","","","2026-09-16","0.01","","0","","","","","","","","0.0055","","false","","","","","3","A004","","","","","","","","","MNTH","","","","3","","","","","","","","","","false","1","","","","","","","","","","FALSE","","","","","","","","","QZT4QS79CCTS","NA/CDS Idx Swt","NA/CDS Corp Idx"
"5175696426000000101","","NEWT","TRAD","2026-09-08T07:14:58Z","","CR","","I","TRUE","2026-09-08T07:14:58Z","2026-09-09","2031-06-20","","","TWSF","FALSE","FALSE","","96,000,000","","EUR","","","","","","","","","","","","","","","","","","","","","","","","","0.01","","","","","","0.0051494","","","","","","false","","","3","","","A004","","","","","","","","2270087.08000","MNTH","","","","3","","","","UFRO","EUR","","","","","false","1","","","","","","","","","","FALSE","","","","","","","","","QZTQ4GTC5QMF","NA/CDS Corp Idx","ITRAXX EUROPE"
"5191190947000000101","","NEWT","TRAD","2026-09-08T17:14:41Z","","CR","","I","TRUE","2026-09-08T17:14:41Z","2026-09-09","2031-06-20","","FALSE","BBSF","FALSE","TRUE","","76,000,000+","","USD","","","","","","","","","","","","","","","","","","","","","","","","","0.05","","","","","","0.010785","","","","","","false","","","3","","","A004","","","","","","","","6663856.03528","MNTH","","","","3","","","","UFRO","USD","","","","","false","0.98","","","","","","","","","","TRUE","","","","-0.000019","","3","","","QZNKTC8Z3Q57","NA/CDS Corp Idx","CDX.NA.HY"
"5190889804000000101","","NEWT","TRAD","2026-09-08T17:00:43Z","","CR","","I","TRUE","2026-09-08T17:00:43Z","2026-09-09","2031-06-20","","FALSE","BBSF","FALSE","FALSE","","36,000,000","","USD","","","","","","","","","","","","","","","","","","","","","","","","","0.05","","","","","","0.0107855","","","","","","false","","","3","","","A004","","","","","","","","3158344.00000","MNTH","","","","3","","","","UFRO","USD","","","","","false","0.98","","","","","","","","","","FALSE","","","","","","","","","QZNKTC8Z3Q57","NA/CDS Corp Idx","CDX.NA.HY"
"5190931703000000101","5190914770000000102","MODI","TRAD","2026-09-08T17:03:10Z","TRUE","CR","","I","TRUE","2026-09-08T17:02:31Z","2026-03-20","2031-06-20","","FALSE","TPSE","FALSE","FALSE","","10,000,000","","USD","","","","","","","","","","","","","","","","","","","","","","","","","0.05","","","","","","107.855","","USD","","","","false","","","1","","","A004","","","","","","","","","MNTH","","","","3","","","","","","USD","","","","false","0.98","","","","","","","OTHR","","","FALSE","","","","","","","","","QZNKTC8Z3Q57","NA/CDS Corp Idx","CDX.NA.HY"
"5190813702000000101","","NEWT","TRAD","2026-09-08T16:51:42Z","","CR","","I","TRUE","2026-09-08T16:51:42Z","2026-09-09","2031-06-20","","FALSE","BBSF","FALSE","TRUE","","76,000,000+","","USD","","","","","","","","","","","","","","","","","","","","","","","","","0.05","","","","","","0.01078474","","","","","","false","","","3","","","A004","","","","","","","","6662119.75513","MNTH","","","","3","","","","UFRO","USD","","","","","false","0.98","","","","","","","","","","FALSE","","","","","","","","","QZNKTC8Z3Q57","NA/CDS Corp Idx","CDX.NA.HY"
"5190982961000000101","","NEWT","TRAD","2026-09-08T17:05:39Z","","CR","","I","TRUE","2026-09-08T17:05:39Z","2026-09-09","2031-06-20","","FALSE","BBSF","FALSE","FALSE","","69,000,000","","USD","","","","","","","","","","","","","","","","","","","","","","","","","0.01","","","","","","0.00501555","","","","","","false","","","3","","","A004","","","","","","","","1625727.81000","MNTH","","","","3","","","","UFRO","USD","","","","","false","1","","","","","","","","","","FALSE","","","","","","","","","QZ3WVVQG5T8K","NA/CDS Corp Idx","CDX.NA.IG"
"5190777765000000501","","NEWT","TRAD","2026-09-03T21:37:56Z","","CR","","N","FALSE","2026-09-03T21:37:56Z","2026-09-03","2055-02-15","2055-02-15","TRUE","BILT","FALSE","FALSE","TRUE","130,000,000","","USD","","","","","","","","","","","","","","","","","","","","","","","","","","","","","","","1","","","","","","false","","","4","","","","","A004","","DAIL","","1","","","","","","","","","","","","","USD","","","","false","","","","","","","","OPET","","","FALSE","","","","","","","","","QZPW5C38SF75","NA/CDS Corp Oth Sr","DTD 02/15/2025"
"5190856589000000101","","NEWT","TRAD","2026-09-08T16:56:08Z","","CR","","I","FALSE","2026-09-08T16:56:08Z","2026-03-20","2031-06-20","","FALSE","TPSE","FALSE","FALSE","","40,000,000","","USD","","","","","","","","","","","","","","","","","","","","","","","","","0.01","","","","","","98.475","","USD","","","","false","","","1","","","A004","","","","","","","","","MNTH","","","","3","","","","","","USD","","","","false","1","","","","","","","OTHR","","","FALSE","","","","","","","","","QZ4JMQKL3P03","NA/CDS Corp Idx","CDX.EM"
"5191035648000000101","","NEWT","TRAD","2026-09-08T17:08:42Z","","CR","","I","TRUE","2026-09-08T17:08:42Z","2026-09-09","2031-06-20","","FALSE","BBSF","FALSE","FALSE","","13,000,000","","USD","","","","","","","","","","","","","","","","","","","","","","","","","0.01","","","","","","0.00501697","","","","","","false","","","3","","","A004","","","","","","","","306215.89000","MNTH","","","","3","","","","UFRO","USD","","","","","false","1","","","","","","","","","","FALSE","","","","","","","","","QZ3WVVQG5T8K","NA/CDS Corp Idx","CDX.NA.IG"
"5190741012000000101","5118528064000000101","MODI","NOVA","2026-09-08T16:44:14Z","TRUE","CR","","N","FALSE","2026-09-03T15:26:51Z","2026-03-20","2026-11-18","","FALSE","BILT","FALSE","FALSE","TRUE","250,000,000","","USD","","","","","","","","","","","","","","","","","","","","","","","","2026-11-18","0.0055","","1,567,500","USD","","","","","","","0.55","","false","","","","","3","A004","","","","","","","","","MNTH","","","","3","","","","","","","","","","false","","","","","","","","","","","FALSE","","","","","","","","","QZT4QS79CCTS","NA/CDS Idx Swt","NA/CDS Corp Idx"
"5191157516000000101","","NEWT","TRAD","2026-09-08T17:13:43Z","","CR","","I","TRUE","2026-09-08T17:13:43Z","2026-09-09","2031-06-20","","FALSE","BBSF","FALSE","FALSE","","200,000,000","","USD","","","","","","","","","","","","","","","","","","","","","","","","","0.01","","","","","","0.005025","","","","","","false","","","3","","","A004","","","","","","","","4703992.63959","MNTH","","","","3","","","","UFRO","USD","","","","","false","1","","","","","","","","","","TRUE","","","","0.005025","","3","","","QZ3WVVQG5T8K","NA/CDS Corp Idx","CDX.NA.IG"
"5191482113000000101","","NEWT","TRAD","2026-09-08T17:27:30Z","","CR","","I","TRUE","2026-09-08T17:27:30Z","2026-09-09","2031-06-20","","","TWSF","FALSE","FALSE","","12,000,000","","USD","","","","","","","","","","","","","","","","","","","","","","","","","0.01","","","","","","0.00502045","","","","","","false","","","3","","","A004","","","","","","","","282478.38000","MNTH","","","","3","","","","UFRO","USD","","","","","false","1","","","","","","","","","","FALSE","","","","","","","","","QZ3WVVQG5T8K","NA/CDS Corp Idx","CDX.NA.IG"
"5191637286000000101","","NEWT","TRAD","2026-09-08T17:34:29Z","","CR","","I","TRUE","2026-09-08T17:34:29Z","2026-09-09","2031-06-20","","FALSE","BBSF","FALSE","FALSE","","6,000,000","","USD","","","","","","","","","","","","","","","","","","","","","","","","","0.05","","","","","","0.010786096","","","","","","false","","","3","","","A004","","","","","","","","526741.11000","MNTH","","","","3","","","","UFRO","USD","","","","","false","0.98","","","","","","","","","","FALSE","","","","","","","","","QZNKTC8Z3Q57","NA/CDS Corp Idx","CDX.NA.HY"
"5191084849000000101","","NEWT","NOVA","2026-09-08T17:10:26Z","","CR","","N","FALSE","2026-09-08T17:10:26Z","2026-09-09","2026-09-16","2031-06-20","FALSE","BILT","FALSE","FALSE","TRUE","50,000,000","","EUR","","","","","","","","","","","","","","","","","","","","","","","","2026-09-16","0.05","","277,500","EUR","","","","","","","300","EUR","false","","","","","1","A004","","","","","","","","","MNTH","","","","3","","","","","","","","","","false","","","","","","","","","","","FALSE","","","","","","","","","QZTL0V3X916X","NA/CDS Idx Swt","NA/CDS Corp Idx"
"5191152826000000101","5148448928000006601","MODI","TRAD","2026-09-08T17:12:46Z","TRUE","CR","","N","FALSE","2026-09-04T22:33:53Z","2025-08-02","2026-12-20","","FALSE","BILT","FALSE","FALSE","TRUE","900,000","","USD","","","","","","","","","","","","","","","","","","","","","","","","","0.05","","","","","","","","","","","","false","","","","","","A004","","","","","","","","66063.93000","MNTH","","","","3","","","","UFRO","USD","","","","","false","0.94","","","","","","","","","","FALSE","","","","","","","","","QZZZP5HMNGBJ","NA/CDS Mun Idx Tra","CDX.NA.HY"
"5191156846000000201","2863325614000001501","MODI","TRAD","2026-09-08T17:12:54Z","TRUE","CR","","N","FALSE","2026-09-04T22:33:38Z","2026-02-15","2027-12-20","","FALSE","BILT","FALSE","FALSE","TRUE","10,000,000","","USD","","","","","","","","","","","","","","","","","","","","","","","","","0.05","","","","","","","","","","","","false","","","","","","A004","","","","","","","","5470718.75000","MNTH","","","","3","","","","UFRO","USD","","","","","false","0.95","","","","","","","","","","FALSE","","","","","","","","","QZJDTC3FV7NJ","NA/CDS Mun Idx Tra","CDX.NA.HY"
"5191283929000000101","2236403502000001501","MODI","TRAD","2026-09-08T17:13:49Z","TRUE","CR","","N","FALSE","2026-09-04T22:34:01Z","2026-03-03","2026-12-20","","FALSE","BILT","FALSE","FALSE","TRUE","4,000,000","","USD","","","","","","","","","","","","","","","","","","","","","","","","","0.05","","","","","","","","","","","","false","","","","","","A004","","","","","","","","257653.98128","MNTH","","","","3","","","","UFRO","USD","","","","","false","0.94","","","","","","","","","","FALSE","","","","","","","","","QZZZP5HMNGBJ","NA/CDS Mun Idx Tra","CDX.NA.HY"
"5191234203000000401","2236403499000001201","MODI","TRAD","2026-09-08T17:14:29Z","TRUE","CR","","N","FALSE","2026-09-04T22:33:52Z","2026-03-03","2026-12-20","","FALSE","BILT","FALSE","FALSE","TRUE","100,000","","USD","","","","","","","","","","","","","","","","","","","","","","","","","0.05","","","","","","","","","","","","false","","","","","","A004","","","","","","","","6682.88000","MNTH","","","","3","","","","UFRO","USD","","","","","false","0.94","","","","","","","","","","FALSE","","","","","","","","","QZZZP5HMNGBJ","NA/CDS Mun Idx Tra","CDX.NA.HY"
"5191339261000000101","2236403500000001301","MODI","TRAD","2026-09-08T17:15:14Z","TRUE","CR","","N","FALSE","2026-09-04T22:33:56Z","2026-03-03","2028-12-20","","FALSE","BILT","FALSE","FALSE","TRUE","6,000,000","","USD","","","","","","","","","","","","","","","","","","","","","","","","","0.05","","","","","","","","","","","","false","","","","","","A004","","","","","","","","1033499.43216","MNTH","","","","3","","","","UFRO","USD","","","","","false","0.97","","","","","","","","","","FALSE","","","","","","","","","QZS27VSGPF30","NA/CDS Mun Idx Tra","CDX.NA.HY"
"5191412087000000401","5148448927000006501","MODI","TRAD","2026-09-08T17:15:22Z","TRUE","CR","","N","FALSE","2026-09-04T22:33:44Z","2025-08-02","2026-12-20","","FALSE","BILT","FALSE","FALSE","TRUE","4,000,000","","USD","","","","","","","","","","","","","","","","","","","","","","","","","0.05","","","","","","","","","","","","false","","","","","","A004","","","","","","","","824635.19000","MNTH","","","","3","","","","UFRO","USD","","","","","false","0.94","","","","","","","","","","FALSE","","","","","","","","","QZZZP5HMNGBJ","NA/CDS Mun Idx Tra","CDX.NA.HY"
"5188294975000000101","","NEWT","TRAD","2026-09-08T13:08:12Z","","CR","","I","TRUE","2026-09-08T13:08:12Z","2026-09-09","2031-06-20","","FALSE","BBSF","FALSE","FALSE","","13,000,000","","USD","","","","","","","","","","","","","","","","","","","","","","","","","0.05","","","","","","0.0107865","","","","","","false","","","3","","","A004","","","","","","","","1141784.70015","MNTH","","","","3","","","","UFRO","USD","","","","","false","0.98","","","","","","","","","","FALSE","","","","","","","","","QZNKTC8Z3Q57","NA/CDS Corp Idx","CDX.NA.HY"
"5187726021000000101","","NEWT","TRAD","2026-09-08T12:22:40Z","","CR","","I","TRUE","2026-09-08T12:22:40Z","2026-09-09","2031-06-20","","","TWSF","FALSE","FALSE","","10,000,000","","USD","","","","","","","","","","","","","","","","","","","","","","","","","0.01","","","","","","0.00502978","","","","","","false","","","3","","","A004","","","","","","","","234991.05000","MNTH","","","","3","","","","UFRO","USD","","","","","false","1","","","","","","","","","","FALSE","","","","","","","","","QZ3WVVQG5T8K","NA/CDS Corp Idx","CDX.NA.IG"
"5196009092000000101","2218818981000000201","MODI","TRAD","2026-09-08T22:35:01Z","TRUE","CR","","N","FALSE","2026-02-25T21:03:30Z","2026-02-25","2026-12-10","","FALSE","BILT","FALSE","FALSE","TRUE","300,000,000","","USD","","","","","","","","","","","","","","","","","","","","","","","","","","","","","","","","","","","","","false","","","","","","","","","","","","","","0.00000","","","","","","","","","UFRO","USD","USD","","","","true","","","","","","","","","","","FALSE","","","","","","","","","QZRR0D5S3SHF","NA/CDS Corp Basket","Basket"
"5175213686000000101","","NEWT","TRAD","2026-09-08T06:59:32Z","","CR","","I","TRUE","2026-09-08T06:59:32Z","2026-09-09","2031-06-20","","","TWSF","FALSE","FALSE","","7,000,000","","EUR","","","","","","","","","","","","","","","","","","","","","","","","","0.01","","","","","","0.00538471","","","","","","false","","","3","","","A004","","","","","","","","158111.35000","MNTH","","","","3","","","","UFRO","EUR","","","","","false","1","","","","","","","","","","FALSE","","","","","","","","","QZTB38W3WJ98","NA/CDS Corp Idx","ITRAXX EUROPE SENIOR FINANCIALS"
"5173040616000000101","","NEWT","TRAD","2026-09-08T02:11:50Z","","CR","","N","FALSE","2026-09-08T02:11:50Z","2026-03-23","2031-06-20","","FALSE","BILT","FALSE","FALSE","TRUE","2,000,000,000","","JPY","","","","","","","","","","","","","","","","","","","","","","","","","0.01","","","","","","","","","","","","false","","","","","","A004","","","","","","","","","MNTH","","","","3","","","","","","JPY","","","","false","1","","","","","","","","","","FALSE","","","","","","","","","QZ9P5KKVF7M5","NA/CDS Corp Idx","ITRAXX JAPAN"
"5172773998000000101","5095587498000000101","EROR","","2026-09-02T16:43:27Z","","CR","","N","FALSE","2026-09-02T16:43:27Z","2026-09-03","2031-06-20","2031-06-20","FALSE","XXXX","FALSE","FALSE","TRUE","94,918,995+","","EUR","","","","","","","","","","","","","","","","","","","","","","","","","0.01","","","","","","","","","","","","false","","","","","","A004","","","","","","","","2108192.40657","MNTH","","","","3","","","","UFRO","EUR","EUR","EUR","","","false","1","","","","","","","","","","TRUE","0.000001","","3","","","","","","QZTB38W3WJ98","NA/CDS Corp Idx","ITRAXX EUROPE SENIOR FINANCIALS"
"5172832195000000101","5073826704000000101","EROR","","2026-09-08T00:45:45Z","","CR","","I","TRUE","2026-09-01T20:02:35Z","2026-03-20","2031-06-20","","","BILT","FALSE","FALSE","TRUE","50,000,000","","USD","","","","","","","","","","","","","","","","","","","","","","","","","0.05","","","","","","","","","","","","false","","","","","","A004","","","","","","","","4295830.00000","MNTH","","","","3","","","","UFRO","USD","","","","","false","0.98","","","","","","","","","","FALSE","","","","","","","","","QZNKTC8Z3Q57","NA/CDS Corp Idx","CDX.NA.HY"
"5172833680000000101","5119996094000000101","EROR","","2026-09-08T00:46:34Z","","CR","","I","TRUE","2026-09-03T17:00:31Z","2026-03-20","2031-06-20","","","BILT","FALSE","FALSE","FALSE","25,000,000","","USD","","","","","","","","","","","","","","","","","","","","","","","","","0.05","","","","","","","","","","","","false","","","","","","A004","","","","","","","","2181793.00000","MNTH","","","","3","","","","UFRO","USD","","","","","false","0.98","","","","","","","","","","FALSE","","","","","","","","","QZNKTC8Z3Q57","NA/CDS Corp Idx","CDX.NA.HY"
"5181733397000000101","","NEWT","TRAD","2026-09-08T09:02:29Z","","CR","","N","FALSE","2026-09-08T09:02:29Z","2026-11-18","2026-11-18","2031-06-20","FALSE","BILT","FALSE","FALSE","FALSE","344,160,034+","","EUR","","","","","","","","","","","","","","","","","","","","","","","","2026-11-18","0.01","","192,731","EUR","","","","","","","0.007","","false","","","","","3","A004","","","","","","","","","MNTH","","","","3","","","","","","","","","","false","","","","","","","","","","","TRUE","0.000527","","3","","","","","","QZ8Z2HV2KGSW","NA/CDS Idx Swt","NA/CDS Corp Idx"
"5181733398000000201","","NEWT","TRAD","2026-09-08T09:02:29Z","","CR","","N","FALSE","2026-09-08T09:02:29Z","2026-09-16","2026-09-16","2031-06-20","FALSE","BILT","FALSE","FALSE","FALSE","344,160,034+","","EUR","","","","","","","","","","","","","","","","","","","","","","","","2026-09-16","0.01","","11,357.3625","EUR","","","","","","","0.00625","","false","","","","","3","A004","","","","","","","","","MNTH","","","","3","","","","","","","","","","false","","","","","","","","","","","TRUE","0.000527","","3","","","","","","QZ8Z2HV2KGSW","NA/CDS Idx Swt","NA/CDS Corp Idx"
"5194110288000000101","","NEWT","TRAD","2026-09-08T20:07:28Z","","CR","","I","TRUE","2026-09-08T20:07:28Z","2026-09-09","2031-06-20","","","TWSF","FALSE","FALSE","","2,000,000","","USD","","","","","","","","","","","","","","","","","","","","","","","","","0.01","","","","","","0.005032","","","","","","false","","","3","","","A004","","","","","","","","46978.69589","MNTH","","","","3","","","","UFRO","USD","","","","","false","1","","","","","","","","","","FALSE","","","","","","","","","QZ3WVVQG5T8K","NA/CDS Corp Idx","CDX.NA.IG"
"5194129779000000101","","NEWT","TRAD","2026-09-08T20:08:09Z","","CR","","I","TRUE","2026-09-08T20:08:09Z","2026-09-09","2031-06-20","","FALSE","BBSF","FALSE","FALSE","","10,000,000","","USD","","","","","","","","","","","","","","","","","","","","","","","","","0.05","","","","","","0.01077689","","","","","","false","","","3","","","A004","","","","","","","","868879.98000","MNTH","","","","3","","","","UFRO","USD","","","","","false","0.98","","","","","","","","","","FALSE","","","","","","","","","QZNKTC8Z3Q57","NA/CDS Corp Idx","CDX.NA.HY"
"5194418351000000101","","NEWT","TRAD","2026-09-08T20:18:14Z","","CR","","I","TRUE","2026-09-08T20:18:14Z","2026-03-20","2031-06-20","","FALSE","TPSE","FALSE","FALSE","","10,000,000","","USD","","","","","","","","","","","","","","","","","","","","","","","","","0.05","","","","","","107.77","","USD","","","","false","","","1","","","A004","","","","","","","","","MNTH","","","","3","","","","","","USD","","","","false","0.98","","","","","","","OTHR","","","FALSE","","","","","","","","","QZNKTC8Z3Q57","NA/CDS Corp Idx","CDX.NA.HY"
"5194108237000000101","","NEWT","TRAD","2026-09-08T20:07:21Z","","CR","","N","FALSE","2026-09-08T20:07:21Z","2026-09-09","2027-06-20","","FALSE","BILT","FALSE","FALSE","TRUE","75,000,000","75,000,000","USD","USD","","","","","","","","","","","","","","","","","","","","","","","","0","","","","","","","","","","","","false","","","","","","A004","","","A004","","DAIL","","1","599637.40000","EXPI","","","MNTH","1","","","3","UFRO","USD","USD","USD","","","false","1","","","","","","","","","","FALSE","","","","","","","","","QZHL4450RBX5","NA/CDS Corp Idx","IBOXX USD LIQUID HIGH YIELD INDEX"
"5195175882000000101","4621886320000000101","TERM","NOVA","2026-09-08T20:43:44Z","","CR","","","","2026-08-06T14:06:25Z","2026-08-06","2026-09-16","","","","","","FALSE","","","","","","","","","","","","","","","","","","","","","","","","","","","","0.01","","","","","","","","","","","","","","","","","","","","","","","","","","","","","","","","","","","","","","","","","","","","","","","","","","","","","","","","","","","","","QZT4QS79CCTS","NA/CDS Idx Swt","NA/CDS Corp Idx"
"5179029277000000101","","NEWT","TRAD","2026-09-08T08:27:58Z","","CR","","I","TRUE","2026-09-08T08:27:58Z","2026-09-09","2031-06-20","","FALSE","BBSF","FALSE","FALSE","","20,000,000","","EUR","","","","","","","","","","","","","","","","","","","","","","","","","0.01","","","","","","0.00518","","","","","","false","","","3","","","A004","","","","","","","","470177.30000","MNTH","","","","3","","","","UFRO","EUR","","","","","false","1","","","","","","","","","","FALSE","","","","","","","","","QZTQ4GTC5QMF","NA/CDS Corp Idx","ITRAXX EUROPE"
"5176956417000000101","","NEWT","TRAD","2026-09-08T07:40:03Z","","CR","","N","TRUE","2026-09-08T07:40:03Z","2026-03-20","2031-06-20","","FALSE","TREU","FALSE","FALSE","FALSE","7,000,000","","EUR","","","","","","","","","","","","","","","","","","","","","","","","","0.05","","","","","","","","","","","","false","","","","","","A004","","","","","","","","790740.46902","MNTH","","","","3","","","","UFRO","EUR","","","","","false","1","","","","","","","","","","FALSE","","","","","","","","","QZ3HM9KVK2WL","NA/CDS Corp Idx","ITRAXX EUROPE CROSSOVER"
"5178013621000000101","","NEWT","TRAD","2026-09-08T08:01:58Z","","CR","","I","TRUE","2026-09-08T08:01:58Z","2026-09-09","2031-06-20","","","TWSF","FALSE","FALSE","","3,000,000","","EUR","","","","","","","","","","","","","","","","","","","","","","","","","0.01","","","","","","0.0087196","","","","","","false","","","3","","","A004","","","","","","","","23479.64435","MNTH","","","","3","","","","UFRO","EUR","","","","","false","1","","","","","","","","","","FALSE","","","","","","","","","QZ5GD86QBKCC","NA/CDS Corp Idx","ITRAXX EUROPE SUB FINANCIALS"
"5190224345000000201","","NEWT","TRAD","2026-09-08T16:13:15Z","","CR","","I","TRUE","2026-09-08T16:13:15Z","2026-09-09","2031-06-20","","FALSE","BBSF","FALSE","FALSE","","32,000,000","","USD","","","","","","","","","","","","","","","","","","","","","","","","","0.01","","","","","","0.005035","","","","","","false","","","3","","","A004","","","","","","","","751238.07148","MNTH","","","","3","","","","UFRO","USD","","","","","false","1","","","","","","","","","","TRUE","","","","0.000817","","3","","","QZ3WVVQG5T8K","NA/CDS Corp Idx","CDX.NA.IG"
"5190226351000000101","","NEWT","TRAD","2026-09-08T16:13:38Z","","CR","","I","TRUE","2026-09-08T16:13:38Z","2026-09-09","2031-06-20","","FALSE","BBSF","FALSE","FALSE","","7,000,000","","USD","","","","","","","","","","","","","","","","","","","","","","","","","0.01","","","","","","0.00501","","","","","","false","","","3","","","A004","","","","","","","","165098.65000","MNTH","","","","3","","","","UFRO","USD","","","","","false","1","","","","","","","","","","TRUE","","","","0.00501","","3","","","QZ3WVVQG5T8K","NA/CDS Corp Idx","CDX.NA.IG"
"5189704112000000101","","NEWT","TRAD","2026-09-08T15:46:48Z","","CR","","N","FALSE","2026-09-08T15:46:48Z","2026-09-08","2026-10-21","2031-06-20","FALSE","BILT","FALSE","FALSE","TRUE","150,000,000","","EUR","","","","","","","","","","","","","","","","","","","","","","","","2026-10-21","0.05","","120,000","EUR","","","","","","","0.035","","false","","","","","3","A004","","","","","","","","","MNTH","","","","3","","","","","","","","","","false","1","","","","","","","","","","FALSE","","","","","","","","","QZWDX55NJN4V","NA/CDS Idx Swt","NA/CDS Corp Idx"
"5190326848000000101","","NEWT","TRAD","2026-09-08T16:20:07Z","","CR","","I","TRUE","2026-09-08T16:20:07Z","2026-09-09","2031-06-20","","FALSE","BBSF","FALSE","FALSE","","7,000,000","","USD","","","","","","","","","","","","","","","","","","","","","","","","","0.01","","","","","","0.005027252","","","","","","false","","","3","","","A004","","","","","","","","164571.04000","MNTH","","","","3","","","","UFRO","USD","","","","","false","1","","","","","","","","","","FALSE","","","","","","","","","QZ3WVVQG5T8K","NA/CDS Corp Idx","CDX.NA.IG"
"5181632645000000101","","NEWT","TRAD","2026-09-08T09:10:13Z","","CR","","I","TRUE","2026-09-08T09:10:13Z","2026-09-09","2031-06-20","","FALSE","BBSF","FALSE","FALSE","","85,000,000","","EUR","","","","","","","","","","","","","","","","","","","","","","","","","0.01","","","","","","0.005175","","","","","","false","","","3","","","A004","","","","","","","","2000173.38025","MNTH","","","","3","","","","UFRO","EUR","","","","","false","1","","","","","","","","","","TRUE","","","","0.005175","","3","","","QZTQ4GTC5QMF","NA/CDS Corp Idx","ITRAXX EUROPE"
"5181662004000000401","","NEWT","TRAD","2026-09-08T09:11:17Z","","CR","","I","TRUE","2026-09-08T09:11:17Z","2026-03-20","2031-06-20","","FALSE","TPSE","FALSE","FALSE","","10,000,000","","EUR","","","","","","","","","","","","","","","","","","","","","","","","","0.05","","","","","","0.025175","","","","","","false","","","3","","","A004","","","","","","","","","MNTH","","","","3","","","","","","EUR","","","","false","1","","","","","","","OTHR","","","FALSE","","","","","","","","","QZ3HM9KVK2WL","NA/CDS Corp Idx","ITRAXX EUROPE CROSSOVER"
"5183822096000000101","5177799889000000201","EROR","","2026-09-08T09:51:42Z","","CR","","N","FALSE","2026-09-08T06:25:35Z","2026-03-20","2031-06-20","2031-06-20","FALSE","BILT","FALSE","FALSE","FALSE","","","","","","","","","","","","","","","","","","","","","","","","","","","","0.01","","","","","","","","","","","","false","","","","","","A004","","","","","","","","417014.68000","MNTH","","","","3","","","","UFRO","USD","","","","","false","1","","","","","","","","","","FALSE","","","","","","","","","QZD2VPNQ9ZFX","NA/CDS Corp Idx","ITRAXX ASIA EX-JAPAN IG"
"5183711111000000101","","NEWT","TRAD","2026-09-08T09:52:12Z","","CR","","I","TRUE","2026-09-08T09:52:12Z","2026-03-20","2031-06-20","","FALSE","BGCD","FALSE","FALSE","","10,000,000","","EUR","","","","","","","","","","","","","","","","","","","","","","","","","","","","","","","0.025125","","","","","","false","","","3","","","A004","","","","","","","","","MNTH","","","","3","","","","","","","","","","false","1","","","","","","","","","","FALSE","","","","","","","","","QZ3HM9KVK2WL","NA/CDS Corp Idx","ITRAXX EUROPE CROSSOVER"
"5187756601000000101","","NEWT","TRAD","2026-09-08T12:25:17Z","","CR","","I","TRUE","2026-09-08T12:25:17Z","2026-09-09","2031-06-20","","FALSE","BBSF","FALSE","FALSE","","5,000,000","","USD","","","","","","","","","","","","","","","","","","","","","","","","","0.05","","","","","","0.01078281","","","","","","false","","","3","","","A004","","","","","","","","437340.79000","MNTH","","","","3","","","","UFRO","USD","","","","","false","0.98","","","","","","","","","","FALSE","","","","","","","","","QZNKTC8Z3Q57","NA/CDS Corp Idx","CDX.NA.HY"
"5188522543000000101","5188522543000000101","MODI","TRAD","2026-09-08T13:16:16Z","FALSE","CR","","N","FALSE","2026-08-13T18:48:10Z","2024-10-25","2057-10-17","","FALSE","BILT","FALSE","FALSE","FALSE","490,000","","USD","","","","","","","","","","","","","","","","","","","","","","","","","0.02","","","","","","","","","","","","false","","","","","","A004","","","","","","","","5869.51177","MNTH","","","","1","","","","UFRO","USD","","","","","false","0.58305636","","","","","","","","","","FALSE","","","","","","","","","QZ3RWTC5GS93","NA/CDS Mun Idx","CMBX.NA.A"
"5187822335000000101","","NEWT","TRAD","2026-09-08T12:29:48Z","","CR","","I","TRUE","2026-09-08T12:29:48Z","2026-09-09","2031-06-20","","FALSE","BBSF","FALSE","FALSE","","15,000,000","","USD","","","","","","","","","","","","","","","","","","","","","","","","","0.05","","","","","","0.01078388","","","","","","false","","","3","","","A004","","","","","","","","1313595.27000","MNTH","","","","3","","","","UFRO","USD","","","","","false","0.98","","","","","","","","","","FALSE","","","","","","","","","QZNKTC8Z3Q57","NA/CDS Corp Idx","CDX.NA.HY"
"5188119136000000101","","NEWT","TRAD","2026-09-08T12:52:30Z","","CR","","I","TRUE","2026-09-08T12:52:30Z","2026-09-09","2031-06-20","","","TWSF","FALSE","TRUE","","76,000,000+","","USD","","","","","","","","","","","","","","","","","","","","","","","","","0.05","","","","","","0.0107865","","","","","","false","","","3","","","A004","","","","","","","","6675089.87773","MNTH","","","","3","","","","UFRO","USD","","","","","false","0.98","","","","","","","","","","FALSE","","","","","","","","","QZNKTC8Z3Q57","NA/CDS Corp Idx","CDX.NA.HY"
"5187832011000000101","","NEWT","TRAD","2026-09-08T12:30:41Z","","CR","","I","TRUE","2026-09-08T12:30:41Z","2026-09-09","2031-06-20","","FALSE","BBSF","FALSE","FALSE","","50,000,000","","USD","","","","","","","","","","","","","","","","","","","","","","","","","0.01","","","","","","0.00502565","","","","","","false","","","3","","","A004","","","","","","","","1175857.35000","MNTH","","","","3","","","","UFRO","USD","","","","","false","1","","","","","","","","","","FALSE","","","","","","","","","QZ3WVVQG5T8K","NA/CDS Corp Idx","CDX.NA.IG"
"5187967479000000201","","NEWT","TRAD","2026-09-08T12:40:52Z","","CR","","I","TRUE","2026-09-08T12:40:52Z","2026-09-09","2031-06-20","","FALSE","BBSF","FALSE","FALSE","","2,000,000","","USD","","","","","","","","","","","","","","","","","","","","","","","","","0.05","","","","","","0.010784","","","","","","false","","","3","","","A004","","","","","","","","175169.56000","MNTH","","","","3","","","","UFRO","USD","","","","","false","0.98","","","","","","","","","","FALSE","","","","","","","","","QZNKTC8Z3Q57","NA/CDS Corp Idx","CDX.NA.HY"
"5187986921000000101","","NEWT","TRAD","2026-09-08T12:42:17Z","","CR","","I","TRUE","2026-09-08T12:42:17Z","2026-09-09","2031-06-20","","","TWSF","FALSE","FALSE","","5,000,000","","EUR","","","","","","","","","","","","","","","","","","","","","","","","","0.05","","","","","","0.02503893","","","","","","false","","","3","","","A004","","","","","","","","566169.84000","MNTH","","","","3","","","","UFRO","EUR","","","","","false","1","","","","","","","","","","FALSE","","","","","","","","","QZ3HM9KVK2WL","NA/CDS Corp Idx","ITRAXX EUROPE CROSSOVER"
"5188027018000000101","","NEWT","TRAD","2026-09-08T12:45:33Z","","CR","","I","TRUE","2026-09-08T12:45:33Z","2026-09-09","2031-06-20","","FALSE","BBSF","FALSE","FALSE","","50,000,000","","USD","","","","","","","","","","","","","","","","","","","","","","","","","0.01","","","","","","0.00502","","","","","","false","","","3","","","A004","","","","","","","","1177091.54000","MNTH","","","","3","","","","UFRO","USD","","","","","false","1","","","","","","","","","","FALSE","","","","","","","","","QZ3WVVQG5T8K","NA/CDS Corp Idx","CDX.NA.IG"
"5188045470000000101","5188041275000000301","TERM","CLRG","2026-09-08T12:44:17Z","","CR","","I","TRUE","2026-09-08T12:44:17Z","2026-09-09","2031-06-20","","","BTFE","FALSE","FALSE","FALSE","15,000,000","","USD","","","","","","","","","","","","","","","","","","","","","","","","","","","","","","","","","","","","","false","","","","","","A004","","","","","","","","352763.76000","MNTH","","","","3","","","","UFRO","USD","","","","","false","1","","","","","","","","","","FALSE","","","","","","","","","QZ3WVVQG5T8K","NA/CDS Corp Idx","CDX.NA.IG"
"5188208334000000101","","NEWT","TRAD","2026-09-08T12:57:54Z","","CR","","I","TRUE","2026-09-08T12:57:54Z","2026-09-09","2031-06-20","","FALSE","BBSF","FALSE","FALSE","","50,000,000","","USD","","","","","","","","","","","","","","","","","","","","","","","","","0.01","","","","","","0.00501","","","","","","false","","","3","","","A004","","","","","","","","1179276.07000","MNTH","","","","3","","","","UFRO","USD","","","","","false","1","","","","","","","","","","FALSE","","","","","","","","","QZ3WVVQG5T8K","NA/CDS Corp Idx","CDX.NA.IG"
"5188041273000000101","","NEWT","TRAD","2026-09-08T12:46:36Z","","CR","","I","TRUE","2026-09-08T12:46:36Z","2026-09-09","2031-06-20","","FALSE","BBSF","FALSE","TRUE","","46,461,605+","","EUR","","","","","","","","","","","","","","","","","","","","","","","","","0.05","","","","","","0.02505","","","","","","false","","","3","","","A004","","","","","","","","5258743.31698","MNTH","","","","3","","","","UFRO","EUR","","","","","false","1","","","","","","","","","","TRUE","","","","0.002957","","3","","","QZ3HM9KVK2WL","NA/CDS Corp Idx","ITRAXX EUROPE CROSSOVER"
"5187288504000000101","","NEWT","NOVA","2026-09-08T11:28:08Z","FALSE","CR","","I","FALSE","2026-09-08T11:28:08Z","2026-09-07","2026-10-21","","","BILT","FALSE","FALSE","TRUE","23,000,000","","EUR","","","","","","","","","","","","","","","","","","","","","","","","2026-10-21","","","0","","","","0.025","","","","0.025","","false","","","3","","3","","","","","","","","","","","","","","","","","","","","","","","","false","1","","","","","","","","","","FALSE","","","","","","","","","QZTL0V3X916X","NA/CDS Idx Swt","NA/CDS Corp Idx"
"5187483256000000101","","NEWT","TRAD","2026-09-08T11:57:19Z","","CR","","I","TRUE","2026-09-08T11:57:19Z","2026-09-09","2030-12-20","","FALSE","BBSF","FALSE","FALSE","","30,000,000","","EUR","","","","","","","","","","","","","","","","","","","","","","","","","0.05","","","","","","0.02211","","","","","","false","","","3","","","A004","","","","","","","","3483973.50000","MNTH","","","","3","","","","UFRO","EUR","","","","","false","1","","","","","","","","","","FALSE","","","","","","","","","QZ5F5FRS4TR9","NA/CDS Corp Idx","ITRAXX EUROPE CROSSOVER"
"5187489296000000101","","NEWT","TRAD","2026-09-08T11:57:37Z","","CR","","I","TRUE","2026-09-08T11:57:37Z","2026-09-09","2031-06-20","","FALSE","BBSF","FALSE","FALSE","","20,000,000","","USD","","","","","","","","","","","","","","","","","","","","","","","","","0.01","","","","","","0.005033","","","","","","false","","","3","","","A004","","","","","","","","469700.76000","MNTH","","","","3","","","","UFRO","USD","","","","","false","1","","","","","","","","","","FALSE","","","","","","","","","QZ3WVVQG5T8K","NA/CDS Corp Idx","CDX.NA.IG"
"5187540278000000201","","NEWT","TRAD","2026-09-08T12:03:34Z","","CR","","I","FALSE","2026-09-08T12:03:34Z","2026-03-20","2031-06-20","","","BGCO","FALSE","FALSE","FALSE","50,000,000","","EUR","","","","","","","","","","","","","","","","","","","","","","","","","0.01","","","","","","","","","","","","false","","","","","","A004","","","","","","","","1179386.00000","MNTH","","","","3","","","","UFRO","EUR","","","","","false","1","","","","","","","","","","TRUE","","","","-7","","4","","","QZTQ4GTC5QMF","NA/CDS Corp Idx","ITRAXX EUROPE"
"5187559174000000101","","NEWT","TRAD","2026-09-08T12:06:37Z","","CR","","I","TRUE","2026-09-08T12:06:37Z","2026-09-09","2031-06-20","","FALSE","BBSF","FALSE","FALSE","","50,000,000","","EUR","","","","","","","","","","","","","","","","","","","","","","","","","0.01","","","","","","0.0051565","","","","","","false","","","3","","","A004","","","","","","","","1180737.34000","MNTH","","","","3","","","","UFRO","EUR","","","","","false","1","","","","","","","","","","FALSE","","","","","","","","","QZTQ4GTC5QMF","NA/CDS Corp Idx","ITRAXX EUROPE"
"5187031774000000101","","NEWT","TRAD","2026-09-08T11:30:19Z","","CR","","I","TRUE","2026-09-08T11:30:19Z","2026-09-09","2031-06-20","","FALSE","BBSF","FALSE","FALSE","","30,000,000","","USD","","","","","","","","","","","","","","","","","","","","","","","","","0.01","","","","","","0.00502288","","","","","","false","","","3","","","A004","","","","","","","","705877.45000","MNTH","","","","3","","","","UFRO","USD","","","","","false","1","","","","","","","","","","FALSE","","","","","","","","","QZ3WVVQG5T8K","NA/CDS Corp Idx","CDX.NA.IG"
"5187354039000000101","","NEWT","TRAD","2026-09-08T11:44:29Z","","CR","","I","TRUE","2026-09-08T11:44:29Z","2026-09-09","2031-06-20","","","TWSF","FALSE","FALSE","","7,000,000","","USD","","","","","","","","","","","","","","","","","","","","","","","","","0.05","","","","","","0.01078422","","","","","","false","","","3","","","A004","","","","","","","","613240.05435","MNTH","","","","3","","","","UFRO","USD","","","","","false","0.98","","","","","","","","","","FALSE","","","","","","","","","QZNKTC8Z3Q57","NA/CDS Corp Idx","CDX.NA.HY"
"5186033835000000101","","NEWT","TRAD","2026-09-08T10:53:32Z","","CR","","I","TRUE","2026-09-08T10:53:32Z","2026-09-09","2031-06-20","","FALSE","BBSF","FALSE","FALSE","","76,000,000","","EUR","","","","","","","","","","","","","","","","","","","","","","","","","0.01","","","","","","0.00516","","","","","","false","","","3","","","A004","","","","","","","","1793522.17000","MNTH","","","","3","","","","UFRO","EUR","","","","","false","1","","","","","","","","","","TRUE","","","","0","","3","","","QZTQ4GTC5QMF","NA/CDS Corp Idx","ITRAXX EUROPE"
"5186197041000000101","","NEWT","TRAD","2026-09-08T10:59:18Z","","CR","","I","TRUE","2026-09-08T10:59:18Z","2026-09-09","2031-06-20","","FALSE","BBSF","FALSE","FALSE","","10,000,000","","EUR","","","","","","","","","","","","","","","","","","","","","","","","","0.05","","","","","","0.02513335","","","","","","false","","","3","","","A004","","","","","","","","1128106.62000","MNTH","","","","3","","","","UFRO","EUR","","","","","false","1","","","","","","","","","","FALSE","","","","","","","","","QZ3HM9KVK2WL","NA/CDS Corp Idx","ITRAXX EUROPE CROSSOVER"
"5185419217000000101","","NEWT","TRAD","2026-09-08T10:33:14Z","","CR","","I","TRUE","2026-09-08T10:33:14Z","2026-09-09","2030-12-20","","FALSE","BBSF","FALSE","FALSE","","11,000,000","","EUR","","","","","","","","","","","","","","","","","","","","","","","","","0.05","","","","","","0.0222925","","","","","","false","","","3","","","A004","","","","","","","","1269169.92940","MNTH","","","","3","","","","UFRO","EUR","","","","","false","1","","","","","","","","","","TRUE","","","","0.00289","","3","","","QZ5F5FRS4TR9","NA/CDS Corp Idx","ITRAXX EUROPE CROSSOVER"
"5185516460000000201","","NEWT","TRAD","2026-09-08T10:37:51Z","","CR","","I","TRUE","2026-09-08T10:37:51Z","2026-09-09","2031-06-20","","FALSE","BBSF","FALSE","FALSE","","5,000,000","","EUR","","","","","","","","","","","","","","","","","","","","","","","","","0.01","","","","","","0.0051558","","","","","","false","","","3","","","A004","","","","","","","","118089.87789","MNTH","","","","3","","","","UFRO","EUR","","","","","false","1","","","","","","","","","","FALSE","","","","","","","","","QZTQ4GTC5QMF","NA/CDS Corp Idx","ITRAXX EUROPE"
"5193203909000000101","","NEWT","TRAD","2026-09-08T19:25:23Z","","CR","","I","TRUE","2026-09-08T19:25:23Z","2026-09-09","2031-06-20","","FALSE","BBSF","FALSE","FALSE","","3,000,000","","USD","","","","","","","","","","","","","","","","","","","","","","","","","0.05","","","","","","0.01078162","","","","","","false","","","3","","","A004","","","","","","","","262054.36292","MNTH","","","","3","","","","UFRO","USD","","","","","false","0.98","","","","","","","","","","FALSE","","","","","","","","","QZNKTC8Z3Q57","NA/CDS Corp Idx","CDX.NA.HY"
"5193249885000000101","","NEWT","TRAD","2026-09-08T19:28:10Z","","CR","","I","TRUE","2026-09-08T19:28:10Z","2026-09-09","2031-06-20","","FALSE","BBSF","FALSE","FALSE","","75,000,000","","USD","","","","","","","","","","","","","","","","","","","","","","","","","0.01","","","","","","0.005026","","","","","","false","","","3","","","A004","","","","","","","","1763671.35000","MNTH","","","","3","","","","UFRO","USD","","","","","false","1","","","","","","","","","","FALSE","","","","","","","","","QZ3WVVQG5T8K","NA/CDS Corp Idx","CDX.NA.IG"
"5192238006000000101","","NEWT","TRAD","2026-09-08T17:55:21Z","","CR","","N","FALSE","2026-09-08T17:55:21Z","2026-10-21","2026-10-21","2031-06-20","FALSE","BILT","FALSE","FALSE","FALSE","400,000,000+","","USD","","","","","","","","","","","","","","","","","","","","","","","","2026-10-21","0.01","","148,000","USD","","","","","","","0.006","","false","","","","","3","A004","","","","","","","","","MNTH","","","","3","","","","","","","","","","false","","","","","","","","","","","FALSE","","","","","","","","","QZ9Z7H8JV03N","NA/CDS Idx Swt","NA/CDS Corp Idx"
"5192618993000000101","","NEWT","TRAD","2026-09-08T18:21:05Z","","CR","","I","TRUE","2026-09-08T18:21:05Z","2026-09-09","2031-06-20","","FALSE","BBSF","FALSE","FALSE","","20,000,000","","USD","","","","","","","","","","","","","","","","","","","","","","","","","0.05","","","","","","0.01078505","","","","","","false","","","3","","","A004","","","","","","","","1753753.56000","MNTH","","","","3","","","","UFRO","USD","","","","","false","0.98","","","","","","","","","","FALSE","","","","","","","","","QZNKTC8Z3Q57","NA/CDS Corp Idx","CDX.NA.HY"
"5192798385000000101","","NEWT","TRAD","2026-09-08T18:37:33Z","","CR","","I","TRUE","2026-09-08T18:37:33Z","2026-09-09","2031-06-20","","","TWSF","FALSE","FALSE","","150,000,000","","USD","","","","","","","","","","","","","","","","","","","","","","","","","0.01","","","","","","0.005022","","","","","","false","","","3","","","A004","","","","","","","","3529963.96000","MNTH","","","","3","","","","UFRO","USD","","","","","false","1","","","","","","","","","","FALSE","","","","","","","","","QZ3WVVQG5T8K","NA/CDS Corp Idx","CDX.NA.IG"
"5192375874000000101","","NEWT","TRAD","2026-09-08T18:09:56Z","","CR","","N","FALSE","2026-09-08T18:08:00Z","2026-09-09","2027-01-08","","TRUE","BILT","FALSE","FALSE","TRUE","110,000,000","","USD","","","","","","","","","","","","","","","","","","","","","","","","","","","","","","","0.0022","","","","","","false","","","3","","","","","A004","","MNTH","","6","","","","MNTH","","","","6","","","","","USD","","","","false","","","","","","","","","","","FALSE","","","","","","","","","QZ5N1PBKRSTN","NA/CDS Corp SN Sr","GENERIC TINT PMT"
"5192841921000000101","","NEWT","TRAD","2026-09-08T18:48:56Z","","CR","","I","TRUE","2026-09-08T18:48:56Z","2026-09-09","2031-06-20","","FALSE","BBSF","FALSE","FALSE","","25,000,000","","USD","","","","","","","","","","","","","","","","","","","","","","","","","0.05","","","","","","0.01078255","","","","","","false","","","3","","","A004","","","","","","","","2186066.94000","MNTH","","","","3","","","","UFRO","USD","","","","","false","0.98","","","","","","","","","","FALSE","","","","","","","","","QZNKTC8Z3Q57","NA/CDS Corp Idx","CDX.NA.HY"
"5192850347000000101","","NEWT","TRAD","2026-09-08T18:51:08Z","","CR","","I","TRUE","2026-09-08T18:51:08Z","2026-09-09","2031-06-20","","","TWSF","FALSE","FALSE","","25,000,000","","USD","","","","","","","","","","","","","","","","","","","","","","","","","0.05","","","","","","0.01078313","","","","","","false","","","3","","","A004","","","","","","","","2187487.94000","MNTH","","","","3","","","","UFRO","USD","","","","","false","0.98","","","","","","","","","","FALSE","","","","","","","","","QZNKTC8Z3Q57","NA/CDS Corp Idx","CDX.NA.HY"
"5192767312000000101","","NEWT","TRAD","2026-09-08T18:26:49Z","","CR","","N","FALSE","2026-09-08T18:26:49Z","2026-09-08","2026-09-16","2031-06-20","FALSE","BILT","FALSE","FALSE","TRUE","100,000,000","","USD","","","","","","","","","","","","","","","","","","","","","","","","2026-09-16","0.05","","47,530","USD","","","","","","","0.0107","","false","","","","","3","A004","","","","","","","","","MNTH","","","","3","","","","","","","","","","false","0.98","","","","","","","","","","FALSE","","","","","","","","","QZ4682HKL4CM","NA/CDS Idx Swt","NA/CDS Corp Idx"
"5192774932000000301","5192774930000000101","TERM","NOVA","2026-09-08T18:29:30Z","","CR","","N","FALSE","2024-09-10T17:32:39Z","2026-09-09","2031-06-20","2031-06-20","TRUE","BILT","FALSE","FALSE","TRUE","8,000,000","","EUR","","","","","","","","","","","","","","","","","","","","","","","","","0","","","","","","","","","","","","false","","","","","","A004","","","","","","","","","MNTH","","","","3","","","","","","","","","","false","1","","","","","","","","","","FALSE","","","","","","","","","QZ6CJRNWZ7SD","NA/Cr Sw Bskt CDS Corp Au",""
"5192808155000000101","","NEWT","TRAD","2026-09-08T18:30:13Z","","CR","","I","FALSE","2026-09-08T18:26:51Z","2026-09-08","2026-10-21","2031-06-20","FALSE","BILT","FALSE","FALSE","TRUE","400,000,000+","","USD","","","","","","","","","","","","","","","","","","","","","","","","2026-10-21","0.01","","20,000","USD","","","","","","","0.0085","","false","","","","","3","A004","","","","","","","","","MNTH","","","","3","","","","","","","","","","false","1","","","","","","","","","","FALSE","","","","","","","","","QZT4QS79CCTS","NA/CDS Idx Swt","NA/CDS Corp Idx"
"5192894258000000101","","NEWT","TRAD","2026-09-08T19:02:27Z","","CR","","I","TRUE","2026-09-08T19:02:27Z","2026-03-20","2031-06-20","","FALSE","TPSE","FALSE","FALSE","","25,000,000","","USD","","","","","","","","","","","","","","","","","","","","","","","","","0.01","","","","","","0.005025","","","","","","false","","","3","","","A004","","","","","","","","","MNTH","","","","3","","","","","","USD","","","","false","1","","","","","","","OTHR","","","FALSE","","","","","","","","","QZ3WVVQG5T8K","NA/CDS Corp Idx","CDX.NA.IG"
"5192845906000000101","","NEWT","TRAD","2026-09-08T18:49:57Z","","CR","","I","TRUE","2026-09-08T18:49:57Z","2026-09-09","2031-06-20","","","TWSF","FALSE","TRUE","","240,000,000","","USD","","","","","","","","","","","","","","","","","","","","","","","","","0.01","","","","","","0.00502","","","","","","false","","","3","","","A004","","","","","","","","5650058.21729","MNTH","","","","3","","","","UFRO","USD","","","","","false","1","","","","","","","","","","TRUE","","","","0.00502","","3","","","QZ3WVVQG5T8K","NA/CDS Corp Idx","CDX.NA.IG"
"5192908118000000101","","NEWT","TRAD","2026-09-08T19:04:49Z","","CR","","I","FALSE","2026-09-08T19:04:49Z","2026-03-20","2031-06-20","","FALSE","TPSE","FALSE","FALSE","","25,000,000","","USD","","","","","","","","","","","","","","","","","","","","","","","","","0.01","","","","","","98.46","","USD","","","","false","","","1","","","A004","","","","","","","","","MNTH","","","","3","","","","","","USD","","","","false","1","","","","","","","OTHR","","","FALSE","","","","","","","","","QZ4JMQKL3P03","NA/CDS Corp Idx","CDX.EM"
"5192977767000000101","","NEWT","TRAD","2026-09-08T19:12:33Z","","CR","","I","TRUE","2026-09-08T19:12:33Z","2026-09-09","2031-06-20","","","TWSF","FALSE","FALSE","","15,000,000","","USD","","","","","","","","","","","","","","","","","","","","","","","","","0.05","","","","","","0.01078225","","","","","","false","","","3","","","A004","","","","","","","","1311199.17000","MNTH","","","","3","","","","UFRO","USD","","","","","false","0.98","","","","","","","","","","FALSE","","","","","","","","","QZNKTC8Z3Q57","NA/CDS Corp Idx","CDX.NA.HY"
"5193006026000000101","","NEWT","TRAD","2026-09-08T19:14:41Z","","CR","","I","TRUE","2026-09-08T19:14:41Z","2026-09-09","2031-06-20","","FALSE","BBSF","FALSE","FALSE","","10,000,000","","USD","","","","","","","","","","","","","","","","","","","","","","","","","0.05","","","","","","0.0107815","","","","","","false","","","3","","","A004","","","","","","","","873397.78000","MNTH","","","","3","","","","UFRO","USD","","","","","false","0.98","","","","","","","","","","FALSE","","","","","","","","","QZNKTC8Z3Q57","NA/CDS Corp Idx","CDX.NA.HY"
"5193094814000000101","","NEWT","TRAD","2026-09-08T19:20:16Z","","CR","","I","TRUE","2026-09-08T19:20:16Z","2026-09-09","2031-06-20","","FALSE","BBSF","FALSE","FALSE","","5,000,000","","USD","","","","","","","","","","","","","","","","","","","","","","","","","0.05","","","","","","0.010782","","","","","","false","","","3","","","A004","","","","","","","","436943.89000","MNTH","","","","3","","","","UFRO","USD","","","","","false","0.98","","","","","","","","","","FALSE","","","","","","","","","QZNKTC8Z3Q57","NA/CDS Corp Idx","CDX.NA.HY"
"5193397158000000101","","NEWT","TRAD","2026-09-08T19:37:05Z","","CR","","I","TRUE","2026-09-08T19:37:05Z","2026-09-09","2031-06-20","","FALSE","BBSF","FALSE","FALSE","","3,000,000","","USD","","","","","","","","","","","","","","","","","","","","","","","","","0.05","","","","","","0.0107815","","","","","","false","","","3","","","A004","","","","","","","","262019.33000","MNTH","","","","3","","","","UFRO","USD","","","","","false","0.98","","","","","","","","","","FALSE","","","","","","","","","QZNKTC8Z3Q57","NA/CDS Corp Idx","CDX.NA.HY"
"5189221697000000101","","NEWT","TRAD","2026-09-08T14:32:07Z","","CR","","I","TRUE","2026-09-08T14:32:07Z","2026-09-09","2031-06-20","","FALSE","BBSF","FALSE","FALSE","","28,000,000","","USD","","","","","","","","","","","","","","","","","","","","","","","","","0.05","","","","","","0.01078398","","","","","","false","","","3","","","A004","","","","","","","","2452314.51977","MNTH","","","","3","","","","UFRO","USD","","","","","false","0.98","","","","","","","","","","FALSE","","","","","","","","","QZNKTC8Z3Q57","NA/CDS Corp Idx","CDX.NA.HY"
"5189134297000000101","","NEWT","TRAD","2026-09-08T14:20:06Z","","CR","","I","TRUE","2026-09-08T14:20:06Z","2026-09-09","2036-06-20","","","TWSF","FALSE","TRUE","","200,000,000","","EUR","","","","","","","","","","","","","","","","","","","","","","","","","0.01","","","","","","0.009347","","","","","","false","","","3","","","A004","","","","","","","","1479146.67000","MNTH","","","","3","","","","UFRO","EUR","","","","","false","1","","","","","","","","","","FALSE","","","","","","","","","QZ4LNL81ZBTS","NA/CDS Corp Idx","ITRAXX EUROPE"
"5189243824000000101","","NEWT","TRAD","2026-09-08T14:35:00Z","","CR","","I","TRUE","2026-09-08T14:35:00Z","2026-09-09","2031-06-20","","FALSE","BBSF","FALSE","FALSE","","8,000,000","","USD","","","","","","","","","","","","","","","","","","","","","","","","","0.05","","","","","","0.01078344","","","","","","false","","","3","","","A004","","","","","","","","700239.18000","MNTH","","","","3","","","","UFRO","USD","","","","","false","0.98","","","","","","","","","","FALSE","","","","","","","","","QZNKTC8Z3Q57","NA/CDS Corp Idx","CDX.NA.HY"
"5189157634000000301","","NEWT","TRAD","2026-09-08T14:23:10Z","","CR","","I","TRUE","2026-09-08T14:23:10Z","2026-09-09","2031-06-20","","FALSE","BBSF","FALSE","TRUE","","250,000,000+","","USD","","","","","","","","","","","","","","","","","","","","","","","","","0.01","","","","","","0.005032","","","","","","false","","","3","","","A004","","","","","","","","5872396.90127","MNTH","","","","3","","","","UFRO","USD","","","","","false","1","","","","","","","","","","TRUE","","","","0.000815","","3","","","QZ3WVVQG5T8K","NA/CDS Corp Idx","CDX.NA.IG"
"5189276155000000201","","NEWT","TRAD","2026-09-08T14:39:11Z","","CR","","I","FALSE","2026-09-08T14:39:11Z","2026-09-09","2031-06-20","","","TWSF","FALSE","FALSE","","6,000,000","","USD","","","","","","","","","","","","","","","","","","","","","","","","","0.01","","","","","","0.0098441","","","","","","false","","","3","","","A004","","","","","","","","80373.33120","MNTH","","","","3","","","","UFRO","USD","","","","","false","1","","","","","","","","","","FALSE","","","","","","","","","QZ4JMQKL3P03","NA/CDS Corp Idx","CDX.EM"
"5189216757000000101","","NEWT","TRAD","2026-09-08T14:31:37Z","","CR","","I","TRUE","2026-09-08T14:31:37Z","2026-09-09","2029-12-20","","FALSE","BBSF","FALSE","TRUE","","98,000,000","","EUR","","","","","","","","","","","","","","","","","","","","","","","","","0.05","","","","","","0.0205","","","","","","false","","","3","","","A004","","","","","","","","9352322.68000","MNTH","","","","3","","","","UFRO","EUR","","","","","false","0.95999","","","","","","","","","","TRUE","","","","0.0205","","3","","","QZC9WN4TPTDV","NA/CDS Corp Idx","ITRAXX EUROPE CROSSOVER"
"5189323982000000201","","NEWT","TRAD","2026-09-08T14:46:07Z","","CR","","I","TRUE","2026-09-08T14:46:07Z","2026-09-09","2031-06-20","","FALSE","BBSF","FALSE","FALSE","","5,000,000","","USD","","","","","","","","","","","","","","","","","","","","","","","","","0.01","","","","","","0.00502192","","","","","","false","","","3","","","A004","","","","","","","","117667.21000","MNTH","","","","3","","","","UFRO","USD","","","","","false","1","","","","","","","","","","FALSE","","","","","","","","","QZ3WVVQG5T8K","NA/CDS Corp Idx","CDX.NA.IG"
"5189331422000000201","","NEWT","TRAD","2026-09-08T14:47:21Z","","CR","","I","FALSE","2026-09-08T14:47:21Z","2026-09-09","2031-06-20","","","TWSF","FALSE","FALSE","","25,000,000","","EUR","","","","","","","","","","","","","","","","","","","","","","","","","0.01","","","","","","0.0051541","","","","","","false","","","3","","","A004","","","","","","","","590639.03000","MNTH","","","","3","","","","UFRO","EUR","","","","","false","1","","","","","","","","","","FALSE","","","","","","","","","QZTQ4GTC5QMF","NA/CDS Corp Idx","ITRAXX EUROPE"
"5189185046000000101","","NEWT","TRAD","2026-09-08T14:24:00Z","","CR","","N","FALSE","2026-09-08T14:24:00Z","2026-09-08","2027-01-20","2031-06-20","FALSE","BILT","FALSE","FALSE","TRUE","400,000,000+","","USD","","","","","","","","","","","","","","","","","","","","","","","","2027-01-20","0.01","","150,000.48","USD","","","","","","","0.01","","false","","","","","3","A004","","","","","","","","","MNTH","","","","3","","","","","","","","","","false","1","","","","","","","","","","FALSE","","","","","","","","","QZT4QS79CCTS","NA/CDS Idx Swt","NA/CDS Corp Idx"
"5189320079000000101","","NEWT","TRAD","2026-09-08T14:24:42Z","","CR","","N","FALSE","2026-09-08T14:24:04Z","2026-09-08","2027-01-20","2031-06-20","FALSE","BILT","FALSE","FALSE","TRUE","13,000,000","","USD","","","","","","","","","","","","","","","","","","","","","","","","2027-01-20","0.05","","46,488.26","USD","","","","","","","0.0102","","false","","","","","3","A004","","","","","","","","","MNTH","","","","3","","","","","","","","","","false","0.98","","","","","","","","","","FALSE","","","","","","","","","QZ4682HKL4CM","NA/CDS Idx Swt","NA/CDS Corp Idx"
"5189380320000000101","","NEWT","TRAD","2026-09-08T14:55:26Z","","CR","","I","FALSE","2026-09-08T14:55:26Z","2026-09-09","2031-06-20","","","TWSF","FALSE","FALSE","","15,000,000","","USD","","","","","","","","","","","","","","","","","","","","","","","","","0.05","","","","","","0.01078406","","","","","","false","","","3","","","A004","","","","","","","","1313859.87000","MNTH","","","","3","","","","UFRO","USD","","","","","false","0.98","","","","","","","","","","FALSE","","","","","","","","","QZNKTC8Z3Q57","NA/CDS Corp Idx","CDX.NA.HY"
"5189390306000000101","","NEWT","TRAD","2026-09-08T14:57:07Z","","CR","","I","TRUE","2026-09-08T14:57:07Z","2026-09-09","2031-06-20","","FALSE","BBSF","FALSE","FALSE","","80,000,000","","USD","","","","","","","","","","","","","","","","","","","","","","","","","0.01","","","","","","0.0050192","","","","","","false","","","3","","","A004","","","","","","","","1883626.07000","MNTH","","","","3","","","","UFRO","USD","","","","","false","1","","","","","","","","","","FALSE","","","","","","","","","QZ3WVVQG5T8K","NA/CDS Corp Idx","CDX.NA.IG"
"5189594869000000101","","NEWT","TRAD","2026-09-08T15:32:36Z","","CR","","I","TRUE","2026-09-08T15:32:36Z","2026-09-09","2031-06-20","","FALSE","BBSF","FALSE","FALSE","","3,000,000","","USD","","","","","","","","","","","","","","","","","","","","","","","","","0.05","","","","","","0.01078383","","","","","","false","","","3","","","A004","","","","","","","","262705.23337","MNTH","","","","3","","","","UFRO","USD","","","","","false","0.98","","","","","","","","","","FALSE","","","","","","","","","QZNKTC8Z3Q57","NA/CDS Corp Idx","CDX.NA.HY"
"5189605965000000101","","NEWT","TRAD","2026-09-08T15:35:24Z","","CR","","I","TRUE","2026-09-08T15:35:24Z","2026-09-09","2031-06-20","","FALSE","BBSF","FALSE","FALSE","","5,000,000","","USD","","","","","","","","","","","","","","","","","","","","","","","","","0.05","","","","","","0.01078383","","","","","","false","","","3","","","A004","","","","","","","","437840.59000","MNTH","","","","3","","","","UFRO","USD","","","","","false","0.98","","","","","","","","","","FALSE","","","","","","","","","QZNKTC8Z3Q57","NA/CDS Corp Idx","CDX.NA.HY"
"5189652264000000101","","NEWT","TRAD","2026-09-08T15:45:18Z","","CR","","I","TRUE","2026-09-08T15:45:18Z","2026-09-09","2031-06-20","","FALSE","BBSF","FALSE","FALSE","","10,000,000","","EUR","","","","","","","","","","","","","","","","","","","","","","","","","0.05","","","","","","0.0250426","","","","","","false","","","3","","","A004","","","","","","","","1132175.09000","MNTH","","","","3","","","","UFRO","EUR","","","","","false","1","","","","","","","","","","FALSE","","","","","","","","","QZ3HM9KVK2WL","NA/CDS Corp Idx","ITRAXX EUROPE CROSSOVER"
"5189663901000000101","","NEWT","TRAD","2026-09-08T15:46:46Z","","CR","","I","TRUE","2026-09-08T15:46:44Z","2026-03-20","2031-06-20","","FALSE","TREU","FALSE","FALSE","FALSE","20,000,000","","EUR","","","","","","","","","","","","","","","","","","","","","","","","","0.01","","","","","","","","","","","","false","","","","","","A004","","","","","","","","","MNTH","","","","3","","","","","","EUR","","","","false","1","","","","","","","","","","FALSE","","","","","","","","","QZTQ4GTC5QMF","NA/CDS Corp Idx","ITRAXX EUROPE"
"5189530071000000101","","NEWT","TRAD","2026-09-08T15:19:11Z","","CR","","I","TRUE","2026-09-08T15:19:11Z","2026-09-09","2031-06-20","","FALSE","BBSF","FALSE","FALSE","","8,000,000","","EUR","","","","","","","","","","","","","","","","","","","","","","","","","0.05","","","","","","0.02503","","","","","","false","","","3","","","A004","","","","","","","","906193.72761","MNTH","","","","3","","","","UFRO","EUR","","","","","false","1","","","","","","","","","","FALSE","","","","","","","","","QZ3HM9KVK2WL","NA/CDS Corp Idx","ITRAXX EUROPE CROSSOVER"
"5189543919000000101","","NEWT","TRAD","2026-09-08T15:21:15Z","","CR","","I","TRUE","2026-09-08T15:21:15Z","2026-09-09","2031-06-20","","FALSE","BBSF","FALSE","FALSE","","5,000,000","","EUR","","","","","","","","","","","","","","","","","","","","","","","","","0.05","","","","","","0.02505353","","","","","","false","","","3","","","A004","","","","","","","","565842.47000","MNTH","","","","3","","","","UFRO","EUR","","","","","false","1","","","","","","","","","","FALSE","","","","","","","","","QZ3HM9KVK2WL","NA/CDS Corp Idx","ITRAXX EUROPE CROSSOVER"
"5189393320000000101","","NEWT","TRAD","2026-09-08T14:55:24Z","","CR","","N","FALSE","2026-09-08T14:55:24Z","2026-09-08","2026-11-18","2031-06-20","FALSE","BILT","FALSE","FALSE","TRUE","100,000,000","","USD","","","","","","","","","","","","","","","","","","","","","","","","2026-11-18","0.05","","203,252","USD","","","","","","","0.0104","","false","","","","","3","A004","","","","","","","","","MNTH","","","","3","","","","","","","","","","false","0.98","","","","","","","","","","FALSE","","","","","","","","","QZ4682HKL4CM","NA/CDS Idx Swt","NA/CDS Corp Idx"
"5189560002000000101","","NEWT","TRAD","2026-09-08T15:16:36Z","","CR","","N","FALSE","2026-09-08T15:16:36Z","2026-09-08","2030-12-20","","FALSE","GFSO","FALSE","FALSE","FALSE","10,000,000","","EUR","","","","","","","","","","","","","","","","","","","","","","","","","0.05","","","","","","","","","","","","false","","","","","","A004","","","","","","","","3439028.00000","MNTH","","","","3","","","","UFRO","EUR","","","","","false","1","","","","","","","","","","FALSE","","","","","","","","","QZB5DPT9MS3H","NA/CDS Corp Idx Tra","ITRAXX EUROPE CROSSOVER"
"5175306957000000101","","NEWT","TRAD","2026-09-08T07:03:16Z","","CR","","I","FALSE","2026-09-08T07:03:16Z","2026-09-09","2031-06-20","","","TWSF","FALSE","FALSE","","10,000,000","","EUR","","","","","","","","","","","","","","","","","","","","","","","","","0.05","","","","","","0.0250239","","","","","","false","","","3","","","A004","","","","","","","","1133013.78000","MNTH","","","","3","","","","UFRO","EUR","","","","","false","1","","","","","","","","","","FALSE","","","","","","","","","QZ3HM9KVK2WL","NA/CDS Corp Idx","ITRAXX EUROPE CROSSOVER"
"5178069832000000101","","NEWT","TRAD","2026-09-08T08:03:33Z","","CR","","I","TRUE","2026-09-08T08:03:33Z","2026-09-09","2031-06-20","","FALSE","BBSF","FALSE","FALSE","","20,000,000","","EUR","","","","","","","","","","","","","","","","","","","","","","","","","0.01","","","","","","0.0051827","","","","","","false","","","3","","","A004","","","","","","","","469934.02000","MNTH","","","","3","","","","UFRO","EUR","","","","","false","1","","","","","","","","","","FALSE","","","","","","","","","QZTQ4GTC5QMF","NA/CDS Corp Idx","ITRAXX EUROPE"
"5178086839000000101","","NEWT","TRAD","2026-09-08T08:01:46Z","","CR","","I","FALSE","2026-09-08T08:01:46Z","2026-06-22","2031-06-20","","FALSE","BILT","FALSE","FALSE","FALSE","25,000,000","","EUR","","","","","","","","","","","","","","","","","","","","","","","","","0.01","","","","","","","","","","","","false","","","3","","3","A004","","","","","","","","588285.00000","MNTH","","","","3","","","","UFRO","EUR","EUR","","","","false","1","","","","","","","","","","FALSE","","","","","","","","","QZ30FM86XF0K","NA/CDS Corp Idx","ITRAXX EUROPE"
"5178069833000000201","","NEWT","TRAD","2026-09-08T08:03:38Z","","CR","","I","FALSE","2026-09-08T08:03:38Z","2026-09-09","2031-06-20","","","TWSF","FALSE","FALSE","","2,000,000","","EUR","","","","","","","","","","","","","","","","","","","","","","","","","0.01","","","","","","0.00518091","","","","","","false","","","3","","","A004","","","","","","","","47009.50591","MNTH","","","","3","","","","UFRO","EUR","","","","","false","1","","","","","","","","","","FALSE","","","","","","","","","QZTQ4GTC5QMF","NA/CDS Corp Idx","ITRAXX EUROPE"
"5178068848000000101","","NEWT","TRAD","2026-09-08T08:03:18Z","","CR","","I","TRUE","2026-09-08T08:03:18Z","2026-03-20","2031-06-20","","FALSE","BGCD","FALSE","FALSE","","45,000,000","","EUR","","","","","","","","","","","","","","","","","","","","","","","","","","","","","","","0.005175","","","","","","false","","","3","","","A004","","","","","","","","","MNTH","","","","3","","","","","","","","","","false","1","","","","","","","","","","TRUE","","","","0.0019","","3","","","QZTQ4GTC5QMF","NA/CDS Corp Idx","ITRAXX EUROPE"
"5178110689000000101","","NEWT","TRAD","2026-09-08T08:04:25Z","","CR","","I","TRUE","2026-09-08T08:04:25Z","2026-09-09","2031-06-20","","FALSE","BBSF","FALSE","FALSE","","5,000,000","","EUR","","","","","","","","","","","","","","","","","","","","","","","","","0.05","","","","","","0.025235","","","","","","false","","","3","","","A004","","","","","","","","561776.36000","MNTH","","","","3","","","","UFRO","EUR","","","","","false","1","","","","","","","","","","FALSE","","","","","","","","","QZ3HM9KVK2WL","NA/CDS Corp Idx","ITRAXX EUROPE CROSSOVER"
"5174242779000000501","","NEWT","TRAD","2026-09-08T06:25:35Z","","CR","","N","FALSE","2026-09-08T06:25:35Z","2026-03-20","2031-06-20","2031-06-20","FALSE","BILT","FALSE","FALSE","TRUE","25,000,000","","USD","","","","","","","","","","","","","","","","","","","","","","","","","0.01","","","","","","","","","","","","false","","","","","","A004","","","","","","","","417014.68000","MNTH","","","","3","","","","UFRO","USD","","","","","false","1","","","","","","","","","","FALSE","","","","","","","","","QZD2VPNQ9ZFX","NA/CDS Corp Idx","ITRAXX ASIA EX-JAPAN IG"
"5177799889000000201","","NEWT","TRAD","2026-09-08T06:25:35Z","","CR","","I","FALSE","2026-09-08T06:25:35Z","2026-03-20","2031-06-20","2031-06-20","FALSE","BILT","FALSE","FALSE","TRUE","25,000,000","","USD","","","","","","","","","","","","","","","","","","","","","","","","","0.01","","","","","","","","","","","","false","","","","","","A004","","","","","","","","417014.68000","MNTH","","","","3","","","","UFRO","USD","","","","","false","1","","","","","","","","","","FALSE","","","","","","","","","QZD2VPNQ9ZFX","NA/CDS Corp Idx","ITRAXX ASIA EX-JAPAN IG"
"5180440423000000101","","NEWT","TRAD","2026-09-08T08:53:03Z","","CR","","I","FALSE","2026-09-08T08:53:03Z","2026-09-09","2031-06-20","","","TWSF","FALSE","FALSE","","2,000,000","","EUR","","","","","","","","","","","","","","","","","","","","","","","","","0.01","","","","","","0.00518","","","","","","false","","","3","","","A004","","","","","","","","47017.65579","MNTH","","","","3","","","","UFRO","EUR","","","","","false","1","","","","","","","","","","FALSE","","","","","","","","","QZTQ4GTC5QMF","NA/CDS Corp Idx","ITRAXX EUROPE"
"5180791610000000101","","NEWT","TRAD","2026-09-08T08:59:15Z","","CR","","I","TRUE","2026-09-08T08:59:15Z","2026-09-09","2031-06-20","","FALSE","BBSF","FALSE","TRUE","","40,000,000","","EUR","","","","","","","","","","","","","","","","","","","","","","","","","0.05","","","","","","0.025205","","","","","","false","","","3","","","A004","","","","","","","","4499585.46000","MNTH","","","","3","","","","UFRO","EUR","","","","","false","1","","","","","","","","","","FALSE","","","","","","","","","QZ3HM9KVK2WL","NA/CDS Corp Idx","ITRAXX EUROPE CROSSOVER"
"5193850352000000101","","NEWT","TRAD","2026-09-08T19:59:29Z","","CR","","I","TRUE","2026-09-08T19:59:29Z","2026-09-09","2031-06-20","","FALSE","BBSF","FALSE","FALSE","","25,000,000","","USD","","","","","","","","","","","","","","","","","","","","","","","","","0.05","","","","","","0.01077698","","","","","","false","","","3","","","A004","","","","","","","","2172420.44000","MNTH","","","","3","","","","UFRO","USD","","","","","false","0.98","","","","","","","","","","FALSE","","","","","","","","","QZNKTC8Z3Q57","NA/CDS Corp Idx","CDX.NA.HY"
"5193865178000000101","","NEWT","TRAD","2026-09-08T20:00:05Z","","CR","","I","TRUE","2026-09-08T20:00:05Z","2026-09-09","2031-06-20","","FALSE","BBSF","FALSE","FALSE","","9,000,000","","USD","","","","","","","","","","","","","","","","","","","","","","","","","0.05","","","","","","0.01077759","","","","","","false","","","3","","","A004","","","","","","","","782609.38000","MNTH","","","","3","","","","UFRO","USD","","","","","false","0.98","","","","","","","","","","FALSE","","","","","","","","","QZNKTC8Z3Q57","NA/CDS Corp Idx","CDX.NA.HY"
"5194280210000000101","","NEWT","TRAD","2026-09-08T20:14:40Z","","CR","","I","TRUE","2026-09-08T20:14:40Z","2026-09-09","2031-06-20","","FALSE","BBSF","FALSE","FALSE","","20,000,000","","USD","","","","","","","","","","","","","","","","","","","","","","","","","0.05","","","","","","0.010777","","","","","","false","","","3","","","A004","","","","","","","","1737975.56000","MNTH","","","","3","","","","UFRO","USD","","","","","false","0.98","","","","","","","","","","FALSE","","","","","","","","","QZNKTC8Z3Q57","NA/CDS Corp Idx","CDX.NA.HY"
"5194634080000000101","","NEWT","TRAD","2026-09-08T20:23:12Z","","CR","","I","TRUE","2026-09-08T20:23:12Z","2026-09-09","2031-06-20","","FALSE","BBSF","FALSE","FALSE","","40,000,000","","USD","","","","","","","","","","","","","","","","","","","","","","","","","0.05","","","","","","0.010777","","","","","","false","","","3","","","A004","","","","","","","","3475951.11000","MNTH","","","","3","","","","UFRO","USD","","","","","false","0.98","","","","","","","","","","FALSE","","","","","","","","","QZNKTC8Z3Q57","NA/CDS Corp Idx","CDX.NA.HY"
"5195037877000000101","","NEWT","TRAD","2026-09-08T20:37:52Z","","CR","","I","TRUE","2026-09-08T20:37:52Z","2026-09-09","2031-06-20","","FALSE","BBSF","FALSE","FALSE","","50,000,000","","USD","","","","","","","","","","","","","","","","","","","","","","","","","0.01","","","","","","0.00504212","","","","","","false","","","3","","","A004","","","","","","","","1172259.95000","MNTH","","","","3","","","","UFRO","USD","","","","","false","1","","","","","","","","","","FALSE","","","","","","","","","QZ3WVVQG5T8K","NA/CDS Corp Idx","CDX.NA.IG"
"5194164960000000101","5194055513000000101","TERM","ETRM","2026-09-08T20:09:27Z","","CR","","N","","2026-09-08T20:05:45Z","2026-09-09","2026-09-20","","FALSE","BILT","FALSE","","FALSE","75,000,000","75,000,000","USD","USD","","","","","","","","","","","","","","","","","","","","","","","","0","","","","","","","","","","","","false","","","","","","","","","","","DAIL","","1","599637.40000","","","MNTH","","","","3","","UFRO","USD","USD","USD","","","false","1","","","","","","","","","","FALSE","","","","","","","","","QZTD37B1KZD3","NA/CDS Corp Idx","IBOXX USD LIQUID HIGH YIELD INDEX"
"5176998034000000101","","NEWT","TRAD","2026-09-08T07:41:04Z","","CR","","I","TRUE","2026-09-08T07:41:04Z","2026-09-09","2031-06-20","","FALSE","BBSF","FALSE","FALSE","","100,000,000","","EUR","","","","","","","","","","","","","","","","","","","","","","","","","0.01","","","","","","0.0051645","","","","","","false","","","3","","","A004","","","","","","","","2357869.97000","MNTH","","","","3","","","","UFRO","EUR","","","","","false","1","","","","","","","","","","FALSE","","","","","","","","","QZTQ4GTC5QMF","NA/CDS Corp Idx","ITRAXX EUROPE"
"5179073253000000101","","NEWT","TRAD","2026-09-08T08:30:06Z","","CR","","I","FALSE","2026-09-08T08:30:06Z","2026-09-09","2031-06-20","","","TWSF","FALSE","FALSE","","12,000,000","","EUR","","","","","","","","","","","","","","","","","","","","","","","","","0.05","","","","","","0.025216","","","","","","false","","","3","","","A004","","","","","","","","1349284.40000","MNTH","","","","3","","","","UFRO","EUR","","","","","false","1","","","","","","","","","","FALSE","","","","","","","","","QZ3HM9KVK2WL","NA/CDS Corp Idx","ITRAXX EUROPE CROSSOVER"
"5179379076000000101","","NEWT","NOVA","2026-09-08T08:36:55Z","","CR","","N","FALSE","2026-09-08T08:36:55Z","2026-09-07","2030-12-20","","FALSE","BILT","FALSE","FALSE","FALSE","1,000,000","","USD","","","","","","","","","","","","","","","","","","","","","","","","","0.01","","","","","","","","","","","","false","","","","","","A004","","","","","","","","","MNTH","","","","3","","","","","","","","","","false","1","","","","","","","","","","FALSE","","","","","","","","","QZN3HTTN5303","NA/CDS Corp Idx","CDX.NA.IG"
"5177992173000000101","","NEWT","TRAD","2026-09-08T08:01:37Z","","CR","","I","TRUE","2026-09-08T08:01:37Z","2026-09-09","2031-06-20","","","TWSF","FALSE","FALSE","","10,000,000","","EUR","","","","","","","","","","","","","","","","","","","","","","","","","0.01","","","","","","0.005175","","","","","","false","","","3","","","A004","","","","","","","","235314.91423","MNTH","","","","3","","","","UFRO","EUR","","","","","false","1","","","","","","","","","","FALSE","","","","","","","","","QZTQ4GTC5QMF","NA/CDS Corp Idx","ITRAXX EUROPE"
"5179490600000000101","5179316893000000101","CORR","","2026-09-08T08:40:35Z","","CR","","N","FALSE","2026-09-08T08:35:50Z","2026-09-07","2030-12-20","","FALSE","BILT","FALSE","FALSE","FALSE","2,000,000","","USD","","","","","","","","","","","","","","","","","","","","","","","","","0.01","","","","","","","","","","","","false","","","","","","A004","","","","","","","","","MNTH","","","","3","","","","","","","","","","false","1","","","","","","","","","","FALSE","","","","","","","","","QZN3HTTN5303","NA/CDS Corp Idx","CDX.NA.IG"
"5189839081000000101","","NEWT","TRAD","2026-09-08T15:58:41Z","","CR","","I","TRUE","2026-09-08T15:58:41Z","2026-09-09","2031-06-20","","","TWSF","FALSE","FALSE","","71,000,000","","USD","","","","","","","","","","","","","","","","","","","","","","","","","0.01","","","","","","0.00502266","","","","","","false","","","3","","","A004","","","","","","","","1670644.88000","MNTH","","","","3","","","","UFRO","USD","","","","","false","1","","","","","","","","","","FALSE","","","","","","","","","QZ3WVVQG5T8K","NA/CDS Corp Idx","CDX.NA.IG"
"5189609129000000301","","NEWT","TRAD","2026-09-08T15:23:27Z","","CR","","N","FALSE","2026-09-08T15:23:27Z","2026-03-20","2026-10-21","2031-06-20","FALSE","BILT","FALSE","FALSE","TRUE","344,160,034+","","EUR","","","","","","","","","","","","","","","","","","","","","","","","2026-10-21","0.01","","24,091.2","EUR","","","","","","","0.01","","false","","","","","3","A004","","","","","","","","","MNTH","","","","3","","","","","","","","","","false","1","","","","","","","","","","FALSE","","","","","","","","","QZS1WNR5R2ND","NA/CDS Idx Swt","NA/CDS Corp Idx"
"5189735275000000101","","NEWT","TRAD","2026-09-08T15:54:38Z","","CR","","I","TRUE","2026-09-08T15:54:38Z","2026-09-09","2031-06-20","","FALSE","BBSF","FALSE","FALSE","","100,000,000","","EUR","","","","","","","","","","","","","","","","","","","","","","","","","0.01","","","","","","0.005153","","","","","","false","","","3","","","A004","","","","","","","","2363051.81000","MNTH","","","","3","","","","UFRO","EUR","","","","","false","1","","","","","","","","","","FALSE","","","","","","","","","QZTQ4GTC5QMF","NA/CDS Corp Idx","ITRAXX EUROPE"
"5189776988000000101","","NEWT","TRAD","2026-09-08T15:56:18Z","","CR","","I","TRUE","2026-09-08T15:56:18Z","2026-09-09","2031-06-20","","","TWSF","FALSE","FALSE","","12,000,000","","EUR","","","","","","","","","","","","","","","","","","","","","","","","","0.01","","","","","","0.0051545","","","","","","false","","","3","","","A004","","","","","","","","283485.58204","MNTH","","","","3","","","","UFRO","EUR","","","","","false","1","","","","","","","","","","FALSE","","","","","","","","","QZTQ4GTC5QMF","NA/CDS Corp Idx","ITRAXX EUROPE"
"5190048179000000101","","NEWT","TRAD","2026-09-08T16:05:52Z","","CR","","I","TRUE","2026-09-08T16:05:52Z","2026-09-09","2031-06-20","","FALSE","BBSF","FALSE","FALSE","","12,000,000","","USD","","","","","","","","","","","","","","","","","","","","","","","","","0.05","","","","","","0.0107845","","","","","","false","","","3","","","A004","","","","","","","","1051605.33000","MNTH","","","","3","","","","UFRO","USD","","","","","false","0.98","","","","","","","","","","FALSE","","","","","","","","","QZNKTC8Z3Q57","NA/CDS Corp Idx","CDX.NA.HY"
"5190062881000000101","5190058209000000101","MODI","TRAD","2026-09-08T16:06:54Z","TRUE","CR","","I","TRUE","2026-09-08T16:06:28Z","2026-03-20","2031-06-20","","FALSE","TPSE","FALSE","FALSE","","5,000,000","","USD","","","","","","","","","","","","","","","","","","","","","","","","","0.05","","","","","","107.84","","USD","","","","false","","","1","","","A004","","","","","","","","","MNTH","","","","3","","","","","","USD","","","","false","0.98","","","","","","","OTHR","","","FALSE","","","","","","","","","QZNKTC8Z3Q57","NA/CDS Corp Idx","CDX.NA.HY"
"5190091823000000101","","NEWT","TRAD","2026-09-08T16:07:58Z","","CR","","I","TRUE","2026-09-08T16:07:58Z","2026-09-09","2031-06-20","","FALSE","BBSF","FALSE","FALSE","","30,000,000","","USD","","","","","","","","","","","","","","","","","","","","","","","","","0.01","","","","","","0.005021","","","","","","false","","","3","","","A004","","","","","","","","706123.86000","MNTH","","","","3","","","","UFRO","USD","","","","","false","1","","","","","","","","","","FALSE","","","","","","","","","QZ3WVVQG5T8K","NA/CDS Corp Idx","CDX.NA.IG"
"5189776660000000201","","NEWT","TRAD","2026-09-08T15:42:28Z","","CR","","N","FALSE","2026-09-08T15:42:28Z","2026-03-20","2026-09-16","2031-06-20","FALSE","BILT","FALSE","FALSE","TRUE","150,000,000","","USD","","","","","","","","","","","","","","","","","","","","","","","","2026-09-16","0.01","","11,250","USD","","","","","","","0.0055","","false","","","","","3","A004","","","","","","","","","MNTH","","","","3","","","","","","","","","","false","1","","","","","","","","","","FALSE","","","","","","","","","QZ7WW76RFHN3","NA/CDS Idx Swt","NA/CDS Corp Idx"
"5189675323000000101","","NEWT","TRAD","2026-09-08T15:47:17Z","","CR","","N","FALSE","2026-09-08T15:47:17Z","2026-09-09","2026-09-20","2026-09-20","FALSE","BILT","FALSE","FALSE","TRUE","50,000,000","","USD","","","","","","","","","","","","","","","","","","","","","","","","","","","","","","","","","","","","","false","","","","","","A004","","","","","","","","399758.10000","MNTH","","","","3","","","","UFRO","USD","","","","","false","1","","","","","","","","","","FALSE","","","","","","","","","QZ5ND0SMQQL4","NA/Cr Sw Idx TRtn Corp Ph",""
"5189495927000000101","5189403912000000101","TERM","ETRM","2026-09-08T15:14:03Z","","CR","","N","","2026-09-08T14:59:24Z","2026-09-09","2026-10-21","2031-06-20","FALSE","BILT","FALSE","","FALSE","400,000,000+","","USD","","","","","","","","","","","","","","","","","","","","","","","","2026-10-21","0.01","","122,001.525","USD","","","","","","","62.5","USD","false","","","","","1","","","","","","","","","","","","","","","","","","","","","","","","false","","","","","","","","","","","FALSE","","","","","","","","","QZ7WW76RFHN3","NA/CDS Idx Swt","NA/CDS Corp Idx"
"5189313272000000101","","NEWT","TRAD","2026-09-08T14:44:46Z","","CR","","I","FALSE","2026-09-08T14:44:46Z","2026-09-09","2031-06-20","","","TWSF","FALSE","TRUE","","35,000,000","","USD","","","","","","","","","","","","","","","","","","","","","","","","","0.01","","","","","","0.0098455","","","","","","false","","","3","","","A004","","","","","","","","463944.44000","MNTH","","","","3","","","","UFRO","USD","","","","","false","1","","","","","","","","","","FALSE","","","","","","","","","QZ4JMQKL3P03","NA/CDS Corp Idx","CDX.EM"
"5189456196000000101","","NEWT","TRAD","2026-09-08T15:07:44Z","","CR","","I","TRUE","2026-09-08T15:07:44Z","2026-09-09","2031-06-20","","FALSE","BBSF","FALSE","FALSE","","3,000,000","","USD","","","","","","","","","","","","","","","","","","","","","","","","","0.05","","","","","","0.01078425","","","","","","false","","","3","","","A004","","","","","","","","262828.70686","MNTH","","","","3","","","","UFRO","USD","","","","","false","0.98","","","","","","","","","","FALSE","","","","","","","","","QZNKTC8Z3Q57","NA/CDS Corp Idx","CDX.NA.HY"
"5189470825000000101","","NEWT","TRAD","2026-09-08T15:10:18Z","","CR","","I","TRUE","2026-09-08T15:10:18Z","2026-09-09","2031-06-20","","","TWSF","FALSE","FALSE","","960,000","","USD","","","","","","","","","","","","","","","","","","","","","","","","","0.05","","","","","","0.010784","","","","","","false","","","3","","","A004","","","","","","","","84081.30636","MNTH","","","","3","","","","UFRO","USD","","","","","false","0.98","","","","","","","","","","FALSE","","","","","","","","","QZNKTC8Z3Q57","NA/CDS Corp Idx","CDX.NA.HY"
"5189525956000000101","","NEWT","TRAD","2026-09-08T15:18:32Z","","CR","","I","TRUE","2026-09-08T15:18:32Z","2026-09-09","2031-06-20","","FALSE","BBSF","FALSE","FALSE","","30,000,000","","EUR","","","","","","","","","","","","","","","","","","","","","","","","","0.05","","","","","","0.0250265","","","","","","false","","","3","","","A004","","","","","","","","3398691.49000","MNTH","","","","3","","","","UFRO","EUR","","","","","false","1","","","","","","","","","","FALSE","","","","","","","","","QZ3HM9KVK2WL","NA/CDS Corp Idx","ITRAXX EUROPE CROSSOVER"
"5188734566000000201","","NEWT","TRAD","2026-09-08T13:33:02Z","","CR","","I","TRUE","2026-09-08T13:33:02Z","2026-09-09","2031-06-20","","FALSE","BBSF","FALSE","FALSE","","90,000,000","","EUR","","","","","","","","","","","","","","","","","","","","","","","","","0.01","","","","","","0.00514475","","","","","","false","","","3","","","A004","","","","","","","","2130092.55000","MNTH","","","","3","","","","UFRO","EUR","","","","","false","1","","","","","","","","","","FALSE","","","","","","","","","QZTQ4GTC5QMF","NA/CDS Corp Idx","ITRAXX EUROPE"
"5188734565000000101","","NEWT","TRAD","2026-09-08T13:32:59Z","","CR","","I","TRUE","2026-09-08T13:32:59Z","2026-09-09","2031-06-20","","FALSE","BBSF","FALSE","FALSE","","22,000,000","","USD","","","","","","","","","","","","","","","","","","","","","","","","","0.05","","","","","","0.01078675","","","","","","false","","","3","","","A004","","","","","","","","1932794.11000","MNTH","","","","3","","","","UFRO","USD","","","","","false","0.98","","","","","","","","","","FALSE","","","","","","","","","QZNKTC8Z3Q57","NA/CDS Corp Idx","CDX.NA.HY"
"5188302762000000101","","NEWT","TRAD","2026-09-08T13:06:37Z","","CR","","N","FALSE","2026-09-08T13:06:37Z","2026-09-08","2026-09-16","2031-06-20","FALSE","BILT","FALSE","FALSE","TRUE","400,000,000+","","USD","","","","","","","","","","","","","","","","","","","","","","","","2026-09-16","0.01","","400,005","USD","","","","","","","0.00525","","false","","","","","3","A004","","","","","","","","","MNTH","","","","3","","","","","","","","","","false","1","","","","","","","","","","FALSE","","","","","","","","","QZ7WW76RFHN3","NA/CDS Idx Swt","NA/CDS Corp Idx"
"5188410383000001401","","NEWT","TRAD","2026-09-08T13:07:11Z","","CR","","N","FALSE","2026-09-08T13:07:11Z","2026-09-08","2026-10-21","2031-06-20","FALSE","BILT","FALSE","FALSE","TRUE","400,000,000+","","USD","","","","","","","","","","","","","","","","","","","","","","","","2026-10-21","0.01","","148,000","USD","","","","","","","0.006","","false","","","","","3","A004","","","","","","","","","MNTH","","","","3","","","","","","","","","","false","1","","","","","","","","","","FALSE","","","","","","","","","QZT4QS79CCTS","NA/CDS Idx Swt","NA/CDS Corp Idx"
"5188779121000000201","","NEWT","TRAD","2026-09-08T13:37:27Z","","CR","","I","TRUE","2026-09-08T13:37:27Z","2026-09-09","2031-06-20","","FALSE","BBSF","FALSE","FALSE","","10,000,000","","USD","","","","","","","","","","","","","","","","","","","","","","","","","0.05","","","","","","0.01078575","","","","","","false","","","3","","","A004","","","","","","","","877562.78000","MNTH","","","","3","","","","UFRO","USD","","","","","false","0.98","","","","","","","","","","FALSE","","","","","","","","","QZNKTC8Z3Q57","NA/CDS Corp Idx","CDX.NA.HY"
"5188822994000000201","","NEWT","TRAD","2026-09-08T13:42:31Z","","CR","","I","TRUE","2026-09-08T13:42:31Z","2026-09-09","2031-06-20","","FALSE","BBSF","FALSE","FALSE","","20,000,000","","USD","","","","","","","","","","","","","","","","","","","","","","","","","0.05","","","","","","0.010787","","","","","","false","","","3","","","A004","","","","","","","","1757575.56000","MNTH","","","","3","","","","UFRO","USD","","","","","false","0.98","","","","","","","","","","TRUE","","","","25","USD","1","","","QZNKTC8Z3Q57","NA/CDS Corp Idx","CDX.NA.HY"
"5188898969000000101","","NEWT","TRAD","2026-09-08T13:48:39Z","","CR","","I","TRUE","2026-09-08T13:48:39Z","2026-09-09","2031-06-20","","FALSE","BBSF","FALSE","FALSE","","50,000,000","","USD","","","","","","","","","","","","","","","","","","","","","","","","","0.01","","","","","","0.0050169","","","","","","false","","","3","","","A004","","","","","","","","1177768.72000","MNTH","","","","3","","","","UFRO","USD","","","","","false","1","","","","","","","","","","FALSE","","","","","","","","","QZ3WVVQG5T8K","NA/CDS Corp Idx","CDX.NA.IG"
"5189028997000000101","","NEWT","TRAD","2026-09-08T14:03:58Z","","CR","","I","TRUE","2026-09-08T14:03:58Z","2026-09-09","2031-06-20","","","TWSF","FALSE","FALSE","","25,000,000","","USD","","","","","","","","","","","","","","","","","","","","","","","","","0.05","","","","","","0.01078508","","","","","","false","","","3","","","A004","","","","","","","","2192265.44000","MNTH","","","","3","","","","UFRO","USD","","","","","false","0.98","","","","","","","","","","FALSE","","","","","","","","","QZNKTC8Z3Q57","NA/CDS Corp Idx","CDX.NA.HY"
"5189036944000000101","","NEWT","TRAD","2026-09-08T14:04:48Z","","CR","","I","FALSE","2026-09-08T14:04:48Z","2026-09-09","2031-06-20","","","TWSF","FALSE","FALSE","","2,000,000","","USD","","","","","","","","","","","","","","","","","","","","","","","","","0.01","","","","","","0.0098441","","","","","","false","","","3","","","A004","","","","","","","","26791.11000","MNTH","","","","3","","","","UFRO","USD","","","","","false","1","","","","","","","","","","FALSE","","","","","","","","","QZ4JMQKL3P03","NA/CDS Corp Idx","CDX.EM"
"5189074752000000101","","NEWT","TRAD","2026-09-08T14:10:21Z","","CR","","I","TRUE","2026-09-08T14:10:21Z","2026-09-09","2031-06-20","","FALSE","BBSF","FALSE","FALSE","","50,000,000","","USD","","","","","","","","","","","","","","","","","","","","","","","","","0.01","","","","","","0.0050191","","","","","","false","","","3","","","A004","","","","","","","","1177288.14000","MNTH","","","","3","","","","UFRO","USD","","","","","false","1","","","","","","","","","","FALSE","","","","","","","","","QZ3WVVQG5T8K","NA/CDS Corp Idx","CDX.NA.IG"
"5189099937000000201","","NEWT","TRAD","2026-09-08T14:14:08Z","","CR","","I","TRUE","2026-09-08T14:14:08Z","2026-09-09","2030-12-20","","FALSE","BBSF","FALSE","FALSE","","20,000,000","","EUR","","","","","","","","","","","","","","","","","","","","","","","","","0.05","","","","","","0.022185","","","","","","false","","","3","","","A004","","","","","","","","2316453.35000","MNTH","","","","3","","","","UFRO","EUR","","","","","false","1","","","","","","","","","","FALSE","","","","","","","","","QZ5F5FRS4TR9","NA/CDS Corp Idx","ITRAXX EUROPE CROSSOVER"
"5188884249000000101","","NEWT","TRAD","2026-09-08T13:46:47Z","","CR","","N","FALSE","2026-09-08T13:46:47Z","2026-11-18","2026-11-18","","FALSE","BILT","FALSE","FALSE","TRUE","100,000,000","","USD","","","","","","","","","","","","","","","","","","","","","","","","2026-11-18","0.05","","245,000","USD","","","","","","","0.01045","","false","","","","","3","A004","","","","","","","","","MNTH","","","","3","","","","","","","","","","false","","","","","","","","","","","FALSE","","","","","","","","","QZ4682HKL4CM","NA/CDS Idx Swt","NA/CDS Corp Idx"
"5188971652000000101","5188946306000000101","EROR","","2026-09-08T13:56:25Z","","CR","","","","2026-09-08T13:51:09Z","2026-09-08","2026-09-16","","","","","","FALSE","","","","","","","","","","","","","","","","","","","","","","","","","","","","0.01","","","","","","","","","","","","","","","","","","","","","","","","","","","","","","","","","","","","","","","","","","","","","","","","","","","","","","","","","","","","","QZ7WW76RFHN3","NA/CDS Idx Swt","NA/CDS Corp Idx"
"5189182999000000101","","NEWT","TRAD","2026-09-08T14:26:42Z","","CR","","I","TRUE","2026-09-08T14:26:42Z","2026-09-09","2031-06-20","","FALSE","BBSF","FALSE","FALSE","","7,000,000","","USD","","","","","","","","","","","","","","","","","","","","","","","","","0.01","","","","","","0.0050182","","","","","","false","","","3","","","A004","","","","","","","","164848.61415","MNTH","","","","3","","","","UFRO","USD","","","","","false","1","","","","","","","","","","FALSE","","","","","","","","","QZ3WVVQG5T8K","NA/CDS Corp Idx","CDX.NA.IG"
"5189105784000000101","","NEWT","TRAD","2026-09-08T14:15:03Z","","CR","","I","TRUE","2026-09-08T14:15:03Z","2026-09-09","2036-06-20","","FALSE","BBSF","FALSE","TRUE","","7,000,000","","EUR","","","","","","","","","","","","","","","","","","","","","","","","","0.01","","","","","","0.0093375","","","","","","false","","","3","","","A004","","","","","","","","52302.49000","MNTH","","","","3","","","","UFRO","EUR","","","","","false","1","","","","","","","","","","FALSE","","","","","","","","","QZ4LNL81ZBTS","NA/CDS Corp Idx","ITRAXX EUROPE"
"5189211531000000101","","NEWT","TRAD","2026-09-08T14:30:54Z","","CR","","I","TRUE","2026-09-08T14:30:54Z","2026-09-09","2031-06-20","","FALSE","BBSF","FALSE","FALSE","","27,000,000","","EUR","","","","","","","","","","","","","","","","","","","","","","","","","0.05","","","","","","0.02509","","","","","","false","","","3","","","A004","","","","","","","","3051141.51164","MNTH","","","","3","","","","UFRO","EUR","","","","","false","1","","","","","","","","","","FALSE","","","","","","","","","QZ3HM9KVK2WL","NA/CDS Corp Idx","ITRAXX EUROPE CROSSOVER"
"5189137960000000101","","NEWT","TRAD","2026-09-08T14:20:33Z","","CR","","I","TRUE","2026-09-08T14:20:33Z","2026-09-09","2030-06-20","","FALSE","BBSF","FALSE","TRUE","","250,000,000","","USD","","","","","","","","","","","","","","","","","","","","","","","","","0.01","","","","","","0.004191","","","","","","false","","","3","","","A004","","","","","","","","5607908.58000","MNTH","","","","3","","","","UFRO","USD","","","","","false","1","","","","","","","","","","TRUE","","","","0.000815","","3","","","QZ0PH5HG4P9T","NA/CDS Corp Idx","CDX.NA.IG"
"5189137961000000201","","NEWT","TRAD","2026-09-08T14:20:33Z","","CR","","I","TRUE","2026-09-08T14:20:33Z","2026-09-09","2031-06-20","","FALSE","BBSF","FALSE","TRUE","","200,000,000","","USD","","","","","","","","","","","","","","","","","","","","","","","","","0.01","","","","","","0.005006","","","","","","false","","","3","","","A004","","","","","","","","4720612.89836","MNTH","","","","3","","","","UFRO","USD","","","","","false","1","","","","","","","","","","TRUE","","","","0.000815","","3","","","QZ3WVVQG5T8K","NA/CDS Corp Idx","CDX.NA.IG"
"5189157633000000201","","NEWT","TRAD","2026-09-08T14:23:10Z","","CR","","I","TRUE","2026-09-08T14:23:10Z","2026-09-09","2030-06-20","","FALSE","BBSF","FALSE","TRUE","","400,000,000+","","USD","","","","","","","","","","","","","","","","","","","","","","","","","0.01","","","","","","0.004217","","","","","","false","","","3","","","A004","","","","","","","","8935777.81600","MNTH","","","","3","","","","UFRO","USD","","","","","false","1","","","","","","","","","","TRUE","","","","0.000815","","3","","","QZ0PH5HG4P9T","NA/CDS Corp Idx","CDX.NA.IG"
"5189276154000000101","","NEWT","TRAD","2026-09-08T14:39:09Z","","CR","","N","FALSE","2026-09-08T14:39:09Z","2026-09-09","2031-06-20","","FALSE","BBSF","FALSE","FALSE","","90,000,000","","EUR","","","","","","","","","","","","","","","","","","","","","","","","","0.01","","","","","","0.005375","","","","","","false","","","3","","","A004","","","","","","","","2036791.00000","MNTH","","","","3","","","","UFRO","EUR","","","","","false","1","","","","","","","","","","TRUE","","","","0.00018","","3","","","QZTB38W3WJ98","NA/CDS Corp Idx","ITRAXX EUROPE SENIOR FINANCIALS"
"5189108175000000101","5188410382000001301","CORR","","2026-09-08T14:13:29Z","","CR","","N","FALSE","2026-09-08T13:06:38Z","2026-09-08","2026-10-21","2031-06-20","FALSE","BILT","FALSE","FALSE","TRUE","400,000,000+","","USD","","","","","","","","","","","","","","","","","","","","","","","","2026-10-21","0.01","","470,397.06","USD","","","","","","","0.00525","","false","","","","","3","A004","","","","","","","","","MNTH","","","","3","","","","","","","","","","false","1","","","","","","","","","","FALSE","","","","","","","","","QZ7WW76RFHN3","NA/CDS Idx Swt","NA/CDS Corp Idx"
"5189343170000000201","","NEWT","TRAD","2026-09-08T14:49:03Z","","CR","","I","TRUE","2026-09-08T14:49:03Z","2026-09-09","2031-06-20","","FALSE","BBSF","FALSE","FALSE","","5,000,000","","EUR","","","","","","","","","","","","","","","","","","","","","","","","","0.05","","","","","","0.0250555","","","","","","false","","","3","","","A004","","","","","","","","565798.30000","MNTH","","","","3","","","","UFRO","EUR","","","","","false","1","","","","","","","","","","FALSE","","","","","","","","","QZ3HM9KVK2WL","NA/CDS Corp Idx","ITRAXX EUROPE CROSSOVER"
"5189372710000000101","","NEWT","TRAD","2026-09-08T14:54:28Z","","CR","","I","TRUE","2026-09-08T14:54:28Z","2026-09-09","2031-06-20","","FALSE","BBSF","FALSE","FALSE","","10,000,000","","USD","","","","","","","","","","","","","","","","","","","","","","","","","0.01","","","","","","0.00502243","","","","","","false","","","3","","","A004","","","","","","","","235312.14000","MNTH","","","","3","","","","UFRO","USD","","","","","false","1","","","","","","","","","","FALSE","","","","","","","","","QZ3WVVQG5T8K","NA/CDS Corp Idx","CDX.NA.IG"
"5189386386000000101","","NEWT","TRAD","2026-09-08T14:56:22Z","","CR","","I","TRUE","2026-09-08T14:56:22Z","2026-09-09","2031-06-20","","FALSE","BBSF","FALSE","FALSE","","150,000,000","","USD","","","","","","","","","","","","","","","","","","","","","","","","","0.01","","","","","","0.005019","","","","","","false","","","3","","","A004","","","","","","","","3531929.95000","MNTH","","","","3","","","","UFRO","USD","","","","","false","1","","","","","","","","","","FALSE","","","","","","","","","QZ3WVVQG5T8K","NA/CDS Corp Idx","CDX.NA.IG"
"5193681351000000101","","NEWT","TRAD","2026-09-08T18:24:55Z","","CR","","N","FALSE","2026-09-08T18:24:55Z","2026-09-09","2030-12-20","","TRUE","BILT","FALSE","FALSE","FALSE","24,000,000","","USD","","","","","","","","","","","","","","","","","","","","","","","","","0.01","","","","","","","","","","","","false","","","","","","A004","","","","","","","","558133.33000","MNTH","","","","3","","","","UFRO","USD","","","","","false","1","","","","","","","","","","FALSE","","","","","","","","","QZR7LZZL9C5W","NA/CDS Corp Idx Tra","CDX.NA.IG"
"5195474013000000101","","NEWT","TRAD","2026-09-08T20:57:11Z","","CR","","I","TRUE","2026-09-08T20:57:11Z","2026-03-20","2031-06-20","","FALSE","TPSE","FALSE","FALSE","","15,000,000","","USD","","","","","","","","","","","","","","","","","","","","","","","","","0.05","","","","","","107.78","","USD","","","","false","","","1","","","A004","","","","","","","","","MNTH","","","","3","","","","","","USD","","","","false","0.98","","","","","","","OTHR","","","FALSE","","","","","","","","","QZNKTC8Z3Q57","NA/CDS Corp Idx","CDX.NA.HY"
"5175909516000000101","","NEWT","TRAD","2026-09-08T07:19:28Z","","CR","","I","TRUE","2026-09-08T06:42:40Z","2025-09-22","2030-12-20","","FALSE","TSCD","FALSE","TRUE","TRUE","163,476,016+","","EUR","","","","","","","","","","","","","","","","","","","","","","","","","0.01","","","","","","","","","","","","false","","","","","","A004","","","","","","","","","MNTH","","","","3","","","","","","EUR","","","","false","1","","","","","","","","","","FALSE","","","","","","","","","QZFB31MBHLT9","NA/CDS Corp Idx","ITRAXX EUROPE"
"5190913293000000101","5190897962000000101","MODI","TRAD","2026-09-08T17:02:12Z","TRUE","CR","","I","TRUE","2026-09-08T17:01:40Z","2026-03-20","2031-06-20","","FALSE","TPSE","FALSE","FALSE","","10,000,000","","USD","","","","","","","","","","","","","","","","","","","","","","","","","0.05","","","","","","107.86","","USD","","","","false","","","1","","","A004","","","","","","","","","MNTH","","","","3","","","","","","USD","","","","false","0.98","","","","","","","OTHR","","","FALSE","","","","","","","","","QZNKTC8Z3Q57","NA/CDS Corp Idx","CDX.NA.HY"
"5190777766000000601","","NEWT","TRAD","2026-09-03T21:37:59Z","","CR","","N","FALSE","2026-09-03T21:37:59Z","2026-09-03","2055-02-15","2055-02-15","TRUE","BILT","FALSE","FALSE","TRUE","69,000,000","","USD","","","","","","","","","","","","","","","","","","","","","","","","","","","","","","","1","","","","","","false","","","4","","","","","A004","","DAIL","","1","","","","","","","","","","","","","USD","","","","false","","","","","","","","OPET","","","FALSE","","","","","","","","","QZPW5C38SF75","NA/CDS Corp Oth Sr","DTD 02/15/2025"
"5190861999000000101","","NEWT","TRAD","2026-09-08T16:57:07Z","","CR","","I","FALSE","2026-09-08T16:57:07Z","2026-03-20","2031-06-20","","FALSE","TPSE","FALSE","FALSE","","15,000,000","","USD","","","","","","","","","","","","","","","","","","","","","","","","","0.01","","","","","","98.475","","USD","","","","false","","","1","","","A004","","","","","","","","","MNTH","","","","3","","","","","","USD","","","","false","1","","","","","","","OTHR","","","FALSE","","","","","","","","","QZ4JMQKL3P03","NA/CDS Corp Idx","CDX.EM"
"5190865374000000701","3482595797000000801","MODI","TRAD","2026-09-04T12:23:37Z","FALSE","CR","","N","FALSE","2026-06-03T16:58:37Z","2026-09-05","2031-03-15","2031-03-15","TRUE","BILT","FALSE","FALSE","TRUE","9,000,000","","USD","","","","","","","","","","","","","","","","","","","","","","","","","","","","","","","","","","","","","false","","","","","","","","A004","","DAIL","","1","","1228.32000","","","","","","","","","UFRO","USD","USD","","","","true","","","","","","","","OPET","","","FALSE","","","","","","","","","QZWBC8GZ8TBN","NA/CDS Corp Oth","Basket"
"5190870432000000101","","NEWT","TRAD","2026-09-08T16:58:22Z","","CR","","I","TRUE","2026-09-08T16:58:22Z","2026-09-09","2031-06-20","","FALSE","BBSF","FALSE","FALSE","","25,000,000","","USD","","","","","","","","","","","","","","","","","","","","","","","","","0.01","","","","","","0.005021","","","","","","false","","","3","","","A004","","","","","","","","588436.55000","MNTH","","","","3","","","","UFRO","USD","","","","","false","1","","","","","","","","","","FALSE","","","","","","","","","QZ3WVVQG5T8K","NA/CDS Corp Idx","CDX.NA.IG"
"5190999014000000101","","NEWT","TRAD","2026-09-08T17:03:17Z","","CR","","I","TRUE","2026-09-08T17:03:17Z","2026-09-09","2031-06-20","","FALSE","BILT","FALSE","FALSE","FALSE","3,000,000","","USD","","","","","","","","","","","","","","","","","","","","","","","","","0.01","","","","","","","","","","","","false","","","","","","A004","","","","","","","","70631.68842","MNTH","","","","3","","","","UFRO","USD","","","","","false","1","","","","","","","","","","FALSE","","","","","","","","","QZ3WVVQG5T8K","NA/CDS Corp Idx","CDX.NA.IG"
"5190806579000000201","","NEWT","TRAD","2026-09-08T16:49:18Z","","CR","","N","FALSE","2026-09-08T16:49:18Z","2026-03-20","2026-10-21","2031-06-20","FALSE","BILT","FALSE","FALSE","TRUE","200,000,000","","EUR","","","","","","","","","","","","","","","","","","","","","","","","2026-10-21","0.01","","74,000","EUR","","","","","","","0.005","","false","","","","","3","A004","","","","","","","","","MNTH","","","","3","","","","","","","","","","false","1","","","","","","","","","","FALSE","","","","","","","","","QZ77RJ03VMTV","NA/Cr Op Swps EuCl Van Ph",""
"5191428652000000101","","NEWT","TRAD","2026-09-08T17:25:00Z","","CR","","I","TRUE","2026-09-08T17:25:00Z","2026-09-09","2031-06-20","","FALSE","BBSF","FALSE","TRUE","","210,000,000","","USD","","","","","","","","","","","","","","","","","","","","","","","","","0.01","","","","","","0.005025","","","","","","false","","","3","","","A004","","","","","","","","4939219.79265","MNTH","","","","3","","","","UFRO","USD","","","","","false","1","","","","","","","","","","FALSE","","","","","","","","","QZ3WVVQG5T8K","NA/CDS Corp Idx","CDX.NA.IG"
"5191156847000000301","2863325611000001201","MODI","TRAD","2026-09-08T17:13:04Z","TRUE","CR","","N","FALSE","2026-09-04T22:33:41Z","2026-02-15","2028-12-20","","FALSE","BILT","FALSE","FALSE","TRUE","20,000,000","","USD","","","","","","","","","","","","","","","","","","","","","","","","","0.05","","","","","","","","","","","","false","","","","","","A004","","","","","","","","13533333.33000","MNTH","","","","3","","","","UFRO","USD","","","","","false","0.97","","","","","","","","","","FALSE","","","","","","","","","QZS27VSGPF30","NA/CDS Mun Idx Tra","CDX.NA.HY"
"5191397711000000201","5148448928000006601","MODI","TRAD","2026-09-08T17:14:47Z","TRUE","CR","","N","FALSE","2026-09-04T22:33:53Z","2025-08-02","2026-12-20","","FALSE","BILT","FALSE","FALSE","TRUE","900,000","","USD","","","","","","","","","","","","","","","","","","","","","","","","","0.05","","","","","","","","","","","","false","","","","","","A004","","","","","","","","66063.93000","MNTH","","","","3","","","","UFRO","USD","","","","","false","0.94","","","","","","","","","","FALSE","","","","","","","","","QZZZP5HMNGBJ","NA/CDS Mun Idx Tra","CDX.NA.HY"
"5191316151000000401","5148448925000006301","MODI","TRAD","2026-09-08T17:15:08Z","TRUE","CR","","N","FALSE","2026-09-04T22:33:48Z","2025-08-02","2026-12-20","","FALSE","BILT","FALSE","FALSE","TRUE","4,000,000","","USD","","","","","","","","","","","","","","","","","","","","","","","","","0.05","","","","","","","","","","","","false","","","","","","A004","","","","","","","","708298.64625","MNTH","","","","3","","","","UFRO","USD","","","","","false","0.94","","","","","","","","","","FALSE","","","","","","","","","QZZZP5HMNGBJ","NA/CDS Mun Idx Tra","CDX.NA.HY"
"5176901292000000101","","NEWT","TRAD","2026-09-08T07:38:29Z","","CR","","N","FALSE","2026-09-08T07:38:29Z","2026-09-08","2031-06-20","","FALSE","BILT","FALSE","FALSE","TRUE","50,000,000","","USD","","","","","","","","","","","","","","","","","","","","","","","","","0.01","","","","","","","","","","","","false","","","","","","A004","","","","","","","","842123.64000","MNTH","","","","3","","","","UFRO","USD","","","","","false","1","","","","","","","","","","FALSE","","","","","","","","","QZD2VPNQ9ZFX","NA/CDS Corp Idx","ITRAXX ASIA EX-JAPAN IG"
"5178759160000000101","","NEWT","TRAD","2026-09-08T08:17:21Z","FALSE","CR","","I","FALSE","2026-09-08T08:17:21Z","2026-03-20","2031-06-20","","","BGCO","FALSE","FALSE","FALSE","25,000,000","","EUR","","","","","","","","","","","","","","","","","","","","","","","","","0.01","","","","","","","","","","","","false","","","","","","A004","","","","","","","","588285.00000","MNTH","","","","3","","","","UFRO","EUR","","","","","false","1","","","","","","","","","","FALSE","","","","","","","","","QZTQ4GTC5QMF","NA/CDS Corp Idx","ITRAXX EUROPE"
"5178813913000000101","","NEWT","TRAD","2026-09-08T08:20:57Z","","CR","","I","TRUE","2026-09-08T08:20:57Z","2026-09-09","2031-06-20","","FALSE","BBSF","FALSE","FALSE","","20,000,000","","EUR","","","","","","","","","","","","","","","","","","","","","","","","","0.01","","","","","","0.005175","","","","","","false","","","3","","","A004","","","","","","","","470627.83000","MNTH","","","","3","","","","UFRO","EUR","","","","","false","1","","","","","","","","","","FALSE","","","","","","","","","QZTQ4GTC5QMF","NA/CDS Corp Idx","ITRAXX EUROPE"
"5187973750000000101","","NEWT","TRAD","2026-09-08T12:41:23Z","","CR","","I","TRUE","2026-09-08T12:41:23Z","2025-09-20","2030-12-20","","FALSE","TPSE","FALSE","FALSE","","11,000,000","","EUR","","","","","","","","","","","","","","","","","","","","","","","","","0.05","","","","","","0.022094","","","","","","false","","","3","","","A004","","","","","","","","","MNTH","","","","3","","","","","","EUR","","","","false","1","","","","","","","OTHR","","","TRUE","","","","0.002956","","3","","","QZ5F5FRS4TR9","NA/CDS Corp Idx","ITRAXX EUROPE CROSSOVER"
"5187413404000000101","","NEWT","TRAD","2026-09-08T11:50:54Z","","CR","","I","TRUE","2026-09-08T11:50:54Z","2026-09-09","2031-06-20","","FALSE","BBSF","FALSE","FALSE","","50,000,000","","USD","","","","","","","","","","","","","","","","","","","","","","","","","0.01","","","","","","0.00503175","","","","","","false","","","3","","","A004","","","","","","","","1174524.93000","MNTH","","","","3","","","","UFRO","USD","","","","","false","1","","","","","","","","","","FALSE","","","","","","","","","QZ3WVVQG5T8K","NA/CDS Corp Idx","CDX.NA.IG"
"5187252133000000101","","NEWT","TRAD","2026-09-08T11:38:46Z","","CR","","I","TRUE","2026-09-08T11:38:46Z","2026-09-09","2031-06-20","","FALSE","BBSF","FALSE","TRUE","","75,000,000","","USD","","","","","","","","","","","","","","","","","","","","","","","","","0.05","","","","","","0.0107855","","","","","","false","","","3","","","A004","","","","","","","","6579883.33000","MNTH","","","","3","","","","UFRO","USD","","","","","false","0.98","","","","","","","","","","FALSE","","","","","","","","","QZNKTC8Z3Q57","NA/CDS Corp Idx","CDX.NA.HY"
"5187444382000000101","","NEWT","TRAD","2026-09-08T11:54:11Z","","CR","","I","TRUE","2026-09-08T11:54:11Z","2026-09-09","2031-06-20","","FALSE","BBSF","FALSE","FALSE","","10,000,000","","USD","","","","","","","","","","","","","","","","","","","","","","","","","0.01","","","","","","0.005026","","","","","","false","","","3","","","A004","","","","","","","","235156.18000","MNTH","","","","3","","","","UFRO","USD","","","","","false","1","","","","","","","","","","FALSE","","","","","","","","","QZ3WVVQG5T8K","NA/CDS Corp Idx","CDX.NA.IG"
"5187519750000000101","","NEWT","TRAD","2026-09-08T12:01:34Z","","CR","","I","TRUE","2026-09-08T12:01:34Z","2026-09-09","2031-06-20","","","TWSF","FALSE","FALSE","","7,000,000","","EUR","","","","","","","","","","","","","","","","","","","","","","","","","0.01","","","","","","0.005155","","","","","","false","","","3","","","A004","","","","","","","","165350.77163","MNTH","","","","3","","","","UFRO","EUR","","","","","false","1","","","","","","","","","","FALSE","","","","","","","","","QZTQ4GTC5QMF","NA/CDS Corp Idx","ITRAXX EUROPE"
"5187523527000000101","5187435884000000101","EROR","","2026-09-08T11:53:05Z","","CR","","I","","2026-09-08T11:53:05Z","2026-03-20","2031-06-20","","","","FALSE","","FALSE","25,000,000","","EUR","","","","","","","","","","","","","","","","","","","","","","","","","0.01","","","","","","","","","","","","false","","","","","","","","","","","","","","589692.78000","","","","","","","","","UFRO","EUR","","","","","false","1","","","","","","","","","","FALSE","","","","","","","","","QZTQ4GTC5QMF","NA/CDS Corp Idx","ITRAXX EUROPE"
"5187545039000000301","","NEWT","TRAD","2026-09-08T12:04:25Z","","CR","","N","TRUE","2026-09-08T12:04:25Z","2026-03-20","2031-06-20","","FALSE","BMTF","FALSE","FALSE","FALSE","120,000,000","","USD","","","","","","","","","","","","","","","","","","","","","","","","","0.01","","","","","","","","","","","","false","","","","","","A004","","","","","","","","2819253.00000","MNTH","","","","3","","","","UFRO","USD","","","","","false","1","","","","","","","","","","FALSE","","","","","","","","","QZ3WVVQG5T8K","NA/CDS Corp Idx","CDX.NA.IG"
"5186977574000000101","","NEWT","TRAD","2026-09-08T11:27:28Z","","CR","","I","TRUE","2026-09-08T11:27:28Z","2026-09-09","2031-06-20","","","TWSF","FALSE","FALSE","","25,000,000","","USD","","","","","","","","","","","","","","","","","","","","","","","","","0.01","","","","","","0.005024","","","","","","false","","","3","","","A004","","","","","","","","588108.89000","MNTH","","","","3","","","","UFRO","USD","","","","","false","1","","","","","","","","","","FALSE","","","","","","","","","QZ3WVVQG5T8K","NA/CDS Corp Idx","CDX.NA.IG"
"5187143317000000101","","NEWT","TRAD","2026-09-08T11:34:49Z","","CR","","I","TRUE","2026-09-08T11:34:49Z","2026-09-09","2031-06-20","","FALSE","BBSF","FALSE","FALSE","","17,000,000","","EUR","","","","","","","","","","","","","","","","","","","","","","","","","0.05","","","","","","0.0250878","","","","","","false","","","3","","","A004","","","","","","","","1921252.21000","MNTH","","","","3","","","","UFRO","EUR","","","","","false","1","","","","","","","","","","FALSE","","","","","","","","","QZ3HM9KVK2WL","NA/CDS Corp Idx","ITRAXX EUROPE CROSSOVER"
"5185204388000000101","","NEWT","TRAD","2026-09-08T10:25:27Z","","CR","","I","TRUE","2026-09-08T10:25:27Z","2026-09-09","2031-06-20","","FALSE","BBSF","FALSE","FALSE","","10,000,000","","EUR","","","","","","","","","","","","","","","","","","","","","","","","","0.05","","","","","","0.0250873","","","","","","false","","","3","","","A004","","","","","","","","1130170.78000","MNTH","","","","3","","","","UFRO","EUR","","","","","false","1","","","","","","","","","","FALSE","","","","","","","","","QZ3HM9KVK2WL","NA/CDS Corp Idx","ITRAXX EUROPE CROSSOVER"
"5192961428000000101","","NEWT","TRAD","2026-09-08T19:10:14Z","","CR","","I","TRUE","2026-09-08T19:10:14Z","2026-09-09","2031-06-20","","FALSE","BBSF","FALSE","TRUE","","200,000,000","","USD","","","","","","","","","","","","","","","","","","","","","","","","","0.01","","","","","","0.005026","","","","","","false","","","3","","","A004","","","","","","","","4703123.60000","MNTH","","","","3","","","","UFRO","USD","","","","","false","1","","","","","","","","","","FALSE","","","","","","","","","QZ3WVVQG5T8K","NA/CDS Corp Idx","CDX.NA.IG"
"5193252306000000201","","NEWT","TRAD","2026-09-08T19:28:38Z","","CR","","I","TRUE","2026-09-08T19:28:38Z","2026-09-09","2031-06-20","","FALSE","BBSF","FALSE","FALSE","","5,000,000","","USD","","","","","","","","","","","","","","","","","","","","","","","","","0.01","","","","","","0.00502741","","","","","","false","","","3","","","A004","","","","","","","","117547.47654","MNTH","","","","3","","","","UFRO","USD","","","","","false","1","","","","","","","","","","FALSE","","","","","","","","","QZ3WVVQG5T8K","NA/CDS Corp Idx","CDX.NA.IG"
"5192116372000000101","","NEWT","TRAD","2026-09-08T17:56:49Z","","CR","","N","FALSE","2026-09-08T17:56:49Z","2026-09-08","2057-10-17","","FALSE","TPSE","FALSE","FALSE","","5,000,000","","USD","","","","","","","","","","","","","","","","","","","","","","","","","0.02","","","","","","91.5","","USD","","","","false","","","1","","","A004","","","","","","","","","MNTH","","","","1","","","","","","USD","","","","false","1","","","","","","","OTHR","","","FALSE","","","","","","","","","QZQCMNL7LJT6","NA/CDS Corp Idx","CMBX.NA.A"
"5192784904000000101","","NEWT","TRAD","2026-09-08T18:33:46Z","","CR","","I","TRUE","2026-09-08T18:33:46Z","2026-09-09","2031-06-20","","FALSE","BBSF","FALSE","FALSE","","25,000,000","","USD","","","","","","","","","","","","","","","","","","","","","","","","","0.05","","","","","","0.01078425","","","","","","false","","","3","","","A004","","","","","","","","2190231.94000","MNTH","","","","3","","","","UFRO","USD","","","","","false","0.98","","","","","","","","","","FALSE","","","","","","","","","QZNKTC8Z3Q57","NA/CDS Corp Idx","CDX.NA.HY"
"5192723493000000101","","NEWT","TRAD","2026-09-08T18:26:27Z","","CR","","I","TRUE","2026-09-08T18:26:27Z","2026-09-09","2028-12-20","","FALSE","BBSF","FALSE","TRUE","","200,000,000","","USD","","","","","","","","","","","","","","","","","","","","","","","","","0.01","","","","","","0.0024875","","","","","","false","","","3","","","A004","","","","","","","","3727231.63000","MNTH","","","","3","","","","UFRO","USD","","","","","false","1","","","","","","","","","","TRUE","","","","0.0025275","","3","","","QZKV15J8S8XX","NA/CDS Corp Idx","CDX.NA.IG"
"5192844424000000101","","NEWT","TRAD","2026-09-08T18:49:36Z","","CR","","I","TRUE","2026-09-08T18:49:36Z","2026-09-09","2031-06-20","","FALSE","BBSF","FALSE","FALSE","","10,000,000","","USD","","","","","","","","","","","","","","","","","","","","","","","","","0.05","","","","","","0.0107815","","","","","","false","","","3","","","A004","","","","","","","","873397.78000","MNTH","","","","3","","","","UFRO","USD","","","","","false","0.98","","","","","","","","","","FALSE","","","","","","","","","QZNKTC8Z3Q57","NA/CDS Corp Idx","CDX.NA.HY"
"5192857741000000101","","NEWT","TRAD","2026-09-08T18:52:25Z","","CR","","I","FALSE","2026-09-08T18:52:25Z","2026-03-20","2031-06-20","","FALSE","TPSE","FALSE","FALSE","","10,000,000","","USD","","","","","","","","","","","","","","","","","","","","","","","","","0.01","","","","","","98.45","","USD","","","","false","","","1","","","A004","","","","","","","","","MNTH","","","","3","","","","","","USD","","","","false","1","","","","","","","OTHR","","","FALSE","","","","","","","","","QZ4JMQKL3P03","NA/CDS Corp Idx","CDX.EM"
"5192825403000000101","","NEWT","TRAD","2026-09-08T18:44:34Z","","CR","","I","TRUE","2026-09-08T18:44:34Z","2026-09-09","2028-12-20","","FALSE","BBSF","FALSE","TRUE","","100,000,000","","USD","","","","","","","","","","","","","","","","","","","","","","","","","0.05","","","","","","0.01061","","","","","","false","","","3","","","A004","","","","","","","","6981305.56000","MNTH","","","","3","","","","UFRO","USD","","","","","false","0.97","","","","","","","","","","TRUE","","","","-0.000175","","3","","","QZTC64H81XGS","NA/CDS Corp Idx","CDX.NA.HY"
"5192878851000000101","","NEWT","TRAD","2026-09-08T18:58:28Z","","CR","","I","TRUE","2026-09-08T18:58:28Z","2026-09-09","2031-06-20","","FALSE","BBSF","FALSE","FALSE","","1,000,000","","USD","","","","","","","","","","","","","","","","","","","","","","","","","0.05","","","","","","0.01078325","","","","","","false","","","3","","","A004","","","","","","","","87511.28000","MNTH","","","","3","","","","UFRO","USD","","","","","false","0.98","","","","","","","","","","FALSE","","","","","","","","","QZNKTC8Z3Q57","NA/CDS Corp Idx","CDX.NA.HY"
"5192883711000000101","","NEWT","TRAD","2026-09-08T19:00:10Z","","CR","","I","TRUE","2026-09-08T19:00:10Z","2026-09-09","2031-06-20","","FALSE","BBSF","FALSE","FALSE","","12,000,000","","USD","","","","","","","","","","","","","","","","","","","","","","","","","0.05","","","","","","0.01078285","","","","","","false","","","3","","","A004","","","","","","","","1049664.93000","MNTH","","","","3","","","","UFRO","USD","","","","","false","0.98","","","","","","","","","","FALSE","","","","","","","","","QZNKTC8Z3Q57","NA/CDS Corp Idx","CDX.NA.HY"
"5192888481000000101","","NEWT","TRAD","2026-09-08T19:00:53Z","","CR","","I","TRUE","2026-09-08T19:00:53Z","2026-09-09","2031-06-20","","","TWSF","FALSE","FALSE","","50,000,000","","USD","","","","","","","","","","","","","","","","","","","","","","","","","0.01","","","","","","0.005024","","","","","","false","","","3","","","A004","","","","","","","","1176217.77000","MNTH","","","","3","","","","UFRO","USD","","","","","false","1","","","","","","","","","","FALSE","","","","","","","","","QZ3WVVQG5T8K","NA/CDS Corp Idx","CDX.NA.IG"
"5192887206000000101","","NEWT","TRAD","2026-09-08T19:00:37Z","","CR","","I","TRUE","2026-09-08T19:00:37Z","2026-09-09","2031-06-20","","FALSE","BBSF","FALSE","FALSE","","35,000,000","","USD","","","","","","","","","","","","","","","","","","","","","","","","","0.05","","","","","","0.01078225","","","","","","false","","","3","","","A004","","","","","","","","3059464.72000","MNTH","","","","3","","","","UFRO","USD","","","","","false","0.98","","","","","","","","","","FALSE","","","","","","","","","QZNKTC8Z3Q57","NA/CDS Corp Idx","CDX.NA.HY"
"5192876659000000101","","NEWT","TRAD","2026-09-08T18:49:33Z","","CR","","I","TRUE","2026-09-08T18:49:33Z","2026-03-20","2026-10-21","","FALSE","BILT","FALSE","FALSE","TRUE","400,000,000+","","USD","","","","","","","","","","","","","","","","","","","","","","","","2026-10-21","0.00525","","330,000","USD","","","","","","","0.525","","false","","","","","3","A004","","","","","","","","","MNTH","","","","3","","","","","","","","","","false","","","","","","","","","","","FALSE","","","","","","","","","QZ7WW76RFHN3","NA/CDS Idx Swt","NA/CDS Corp Idx"
"5192956508000000101","","NEWT","TRAD","2026-09-08T19:09:28Z","","CR","","I","TRUE","2026-09-08T19:09:28Z","2026-09-09","2031-06-20","","FALSE","BBSF","FALSE","FALSE","","25,000,000","","USD","","","","","","","","","","","","","","","","","","","","","","","","","0.01","","","","","","0.005028","","","","","","false","","","3","","","A004","","","","","","","","587672.02000","MNTH","","","","3","","","","UFRO","USD","","","","","false","1","","","","","","","","","","FALSE","","","","","","","","","QZ3WVVQG5T8K","NA/CDS Corp Idx","CDX.NA.IG"
"5192975709000000201","","NEWT","TRAD","2026-09-08T19:12:07Z","","CR","","I","TRUE","2026-09-08T19:12:07Z","2026-09-09","2031-06-20","","FALSE","BBSF","FALSE","FALSE","","30,000,000","","USD","","","","","","","","","","","","","","","","","","","","","","","","","0.05","","","","","","0.010783","","","","","","false","","","3","","","A004","","","","","","","","2624603.33000","MNTH","","","","3","","","","UFRO","USD","","","","","false","0.98","","","","","","","","","","TRUE","1.0783","","3","","","","","","QZNKTC8Z3Q57","NA/CDS Corp Idx","CDX.NA.HY"
"5189818724000000101","5189815481000000101","MODI","TRAD","2026-09-08T15:57:17Z","TRUE","CR","","N","FALSE","2026-09-08T15:57:17Z","2026-09-09","2027-01-08","","FALSE","XXXX","FALSE","FALSE","TRUE","83,000,000","83,000,000","USD","USD","","","","","","","","","","","","","","","","","","","","","","","","","","","","","","0.0017","","","","","","false","","","3","","","","","","","","","","","","","","","","","","","","","","USD","","","","false","","","","","","","","","","","FALSE","","","","","","","","","QZ1GD4J96Q94","NA/CDS Corp SN","GENERIC TINT PMT"
"5181215518000000801","","NEWT","TRAD","2026-09-08T09:04:13Z","","CR","","I","TRUE","2026-09-08T09:04:13Z","2026-09-09","2031-06-20","","FALSE","BBSF","FALSE","FALSE","","10,000,000","","EUR","","","","","","","","","","","","","","","","","","","","","","","","","0.05","","","","","","0.0252","","","","","","false","","","3","","","A004","","","","","","","","1125120.33000","MNTH","","","","3","","","","UFRO","EUR","","","","","false","1","","","","","","","","","","FALSE","","","","","","","","","QZ3HM9KVK2WL","NA/CDS Corp Idx","ITRAXX EUROPE CROSSOVER"
"5182599793000000101","","NEWT","TRAD","2026-09-08T09:30:41Z","","CR","","I","TRUE","2026-09-08T09:30:41Z","2026-09-09","2031-06-20","","","TWSF","FALSE","FALSE","","40,000,000","","EUR","","","","","","","","","","","","","","","","","","","","","","","","","0.01","","","","","","0.0054","","","","","","false","","","3","","","A004","","","","","","","","900742.58000","MNTH","","","","3","","","","UFRO","EUR","","","","","false","1","","","","","","","","","","FALSE","","","","","","","","","QZTB38W3WJ98","NA/CDS Corp Idx","ITRAXX EUROPE SENIOR FINANCIALS"
"5186333605000000201","","NEWT","TRAD","2026-09-08T11:04:42Z","","CR","","I","TRUE","2026-09-08T11:04:42Z","2026-09-09","2031-06-20","","FALSE","BBSF","FALSE","FALSE","","25,000,000","","EUR","","","","","","","","","","","","","","","","","","","","","","","","","0.05","","","","","","0.02515231","","","","","","false","","","3","","","A004","","","","","","","","2818142.40000","MNTH","","","","3","","","","UFRO","EUR","","","","","false","1","","","","","","","","","","TRUE","","","","0.0029486","","3","","","QZ3HM9KVK2WL","NA/CDS Corp Idx","ITRAXX EUROPE CROSSOVER"
"5187640655000000101","","NEWT","TRAD","2026-09-08T12:16:03Z","","CR","","I","TRUE","2026-09-08T12:16:03Z","2026-09-09","2031-06-20","","FALSE","BBSF","FALSE","FALSE","","41,000,000","","USD","","","","","","","","","","","","","","","","","","","","","","","","","0.01","","","","","","0.005031468","","","","","","false","","","3","","","A004","","","","","","","","963160.95000","MNTH","","","","3","","","","UFRO","USD","","","","","false","1","","","","","","","","","","FALSE","","","","","","","","","QZ3WVVQG5T8K","NA/CDS Corp Idx","CDX.NA.IG"
"5187656510000000101","","NEWT","TRAD","2026-09-08T12:17:43Z","","CR","","I","TRUE","2026-09-08T12:17:43Z","2026-09-09","2031-06-20","","","TWSF","FALSE","FALSE","","40,000,000","","USD","","","","","","","","","","","","","","","","","","","","","","","","","0.01","","","","","","0.00503096","","","","","","false","","","3","","","A004","","","","","","","","939758.69000","MNTH","","","","3","","","","UFRO","USD","","","","","false","1","","","","","","","","","","FALSE","","","","","","","","","QZ3WVVQG5T8K","NA/CDS Corp Idx","CDX.NA.IG"
"5184152949000000301","5042236803000000401","CORR","","2026-09-07T13:04:21Z","","CR","","N","FALSE","2026-06-16T15:11:07Z","2026-06-05","2032-06-09","2032-06-09","TRUE","BILT","FALSE","FALSE","TRUE","220,000,000","","USD","","","","","","","","","","","","","","","","","","","","","","","","","0.0625","","","","","","","","","","","","false","","","","","","A004","","","","","","","","","MNTH","","","","3","","","","","","USD","","","","false","1","","","","","","","","","","FALSE","","","","","","","","","QZ6CJRNWZ7SD","NA/Cr Sw Bskt CDS Corp Au",""
"5183207782000000101","","NEWT","TRAD","2026-09-08T09:43:58Z","","CR","","I","TRUE","2026-09-08T09:43:58Z","2026-09-09","2031-06-20","","FALSE","BBSF","FALSE","FALSE","","13,000,000","","EUR","","","","","","","","","","","","","","","","","","","","","","","","","0.01","","","","","","0.005161","","","","","","false","","","3","","","A004","","","","","","","","306728.11000","MNTH","","","","3","","","","UFRO","EUR","","","","","false","1","","","","","","","","","","FALSE","","","","","","","","","QZTQ4GTC5QMF","NA/CDS Corp Idx","ITRAXX EUROPE"
"5184482156000000201","5105270230000000101","CORR","","2026-09-03T11:43:52Z","","CR","","N","FALSE","2026-09-03T06:46:38Z","2026-06-22","2031-06-20","","FALSE","BILT","FALSE","FALSE","FALSE","45,000,000","","EUR","","","","","","","","","","","","","","","","","","","","","","","","","0.01","","","","","","","","","","","","false","","","3","","3","A004","","","","","","","","1042683.00000","MNTH","","","","3","","","","UFRO","EUR","EUR","","","","false","1","","","","","","","","","","FALSE","","","","","","","","","QZ30FM86XF0K","NA/CDS Corp Idx","ITRAXX EUROPE"
"5184482155000000101","3549708127000000501","CORR","","2026-09-03T15:04:43Z","","CR","","N","FALSE","2026-06-02T15:18:13Z","2026-06-04","2026-09-04","","FALSE","BILT","FALSE","FALSE","TRUE","4,400,000,000","","NGN","","","","","","","","","","","","","","","","","","","","","","","","","0","","","","","","0.008","","","","","","false","","","3","","3","A008","","","","","","","","","DAIL","","","","1","","","","","","USD","USD","","","false","","","","","","","","","","","FALSE","","","","","","","","","QZNSFBW64F4C","NA/CDS Corp SN","THE FEDERAL REPUBLIC OF NIGERIA"
"5184064302000000101","","NEWT","TRAD","2026-09-08T09:58:24Z","","CR","","I","FALSE","2026-09-08T09:58:24Z","2026-09-09","2031-06-20","","FALSE","BBSF","FALSE","TRUE","","94,644,009+","","EUR","","","","","","","","","","","","","","","","","","","","","","","","","0.01","","","","","","0.005375","","","","","","false","","","3","","","A004","","","","","","","","2141886.25831","MNTH","","","","3","","","","UFRO","EUR","","","","","false","1","","","","","","","","","","FALSE","","","","","","","","","QZTB38W3WJ98","NA/CDS Corp Idx","ITRAXX EUROPE SENIOR FINANCIALS"
"5185028637000000101","5116558105000000101","EROR","","2026-09-08T10:17:59Z","","CR","","","","2026-09-03T12:22:53Z","2026-09-03","2026-10-21","","","","","","FALSE","","","","","","","","","","","","","","","","","","","","","","","","","","","","0.01","","","","","","","","","","","","","","","","","","","","","","","","","","","","","","","","","","","","","","","","","","","","","","","","","","","","","","","","","","","","","QZ2L66CGCV9J","NA/CDS Idx Swt","NA/CDS Corp Idx"
"5185165965000000101","","NEWT","TRAD","2026-09-08T10:24:06Z","","CR","","I","TRUE","2026-09-08T10:24:06Z","2026-09-09","2031-06-20","","FALSE","BBSF","FALSE","FALSE","","15,000,000","","EUR","","","","","","","","","","","","","","","","","","","","","","","","","0.01","","","","","","0.00515076","","","","","","false","","","3","","","A004","","","","","","","","354609.18000","MNTH","","","","3","","","","UFRO","EUR","","","","","false","1","","","","","","","","","","FALSE","","","","","","","","","QZTQ4GTC5QMF","NA/CDS Corp Idx","ITRAXX EUROPE"
"5187755146000000201","","NEWT","TRAD","2026-09-08T12:25:05Z","","CR","","I","FALSE","2026-09-08T12:25:05Z","2026-03-20","2031-06-20","","FALSE","TPSE","FALSE","FALSE","","10,000,000","","USD","","","","","","","","","","","","","","","","","","","","","","","","","0.01","","","","","","98.445","","USD","","","","false","","","1","","","A004","","","","","","","","","MNTH","","","","3","","","","","","USD","","","","false","1","","","","","","","OTHR","","","FALSE","","","","","","","","","QZ4JMQKL3P03","NA/CDS Corp Idx","CDX.EM"
"5188588737000000101","","NEWT","TRAD","2026-09-08T13:08:07Z","","CR","","I","FALSE","2026-09-08T13:08:07Z","2026-11-18","2026-11-18","2031-06-20","","BILT","FALSE","FALSE","FALSE","400,000,000+","","USD","","","","","","","","","","","","","","","","","","","","","","","","2026-11-18","0.01","","468,000","USD","","","","","","","0.0055","","false","","","","","3","A004","","","","","","","","","MNTH","","","","3","","","","","","","","","","false","","","","","","","","","","","FALSE","","","","","","","","","QZ9Z7H8JV03N","NA/CDS Idx Swt","NA/CDS Corp Idx"
"5188546451000000101","","NEWT","TRAD","2026-09-08T13:18:44Z","","CR","","I","TRUE","2026-09-08T13:18:44Z","2026-09-09","2031-06-20","","","TWSF","FALSE","FALSE","","42,000,000","","USD","","","","","","","","","","","","","","","","","","","","","","","","","0.01","","","","","","0.00501","","","","","","false","","","3","","","A004","","","","","","","","990591.90000","MNTH","","","","3","","","","UFRO","USD","","","","","false","1","","","","","","","","","","TRUE","","","","0.00501","","3","","","QZ3WVVQG5T8K","NA/CDS Corp Idx","CDX.NA.IG"
"5188609257000000101","","NEWT","TRAD","2026-09-08T13:24:01Z","","CR","","I","FALSE","2026-09-08T13:24:01Z","2026-09-09","2031-06-20","","","TWSF","FALSE","FALSE","","5,000,000","","EUR","","","","","","","","","","","","","","","","","","","","","","","","","0.05","","","","","","0.025027","","","","","","false","","","3","","","A004","","","","","","","","566437.37000","MNTH","","","","3","","","","UFRO","EUR","","","","","false","1","","","","","","","","","","FALSE","","","","","","","","","QZ3HM9KVK2WL","NA/CDS Corp Idx","ITRAXX EUROPE CROSSOVER"
"5187897638000000101","","NEWT","TRAD","2026-09-08T12:35:02Z","","CR","","I","TRUE","2026-09-08T12:35:02Z","2026-09-09","2031-06-20","","FALSE","BBSF","FALSE","FALSE","","10,000,000","","USD","","","","","","","","","","","","","","","","","","","","","","","","","0.05","","","","","","0.0107845","","","","","","false","","","3","","","A004","","","","","","","","876337.78000","MNTH","","","","3","","","","UFRO","USD","","","","","false","0.98","","","","","","","","","","FALSE","","","","","","","","","QZNKTC8Z3Q57","NA/CDS Corp Idx","CDX.NA.HY"
"5188113333000000101","","NEWT","TRAD","2026-09-08T12:51:59Z","","CR","","I","TRUE","2026-09-08T12:51:59Z","2026-09-09","2031-06-20","","FALSE","BBSF","FALSE","FALSE","","10,000,000","","EUR","","","","","","","","","","","","","","","","","","","","","","","","","0.05","","","","","","0.02502063","","","","","","false","","","3","","","A004","","","","","","","","1133160.45000","MNTH","","","","3","","","","UFRO","EUR","","","","","false","1","","","","","","","","","","FALSE","","","","","","","","","QZ3HM9KVK2WL","NA/CDS Corp Idx","ITRAXX EUROPE CROSSOVER"
"5189594699000000301","","NEWT","TRAD","2026-09-08T15:23:10Z","","CR","","N","FALSE","2026-09-08T15:23:10Z","2026-09-09","2058-12-17","","FALSE","BILT","FALSE","FALSE","FALSE","30,000,000","","USD","","","","","","","","","","","","","","","","","","","","","","","","","0.005","","","","","","","","","","","","false","","","","","","A004","","","","","","","","133497.70000","MNTH","","","","1","","","","UFRO","USD","USD","","","","false","1","","","","","","","","","","FALSE","","","","","","","","","QZSR16NMZ9SM","NA/CDS Corp Idx","CMBX.NA.AAA"
"5189583997000000101","","NEWT","TRAD","2026-09-08T15:30:28Z","","CR","","I","TRUE","2026-09-08T15:30:28Z","2026-09-09","2031-06-20","","FALSE","BBSF","FALSE","TRUE","","50,000,000","","USD","","","","","","","","","","","","","","","","","","","","","","","","","0.05","","","","","","0.010785","","","","","","false","","","3","","","A004","","","","","","","","4384138.89000","MNTH","","","","3","","","","UFRO","USD","","","","","false","0.98","","","","","","","","","","TRUE","1.0785","","3","","","","","","QZNKTC8Z3Q57","NA/CDS Corp Idx","CDX.NA.HY"
"5189662814000000101","","NEWT","TRAD","2026-09-08T15:45:09Z","FALSE","CR","","I","FALSE","2026-09-08T15:45:09Z","2026-03-20","2031-06-20","","","TSCD","FALSE","FALSE","FALSE","25,000,000","","EUR","","","","","","","","","","","","","","","","","","","","","","","","","0.01","","","","","","","","","","","","false","","","","","","A004","","","","","","","","591100.92000","MNTH","","","","3","","","","UFRO","EUR","","","","","false","1","","","","","","","","","","FALSE","","","","","","","","","QZTQ4GTC5QMF","NA/CDS Corp Idx","ITRAXX EUROPE"
"5189544304000000101","","NEWT","TRAD","2026-09-08T15:21:19Z","","CR","","I","TRUE","2026-09-08T15:21:19Z","2026-09-09","2031-06-20","","FALSE","BBSF","FALSE","FALSE","","25,000,000","","EUR","","","","","","","","","","","","","","","","","","","","","","","","","0.01","","","","","","0.0051455","","","","","","false","","","3","","","A004","","","","","","","","591607.88000","MNTH","","","","3","","","","UFRO","EUR","","","","","false","1","","","","","","","","","","FALSE","","","","","","","","","QZTQ4GTC5QMF","NA/CDS Corp Idx","ITRAXX EUROPE"
"5189550834000000101","","NEWT","TRAD","2026-09-08T15:22:34Z","","CR","","I","TRUE","2026-09-08T15:22:34Z","2026-09-09","2031-06-20","","FALSE","BBSF","FALSE","FALSE","","50,000,000","","EUR","","","","","","","","","","","","","","","","","","","","","","","","","0.01","","","","","","0.0051525","","","","","","false","","","3","","","A004","","","","","","","","1181638.56000","MNTH","","","","3","","","","UFRO","EUR","","","","","false","1","","","","","","","","","","FALSE","","","","","","","","","QZTQ4GTC5QMF","NA/CDS Corp Idx","ITRAXX EUROPE"
"5189555004000000101","","NEWT","TRAD","2026-09-08T15:23:33Z","","CR","","I","TRUE","2026-09-08T15:23:33Z","2026-09-09","2031-06-20","","","TWSF","FALSE","FALSE","","4,000,000","","EUR","","","","","","","","","","","","","","","","","","","","","","","","","0.05","","","","","","0.0250695","","","","","","false","","","3","","","A004","","","","","","","","452386.85826","MNTH","","","","3","","","","UFRO","EUR","","","","","false","1","","","","","","","","","","FALSE","","","","","","","","","QZ3HM9KVK2WL","NA/CDS Corp Idx","ITRAXX EUROPE CROSSOVER"
"5177137362000000101","","NEWT","TRAD","2026-09-08T07:44:13Z","","CR","","I","TRUE","2026-09-08T07:44:13Z","2026-09-09","2031-06-20","","FALSE","BBSF","FALSE","FALSE","","20,000,000","","EUR","","","","","","","","","","","","","","","","","","","","","","","","","0.01","","","","","","0.005169","","","","","","false","","","3","","","A004","","","","","","","","471168.48000","MNTH","","","","3","","","","UFRO","EUR","","","","","false","1","","","","","","","","","","FALSE","","","","","","","","","QZTQ4GTC5QMF","NA/CDS Corp Idx","ITRAXX EUROPE"
"5178177367000000101","","NEWT","TRAD","2026-09-08T08:06:25Z","","CR","","I","FALSE","2026-09-08T08:06:25Z","2026-09-09","2031-06-20","","FALSE","BBSF","FALSE","FALSE","","10,000,000","","EUR","","","","","","","","","","","","","","","","","","","","","","","","","0.01","","","","","","0.0054144","","","","","","false","","","3","","","A004","","","","","","","","224538.04000","MNTH","","","","3","","","","UFRO","EUR","","","","","false","1","","","","","","","","","","FALSE","","","","","","","","","QZTB38W3WJ98","NA/CDS Corp Idx","ITRAXX EUROPE SENIOR FINANCIALS"
"5178887548000000101","","NEWT","TRAD","2026-09-08T08:23:35Z","","CR","","I","TRUE","2026-09-08T08:23:35Z","2026-09-09","2031-06-20","","","TWSF","FALSE","FALSE","","14,000,000","","EUR","","","","","","","","","","","","","","","","","","","","","","","","","0.01","","","","","","0.00541","","","","","","false","","","3","","","A004","","","","","","","","314629.71598","MNTH","","","","3","","","","UFRO","EUR","","","","","false","1","","","","","","","","","","FALSE","","","","","","","","","QZTB38W3WJ98","NA/CDS Corp Idx","ITRAXX EUROPE SENIOR FINANCIALS"
"5177334384000000101","","NEWT","TRAD","2026-09-08T07:48:33Z","","CR","","I","TRUE","2026-09-08T07:48:33Z","2026-09-09","2031-06-20","","FALSE","BBSF","FALSE","FALSE","","25,000,000","","EUR","","","","","","","","","","","","","","","","","","","","","","","","","0.05","","","","","","0.0251125","","","","","","false","","","3","","","A004","","","","","","","","2822602.80000","MNTH","","","","3","","","","UFRO","EUR","","","","","false","1","","","","","","","","","","FALSE","","","","","","","","","QZ3HM9KVK2WL","NA/CDS Corp Idx","ITRAXX EUROPE CROSSOVER"
"5190220646000000101","","NEWT","TRAD","2026-09-08T16:13:03Z","","CR","","N","FALSE","2026-09-08T16:13:03Z","2026-09-09","2026-11-18","2031-06-20","FALSE","BILT","FALSE","FALSE","TRUE","400,000,000+","","USD","","","","","","","","","","","","","","","","","","","","","","","","2026-11-18","0.01","","230,001.29375","USD","","","","","","","65","USD","false","","","","","1","A004","","","","","","","","","MNTH","","","","3","","","","","","","","","","false","","","","","","","","","","","FALSE","","","","","","","","","QZ7WW76RFHN3","NA/CDS Idx Swt","NA/CDS Corp Idx"
"5188559705000000101","","NEWT","TRAD","2026-09-08T13:08:07Z","","CR","","I","FALSE","2026-09-08T13:08:07Z","2026-11-18","2026-11-18","2031-06-20","","BILT","FALSE","FALSE","FALSE","400,000,000+","","USD","","","","","","","","","","","","","","","","","","","","","","","","2026-11-18","0.01","","832,000","USD","","","","","","","0.0055","","false","","","","","3","A004","","","","","","","","","MNTH","","","","3","","","","","","","","","","false","","","","","","","","","","","FALSE","","","","","","","","","QZDRFGQM4073","NA/CDS Idx Swt","NA/CDS Corp Idx"
"5189368168000000101","","NEWT","TRAD","2026-09-08T14:53:42Z","","CR","","I","TRUE","2026-09-08T14:53:42Z","2026-09-09","2031-06-20","","","TWSF","FALSE","TRUE","","140,000,000","","EUR","","","","","","","","","","","","","","","","","","","","","","","","","0.01","","","","","","0.00515","","","","","","false","","","3","","","A004","","","","","","","","3310156.14860","MNTH","","","","3","","","","UFRO","EUR","","","","","false","1","","","","","","","","","","FALSE","","","","","","","","","QZTQ4GTC5QMF","NA/CDS Corp Idx","ITRAXX EUROPE"
"5189460781000000301","","NEWT","TRAD","2026-09-08T15:08:50Z","","CR","","I","TRUE","2026-09-08T15:08:50Z","2026-09-09","2031-06-20","","FALSE","BBSF","FALSE","FALSE","","14,000,000","","EUR","","","","","","","","","","","","","","","","","","","","","","","","","0.01","","","","","","0.0051532","","","","","","false","","","3","","","A004","","","","","","","","330815.58370","MNTH","","","","3","","","","UFRO","EUR","","","","","false","1","","","","","","","","","","FALSE","","","","","","","","","QZTQ4GTC5QMF","NA/CDS Corp Idx","ITRAXX EUROPE"
"5189467030000000101","","NEWT","TRAD","2026-09-08T15:09:44Z","","CR","","N","FALSE","2026-09-08T15:09:44Z","2026-09-08","2059-11-17","","FALSE","BILT","FALSE","FALSE","FALSE","10,000,000","","USD","","","","","","","","","","","","","","","","","","","","","","","","","0.03","","","","","","","","","","","","false","","","","","","A004","","","","","","","","2682938.95000","MNTH","","","","1","","","","UFRO","USD","USD","","","","false","1","","","","","","","","","","FALSE","","","","","","","","","QZP5WWNVF4JS","NA/CDS Corp Idx","CMBX.NA.BBB-"
"5188660052000000101","5188643558000000101","EROR","","2026-09-08T13:27:57Z","","CR","","N","FALSE","2026-09-08T13:22:11Z","2026-09-08","2030-12-20","","FALSE","BILT","FALSE","FALSE","FALSE","3,000,000","","EUR","","","","","","","","","","","","","","","","","","","","","","","","","0.05","","","","","","","","","","","","false","","","","","","A004","","","","","","","","1027583.32800","MNTH","","","","3","","","","UFRO","EUR","","","","","false","1","","","","","","","","","","FALSE","","","","","","","","","QZB5DPT9MS3H","NA/CDS Corp Idx Tra","ITRAXX EUROPE CROSSOVER"
"5188682942000000101","","NEWT","TRAD","2026-09-08T13:29:16Z","","CR","","I","TRUE","2026-09-08T13:29:16Z","2026-09-09","2031-06-20","","FALSE","BBSF","FALSE","FALSE","","10,000,000","","USD","","","","","","","","","","","","","","","","","","","","","","","","","0.05","","","","","","0.01078655","","","","","","false","","","3","","","A004","","","","","","","","878346.78000","MNTH","","","","3","","","","UFRO","USD","","","","","false","0.98","","","","","","","","","","FALSE","","","","","","","","","QZNKTC8Z3Q57","NA/CDS Corp Idx","CDX.NA.HY"
"5188546502000000201","","NEWT","TRAD","2026-09-08T13:18:48Z","","CR","","I","TRUE","2026-09-08T13:18:48Z","2026-09-09","2031-06-20","","FALSE","BBSF","FALSE","TRUE","","35,000,000","","EUR","","","","","","","","","","","","","","","","","","","","","","","","","0.05","","","","","","0.0250375","","","","","","false","","","3","","","A004","","","","","","","","3963413.34000","MNTH","","","","3","","","","UFRO","EUR","","","","","false","1","","","","","","","","","","FALSE","","","","","","","","","QZ3HM9KVK2WL","NA/CDS Corp Idx","ITRAXX EUROPE CROSSOVER"
"5188536330000000201","","NEWT","TRAD","2026-09-08T13:07:13Z","","CR","","N","FALSE","2026-09-08T13:07:13Z","2026-09-08","2026-09-09","","FALSE","BILT","FALSE","FALSE","TRUE","120,000,000","110,086,465","USD","USD","","","","","","","","","","","","","","","","","","","","","","","","0.037804","0.037804","","","","","","","","","","","false","","","","","","","","","","","","","","","EXPI","","","","1","","","","","","","USD","","","false","","","","","","","","","","","FALSE","","","","","","","","","QZC9DPTWH4KC","NA/CDS Corp SN","DTD 11/15/2025"
"5188779120000000101","","NEWT","TRAD","2026-09-08T13:37:21Z","","CR","","I","TRUE","2026-09-08T13:37:21Z","2026-09-09","2031-06-20","","FALSE","BBSF","FALSE","FALSE","","6,000,000","","EUR","","","","","","","","","","","","","","","","","","","","","","","","","0.05","","","","","","0.025045","","","","","","false","","","3","","","A004","","","","","","","","679239.79695","MNTH","","","","3","","","","UFRO","EUR","","","","","false","1","","","","","","","","","","FALSE","","","","","","","","","QZ3HM9KVK2WL","NA/CDS Corp Idx","ITRAXX EUROPE CROSSOVER"
"5188782605000000301","","NEWT","TRAD","2026-09-08T13:37:55Z","","CR","","I","FALSE","2026-09-08T13:37:55Z","2026-09-09","2031-06-20","","FALSE","BBSF","FALSE","FALSE","","7,000,000","","EUR","","","","","","","","","","","","","","","","","","","","","","","","","0.01","","","","","","0.00537886","","","","","","false","","","3","","","A004","","","","","","","","158296.22841","MNTH","","","","3","","","","UFRO","EUR","","","","","false","1","","","","","","","","","","FALSE","","","","","","","","","QZTB38W3WJ98","NA/CDS Corp Idx","ITRAXX EUROPE SENIOR FINANCIALS"
"5188802467000000101","","NEWT","TRAD","2026-09-08T13:40:04Z","","CR","","I","TRUE","2026-09-08T13:40:04Z","2026-09-09","2031-06-20","","","TWSF","FALSE","FALSE","","10,000,000","","USD","","","","","","","","","","","","","","","","","","","","","","","","","0.05","","","","","","0.01078599","","","","","","false","","","3","","","A004","","","","","","","","877797.98000","MNTH","","","","3","","","","UFRO","USD","","","","","false","0.98","","","","","","","","","","FALSE","","","","","","","","","QZNKTC8Z3Q57","NA/CDS Corp Idx","CDX.NA.HY"
"5188813629000000101","","NEWT","TRAD","2026-09-08T13:41:27Z","","CR","","I","TRUE","2026-09-08T13:41:27Z","2026-09-09","2031-06-20","","FALSE","BBSF","FALSE","FALSE","","25,000,000","","USD","","","","","","","","","","","","","","","","","","","","","","","","","0.05","","","","","","0.01078575","","","","","","false","","","3","","","A004","","","","","","","","2193906.94000","MNTH","","","","3","","","","UFRO","USD","","","","","false","0.98","","","","","","","","","","FALSE","","","","","","","","","QZNKTC8Z3Q57","NA/CDS Corp Idx","CDX.NA.HY"
"5188721857000000101","","NEWT","TRAD","2026-09-08T13:32:23Z","","CR","","I","TRUE","2026-09-08T13:32:23Z","2026-09-09","2030-12-20","","FALSE","BBSF","FALSE","TRUE","","46,461,605+","","EUR","","","","","","","","","","","","","","","","","","","","","","","","","0.05","","","","","","0.02203794","","","","","","false","","","3","","","A004","","","","","","","","5409523.36345","MNTH","","","","3","","","","UFRO","EUR","","","","","false","1","","","","","","","","","","TRUE","","","","0.00295","","3","","","QZ5F5FRS4TR9","NA/CDS Corp Idx","ITRAXX EUROPE CROSSOVER"
"5188898547000000101","","NEWT","TRAD","2026-09-08T13:48:35Z","","CR","","I","TRUE","2026-09-08T13:48:35Z","2026-09-09","2031-06-20","","FALSE","BBSF","FALSE","FALSE","","15,000,000","","EUR","","","","","","","","","","","","","","","","","","","","","","","","","0.05","","","","","","0.025042","","","","","","false","","","3","","","A004","","","","","","","","1698303.00000","MNTH","","","","3","","","","UFRO","EUR","","","","","false","1","","","","","","","","","","FALSE","","","","","","","","","QZ3HM9KVK2WL","NA/CDS Corp Idx","ITRAXX EUROPE CROSSOVER"
"5188923195000000101","","NEWT","TRAD","2026-09-08T13:51:31Z","","CR","","I","TRUE","2026-09-08T13:51:31Z","2026-09-09","2031-06-20","","FALSE","BBSF","FALSE","FALSE","","30,000,000","","USD","","","","","","","","","","","","","","","","","","","","","","","","","0.05","","","","","","0.01078425","","","","","","false","","","3","","","A004","","","","","","","","2628278.33000","MNTH","","","","3","","","","UFRO","USD","","","","","false","0.98","","","","","","","","","","FALSE","","","","","","","","","QZNKTC8Z3Q57","NA/CDS Corp Idx","CDX.NA.HY"
"5188929707000000101","","NEWT","TRAD","2026-09-08T13:52:18Z","","CR","","I","FALSE","2026-09-08T13:52:18Z","2026-09-09","2031-06-20","","","TWSF","FALSE","FALSE","","30,000,000","","EUR","","","","","","","","","","","","","","","","","","","","","","","","","0.05","","","","","","0.025062","","","","","","false","","","3","","","A004","","","","","","","","3393915.38000","MNTH","","","","3","","","","UFRO","EUR","","","","","false","1","","","","","","","","","","FALSE","","","","","","","","","QZ3HM9KVK2WL","NA/CDS Corp Idx","ITRAXX EUROPE CROSSOVER"
"5188815082000000101","","NEWT","TRAD","2026-09-08T13:41:47Z","","CR","","I","TRUE","2026-09-08T13:41:47Z","2026-09-09","2031-06-20","","FALSE","BBSF","FALSE","TRUE","","200,000,000","","USD","","","","","","","","","","","","","","","","","","","","","","","","","0.01","","","","","","0.005021","","","","","","false","","","3","","","A004","","","","","","","","4707492.38000","MNTH","","","","3","","","","UFRO","USD","","","","","false","1","","","","","","","","","","FALSE","","","","","","","","","QZ3WVVQG5T8K","NA/CDS Corp Idx","CDX.NA.IG"
"5188990345000000101","","NEWT","TRAD","2026-09-08T13:59:24Z","","CR","","I","FALSE","2026-09-08T13:59:24Z","2026-09-09","2031-06-20","","","TWSF","FALSE","FALSE","","5,000,000","","EUR","","","","","","","","","","","","","","","","","","","","","","","","","0.01","","","","","","0.00514669","","","","","","false","","","3","","","A004","","","","","","","","118294.76000","MNTH","","","","3","","","","UFRO","EUR","","","","","false","1","","","","","","","","","","FALSE","","","","","","","","","QZTQ4GTC5QMF","NA/CDS Corp Idx","ITRAXX EUROPE"
"5189092478000000101","","NEWT","TRAD","2026-09-08T14:09:10Z","","CR","","I","TRUE","2026-09-08T14:09:10Z","2026-03-20","2031-06-20","","","TREU","FALSE","FALSE","FALSE","1,000,000","","EUR","","","","","","","","","","","","","","","","","","","","","","","","","0.05","","","","","","","","","","","","false","","","","","","A004","","","","","","","","113049.81000","MNTH","","","","3","","","","UFRO","EUR","","","","","false","1","","","","","","","","","","FALSE","","","","","","","","","QZ3HM9KVK2WL","NA/CDS Corp Idx","ITRAXX EUROPE CROSSOVER"
"5188908404000000101","5188536329000000101","MODI","TRAD","2026-09-08T13:48:03Z","FALSE","CR","","N","FALSE","2026-09-08T13:07:14Z","2026-09-08","2026-09-15","","FALSE","BILT","FALSE","FALSE","TRUE","400,000,000+","367,021,769","USD","USD","","","","","","","","","","","","","","","","","","","","","","","","0.038227","0.038227","","","","","","","","","","","false","","","","","","","","","","","","","","","EXPI","","","","1","","","","","","","USD","","","false","","","","","","","","","","","FALSE","","","","","","","","","QZC9DPTWH4KC","NA/CDS Corp SN","DTD 11/15/2025"
"5189134204000000101","","NEWT","TRAD","2026-09-08T14:19:45Z","","CR","","I","TRUE","2026-09-08T14:19:45Z","2026-09-09","2031-06-20","","","TWSF","FALSE","FALSE","","97,000,000","","USD","","","","","","","","","","","","","","","","","","","","","","","","","0.01","","","","","","0.0050222","","","","","","false","","","3","","","A004","","","","","","","","2282623.47925","MNTH","","","","3","","","","UFRO","USD","","","","","false","1","","","","","","","","","","FALSE","","","","","","","","","QZ3WVVQG5T8K","NA/CDS Corp Idx","CDX.NA.IG"
"5189187358000000101","5189180850000000201","MODI","TRAD","2026-09-08T14:27:24Z","TRUE","CR","","I","TRUE","2026-09-08T14:26:29Z","2026-03-20","2031-06-20","","FALSE","TPSE","FALSE","FALSE","","60,000,000","","USD","","","","","","","","","","","","","","","","","","","","","","","","","0.01","","","","","","0.0050188","","","","","","false","","","3","","","A004","","","","","","","","","MNTH","","","","3","","","","","","USD","","","","false","1","","","","","","","OTHR","","","FALSE","","","","","","","","","QZ3WVVQG5T8K","NA/CDS Corp Idx","CDX.NA.IG"
"5189180817000000901","","NEWT","TRAD","2026-09-08T14:10:40Z","","CR","","I","FALSE","2026-09-08T14:10:40Z","2026-03-20","2026-09-16","2031-06-20","FALSE","BILT","FALSE","FALSE","TRUE","344,160,034+","","EUR","","","","","","","","","","","","","","","","","","","","","","","","2026-09-16","0.01","","51,624","EUR","","","","","","","0.0055","","false","","","","","3","A004","","","","","","","","","MNTH","","","","3","","","","","","","","","","false","1","","","","","","","","","","FALSE","","","","","","","","","QZS1WNR5R2ND","NA/CDS Idx Swt","NA/CDS Corp Idx"
"5189180820000001201","","NEWT","TRAD","2026-09-08T14:11:13Z","","CR","","I","FALSE","2026-09-08T14:11:13Z","2026-03-20","2026-11-18","2031-06-20","FALSE","BILT","FALSE","FALSE","TRUE","344,160,034+","","EUR","","","","","","","","","","","","","","","","","","","","","","","","2026-11-18","0.01","","409,550.4","EUR","","","","","","","0.00575","","false","","","","","3","A004","","","","","","","","","MNTH","","","","3","","","","","","","","","","false","1","","","","","","","","","","FALSE","","","","","","","","","QZS1WNR5R2ND","NA/CDS Idx Swt","NA/CDS Corp Idx"
"5189115952000000101","","NEWT","TRAD","2026-09-08T14:14:51Z","","CR","","N","FALSE","2026-09-08T14:14:51Z","2026-09-08","2026-11-18","2031-06-20","FALSE","BILT","FALSE","FALSE","TRUE","400,000,000+","","USD","","","","","","","","","","","","","","","","","","","","","","","","2026-11-18","0.05","","2,201,080","USD","","","","","","","0.01065","","false","","","","","3","A004","","","","","","","","","MNTH","","","","3","","","","","","","","","","false","0.98","","","","","","","","","","FALSE","","","","","","","","","QZ4682HKL4CM","NA/CDS Idx Swt","NA/CDS Corp Idx"
"5189134296000000101","","NEWT","TRAD","2026-09-08T14:16:06Z","","CR","","N","FALSE","2026-09-08T14:16:06Z","2026-09-08","2027-01-20","2031-06-20","FALSE","BILT","FALSE","FALSE","TRUE","400,000,000+","","USD","","","","","","","","","","","","","","","","","","","","","","","","2027-01-20","0.01","","219,200","USD","","","","","","","0.009","","false","","","","","3","A004","","","","","","","","","MNTH","","","","3","","","","","","","","","","false","1","","","","","","","","","","FALSE","","","","","","","","","QZT4QS79CCTS","NA/CDS Idx Swt","NA/CDS Corp Idx"
"5189317592000000101","5114088581000000101","MODI","TRAD","2026-09-08T14:42:53Z","TRUE","CR","","I","FALSE","2026-09-03T10:26:36Z","2026-03-20","2031-06-20","","","BGCD","FALSE","FALSE","","10,000,000","","USD","","","","","","","","","","","","","","","","","","","","","","","","","0.01","","","","","","","","","","","","false","","","","","","A004","","","","","","","","141944.00000","MNTH","","","","3","","","","UFRO","USD","","","","","false","1","","","","","","","","","","FALSE","","","","","","","","","QZ39BZSFH68L","NA/CDS Sov Idx","CDX.EM"
"5193644775000000101","","NEWT","TRAD","2026-09-08T19:48:30Z","","CR","","I","TRUE","2026-09-08T19:48:30Z","2026-09-09","2031-06-20","","FALSE","BBSF","FALSE","FALSE","","10,000,000","","USD","","","","","","","","","","","","","","","","","","","","","","","","","0.05","","","","","","0.01078015","","","","","","false","","","3","","","A004","","","","","","","","872074.78000","MNTH","","","","3","","","","UFRO","USD","","","","","false","0.98","","","","","","","","","","FALSE","","","","","","","","","QZNKTC8Z3Q57","NA/CDS Corp Idx","CDX.NA.HY"
"5195511367000000101","5195474013000000101","MODI","TRAD","2026-09-08T20:58:24Z","TRUE","CR","","I","TRUE","2026-09-08T20:57:11Z","2026-03-20","2031-06-20","","FALSE","TPSE","FALSE","FALSE","","15,000,000","","USD","","","","","","","","","","","","","","","","","","","","","","","","","0.05","","","","","","107.78","","USD","","","","false","","","1","","","A004","","","","","","","","","MNTH","","","","3","","","","","","USD","","","","false","0.98","","","","","","","OTHR","","","FALSE","","","","","","","","","QZNKTC8Z3Q57","NA/CDS Corp Idx","CDX.NA.HY"
"5175656414000000101","","NEWT","TRAD","2026-09-08T07:14:37Z","","CR","","I","TRUE","2026-09-08T07:14:37Z","2026-09-09","2031-06-20","","FALSE","BBSF","FALSE","FALSE","","20,000,000","","EUR","","","","","","","","","","","","","","","","","","","","","","","","","0.05","","","","","","0.025035","","","","","","false","","","3","","","A004","","","","","","","","2265031.87000","MNTH","","","","3","","","","UFRO","EUR","","","","","false","1","","","","","","","","","","FALSE","","","","","","","","","QZ3HM9KVK2WL","NA/CDS Corp Idx","ITRAXX EUROPE CROSSOVER"
"5189397934000000201","","NEWT","TRAD","2026-09-08T14:58:26Z","","CR","","I","TRUE","2026-09-08T14:58:26Z","2026-09-09","2031-06-20","","FALSE","BBSF","FALSE","FALSE","","10,000,000","","USD","","","","","","","","","","","","","","","","","","","","","","","","","0.05","","","","","","0.010784","","","","","","false","","","3","","","A004","","","","","","","","875847.78000","MNTH","","","","3","","","","UFRO","USD","","","","","false","0.98","","","","","","","","","","FALSE","","","","","","","","","QZNKTC8Z3Q57","NA/CDS Corp Idx","CDX.NA.HY"
"5190897949000000101","","NEWT","TRAD","2026-09-08T16:56:52Z","","CR","","N","FALSE","2026-09-08T16:56:52Z","2026-09-08","2030-12-20","","FALSE","BILT","FALSE","FALSE","FALSE","15,000,000","","EUR","","","","","","","","","","","","","","","","","","","","","","","","","0.05","","","","","","","","","","","","false","","","","","","A004","","","","","","","","1897916.67000","MNTH","","","","3","","","","UFRO","EUR","","","","","false","1","","","","","","","","","","FALSE","","","","","","","","","QZB5DPT9MS3H","NA/CDS Corp Idx Tra","ITRAXX EUROPE CROSSOVER"
"5190827101000000101","","NEWT","TRAD","2026-09-08T16:52:30Z","","CR","","I","TRUE","2026-09-08T16:52:30Z","2026-09-09","2031-06-20","","","TWSF","FALSE","FALSE","","54,000,000","","USD","","","","","","","","","","","","","","","","","","","","","","","","","0.01","","","","","","0.005021","","","","","","false","","","3","","","A004","","","","","","","","1271027.24590","MNTH","","","","3","","","","UFRO","USD","","","","","false","1","","","","","","","","","","FALSE","","","","","","","","","QZ3WVVQG5T8K","NA/CDS Corp Idx","CDX.NA.IG"
"5190845269000000101","","NEWT","TRAD","2026-09-08T16:54:57Z","","CR","","I","TRUE","2026-09-08T16:54:57Z","2026-09-09","2031-06-20","","FALSE","BBSF","FALSE","FALSE","","1,000,000","","USD","","","","","","","","","","","","","","","","","","","","","","","","","0.05","","","","","","0.01078525","","","","","","false","","","3","","","A004","","","","","","","","87707.28000","MNTH","","","","3","","","","UFRO","USD","","","","","false","0.98","","","","","","","","","","FALSE","","","","","","","","","QZNKTC8Z3Q57","NA/CDS Corp Idx","CDX.NA.HY"
"5190865370000000301","3482656152000000101","MODI","TRAD","2026-09-04T12:23:44Z","FALSE","CR","","N","FALSE","2026-06-03T16:58:25Z","2026-09-05","2065-10-15","2065-10-15","TRUE","BILT","FALSE","FALSE","TRUE","19,000,000","","USD","","","","","","","","","","","","","","","","","","","","","","","","","","","","","","","","","","","","","false","","","","","","","","A004","","DAIL","","1","","11620.85184","","","","","","","","","UFRO","USD","USD","","","","true","","","","","","","","OPET","","","FALSE","","","","","","","","","QZWBC8GZ8TBN","NA/CDS Corp Oth","Basket"
"5191050939000000101","","NEWT","TRAD","2026-09-08T17:09:06Z","","CR","","N","FALSE","2026-09-08T17:09:06Z","2026-03-20","2031-06-20","","FALSE","BILT","FALSE","FALSE","FALSE","2,000,000","","USD","","","","","","","","","","","","","","","","","","","","","","","","","0.01","","","","","","","","","","","","false","","","","","","A004","","","","","","","","26111.04614","MNTH","","","","3","","","","UFRO","USD","","","","","false","1","","","","","","","","","","FALSE","","","","","","","","","QZ39BZSFH68L","NA/CDS Sov Idx","CDX.EM"
"5190806579000000101","","NEWT","TRAD","2026-09-08T16:49:47Z","","CR","","N","FALSE","2026-09-08T16:49:47Z","2026-03-20","2026-10-21","2031-06-20","FALSE","BILT","FALSE","FALSE","TRUE","200,000,000","","EUR","","","","","","","","","","","","","","","","","","","","","","","","2026-10-21","0.01","","162,000","EUR","","","","","","","0.0055","","false","","","","","3","A004","","","","","","","","","MNTH","","","","3","","","","","","","","","","false","1","","","","","","","","","","FALSE","","","","","","","","","QZS61NHV7CQ9","NA/Cr Op Swps EuPt Van Ph",""
"5191102010000000101","","NEWT","TRAD","2026-09-08T17:11:16Z","","CR","","I","TRUE","2026-09-08T17:11:16Z","2026-09-09","2031-06-20","","FALSE","BBSF","FALSE","TRUE","","210,000,000","","USD","","","","","","","","","","","","","","","","","","","","","","","","","0.01","","","","","","0.005025","","","","","","false","","","3","","","A004","","","","","","","","4939219.79265","MNTH","","","","3","","","","UFRO","USD","","","","","false","1","","","","","","","","","","TRUE","","","","0.005025","","3","","","QZ3WVVQG5T8K","NA/CDS Corp Idx","CDX.NA.IG"
"5191247632000000101","","NEWT","TRAD","2026-09-08T17:17:10Z","","CR","","I","TRUE","2026-09-08T17:17:10Z","2026-09-09","2029-12-20","","FALSE","BBSF","FALSE","TRUE","","100,000,000","","USD","","","","","","","","","","","","","","","","","","","","","","","","","0.05","","","","","","0.0107535","","","","","","false","","","3","","","A004","","","","","","","","8373255.56000","MNTH","","","","3","","","","UFRO","USD","","","","","false","0.97","","","","","","","","","","TRUE","","","","-0.0000315","","3","","","QZLX42PHX7X0","NA/CDS Corp Idx","CDX.NA.HY"
"5191700487000000101","","NEWT","TRAD","2026-09-08T17:37:19Z","","CR","","I","TRUE","2026-09-08T17:37:19Z","2026-09-09","2031-06-20","","FALSE","BBSF","FALSE","FALSE","","40,000,000","","USD","","","","","","","","","","","","","","","","","","","","","","","","","0.05","","","","","","0.01078575","","","","","","false","","","3","","","A004","","","","","","","","3510251.11000","MNTH","","","","3","","","","UFRO","USD","","","","","false","0.98","","","","","","","","","","FALSE","","","","","","","","","QZNKTC8Z3Q57","NA/CDS Corp Idx","CDX.NA.HY"
"5191138888000000201","2236403502000001501","MODI","TRAD","2026-09-08T17:12:36Z","TRUE","CR","","N","FALSE","2026-09-04T22:34:01Z","2026-03-03","2026-12-20","","FALSE","BILT","FALSE","FALSE","TRUE","4,000,000","","USD","","","","","","","","","","","","","","","","","","","","","","","","","0.05","","","","","","","","","","","","false","","","","","","A004","","","","","","","","257653.98128","MNTH","","","","3","","","","UFRO","USD","","","","","false","0.94","","","","","","","","","","FALSE","","","","","","","","","QZZZP5HMNGBJ","NA/CDS Mun Idx Tra","CDX.NA.HY"
"5191156845000000101","2236403495000000801","MODI","TRAD","2026-09-08T17:13:09Z","TRUE","CR","","N","FALSE","2026-09-04T22:34:00Z","2026-03-03","2027-12-20","","FALSE","BILT","FALSE","FALSE","TRUE","3,000,000","","USD","","","","","","","","","","","","","","","","","","","","","","","","","0.05","","","","","","","","","","","","false","","","","","","A004","","","","","","","","268416.67000","MNTH","","","","3","","","","UFRO","USD","","","","","false","0.95","","","","","","","","","","FALSE","","","","","","","","","QZJDTC3FV7NJ","NA/CDS Mun Idx Tra","CDX.NA.HY"
"5191234202000000301","5148448927000006501","MODI","TRAD","2026-09-08T17:13:30Z","TRUE","CR","","N","FALSE","2026-09-04T22:33:44Z","2025-08-02","2026-12-20","","FALSE","BILT","FALSE","FALSE","TRUE","4,000,000","","USD","","","","","","","","","","","","","","","","","","","","","","","","","0.05","","","","","","","","","","","","false","","","","","","A004","","","","","","","","824635.19000","MNTH","","","","3","","","","UFRO","USD","","","","","false","0.94","","","","","","","","","","FALSE","","","","","","","","","QZZZP5HMNGBJ","NA/CDS Mun Idx Tra","CDX.NA.HY"
"5191157536000000101","2236403494000000701","MODI","TRAD","2026-09-08T17:13:36Z","TRUE","CR","","N","FALSE","2026-09-04T22:33:54Z","2026-03-03","2026-12-20","","FALSE","BILT","FALSE","FALSE","TRUE","500,000","","USD","","","","","","","","","","","","","","","","","","","","","","","","","0.05","","","","","","","","","","","","false","","","","","","A004","","","","","","","","36702.18000","MNTH","","","","3","","","","UFRO","USD","","","","","false","0.94","","","","","","","","","","FALSE","","","","","","","","","QZZZP5HMNGBJ","NA/CDS Mun Idx Tra","CDX.NA.HY"
"5191248546000000101","2863325613000001401","MODI","TRAD","2026-09-08T17:13:45Z","TRUE","CR","","N","FALSE","2026-09-04T22:33:43Z","2026-02-15","2026-12-20","","FALSE","BILT","FALSE","FALSE","TRUE","8,000,000","","USD","","","","","","","","","","","","","","","","","","","","","","","","","0.05","","","","","","","","","","","","false","","","","","","A004","","","","","","","","13933632.54513","MNTH","","","","3","","","","UFRO","USD","","","","","false","0.94","","","","","","","","","","FALSE","","","","","","","","","QZZZP5HMNGBJ","NA/CDS Mun Idx Tra","CDX.NA.HY"
"5191228372000000201","2236403508000002101","MODI","TRAD","2026-09-08T17:14:20Z","TRUE","CR","","N","FALSE","2026-09-04T22:33:45Z","2026-03-03","2026-12-20","","FALSE","BILT","FALSE","FALSE","TRUE","2,000,000","","USD","","","","","","","","","","","","","","","","","","","","","","","","","0.05","","","","","","","","","","","","false","","","","","","A004","","","","","","","","412317.38208","MNTH","","","","3","","","","UFRO","USD","","","","","false","0.94","","","","","","","","","","FALSE","","","","","","","","","QZZZP5HMNGBJ","NA/CDS Mun Idx Tra","CDX.NA.HY"
"5178510247000000101","","NEWT","TRAD","2026-09-08T08:15:07Z","","CR","","I","FALSE","2026-09-08T08:15:07Z","2026-09-09","2031-06-20","","","TWSF","FALSE","FALSE","","11,000,000","","EUR","","","","","","","","","","","","","","","","","","","","","","","","","0.05","","","","","","0.02522792","","","","","","false","","","3","","","A004","","","","","","","","1236256.78000","MNTH","","","","3","","","","UFRO","EUR","","","","","false","1","","","","","","","","","","FALSE","","","","","","","","","QZ3HM9KVK2WL","NA/CDS Corp Idx","ITRAXX EUROPE CROSSOVER"
"5187508515000000101","","NEWT","TRAD","2026-09-08T11:59:44Z","","CR","","I","TRUE","2026-09-08T11:59:44Z","2026-09-09","2031-06-20","","FALSE","BBSF","FALSE","FALSE","","25,000,000","","USD","","","","","","","","","","","","","","","","","","","","","","","","","0.01","","","","","","0.005027","","","","","","false","","","3","","","A004","","","","","","","","587781.23000","MNTH","","","","3","","","","UFRO","USD","","","","","false","1","","","","","","","","","","FALSE","","","","","","","","","QZ3WVVQG5T8K","NA/CDS Corp Idx","CDX.NA.IG"
"5187980209000000101","","NEWT","TRAD","2026-09-08T12:41:40Z","","CR","","I","TRUE","2026-09-08T12:41:40Z","2025-09-20","2030-12-20","","FALSE","TPSE","FALSE","FALSE","","11,000,000","","EUR","","","","","","","","","","","","","","","","","","","","","","","","","0.05","","","","","","0.022094","","","","","","false","","","3","","","A004","","","","","","","","","MNTH","","","","3","","","","","","EUR","","","","false","1","","","","","","","OTHR","","","TRUE","","","","0.002956","","3","","","QZ5F5FRS4TR9","NA/CDS Corp Idx","ITRAXX EUROPE CROSSOVER"
"5187419174000000101","","NEWT","TRAD","2026-09-08T11:51:29Z","","CR","","I","TRUE","2026-09-08T11:51:29Z","2026-09-09","2031-06-20","","FALSE","BBSF","FALSE","FALSE","","100,000,000","","USD","","","","","","","","","","","","","","","","","","","","","","","","","0.01","","","","","","0.00502876","","","","","","false","","","3","","","A004","","","","","","","","2350356.06000","MNTH","","","","3","","","","UFRO","USD","","","","","false","1","","","","","","","","","","FALSE","","","","","","","","","QZ3WVVQG5T8K","NA/CDS Corp Idx","CDX.NA.IG"
"5187341613000000101","5187288504000000101","MODI","TRAD","2026-09-08T11:43:10Z","FALSE","CR","","I","FALSE","2026-09-08T11:28:08Z","2026-09-07","2026-10-21","","","BILT","FALSE","FALSE","TRUE","23,000,000","","EUR","","","","","","","","","","","","","","","","","","","","","","","","2026-10-21","","","0","","","","0.025","","","","0.025","","false","","","3","","3","","","","","","","","","","","","","","","","","","","","","","","","false","1","","","","","","","","","","FALSE","","","","","","","","","QZTL0V3X916X","NA/CDS Idx Swt","NA/CDS Corp Idx"
"5186776596000000101","","NEWT","TRAD","2026-09-08T11:20:39Z","","CR","","I","FALSE","2026-09-08T11:20:39Z","2026-09-09","2031-06-20","","","TWSF","FALSE","FALSE","","10,000,000","","USD","","","","","","","","","","","","","","","","","","","","","","","","","0.05","","","","","","0.0107851","","","","","","false","","","3","","","A004","","","","","","","","876925.78000","MNTH","","","","3","","","","UFRO","USD","","","","","false","0.98","","","","","","","","","","FALSE","","","","","","","","","QZNKTC8Z3Q57","NA/CDS Corp Idx","CDX.NA.HY"
"5187278360000000101","","NEWT","TRAD","2026-09-08T11:39:52Z","","CR","","I","TRUE","2026-09-08T11:39:52Z","2026-09-09","2031-06-20","","FALSE","BBSF","FALSE","FALSE","","17,000,000","","EUR","","","","","","","","","","","","","","","","","","","","","","","","","0.05","","","","","","0.0251124","","","","","","false","","","3","","","A004","","","","","","","","1919384.29837","MNTH","","","","3","","","","UFRO","EUR","","","","","false","1","","","","","","","","","","FALSE","","","","","","","","","QZ3HM9KVK2WL","NA/CDS Corp Idx","ITRAXX EUROPE CROSSOVER"
"5187344553000000101","","NEWT","TRAD","2026-09-08T11:43:38Z","","CR","","I","TRUE","2026-09-08T11:43:38Z","2026-09-09","2031-06-20","","FALSE","BBSF","FALSE","FALSE","","150,000,000","","USD","","","","","","","","","","","","","","","","","","","","","","","","","0.01","","","","","","0.005031","","","","","","false","","","3","","","A004","","","","","","","","3524066.25000","MNTH","","","","3","","","","UFRO","USD","","","","","false","1","","","","","","","","","","FALSE","","","","","","","","","QZ3WVVQG5T8K","NA/CDS Corp Idx","CDX.NA.IG"
"5187361688000000101","","NEWT","TRAD","2026-09-08T11:45:12Z","","CR","","I","TRUE","2026-09-08T11:45:12Z","2026-09-09","2031-06-20","","","TWSF","FALSE","FALSE","","39,000,000","","USD","","","","","","","","","","","","","","","","","","","","","","","","","0.01","","","","","","0.0050254","","","","","","false","","","3","","","A004","","","","","","","","917211.33000","MNTH","","","","3","","","","UFRO","USD","","","","","false","1","","","","","","","","","","FALSE","","","","","","","","","QZ3WVVQG5T8K","NA/CDS Corp Idx","CDX.NA.IG"
"5196008381000000101","2218818980000000101","MODI","TRAD","2026-09-08T22:34:37Z","TRUE","CR","","N","FALSE","2026-02-13T21:05:19Z","2026-02-13","2026-11-13","","FALSE","BILT","FALSE","FALSE","TRUE","200,000,000","","USD","","","","","","","","","","","","","","","","","","","","","","","","","","","","","","","","","","","","","false","","","","","","","","","","","","","","0.00000","","","","","","","","","UFRO","USD","USD","","","","true","","","","","","","","","","","FALSE","","","","","","","","","QZRR0D5S3SHF","NA/CDS Corp Basket","Basket"
"5178068849000000201","","NEWT","TRAD","2026-09-08T08:03:18Z","","CR","","I","TRUE","2026-09-08T08:03:18Z","2026-03-20","2031-06-20","","FALSE","BGCD","FALSE","FALSE","","10,000,000","","EUR","","","","","","","","","","","","","","","","","","","","","","","","","","","","","","","0.0251875","","","","","","false","","","3","","","A004","","","","","","","","","MNTH","","","","3","","","","","","","","","","false","1","","","","","","","","","","TRUE","","","","0.0019","","3","","","QZ3HM9KVK2WL","NA/CDS Corp Idx","ITRAXX EUROPE CROSSOVER"
"5180582379000000101","","NEWT","TRAD","2026-09-08T08:55:50Z","","CR","","I","TRUE","2026-09-08T08:55:50Z","2026-09-09","2031-06-20","","FALSE","BBSF","FALSE","FALSE","","11,000,000","","EUR","","","","","","","","","","","","","","","","","","","","","","","","","0.05","","","","","","0.025225","","","","","","false","","","3","","","A004","","","","","","","","1236400.63000","MNTH","","","","3","","","","UFRO","EUR","","","","","false","1","","","","","","","","","","FALSE","","","","","","","","","QZ3HM9KVK2WL","NA/CDS Corp Idx","ITRAXX EUROPE CROSSOVER"
"5177085112000000101","","NEWT","TRAD","2026-09-08T07:43:12Z","","CR","","I","TRUE","2026-09-08T07:43:12Z","2026-09-09","2031-06-20","","FALSE","BBSF","FALSE","TRUE","","163,476,016+","","EUR","","","","","","","","","","","","","","","","","","","","","","","","","0.01","","","","","","0.005164","","","","","","false","","","3","","","A004","","","","","","","","3854933.95114","MNTH","","","","3","","","","UFRO","EUR","","","","","false","1","","","","","","","","","","FALSE","","","","","","","","","QZTQ4GTC5QMF","NA/CDS Corp Idx","ITRAXX EUROPE"
"5180443002000000101","","NEWT","TRAD","2026-09-08T08:53:35Z","","CR","","I","TRUE","2026-09-08T08:53:35Z","2026-09-09","2031-06-20","","FALSE","BBSF","FALSE","FALSE","","20,000,000","","EUR","","","","","","","","","","","","","","","","","","","","","","","","","0.01","","","","","","0.005183","","","","","","false","","","3","","","A004","","","","","","","","469906.99000","MNTH","","","","3","","","","UFRO","EUR","","","","","false","1","","","","","","","","","","FALSE","","","","","","","","","QZTQ4GTC5QMF","NA/CDS Corp Idx","ITRAXX EUROPE"
"5174490348000000101","","NEWT","TRAD","2026-09-08T06:37:30Z","","CR","","I","TRUE","2026-09-08T06:37:30Z","2026-09-09","2031-06-20","","FALSE","BBSF","FALSE","FALSE","","5,000,000","","EUR","","","","","","","","","","","","","","","","","","","","","","","","","0.05","","","","","","0.0250533","","","","","","false","","","3","","","A004","","","","","","","","565847.62000","MNTH","","","","3","","","","UFRO","EUR","","","","","false","1","","","","","","","","","","FALSE","","","","","","","","","QZ3HM9KVK2WL","NA/CDS Corp Idx","ITRAXX EUROPE CROSSOVER"
"5193974747000000101","","NEWT","TRAD","2026-09-08T20:00:27Z","","CR","","N","FALSE","2026-09-08T20:00:27Z","2026-09-09","2056-12-15","","FALSE","BILT","FALSE","FALSE","FALSE","25,000,000","","USD","","","","","","","","","","","","","","","","","","","","","","","","","0.005","","","","","","","","","","","","false","","","","","","A004","","","","","","","","181701.73000","MNTH","","","","1","","","","UFRO","USD","USD","","","","false","1","","","","","","","","","","FALSE","","","","","","","","","QZT2VBP540TH","NA/CDS Corp Idx","CMBX.NA.AAA"
"5193974757000000101","","NEWT","TRAD","2026-09-08T20:03:26Z","","CR","","I","TRUE","2026-09-08T20:03:26Z","2026-09-09","2031-06-20","","","TWSF","FALSE","FALSE","","5,000,000","","USD","","","","","","","","","","","","","","","","","","","","","","","","","0.05","","","","","","0.01077825","","","","","","false","","","3","","","A004","","","","","","","","435106.39000","MNTH","","","","3","","","","UFRO","USD","","","","","false","0.98","","","","","","","","","","FALSE","","","","","","","","","QZNKTC8Z3Q57","NA/CDS Corp Idx","CDX.NA.HY"
"5194042949000000101","","NEWT","TRAD","2026-09-08T20:05:30Z","","CR","","I","TRUE","2026-09-08T20:05:30Z","2026-09-09","2031-06-20","","","TWSF","FALSE","FALSE","","2,000,000","","USD","","","","","","","","","","","","","","","","","","","","","","","","","0.01","","","","","","0.00504222","","","","","","false","","","3","","","A004","","","","","","","","46889.39808","MNTH","","","","3","","","","UFRO","USD","","","","","false","1","","","","","","","","","","FALSE","","","","","","","","","QZ3WVVQG5T8K","NA/CDS Corp Idx","CDX.NA.IG"
"5194447598000000201","5194446571000000101","MODI","TRAD","2026-09-08T20:18:48Z","TRUE","CR","","I","TRUE","2026-09-08T20:18:30Z","2026-03-20","2031-06-20","","FALSE","TPSE","FALSE","FALSE","","10,000,000","","USD","","","","","","","","","","","","","","","","","","","","","","","","","0.05","","","","","","107.77","","USD","","","","false","","","1","","","A004","","","","","","","","","MNTH","","","","3","","","","","","USD","","","","false","0.98","","","","","","","OTHR","","","FALSE","","","","","","","","","QZNKTC8Z3Q57","NA/CDS Corp Idx","CDX.NA.HY"
"5194479280000000101","","NEWT","TRAD","2026-09-08T20:19:37Z","","CR","","I","TRUE","2026-09-08T20:19:37Z","2026-09-09","2031-06-20","","FALSE","BBSF","FALSE","FALSE","","50,000,000","","USD","","","","","","","","","","","","","","","","","","","","","","","","","0.01","","","","","","0.00504365","","","","","","false","","","3","","","A004","","","","","","","","1171925.79000","MNTH","","","","3","","","","UFRO","USD","","","","","false","1","","","","","","","","","","FALSE","","","","","","","","","QZ3WVVQG5T8K","NA/CDS Corp Idx","CDX.NA.IG"
"5194567863000000101","","NEWT","TRAD","2026-09-08T20:18:59Z","","CR","","I","TRUE","2026-09-08T20:18:59Z","2026-03-20","2031-06-20","","","BILT","FALSE","FALSE","FALSE","20,000,000","","USD","","","","","","","","","","","","","","","","","","","","","","","","","0.05","","","","","","","","","","","","false","","","","","","A004","","","","","","","","1737976.00000","MNTH","","","","3","","","","UFRO","USD","","","","","false","0.98","","","","","","","","","","FALSE","","","","","","","","","QZNKTC8Z3Q57","NA/CDS Corp Idx","CDX.NA.HY"
"5195200478000000101","","NEWT","TRAD","2026-09-08T20:45:36Z","FALSE","CR","","I","FALSE","2026-09-08T20:45:36Z","2026-03-20","2031-06-20","","","BILT","FALSE","FALSE","FALSE","10,000,000","","USD","","","","","","","","","","","","","","","","","","","","","","","","","0.01","","","","","","","","","","","","false","","","","","","A004","","","","","","","","134056.00000","MNTH","","","","3","","","","UFRO","USD","","","","","false","1","","","","","","","","","","FALSE","","","","","","","","","QZ4JMQKL3P03","NA/CDS Corp Idx","CDX.EM"
"5179155629000000101","","NEWT","TRAD","2026-09-08T08:31:39Z","","CR","","I","TRUE","2026-09-08T08:17:21Z","2026-03-20","2031-06-20","","FALSE","BGCO","FALSE","FALSE","FALSE","50,000,000","","EUR","","","","","","","","","","","","","","","","","","","","","","","","","0.01","","","","","","","","","","","","false","","","","","","A004","","","","","","","","","MNTH","","","","3","","","","","","EUR","","","","false","1","","","","","","","","","","FALSE","","","","","","","","","QZTQ4GTC5QMF","NA/CDS Corp Idx","ITRAXX EUROPE"
"5189845551000000101","","NEWT","TRAD","2026-09-08T15:59:10Z","","CR","","I","FALSE","2026-09-08T15:59:10Z","2026-09-09","2031-06-20","","","TWSF","FALSE","FALSE","","12,000,000","","EUR","","","","","","","","","","","","","","","","","","","","","","","","","0.01","","","","","","0.005153","","","","","","false","","","3","","","A004","","","","","","","","283567.20888","MNTH","","","","3","","","","UFRO","EUR","","","","","false","1","","","","","","","","","","FALSE","","","","","","","","","QZTQ4GTC5QMF","NA/CDS Corp Idx","ITRAXX EUROPE"
"5189869450000000101","","NEWT","TRAD","2026-09-08T16:00:57Z","","CR","","I","TRUE","2026-09-08T16:00:57Z","2026-09-09","2031-06-20","","FALSE","BBSF","FALSE","FALSE","","18,000,000","","USD","","","","","","","","","","","","","","","","","","","","","","","","","0.01","","","","","","0.0050218","","","","","","false","","","3","","","A004","","","","","","","","423611.02672","MNTH","","","","3","","","","UFRO","USD","","","","","false","1","","","","","","","","","","FALSE","","","","","","","","","QZ3WVVQG5T8K","NA/CDS Corp Idx","CDX.NA.IG"
"5189600636000000101","","NEWT","TRAD","2026-09-08T15:32:58Z","","CR","","N","FALSE","2026-09-08T15:32:58Z","2026-09-10","2027-02-17","","FALSE","BILT","FALSE","FALSE","TRUE","94,000,000","","SAR","","","","","","","","","","","","","","","","","","","","","","","","","0","","","","","","0.005","","","","","","false","","","3","","3","A001","","","","","","","","","MNTH","","","","6","","","","","","USD","USD","","","false","","","","","","","","","","","FALSE","","","","","","","","","QZ2L0761WDVW","NA/CDS Corp SN","Saudi Government SAR Sukuk 2023-08-08"
"5189623436000000101","","NEWT","TRAD","2026-09-08T15:39:26Z","","CR","","I","TRUE","2026-09-08T15:39:26Z","2026-09-09","2036-06-20","","FALSE","BBSF","FALSE","TRUE","","250,000,000","","USD","","","","","","","","","","","","","","","","","","","","","","","","","0.01","","","","","","0.009075","","","","","","false","","","3","","","A004","","","","","","","","2290557.86000","MNTH","","","","3","","","","UFRO","USD","","","","","false","1","","","","","","","","","","TRUE","","","","0.004054","","3","","","QZ21S8101WKL","NA/CDS Corp Idx","CDX.NA.IG"
"5189819393000000101","","NEWT","TRAD","2026-09-08T15:57:31Z","","CR","","I","TRUE","2026-09-08T15:57:31Z","2026-09-09","2031-06-20","","","TWSF","FALSE","FALSE","","10,000,000","","USD","","","","","","","","","","","","","","","","","","","","","","","","","0.05","","","","","","0.0107839","","","","","","false","","","3","","","A004","","","","","","","","875751.13406","MNTH","","","","3","","","","UFRO","USD","","","","","false","0.98","","","","","","","","","","FALSE","","","","","","","","","QZNKTC8Z3Q57","NA/CDS Corp Idx","CDX.NA.HY"
"5189654657000000101","","NEWT","TRAD","2026-09-08T15:45:30Z","","CR","","N","FALSE","2026-09-08T15:45:30Z","2026-09-08","2058-09-17","","FALSE","BILT","FALSE","FALSE","TRUE","50,000,000+","","USD","","","","","","","","","","","","","","","","","","","","","","","","","0.01","","","","","","","","","","","","false","","","","","","A004","","","","","","","","377566.32243","MNTH","","","","1","","","","UFRO","USD","USD","","","","false","1","","","","","","","","","","FALSE","","","","","","","","","QZJ8C38TZ9TR","NA/CDS Corp Idx","CMBX.NA.AS"
"5189688789000000201","","NEWT","TRAD","2026-09-08T15:47:44Z","","CR","","N","FALSE","2026-09-08T15:47:44Z","2026-09-09","2026-09-20","2026-09-20","FALSE","BILT","FALSE","FALSE","TRUE","50,000,000","","USD","","","","","","","","","","","","","","","","","","","","","","","","","","","","","","","","","","","","","false","","","","","","A004","","","","","","","","399758.10000","MNTH","","","","3","","","","UFRO","USD","","","","","false","1","","","","","","","","","","FALSE","","","","","","","","","QZ5ND0SMQQL4","NA/Cr Sw Idx TRtn Corp Ph",""
"5190380590000000101","","NEWT","TRAD","2026-09-08T16:23:24Z","","CR","","I","TRUE","2026-09-08T16:23:24Z","2026-09-09","2031-06-20","","FALSE","BBSF","FALSE","FALSE","","28,000,000","","EUR","","","","","","","","","","","","","","","","","","","","","","","","","0.01","","","","","","0.00516","","","","","","false","","","3","","","A004","","","","","","","","660771.33000","MNTH","","","","3","","","","UFRO","EUR","","","","","false","1","","","","","","","","","","TRUE","","","","0.00516","","3","","","QZTQ4GTC5QMF","NA/CDS Corp Idx","ITRAXX EUROPE"
"5189776749000000101","3109711273000000101","MODI","TRAD","2026-09-08T15:56:11Z","TRUE","CR","","N","FALSE","2026-05-13T16:01:53Z","2026-05-14","2026-09-09","","FALSE","XXXX","FALSE","FALSE","TRUE","83,000,000","83,000,000","USD","USD","","","","","","","","","","","","","","","","","","","","","","","","","","","","","","0","","","","","","false","","","3","","","","","","","","","","","","","","","","","","","","","","USD","","","","false","","","","","","","","","","","FALSE","","","","","","","","","QZ1GD4J96Q94","NA/CDS Corp SN","GENERIC TINT PMT"
"5190410370000000101","","NEWT","TRAD","2026-09-08T16:25:32Z","","CR","","I","TRUE","2026-09-08T16:25:32Z","2026-09-09","2031-06-20","","FALSE","BBSF","FALSE","FALSE","","50,000,000","","USD","","","","","","","","","","","","","","","","","","","","","","","","","0.01","","","","","","0.0050252","","","","","","false","","","3","","","A004","","","","","","","","1175955.65000","MNTH","","","","3","","","","UFRO","USD","","","","","false","1","","","","","","","","","","FALSE","","","","","","","","","QZ3WVVQG5T8K","NA/CDS Corp Idx","CDX.NA.IG"
"5180827291000000101","","NEWT","TRAD","2026-09-08T08:01:52Z","","CR","","I","FALSE","2026-09-08T08:01:52Z","2026-03-20","2031-06-20","","","BILT","FALSE","FALSE","FALSE","25,000,000","","EUR","","","","","","","","","","","","","","","","","","","","","","","","","0.01","","","","","","","","","","","","false","","","","","","A004","","","","","","","","588285.00000","MNTH","","","","3","","","","UFRO","EUR","","","","","false","1","","","","","","","","","","FALSE","","","","","","","","","QZTQ4GTC5QMF","NA/CDS Corp Idx","ITRAXX EUROPE"
"5182821816000000101","","NEWT","TRAD","2026-09-08T09:35:04Z","","CR","","I","FALSE","2026-09-08T09:35:04Z","2026-09-09","2031-06-20","","","TWSF","FALSE","FALSE","","18,000,000","","EUR","","","","","","","","","","","","","","","","","","","","","","","","","0.05","","","","","","0.02513666","","","","","","false","","","3","","","A004","","","","","","","","2030324.91000","MNTH","","","","3","","","","UFRO","EUR","","","","","false","1","","","","","","","","","","FALSE","","","","","","","","","QZ3HM9KVK2WL","NA/CDS Corp Idx","ITRAXX EUROPE CROSSOVER"
"5182836826000000101","","NEWT","TRAD","2026-09-08T09:35:03Z","FALSE","CR","","I","TRUE","2026-09-08T09:35:03Z","2026-03-20","2031-06-20","","","BTFE","FALSE","FALSE","FALSE","15,000,000","","EUR","","","","","","","","","","","","","","","","","","","","","","","","","0.01","","","","","","","","","","","","false","","","","","","A004","","","","","","","","353818.77717","MNTH","","","","3","","","","UFRO","EUR","","","","","false","1","","","","","","","","","","FALSE","","","","","","","","","QZTQ4GTC5QMF","NA/CDS Corp Idx","ITRAXX EUROPE"
"5186375576000000101","","NEWT","TRAD","2026-09-08T11:06:26Z","","CR","","I","TRUE","2026-09-08T11:06:26Z","2026-09-09","2031-06-20","","FALSE","BBSF","FALSE","FALSE","","32,000,000","","EUR","","","","","","","","","","","","","","","","","","","","","","","","","0.05","","","","","","0.025152","","","","","","false","","","3","","","A004","","","","","","","","3607266.73000","MNTH","","","","3","","","","UFRO","EUR","","","","","false","1","","","","","","","","","","FALSE","","","","","","","","","QZ3HM9KVK2WL","NA/CDS Corp Idx","ITRAXX EUROPE CROSSOVER"
"5186448836000000101","","NEWT","TRAD","2026-09-08T11:09:03Z","","CR","","I","TRUE","2026-09-08T11:09:03Z","2026-03-20","2031-06-20","","FALSE","BGCD","FALSE","FALSE","","50,000,000","","EUR","","","","","","","","","","","","","","","","","","","","","","","","","","","","","","","0.0051625","","","","","","false","","","3","","","A004","","","","","","","","","MNTH","","","","3","","","","","","","","","","false","1","","","","","","","","","","TRUE","","","","-0.0007","","3","","","QZTQ4GTC5QMF","NA/CDS Corp Idx","ITRAXX EUROPE"
"5187697469000000101","","NEWT","TRAD","2026-09-08T12:20:37Z","","CR","","I","TRUE","2026-09-08T12:20:37Z","2026-09-09","2031-06-20","","FALSE","BBSF","FALSE","FALSE","","3,000,000","","USD","","","","","","","","","","","","","","","","","","","","","","","","","0.05","","","","","","0.01078325","","","","","","false","","","3","","","A004","","","","","","","","262533.83000","MNTH","","","","3","","","","UFRO","USD","","","","","false","0.98","","","","","","","","","","FALSE","","","","","","","","","QZNKTC8Z3Q57","NA/CDS Corp Idx","CDX.NA.HY"
"5184152950000000401","5042233541000000401","CORR","","2026-09-07T11:48:02Z","","CR","","N","FALSE","2026-06-16T15:53:13Z","2026-06-06","2032-06-09","2032-06-09","TRUE","BILT","FALSE","FALSE","TRUE","85,000,000","","USD","","","","","","","","","","","","","","","","","","","","","","","","","0.055","","","","","","","","","","","","false","","","","","","A004","","","","","","","","","MNTH","","","","3","","","","","","USD","","","","false","1","","","","","","","","","","FALSE","","","","","","","","","QZ6CJRNWZ7SD","NA/Cr Sw Bskt CDS Corp Au",""
"5184305161000000101","","NEWT","TRAD","2026-09-08T10:01:53Z","","CR","","I","TRUE","2026-09-08T10:01:53Z","2026-09-09","2031-06-20","","FALSE","BBSF","FALSE","FALSE","","10,000,000","","EUR","","","","","","","","","","","","","","","","","","","","","","","","","0.05","","","","","","0.0251125","","","","","","false","","","3","","","A004","","","","","","","","1129041.12000","MNTH","","","","3","","","","UFRO","EUR","","","","","false","1","","","","","","","","","","FALSE","","","","","","","","","QZ3HM9KVK2WL","NA/CDS Corp Idx","ITRAXX EUROPE CROSSOVER"
"5187755145000000101","","NEWT","TRAD","2026-09-08T12:24:59Z","","CR","","I","FALSE","2026-09-08T12:24:59Z","2026-03-20","2031-06-20","","FALSE","TPSE","FALSE","FALSE","","10,000,000","","USD","","","","","","","","","","","","","","","","","","","","","","","","","0.01","","","","","","98.445","","USD","","","","false","","","1","","","A004","","","","","","","","","MNTH","","","","3","","","","","","USD","","","","false","1","","","","","","","OTHR","","","FALSE","","","","","","","","","QZ4JMQKL3P03","NA/CDS Corp Idx","CDX.EM"
"5188586017000000101","","NEWT","TRAD","2026-09-08T13:22:12Z","","CR","","I","TRUE","2026-09-08T13:22:12Z","2026-09-09","2031-06-20","","","TWSF","FALSE","FALSE","","460,000","","USD","","","","","","","","","","","","","","","","","","","","","","","","","0.05","","","","","","0.010788","","","","","","false","","","3","","","A004","","","","","","","","40469.37132","MNTH","","","","3","","","","UFRO","USD","","","","","false","0.98","","","","","","","","","","FALSE","","","","","","","","","QZNKTC8Z3Q57","NA/CDS Corp Idx","CDX.NA.HY"
"5188528336000000101","","NEWT","TRAD","2026-09-08T13:17:04Z","","CR","","I","TRUE","2026-09-08T13:17:04Z","2026-09-09","2031-06-20","","FALSE","BBSF","FALSE","FALSE","","50,000,000","","USD","","","","","","","","","","","","","","","","","","","","","","","","","0.01","","","","","","0.0050111","","","","","","false","","","3","","","A004","","","","","","","","1179035.76000","MNTH","","","","3","","","","UFRO","USD","","","","","false","1","","","","","","","","","","FALSE","","","","","","","","","QZ3WVVQG5T8K","NA/CDS Corp Idx","CDX.NA.IG"
"5189554895000000101","","NEWT","TRAD","2026-09-08T15:23:27Z","","CR","","I","TRUE","2026-09-08T15:23:27Z","2026-09-09","2031-06-20","","","TWSF","FALSE","FALSE","","11,000,000","","EUR","","","","","","","","","","","","","","","","","","","","","","","","","0.05","","","","","","0.0250672","","","","","","false","","","3","","","A004","","","","","","","","1244177.91618","MNTH","","","","3","","","","UFRO","EUR","","","","","false","1","","","","","","","","","","FALSE","","","","","","","","","QZ3HM9KVK2WL","NA/CDS Corp Idx","ITRAXX EUROPE CROSSOVER"
"5187908177000000101","","NEWT","TRAD","2026-09-08T12:36:13Z","","CR","","I","TRUE","2026-09-08T12:36:13Z","2026-09-09","2031-06-20","","","TWSF","FALSE","FALSE","","20,000,000","","USD","","","","","","","","","","","","","","","","","","","","","","","","","0.01","","","","","","0.0050262","","","","","","false","","","3","","","A004","","","","","","","","470294.89000","MNTH","","","","3","","","","UFRO","USD","","","","","false","1","","","","","","","","","","FALSE","","","","","","","","","QZ3WVVQG5T8K","NA/CDS Corp Idx","CDX.NA.IG"
"5187580490000000201","","NEWT","TRAD","2026-09-08T12:09:41Z","","CR","","N","FALSE","2026-09-08T12:09:41Z","2026-03-20","2031-06-20","2031-06-20","TRUE","BILT","FALSE","TRUE","TRUE","344,160,034+","","EUR","","","","","","","","","","","","","","","","","","","","","","","","2026-10-21","0.01","","109,270.8","EUR","","","","","","","0.0065","","false","","","","","3","A004","","","","","","","","","MNTH","","","","3","","","","","","","","","","false","1","","","","","","","","","","FALSE","","","","","","","","","QZX75BBR2PZH","NA/CDS Idx Swt","NA/CDS Corp Idx"
"5187971413000000101","","NEWT","TRAD","2026-09-08T12:41:07Z","","CR","","I","TRUE","2026-09-08T12:41:07Z","2026-09-09","2031-06-20","","FALSE","BBSF","FALSE","FALSE","","53,000","","USD","","","","","","","","","","","","","","","","","","","","","","","","","0.05","","","","","","0.01078332","","","","","","false","","","3","","","A004","","","","","","","","4638.46571","MNTH","","","","3","","","","UFRO","USD","","","","","false","0.98","","","","","","","","","","FALSE","","","","","","","","","QZNKTC8Z3Q57","NA/CDS Corp Idx","CDX.NA.HY"
"5188041275000000301","","NEWT","TRAD","2026-09-08T12:44:17Z","","CR","","I","TRUE","2026-09-08T12:44:17Z","2026-09-09","2031-06-20","","","BTFE","FALSE","FALSE","FALSE","15,000,000","","USD","","","","","","","","","","","","","","","","","","","","","","","","","","","","","","","","","","","","","false","","","","","","A004","","","","","","","","352763.76000","MNTH","","","","3","","","","UFRO","USD","","","","","false","1","","","","","","","","","","FALSE","","","","","","","","","QZ3WVVQG5T8K","NA/CDS Corp Idx","CDX.NA.IG"
"5188041274000000201","5187908178000000201","EROR","","2026-09-08T12:35:55Z","","CR","","I","","2026-09-08T12:35:55Z","2026-03-20","2031-06-20","","","","FALSE","","FALSE","25,000,000","","EUR","","","","","","","","","","","","","","","","","","","","","","","","","0.01","","","","","","","","","","","","false","","","","","","","","","","","","","","591101.00000","","","","","","","","","UFRO","EUR","","","","","false","1","","","","","","","","","","FALSE","","","","","","","","","QZTQ4GTC5QMF","NA/CDS Corp Idx","ITRAXX EUROPE"
"5188052178000000301","","NEWT","TRAD","2026-09-08T12:47:29Z","","CR","","I","TRUE","2026-09-08T12:47:29Z","2026-09-09","2031-06-20","","FALSE","BBSF","FALSE","FALSE","","10,000,000","","EUR","","","","","","","","","","","","","","","","","","","","","","","","","0.05","","","","","","0.02503022","","","","","","false","","","3","","","A004","","","","","","","","1132730.32000","MNTH","","","","3","","","","UFRO","EUR","","","","","false","1","","","","","","","","","","FALSE","","","","","","","","","QZ3HM9KVK2WL","NA/CDS Corp Idx","ITRAXX EUROPE CROSSOVER"
"5188031102000000101","","NEWT","TRAD","2026-09-08T12:45:50Z","","CR","","I","TRUE","2026-09-08T12:45:50Z","2026-09-09","2030-12-20","","FALSE","BBSF","FALSE","TRUE","","46,461,605+","","EUR","","","","","","","","","","","","","","","","","","","","","","","","","0.05","","","","","","0.022097","","","","","","false","","","3","","","A004","","","","","","","","5398226.32809","MNTH","","","","3","","","","UFRO","EUR","","","","","false","1","","","","","","","","","","TRUE","","","","0.002953","","3","","","QZ5F5FRS4TR9","NA/CDS Corp Idx","ITRAXX EUROPE CROSSOVER"
"5188041253000000101","","NEWT","TRAD","2026-09-08T12:46:36Z","","CR","","I","TRUE","2026-09-08T12:46:36Z","2026-09-09","2030-12-20","","FALSE","BBSF","FALSE","TRUE","","46,461,605+","","EUR","","","","","","","","","","","","","","","","","","","","","","","","","0.05","","","","","","0.022093","","","","","","false","","","3","","","A004","","","","","","","","5398962.85524","MNTH","","","","3","","","","UFRO","EUR","","","","","false","1","","","","","","","","","","TRUE","","","","0.002957","","3","","","QZ5F5FRS4TR9","NA/CDS Corp Idx","ITRAXX EUROPE CROSSOVER"
"5187906856000000101","","NEWT","TRAD","2026-09-08T12:32:57Z","","CR","","N","FALSE","2026-09-08T12:32:57Z","2026-09-08","2026-10-21","2031-06-20","FALSE","BILT","FALSE","FALSE","TRUE","20,000,000","","EUR","","","","","","","","","","","","","","","","","","","","","","","","2026-10-21","0.01","","8,500","EUR","","","","","","","0.00625","","false","","","","","3","A004","","","","","","","","","MNTH","","","","3","","","","","","","","","","false","1","","","","","","","","","","FALSE","","","","","","","","","QZ2L66CGCV9J","NA/CDS Idx Swt","NA/CDS Corp Idx"
"5187906857000000201","","NEWT","TRAD","2026-09-08T12:32:57Z","","CR","","N","FALSE","2026-09-08T12:32:57Z","2026-09-08","2026-10-21","2031-06-20","FALSE","BILT","FALSE","FALSE","TRUE","200,000,000","","EUR","","","","","","","","","","","","","","","","","","","","","","","","2026-10-21","0.01","","77,000","EUR","","","","","","","0.005","","false","","","","","3","A004","","","","","","","","","MNTH","","","","3","","","","","","","","","","false","1","","","","","","","","","","FALSE","","","","","","","","","QZS1WNR5R2ND","NA/CDS Idx Swt","NA/CDS Corp Idx"
"5185696377000000101","","NEWT","TRAD","2026-09-08T10:43:26Z","","CR","","I","TRUE","2026-09-08T10:43:26Z","2026-09-09","2031-06-20","","","TWSF","FALSE","FALSE","","48,000,000","","EUR","","","","","","","","","","","","","","","","","","","","","","","","","0.01","","","","","","0.005155","","","","","","false","","","3","","","A004","","","","","","","","1133832.28000","MNTH","","","","3","","","","UFRO","EUR","","","","","false","1","","","","","","","","","","FALSE","","","","","","","","","QZTQ4GTC5QMF","NA/CDS Corp Idx","ITRAXX EUROPE"
"5193252305000000101","","NEWT","TRAD","2026-09-08T19:28:34Z","","CR","","I","TRUE","2026-09-08T19:28:34Z","2026-09-09","2031-06-20","","FALSE","BBSF","FALSE","FALSE","","36,000,000","","USD","","","","","","","","","","","","","","","","","","","","","","","","","0.01","","","","","","0.0050272","","","","","","false","","","3","","","A004","","","","","","","","846370.70144","MNTH","","","","3","","","","UFRO","USD","","","","","false","1","","","","","","","","","","FALSE","","","","","","","","","QZ3WVVQG5T8K","NA/CDS Corp Idx","CDX.NA.IG"
"5193388394000000101","","NEWT","TRAD","2026-09-08T19:35:55Z","","CR","","I","TRUE","2026-09-08T19:35:55Z","2026-09-09","2031-06-20","","FALSE","BBSF","FALSE","FALSE","","2,000,000","","USD","","","","","","","","","","","","","","","","","","","","","","","","","0.01","","","","","","0.0050246","","","","","","false","","","3","","","A004","","","","","","","","47043.61638","MNTH","","","","3","","","","UFRO","USD","","","","","false","1","","","","","","","","","","FALSE","","","","","","","","","QZ3WVVQG5T8K","NA/CDS Corp Idx","CDX.NA.IG"
"5192787641000000101","","NEWT","TRAD","2026-09-08T18:34:10Z","","CR","","I","TRUE","2026-09-08T18:34:10Z","2026-09-09","2031-06-20","","FALSE","BBSF","FALSE","FALSE","","25,000,000","","USD","","","","","","","","","","","","","","","","","","","","","","","","","0.01","","","","","","0.005019","","","","","","false","","","3","","","A004","","","","","","","","588654.99000","MNTH","","","","3","","","","UFRO","USD","","","","","false","1","","","","","","","","","","FALSE","","","","","","","","","QZ3WVVQG5T8K","NA/CDS Corp Idx","CDX.NA.IG"
"5192822575000000101","","NEWT","TRAD","2026-09-08T18:44:09Z","","CR","","I","TRUE","2026-09-08T18:44:09Z","2026-09-09","2031-06-20","","FALSE","BBSF","FALSE","FALSE","","120,000,000","","USD","","","","","","","","","","","","","","","","","","","","","","","","","0.01","","","","","","0.0050206","","","","","","false","","","3","","","A004","","","","","","","","2824709.84523","MNTH","","","","3","","","","UFRO","USD","","","","","false","1","","","","","","","","","","FALSE","","","","","","","","","QZ3WVVQG5T8K","NA/CDS Corp Idx","CDX.NA.IG"
"5192851424000000101","","NEWT","TRAD","2026-09-08T18:51:26Z","","CR","","I","FALSE","2026-09-08T18:51:26Z","2026-09-09","2031-06-20","","FALSE","BBSF","FALSE","FALSE","","25,000,000","","USD","","","","","","","","","","","","","","","","","","","","","","","","","0.01","","","","","","0.0098465","","","","","","false","","","3","","","A004","","","","","","","","328888.89000","MNTH","","","","3","","","","UFRO","USD","","","","","false","1","","","","","","","","","","FALSE","","","","","","","","","QZ4JMQKL3P03","NA/CDS Corp Idx","CDX.EM"
"5192822579000000101","","NEWT","TRAD","2026-09-08T18:44:20Z","","CR","","I","TRUE","2026-09-08T18:44:20Z","2026-09-09","2031-06-20","","FALSE","BBSF","FALSE","TRUE","","250,000,000+","","USD","","","","","","","","","","","","","","","","","","","","","","","","","0.01","","","","","","0.005025","","","","","","false","","","3","","","A004","","","","","","","","5879996.68125","MNTH","","","","3","","","","UFRO","USD","","","","","false","1","","","","","","","","","","TRUE","","","","0.005025","","3","","","QZ3WVVQG5T8K","NA/CDS Corp Idx","CDX.NA.IG"
"5192860439000000101","","NEWT","TRAD","2026-09-08T18:53:26Z","","CR","","I","TRUE","2026-09-08T18:53:26Z","2026-09-09","2028-12-20","","FALSE","BBSF","FALSE","TRUE","","100,000,000","","USD","","","","","","","","","","","","","","","","","","","","","","","","","0.05","","","","","","0.0106105","","","","","","false","","","3","","","A004","","","","","","","","6986155.56000","MNTH","","","","3","","","","UFRO","USD","","","","","false","0.97","","","","","","","","","","TRUE","","","","-0.0001745","","3","","","QZTC64H81XGS","NA/CDS Corp Idx","CDX.NA.HY"
"5192977757000000102","5192973266000000202","MODI","TRAD","2026-09-08T19:12:21Z","TRUE","CR","","I","TRUE","2026-09-08T19:11:51Z","2026-03-20","2031-06-20","","FALSE","TPSE","FALSE","FALSE","","10,000,000","","USD","","","","","","","","","","","","","","","","","","","","","","","","","0.05","","","","","","107.815","","USD","","","","false","","","1","","","A004","","","","","","","","","MNTH","","","","3","","","","","","USD","","","","false","0.98","","","","","","","OTHR","","","FALSE","","","","","","","","","QZNKTC8Z3Q57","NA/CDS Corp Idx","CDX.NA.HY"
"5192977768000000202","5192973272000000201","MODI","TRAD","2026-09-08T19:12:32Z","TRUE","CR","","I","TRUE","2026-09-08T19:11:55Z","2026-03-20","2031-06-20","","FALSE","TPSE","FALSE","FALSE","","50,000,000","","USD","","","","","","","","","","","","","","","","","","","","","","","","","0.01","","","","","","0.00503","","","","","","false","","","3","","","A004","","","","","","","","","MNTH","","","","3","","","","","","USD","","","","false","1","","","","","","","OTHR","","","FALSE","","","","","","","","","QZ3WVVQG5T8K","NA/CDS Corp Idx","CDX.NA.IG"
"5192978562000000101","","NEWT","TRAD","2026-09-08T19:08:59Z","","CR","","N","FALSE","2026-09-08T19:08:59Z","2026-09-09","2064-11-18","","FALSE","BILT","FALSE","FALSE","FALSE","5,000,000","","USD","","","","","","","","","","","","","","","","","","","","","","","","","0.05","","","","","","","","","","","","false","","","","","","A004","","","","","","","","1071527.78000","MNTH","","","","1","","","","UFRO","USD","USD","","","","false","1","","","","","","","","","","FALSE","","","","","","","","","QZ74JHWP5LPJ","NA/CDS Corp Idx","CMBX.NA.BB"
"5192835217000000101","","NEWT","TRAD","2026-09-08T18:47:18Z","","CR","","N","FALSE","2026-09-08T18:40:30Z","2026-03-20","2031-06-20","2031-06-20","TRUE","BILT","FALSE","TRUE","TRUE","400,000,000+","","USD","","","","","","","","","","","","","","","","","","","","","","","","2026-10-21","0.01","","260,000","USD","","","","","","","0.0055","","false","","","","","3","A004","","","","","","","","","MNTH","","","","3","","","","","","","","","","false","1","","","","","","","","","","FALSE","","","","","","","","","QZX75BBR2PZH","NA/CDS Idx Swt","NA/CDS Corp Idx"
"5189371559000000201","","NEWT","TRAD","2026-09-08T14:54:07Z","","CR","","I","TRUE","2026-09-08T14:54:07Z","2026-09-09","2031-06-20","","FALSE","BBSF","FALSE","FALSE","","50,000,000","","EUR","","","","","","","","","","","","","","","","","","","","","","","","","0.01","","","","","","0.005151","","","","","","false","","","3","","","A004","","","","","","","","1181976.52000","MNTH","","","","3","","","","UFRO","EUR","","","","","false","1","","","","","","","","","","FALSE","","","","","","","","","QZTQ4GTC5QMF","NA/CDS Corp Idx","ITRAXX EUROPE"
"5189391428000000101","","NEWT","TRAD","2026-09-08T14:57:20Z","","CR","","I","TRUE","2026-09-08T14:57:20Z","2026-03-20","2031-06-20","","FALSE","GSEF","FALSE","FALSE","","10,000,000","","EUR","","","","","","","","","","","","","","","","","","","","","","","","","","","","","","","0.02505","","","","","","false","","","3","","","A004","","","","","","","","","MNTH","","","","3","","","","","","","","","","false","1","","","","","","","","","","FALSE","","","","","","","","","QZ3HM9KVK2WL","NA/CDS Corp Idx","ITRAXX EUROPE CROSSOVER"
"5189501698000000201","","NEWT","TRAD","2026-09-08T15:15:02Z","","CR","","I","TRUE","2026-09-08T15:15:02Z","2026-09-09","2030-12-20","","","TWSF","FALSE","TRUE","","76,000,000+","","USD","","","","","","","","","","","","","","","","","","","","","","","","","0.05","","","","","","0.0107837","","","","","","false","","","3","","","A004","","","","","","","","6586317.28765","MNTH","","","","3","","","","UFRO","USD","","","","","false","0.97","","","","","","","","","","TRUE","","","","-0.023","","3","","","QZ35NTGD6NVQ","NA/CDS Corp Idx","CDX.NA.HY"
"5189640992000000101","","NEWT","TRAD","2026-09-08T15:43:32Z","","CR","","I","TRUE","2026-09-08T15:43:32Z","2026-09-09","2031-06-20","","FALSE","BBSF","FALSE","FALSE","","69,000,000","","USD","","","","","","","","","","","","","","","","","","","","","","","","","0.01","","","","","","0.00501942","","","","","","false","","","3","","","A004","","","","","","","","1624561.17000","MNTH","","","","3","","","","UFRO","USD","","","","","false","1","","","","","","","","","","FALSE","","","","","","","","","QZ3WVVQG5T8K","NA/CDS Corp Idx","CDX.NA.IG"
"5189493667000000101","5189488986000000101","CORR","","2026-09-08T15:13:52Z","","CR","","I","TRUE","2026-09-08T15:13:04Z","2026-09-08","2026-09-08","","","BBSF","FALSE","TRUE","","250,000,000","","USD","","","","","","","","","","","","","","","","","","","","","","","","","0.01","","","","","","","","","","","","false","","","","","","A004","","","","","","","","","MNTH","","","","3","","","","","","","","","","false","1","","","","","","","","","","FALSE","","","","","","","","","QZ3WVVQG5T8K","NA/CDS Corp Idx","CDX.NA.IG"
"5189539621000000101","","NEWT","TRAD","2026-09-08T15:20:48Z","","CR","","I","FALSE","2026-09-08T15:20:48Z","2026-09-09","2031-06-20","","","TWSF","FALSE","FALSE","","700,000","","EUR","","","","","","","","","","","","","","","","","","","","","","","","","0.01","","","","","","0.0051475","","","","","","false","","","3","","","A004","","","","","","","","16558.71000","MNTH","","","","3","","","","UFRO","EUR","","","","","false","1","","","","","","","","","","FALSE","","","","","","","","","QZTQ4GTC5QMF","NA/CDS Corp Idx","ITRAXX EUROPE"
"5191176651000000201","","NEWT","TRAD","2026-09-08T17:14:41Z","","CR","","I","TRUE","2026-09-08T17:14:41Z","2026-09-09","2030-06-20","","FALSE","BBSF","FALSE","TRUE","","150,000,000","","USD","","","","","","","","","","","","","","","","","","","","","","","","","0.05","","","","","","0.010804","","","","","","false","","","3","","","A004","","","","","","","","13294658.33000","MNTH","","","","3","","","","UFRO","USD","","","","","false","0.97","","","","","","","","","","TRUE","","","","-0.000019","","3","","","QZW96CQ9VR0B","NA/CDS Corp Idx","CDX.NA.HY"
"5178061741000000101","","NEWT","TRAD","2026-09-08T08:01:27Z","","CR","","I","FALSE","2026-09-08T08:01:27Z","2026-06-22","2031-06-20","","FALSE","BILT","FALSE","FALSE","FALSE","25,000,000","","EUR","","","","","","","","","","","","","","","","","","","","","","","","","0.01","","","","","","","","","","","","false","","","3","","3","A004","","","","","","","","588285.00000","MNTH","","","","3","","","","UFRO","EUR","EUR","","","","false","1","","","","","","","","","","FALSE","","","","","","","","","QZ30FM86XF0K","NA/CDS Corp Idx","ITRAXX EUROPE"
"5173014534000000101","","NEWT","TRAD","2026-09-02T08:02:31Z","FALSE","CR","","N","FALSE","2026-09-02T08:02:31Z","2026-09-03","2027-08-07","","FALSE","BILT","FALSE","FALSE","TRUE","10,000,000,000","9,917,000,000","KRW","KRW","","","","","","","","","","","","","","","","","","","","","","","","0.0254","","","","","","","","","","","","false","","","","","","A008","","A008","","","","","","","MNTH","MNTH","","","3","3","","","","","KRW","","","","false","","","","","","","","","","","FALSE","","","","","","","","","QZVZC9HGT933","NA/CDS Corp SN","HANA BANK 48-08COUP2-07"
"5173135695000000101","","NEWT","TRAD","2026-09-08T03:03:59Z","","CR","","I","FALSE","2026-09-08T03:03:59Z","2026-09-09","2031-06-20","","","TWSF","FALSE","FALSE","","3,000,000","","USD","","","","","","","","","","","","","","","","","","","","","","","","","0.01","","","","","","0.006598","","","","","","false","","","3","","","A004","","","","","","","","50067.82458","MNTH","","","","3","","","","UFRO","USD","","","","","false","1","","","","","","","","","","FALSE","","","","","","","","","QZD2VPNQ9ZFX","NA/CDS Corp Idx","ITRAXX ASIA EX-JAPAN IG"
"5172832894000000101","5097467045000000101","EROR","","2026-09-08T00:46:01Z","","CR","","I","TRUE","2026-09-02T18:16:08Z","2026-03-20","2031-06-20","","","BILT","FALSE","FALSE","TRUE","250,000,000+","","USD","","","","","","","","","","","","","","","","","","","","","","","","","0.01","","","","","","","","","","","","false","","","","","","A004","","","","","","","","5825869.00000","MNTH","","","","3","","","","UFRO","USD","","","","","false","1","","","","","","","","","","FALSE","","","","","","","","","QZ3WVVQG5T8K","NA/CDS Corp Idx","CDX.NA.IG"
"5172833081000000201","5119127047000000101","EROR","","2026-09-08T00:46:29Z","","CR","","I","TRUE","2026-09-03T16:11:31Z","2026-03-20","2031-06-20","","","BILT","FALSE","FALSE","FALSE","10,000,000","","USD","","","","","","","","","","","","","","","","","","","","","","","","","0.05","","","","","","","","","","","","false","","","","","","A004","","","","","","","","872962.00000","MNTH","","","","3","","","","UFRO","USD","","","","","false","0.98","","","","","","","","","","FALSE","","","","","","","","","QZNKTC8Z3Q57","NA/CDS Corp Idx","CDX.NA.HY"
"5174285864000000101","","NEWT","TRAD","2026-09-08T06:28:26Z","","CR","","I","TRUE","2026-09-08T06:28:26Z","2026-09-09","2031-06-20","","","TWSF","FALSE","FALSE","","40,000,000","","EUR","","","","","","","","","","","","","","","","","","","","","","","","","0.01","","","","","","0.005383","","","","","","false","","","3","","","A004","","","","","","","","903801.10000","MNTH","","","","3","","","","UFRO","EUR","","","","","false","1","","","","","","","","","","FALSE","","","","","","","","","QZTB38W3WJ98","NA/CDS Corp Idx","ITRAXX EUROPE SENIOR FINANCIALS"
"5180408992000000101","","NEWT","TRAD","2026-09-08T08:52:57Z","","CR","","I","FALSE","2026-09-08T08:52:57Z","2026-09-09","2031-06-20","","","TWSF","FALSE","FALSE","","3,000,000","","EUR","","","","","","","","","","","","","","","","","","","","","","","","","0.05","","","","","","0.0252276","","","","","","false","","","3","","","A004","","","","","","","","337164.90728","MNTH","","","","3","","","","UFRO","EUR","","","","","false","1","","","","","","","","","","FALSE","","","","","","","","","QZ3HM9KVK2WL","NA/CDS Corp Idx","ITRAXX EUROPE CROSSOVER"
"5193328108000000101","","NEWT","TRAD","2026-09-08T19:29:40Z","","CR","","N","FALSE","2026-09-08T19:29:40Z","2026-09-08","2026-10-21","2031-06-20","FALSE","BILT","FALSE","FALSE","TRUE","200,000,000","","USD","","","","","","","","","","","","","","","","","","","","","","","","2026-10-21","0.05","","781,060","USD","","","","","","","0.0107","","false","","","","","3","A004","","","","","","","","","MNTH","","","","3","","","","","","","","","","false","0.98","","","","","","","","","","FALSE","","","","","","","","","QZ4682HKL4CM","NA/CDS Idx Swt","NA/CDS Corp Idx"
"5193311790000000101","","NEWT","TRAD","2026-09-08T19:30:28Z","","CR","","N","FALSE","2026-09-08T19:30:28Z","2026-09-08","2026-11-18","2031-06-20","FALSE","BILT","FALSE","FALSE","TRUE","200,000,000","","USD","","","","","","","","","","","","","","","","","","","","","","","","2026-11-18","0.05","","1,151,500","USD","","","","","","","0.01065","","false","","","","","3","A004","","","","","","","","","MNTH","","","","3","","","","","","","","","","false","0.98","","","","","","","","","","FALSE","","","","","","","","","QZ4682HKL4CM","NA/CDS Idx Swt","NA/CDS Corp Idx"
"5193863453000000101","","NEWT","TRAD","2026-09-08T19:59:42Z","","CR","","I","TRUE","2026-09-08T19:59:42Z","2026-09-09","2031-06-20","","","TWSF","FALSE","FALSE","","5,000,000","","USD","","","","","","","","","","","","","","","","","","","","","","","","","0.05","","","","","","0.010778","","","","","","false","","","3","","","A004","","","","","","","","434983.89000","MNTH","","","","3","","","","UFRO","USD","","","","","false","0.98","","","","","","","","","","FALSE","","","","","","","","","QZNKTC8Z3Q57","NA/CDS Corp Idx","CDX.NA.HY"
"5193719625000000101","","NEWT","TRAD","2026-09-08T19:54:16Z","","CR","","I","TRUE","2026-09-08T19:54:16Z","2026-09-09","2031-06-20","","FALSE","BBSF","FALSE","TRUE","","50,000,000","","USD","","","","","","","","","","","","","","","","","","","","","","","","","0.05","","","","","","0.01077775","","","","","","false","","","3","","","A004","","","","","","","","4348613.89000","MNTH","","","","3","","","","UFRO","USD","","","","","false","0.98","","","","","","","","","","FALSE","","","","","","","","","QZNKTC8Z3Q57","NA/CDS Corp Idx","CDX.NA.HY"
"5194111191000000301","","NEWT","TRAD","2026-09-08T17:04:51Z","","CR","","N","FALSE","2026-08-05T21:55:17Z","2026-09-09","2026-09-20","2026-09-20","FALSE","BILT","FALSE","FALSE","TRUE","10,000,000","","USD","","","","","","","","","","","","","","","","","","","","","","","","","","","","","","","4.0246","0","","","","","true","","","3","3","","A004","","","A004","","DAIL","","1","","MNTH","","","MNTH","3","","","3","","","","","","","false","1","","","","","","","","","","FALSE","","","","","","","","","QZMF6M7G77VQ","NA/CDS Corp Idx","IBOXX USD LIQUID HIGH YIELD INDEX"
"5193802200000000101","","NEWT","TRAD","2026-09-08T19:57:15Z","","CR","","I","TRUE","2026-09-08T19:57:15Z","2026-09-09","2031-06-20","","FALSE","BBSF","FALSE","TRUE","","250,000,000+","","USD","","","","","","","","","","","","","","","","","","","","","","","","","0.01","","","","","","0.005039","","","","","","false","","","3","","","A004","","","","","","","","5864706.96000","MNTH","","","","3","","","","UFRO","USD","","","","","false","1","","","","","","","","","","FALSE","","","","","","","","","QZ3WVVQG5T8K","NA/CDS Corp Idx","CDX.NA.IG"
"5194509949000000101","","NEWT","TRAD","2026-09-08T20:20:16Z","","CR","","I","TRUE","2026-09-08T20:20:16Z","2026-09-09","2031-06-20","","FALSE","BBSF","FALSE","FALSE","","7,000,000","","USD","","","","","","","","","","","","","","","","","","","","","","","","","0.05","","","","","","0.01077795","","","","","","false","","","3","","","A004","","","","","","","","608943.14000","MNTH","","","","3","","","","UFRO","USD","","","","","false","0.98","","","","","","","","","","FALSE","","","","","","","","","QZNKTC8Z3Q57","NA/CDS Corp Idx","CDX.NA.HY"
"5194178899000000101","5194111191000000301","MODI","TRAD","2026-09-08T20:09:26Z","FALSE","CR","","N","FALSE","2026-08-05T21:55:17Z","2026-09-09","2026-09-20","2026-09-20","FALSE","BILT","FALSE","FALSE","TRUE","10,000,000","","USD","","","","","","","","","","","","","","","","","","","","","","","","","","","","","","","","0","","","","","true","","","","3","","A004","","","A004","","DAIL","","1","76969.10000","MNTH","","","MNTH","3","","","3","UFRO","USD","","","","","false","1","","","","","","","","","","FALSE","","","","","","","","","QZMF6M7G77VQ","NA/CDS Corp Idx","IBOXX USD LIQUID HIGH YIELD INDEX"
"5193956237000000101","","NEWT","TRAD","2026-09-08T20:00:44Z","","CR","","N","FALSE","2026-09-08T20:00:44Z","2026-09-09","2027-03-20","2027-03-20","FALSE","BILT","FALSE","FALSE","TRUE","15,000,000","","USD","","","","","","","","","","","","","","","","","","","","","","","","","","","","","","","","","","","","","false","","","","","","A004","","","","","","","","119927.43000","MNTH","","","","3","","","","UFRO","USD","","","","","false","1","","","","","","","","","","FALSE","","","","","","","","","QZ5ND0SMQQL4","NA/Cr Sw Idx TRtn Corp Ph",""
"5177921355000000101","","NEWT","TRAD","2026-09-08T07:59:36Z","","CR","","N","TRUE","2026-09-08T07:59:36Z","2026-03-20","2031-06-20","","FALSE","TREU","FALSE","FALSE","FALSE","9,000,000","","EUR","","","","","","","","","","","","","","","","","","","","","","","","","0.05","","","","","","","","","","","","false","","","","","","A004","","","","","","","","1013092.10000","MNTH","","","","3","","","","UFRO","EUR","","","","","false","1","","","","","","","","","","FALSE","","","","","","","","","QZ3HM9KVK2WL","NA/CDS Corp Idx","ITRAXX EUROPE CROSSOVER"
"5179316893000000101","","NEWT","NOVA","2026-09-08T08:35:50Z","","CR","","N","FALSE","2026-09-08T08:35:50Z","2026-09-07","2030-12-20","","FALSE","BILT","FALSE","FALSE","FALSE","2,000,000","","USD","","","","","","","","","","","","","","","","","","","","","","","","","0.01","","","","","","","","","","","","false","","","","","","A004","","","","","","","","","MNTH","","","","3","","","","","","","","","","false","1","","","","","","","","","","FALSE","","","","","","","","","QZN3HTTN5303","NA/CDS Corp Idx","CDX.NA.IG"
"5189925407000000101","","NEWT","TRAD","2026-09-08T16:02:53Z","","CR","","I","TRUE","2026-09-08T16:02:53Z","2026-09-09","2031-06-20","","FALSE","BBSF","FALSE","FALSE","","5,000,000","","EUR","","","","","","","","","","","","","","","","","","","","","","","","","0.05","","","","","","0.025055","","","","","","false","","","3","","","A004","","","","","","","","565809.51000","MNTH","","","","3","","","","UFRO","EUR","","","","","false","1","","","","","","","","","","FALSE","","","","","","","","","QZ3HM9KVK2WL","NA/CDS Corp Idx","ITRAXX EUROPE CROSSOVER"
"5189695220000000101","","NEWT","TRAD","2026-09-08T15:50:46Z","","CR","","I","TRUE","2026-09-08T15:50:46Z","2026-09-09","2031-06-20","","FALSE","BBSF","FALSE","TRUE","","46,461,605+","","EUR","","","","","","","","","","","","","","","","","","","","","","","","","0.05","","","","","","0.02505","","","","","","false","","","3","","","A004","","","","","","","","5258724.75698","MNTH","","","","3","","","","UFRO","EUR","","","","","false","1","","","","","","","","","","TRUE","","","","0.02505","","3","","","QZ3HM9KVK2WL","NA/CDS Corp Idx","ITRAXX EUROPE CROSSOVER"
"5189969764000000101","","NEWT","TRAD","2026-09-08T16:04:05Z","","CR","","I","TRUE","2026-09-08T16:04:05Z","2026-09-09","2031-06-20","","FALSE","BBSF","FALSE","FALSE","","39,000,000","","EUR","","","","","","","","","","","","","","","","","","","","","","","","","0.01","","","","","","0.0051555555","","","","","","false","","","3","","","A004","","","","","","","","921141.02000","MNTH","","","","3","","","","UFRO","EUR","","","","","false","1","","","","","","","","","","FALSE","","","","","","","","","QZTQ4GTC5QMF","NA/CDS Corp Idx","ITRAXX EUROPE"
"5189701556000000101","","NEWT","TRAD","2026-09-08T15:51:31Z","","CR","","I","TRUE","2026-09-08T15:51:31Z","2026-09-09","2031-06-20","","FALSE","BBSF","FALSE","FALSE","","35,000,000","","USD","","","","","","","","","","","","","","","","","","","","","","","","","0.05","","","","","","0.01078444","","","","","","false","","","3","","","A004","","","","","","","","3066974.66835","MNTH","","","","3","","","","UFRO","USD","","","","","false","0.98","","","","","","","","","","FALSE","","","","","","","","","QZNKTC8Z3Q57","NA/CDS Corp Idx","CDX.NA.HY"
"5189623084000000101","","NEWT","TRAD","2026-09-08T15:39:26Z","","CR","","I","TRUE","2026-09-08T15:39:26Z","2026-09-09","2031-06-20","","FALSE","BBSF","FALSE","TRUE","","250,000,000+","","USD","","","","","","","","","","","","","","","","","","","","","","","","","0.01","","","","","","0.005021","","","","","","false","","","3","","","A004","","","","","","","","5884413.20550","MNTH","","","","3","","","","UFRO","USD","","","","","false","1","","","","","","","","","","TRUE","","","","0.004054","","3","","","QZ3WVVQG5T8K","NA/CDS Corp Idx","CDX.NA.IG"
"5189716564000000101","","NEWT","TRAD","2026-09-08T15:52:51Z","","CR","","I","TRUE","2026-09-08T15:52:51Z","2026-09-09","2031-06-20","","FALSE","BBSF","FALSE","FALSE","","1,000,000","","USD","","","","","","","","","","","","","","","","","","","","","","","","","0.01","","","","","","0.0050184","","","","","","false","","","3","","","A004","","","","","","","","23548.73080","MNTH","","","","3","","","","UFRO","USD","","","","","false","1","","","","","","","","","","FALSE","","","","","","","","","QZ3WVVQG5T8K","NA/CDS Corp Idx","CDX.NA.IG"
"5189567684000000101","5189185046000000101","CORR","","2026-09-08T15:24:51Z","","CR","","N","FALSE","2026-09-08T14:24:00Z","2026-09-08","2027-01-20","2031-06-20","FALSE","BILT","FALSE","FALSE","TRUE","400,000,000+","","USD","","","","","","","","","","","","","","","","","","","","","","","","2027-01-20","0.01","","150,000.48","USD","","","","","","","0.01","","false","","","","","3","A004","","","","","","","","","MNTH","","","","3","","","","","","","","","","false","1","","","","","","","","","","FALSE","","","","","","","","","QZT4QS79CCTS","NA/CDS Idx Swt","NA/CDS Corp Idx"
"5189722716000000101","","NEWT","TRAD","2026-09-08T15:53:38Z","","CR","","I","TRUE","2026-09-08T15:53:38Z","2026-09-09","2031-06-20","","FALSE","BBSF","FALSE","FALSE","","36,000,000","","USD","","","","","","","","","","","","","","","","","","","","","","","","","0.05","","","","","","0.01078383","","","","","","false","","","3","","","A004","","","","","","","","3152452.24000","MNTH","","","","3","","","","UFRO","USD","","","","","false","0.98","","","","","","","","","","FALSE","","","","","","","","","QZNKTC8Z3Q57","NA/CDS Corp Idx","CDX.NA.HY"
"5189796967000000201","","NEWT","TRAD","2026-09-08T15:56:50Z","","CR","","I","TRUE","2026-09-08T15:56:50Z","2026-09-09","2031-06-20","","","TWSF","FALSE","FALSE","","2,000,000","","EUR","","","","","","","","","","","","","","","","","","","","","","","","","0.05","","","","","","0.0250653","","","","","","false","","","3","","","A004","","","","","","","","226230.81042","MNTH","","","","3","","","","UFRO","EUR","","","","","false","1","","","","","","","","","","FALSE","","","","","","","","","QZ3HM9KVK2WL","NA/CDS Corp Idx","ITRAXX EUROPE CROSSOVER"
"5190058209000000101","","NEWT","TRAD","2026-09-08T16:06:28Z","","CR","","I","TRUE","2026-09-08T16:06:28Z","2026-03-20","2031-06-20","","FALSE","TPSE","FALSE","FALSE","","5,000,000","","USD","","","","","","","","","","","","","","","","","","","","","","","","","0.05","","","","","","107.84","","USD","","","","false","","","1","","","A004","","","","","","","","","MNTH","","","","3","","","","","","USD","","","","false","0.98","","","","","","","OTHR","","","FALSE","","","","","","","","","QZNKTC8Z3Q57","NA/CDS Corp Idx","CDX.NA.HY"
"5193532283000000101","","NEWT","TRAD","2026-09-08T19:44:10Z","","CR","","I","FALSE","2026-09-08T19:44:10Z","2026-09-09","2031-06-20","","","TWSF","FALSE","FALSE","","30,000,000","","USD","","","","","","","","","","","","","","","","","","","","","","","","","0.01","","","","","","0.00502945","","","","","","false","","","3","","","A004","","","","","","","","705017.09116","MNTH","","","","3","","","","UFRO","USD","","","","","false","1","","","","","","","","","","FALSE","","","","","","","","","QZ3WVVQG5T8K","NA/CDS Corp Idx","CDX.NA.IG"
"5193647322000000101","","NEWT","TRAD","2026-09-08T19:48:55Z","","CR","","I","TRUE","2026-09-08T19:48:55Z","2026-09-09","2031-06-20","","FALSE","BBSF","FALSE","FALSE","","20,000,000","","USD","","","","","","","","","","","","","","","","","","","","","","","","","0.05","","","","","","0.01077988","","","","","","false","","","3","","","A004","","","","","","","","1743620.36000","MNTH","","","","3","","","","UFRO","USD","","","","","false","0.98","","","","","","","","","","FALSE","","","","","","","","","QZNKTC8Z3Q57","NA/CDS Corp Idx","CDX.NA.HY"
"5193668806000000101","","NEWT","TRAD","2026-09-08T19:50:13Z","","CR","","I","TRUE","2026-09-08T19:50:13Z","2026-09-09","2031-06-20","","FALSE","BBSF","FALSE","FALSE","","13,000,000","","USD","","","","","","","","","","","","","","","","","","","","","","","","","0.01","","","","","","0.00503175","","","","","","false","","","3","","","A004","","","","","","","","305376.47920","MNTH","","","","3","","","","UFRO","USD","","","","","false","1","","","","","","","","","","FALSE","","","","","","","","","QZ3WVVQG5T8K","NA/CDS Corp Idx","CDX.NA.IG"
"5193701552000000101","","NEWT","TRAD","2026-09-08T19:53:39Z","","CR","","I","TRUE","2026-09-08T19:53:39Z","2026-09-09","2031-06-20","","FALSE","BBSF","FALSE","FALSE","","5,000,000","","USD","","","","","","","","","","","","","","","","","","","","","","","","","0.05","","","","","","0.01077832","","","","","","false","","","3","","","A004","","","","","","","","435140.69000","MNTH","","","","3","","","","UFRO","USD","","","","","false","0.98","","","","","","","","","","FALSE","","","","","","","","","QZNKTC8Z3Q57","NA/CDS Corp Idx","CDX.NA.HY"
"5195776390000000101","5189594698000000201","EROR","","2026-09-08T21:34:19Z","","CR","","","","2026-09-08T15:20:39Z","2026-09-09","2057-12-17","","","","","","FALSE","","","","","","","","","","","","","","","","","","","","","","","","","","","","0.005","","","","","","","","","","","","","","","","","","","","","","","","","","95635.96000","","","","","","","","","UFRO","USD","","","","","","","","","","","","","","","","","","","","","","","","","QZQB3975X6Z5","NA/CDS Corp Idx","CMBX.NA.AAA"
"5175954527000000101","","NEWT","TRAD","2026-09-08T07:20:20Z","","CR","","I","TRUE","2026-09-08T07:20:20Z","2026-09-09","2031-06-20","","FALSE","BBSF","FALSE","FALSE","","6,000,000","","EUR","","","","","","","","","","","","","","","","","","","","","","","","","0.01","","","","","","0.005155","","","","","","false","","","3","","","A004","","","","","","","","141729.04000","MNTH","","","","3","","","","UFRO","EUR","","","","","false","1","","","","","","","","","","FALSE","","","","","","","","","QZTQ4GTC5QMF","NA/CDS Corp Idx","ITRAXX EUROPE"
"5176399364000000101","","NEWT","TRAD","2026-09-08T07:29:17Z","","CR","","I","TRUE","2026-09-08T07:29:17Z","2026-09-09","2031-06-20","","FALSE","BBSF","FALSE","FALSE","","6,000,000","","EUR","","","","","","","","","","","","","","","","","","","","","","","","","0.05","","","","","","0.02504157","","","","","","false","","","3","","","A004","","","","","","","","679332.77000","MNTH","","","","3","","","","UFRO","EUR","","","","","false","1","","","","","","","","","","FALSE","","","","","","","","","QZ3HM9KVK2WL","NA/CDS Corp Idx","ITRAXX EUROPE CROSSOVER"
"5176440425000000101","","NEWT","TRAD","2026-09-08T07:30:04Z","","CR","","I","TRUE","2026-09-08T07:30:04Z","2026-09-09","2031-06-20","","FALSE","BBSF","FALSE","FALSE","","75,000,000","","EUR","","","","","","","","","","","","","","","","","","","","","","","","","0.01","","","","","","0.0051565","","","","","","false","","","3","","","A004","","","","","","","","1771106.01000","MNTH","","","","3","","","","UFRO","EUR","","","","","false","1","","","","","","","","","","FALSE","","","","","","","","","QZTQ4GTC5QMF","NA/CDS Corp Idx","ITRAXX EUROPE"
"5176599737000000101","","NEWT","TRAD","2026-09-08T07:32:59Z","","CR","","I","FALSE","2026-09-08T07:32:59Z","2026-09-09","2031-06-20","","","TWSF","FALSE","FALSE","","10,000,000","","EUR","","","","","","","","","","","","","","","","","","","","","","","","","0.05","","","","","","0.0250546","","","","","","false","","","3","","","A004","","","","","","","","1131638.08213","MNTH","","","","3","","","","UFRO","EUR","","","","","false","1","","","","","","","","","","FALSE","","","","","","","","","QZ3HM9KVK2WL","NA/CDS Corp Idx","ITRAXX EUROPE CROSSOVER"
"5190897962000000101","","NEWT","TRAD","2026-09-08T17:01:40Z","","CR","","I","TRUE","2026-09-08T17:01:40Z","2026-03-20","2031-06-20","","FALSE","TPSE","FALSE","FALSE","","10,000,000","","USD","","","","","","","","","","","","","","","","","","","","","","","","","0.05","","","","","","107.86","","USD","","","","false","","","1","","","A004","","","","","","","","","MNTH","","","","3","","","","","","USD","","","","false","0.98","","","","","","","OTHR","","","FALSE","","","","","","","","","QZNKTC8Z3Q57","NA/CDS Corp Idx","CDX.NA.HY"
"5190931884000000101","","NEWT","TRAD","2026-09-08T17:03:05Z","","CR","","N","FALSE","2026-09-08T17:03:05Z","2026-09-08","2030-12-20","","FALSE","BILT","FALSE","FALSE","FALSE","15,000,000","","EUR","","","","","","","","","","","","","","","","","","","","","","","","","0.05","","","","","","","","","","","","false","","","","","","A004","","","","","","","","5146916.67000","MNTH","","","","3","","","","UFRO","EUR","","","","","false","1","","","","","","","","","","FALSE","","","","","","","","","QZB5DPT9MS3H","NA/CDS Corp Idx Tra","ITRAXX EUROPE CROSSOVER"
"5190777764000000401","","NEWT","NOVA","2026-09-03T17:59:27Z","","CR","","N","FALSE","2026-09-03T17:59:14Z","2024-01-19","2064-11-18","2064-11-18","FALSE","BILT","FALSE","FALSE","FALSE","5,000,000","","USD","","","","","","","","","","","","","","","","","","","","","","","","","0.02","","","","","","","","","","","","true","","","","","","A004","","","","","","","","","","","","","","","","","","","","","","","false","1","","","","","","","","","","FALSE","","","","","","","","","QZ41VJ08XMM9","NA/CDS Corp Idx","CMBX.NA.A"
"5190452365000000101","","NEWT","TRAD","2026-09-08T16:27:08Z","","CR","","N","FALSE","2026-09-08T16:26:42Z","2026-03-20","2031-06-20","2031-06-20","TRUE","BILT","FALSE","TRUE","TRUE","200,000,000","","EUR","","","","","","","","","","","","","","","","","","","","","","","","2026-10-21","0.01","","74,000","EUR","","","","","","","0.005","","false","","","","","3","A004","","","","","","","","","MNTH","","","","3","","","","","","","","","","false","1","","","","","","","","","","FALSE","","","","","","","","","QZQ9RDJP4641","NA/CDS Idx Swt","NA/CDS Corp Idx"
"5190464199000000201","","NEWT","TRAD","2026-09-08T16:27:45Z","","CR","","N","FALSE","2026-09-08T16:11:42Z","2026-09-08","2026-09-16","2031-06-20","TRUE","BILT","FALSE","FALSE","TRUE","100,000,000","","USD","","","","","","","","","","","","","","","","","","","","","","","","2026-09-16","0.01","","4,000","USD","","","","","","","0.0055","","false","","","","","3","A004","","","","","","","","","MNTH","","","","3","","","","","","","","","","false","1","","","","","","","","","","FALSE","","","","","","","","","QZDRFGQM4073","NA/CDS Idx Swt","NA/CDS Corp Idx"
"5190856590000000201","","NEWT","TRAD","2026-09-08T16:56:13Z","","CR","","I","FALSE","2026-09-08T16:56:13Z","2026-03-20","2031-06-20","","FALSE","TPSE","FALSE","FALSE","","10,000,000","","USD","","","","","","","","","","","","","","","","","","","","","","","","","0.01","","","","","","98.475","","USD","","","","false","","","1","","","A004","","","","","","","","","MNTH","","","","3","","","","","","USD","","","","false","1","","","","","","","OTHR","","","FALSE","","","","","","","","","QZ4JMQKL3P03","NA/CDS Corp Idx","CDX.EM"
"5190859624000000101","","NEWT","TRAD","2026-09-03T17:57:33Z","","CR","","N","FALSE","2022-05-17T18:42:21Z","2022-05-17","2064-11-18","2064-11-18","FALSE","BILT","FALSE","FALSE","FALSE","940,000","","USD","","","","","","","","","","","","","","","","","","","","","","","","","0.02","","","","","","","","","","","","false","","","","","","A004","","","","","","","","","","","","","","","","","","","","","","","false","1","","","","","","","","","","FALSE","","","","","","","","","QZ41VJ08XMM9","NA/CDS Corp Idx","CMBX.NA.A"
"5191282610000000101","","NEWT","TRAD","2026-09-08T17:18:34Z","","CR","","I","TRUE","2026-09-08T17:18:34Z","2026-09-09","2029-12-20","","FALSE","BBSF","FALSE","TRUE","","100,000,000","","USD","","","","","","","","","","","","","","","","","","","","","","","","","0.05","","","","","","0.010754","","","","","","false","","","3","","","A004","","","","","","","","8378105.56000","MNTH","","","","3","","","","UFRO","USD","","","","","false","0.97","","","","","","","","","","TRUE","","","","-0.000031","","3","","","QZLX42PHX7X0","NA/CDS Corp Idx","CDX.NA.HY"
"5190999424000000101","","NEWT","TRAD","2026-09-08T17:04:51Z","","CR","","N","FALSE","2026-09-08T17:04:51Z","2026-09-09","2026-09-20","2026-09-20","FALSE","BILT","FALSE","FALSE","TRUE","10,000,000","","USD","","","","","","","","","","","","","","","","","","","","","","","","","","","","","","","","","","","","","false","","","","","","A004","","","","","","","","79951.62000","MNTH","","","","3","","","","UFRO","USD","","","","","false","1","","","","","","","","","","FALSE","","","","","","","","","QZ5ND0SMQQL4","NA/Cr Sw Idx TRtn Corp Ph",""
"5191339859000000101","","NEWT","TRAD","2026-09-08T17:21:21Z","","CR","","I","TRUE","2026-09-08T17:21:21Z","2026-09-09","2028-12-20","","FALSE","BBSF","FALSE","TRUE","","200,000,000","","USD","","","","","","","","","","","","","","","","","","","","","","","","","0.05","","","","","","0.01061","","","","","","false","","","3","","","A004","","","","","","","","13962611.11000","MNTH","","","","3","","","","UFRO","USD","","","","","false","0.97","","","","","","","","","","TRUE","","","","-0.000211","","3","","","QZTC64H81XGS","NA/CDS Corp Idx","CDX.NA.HY"
"5191138206000000101","5148448918000005601","MODI","TRAD","2026-09-08T17:12:28Z","TRUE","CR","","N","FALSE","2026-09-04T22:33:50Z","2025-08-02","2026-12-20","","FALSE","BILT","FALSE","FALSE","TRUE","800,000","","USD","","","","","","","","","","","","","","","","","","","","","","","","","0.05","","","","","","","","","","","","false","","","","","","A004","","","","","","","","50600.25000","MNTH","","","","3","","","","UFRO","USD","","","","","false","0.94","","","","","","","","","","FALSE","","","","","","","","","QZZZP5HMNGBJ","NA/CDS Mun Idx Tra","CDX.NA.HY"
"5191136326000000101","3556457246000000101","MODI","TRAD","2026-09-08T17:12:40Z","FALSE","CR","","N","FALSE","2026-06-08T13:15:21Z","2026-06-08","2027-03-08","","TRUE","BILT","FALSE","FALSE","TRUE","36,000,000","36,000,000","USD","USD","","","","","","","","","","","36000000;35000000","36000147;35202122","2026-06-08;2026-09-08","2026-06-08;2026-09-08","","","","","","","","","","","","","","","","0.0021","","","","","","false","","","3","","","","","A004","A020","MNTH","EXPI","3","1","","","MNTH","","MNTH","","3","","3","","","USD","USD","","","false","1","","","","","","","","","","FALSE","","","","","","","","","QZFNT9JCBS79","NA/Cr Sw Idx TRtn Corp Cs",""
"5191138887000000101","5148448927000006501","MODI","TRAD","2026-09-08T17:12:32Z","TRUE","CR","","N","FALSE","2026-09-04T22:33:44Z","2025-08-02","2026-12-20","","FALSE","BILT","FALSE","FALSE","TRUE","4,000,000","","USD","","","","","","","","","","","","","","","","","","","","","","","","","0.05","","","","","","","","","","","","false","","","","","","A004","","","","","","","","824635.19000","MNTH","","","","3","","","","UFRO","USD","","","","","false","0.94","","","","","","","","","","FALSE","","","","","","","","","QZZZP5HMNGBJ","NA/CDS Mun Idx Tra","CDX.NA.HY"
"5191495647000000101","","NEWT","TRAD","2026-09-08T17:27:54Z","","CR","","I","TRUE","2026-09-08T17:27:54Z","2026-09-09","2030-12-20","","FALSE","BBSF","FALSE","TRUE","","40,000,000","","EUR","","","","","","","","","","","","","","","","","","","","","","","","","0.05","","","","","","0.022","","","","","","false","","","3","","","A004","","","","","","","","4663483.12000","MNTH","","","","3","","","","UFRO","EUR","","","","","false","1","","","","","","","","","","TRUE","","","","0.022","","3","","","QZ5F5FRS4TR9","NA/CDS Corp Idx","ITRAXX EUROPE CROSSOVER"
"5191175565000000101","2863325613000001401","MODI","TRAD","2026-09-08T17:13:40Z","TRUE","CR","","N","FALSE","2026-09-04T22:33:43Z","2026-02-15","2026-12-20","","FALSE","BILT","FALSE","FALSE","TRUE","8,000,000","","USD","","","","","","","","","","","","","","","","","","","","","","","","","0.05","","","","","","","","","","","","false","","","","","","A004","","","","","","","","13933632.54513","MNTH","","","","3","","","","UFRO","USD","","","","","false","0.94","","","","","","","","","","FALSE","","","","","","","","","QZZZP5HMNGBJ","NA/CDS Mun Idx Tra","CDX.NA.HY"
"5191234205000000601","2863325611000001201","MODI","TRAD","2026-09-08T17:14:40Z","TRUE","CR","","N","FALSE","2026-09-04T22:33:41Z","2026-02-15","2028-12-20","","FALSE","BILT","FALSE","FALSE","TRUE","20,000,000","","USD","","","","","","","","","","","","","","","","","","","","","","","","","0.05","","","","","","","","","","","","false","","","","","","A004","","","","","","","","13533333.33000","MNTH","","","","3","","","","UFRO","USD","","","","","false","0.97","","","","","","","","","","FALSE","","","","","","","","","QZS27VSGPF30","NA/CDS Mun Idx Tra","CDX.NA.HY"
"5191339263000000301","2863325613000001401","MODI","TRAD","2026-09-08T17:14:52Z","TRUE","CR","","N","FALSE","2026-09-04T22:33:43Z","2026-02-15","2026-12-20","","FALSE","BILT","FALSE","FALSE","TRUE","8,000,000","","USD","","","","","","","","","","","","","","","","","","","","","","","","","0.05","","","","","","","","","","","","false","","","","","","A004","","","","","","","","13933632.54513","MNTH","","","","3","","","","UFRO","USD","","","","","false","0.94","","","","","","","","","","FALSE","","","","","","","","","QZZZP5HMNGBJ","NA/CDS Mun Idx Tra","CDX.NA.HY"
"5191234200000000101","5148448925000006301","MODI","TRAD","2026-09-08T17:15:06Z","TRUE","CR","","N","FALSE","2026-09-04T22:33:48Z","2025-08-02","2026-12-20","","FALSE","BILT","FALSE","FALSE","TRUE","4,000,000","","USD","","","","","","","","","","","","","","","","","","","","","","","","","0.05","","","","","","","","","","","","false","","","","","","A004","","","","","","","","708298.64625","MNTH","","","","3","","","","UFRO","USD","","","","","false","0.94","","","","","","","","","","FALSE","","","","","","","","","QZZZP5HMNGBJ","NA/CDS Mun Idx Tra","CDX.NA.HY"
"5191337216000000101","5148448926000006401","MODI","TRAD","2026-09-08T17:15:01Z","TRUE","CR","","N","FALSE","2026-09-04T22:33:51Z","2025-08-02","2026-12-20","","FALSE","BILT","FALSE","FALSE","TRUE","1,000,000","","USD","","","","","","","","","","","","","","","","","","","","","","","","","0.05","","","","","","","","","","","","false","","","","","","A004","","","","","","","","66828.76394","MNTH","","","","3","","","","UFRO","USD","","","","","false","0.94","","","","","","","","","","FALSE","","","","","","","","","QZZZP5HMNGBJ","NA/CDS Mun Idx Tra","CDX.NA.HY"
"5190667972000000101","5189467030000000101","TERM","ETRM","2026-09-08T16:39:19Z","","CR","","N","","2026-09-08T15:09:44Z","2026-09-08","2059-11-17","","FALSE","BILT","FALSE","","FALSE","10,000,000","","USD","","","","","","","","","","","","","","","","","","","","","","","","","0.03","","","","","","","","","","","","false","","","","","","","","","","","","","","2682938.95000","","","","","","","","","UFRO","USD","USD","","","","false","1","","","","","","","","","","FALSE","","","","","","","","","QZP5WWNVF4JS","NA/CDS Corp Idx","CMBX.NA.BBB-"
"5190727716000000101","","NEWT","TRAD","2026-09-08T16:43:38Z","","CR","","I","TRUE","2026-09-08T16:43:38Z","2026-09-09","2031-06-20","","FALSE","BBSF","FALSE","FALSE","","1,000,000","","USD","","","","","","","","","","","","","","","","","","","","","","","","","0.05","","","","","","0.010783","","","","","","false","","","3","","","A004","","","","","","","","87486.78000","MNTH","","","","3","","","","UFRO","USD","","","","","false","0.98","","","","","","","","","","FALSE","","","","","","","","","QZNKTC8Z3Q57","NA/CDS Corp Idx","CDX.NA.HY"
"5188480333000000201","","NEWT","TRAD","2026-09-08T13:13:05Z","","CR","","I","TRUE","2026-09-08T13:13:05Z","2026-09-09","2031-06-20","","FALSE","BBSF","FALSE","TRUE","","46,461,605+","","EUR","","","","","","","","","","","","","","","","","","","","","","","","","0.05","","","","","","0.0250375","","","","","","false","","","3","","","A004","","","","","","","","5261317.96183","MNTH","","","","3","","","","UFRO","EUR","","","","","false","1","","","","","","","","","","TRUE","","","","0.00295","","3","","","QZ3HM9KVK2WL","NA/CDS Corp Idx","ITRAXX EUROPE CROSSOVER"
"5189536099000000201","","NEWT","TRAD","2026-09-08T15:18:39Z","","CR","","I","FALSE","2026-09-08T15:18:39Z","2026-09-09","2031-06-20","","","BTFE","FALSE","FALSE","FALSE","10,000,000","","EUR","","","","","","","","","","","","","","","","","","","","","","","","","","","","","","","","","","","","","false","","","","","","A004","","","","","","","","226737.50000","MNTH","","","","3","","","","UFRO","EUR","","","","","false","1","","","","","","","","","","FALSE","","","","","","","","","QZTB38W3WJ98","NA/CDS Corp Idx","ITRAXX EUROPE SENIOR FINANCIALS"
"5189412966000000101","","NEWT","TRAD","2026-09-08T15:01:00Z","","CR","","I","TRUE","2026-09-08T15:01:00Z","2026-09-09","2031-06-20","","","TWSF","FALSE","FALSE","","200,000,000","","USD","","","","","","","","","","","","","","","","","","","","","","","","","0.01","","","","","","0.005021","","","","","","false","","","3","","","A004","","","","","","","","4707487.66625","MNTH","","","","3","","","","UFRO","USD","","","","","false","1","","","","","","","","","","FALSE","","","","","","","","","QZ3WVVQG5T8K","NA/CDS Corp Idx","CDX.NA.IG"
"5189417265000000101","5189390307000000201","EROR","","2026-09-08T14:57:06Z","","CR","","I","","2026-09-08T14:57:06Z","2026-03-20","2031-06-20","","","","FALSE","","FALSE","30,000,000","","EUR","","","","","","","","","","","","","","","","","","","","","","","","","0.05","","","","","","","","","","","","false","","","","","","","","","","","","","","3395530.00000","","","","","","","","","UFRO","EUR","","","","","false","1","","","","","","","","","","FALSE","","","","","","","","","QZ3HM9KVK2WL","NA/CDS Corp Idx","ITRAXX EUROPE CROSSOVER"
"5189450477000000101","","NEWT","TRAD","2026-09-08T15:06:54Z","","CR","","I","TRUE","2026-09-08T15:06:54Z","2026-09-09","2031-06-20","","FALSE","BBSF","FALSE","FALSE","","2,000,000","","EUR","","","","","","","","","","","","","","","","","","","","","","","","","0.05","","","","","","0.02508","","","","","","false","","","3","","","A004","","","","","","","","226099.04808","MNTH","","","","3","","","","UFRO","EUR","","","","","false","1","","","","","","","","","","FALSE","","","","","","","","","QZ3HM9KVK2WL","NA/CDS Corp Idx","ITRAXX EUROPE CROSSOVER"
"5189371670000000101","","NEWT","TRAD","2026-09-08T14:54:17Z","","CR","","I","TRUE","2026-09-08T14:54:17Z","2026-09-09","2031-06-20","","FALSE","BBSF","FALSE","TRUE","","163,476,016+","","EUR","","","","","","","","","","","","","","","","","","","","","","","","","0.01","","","","","","0.005153","","","","","","false","","","3","","","A004","","","","","","","","3863002.77390","MNTH","","","","3","","","","UFRO","EUR","","","","","false","1","","","","","","","","","","FALSE","","","","","","","","","QZTQ4GTC5QMF","NA/CDS Corp Idx","ITRAXX EUROPE"
"5189379799000000101","","NEWT","TRAD","2026-09-08T14:55:20Z","","CR","","I","TRUE","2026-09-08T14:55:20Z","2026-09-09","2031-06-20","","FALSE","BBSF","FALSE","TRUE","","250,000,000+","","USD","","","","","","","","","","","","","","","","","","","","","","","","","0.01","","","","","","0.005019","","","","","","false","","","3","","","A004","","","","","","","","5886549.92000","MNTH","","","","3","","","","UFRO","USD","","","","","false","1","","","","","","","","","","FALSE","","","","","","","","","QZ3WVVQG5T8K","NA/CDS Corp Idx","CDX.NA.IG"
"5189468585000000201","","NEWT","TRAD","2026-09-08T15:10:04Z","","CR","","I","TRUE","2026-09-08T15:10:04Z","2026-09-09","2031-06-20","","","TWSF","FALSE","FALSE","","10,000,000","","EUR","","","","","","","","","","","","","","","","","","","","","","","","","0.01","","","","","","0.005152","","","","","","false","","","3","","","A004","","","","","","","","236350.24000","MNTH","","","","3","","","","UFRO","EUR","","","","","false","1","","","","","","","","","","FALSE","","","","","","","","","QZTQ4GTC5QMF","NA/CDS Corp Idx","ITRAXX EUROPE"
"5189488800000000101","","NEWT","TRAD","2026-09-08T15:12:52Z","","CR","","N","FALSE","2026-09-08T15:12:52Z","2026-09-08","2059-11-17","","FALSE","BILT","FALSE","FALSE","FALSE","10,000,000","","USD","","","","","","","","","","","","","","","","","","","","","","","","","0.03","","","","","","","","","","","","false","","","","","","A004","","","","","","","","2688808.00000","MNTH","","","","1","","","","UFRO","USD","USD","","","","false","1","","","","","","","","","","FALSE","","","","","","","","","QZP5WWNVF4JS","NA/CDS Corp Idx","CMBX.NA.BBB-"
"5189499533000000201","","NEWT","TRAD","2026-09-08T15:14:58Z","","CR","","I","FALSE","2026-09-08T15:14:58Z","2026-09-09","2031-06-20","","","TWSF","FALSE","FALSE","","6,000,000","","EUR","","","","","","","","","","","","","","","","","","","","","","","","","0.01","","","","","","0.0051423","","","","","","false","","","3","","","A004","","","","","","","","142072.53195","MNTH","","","","3","","","","UFRO","EUR","","","","","false","1","","","","","","","","","","FALSE","","","","","","","","","QZTQ4GTC5QMF","NA/CDS Corp Idx","ITRAXX EUROPE"
"5188694521000000101","","NEWT","TRAD","2026-09-08T13:29:55Z","","CR","","I","TRUE","2026-09-08T13:29:55Z","2026-03-20","2031-06-20","","FALSE","BGCD","FALSE","FALSE","","25,000,000","","EUR","","","","","","","","","","","","","","","","","","","","","","","","","","","","","","","0.00515","","","","","","false","","","3","","","A004","","","","","","","","","MNTH","","","","3","","","","","","","","","","false","1","","","","","","","","","","FALSE","","","","","","","","","QZTQ4GTC5QMF","NA/CDS Corp Idx","ITRAXX EUROPE"
"5188704151000000201","","NEWT","TRAD","2026-09-08T13:30:51Z","","CR","","I","TRUE","2026-09-08T13:30:51Z","2026-09-09","2031-06-20","","FALSE","BBSF","FALSE","FALSE","","1,000,000","","USD","","","","","","","","","","","","","","","","","","","","","","","","","0.05","","","","","","0.0107865","","","","","","false","","","3","","","A004","","","","","","","","87829.78000","MNTH","","","","3","","","","UFRO","USD","","","","","false","0.98","","","","","","","","","","FALSE","","","","","","","","","QZNKTC8Z3Q57","NA/CDS Corp Idx","CDX.NA.HY"
"5188704601000000101","","NEWT","TRAD","2026-09-08T13:30:58Z","","CR","","I","TRUE","2026-09-08T13:30:58Z","2026-03-20","2031-06-20","","FALSE","TPSE","FALSE","FALSE","","25,000,000","","USD","","","","","","","","","","","","","","","","","","","","","","","","","0.01","","","","","","0.00501","","","","","","false","","","3","","","A004","","","","","","","","","MNTH","","","","3","","","","","","USD","","","","false","1","","","","","","","OTHR","","","FALSE","","","","","","","","","QZ3WVVQG5T8K","NA/CDS Corp Idx","CDX.NA.IG"
"5188710077000000301","","NEWT","TRAD","2026-09-08T13:31:21Z","","CR","","I","TRUE","2026-09-08T13:31:21Z","2026-09-09","2031-06-20","","FALSE","BBSF","FALSE","FALSE","","13,000,000","","USD","","","","","","","","","","","","","","","","","","","","","","","","","0.01","","","","","","0.00501205","","","","","","false","","","3","","","A004","","","","","","","","306495.34240","MNTH","","","","3","","","","UFRO","USD","","","","","false","1","","","","","","","","","","FALSE","","","","","","","","","QZ3WVVQG5T8K","NA/CDS Corp Idx","CDX.NA.IG"
"5188802401000000101","","NEWT","TRAD","2026-09-08T13:40:04Z","","CR","","I","TRUE","2026-09-08T13:40:04Z","2026-09-09","2031-06-20","","FALSE","BBSF","FALSE","FALSE","","17,000,000","","USD","","","","","","","","","","","","","","","","","","","","","","","","","0.01","","","","","","0.0050133","","","","","","false","","","3","","","A004","","","","","","","","400710.16547","MNTH","","","","3","","","","UFRO","USD","","","","","false","1","","","","","","","","","","FALSE","","","","","","","","","QZ3WVVQG5T8K","NA/CDS Corp Idx","CDX.NA.IG"
"5188811521000000101","","NEWT","TRAD","2026-09-08T13:41:13Z","","CR","","I","TRUE","2026-09-08T13:41:13Z","2026-09-09","2031-06-20","","FALSE","BBSF","FALSE","FALSE","","14,000,000","","EUR","","","","","","","","","","","","","","","","","","","","","","","","","0.01","","","","","","0.00515","","","","","","false","","","3","","","A004","","","","","","","","331017.22027","MNTH","","","","3","","","","UFRO","EUR","","","","","false","1","","","","","","","","","","FALSE","","","","","","","","","QZTQ4GTC5QMF","NA/CDS Corp Idx","ITRAXX EUROPE"
"5188817579000000301","","NEWT","TRAD","2026-09-08T13:41:54Z","","CR","","I","TRUE","2026-09-08T13:41:54Z","2026-03-20","2031-06-20","","FALSE","BGCD","FALSE","FALSE","","25,000,000","","EUR","","","","","","","","","","","","","","","","","","","","","","","","","","","","","","","0.00515","","","","","","false","","","3","","","A004","","","","","","","","","MNTH","","","","3","","","","","","","","","","false","1","","","","","","","","","","FALSE","","","","","","","","","QZTQ4GTC5QMF","NA/CDS Corp Idx","ITRAXX EUROPE"
"5188831490000000101","","NEWT","TRAD","2026-09-08T13:43:17Z","","CR","","I","TRUE","2026-09-08T13:43:17Z","2026-09-09","2031-06-20","","FALSE","BBSF","FALSE","FALSE","","25,000,000","","USD","","","","","","","","","","","","","","","","","","","","","","","","","0.01","","","","","","0.005021","","","","","","false","","","3","","","A004","","","","","","","","588436.55000","MNTH","","","","3","","","","UFRO","USD","","","","","false","1","","","","","","","","","","FALSE","","","","","","","","","QZ3WVVQG5T8K","NA/CDS Corp Idx","CDX.NA.IG"
"5188842329000000101","","NEWT","TRAD","2026-09-08T13:44:26Z","","CR","","I","TRUE","2026-09-08T13:44:26Z","2026-09-09","2030-12-20","","","TWSF","FALSE","FALSE","","10,000,000","","EUR","","","","","","","","","","","","","","","","","","","","","","","","","0.01","","","","","","0.00468","","","","","","false","","","3","","","A004","","","","","","","","235042.44000","MNTH","","","","3","","","","UFRO","EUR","","","","","false","1","","","","","","","","","","FALSE","","","","","","","","","QZFB31MBHLT9","NA/CDS Corp Idx","ITRAXX EUROPE"
"5188858769000000701","","NEWT","TRAD","2026-09-08T13:45:32Z","","CR","","I","TRUE","2026-09-08T13:45:32Z","2026-09-09","2031-06-20","","FALSE","BBSF","FALSE","FALSE","","50,000,000","","USD","","","","","","","","","","","","","","","","","","","","","","","","","0.01","","","","","","0.00501967","","","","","","false","","","3","","","A004","","","","","","","","1177163.63000","MNTH","","","","3","","","","UFRO","USD","","","","","false","1","","","","","","","","","","FALSE","","","","","","","","","QZ3WVVQG5T8K","NA/CDS Corp Idx","CDX.NA.IG"
"5188890428000000101","","NEWT","TRAD","2026-09-08T13:47:36Z","","CR","","I","TRUE","2026-09-08T13:47:36Z","2026-03-20","2031-06-20","","FALSE","TPSE","FALSE","FALSE","","100,000,000","","USD","","","","","","","","","","","","","","","","","","","","","","","","","0.01","","","","","","0.005015","","","","","","false","","","3","","","A004","","","","","","","","","MNTH","","","","3","","","","","","USD","","","","false","1","","","","","","","OTHR","","","FALSE","","","","","","","","","QZ3WVVQG5T8K","NA/CDS Corp Idx","CDX.NA.IG"
"5188946277000000101","","NEWT","TRAD","2026-09-08T13:53:57Z","","CR","","I","FALSE","2026-09-08T13:53:57Z","2026-09-09","2031-06-20","","","TWSF","FALSE","FALSE","","15,000,000","","EUR","","","","","","","","","","","","","","","","","","","","","","","","","0.01","","","","","","0.0051554","","","","","","false","","","3","","","A004","","","","","","","","354295.55000","MNTH","","","","3","","","","UFRO","EUR","","","","","false","1","","","","","","","","","","FALSE","","","","","","","","","QZTQ4GTC5QMF","NA/CDS Corp Idx","ITRAXX EUROPE"
"5188998886000000101","","NEWT","TRAD","2026-09-08T14:00:42Z","","CR","","I","TRUE","2026-09-08T14:00:42Z","2026-09-09","2031-06-20","","","TWSF","FALSE","FALSE","","1,000,000","","USD","","","","","","","","","","","","","","","","","","","","","","","","","0.05","","","","","","0.01078541","","","","","","false","","","3","","","A004","","","","","","","","87722.39691","MNTH","","","","3","","","","UFRO","USD","","","","","false","0.98","","","","","","","","","","FALSE","","","","","","","","","QZNKTC8Z3Q57","NA/CDS Corp Idx","CDX.NA.HY"
"5189015887000000101","","NEWT","TRAD","2026-09-08T13:22:11Z","","CR","","N","FALSE","2026-09-08T13:22:11Z","2026-09-08","2030-12-20","","FALSE","BILT","FALSE","FALSE","FALSE","3,000,000","","EUR","","","","","","","","","","","","","","","","","","","","","","","","","0.05","","","","","","","","","","","","false","","","","","","A004","","","","","","","","1027583.32800","MNTH","","","","3","","","","UFRO","EUR","","","","","false","1","","","","","","","","","","FALSE","","","","","","","","","QZB5DPT9MS3H","NA/CDS Corp Idx Tra","ITRAXX EUROPE CROSSOVER"
"5189030625000000101","","NEWT","TRAD","2026-09-08T14:04:08Z","","CR","","I","TRUE","2026-09-08T14:04:08Z","2026-09-09","2031-06-20","","FALSE","BBSF","FALSE","FALSE","","150,000,000","","USD","","","","","","","","","","","","","","","","","","","","","","","","","0.01","","","","","","0.00501733","","","","","","false","","","3","","","A004","","","","","","","","3533024.37000","MNTH","","","","3","","","","UFRO","USD","","","","","false","1","","","","","","","","","","FALSE","","","","","","","","","QZ3WVVQG5T8K","NA/CDS Corp Idx","CDX.NA.IG"
"5188817425000000101","","NEWT","TRAD","2026-09-08T13:36:24Z","","CR","","I","FALSE","2026-09-08T13:36:24Z","2023-09-20","2028-12-20","","","TSCD","FALSE","FALSE","TRUE","10,000,000","","EUR","","","","","","","","","","","","","","","","","","","","","","","","","0.05","","","","","","","","","","","","false","","","","","","A004","","","","","","","","771635.06000","MNTH","","","","3","","","","UFRO","EUR","","","","","false","0.94665","","","","","","","","","","FALSE","","","","","","","","","QZ2Q1GQSPKPM","NA/CDS Corp Idx","ITRAXX EUROPE CROSSOVER"
"5188892353000000101","5188817578000000201","EROR","","2026-09-08T13:38:40Z","","CR","","I","","2026-09-08T13:38:40Z","2023-09-20","2028-12-20","","","","FALSE","","FALSE","12,000,000","","EUR","","","","","","","","","","","","","","","","","","","","","","","","","0.05","","","","","","","","","","","","false","","","","","","","","","","","","","","925962.29978","","","","","","","","","UFRO","EUR","","","","","false","0.94665","","","","","","","","","","FALSE","","","","","","","","","QZ2Q1GQSPKPM","NA/CDS Corp Idx","ITRAXX EUROPE CROSSOVER"
"5190091824000000201","","NEWT","TRAD","2026-09-08T16:07:59Z","","CR","","I","TRUE","2026-09-08T16:07:59Z","2026-09-09","2031-06-20","","FALSE","BBSF","FALSE","FALSE","","4,000,000","","USD","","","","","","","","","","","","","","","","","","","","","","","","","0.05","","","","","","0.01078463","","","","","","false","","","3","","","A004","","","","","","","","350585.54781","MNTH","","","","3","","","","UFRO","USD","","","","","false","0.98","","","","","","","","","","FALSE","","","","","","","","","QZNKTC8Z3Q57","NA/CDS Corp Idx","CDX.NA.HY"
"5189688789000000101","","NEWT","TRAD","2026-09-08T15:48:12Z","","CR","","N","FALSE","2026-09-08T15:48:12Z","2026-09-09","2026-12-20","2026-12-20","FALSE","BILT","FALSE","FALSE","TRUE","100,000,000","","USD","","","","","","","","","","","","","","","","","","","","","","","","","","","","","","","","","","","","","false","","","","","","A004","","","","","","","","799516.19000","MNTH","","","","3","","","","UFRO","USD","","","","","false","1","","","","","","","","","","FALSE","","","","","","","","","QZ5ND0SMQQL4","NA/Cr Sw Idx TRtn Corp Ph",""
"5189720988000000101","","NEWT","TRAD","2026-09-08T15:47:52Z","","CR","","N","FALSE","2026-09-08T15:47:52Z","2026-09-08","2026-12-16","2031-06-20","FALSE","BILT","FALSE","FALSE","TRUE","150,000,000","","EUR","","","","","","","","","","","","","","","","","","","","","","","","2026-12-16","0.05","","255,000","EUR","","","","","","","0.045","","false","","","","","3","A004","","","","","","","","","MNTH","","","","3","","","","","","","","","","false","1","","","","","","","","","","FALSE","","","","","","","","","QZWDX55NJN4V","NA/CDS Idx Swt","NA/CDS Corp Idx"
"5189815481000000101","","NEWT","TRAD","2026-09-08T15:57:17Z","","CR","","N","FALSE","2026-09-08T15:57:17Z","2026-09-09","2027-01-08","","FALSE","XXXX","FALSE","FALSE","TRUE","83,000,000","83,000,000","USD","USD","","","","","","","","","","","","","","","","","","","","","","","","","","","","","","0.0017","","","","","","false","","","3","","","","","","","","","","","","","","","","","","","","","","USD","","","","false","","","","","","","","","","","FALSE","","","","","","","","","QZ1GD4J96Q94","NA/CDS Corp SN","GENERIC TINT PMT"
"5190224344000000101","","NEWT","TRAD","2026-09-08T16:13:15Z","","CR","","I","TRUE","2026-09-08T16:13:15Z","2026-09-09","2030-06-20","","FALSE","BBSF","FALSE","TRUE","","40,000,000","","USD","","","","","","","","","","","","","","","","","","","","","","","","","0.01","","","","","","0.004218","","","","","","false","","","3","","","A004","","","","","","","","893437.52301","MNTH","","","","3","","","","UFRO","USD","","","","","false","1","","","","","","","","","","TRUE","","","","0.000817","","3","","","QZ0PH5HG4P9T","NA/CDS Corp Idx","CDX.NA.IG"
"5181879158000000101","","NEWT","TRAD","2026-09-08T09:17:49Z","","CR","","I","TRUE","2026-09-08T09:17:49Z","2026-09-09","2031-06-20","","FALSE","BBSF","FALSE","FALSE","","50,000,000","","EUR","","","","","","","","","","","","","","","","","","","","","","","","","0.01","","","","","","0.00517262","","","","","","false","","","3","","","A004","","","","","","","","1177105.71000","MNTH","","","","3","","","","UFRO","EUR","","","","","false","1","","","","","","","","","","FALSE","","","","","","","","","QZTQ4GTC5QMF","NA/CDS Corp Idx","ITRAXX EUROPE"
"5181960684000000101","","NEWT","TRAD","2026-09-08T09:20:09Z","","CR","","I","TRUE","2026-09-08T09:20:09Z","2026-09-09","2031-06-20","","FALSE","BBSF","FALSE","FALSE","","10,000,000","","EUR","","","","","","","","","","","","","","","","","","","","","","","","","0.05","","","","","","0.025175","","","","","","false","","","3","","","A004","","","","","","","","1126240.30000","MNTH","","","","3","","","","UFRO","EUR","","","","","false","1","","","","","","","","","","FALSE","","","","","","","","","QZ3HM9KVK2WL","NA/CDS Corp Idx","ITRAXX EUROPE CROSSOVER"
"5181553541000000101","","NEWT","TRAD","2026-09-08T09:08:51Z","","CR","","I","TRUE","2026-09-08T09:08:51Z","2026-09-09","2031-06-20","","FALSE","BBSF","FALSE","TRUE","","46,461,605+","","EUR","","","","","","","","","","","","","","","","","","","","","","","","","0.05","","","","","","0.0251435","","","","","","false","","","3","","","A004","","","","","","","","5239239.18755","MNTH","","","","3","","","","UFRO","EUR","","","","","false","1","","","","","","","","","","FALSE","","","","","","","","","QZ3HM9KVK2WL","NA/CDS Corp Idx","ITRAXX EUROPE CROSSOVER"
"5181638213000000101","","NEWT","TRAD","2026-09-08T09:10:29Z","","CR","","I","TRUE","2026-09-08T09:10:29Z","2026-09-09","2031-06-20","","FALSE","BBSF","FALSE","TRUE","","163,476,016+","","EUR","","","","","","","","","","","","","","","","","","","","","","","","","0.01","","","","","","0.00517","","","","","","false","","","3","","","A004","","","","","","","","3850526.30779","MNTH","","","","3","","","","UFRO","EUR","","","","","false","1","","","","","","","","","","TRUE","","","","0.00517","","3","","","QZTQ4GTC5QMF","NA/CDS Corp Idx","ITRAXX EUROPE"
"5180332363000000101","","NEWT","TRAD","2026-09-08T08:51:23Z","","CR","","I","TRUE","2026-09-08T08:51:23Z","2026-09-09","2031-06-20","","FALSE","BBSF","FALSE","TRUE","","150,000,000","","EUR","","","","","","","","","","","","","","","","","","","","","","","","","0.01","","","","","","0.00518","","","","","","false","","","3","","","A004","","","","","","","","3526329.72000","MNTH","","","","3","","","","UFRO","EUR","","","","","false","1","","","","","","","","","","FALSE","","","","","","","","","QZTQ4GTC5QMF","NA/CDS Corp Idx","ITRAXX EUROPE"
"5175360897000000101","","NEWT","TRAD","2026-09-08T07:05:01Z","","CR","","I","TRUE","2026-09-08T07:05:01Z","2026-09-09","2031-06-20","","","TWSF","FALSE","FALSE","","5,000,000","","EUR","","","","","","","","","","","","","","","","","","","","","","","","","0.01","","","","","","0.0051615","","","","","","false","","","3","","","A004","","","","","","","","117961.09000","MNTH","","","","3","","","","UFRO","EUR","","","","","false","1","","","","","","","","","","FALSE","","","","","","","","","QZTQ4GTC5QMF","NA/CDS Corp Idx","ITRAXX EUROPE"
"5185599119000000101","5167732067000000101","CORR","","2026-09-08T10:39:26Z","","CR","","N","FALSE","2026-09-07T15:17:49Z","2026-09-07","2026-09-16","2031-06-20","FALSE","BILT","FALSE","FALSE","TRUE","150,000,000","","EUR","","","","","","","","","","","","","","","","","","","","","","","","2026-09-16","0.01","","18,600","EUR","","","","","","","0.005","","false","","","","","3","A004","","","","","","","","","MNTH","","","","3","","","","","","","","","","false","1","","","","","","","","","","FALSE","","","","","","","","","QZS1WNR5R2ND","NA/CDS Idx Swt","NA/CDS Corp Idx"
"5186462495000000101","","NEWT","TRAD","2026-09-08T11:09:03Z","","CR","","I","TRUE","2026-09-08T11:09:03Z","2026-03-20","2031-06-20","","FALSE","BGCD","FALSE","FALSE","","10,000,000","","EUR","","","","","","","","","","","","","","","","","","","","","","","","","","","","","","","0.0251125","","","","","","false","","","3","","","A004","","","","","","","","","MNTH","","","","3","","","","","","","","","","false","1","","","","","","","","","","TRUE","","","","-0.0007","","3","","","QZ3HM9KVK2WL","NA/CDS Corp Idx","ITRAXX EUROPE CROSSOVER"
"5186706145000000201","","NEWT","TRAD","2026-09-08T11:17:56Z","","CR","","I","FALSE","2026-09-08T11:17:56Z","2026-09-09","2031-06-20","","","TWSF","FALSE","FALSE","","10,000,000","","EUR","","","","","","","","","","","","","","","","","","","","","","","","","0.05","","","","","","0.025118","","","","","","false","","","3","","","A004","","","","","","","","1128794.60000","MNTH","","","","3","","","","UFRO","EUR","","","","","false","1","","","","","","","","","","FALSE","","","","","","","","","QZ3HM9KVK2WL","NA/CDS Corp Idx","ITRAXX EUROPE CROSSOVER"
"5187610043000000101","5187540278000000201","EROR","","2026-09-08T12:03:34Z","","CR","","I","","2026-09-08T12:03:34Z","2026-03-20","2031-06-20","","","","FALSE","","FALSE","50,000,000","","EUR","","","","","","","","","","","","","","","","","","","","","","","","","0.01","","","","","","","","","","","","false","","","","","","","","","","","","","","1179386.00000","","","","","","","","","UFRO","EUR","","","","","false","1","","","","","","","","","","TRUE","","","","-7","","4","","","QZTQ4GTC5QMF","NA/CDS Corp Idx","ITRAXX EUROPE"
"5184276361000000101","","NEWT","TRAD","2026-09-08T10:01:40Z","","CR","","I","TRUE","2026-09-08T10:01:40Z","2026-09-09","2031-06-20","","","TWSF","FALSE","FALSE","","4,000,000","","EUR","","","","","","","","","","","","","","","","","","","","","","","","","0.01","","","","","","0.008679","","","","","","false","","","3","","","A004","","","","","","","","32023.43874","MNTH","","","","3","","","","UFRO","EUR","","","","","false","1","","","","","","","","","","FALSE","","","","","","","","","QZ5GD86QBKCC","NA/CDS Corp Idx","ITRAXX EUROPE SUB FINANCIALS"
"5184353783000000201","","NEWT","TRAD","2026-09-08T10:02:47Z","","CR","","I","FALSE","2026-09-08T10:02:47Z","2026-09-09","2031-06-20","","","TWSF","FALSE","FALSE","","25,000,000","","EUR","","","","","","","","","","","","","","","","","","","","","","","","","0.01","","","","","","0.00538555","","","","","","false","","","3","","","A004","","","","","","","","564588.94000","MNTH","","","","3","","","","UFRO","EUR","","","","","false","1","","","","","","","","","","FALSE","","","","","","","","","QZTB38W3WJ98","NA/CDS Corp Idx","ITRAXX EUROPE SENIOR FINANCIALS"
"5185077501000000201","5116580541000000101","EROR","","2026-09-08T10:20:05Z","","CR","","","","2026-09-03T12:22:54Z","2026-09-03","2026-10-21","","","","","","FALSE","","","","","","","","","","","","","","","","","","","","","","","","","","","","0.01","","","","","","","","","","","","","","","","","","","","","","","","","","","","","","","","","","","","","","","","","","","","","","","","","","","","","","","","","","","","","QZ2L66CGCV9J","NA/CDS Idx Swt","NA/CDS Corp Idx"
"5185113581000000101","","NEWT","TRAD","2026-09-08T10:22:02Z","","CR","","I","TRUE","2026-09-08T10:22:02Z","2026-09-09","2031-06-20","","FALSE","BBSF","FALSE","FALSE","","20,000,000","","EUR","","","","","","","","","","","","","","","","","","","","","","","","","0.05","","","","","","0.0250578","","","","","","false","","","3","","","A004","","","","","","","","2262986.92000","MNTH","","","","3","","","","UFRO","EUR","","","","","false","1","","","","","","","","","","FALSE","","","","","","","","","QZ3HM9KVK2WL","NA/CDS Corp Idx","ITRAXX EUROPE CROSSOVER"
"5185130330000000101","5142348591000000101","EROR","","2026-09-08T10:21:52Z","","CR","","","","2026-09-04T15:12:22Z","2026-09-04","2026-10-21","","","","","","FALSE","","","","","","","","","","","","","","","","","","","","","","","","","","","","0.05","","","","","","","","","","","","","","","","","","","","","","","","","","","","","","","","","","","","","","","","","","","","","","","","","","","","","","","","","","","","","QZWDX55NJN4V","NA/CDS Idx Swt","NA/CDS Corp Idx"
"5188280356000000101","","NEWT","TRAD","2026-09-08T13:06:48Z","","CR","","I","FALSE","2026-09-08T13:06:48Z","2026-09-09","2031-06-20","","","TWSF","FALSE","FALSE","","6,000,000","","USD","","","","","","","","","","","","","","","","","","","","","","","","","0.05","","","","","","0.01078685","","","","","","false","","","3","","","A004","","","","","","","","527183.41015","MNTH","","","","3","","","","UFRO","USD","","","","","false","0.98","","","","","","","","","","FALSE","","","","","","","","","QZNKTC8Z3Q57","NA/CDS Corp Idx","CDX.NA.HY"
"5188281528000000101","","NEWT","TRAD","2026-09-08T13:06:54Z","","CR","","I","TRUE","2026-09-08T13:06:54Z","2026-09-09","2031-06-20","","FALSE","BBSF","FALSE","FALSE","","2,000,000","","USD","","","","","","","","","","","","","","","","","","","","","","","","","0.05","","","","","","0.01078652","","","","","","false","","","3","","","A004","","","","","","","","175663.48000","MNTH","","","","3","","","","UFRO","USD","","","","","false","0.98","","","","","","","","","","FALSE","","","","","","","","","QZNKTC8Z3Q57","NA/CDS Corp Idx","CDX.NA.HY"
"5188153086000000101","","NEWT","TRAD","2026-09-08T12:55:01Z","","CR","","I","TRUE","2026-09-08T12:55:01Z","2026-09-09","2031-06-20","","FALSE","BBSF","FALSE","TRUE","","250,000,000+","","USD","","","","","","","","","","","","","","","","","","","","","","","","","0.01","","","","","","0.0050132","","","","","","false","","","3","","","A004","","","","","","","","5892894.42862","MNTH","","","","3","","","","UFRO","USD","","","","","false","1","","","","","","","","","","FALSE","","","","","","","","","QZ3WVVQG5T8K","NA/CDS Corp Idx","CDX.NA.IG"
"5188158392000000101","","NEWT","TRAD","2026-09-08T12:55:03Z","","CR","","I","TRUE","2026-09-08T12:55:03Z","2026-09-09","2031-06-20","","FALSE","BBSF","FALSE","TRUE","","50,000,000","","USD","","","","","","","","","","","","","","","","","","","","","","","","","0.05","","","","","","0.01078676","","","","","","false","","","3","","","A004","","","","","","","","4392762.89000","MNTH","","","","3","","","","UFRO","USD","","","","","false","0.98","","","","","","","","","","FALSE","","","","","","","","","QZNKTC8Z3Q57","NA/CDS Corp Idx","CDX.NA.HY"
"5188347290000000101","","NEWT","TRAD","2026-09-08T13:09:23Z","","CR","","I","TRUE","2026-09-08T13:09:23Z","2026-09-09","2031-06-20","","FALSE","BBSF","FALSE","TRUE","","250,000,000+","","USD","","","","","","","","","","","","","","","","","","","","","","","","","0.01","","","","","","0.005025","","","","","","false","","","3","","","A004","","","","","","","","5879937.88003","MNTH","","","","3","","","","UFRO","USD","","","","","false","1","","","","","","","","","","TRUE","","","","0.001176","","3","","","QZ3WVVQG5T8K","NA/CDS Corp Idx","CDX.NA.IG"
"5188590342000000201","","NEWT","TRAD","2026-09-08T13:22:43Z","","CR","","I","FALSE","2026-09-08T13:22:43Z","2026-09-09","2031-06-20","","","TWSF","FALSE","FALSE","","5,000,000","","EUR","","","","","","","","","","","","","","","","","","","","","","","","","0.05","","","","","","0.025025","","","","","","false","","","3","","","A004","","","","","","","","566482.22000","MNTH","","","","3","","","","UFRO","EUR","","","","","false","1","","","","","","","","","","FALSE","","","","","","","","","QZ3HM9KVK2WL","NA/CDS Corp Idx","ITRAXX EUROPE CROSSOVER"
"5188585673000000101","","NEWT","TRAD","2026-09-08T13:15:05Z","","CR","","N","FALSE","2026-09-08T13:15:05Z","2026-09-08","2030-12-20","","FALSE","BILT","FALSE","FALSE","FALSE","10,000,000","","EUR","","","","","","","","","","","","","","","","","","","","","","","","","0.05","","","","","","","","","","","","false","","","","","","A004","","","","","","","","3425277.78000","MNTH","","","","3","","","","UFRO","EUR","","","","","false","1","","","","","","","","","","FALSE","","","","","","","","","QZB5DPT9MS3H","NA/CDS Corp Idx Tra","ITRAXX EUROPE CROSSOVER"
"5188555992000000101","","NEWT","TRAD","2026-09-08T13:15:05Z","","CR","","N","FALSE","2026-09-08T13:15:05Z","2026-09-08","2030-12-20","","FALSE","BILT","FALSE","FALSE","FALSE","10,000,000","","EUR","","","","","","","","","","","","","","","","","","","","","","","","","0.05","","","","","","","","","","","","false","","","","","","A004","","","","","","","","3425277.78000","MNTH","","","","3","","","","UFRO","EUR","","","","","false","1","","","","","","","","","","FALSE","","","","","","","","","QZB5DPT9MS3H","NA/CDS Corp Idx Tra","ITRAXX EUROPE CROSSOVER"
"5188567942000000101","","NEWT","TRAD","2026-09-08T13:20:51Z","","CR","","I","FALSE","2026-09-08T13:20:51Z","2026-03-20","2031-06-20","","FALSE","TPSE","FALSE","FALSE","","20,000,000","","USD","","","","","","","","","","","","","","","","","","","","","","","","","0.01","","","","","","98.455","","USD","","","","false","","","1","","","A004","","","","","","","","","MNTH","","","","3","","","","","","USD","","","","false","1","","","","","","","OTHR","","","FALSE","","","","","","","","","QZ4JMQKL3P03","NA/CDS Corp Idx","CDX.EM"
"5188487543000000201","","NEWT","TRAD","2026-09-08T13:13:24Z","","CR","","I","TRUE","2026-09-08T13:13:24Z","2026-09-09","2031-06-20","","","TWSF","FALSE","FALSE","","55,000,000","","USD","","","","","","","","","","","","","","","","","","","","","","","","","0.01","","","","","","0.00503","","","","","","false","","","3","","","A004","","","","","","","","1292397.89000","MNTH","","","","3","","","","UFRO","USD","","","","","false","1","","","","","","","","","","TRUE","","","","0.00503","","3","","","QZ3WVVQG5T8K","NA/CDS Corp Idx","CDX.NA.IG"
"5191412085000000201","2236403494000000701","MODI","TRAD","2026-09-08T17:15:32Z","TRUE","CR","","N","FALSE","2026-09-04T22:33:54Z","2026-03-03","2026-12-20","","FALSE","BILT","FALSE","FALSE","TRUE","500,000","","USD","","","","","","","","","","","","","","","","","","","","","","","","","0.05","","","","","","","","","","","","false","","","","","","A004","","","","","","","","36702.18000","MNTH","","","","3","","","","UFRO","USD","","","","","false","0.94","","","","","","","","","","FALSE","","","","","","","","","QZZZP5HMNGBJ","NA/CDS Mun Idx Tra","CDX.NA.HY"
"5178810850000000101","","NEWT","TRAD","2026-09-08T08:20:30Z","","CR","","I","TRUE","2026-09-08T08:20:30Z","2026-09-09","2031-06-20","","FALSE","BBSF","FALSE","FALSE","","75,000,000","","EUR","","","","","","","","","","","","","","","","","","","","","","","","","0.01","","","","","","0.0051717","","","","","","false","","","3","","","A004","","","","","","","","1765969.44000","MNTH","","","","3","","","","UFRO","EUR","","","","","false","1","","","","","","","","","","FALSE","","","","","","","","","QZTQ4GTC5QMF","NA/CDS Corp Idx","ITRAXX EUROPE"
"5187973751000000201","","NEWT","TRAD","2026-09-08T12:41:23Z","","CR","","I","TRUE","2026-09-08T12:41:23Z","2026-03-20","2031-06-20","","FALSE","TPSE","FALSE","FALSE","","10,000,000","","EUR","","","","","","","","","","","","","","","","","","","","","","","","","0.05","","","","","","0.02505","","","","","","false","","","3","","","A004","","","","","","","","","MNTH","","","","3","","","","","","EUR","","","","false","1","","","","","","","OTHR","","","TRUE","","","","0.002956","","3","","","QZ3HM9KVK2WL","NA/CDS Corp Idx","ITRAXX EUROPE CROSSOVER"
"5187985377000000201","5187980209000000101","MODI","TRAD","2026-09-08T12:42:04Z","TRUE","CR","","I","TRUE","2026-09-08T12:41:40Z","2025-09-20","2030-12-20","","FALSE","TPSE","FALSE","FALSE","","11,000,000","","EUR","","","","","","","","","","","","","","","","","","","","","","","","","0.05","","","","","","0.022094","","","","","","false","","","3","","","A004","","","","","","","","","MNTH","","","","3","","","","","","EUR","","","","false","1","","","","","","","OTHR","","","TRUE","","","","0.002956","","3","","","QZ5F5FRS4TR9","NA/CDS Corp Idx","ITRAXX EUROPE CROSSOVER"
"5187125920000000101","","NEWT","TRAD","2026-09-08T11:34:03Z","","CR","","I","TRUE","2026-09-08T11:34:03Z","2026-09-09","2031-06-20","","FALSE","BBSF","FALSE","TRUE","","250,000,000+","","USD","","","","","","","","","","","","","","","","","","","","","","","","","0.01","","","","","","0.005028","","","","","","false","","","3","","","A004","","","","","","","","5876720.17000","MNTH","","","","3","","","","UFRO","USD","","","","","false","1","","","","","","","","","","FALSE","","","","","","","","","QZ3WVVQG5T8K","NA/CDS Corp Idx","CDX.NA.IG"
"5187147229000000101","","NEWT","TRAD","2026-09-08T11:35:01Z","","CR","","I","TRUE","2026-09-08T11:35:01Z","2026-09-09","2030-12-20","","FALSE","BBSF","FALSE","TRUE","","46,461,605+","","EUR","","","","","","","","","","","","","","","","","","","","","","","","","0.05","","","","","","0.0221941","","","","","","false","","","3","","","A004","","","","","","","","5379549.02408","MNTH","","","","3","","","","UFRO","EUR","","","","","false","1","","","","","","","","","","TRUE","","","","0.002965","","3","","","QZ5F5FRS4TR9","NA/CDS Corp Idx","ITRAXX EUROPE CROSSOVER"
"5187031453000000101","1668912815000000301","TERM","NOVA","2026-09-08T11:30:15Z","","CR","","N","FALSE","2026-01-08T18:01:42Z","2026-01-08","2026-09-05","","FALSE","BILT","FALSE","FALSE","TRUE","15,000,000","","USD","","","","","","","","","","","","","","","","","","","","","","","","","0.05","","","","","","","","","","","","false","","","","","","A004","","","","","","","","821250.00000","MNTH","","","","3","","","","UFRO","USD","","","","","false","0.97","","","","","","","","","","FALSE","","","","","","","","","QZBZHK8JDMWT","NA/CDS Corp Idx Tra","CDX.NA.HY"
"5187545037000000101","","NEWT","TRAD","2026-09-08T12:04:14Z","","CR","","I","TRUE","2026-09-08T12:04:14Z","2026-03-20","2031-06-20","","FALSE","BGCD","FALSE","FALSE","","10,000,000","","EUR","","","","","","","","","","","","","","","","","","","","","","","","","","","","","","","0.025125","","","","","","false","","","3","","","A004","","","","","","","","","MNTH","","","","3","","","","","","","","","","false","1","","","","","","","","","","TRUE","","","","-0.0006875","","3","","","QZ3HM9KVK2WL","NA/CDS Corp Idx","ITRAXX EUROPE CROSSOVER"
"5187580489000000101","","NEWT","TRAD","2026-09-08T12:09:43Z","","CR","","I","TRUE","2026-09-08T12:09:43Z","2026-09-09","2031-06-20","","FALSE","BBSF","FALSE","FALSE","","1,000,000","","EUR","","","","","","","","","","","","","","","","","","","","","","","","","0.01","","","","","","0.00515775","","","","","","false","","","3","","","A004","","","","","","","","23609.09457","MNTH","","","","3","","","","UFRO","EUR","","","","","false","1","","","","","","","","","","FALSE","","","","","","","","","QZTQ4GTC5QMF","NA/CDS Corp Idx","ITRAXX EUROPE"
"5187608465000000101","5187539086000000101","EROR","","2026-09-08T12:03:29Z","","CR","","I","","2026-09-08T12:03:29Z","2026-03-20","2031-06-20","","","","FALSE","","FALSE","40,000,000","","EUR","","","","","","","","","","","","","","","","","","","","","","","","","0.01","","","","","","","","","","","","false","","","","","","","","","","","","","","943508.00000","","","","","","","","","UFRO","EUR","","","","","false","1","","","","","","","","","","TRUE","","","","45","","4","","","QZTQ4GTC5QMF","NA/CDS Corp Idx","ITRAXX EUROPE"
"5187082785000000101","","NEWT","TRAD","2026-09-08T11:32:15Z","","CR","","I","TRUE","2026-09-08T11:32:15Z","2026-09-09","2031-06-20","","FALSE","BBSF","FALSE","FALSE","","20,000,000","","EUR","","","","","","","","","","","","","","","","","","","","","","","","","0.05","","","","","","0.0251","","","","","","false","","","3","","","A004","","","","","","","","2259202.88000","MNTH","","","","3","","","","UFRO","EUR","","","","","false","1","","","","","","","","","","FALSE","","","","","","","","","QZ3HM9KVK2WL","NA/CDS Corp Idx","ITRAXX EUROPE CROSSOVER"
"5187169812000000101","","NEWT","TRAD","2026-09-08T11:36:09Z","","CR","","I","FALSE","2026-09-08T11:36:09Z","2026-09-09","2031-06-20","","","TWSF","FALSE","FALSE","","700,000","","EUR","","","","","","","","","","","","","","","","","","","","","","","","","0.05","","","","","","0.02510625","","","","","","false","","","3","","","A004","","","","","","","","79052.49000","MNTH","","","","3","","","","UFRO","EUR","","","","","false","1","","","","","","","","","","FALSE","","","","","","","","","QZ3HM9KVK2WL","NA/CDS Corp Idx","ITRAXX EUROPE CROSSOVER"
"5187298804000000101","","NEWT","TRAD","2026-09-08T11:41:08Z","","CR","","I","TRUE","2026-09-08T11:41:08Z","2026-09-09","2031-06-20","","FALSE","BBSF","FALSE","FALSE","","30,000,000","","USD","","","","","","","","","","","","","","","","","","","","","","","","","0.05","","","","","","0.01078528","","","","","","false","","","3","","","A004","","","","","","","","2631306.53000","MNTH","","","","3","","","","UFRO","USD","","","","","false","0.98","","","","","","","","","","FALSE","","","","","","","","","QZNKTC8Z3Q57","NA/CDS Corp Idx","CDX.NA.HY"
"5186140505000000101","","NEWT","TRAD","2026-09-08T10:57:09Z","","CR","","I","TRUE","2026-09-08T10:57:09Z","2026-09-09","2030-12-20","","FALSE","BBSF","FALSE","FALSE","","25,000,000","","EUR","","","","","","","","","","","","","","","","","","","","","","","","","0.05","","","","","","0.0222425","","","","","","false","","","3","","","A004","","","","","","","","2889631.82000","MNTH","","","","3","","","","UFRO","EUR","","","","","false","1","","","","","","","","","","TRUE","","","","0.00294","","3","","","QZ5F5FRS4TR9","NA/CDS Corp Idx","ITRAXX EUROPE CROSSOVER"
"5185487640000000101","","NEWT","TRAD","2026-09-08T10:36:15Z","","CR","","I","FALSE","2026-09-08T10:36:15Z","2026-09-09","2031-06-20","","","TWSF","FALSE","FALSE","","25,000,000","","EUR","","","","","","","","","","","","","","","","","","","","","","","","","0.05","","","","","","0.025107","","","","","","false","","","3","","","A004","","","","","","","","2823219.14000","MNTH","","","","3","","","","UFRO","EUR","","","","","false","1","","","","","","","","","","FALSE","","","","","","","","","QZ3HM9KVK2WL","NA/CDS Corp Idx","ITRAXX EUROPE CROSSOVER"
"5192270410000000101","","NEWT","TRAD","2026-09-08T18:04:30Z","","CR","","I","TRUE","2026-09-08T18:04:30Z","2026-09-09","2031-06-20","","FALSE","BBSF","FALSE","FALSE","","12,000,000","","USD","","","","","","","","","","","","","","","","","","","","","","","","","0.01","","","","","","0.00502106","","","","","","false","","","3","","","A004","","","","","","","","282446.40000","MNTH","","","","3","","","","UFRO","USD","","","","","false","1","","","","","","","","","","FALSE","","","","","","","","","QZ3WVVQG5T8K","NA/CDS Corp Idx","CDX.NA.IG"
"5192038927000000101","","NEWT","TRAD","2026-09-08T17:52:56Z","","CR","","N","FALSE","2026-09-08T17:52:56Z","2026-09-09","2027-01-08","","FALSE","BILT","FALSE","FALSE","TRUE","150,000,000","","USD","","","","","","","","","","","","","","","","","","","","","","","","","0","","","","","","","","","","","","false","","","","","","A006","","","","","","","","694657.55998","EXPI","","","","1","","","","PEXH","USD","USD","","","","false","","","","","","","","","","","FALSE","","","","","","","","","QZ946C1GL14B","NA/CDS Corp SN","No name obtainable"
"5192208733000000101","","NEWT","TRAD","2026-09-08T18:00:55Z","","CR","","N","FALSE","2026-09-08T17:58:00Z","2026-09-09","2027-01-08","","TRUE","BILT","FALSE","FALSE","TRUE","230,000,000","","USD","","","","","","","","","","","","","","","","","","","","","","","","","","","","","","","0.0022","","","","","","false","","","3","","","","","A004","","MNTH","","6","","","","MNTH","","","","6","","","","","USD","","","","false","","","","","","","","","","","FALSE","","","","","","","","","QZC7HQ4ZS96N","NA/CDS Corp SN Sr","DTD 05/15/2024"
"5192811477000000101","","NEWT","TRAD","2026-09-08T18:40:52Z","","CR","","I","TRUE","2026-09-08T18:40:52Z","2026-09-09","2031-06-20","","FALSE","BBSF","FALSE","FALSE","","24,000,000","","USD","","","","","","","","","","","","","","","","","","","","","","","","","0.05","","","","","","0.010785","","","","","","false","","","3","","","A004","","","","","","","","2104386.67000","MNTH","","","","3","","","","UFRO","USD","","","","","false","0.98","","","","","","","","","","TRUE","0.010785","","3","","","","","","QZNKTC8Z3Q57","NA/CDS Corp Idx","CDX.NA.HY"
"5192771714000000101","","NEWT","TRAD","2026-09-08T18:29:49Z","","CR","","I","TRUE","2026-09-08T18:29:49Z","2026-09-09","2031-06-20","","FALSE","BBSF","FALSE","TRUE","","250,000,000+","","USD","","","","","","","","","","","","","","","","","","","","","","","","","0.01","","","","","","0.005021","","","","","","false","","","3","","","A004","","","","","","","","5884400.77762","MNTH","","","","3","","","","UFRO","USD","","","","","false","1","","","","","","","","","","FALSE","","","","","","","","","QZ3WVVQG5T8K","NA/CDS Corp Idx","CDX.NA.IG"
"5192854004000000301","","NEWT","TRAD","2026-09-08T18:51:45Z","","CR","","I","TRUE","2026-09-08T18:51:45Z","2026-09-09","2031-06-20","","FALSE","BBSF","FALSE","FALSE","","8,000,000","","USD","","","","","","","","","","","","","","","","","","","","","","","","","0.01","","","","","","0.00502555","","","","","","false","","","3","","","A004","","","","","","","","188141.25994","MNTH","","","","3","","","","UFRO","USD","","","","","false","1","","","","","","","","","","FALSE","","","","","","","","","QZ3WVVQG5T8K","NA/CDS Corp Idx","CDX.NA.IG"
"5192855401000000101","","NEWT","TRAD","2026-09-08T18:52:07Z","","CR","","I","TRUE","2026-09-08T18:52:07Z","2026-09-09","2031-06-20","","FALSE","BBSF","FALSE","FALSE","","1,000,000","","USD","","","","","","","","","","","","","","","","","","","","","","","","","0.05","","","","","","0.01078225","","","","","","false","","","3","","","A004","","","","","","","","87413.28000","MNTH","","","","3","","","","UFRO","USD","","","","","false","0.98","","","","","","","","","","FALSE","","","","","","","","","QZNKTC8Z3Q57","NA/CDS Corp Idx","CDX.NA.HY"
"5192888538000000101","","NEWT","TRAD","2026-09-08T19:01:06Z","","CR","","I","TRUE","2026-09-08T19:01:06Z","2026-09-09","2031-06-20","","","TWSF","FALSE","FALSE","","25,000,000","","USD","","","","","","","","","","","","","","","","","","","","","","","","","0.05","","","","","","0.01078235","","","","","","false","","","3","","","A004","","","","","","","","2185576.94000","MNTH","","","","3","","","","UFRO","USD","","","","","false","0.98","","","","","","","","","","FALSE","","","","","","","","","QZNKTC8Z3Q57","NA/CDS Corp Idx","CDX.NA.HY"
"5192809134000000101","","NEWT","TRAD","2026-09-08T18:34:43Z","","CR","","N","FALSE","2026-09-08T18:26:47Z","2026-09-08","2026-09-16","2031-06-20","FALSE","BILT","FALSE","FALSE","TRUE","400,000,000+","","USD","","","","","","","","","","","","","","","","","","","","","","","","2026-09-16","0.01","","22,000","USD","","","","","","","0.0055","","false","","","","","3","A004","","","","","","","","","MNTH","","","","3","","","","","","","","","","false","1","","","","","","","","","","FALSE","","","","","","","","","QZT4QS79CCTS","NA/CDS Idx Swt","NA/CDS Corp Idx"
"5192883737000000101","","NEWT","TRAD","2026-09-08T19:00:22Z","","CR","","I","TRUE","2026-09-08T19:00:22Z","2026-09-09","2031-06-20","","FALSE","BBSF","FALSE","TRUE","","250,000,000+","","USD","","","","","","","","","","","","","","","","","","","","","","","","","0.01","","","","","","0.0050214","","","","","","false","","","3","","","A004","","","","","","","","5883904.41789","MNTH","","","","3","","","","UFRO","USD","","","","","false","1","","","","","","","","","","FALSE","","","","","","","","","QZ3WVVQG5T8K","NA/CDS Corp Idx","CDX.NA.IG"
"5193101253000000101","","NEWT","TRAD","2026-09-08T19:20:42Z","","CR","","I","TRUE","2026-09-08T19:20:42Z","2026-09-09","2031-06-20","","FALSE","BBSF","FALSE","FALSE","","12,000,000","","USD","","","","","","","","","","","","","","","","","","","","","","","","","0.05","","","","","","0.01078155","","","","","","false","","","3","","","A004","","","","","","","","1048138.38858","MNTH","","","","3","","","","UFRO","USD","","","","","false","0.98","","","","","","","","","","FALSE","","","","","","","","","QZNKTC8Z3Q57","NA/CDS Corp Idx","CDX.NA.HY"
"5188613811000000101","5146687605000000101","MODI","TRAD","2026-09-04T14:38:39Z","TRUE","CR","","N","FALSE","2026-09-04T14:38:39Z","2026-09-08","2031-09-08","","TRUE","BILT","FALSE","FALSE","TRUE","78,823,370","80,000,000","USD","USD","","","","","","","","","","","","","","","","","","","","","","","","","","","","","","0.0029","","","","","","false","","","3","","","","","A004","A020","YEAR","EXPI","1","1","","","YEAR","","EXPI","","1","","1","","","USD","USD","","","false","","","","","","","","","","","FALSE","","","","","","","","","QZLVBG9HZJ4K","NA/CDS Corp SN","DTD 05/15/2026"
"5187908178000000201","","NEWT","TRAD","2026-09-08T12:35:55Z","","CR","","I","FALSE","2026-09-08T12:35:55Z","2026-03-20","2031-06-20","","","BGCO","FALSE","FALSE","FALSE","25,000,000","","EUR","","","","","","","","","","","","","","","","","","","","","","","","","0.01","","","","","","","","","","","","false","","","","","","A004","","","","","","","","591101.00000","MNTH","","","","3","","","","UFRO","EUR","","","","","false","1","","","","","","","","","","FALSE","","","","","","","","","QZTQ4GTC5QMF","NA/CDS Corp Idx","ITRAXX EUROPE"
"5187992540000000101","","NEWT","TRAD","2026-09-08T12:42:49Z","","CR","","I","TRUE","2026-09-08T12:42:49Z","2026-09-09","2031-06-20","","","TWSF","FALSE","FALSE","","3,000,000","","USD","","","","","","","","","","","","","","","","","","","","","","","","","0.05","","","","","","0.0107846","","","","","","false","","","3","","","A004","","","","","","","","262931.57430","MNTH","","","","3","","","","UFRO","USD","","","","","false","0.98","","","","","","","","","","FALSE","","","","","","","","","QZNKTC8Z3Q57","NA/CDS Corp Idx","CDX.NA.HY"
"5188042456000000101","","NEWT","TRAD","2026-09-08T12:47:08Z","","CR","","I","TRUE","2026-09-08T12:47:08Z","2026-09-09","2031-06-20","","","TWSF","FALSE","FALSE","","30,000,000","","EUR","","","","","","","","","","","","","","","","","","","","","","","","","0.05","","","","","","0.025025","","","","","","false","","","3","","","A004","","","","","","","","3398893.32000","MNTH","","","","3","","","","UFRO","EUR","","","","","false","1","","","","","","","","","","FALSE","","","","","","","","","QZ3HM9KVK2WL","NA/CDS Corp Idx","ITRAXX EUROPE CROSSOVER"
"5188078257000000101","","NEWT","TRAD","2026-09-08T12:49:22Z","","CR","","I","TRUE","2026-09-08T12:49:22Z","2026-09-09","2031-06-20","","FALSE","BBSF","FALSE","TRUE","","250,000,000+","","USD","","","","","","","","","","","","","","","","","","","","","","","","","0.01","","","","","","0.00502","","","","","","false","","","3","","","A004","","","","","","","","5885451.80285","MNTH","","","","3","","","","UFRO","USD","","","","","false","1","","","","","","","","","","FALSE","","","","","","","","","QZ3WVVQG5T8K","NA/CDS Corp Idx","CDX.NA.IG"
"5187882741000000101","","NEWT","TRAD","2026-09-08T12:32:58Z","","CR","","N","FALSE","2026-09-08T12:32:58Z","2026-09-08","2026-10-21","2031-06-20","FALSE","BILT","FALSE","FALSE","TRUE","40,000,000","","EUR","","","","","","","","","","","","","","","","","","","","","","","","2026-10-21","0.05","","32,600","EUR","","","","","","","0.02375","","false","","","","","3","A004","","","","","","","","","MNTH","","","","3","","","","","","","","","","false","1","","","","","","","","","","FALSE","","","","","","","","","QZTL0V3X916X","NA/CDS Idx Swt","NA/CDS Corp Idx"
"5187905219000000501","","NEWT","TRAD","2026-09-08T12:32:56Z","","CR","","N","FALSE","2026-09-08T12:32:56Z","2026-09-08","2026-10-21","2031-06-20","FALSE","BILT","FALSE","FALSE","TRUE","100,000,000","","EUR","","","","","","","","","","","","","","","","","","","","","","","","2026-10-21","0.01","","10,500","EUR","","","","","","","0.00475","","false","","","","","3","A004","","","","","","","","","MNTH","","","","3","","","","","","","","","","false","1","","","","","","","","","","FALSE","","","","","","","","","QZS1WNR5R2ND","NA/CDS Idx Swt","NA/CDS Corp Idx"
"5189099936000000101","","NEWT","TRAD","2026-09-08T14:14:05Z","","CR","","I","TRUE","2026-09-08T14:14:05Z","2026-09-09","2031-06-20","","FALSE","BBSF","FALSE","FALSE","","8,000,000","","EUR","","","","","","","","","","","","","","","","","","","","","","","","","0.01","","","","","","0.00515873","","","","","","false","","","3","","","A004","","","","","","","","188838.17945","MNTH","","","","3","","","","UFRO","EUR","","","","","false","1","","","","","","","","","","FALSE","","","","","","","","","QZTQ4GTC5QMF","NA/CDS Corp Idx","ITRAXX EUROPE"
"5188994125000000101","5188536330000000201","MODI","TRAD","2026-09-08T13:50:46Z","FALSE","CR","","N","FALSE","2026-09-08T13:07:13Z","2026-09-08","2026-09-09","","FALSE","BILT","FALSE","FALSE","TRUE","120,000,000","110,105,215","USD","USD","","","","","","","","","","","","","","","","","","","","","","","","0.037804","0.037804","","","","","","","","","","","false","","","","","","","","","","","","","","","EXPI","","","","1","","","","","","","USD","","","false","","","","","","","","","","","FALSE","","","","","","","","","QZC9DPTWH4KC","NA/CDS Corp SN","DTD 11/15/2025"
"5189054109000000201","","NEWT","TRAD","2026-09-08T14:07:14Z","","CR","","I","TRUE","2026-09-08T14:07:14Z","2026-09-09","2031-06-20","","","TWSF","FALSE","TRUE","","75,000,000","","USD","","","","","","","","","","","","","","","","","","","","","","","","","0.05","","","","","","0.0107853","","","","","","false","","","3","","","A004","","","","","","","","6578413.33000","MNTH","","","","3","","","","UFRO","USD","","","","","false","0.98","","","","","","","","","","FALSE","","","","","","","","","QZNKTC8Z3Q57","NA/CDS Corp Idx","CDX.NA.HY"
"5188982334000000101","5188957177000000101","EROR","","2026-09-08T13:57:09Z","","CR","","","","2026-09-08T13:53:12Z","2026-09-08","2026-09-16","","","","","","FALSE","","","","","","","","","","","","","","","","","","","","","","","","","","","","0.01","","","","","","","","","","","","","","","","","","","","","","","","","","","","","","","","","","","","","","","","","","","","","","","","","","","","","","","","","","","","","QZT4QS79CCTS","NA/CDS Idx Swt","NA/CDS Corp Idx"
"5189179064000000101","","NEWT","TRAD","2026-09-08T14:26:07Z","","CR","","I","TRUE","2026-09-08T14:26:07Z","2026-09-09","2031-06-20","","FALSE","BBSF","FALSE","FALSE","","30,000,000","","USD","","","","","","","","","","","","","","","","","","","","","","","","","0.01","","","","","","0.0050173","","","","","","false","","","3","","","A004","","","","","","","","706607.30178","MNTH","","","","3","","","","UFRO","USD","","","","","false","1","","","","","","","","","","FALSE","","","","","","","","","QZ3WVVQG5T8K","NA/CDS Corp Idx","CDX.NA.IG"
"5189136367000000101","","NEWT","TRAD","2026-09-08T14:20:07Z","","CR","","I","TRUE","2026-09-08T14:20:07Z","2026-09-09","2031-06-20","","","TWSF","FALSE","TRUE","","163,476,016+","","EUR","","","","","","","","","","","","","","","","","","","","","","","","","0.01","","","","","","0.005155","","","","","","false","","","3","","","A004","","","","","","","","3861535.11791","MNTH","","","","3","","","","UFRO","EUR","","","","","false","1","","","","","","","","","","FALSE","","","","","","","","","QZTQ4GTC5QMF","NA/CDS Corp Idx","ITRAXX EUROPE"
"5189252003000000101","","NEWT","TRAD","2026-09-08T14:36:00Z","","CR","","I","FALSE","2026-09-08T14:36:00Z","2026-09-09","2031-06-20","","FALSE","BBSF","FALSE","FALSE","","11,000,000","","USD","","","","","","","","","","","","","","","","","","","","","","","","","0.01","","","","","","0.0098444","","","","","","false","","","3","","","A004","","","","","","","","147021.11000","MNTH","","","","3","","","","UFRO","USD","","","","","false","1","","","","","","","","","","FALSE","","","","","","","","","QZ4JMQKL3P03","NA/CDS Corp Idx","CDX.EM"
"5189266558000000101","","NEWT","TRAD","2026-09-08T14:38:01Z","","CR","","I","TRUE","2026-09-08T14:38:01Z","2026-09-09","2031-06-20","","FALSE","BBSF","FALSE","FALSE","","100,000,000","","USD","","","","","","","","","","","","","","","","","","","","","","","","","0.01","","","","","","0.0050218","","","","","","false","","","3","","","A004","","","","","","","","2353396.68000","MNTH","","","","3","","","","UFRO","USD","","","","","false","1","","","","","","","","","","FALSE","","","","","","","","","QZ3WVVQG5T8K","NA/CDS Corp Idx","CDX.NA.IG"
"5189269419000000201","","NEWT","TRAD","2026-09-08T14:38:27Z","","CR","","I","TRUE","2026-09-08T14:38:27Z","2026-09-09","2031-06-20","","FALSE","BBSF","FALSE","FALSE","","34,000,000","","USD","","","","","","","","","","","","","","","","","","","","","","","","","0.05","","","","","","0.01078398","","","","","","false","","","3","","","A004","","","","","","","","2977815.80000","MNTH","","","","3","","","","UFRO","USD","","","","","false","0.98","","","","","","","","","","FALSE","","","","","","","","","QZNKTC8Z3Q57","NA/CDS Corp Idx","CDX.NA.HY"
"5189289082000000101","","NEWT","TRAD","2026-09-08T14:40:40Z","","CR","","I","TRUE","2026-09-08T14:40:40Z","2026-09-09","2031-06-20","","FALSE","BBSF","FALSE","FALSE","","13,000,000","","USD","","","","","","","","","","","","","","","","","","","","","","","","","0.01","","","","","","0.00502","","","","","","false","","","3","","","A004","","","","","","","","306043.80000","MNTH","","","","3","","","","UFRO","USD","","","","","false","1","","","","","","","","","","TRUE","","","","0.000425","","3","","","QZ3WVVQG5T8K","NA/CDS Corp Idx","CDX.NA.IG"
"5189194531000000101","","NEWT","TRAD","2026-09-08T14:28:34Z","","CR","","I","TRUE","2026-09-08T14:28:34Z","2026-09-09","2031-06-20","","FALSE","BBSF","FALSE","TRUE","","163,476,016+","","EUR","","","","","","","","","","","","","","","","","","","","","","","","","0.01","","","","","","0.005158","","","","","","false","","","3","","","A004","","","","","","","","3859355.55581","MNTH","","","","3","","","","UFRO","EUR","","","","","false","1","","","","","","","","","","TRUE","","","","0.00419","","3","","","QZTQ4GTC5QMF","NA/CDS Corp Idx","ITRAXX EUROPE"
"5189309276000000101","","NEWT","TRAD","2026-09-08T14:43:55Z","","CR","","I","TRUE","2026-09-08T14:43:55Z","2026-09-09","2031-06-20","","","TWSF","FALSE","FALSE","","36,000,000","","USD","","","","","","","","","","","","","","","","","","","","","","","","","0.01","","","","","","0.005021","","","","","","false","","","3","","","A004","","","","","","","","847345.68237","MNTH","","","","3","","","","UFRO","USD","","","","","false","1","","","","","","","","","","FALSE","","","","","","","","","QZ3WVVQG5T8K","NA/CDS Corp Idx","CDX.NA.IG"
"5189326556000000201","","NEWT","TRAD","2026-09-08T14:46:33Z","","CR","","I","FALSE","2026-09-08T14:46:33Z","2026-09-09","2031-06-20","","FALSE","BBSF","FALSE","FALSE","","25,000,000","","USD","","","","","","","","","","","","","","","","","","","","","","","","","0.01","","","","","","0.0098455","","","","","","false","","","3","","","A004","","","","","","","","331388.89000","MNTH","","","","3","","","","UFRO","USD","","","","","false","1","","","","","","","","","","FALSE","","","","","","","","","QZ4JMQKL3P03","NA/CDS Corp Idx","CDX.EM"
"5189361533000000101","","NEWT","TRAD","2026-09-08T14:52:23Z","","CR","","I","TRUE","2026-09-08T14:52:23Z","2026-09-09","2031-06-20","","FALSE","BBSF","FALSE","FALSE","","100,000,000","","EUR","","","","","","","","","","","","","","","","","","","","","","","","","0.01","","","","","","0.0051495","","","","","","false","","","3","","","A004","","","","","","","","2364628.98000","MNTH","","","","3","","","","UFRO","EUR","","","","","false","1","","","","","","","","","","FALSE","","","","","","","","","QZTQ4GTC5QMF","NA/CDS Corp Idx","ITRAXX EUROPE"
"5189594698000000201","","NEWT","TRAD","2026-09-08T15:20:39Z","","CR","","N","FALSE","2026-09-08T15:20:39Z","2026-09-09","2057-12-17","","FALSE","BILT","FALSE","FALSE","FALSE","20,000,000","","USD","","","","","","","","","","","","","","","","","","","","","","","","","0.005","","","","","","","","","","","","false","","","","","","A004","","","","","","","","95635.96000","MNTH","","","","1","","","","UFRO","USD","USD","","","","false","0.998033928","","","","","","","","","","FALSE","","","","","","","","","QZQB3975X6Z5","NA/CDS Corp Idx","CMBX.NA.AAA"
"5189547942000000201","","NEWT","TRAD","2026-09-08T15:22:04Z","","CR","","I","TRUE","2026-09-08T15:22:04Z","2026-09-09","2031-06-20","","FALSE","BBSF","FALSE","TRUE","","200,000,000","","USD","","","","","","","","","","","","","","","","","","","","","","","","","0.01","","","","","","0.00502277","","","","","","false","","","3","","","A004","","","","","","","","4705945.81000","MNTH","","","","3","","","","UFRO","USD","","","","","false","1","","","","","","","","","","FALSE","","","","","","","","","QZ3WVVQG5T8K","NA/CDS Corp Idx","CDX.NA.IG"
"5189631018000000101","","NEWT","TRAD","2026-09-08T15:40:56Z","","CR","","I","TRUE","2026-09-08T15:40:56Z","2026-09-09","2031-06-20","","FALSE","BBSF","FALSE","FALSE","","10,000,000","","EUR","","","","","","","","","","","","","","","","","","","","","","","","","0.05","","","","","","0.02505685","","","","","","false","","","3","","","A004","","","","","","","","1131536.06000","MNTH","","","","3","","","","UFRO","EUR","","","","","false","1","","","","","","","","","","FALSE","","","","","","","","","QZ3HM9KVK2WL","NA/CDS Corp Idx","ITRAXX EUROPE CROSSOVER"
"5189681867000000101","","NEWT","TRAD","2026-09-08T15:48:56Z","","CR","","I","FALSE","2026-09-08T15:48:56Z","2026-09-09","2031-06-20","","FALSE","BBSF","FALSE","FALSE","","100,000","","USD","","","","","","","","","","","","","","","","","","","","","","","","","0.01","","","","","","0.0098475","","","","","","false","","","3","","","A004","","","","","","","","1305.56000","MNTH","","","","3","","","","UFRO","USD","","","","","false","1","","","","","","","","","","FALSE","","","","","","","","","QZ4JMQKL3P03","NA/CDS Corp Idx","CDX.EM"
"5189698110000000101","","NEWT","TRAD","2026-09-08T15:50:56Z","","CR","","I","TRUE","2026-09-08T15:50:56Z","2026-09-09","2031-06-20","","FALSE","BBSF","FALSE","FALSE","","50,000,000","","USD","","","","","","","","","","","","","","","","","","","","","","","","","0.01","","","","","","0.00502","","","","","","false","","","3","","","A004","","","","","","","","1177091.54000","MNTH","","","","3","","","","UFRO","USD","","","","","false","1","","","","","","","","","","TRUE","","","","0.00502","","3","","","QZ3WVVQG5T8K","NA/CDS Corp Idx","CDX.NA.IG"
"5189540189000000101","5189536099000000201","TERM","CLRG","2026-09-08T15:18:39Z","","CR","","I","FALSE","2026-09-08T15:18:39Z","2026-09-09","2031-06-20","","","BTFE","FALSE","FALSE","FALSE","10,000,000","","EUR","","","","","","","","","","","","","","","","","","","","","","","","","","","","","","","","","","","","","false","","","","","","A004","","","","","","","","226737.50000","MNTH","","","","3","","","","UFRO","EUR","","","","","false","1","","","","","","","","","","FALSE","","","","","","","","","QZTB38W3WJ98","NA/CDS Corp Idx","ITRAXX EUROPE SENIOR FINANCIALS"
"5189547941000000101","","NEWT","TRAD","2026-09-08T15:21:59Z","","CR","","I","TRUE","2026-09-08T15:21:59Z","2026-09-09","2031-06-20","","FALSE","BBSF","FALSE","FALSE","","25,000,000","","USD","","","","","","","","","","","","","","","","","","","","","","","","","0.01","","","","","","0.005019","","","","","","false","","","3","","","A004","","","","","","","","588654.99000","MNTH","","","","3","","","","UFRO","USD","","","","","false","1","","","","","","","","","","FALSE","","","","","","","","","QZ3WVVQG5T8K","NA/CDS Corp Idx","CDX.NA.IG"
"5189424221000000101","5189384049000000101","EROR","","2026-09-08T15:00:41Z","","CR","","","","2026-09-08T14:52:39Z","2026-09-08","2026-11-18","","","","","","FALSE","","","","","","","","","","","","","","","","","","","","","","","","","","","","0.05","","","","","","","","","","","","","","","","","","","","","","","","","","","","","","","","","","","","","","","","","","","","","","","","","","","","","","","","","","","","","QZ4682HKL4CM","NA/CDS Idx Swt","NA/CDS Corp Idx"
"5189323981000000101","","NEWT","TRAD","2026-09-08T14:46:06Z","","CR","","I","TRUE","2026-09-08T14:46:06Z","2026-09-09","2031-06-20","","FALSE","BBSF","FALSE","TRUE","","150,000,000","","EUR","","","","","","","","","","","","","","","","","","","","","","","","","0.01","","","","","","0.0051525","","","","","","false","","","3","","","A004","","","","","","","","3544915.67000","MNTH","","","","3","","","","UFRO","EUR","","","","","false","1","","","","","","","","","","FALSE","","","","","","","","","QZTQ4GTC5QMF","NA/CDS Corp Idx","ITRAXX EUROPE"
"5189430212000000101","","NEWT","TRAD","2026-09-08T15:00:05Z","","CR","","I","TRUE","2026-09-08T15:00:05Z","2026-03-20","2031-06-20","","","TREU","FALSE","FALSE","FALSE","9,000,000","","USD","","","","","","","","","","","","","","","","","","","","","","","","","0.05","","","","","","","","","","","","false","","","","","","A004","","","","","","","","788263.00000","MNTH","","","","3","","","","UFRO","USD","","","","","false","0.98","","","","","","","","","","FALSE","","","","","","","","","QZNKTC8Z3Q57","NA/CDS Corp Idx","CDX.NA.HY"
"5189428583000000101","5189405581000000101","MODI","TRAD","2026-09-08T14:58:03Z","TRUE","CR","","I","TRUE","2026-09-08T14:56:57Z","2026-03-20","2031-06-20","","","GSEF","FALSE","FALSE","","10,000,000","","EUR","","","","","","","","","","","","","","","","","","","","","","","","","0.05","","","","","","","","","","","","false","","","","","","A004","","","","","","","","1131843.23000","MNTH","","","","3","","","","UFRO","EUR","","","","","false","1","","","","","","","","","","FALSE","","","","","","","","","QZ3HM9KVK2WL","NA/CDS Corp Idx","ITRAXX EUROPE CROSSOVER"
"5189464333000000101","","NEWT","TRAD","2026-09-08T15:09:25Z","","CR","","I","FALSE","2026-09-08T15:09:25Z","2026-03-20","2031-06-20","","FALSE","TPSE","FALSE","FALSE","","10,000,000","","USD","","","","","","","","","","","","","","","","","","","","","","","","","0.01","","","","","","98.46","","USD","","","","false","","","1","","","A004","","","","","","","","","MNTH","","","","3","","","","","","USD","","","","false","1","","","","","","","OTHR","","","FALSE","","","","","","","","","QZ4JMQKL3P03","NA/CDS Corp Idx","CDX.EM"
"5189396782000000101","","NEWT","TRAD","2026-09-08T14:58:13Z","","CR","","I","TRUE","2026-09-08T14:58:13Z","2026-09-09","2031-06-20","","","TWSF","FALSE","TRUE","","35,000,000","","EUR","","","","","","","","","","","","","","","","","","","","","","","","","0.05","","","","","","0.025075","","","","","","false","","","3","","","A004","","","","","","","","3957527.82000","MNTH","","","","3","","","","UFRO","EUR","","","","","false","1","","","","","","","","","","FALSE","","","","","","","","","QZ3HM9KVK2WL","NA/CDS Corp Idx","ITRAXX EUROPE CROSSOVER"
"5188645973000000101","","NEWT","TRAD","2026-09-08T13:26:14Z","","CR","","I","TRUE","2026-09-08T13:26:14Z","2026-09-09","2031-06-20","","","BTFE","FALSE","FALSE","FALSE","10,000,000","","EUR","","","","","","","","","","","","","","","","","","","","","","","","","","","","","","","","","","","","","false","","","","","","A004","","","","","","","","236620.62000","MNTH","","","","3","","","","UFRO","EUR","","","","","false","1","","","","","","","","","","FALSE","","","","","","","","","QZTQ4GTC5QMF","NA/CDS Corp Idx","ITRAXX EUROPE"
"5188710076000000201","","NEWT","TRAD","2026-09-08T13:31:18Z","","CR","","I","TRUE","2026-09-08T13:31:18Z","2026-09-09","2031-06-20","","FALSE","BBSF","FALSE","FALSE","","25,000,000","","EUR","","","","","","","","","","","","","","","","","","","","","","","","","0.05","","","","","","0.025039","","","","","","false","","","3","","","A004","","","","","","","","2830841.35000","MNTH","","","","3","","","","UFRO","EUR","","","","","false","1","","","","","","","","","","FALSE","","","","","","","","","QZ3HM9KVK2WL","NA/CDS Corp Idx","ITRAXX EUROPE CROSSOVER"
"5188734567000000301","","NEWT","TRAD","2026-09-08T13:33:03Z","","CR","","I","TRUE","2026-09-08T13:33:03Z","2026-09-09","2031-06-20","","FALSE","BBSF","FALSE","FALSE","","2,000,000","","USD","","","","","","","","","","","","","","","","","","","","","","","","","0.05","","","","","","0.010786","","","","","","false","","","3","","","A004","","","","","","","","175561.56000","MNTH","","","","3","","","","UFRO","USD","","","","","false","0.98","","","","","","","","","","FALSE","","","","","","","","","QZNKTC8Z3Q57","NA/CDS Corp Idx","CDX.NA.HY"
"5188731488000000101","","NEWT","TRAD","2026-09-08T13:32:55Z","","CR","","I","TRUE","2026-09-08T13:32:55Z","2026-09-09","2031-06-20","","FALSE","BBSF","FALSE","FALSE","","40,000,000","","EUR","","","","","","","","","","","","","","","","","","","","","","","","","0.01","","","","","","0.005142","","","","","","false","","","3","","","A004","","","","","","","","947203.51000","MNTH","","","","3","","","","UFRO","EUR","","","","","false","1","","","","","","","","","","FALSE","","","","","","","","","QZTQ4GTC5QMF","NA/CDS Corp Idx","ITRAXX EUROPE"
"5188773613000000101","","NEWT","TRAD","2026-09-08T13:37:01Z","","CR","","I","TRUE","2026-09-08T13:37:01Z","2026-09-09","2031-06-20","","FALSE","BBSF","FALSE","FALSE","","80,000,000","","USD","","","","","","","","","","","","","","","","","","","","","","","","","0.01","","","","","","0.0050133","","","","","","false","","","3","","","A004","","","","","","","","1885688.25000","MNTH","","","","3","","","","UFRO","USD","","","","","false","1","","","","","","","","","","FALSE","","","","","","","","","QZ3WVVQG5T8K","NA/CDS Corp Idx","CDX.NA.IG"
"5188788537000000101","","NEWT","TRAD","2026-09-08T13:38:29Z","","CR","","I","TRUE","2026-09-08T13:38:29Z","2026-09-09","2031-06-20","","FALSE","BBSF","FALSE","FALSE","","34,000,000","","EUR","","","","","","","","","","","","","","","","","","","","","","","","","0.01","","","","","","0.0051485","","","","","","false","","","3","","","A004","","","","","","","","804125.36865","MNTH","","","","3","","","","UFRO","EUR","","","","","false","1","","","","","","","","","","FALSE","","","","","","","","","QZTQ4GTC5QMF","NA/CDS Corp Idx","ITRAXX EUROPE"
"5188800028000000101","","NEWT","TRAD","2026-09-08T13:39:49Z","","CR","","I","TRUE","2026-09-08T13:39:49Z","2026-09-09","2031-06-20","","","TWSF","FALSE","FALSE","","35,000,000","","USD","","","","","","","","","","","","","","","","","","","","","","","","","0.01","","","","","","0.00501333","","","","","","false","","","3","","","A004","","","","","","","","824984.02000","MNTH","","","","3","","","","UFRO","USD","","","","","false","1","","","","","","","","","","FALSE","","","","","","","","","QZ3WVVQG5T8K","NA/CDS Corp Idx","CDX.NA.IG"
"5188594225000000101","","NEWT","TRAD","2026-09-08T13:21:40Z","","CR","","N","FALSE","2026-09-08T13:21:40Z","2026-09-09","2026-09-16","2031-06-20","FALSE","BILT","FALSE","FALSE","TRUE","400,000,000+","","USD","","","","","","","","","","","","","","","","","","","","","","","","2026-09-16","0.01","","5,000","USD","","","","","","","60","USD","false","","","","","1","A004","","","","","","","","","MNTH","","","","3","","","","","","","","","","false","","","","","","","","","","","TRUE","9.9999999999","","3","","","","","","QZ7WW76RFHN3","NA/CDS Idx Swt","NA/CDS Corp Idx"
"5188914108000000101","","NEWT","TRAD","2026-09-08T13:50:34Z","","CR","","I","FALSE","2026-09-08T13:50:34Z","2026-09-09","2031-06-20","","","TWSF","FALSE","FALSE","","6,000,000","","USD","","","","","","","","","","","","","","","","","","","","","","","","","0.05","","","","","","0.01078539","","","","","","false","","","3","","","A004","","","","","","","","526325.99000","MNTH","","","","3","","","","UFRO","USD","","","","","false","0.98","","","","","","","","","","FALSE","","","","","","","","","QZNKTC8Z3Q57","NA/CDS Corp Idx","CDX.NA.HY"
"5188920673000000101","","NEWT","TRAD","2026-09-08T13:51:21Z","","CR","","I","TRUE","2026-09-08T13:51:21Z","2026-09-09","2031-06-20","","FALSE","BBSF","FALSE","FALSE","","30,000,000","","USD","","","","","","","","","","","","","","","","","","","","","","","","","0.05","","","","","","0.0107845","","","","","","false","","","3","","","A004","","","","","","","","2629013.33000","MNTH","","","","3","","","","UFRO","USD","","","","","false","0.98","","","","","","","","","","FALSE","","","","","","","","","QZNKTC8Z3Q57","NA/CDS Corp Idx","CDX.NA.HY"
"5188971362000000101","","NEWT","TRAD","2026-09-08T13:56:48Z","","CR","","I","TRUE","2026-09-08T13:56:48Z","2026-09-09","2031-06-20","","FALSE","BBSF","FALSE","FALSE","","100,000,000","","EUR","","","","","","","","","","","","","","","","","","","","","","","","","0.01","","","","","","0.0051475","","","","","","false","","","3","","","A004","","","","","","","","2365530.24000","MNTH","","","","3","","","","UFRO","EUR","","","","","false","1","","","","","","","","","","FALSE","","","","","","","","","QZTQ4GTC5QMF","NA/CDS Corp Idx","ITRAXX EUROPE"
"5188976835000000101","","NEWT","TRAD","2026-09-08T13:57:35Z","","CR","","I","TRUE","2026-09-08T13:57:35Z","2026-09-09","2031-06-20","","","TWSF","FALSE","FALSE","","120,000,000","","EUR","","","","","","","","","","","","","","","","","","","","","","","","","0.01","","","","","","0.00516","","","","","","false","","","3","","","A004","","","","","","","","2831881.82936","MNTH","","","","3","","","","UFRO","EUR","","","","","false","1","","","","","","","","","","TRUE","","","","0.00516","","3","","","QZTQ4GTC5QMF","NA/CDS Corp Idx","ITRAXX EUROPE"
"5188995719000000101","","NEWT","TRAD","2026-09-08T14:00:19Z","","CR","","I","TRUE","2026-09-08T14:00:19Z","2026-09-09","2031-06-20","","","TWSF","FALSE","FALSE","","1,000,000","","USD","","","","","","","","","","","","","","","","","","","","","","","","","0.01","","","","","","0.005014","","","","","","false","","","3","","","A004","","","","","","","","23567.89083","MNTH","","","","3","","","","UFRO","USD","","","","","false","1","","","","","","","","","","FALSE","","","","","","","","","QZ3WVVQG5T8K","NA/CDS Corp Idx","CDX.NA.IG"
"5188896078000000101","","NEWT","TRAD","2026-09-08T13:48:23Z","","CR","","I","TRUE","2026-09-08T13:48:23Z","2026-09-09","2031-06-20","","FALSE","BBSF","FALSE","TRUE","","60,000,000","","USD","","","","","","","","","","","","","","","","","","","","","","","","","0.05","","","","","","0.0107855","","","","","","false","","","3","","","A004","","","","","","","","5263906.67000","MNTH","","","","3","","","","UFRO","USD","","","","","false","0.98","","","","","","","","","","FALSE","","","","","","","","","QZNKTC8Z3Q57","NA/CDS Corp Idx","CDX.NA.HY"
"5189012604000000101","5188661694000000101","EROR","","2026-09-08T14:02:27Z","","CR","","N","FALSE","2026-09-08T13:22:11Z","2026-09-08","2030-12-20","","FALSE","BILT","FALSE","FALSE","FALSE","3,000,000","","EUR","","","","","","","","","","","","","","","","","","","","","","","","","0.05","","","","","","","","","","","","false","","","","","","A004","","","","","","","","1027583.32800","MNTH","","","","3","","","","UFRO","EUR","","","","","false","1","","","","","","","","","","FALSE","","","","","","","","","QZB5DPT9MS3H","NA/CDS Corp Idx Tra","ITRAXX EUROPE CROSSOVER"
"5189017046000000101","5188638567000000101","EROR","","2026-09-08T14:02:54Z","","CR","","N","FALSE","2026-09-08T13:22:56Z","2026-06-20","2032-12-20","","FALSE","BILT","FALSE","FALSE","TRUE","3,000,000","","EUR","","","","","","","","","","","","","","","","","","","","","","","","","0.05","","","","","","","","","","","","false","","","","","","A004","","","","","","","","","MNTH","","","","3","","","","","","EUR","","","","true","","","","","","","","","","","FALSE","","","","","","","","","QZ2989D7H87S","NA/CDS Corp Basket","Basket"
"5188881883000000101","","NEWT","TRAD","2026-09-08T13:38:40Z","FALSE","CR","","I","FALSE","2026-09-08T13:38:40Z","2024-03-20","2029-06-20","","","TSCD","FALSE","FALSE","TRUE","10,000,000","","EUR","","","","","","","","","","","","","","","","","","","","","","","","","0.05","","","","","","","","","","","","false","","","","","","A004","","","","","","","","895141.17000","MNTH","","","","3","","","","UFRO","EUR","","","","","false","0.95999","","","","","","","","","","FALSE","","","","","","","","","QZ4Z1V489CPL","NA/CDS Corp Idx","ITRAXX EUROPE CROSSOVER"
"5188817577000000101","","NEWT","TRAD","2026-09-08T13:38:49Z","","CR","","I","FALSE","2026-09-08T13:38:49Z","2023-03-20","2028-06-20","","","TSCD","FALSE","FALSE","TRUE","13,000,000","","EUR","","","","","","","","","","","","","","","","","","","","","","","","","0.05","","","","","","","","","","","","false","","","","","","A004","","","","","","","","860188.96387","MNTH","","","","3","","","","UFRO","EUR","","","","","false","0.94665","","","","","","","","","","FALSE","","","","","","","","","QZ6FM8459K9M","NA/CDS Corp Idx","ITRAXX EUROPE CROSSOVER"
"5189062216000000101","","NEWT","TRAD","2026-09-08T14:08:24Z","","CR","","I","TRUE","2026-09-08T14:08:24Z","2026-09-09","2031-06-20","","FALSE","BBSF","FALSE","FALSE","","5,000,000","","USD","","","","","","","","","","","","","","","","","","","","","","","","","0.05","","","","","","0.01078533","","","","","","false","","","3","","","A004","","","","","","","","438575.59000","MNTH","","","","3","","","","UFRO","USD","","","","","false","0.98","","","","","","","","","","FALSE","","","","","","","","","QZNKTC8Z3Q57","NA/CDS Corp Idx","CDX.NA.HY"
"5189075033000000101","","NEWT","TRAD","2026-09-08T14:10:34Z","","CR","","I","TRUE","2026-09-08T14:10:34Z","2026-09-09","2031-06-20","","FALSE","BBSF","FALSE","FALSE","","50,000,000","","USD","","","","","","","","","","","","","","","","","","","","","","","","","0.01","","","","","","0.0050204","","","","","","false","","","3","","","A004","","","","","","","","1177004.16000","MNTH","","","","3","","","","UFRO","USD","","","","","false","1","","","","","","","","","","FALSE","","","","","","","","","QZ3WVVQG5T8K","NA/CDS Corp Idx","CDX.NA.IG"
"5189092499000000101","","NEWT","TRAD","2026-09-08T14:12:48Z","","CR","","I","TRUE","2026-09-08T14:12:48Z","2026-09-09","2031-06-20","","FALSE","BBSF","FALSE","FALSE","","2,000,000","","EUR","","","","","","","","","","","","","","","","","","","","","","","","","0.05","","","","","","0.02508899","","","","","","false","","","3","","","A004","","","","","","","","226018.77398","MNTH","","","","3","","","","UFRO","EUR","","","","","false","1","","","","","","","","","","FALSE","","","","","","","","","QZ3HM9KVK2WL","NA/CDS Corp Idx","ITRAXX EUROPE CROSSOVER"
"5189108173000000101","","NEWT","TRAD","2026-09-08T14:15:18Z","","CR","","I","FALSE","2026-09-08T14:15:18Z","2026-09-09","2031-06-20","","","TWSF","FALSE","FALSE","","3,000,000","","USD","","","","","","","","","","","","","","","","","","","","","","","","","0.01","","","","","","0.0098436","","","","","","false","","","3","","","A004","","","","","","","","40336.62242","MNTH","","","","3","","","","UFRO","USD","","","","","false","1","","","","","","","","","","FALSE","","","","","","","","","QZ4JMQKL3P03","NA/CDS Corp Idx","CDX.EM"
"5189117757000000101","","NEWT","TRAD","2026-09-08T14:16:48Z","","CR","","I","TRUE","2026-09-08T14:16:48Z","2026-09-09","2031-06-20","","FALSE","BBSF","FALSE","FALSE","","9,000,000","","USD","","","","","","","","","","","","","","","","","","","","","","","","","0.01","","","","","","0.0050211","","","","","","false","","","3","","","A004","","","","","","","","211832.79891","MNTH","","","","3","","","","UFRO","USD","","","","","false","1","","","","","","","","","","FALSE","","","","","","","","","QZ3WVVQG5T8K","NA/CDS Corp Idx","CDX.NA.IG"
"5193758841000000101","","NEWT","TRAD","2026-09-08T19:55:47Z","","CR","","I","TRUE","2026-09-08T19:55:47Z","2026-09-09","2031-06-20","","","TWSF","FALSE","FALSE","","32,000,000","","USD","","","","","","","","","","","","","","","","","","","","","","","","","0.01","","","","","","0.00503999","","","","","","false","","","3","","","A004","","","","","","","","750544.11000","MNTH","","","","3","","","","UFRO","USD","","","","","false","1","","","","","","","","","","FALSE","","","","","","","","","QZ3WVVQG5T8K","NA/CDS Corp Idx","CDX.NA.IG"
"5195551802000000101","","NEWT","TRAD","2026-09-08T21:01:11Z","","CR","","I","TRUE","2026-09-08T21:01:11Z","2026-03-20","2031-06-20","","FALSE","TPSE","FALSE","FALSE","","5,000,000","","USD","","","","","","","","","","","","","","","","","","","","","","","","","0.05","","","","","","107.78","","USD","","","","false","","","1","","","A004","","","","","","","","","MNTH","","","","3","","","","","","USD","","","","false","0.98","","","","","","","OTHR","","","FALSE","","","","","","","","","QZNKTC8Z3Q57","NA/CDS Corp Idx","CDX.NA.HY"
"5175626167000000101","","NEWT","TRAD","2026-09-08T07:13:27Z","","CR","","I","TRUE","2026-09-08T07:13:18Z","2026-09-09","2031-06-20","","","BMTF","FALSE","FALSE","FALSE","69,000,000","","EUR","","","","","","","","","","","","","","","","","","","","","","","","","0.01","","","","","","","","","","","","false","","","","","","A004","","","","","","","","1629882.43780","MNTH","","","","3","","","","UFRO","EUR","","","","","false","1","","","","","","","","","","FALSE","","","","","","","","","QZTQ4GTC5QMF","NA/CDS Corp Idx","ITRAXX EUROPE"
"5175626168000000201","","NEWT","TRAD","2026-09-08T07:13:30Z","","CR","","I","TRUE","2026-09-08T07:13:18Z","2026-09-09","2031-06-20","","","BMTF","FALSE","FALSE","FALSE","14,000,000","","EUR","","","","","","","","","","","","","","","","","","","","","","","","","0.05","","","","","","","","","","","","false","","","","","","A004","","","","","","","","1586150.22000","MNTH","","","","3","","","","UFRO","EUR","","","","","false","1","","","","","","","","","","FALSE","","","","","","","","","QZ3HM9KVK2WL","NA/CDS Corp Idx","ITRAXX EUROPE CROSSOVER"
"5190897963000000201","","NEWT","TRAD","2026-09-08T17:01:44Z","","CR","","I","TRUE","2026-09-08T17:01:44Z","2026-09-09","2031-06-20","","FALSE","BBSF","FALSE","FALSE","","100,000,000","","USD","","","","","","","","","","","","","","","","","","","","","","","","","0.01","","","","","","0.005017","","","","","","false","","","3","","","A004","","","","","","","","2355493.76000","MNTH","","","","3","","","","UFRO","USD","","","","","false","1","","","","","","","","","","FALSE","","","","","","","","","QZ3WVVQG5T8K","NA/CDS Corp Idx","CDX.NA.IG"
"5190914771000000201","","NEWT","TRAD","2026-09-08T17:02:34Z","","CR","","I","TRUE","2026-09-08T17:02:34Z","2026-09-09","2031-06-20","","FALSE","BBSF","FALSE","FALSE","","7,000,000","","USD","","","","","","","","","","","","","","","","","","","","","","","","","0.05","","","","","","0.010786","","","","","","false","","","3","","","A004","","","","","","","","614465.44000","MNTH","","","","3","","","","UFRO","USD","","","","","false","0.98","","","","","","","","","","FALSE","","","","","","","","","QZNKTC8Z3Q57","NA/CDS Corp Idx","CDX.NA.HY"
"5190777763000000301","","NEWT","NOVA","2026-09-03T17:59:13Z","","CR","","N","FALSE","2026-09-03T17:59:03Z","2022-05-17","2064-11-18","2064-11-18","FALSE","BILT","FALSE","FALSE","FALSE","940,000","","USD","","","","","","","","","","","","","","","","","","","","","","","","","0.02","","","","","","","","","","","","false","","","","","","A004","","","","","","","","","","","","","","","","","","","","","","","false","1","","","","","","","","","","FALSE","","","","","","","","","QZ41VJ08XMM9","NA/CDS Corp Idx","CMBX.NA.A"
"5190865375000000801","3482595793000000401","MODI","TRAD","2026-09-04T12:23:22Z","FALSE","CR","","N","FALSE","2026-06-03T16:58:31Z","2026-09-05","2031-03-15","2031-03-15","TRUE","BILT","FALSE","FALSE","TRUE","11,000,000","","USD","","","","","","","","","","","","","","","","","","","","","","","","","","","","","","","","","","","","","false","","","","","","","","A004","","DAIL","","1","","1501.29000","","","","","","","","","UFRO","USD","USD","","","","true","","","","","","","","OPET","","","FALSE","","","","","","","","","QZWBC8GZ8TBN","NA/CDS Corp Oth","Basket"
"5190865368000000101","3482625217000000201","MODI","TRAD","2026-09-04T12:23:35Z","FALSE","CR","","N","FALSE","2026-06-03T16:58:55Z","2026-09-05","2065-10-15","2065-10-15","TRUE","BILT","FALSE","FALSE","TRUE","15,000,000","","USD","","","","","","","","","","","","","","","","","","","","","","","","","","","","","","","","","","","","","false","","","","","","","","A004","","DAIL","","1","","9174.31725","","","","","","","","","UFRO","USD","USD","","","","true","","","","","","","","OPET","","","FALSE","","","","","","","","","QZWBC8GZ8TBN","NA/CDS Corp Oth","Basket"
"5190865369000000201","3581630525000001101","TERM","ETRM","2026-09-03T21:40:13Z","","CR","","N","FALSE","2026-06-05T21:25:07Z","2026-06-05","2055-02-15","2055-02-15","TRUE","BILT","FALSE","FALSE","TRUE","69,000,000","","USD","","","","","","","","","","","","","","","","","","","","","","","","","","","","","","","","","","","","","false","","","","","","","","A004","","DAIL","","1","","35753.53869","","","","","","","","","UFRO","USD","USD","","","","false","","","","","","","","OPET","","","FALSE","","","","","","","","","QZPW5C38SF75","NA/CDS Corp Oth Sr","DTD 02/15/2025"
"5191190948000000202","5191175562000000101","MODI","TRAD","2026-09-08T17:14:45Z","TRUE","CR","","I","TRUE","2026-09-08T17:14:17Z","2026-03-20","2031-06-20","","FALSE","TPSE","FALSE","FALSE","","5,000,000","","USD","","","","","","","","","","","","","","","","","","","","","","","","","0.05","","","","","","107.855","","USD","","","","false","","","1","","","A004","","","","","","","","","MNTH","","","","3","","","","","","USD","","","","false","0.98","","","","","","","OTHR","","","FALSE","","","","","","","","","QZNKTC8Z3Q57","NA/CDS Corp Idx","CDX.NA.HY"
"5191430653000000101","","NEWT","TRAD","2026-09-08T17:25:02Z","","CR","","I","TRUE","2026-09-08T17:25:02Z","2026-09-09","2031-06-20","","FALSE","BBSF","FALSE","FALSE","","2,000,000","","USD","","","","","","","","","","","","","","","","","","","","","","","","","0.05","","","","","","0.01078625","","","","","","false","","","3","","","A004","","","","","","","","175610.56000","MNTH","","","","3","","","","UFRO","USD","","","","","false","0.98","","","","","","","","","","FALSE","","","","","","","","","QZNKTC8Z3Q57","NA/CDS Corp Idx","CDX.NA.HY"
"5191282611000000201","","NEWT","TRAD","2026-09-08T17:18:34Z","","CR","","I","TRUE","2026-09-08T17:18:34Z","2026-09-09","2031-06-20","","FALSE","BBSF","FALSE","TRUE","","73,000,000","","USD","","","","","","","","","","","","","","","","","","","","","","","","","0.05","","","","","","0.010785","","","","","","false","","","3","","","A004","","","","","","","","6400842.78000","MNTH","","","","3","","","","UFRO","USD","","","","","false","0.98","","","","","","","","","","TRUE","","","","-0.000031","","3","","","QZNKTC8Z3Q57","NA/CDS Corp Idx","CDX.NA.HY"
"5191155511000000301","2236403509000002201","MODI","TRAD","2026-09-08T17:13:14Z","TRUE","CR","","N","FALSE","2026-09-04T22:33:49Z","2026-03-03","2026-12-20","","FALSE","BILT","FALSE","FALSE","TRUE","2,000,000","","USD","","","","","","","","","","","","","","","","","","","","","","","","","0.05","","","","","","","","","","","","false","","","","","","A004","","","","","","","","354149.14246","MNTH","","","","3","","","","UFRO","USD","","","","","false","0.94","","","","","","","","","","FALSE","","","","","","","","","QZZZP5HMNGBJ","NA/CDS Mun Idx Tra","CDX.NA.HY"
"5191173051000000201","2236403500000001301","MODI","TRAD","2026-09-08T17:13:33Z","TRUE","CR","","N","FALSE","2026-09-04T22:33:56Z","2026-03-03","2028-12-20","","FALSE","BILT","FALSE","FALSE","TRUE","6,000,000","","USD","","","","","","","","","","","","","","","","","","","","","","","","","0.05","","","","","","","","","","","","false","","","","","","A004","","","","","","","","1033499.43216","MNTH","","","","3","","","","UFRO","USD","","","","","false","0.97","","","","","","","","","","FALSE","","","","","","","","","QZS27VSGPF30","NA/CDS Mun Idx Tra","CDX.NA.HY"
"5191210445000000101","5148448918000005601","MODI","TRAD","2026-09-08T17:13:28Z","TRUE","CR","","N","FALSE","2026-09-04T22:33:50Z","2025-08-02","2026-12-20","","FALSE","BILT","FALSE","FALSE","TRUE","800,000","","USD","","","","","","","","","","","","","","","","","","","","","","","","","0.05","","","","","","","","","","","","false","","","","","","A004","","","","","","","","50600.25000","MNTH","","","","3","","","","UFRO","USD","","","","","false","0.94","","","","","","","","","","FALSE","","","","","","","","","QZZZP5HMNGBJ","NA/CDS Mun Idx Tra","CDX.NA.HY"
"5191248550000000501","5148448926000006401","MODI","TRAD","2026-09-08T17:14:11Z","TRUE","CR","","N","FALSE","2026-09-04T22:33:51Z","2025-08-02","2026-12-20","","FALSE","BILT","FALSE","FALSE","TRUE","1,000,000","","USD","","","","","","","","","","","","","","","","","","","","","","","","","0.05","","","","","","","","","","","","false","","","","","","A004","","","","","","","","66828.76394","MNTH","","","","3","","","","UFRO","USD","","","","","false","0.94","","","","","","","","","","FALSE","","","","","","","","","QZZZP5HMNGBJ","NA/CDS Mun Idx Tra","CDX.NA.HY"
"5191316148000000101","5148448928000006601","MODI","TRAD","2026-09-08T17:13:54Z","TRUE","CR","","N","FALSE","2026-09-04T22:33:53Z","2025-08-02","2026-12-20","","FALSE","BILT","FALSE","FALSE","TRUE","900,000","","USD","","","","","","","","","","","","","","","","","","","","","","","","","0.05","","","","","","","","","","","","false","","","","","","A004","","","","","","","","66063.93000","MNTH","","","","3","","","","UFRO","USD","","","","","false","0.94","","","","","","","","","","FALSE","","","","","","","","","QZZZP5HMNGBJ","NA/CDS Mun Idx Tra","CDX.NA.HY"
"5191316149000000201","2236403499000001201","MODI","TRAD","2026-09-08T17:14:31Z","TRUE","CR","","N","FALSE","2026-09-04T22:33:52Z","2026-03-03","2026-12-20","","FALSE","BILT","FALSE","FALSE","TRUE","100,000","","USD","","","","","","","","","","","","","","","","","","","","","","","","","0.05","","","","","","","","","","","","false","","","","","","A004","","","","","","","","6682.88000","MNTH","","","","3","","","","UFRO","USD","","","","","false","0.94","","","","","","","","","","FALSE","","","","","","","","","QZZZP5HMNGBJ","NA/CDS Mun Idx Tra","CDX.NA.HY"
"5191286588000000101","5148448918000005601","MODI","TRAD","2026-09-08T17:14:49Z","TRUE","CR","","N","FALSE","2026-09-04T22:33:50Z","2025-08-02","2026-12-20","","FALSE","BILT","FALSE","FALSE","TRUE","800,000","","USD","","","","","","","","","","","","","","","","","","","","","","","","","0.05","","","","","","","","","","","","false","","","","","","A004","","","","","","","","50600.25000","MNTH","","","","3","","","","UFRO","USD","","","","","false","0.94","","","","","","","","","","FALSE","","","","","","","","","QZZZP5HMNGBJ","NA/CDS Mun Idx Tra","CDX.NA.HY"
"5191316152000000501","2236403508000002101","MODI","TRAD","2026-09-08T17:14:43Z","TRUE","CR","","N","FALSE","2026-09-04T22:33:45Z","2026-03-03","2026-12-20","","FALSE","BILT","FALSE","FALSE","TRUE","2,000,000","","USD","","","","","","","","","","","","","","","","","","","","","","","","","0.05","","","","","","","","","","","","false","","","","","","A004","","","","","","","","412317.38208","MNTH","","","","3","","","","UFRO","USD","","","","","false","0.94","","","","","","","","","","FALSE","","","","","","","","","QZZZP5HMNGBJ","NA/CDS Mun Idx Tra","CDX.NA.HY"
"5191320718000000101","2236403509000002201","MODI","TRAD","2026-09-08T17:14:37Z","TRUE","CR","","N","FALSE","2026-09-04T22:33:49Z","2026-03-03","2026-12-20","","FALSE","BILT","FALSE","FALSE","TRUE","2,000,000","","USD","","","","","","","","","","","","","","","","","","","","","","","","","0.05","","","","","","","","","","","","false","","","","","","A004","","","","","","","","354149.14246","MNTH","","","","3","","","","UFRO","USD","","","","","false","0.94","","","","","","","","","","FALSE","","","","","","","","","QZZZP5HMNGBJ","NA/CDS Mun Idx Tra","CDX.NA.HY"
"5191430652000000101","2236403495000000801","MODI","TRAD","2026-09-08T17:15:30Z","TRUE","CR","","N","FALSE","2026-09-04T22:34:00Z","2026-03-03","2027-12-20","","FALSE","BILT","FALSE","FALSE","TRUE","3,000,000","","USD","","","","","","","","","","","","","","","","","","","","","","","","","0.05","","","","","","","","","","","","false","","","","","","A004","","","","","","","","268416.67000","MNTH","","","","3","","","","UFRO","USD","","","","","false","0.95","","","","","","","","","","FALSE","","","","","","","","","QZJDTC3FV7NJ","NA/CDS Mun Idx Tra","CDX.NA.HY"
"5191397712000000301","2863325611000001201","MODI","TRAD","2026-09-08T17:15:38Z","TRUE","CR","","N","FALSE","2026-09-04T22:33:41Z","2026-02-15","2028-12-20","","FALSE","BILT","FALSE","FALSE","TRUE","20,000,000","","USD","","","","","","","","","","","","","","","","","","","","","","","","","0.05","","","","","","","","","","","","false","","","","","","A004","","","","","","","","13533333.33000","MNTH","","","","3","","","","UFRO","USD","","","","","false","0.97","","","","","","","","","","FALSE","","","","","","","","","QZS27VSGPF30","NA/CDS Mun Idx Tra","CDX.NA.HY"
"5191412084000000101","2236403499000001201","MODI","TRAD","2026-09-08T17:16:12Z","TRUE","CR","","N","FALSE","2026-09-04T22:33:52Z","2026-03-03","2026-12-20","","FALSE","BILT","FALSE","FALSE","TRUE","100,000","","USD","","","","","","","","","","","","","","","","","","","","","","","","","0.05","","","","","","","","","","","","false","","","","","","A004","","","","","","","","6682.88000","MNTH","","","","3","","","","UFRO","USD","","","","","false","0.94","","","","","","","","","","FALSE","","","","","","","","","QZZZP5HMNGBJ","NA/CDS Mun Idx Tra","CDX.NA.HY"
"5191606426000000101","","NEWT","TRAD","2026-09-08T17:23:06Z","","CR","","N","FALSE","2026-09-08T17:23:06Z","2026-03-20","2026-10-21","","FALSE","BILT","FALSE","FALSE","TRUE","400,000,000+","","USD","","","","","","","","","","","","","","","","","","","","","","","","2026-10-21","0.006","","154,000","USD","","","","","","","0.6","","false","","","","","3","A004","","","","","","","","","MNTH","","","","3","","","","","","","","","","false","","","","","","","","","","","FALSE","","","","","","","","","QZ7WW76RFHN3","NA/CDS Idx Swt","NA/CDS Corp Idx"
"5178557538000000101","","NEWT","TRAD","2026-09-08T08:15:37Z","","CR","","I","TRUE","2026-09-08T08:15:37Z","2026-09-09","2031-06-20","","FALSE","BBSF","FALSE","FALSE","","50,000,000","","EUR","","","","","","","","","","","","","","","","","","","","","","","","","0.01","","","","","","0.0051775","","","","","","false","","","3","","","A004","","","","","","","","1176006.40000","MNTH","","","","3","","","","UFRO","EUR","","","","","false","1","","","","","","","","","","FALSE","","","","","","","","","QZTQ4GTC5QMF","NA/CDS Corp Idx","ITRAXX EUROPE"
"5178815867000000101","","NEWT","TRAD","2026-09-08T08:21:09Z","","CR","","I","TRUE","2026-09-08T08:21:09Z","2026-09-09","2031-06-20","","FALSE","BBSF","FALSE","FALSE","","5,000,000","","EUR","","","","","","","","","","","","","","","","","","","","","","","","","0.05","","","","","","0.0251956","","","","","","false","","","3","","","A004","","","","","","","","562658.72000","MNTH","","","","3","","","","UFRO","EUR","","","","","false","1","","","","","","","","","","FALSE","","","","","","","","","QZ3HM9KVK2WL","NA/CDS Corp Idx","ITRAXX EUROPE CROSSOVER"
"5196008107000000101","2810880631000000101","MODI","TRAD","2026-09-08T22:34:18Z","TRUE","CR","","N","FALSE","2026-01-22T20:31:02Z","2026-01-22","2026-12-07","","FALSE","BILT","FALSE","FALSE","TRUE","230,000,000","","USD","","","","","","","","","","","","","","","","","","","","","","","","","","","","","","","","","","","","","false","","","","","","","","","","","","","","0.00000","","","","","","","","","UFRO","USD","USD","","","","true","","","","","","","","","","","FALSE","","","","","","","","","QZRR0D5S3SHF","NA/CDS Corp Basket","Basket"
"5172832870000000101","5068366401000000101","EROR","","2026-09-08T00:45:51Z","","CR","","I","TRUE","2026-09-01T13:21:33Z","2026-03-20","2031-06-20","","","BILT","FALSE","FALSE","FALSE","20,000,000","","USD","","","","","","","","","","","","","","","","","","","","","","","","","0.05","","","","","","","","","","","","false","","","","","","A004","","","","","","","","1719900.00000","MNTH","","","","3","","","","UFRO","USD","","","","","false","0.98","","","","","","","","","","FALSE","","","","","","","","","QZNKTC8Z3Q57","NA/CDS Corp Idx","CDX.NA.HY"
"5172803548000000101","2578521643000000101","TERM","ETRM","2026-09-08T00:22:14Z","","CR","","N","FALSE","2026-04-01T05:30:08Z","2026-04-01","2031-06-20","","FALSE","BILT","FALSE","FALSE","TRUE","5,000,000,000","","JPY","","","","","","","","","","","","","","","","","","","","","","","","","0.01","","","","","","","","","","","","false","","","","","","A004","","","","","","","","74163379.00000;116381314.00000","MNTH","","","","3","","","","UFRO;UWIN","JPY;JPY","JPY","","","","false","1","","","","","","","","","","FALSE","","","","","","","","","QZWS0GLN4MQ7","NA/CDS Corp Idx","ITRAXX JAPAN"
"5177718409000000101","","NEWT","TRAD","2026-09-08T07:56:43Z","","CR","","I","TRUE","2026-09-08T07:56:43Z","2026-09-09","2031-06-20","","FALSE","BBSF","FALSE","FALSE","","32,000,000","","EUR","","","","","","","","","","","","","","","","","","","","","","","","","0.05","","","","","","0.025186","","","","","","false","","","3","","","A004","","","","","","","","3602391.97000","MNTH","","","","3","","","","UFRO","EUR","","","","","false","1","","","","","","","","","","FALSE","","","","","","","","","QZ3HM9KVK2WL","NA/CDS Corp Idx","ITRAXX EUROPE CROSSOVER"
"5194447597000000101","5194418351000000101","MODI","TRAD","2026-09-08T20:18:35Z","TRUE","CR","","I","TRUE","2026-09-08T20:18:14Z","2026-03-20","2031-06-20","","FALSE","TPSE","FALSE","FALSE","","10,000,000","","USD","","","","","","","","","","","","","","","","","","","","","","","","","0.05","","","","","","107.77","","USD","","","","false","","","1","","","A004","","","","","","","","","MNTH","","","","3","","","","","","USD","","","","false","0.98","","","","","","","OTHR","","","FALSE","","","","","","","","","QZNKTC8Z3Q57","NA/CDS Corp Idx","CDX.NA.HY"
"5194981026000000101","","NEWT","TRAD","2026-09-08T20:01:48Z","","CR","","N","FALSE","2026-09-08T20:01:48Z","2026-11-18","2026-11-18","2031-06-20","FALSE","BILT","FALSE","FALSE","FALSE","400,000,000+","","USD","","","","","","","","","","","","","","","","","","","","","","","","2026-11-18","0.01","","406,800","USD","","","","","","","0.00575","","false","","","","","3","A004","","","","","","","","","MNTH","","","","3","","","","","","","","","","false","","","","","","","","","","","FALSE","","","","","","","","","QZ9Z7H8JV03N","NA/CDS Idx Swt","NA/CDS Corp Idx"
"5178948929000000101","","NEWT","TRAD","2026-09-08T08:21:12Z","","CR","","I","FALSE","2026-09-08T08:21:12Z","2026-03-20","2031-06-20","","","BILT","FALSE","FALSE","FALSE","10,000,000","","EUR","","","","","","","","","","","","","","","","","","","","","","","","","0.05","","","","","","","","","","","","false","","","","","","A004","","","","","","","","1125120.00000","MNTH","","","","3","","","","UFRO","EUR","","","","","false","1","","","","","","","","","","FALSE","","","","","","","","","QZ3HM9KVK2WL","NA/CDS Corp Idx","ITRAXX EUROPE CROSSOVER"
"5177926892000000201","","NEWT","TRAD","2026-09-08T08:00:02Z","","CR","","I","TRUE","2026-09-08T08:00:02Z","2026-09-09","2031-06-20","","FALSE","BBSF","FALSE","FALSE","","10,000,000","","EUR","","","","","","","","","","","","","","","","","","","","","","","","","0.05","","","","","","0.025178","","","","","","false","","","3","","","A004","","","","","","","","1126105.89000","MNTH","","","","3","","","","UFRO","EUR","","","","","false","1","","","","","","","","","","FALSE","","","","","","","","","QZ3HM9KVK2WL","NA/CDS Corp Idx","ITRAXX EUROPE CROSSOVER"
"5177930355000000101","","NEWT","TRAD","2026-09-08T07:59:58Z","","CR","","N","TRUE","2026-09-08T07:59:58Z","2026-03-20","2031-06-20","","FALSE","TREU","FALSE","FALSE","FALSE","41,000,000","","EUR","","","","","","","","","","","","","","","","","","","","","","","","","0.01","","","","","","","","","","","","false","","","","","","A004","","","","","","","","964237.00328","MNTH","","","","3","","","","UFRO","EUR","","","","","false","1","","","","","","","","","","FALSE","","","","","","","","","QZTQ4GTC5QMF","NA/CDS Corp Idx","ITRAXX EUROPE"
"5179255696000000101","","NEWT","TRAD","2026-09-08T08:34:59Z","","CR","","I","TRUE","2026-09-08T08:34:59Z","2026-09-09","2031-06-20","","","TWSF","FALSE","FALSE","","26,000,000","","EUR","","","","","","","","","","","","","","","","","","","","","","","","","0.01","","","","","","0.0051775","","","","","","false","","","3","","","A004","","","","","","","","611523.33000","MNTH","","","","3","","","","UFRO","EUR","","","","","false","1","","","","","","","","","","FALSE","","","","","","","","","QZTQ4GTC5QMF","NA/CDS Corp Idx","ITRAXX EUROPE"
"5178021121000000101","","NEWT","TRAD","2026-09-08T08:02:05Z","","CR","","I","TRUE","2026-09-08T08:02:05Z","2026-09-09","2031-06-20","","","TWSF","FALSE","FALSE","","1,000,000","","EUR","","","","","","","","","","","","","","","","","","","","","","","","","0.01","","","","","","0.0054094","","","","","","false","","","3","","","A004","","","","","","","","22476.29000","MNTH","","","","3","","","","UFRO","EUR","","","","","false","1","","","","","","","","","","FALSE","","","","","","","","","QZTB38W3WJ98","NA/CDS Corp Idx","ITRAXX EUROPE SENIOR FINANCIALS"
"5178011227000000101","","NEWT","TRAD","2026-09-08T08:01:38Z","","CR","","I","TRUE","2026-09-08T08:01:38Z","2026-03-20","2031-06-20","","FALSE","BGCD","FALSE","FALSE","","25,000,000","","EUR","","","","","","","","","","","","","","","","","","","","","","","","","","","","","","","0.005175","","","","","","false","","","3","","","A004","","","","","","","","","MNTH","","","","3","","","","","","","","","","false","1","","","","","","","","","","FALSE","","","","","","","","","QZTQ4GTC5QMF","NA/CDS Corp Idx","ITRAXX EUROPE"
"5178970988000000101","","NEWT","TRAD","2026-09-08T08:26:23Z","","CR","","I","TRUE","2026-09-08T08:26:23Z","2026-09-09","2031-06-20","","FALSE","BBSF","FALSE","TRUE","","130,000,000","","EUR","","","","","","","","","","","","","","","","","","","","","","","","","0.01","","","","","","0.005179","","","","","","false","","","3","","","A004","","","","","","","","3056738.11000","MNTH","","","","3","","","","UFRO","EUR","","","","","false","1","","","","","","","","","","FALSE","","","","","","","","","QZTQ4GTC5QMF","NA/CDS Corp Idx","ITRAXX EUROPE"
"5189858446000000101","","NEWT","TRAD","2026-09-08T16:00:12Z","","CR","","I","TRUE","2026-09-08T16:00:12Z","2026-09-09","2031-06-20","","","TWSF","FALSE","FALSE","","5,000,000","","USD","","","","","","","","","","","","","","","","","","","","","","","","","0.01","","","","","","0.005021","","","","","","false","","","3","","","A004","","","","","","","","117686.85170","MNTH","","","","3","","","","UFRO","USD","","","","","false","1","","","","","","","","","","FALSE","","","","","","","","","QZ3WVVQG5T8K","NA/CDS Corp Idx","CDX.NA.IG"
"5189813652000000101","","NEWT","TRAD","2026-09-08T15:57:14Z","","CR","","I","TRUE","2026-09-08T15:57:14Z","2026-09-09","2031-06-20","","FALSE","BBSF","FALSE","FALSE","","50,000,000","","USD","","","","","","","","","","","","","","","","","","","","","","","","","0.01","","","","","","0.0050224","","","","","","false","","","3","","","A004","","","","","","","","1176567.28000","MNTH","","","","3","","","","UFRO","USD","","","","","false","1","","","","","","","","","","FALSE","","","","","","","","","QZ3WVVQG5T8K","NA/CDS Corp Idx","CDX.NA.IG"
"5189594697000000101","5189134296000000101","CORR","","2026-09-08T15:29:26Z","","CR","","N","FALSE","2026-09-08T14:16:06Z","2026-09-08","2027-01-20","2031-06-20","FALSE","BILT","FALSE","FALSE","TRUE","400,000,000+","","USD","","","","","","","","","","","","","","","","","","","","","","","","2027-01-20","0.01","","219,200","USD","","","","","","","0.009","","false","","","","","3","A004","","","","","","","","","MNTH","","","","3","","","","","","","","","","false","1","","","","","","","","","","FALSE","","","","","","","","","QZT4QS79CCTS","NA/CDS Idx Swt","NA/CDS Corp Idx"
"5190051096000000102","","NEWT","TRAD","2026-09-08T16:06:11Z","","CR","","I","TRUE","2026-09-08T16:06:11Z","2026-03-20","2031-06-20","","FALSE","TPSE","FALSE","FALSE","","5,000,000","","USD","","","","","","","","","","","","","","","","","","","","","","","","","0.05","","","","","","107.84","","USD","","","","false","","","1","","","A004","","","","","","","","","MNTH","","","","3","","","","","","USD","","","","false","0.98","","","","","","","OTHR","","","FALSE","","","","","","","","","QZNKTC8Z3Q57","NA/CDS Corp Idx","CDX.NA.HY"
"5190191524000000101","","NEWT","TRAD","2026-09-08T16:11:29Z","","CR","","I","TRUE","2026-09-08T16:11:29Z","2026-09-09","2031-06-20","","FALSE","BBSF","FALSE","FALSE","","25,000,000","","USD","","","","","","","","","","","","","","","","","","","","","","","","","0.01","","","","","","0.005023","","","","","","false","","","3","","","A004","","","","","","","","588218.11000","MNTH","","","","3","","","","UFRO","USD","","","","","false","1","","","","","","","","","","FALSE","","","","","","","","","QZ3WVVQG5T8K","NA/CDS Corp Idx","CDX.NA.IG"
"5190190153000000101","","NEWT","TRAD","2026-09-08T16:11:24Z","","CR","","I","TRUE","2026-09-08T16:11:24Z","2026-09-09","2031-06-20","","FALSE","BBSF","FALSE","FALSE","","30,000,000","","USD","","","","","","","","","","","","","","","","","","","","","","","","","0.05","","","","","","0.01078375","","","","","","false","","","3","","","A004","","","","","","","","2626808.33000","MNTH","","","","3","","","","UFRO","USD","","","","","false","0.98","","","","","","","","","","FALSE","","","","","","","","","QZNKTC8Z3Q57","NA/CDS Corp Idx","CDX.NA.HY"
"5190215351000000201","","NEWT","TRAD","2026-09-08T16:12:54Z","","CR","","I","TRUE","2026-09-08T16:12:54Z","2026-09-09","2031-06-20","","FALSE","BBSF","FALSE","FALSE","","20,000,000","","USD","","","","","","","","","","","","","","","","","","","","","","","","","0.05","","","","","","0.01078362","","","","","","false","","","3","","","A004","","","","","","","","1750950.76000","MNTH","","","","3","","","","UFRO","USD","","","","","false","0.98","","","","","","","","","","FALSE","","","","","","","","","QZNKTC8Z3Q57","NA/CDS Corp Idx","CDX.NA.HY"
"5189722220000000201","","NEWT","TRAD","2026-09-08T15:47:48Z","","CR","","N","FALSE","2026-09-08T15:47:48Z","2026-09-08","2026-12-16","2031-06-20","FALSE","BILT","FALSE","FALSE","TRUE","150,000,000","","EUR","","","","","","","","","","","","","","","","","","","","","","","","2026-12-16","0.05","","697,500","EUR","","","","","","","0.0325","","false","","","","","3","A004","","","","","","","","","MNTH","","","","3","","","","","","","","","","false","1","","","","","","","","","","FALSE","","","","","","","","","QZWDX55NJN4V","NA/CDS Idx Swt","NA/CDS Corp Idx"
"5190281809000000101","","NEWT","TRAD","2026-09-08T15:45:25Z","","CR","","N","FALSE","2026-09-08T15:45:25Z","2026-09-16","2026-09-16","2031-06-20","FALSE","BILT","FALSE","FALSE","FALSE","400,000,000+","","USD","","","","","","","","","","","","","","","","","","","","","","","","2026-09-16","0.01","","6,000","USD","","","","","","","0.007","","false","","","","","3","A004","","","","","","","","","MNTH","","","","3","","","","","","","","","","false","","","","","","","","","","","FALSE","","","","","","","","","QZ9Z7H8JV03N","NA/CDS Idx Swt","NA/CDS Corp Idx"
"5190230650000000101","","NEWT","TRAD","2026-09-08T16:13:58Z","","CR","","I","TRUE","2026-09-08T16:13:58Z","2026-09-09","2031-06-20","","FALSE","BBSF","FALSE","TRUE","","76,000,000+","","USD","","","","","","","","","","","","","","","","","","","","","","","","","0.05","","","","","","0.010783","","","","","","false","","","3","","","A004","","","","","","","","6649035.28574","MNTH","","","","3","","","","UFRO","USD","","","","","false","0.98","","","","","","","","","","FALSE","","","","","","","","","QZNKTC8Z3Q57","NA/CDS Corp Idx","CDX.NA.HY"
"5181042835000000101","","NEWT","TRAD","2026-09-08T09:01:22Z","","CR","","I","TRUE","2026-09-08T09:01:22Z","2026-09-09","2031-06-20","","","TWSF","FALSE","FALSE","","35,000,000","","EUR","","","","","","","","","","","","","","","","","","","","","","","","","0.01","","","","","","0.005178","","","","","","false","","","3","","","A004","","","","","","","","823122.77881","MNTH","","","","3","","","","UFRO","EUR","","","","","false","1","","","","","","","","","","FALSE","","","","","","","","","QZTQ4GTC5QMF","NA/CDS Corp Idx","ITRAXX EUROPE"
"5181506144000000101","","NEWT","TRAD","2026-09-08T09:08:24Z","","CR","","I","TRUE","2026-09-08T09:08:24Z","2026-09-09","2031-06-20","","","TWSF","FALSE","FALSE","","13,000,000","","EUR","","","","","","","","","","","","","","","","","","","","","","","","","0.05","","","","","","0.02515","","","","","","false","","","3","","","A004","","","","","","","","1465568.62000","MNTH","","","","3","","","","UFRO","EUR","","","","","false","1","","","","","","","","","","FALSE","","","","","","","","","QZ3HM9KVK2WL","NA/CDS Corp Idx","ITRAXX EUROPE CROSSOVER"
"5186473585000000101","","NEWT","TRAD","2026-09-08T11:10:01Z","","CR","","I","TRUE","2026-09-08T11:10:01Z","2026-03-20","2031-06-20","","FALSE","BGCD","FALSE","FALSE","","10,000,000","","EUR","","","","","","","","","","","","","","","","","","","","","","","","","","","","","","","0.02515","","","","","","false","","","3","","","A004","","","","","","","","","MNTH","","","","3","","","","","","","","","","false","1","","","","","","","","","","FALSE","","","","","","","","","QZ3HM9KVK2WL","NA/CDS Corp Idx","ITRAXX EUROPE CROSSOVER"
"5186047660000000101","","NEWT","TRAD","2026-09-08T10:53:51Z","","CR","","I","TRUE","2026-09-08T10:53:51Z","2026-09-09","2031-06-20","","FALSE","BBSF","FALSE","TRUE","","40,000,000","","EUR","","","","","","","","","","","","","","","","","","","","","","","","","0.05","","","","","","0.0251375","","","","","","false","","","3","","","A004","","","","","","","","4511682.55000","MNTH","","","","3","","","","UFRO","EUR","","","","","false","1","","","","","","","","","","FALSE","","","","","","","","","QZ3HM9KVK2WL","NA/CDS Corp Idx","ITRAXX EUROPE CROSSOVER"
"5186706144000000101","","NEWT","TRAD","2026-09-08T11:17:50Z","","CR","","I","TRUE","2026-09-08T11:17:50Z","2026-09-09","2031-06-20","","FALSE","BBSF","FALSE","FALSE","","11,000,000","","USD","","","","","","","","","","","","","","","","","","","","","","","","","0.05","","","","","","0.01078514","","","","","","false","","","3","","","A004","","","","","","","","964661.48000","MNTH","","","","3","","","","UFRO","USD","","","","","false","0.98","","","","","","","","","","FALSE","","","","","","","","","QZNKTC8Z3Q57","NA/CDS Corp Idx","CDX.NA.HY"
"5184270555000000101","","NEWT","TRAD","2026-09-08T10:01:26Z","","CR","","I","TRUE","2026-09-08T10:01:26Z","2026-09-09","2031-06-20","","FALSE","BBSF","FALSE","FALSE","","50,000,000","","EUR","","","","","","","","","","","","","","","","","","","","","","","","","0.01","","","","","","0.0051589","","","","","","false","","","3","","","A004","","","","","","","","1180196.62000","MNTH","","","","3","","","","UFRO","EUR","","","","","false","1","","","","","","","","","","FALSE","","","","","","","","","QZTQ4GTC5QMF","NA/CDS Corp Idx","ITRAXX EUROPE"
"5184482157000000301","","NEWT","TRAD","2026-09-04T14:45:54Z","","CR","","I","FALSE","2026-09-04T14:45:54Z","2026-06-22","2031-06-20","","FALSE","BILT","FALSE","FALSE","FALSE","30,000,000","","EUR","","","","","","","","","","","","","","","","","","","","","","","","","0.05","","","","","","","","","","","","false","","","3","","3","A004","","","","","","","","3409478.00000","MNTH","","","","3","","","","UFRO","EUR","EUR","","","","false","1","","","","","","","","","","FALSE","","","","","","","","","QZMMRQ7D06RP","NA/CDS Corp Idx","ITRAXX EUROPE CROSSOVER"
"5183663904000000101","","NEWT","TRAD","2026-09-08T09:51:07Z","FALSE","CR","","I","TRUE","2026-09-08T09:51:07Z","2026-03-20","2031-06-20","","","BTFE","FALSE","FALSE","FALSE","13,000,000","","EUR","","","","","","","","","","","","","","","","","","","","","","","","","0.05","","","","","","","","","","","","false","","","","","","A004","","","","","","","","1467451.03440","MNTH","","","","3","","","","UFRO","EUR","","","","","false","1","","","","","","","","","","FALSE","","","","","","","","","QZ3HM9KVK2WL","NA/CDS Corp Idx","ITRAXX EUROPE CROSSOVER"
"5185180081000000101","","NEWT","TRAD","2026-09-08T10:24:24Z","","CR","","I","TRUE","2026-09-08T10:24:24Z","2026-09-09","2031-06-20","","FALSE","BBSF","FALSE","FALSE","","50,000,000","","EUR","","","","","","","","","","","","","","","","","","","","","","","","","0.01","","","","","","0.0051539","","","","","","false","","","3","","","A004","","","","","","","","1181323.13000","MNTH","","","","3","","","","UFRO","EUR","","","","","false","1","","","","","","","","","","FALSE","","","","","","","","","QZTQ4GTC5QMF","NA/CDS Corp Idx","ITRAXX EUROPE"
"5187761616000000101","","NEWT","TRAD","2026-09-08T12:25:30Z","","CR","","I","TRUE","2026-09-08T12:25:30Z","2026-09-09","2031-06-20","","FALSE","BBSF","FALSE","FALSE","","30,000,000","","USD","","","","","","","","","","","","","","","","","","","","","","","","","0.05","","","","","","0.010783","","","","","","false","","","3","","","A004","","","","","","","","2624603.33000","MNTH","","","","3","","","","UFRO","USD","","","","","false","0.98","","","","","","","","","","FALSE","","","","","","","","","QZNKTC8Z3Q57","NA/CDS Corp Idx","CDX.NA.HY"
"5187771346000000101","","NEWT","TRAD","2026-09-08T12:26:20Z","","CR","","I","FALSE","2026-09-08T12:26:20Z","2026-03-20","2031-06-20","","FALSE","TPSE","FALSE","FALSE","","10,000,000","","USD","","","","","","","","","","","","","","","","","","","","","","","","","0.01","","","","","","98.445","","USD","","","","false","","","1","","","A004","","","","","","","","","MNTH","","","","3","","","","","","USD","","","","false","1","","","","","","","OTHR","","","FALSE","","","","","","","","","QZ4JMQKL3P03","NA/CDS Corp Idx","CDX.EM"
"5187790847000000101","","NEWT","TRAD","2026-09-08T12:27:38Z","","CR","","I","TRUE","2026-09-08T12:27:38Z","2026-09-09","2031-06-20","","FALSE","BBSF","FALSE","FALSE","","56,000,000","","EUR","","","","","","","","","","","","","","","","","","","","","","","","","0.01","","","","","","0.00516","","","","","","false","","","3","","","A004","","","","","","","","1321543.94587","MNTH","","","","3","","","","UFRO","EUR","","","","","false","1","","","","","","","","","","TRUE","","","","0.000905","","3","","","QZTQ4GTC5QMF","NA/CDS Corp Idx","ITRAXX EUROPE"
"5188590341000000101","","NEWT","TRAD","2026-09-08T13:22:35Z","","CR","","I","TRUE","2026-09-08T13:22:35Z","2026-09-09","2031-06-20","","FALSE","BBSF","FALSE","FALSE","","30,000,000","","USD","","","","","","","","","","","","","","","","","","","","","","","","","0.05","","","","","","0.01078675","","","","","","false","","","3","","","A004","","","","","","","","2635628.33000","MNTH","","","","3","","","","UFRO","USD","","","","","false","0.98","","","","","","","","","","FALSE","","","","","","","","","QZNKTC8Z3Q57","NA/CDS Corp Idx","CDX.NA.HY"
"5188536002000000101","5188536002000000101","MODI","TRAD","2026-09-08T13:16:49Z","FALSE","CR","","N","FALSE","2026-08-13T18:47:53Z","2021-06-25","2057-10-17","","FALSE","BILT","FALSE","FALSE","FALSE","700,000","","USD","","","","","","","","","","","","","","","","","","","","","","","","","0.02","","","","","","","","","","","","false","","","","","","A004","","","","","","","","8385.01441","MNTH","","","","1","","","","UFRO","USD","","","","","false","0.53566742","","","","","","","","","","FALSE","","","","","","","","","QZ3RWTC5GS93","NA/CDS Mun Idx","CMBX.NA.A"
"5188548663000000101","","NEWT","TRAD","2026-09-08T13:06:45Z","","CR","","N","FALSE","2026-09-08T13:06:45Z","2026-11-18","2026-11-18","2031-06-20","FALSE","BILT","FALSE","FALSE","FALSE","400,000,000+","","USD","","","","","","","","","","","","","","","","","","","","","","","","2026-11-18","0.01","","476,000","USD","","","","","","","0.0055","","false","","","","","3","A004","","","","","","","","","MNTH","","","","3","","","","","","","","","","false","","","","","","","","","","","FALSE","","","","","","","","","QZ9Z7H8JV03N","NA/CDS Idx Swt","NA/CDS Corp Idx"
"5188551330000000101","","NEWT","TRAD","2026-09-08T13:06:45Z","","CR","","N","FALSE","2026-09-08T13:06:45Z","2026-11-18","2026-11-18","2031-06-20","FALSE","BILT","FALSE","FALSE","FALSE","400,000,000+","","USD","","","","","","","","","","","","","","","","","","","","","","","","2026-11-18","0.01","","840,000","USD","","","","","","","0.0055","","false","","","","","3","A004","","","","","","","","","MNTH","","","","3","","","","","","","","","","false","","","","","","","","","","","FALSE","","","","","","","","","QZDRFGQM4073","NA/CDS Idx Swt","NA/CDS Corp Idx"
"5187941371000000101","5187829978000000201","EROR","","2026-09-08T12:29:58Z","","CR","","I","","2026-09-08T12:29:58Z","2026-03-20","2031-06-20","","","","FALSE","","FALSE","25,000,000","","EUR","","","","","","","","","","","","","","","","","","","","","","","","","0.01","","","","","","","","","","","","false","","","","","","","","","","","","","","591101.00000","","","","","","","","","UFRO","EUR","","","","","false","1","","","","","","","","","","FALSE","","","","","","","","","QZTQ4GTC5QMF","NA/CDS Corp Idx","ITRAXX EUROPE"
"5187664263000000101","","NEWT","TRAD","2026-09-08T12:09:41Z","","CR","","N","FALSE","2026-09-08T12:09:41Z","2026-03-20","2031-06-20","2031-06-20","TRUE","BILT","FALSE","TRUE","TRUE","344,160,034+","","EUR","","","","","","","","","","","","","","","","","","","","","","","","2027-01-20","0.01","","456,442.2","EUR","","","","","","","0.007","","false","","","","","3","A004","","","","","","","","","MNTH","","","","3","","","","","","","","","","false","1","","","","","","","","","","FALSE","","","","","","","","","QZX75BBR2PZH","NA/CDS Idx Swt","NA/CDS Corp Idx"
"5187827006000000101","","NEWT","TRAD","2026-09-08T12:30:00Z","","CR","","I","TRUE","2026-09-08T12:30:00Z","2026-09-09","2031-06-20","","","TWSF","FALSE","TRUE","","163,476,016+","","EUR","","","","","","","","","","","","","","","","","","","","","","","","","0.01","","","","","","0.005155","","","","","","false","","","3","","","A004","","","","","","","","3861525.66719","MNTH","","","","3","","","","UFRO","EUR","","","","","false","1","","","","","","","","","","FALSE","","","","","","","","","QZTQ4GTC5QMF","NA/CDS Corp Idx","ITRAXX EUROPE"
"5188052245000000101","","NEWT","TRAD","2026-09-08T12:47:44Z","","CR","","I","TRUE","2026-09-08T12:47:44Z","2026-09-09","2031-06-20","","FALSE","BBSF","FALSE","FALSE","","5,000,000","","USD","","","","","","","","","","","","","","","","","","","","","","","","","0.05","","","","","","0.0107846","","","","","","false","","","3","","","A004","","","","","","","","438217.89000","MNTH","","","","3","","","","UFRO","USD","","","","","false","0.98","","","","","","","","","","FALSE","","","","","","","","","QZNKTC8Z3Q57","NA/CDS Corp Idx","CDX.NA.HY"
"5188052176000000101","","NEWT","TRAD","2026-09-08T12:47:29Z","","CR","","I","TRUE","2026-09-08T12:47:29Z","2026-09-09","2031-06-20","","","TWSF","FALSE","FALSE","","42,000,000","","USD","","","","","","","","","","","","","","","","","","","","","","","","","0.05","","","","","","0.01078462","","","","","","false","","","3","","","A004","","","","","","","","3681112.59000","MNTH","","","","3","","","","UFRO","USD","","","","","false","0.98","","","","","","","","","","FALSE","","","","","","","","","QZNKTC8Z3Q57","NA/CDS Corp Idx","CDX.NA.HY"
"5188078282000000201","","NEWT","TRAD","2026-09-08T12:49:23Z","","CR","","I","TRUE","2026-09-08T12:49:23Z","2026-09-09","2031-06-20","","FALSE","BBSF","FALSE","FALSE","","50,000,000","","USD","","","","","","","","","","","","","","","","","","","","","","","","","0.01","","","","","","0.0050194","","","","","","false","","","3","","","A004","","","","","","","","1177222.61000","MNTH","","","","3","","","","UFRO","USD","","","","","false","1","","","","","","","","","","FALSE","","","","","","","","","QZ3WVVQG5T8K","NA/CDS Corp Idx","CDX.NA.IG"
"5188125862000000101","","NEWT","TRAD","2026-09-08T12:53:13Z","","CR","","I","TRUE","2026-09-08T12:53:13Z","2026-09-09","2031-06-20","","FALSE","BBSF","FALSE","FALSE","","25,000,000","","USD","","","","","","","","","","","","","","","","","","","","","","","","","0.01","","","","","","0.005014","","","","","","false","","","3","","","A004","","","","","","","","589201.12000","MNTH","","","","3","","","","UFRO","USD","","","","","false","1","","","","","","","","","","FALSE","","","","","","","","","QZ3WVVQG5T8K","NA/CDS Corp Idx","CDX.NA.IG"
"5188069213000000101","","NEWT","TRAD","2026-09-08T12:48:41Z","","CR","","I","TRUE","2026-09-08T12:48:41Z","2026-09-09","2031-06-20","","","TWSF","FALSE","TRUE","","200,000,000","","USD","","","","","","","","","","","","","","","","","","","","","","","","","0.01","","","","","","0.0050203","","","","","","false","","","3","","","A004","","","","","","","","4708104.02000","MNTH","","","","3","","","","UFRO","USD","","","","","false","1","","","","","","","","","","FALSE","","","","","","","","","QZ3WVVQG5T8K","NA/CDS Corp Idx","CDX.NA.IG"
"5188246057000000101","","NEWT","TRAD","2026-09-08T13:02:38Z","","CR","","I","TRUE","2026-09-08T13:02:38Z","2026-09-09","2031-06-20","","","TWSF","FALSE","FALSE","","50,000,000","","USD","","","","","","","","","","","","","","","","","","","","","","","","","0.01","","","","","","0.0050135","","","","","","false","","","3","","","A004","","","","","","","","1178511.46000","MNTH","","","","3","","","","UFRO","USD","","","","","false","1","","","","","","","","","","FALSE","","","","","","","","","QZ3WVVQG5T8K","NA/CDS Corp Idx","CDX.NA.IG"
"5187506766000000101","","NEWT","TRAD","2026-09-08T11:59:32Z","","CR","","I","TRUE","2026-09-08T11:59:32Z","2026-09-09","2031-06-20","","FALSE","BBSF","FALSE","FALSE","","50,000,000","","USD","","","","","","","","","","","","","","","","","","","","","","","","","0.01","","","","","","0.00503234","","","","","","false","","","3","","","A004","","","","","","","","1174396.06000","MNTH","","","","3","","","","UFRO","USD","","","","","false","1","","","","","","","","","","FALSE","","","","","","","","","QZ3WVVQG5T8K","NA/CDS Corp Idx","CDX.NA.IG"
"5188297913000000101","","NEWT","TRAD","2026-09-08T13:08:39Z","","CR","","I","TRUE","2026-09-08T13:08:39Z","2026-09-09","2031-06-20","","","TWSF","FALSE","FALSE","","12,000,000","","USD","","","","","","","","","","","","","","","","","","","","","","","","","0.01","","","","","","0.0050123","","","","","","false","","","3","","","A004","","","","","","","","282905.10516","MNTH","","","","3","","","","UFRO","USD","","","","","false","1","","","","","","","","","","FALSE","","","","","","","","","QZ3WVVQG5T8K","NA/CDS Corp Idx","CDX.NA.IG"
"5187980273000000101","","NEWT","TRAD","2026-09-08T12:41:55Z","","CR","","I","TRUE","2026-09-08T12:41:55Z","2026-09-09","2031-06-20","","","TWSF","FALSE","FALSE","","10,000,000","","USD","","","","","","","","","","","","","","","","","","","","","","","","","0.01","","","","","","0.00502611","","","","","","false","","","3","","","A004","","","","","","","","235151.00484","MNTH","","","","3","","","","UFRO","USD","","","","","false","1","","","","","","","","","","FALSE","","","","","","","","","QZ3WVVQG5T8K","NA/CDS Corp Idx","CDX.NA.IG"
"5187425572000000101","","NEWT","TRAD","2026-09-08T11:52:17Z","","CR","","I","TRUE","2026-09-08T11:52:17Z","2026-09-09","2031-06-20","","FALSE","BBSF","FALSE","FALSE","","5,000,000","","EUR","","","","","","","","","","","","","","","","","","","","","","","","","0.05","","","","","","0.025116","","","","","","false","","","3","","","A004","","","","","","","","564442.12000","MNTH","","","","3","","","","UFRO","EUR","","","","","false","1","","","","","","","","","","FALSE","","","","","","","","","QZ3HM9KVK2WL","NA/CDS Corp Idx","ITRAXX EUROPE CROSSOVER"
"5187283571000000201","","NEWT","TRAD","2026-09-08T11:40:10Z","","CR","","I","TRUE","2026-09-08T11:40:10Z","2026-09-09","2031-06-20","","FALSE","BBSF","FALSE","TRUE","","46,000,000","","EUR","","","","","","","","","","","","","","","","","","","","","","","","","0.05","","","","","","0.025159","","","","","","false","","","3","","","A004","","","","","","","","5183998.88839","MNTH","","","","3","","","","UFRO","EUR","","","","","false","1","","","","","","","","","","TRUE","","","","0.002955","","3","","","QZ3HM9KVK2WL","NA/CDS Corp Idx","ITRAXX EUROPE CROSSOVER"
"5187300661000000101","","NEWT","TRAD","2026-09-08T11:41:14Z","","CR","","I","TRUE","2026-09-08T11:41:14Z","2026-09-09","2031-06-20","","FALSE","BBSF","FALSE","TRUE","","35,000,000","","EUR","","","","","","","","","","","","","","","","","","","","","","","","","0.05","","","","","","0.02514","","","","","","false","","","3","","","A004","","","","","","","","3947330.10000","MNTH","","","","3","","","","UFRO","EUR","","","","","false","1","","","","","","","","","","FALSE","","","","","","","","","QZ3HM9KVK2WL","NA/CDS Corp Idx","ITRAXX EUROPE CROSSOVER"
"5187567520000000101","","NEWT","TRAD","2026-09-08T12:07:45Z","","CR","","I","TRUE","2026-09-08T12:07:45Z","2026-09-09","2036-06-20","","","TWSF","FALSE","FALSE","","5,000,000","","USD","","","","","","","","","","","","","","","","","","","","","","","","","0.01","","","","","","0.0090797","","","","","","false","","","3","","","A004","","","","","","","","45632.81086","MNTH","","","","3","","","","UFRO","USD","","","","","false","1","","","","","","","","","","FALSE","","","","","","","","","QZ21S8101WKL","NA/CDS Corp Idx","CDX.NA.IG"
"5186396225000000101","","NEWT","TRAD","2026-09-08T11:07:03Z","","CR","","I","TRUE","2026-09-08T11:07:03Z","2026-09-09","2031-06-20","","FALSE","BBSF","FALSE","TRUE","","163,476,016+","","EUR","","","","","","","","","","","","","","","","","","","","","","","","","0.01","","","","","","0.0051695","","","","","","false","","","3","","","A004","","","","","","","","3850854.54401","MNTH","","","","3","","","","UFRO","EUR","","","","","false","1","","","","","","","","","","FALSE","","","","","","","","","QZTQ4GTC5QMF","NA/CDS Corp Idx","ITRAXX EUROPE"
"5187051799000000101","","NEWT","TRAD","2026-09-08T11:31:12Z","","CR","","I","TRUE","2026-09-08T11:31:12Z","2026-09-09","2031-06-20","","","TWSF","FALSE","FALSE","","35,000,000","","USD","","","","","","","","","","","","","","","","","","","","","","","","","0.01","","","","","","0.00502","","","","","","false","","","3","","","A004","","","","","","","","823964.08000","MNTH","","","","3","","","","UFRO","USD","","","","","false","1","","","","","","","","","","FALSE","","","","","","","","","QZ3WVVQG5T8K","NA/CDS Corp Idx","CDX.NA.IG"
"5187192196000000101","","NEWT","TRAD","2026-09-08T11:37:03Z","","CR","","I","FALSE","2026-09-08T11:37:03Z","2026-09-09","2031-06-20","","","TWSF","FALSE","FALSE","","2,000,000","","USD","","","","","","","","","","","","","","","","","","","","","","","","","0.05","","","","","","0.01078666","","","","","","false","","","3","","","A004","","","","","","","","175690.92000","MNTH","","","","3","","","","UFRO","USD","","","","","false","0.98","","","","","","","","","","FALSE","","","","","","","","","QZNKTC8Z3Q57","NA/CDS Corp Idx","CDX.NA.HY"
"5185865948000000201","","NEWT","TRAD","2026-09-08T10:48:12Z","","CR","","I","TRUE","2026-09-08T10:48:12Z","2026-09-09","2031-06-20","","FALSE","BBSF","FALSE","TRUE","","46,461,605+","","EUR","","","","","","","","","","","","","","","","","","","","","","","","","0.05","","","","","","0.025146","","","","","","false","","","3","","","A004","","","","","","","","5238718.67008","MNTH","","","","3","","","","UFRO","EUR","","","","","false","1","","","","","","","","","","TRUE","","","","0.0029215","","3","","","QZ3HM9KVK2WL","NA/CDS Corp Idx","ITRAXX EUROPE CROSSOVER"
"5193249895000000101","","NEWT","TRAD","2026-09-08T19:28:16Z","","CR","","I","TRUE","2026-09-08T19:28:16Z","2026-09-09","2031-06-20","","FALSE","BBSF","FALSE","FALSE","","10,000,000","","USD","","","","","","","","","","","","","","","","","","","","","","","","","0.05","","","","","","0.01078225","","","","","","false","","","3","","","A004","","","","","","","","874132.78000","MNTH","","","","3","","","","UFRO","USD","","","","","false","0.98","","","","","","","","","","FALSE","","","","","","","","","QZNKTC8Z3Q57","NA/CDS Corp Idx","CDX.NA.HY"
"5193390370000000101","","NEWT","TRAD","2026-09-08T19:36:17Z","","CR","","I","TRUE","2026-09-08T19:36:17Z","2026-09-09","2031-06-20","","FALSE","BBSF","FALSE","FALSE","","200,000","","USD","","","","","","","","","","","","","","","","","","","","","","","","","0.01","","","","","","0.005031","","","","","","false","","","3","","","A004","","","","","","","","4698.75000","MNTH","","","","3","","","","UFRO","USD","","","","","false","1","","","","","","","","","","FALSE","","","","","","","","","QZ3WVVQG5T8K","NA/CDS Corp Idx","CDX.NA.IG"
"5192390896000000101","","NEWT","TRAD","2026-09-08T18:10:26Z","","CR","","N","FALSE","2026-09-08T06:06:06Z","2026-09-08","2057-12-17","","TRUE","BILT","FALSE","FALSE","FALSE","20,000,000","","USD","","","","","","","","","","","","","","","","","","","","","","","","","0.005","","","","","","","","","","","","false","","","","","","A004","","","","","","","","916805.06000","MNTH","","","","1","","","","UFRO","USD","","","","","false","0.998033928","","","","","","","","","","FALSE","","","","","","","","","QZ3LC847MW49","NA/CDS Corp Idx","CMBX.NA.AAA"
"5192543724000000101","","NEWT","TRAD","2026-09-08T18:17:54Z","","CR","","N","FALSE","2026-09-08T06:07:31Z","2026-09-08","2058-12-17","","TRUE","BILT","FALSE","FALSE","FALSE","30,000,000","","USD","","","","","","","","","","","","","","","","","","","","","","","","","0.005","","","","","","","","","","","","false","","","","","","A004","","","","","","","","1274791.67000","MNTH","","","","1","","","","UFRO","USD","","","","","false","1","","","","","","","","","","FALSE","","","","","","","","","QZZ8Q5RQCQ51","NA/CDS Corp Idx","CMBX.NA.AAA"
"5192661924000000301","","NEWT","NOVA","2026-09-08T18:22:07Z","","CR","","N","FALSE","2026-09-08T18:22:07Z","2023-09-20","2030-12-20","2030-12-20","FALSE","BILT","FALSE","FALSE","FALSE","19,000,000","","EUR","","","","","","","","","","","","","","","","","","","","","","","","","0.01","","","","","","","","","","","","false","","","","","","A004","","","","","","","","","MNTH","","","","3","","","","","","","","","","false","1","","","","","","","","","","FALSE","","","","","","","","","QZZZX4J5B7VS","NA/CDS Corp Idx","ITRAXX EUROPE"
"5192723494000000201","","NEWT","TRAD","2026-09-08T18:26:27Z","","CR","","I","TRUE","2026-09-08T18:26:27Z","2026-09-09","2031-06-20","","FALSE","BBSF","FALSE","FALSE","","100,000,000","","USD","","","","","","","","","","","","","","","","","","","","","","","","","0.01","","","","","","0.005015","","","","","","false","","","3","","","A004","","","","","","","","2356362.85616","MNTH","","","","3","","","","UFRO","USD","","","","","false","1","","","","","","","","","","TRUE","","","","0.0025275","","3","","","QZ3WVVQG5T8K","NA/CDS Corp Idx","CDX.NA.IG"
"5192778015000000101","1736165331000004401","REVI","","2026-09-08T18:30:22Z","","CR","","N","FALSE","2025-11-19T07:51:34Z","2025-09-22","2030-12-20","2030-12-20","FALSE","BILT","FALSE","FALSE","FALSE","26,000,000","","USD","","","","","","","","","","","","","","","","","","","","","","","","","0.05","","","","","","","","","","","","true","","","","","","A004","","","","","","","","","MNTH","","","","3","","","","","","","","","","false","1","","","","","","","","","","FALSE","","","","","","","","","QZQWH12BK7Q2","NA/CDS Corp Idx Tra","CDX.NA.HY"
"5192780473000000101","","NEWT","TRAD","2026-09-08T18:32:08Z","","CR","","I","TRUE","2026-09-08T18:32:08Z","2026-09-09","2031-06-20","","FALSE","BBSF","FALSE","FALSE","","25,000,000","","USD","","","","","","","","","","","","","","","","","","","","","","","","","0.05","","","","","","0.0107845","","","","","","false","","","3","","","A004","","","","","","","","2190844.44000","MNTH","","","","3","","","","UFRO","USD","","","","","false","0.98","","","","","","","","","","FALSE","","","","","","","","","QZNKTC8Z3Q57","NA/CDS Corp Idx","CDX.NA.HY"
"5192784230000000201","1157825208","TERM","NOVA","2024-09-18T18:11:59Z","","CR","","N","FALSE","2024-09-18T18:11:59Z","2026-09-09","2027-12-20","2027-12-20","TRUE","BILT","FALSE","FALSE","TRUE","2,000,000","","USD","","","","","","","","","","","","","","","","","","","","","","","","","0.1062","","","","","","","","","","","","false","","","","","","A001","","","","","","","","","MNTH","","","","3","","","","","","","","","","false","1","","","","","","","","","","FALSE","","","","","","","","","QZ6CJRNWZ7SD","NA/Cr Sw Bskt CDS Corp Au",""
"5192825574000000201","","NEWT","TRAD","2026-09-08T18:44:34Z","","CR","","I","TRUE","2026-09-08T18:44:34Z","2026-09-09","2031-06-20","","FALSE","BBSF","FALSE","TRUE","","52,000,000","","USD","","","","","","","","","","","","","","","","","","","","","","","","","0.05","","","","","","0.010785","","","","","","false","","","3","","","A004","","","","","","","","4559501.63638","MNTH","","","","3","","","","UFRO","USD","","","","","false","0.98","","","","","","","","","","TRUE","","","","-0.000175","","3","","","QZNKTC8Z3Q57","NA/CDS Corp Idx","CDX.NA.HY"
"5192889144000000101","","NEWT","TRAD","2026-09-08T19:01:13Z","","CR","","I","TRUE","2026-09-08T19:01:13Z","2026-09-09","2031-06-20","","FALSE","BBSF","FALSE","FALSE","","10,000,000","","USD","","","","","","","","","","","","","","","","","","","","","","","","","0.05","","","","","","0.01078226","","","","","","false","","","3","","","A004","","","","","","","","874142.58000","MNTH","","","","3","","","","UFRO","USD","","","","","false","0.98","","","","","","","","","","FALSE","","","","","","","","","QZNKTC8Z3Q57","NA/CDS Corp Idx","CDX.NA.HY"
"5192896606000000101","5192894258000000101","MODI","TRAD","2026-09-08T19:02:57Z","TRUE","CR","","I","TRUE","2026-09-08T19:02:27Z","2026-03-20","2031-06-20","","FALSE","TPSE","FALSE","FALSE","","25,000,000","","USD","","","","","","","","","","","","","","","","","","","","","","","","","0.01","","","","","","0.005025","","","","","","false","","","3","","","A004","","","","","","","","","MNTH","","","","3","","","","","","USD","","","","false","1","","","","","","","OTHR","","","FALSE","","","","","","","","","QZ3WVVQG5T8K","NA/CDS Corp Idx","CDX.NA.IG"
"5192952319000000101","","NEWT","TRAD","2026-09-08T19:05:30Z","","CR","","I","TRUE","2026-09-08T19:05:30Z","2026-03-20","2031-06-20","","","BILT","FALSE","FALSE","FALSE","15,000,000","","USD","","","","","","","","","","","","","","","","","","","","","","","","","0.05","","","","","","","","","","","","false","","","","","","A004","","","","","","","","1310832.00000","MNTH","","","","3","","","","UFRO","USD","","","","","false","0.98","","","","","","","","","","FALSE","","","","","","","","","QZNKTC8Z3Q57","NA/CDS Corp Idx","CDX.NA.HY"
"5192973266000000202","","NEWT","TRAD","2026-09-08T19:11:51Z","","CR","","I","TRUE","2026-09-08T19:11:51Z","2026-03-20","2031-06-20","","FALSE","TPSE","FALSE","FALSE","","10,000,000","","USD","","","","","","","","","","","","","","","","","","","","","","","","","0.05","","","","","","107.815","","USD","","","","false","","","1","","","A004","","","","","","","","","MNTH","","","","3","","","","","","USD","","","","false","0.98","","","","","","","OTHR","","","FALSE","","","","","","","","","QZNKTC8Z3Q57","NA/CDS Corp Idx","CDX.NA.HY"
"5193006004000000101","","NEWT","TRAD","2026-09-08T19:14:36Z","","CR","","I","TRUE","2026-09-08T19:14:36Z","2026-09-09","2031-06-20","","FALSE","BBSF","FALSE","FALSE","","75,000,000","","USD","","","","","","","","","","","","","","","","","","","","","","","","","0.01","","","","","","0.0050258","","","","","","false","","","3","","","A004","","","","","","","","1763736.88000","MNTH","","","","3","","","","UFRO","USD","","","","","false","1","","","","","","","","","","FALSE","","","","","","","","","QZ3WVVQG5T8K","NA/CDS Corp Idx","CDX.NA.IG"
"5189126622000000101","","NEWT","TRAD","2026-09-08T14:18:32Z","","CR","","I","TRUE","2026-09-08T14:18:32Z","2026-09-09","2031-06-20","","FALSE","BBSF","FALSE","FALSE","","25,000,000","","USD","","","","","","","","","","","","","","","","","","","","","","","","","0.05","","","","","","0.01078455","","","","","","false","","","3","","","A004","","","","","","","","2190966.94000","MNTH","","","","3","","","","UFRO","USD","","","","","false","0.98","","","","","","","","","","FALSE","","","","","","","","","QZNKTC8Z3Q57","NA/CDS Corp Idx","CDX.NA.HY"
"5189137894000000101","","NEWT","TRAD","2026-09-08T14:20:35Z","","CR","","I","TRUE","2026-09-08T14:20:35Z","2026-09-09","2031-06-20","","","TWSF","FALSE","FALSE","","50,000,000","","EUR","","","","","","","","","","","","","","","","","","","","","","","","","0.01","","","","","","0.0051614","","","","","","false","","","3","","","A004","","","","","","","","1179633.38000","MNTH","","","","3","","","","UFRO","EUR","","","","","false","1","","","","","","","","","","FALSE","","","","","","","","","QZTQ4GTC5QMF","NA/CDS Corp Idx","ITRAXX EUROPE"
"5189191812000000101","","NEWT","TRAD","2026-09-08T14:28:10Z","","CR","","I","TRUE","2026-09-08T14:28:10Z","2026-09-09","2031-06-20","","FALSE","BBSF","FALSE","FALSE","","1,000,000","","USD","","","","","","","","","","","","","","","","","","","","","","","","","0.05","","","","","","0.010784","","","","","","false","","","3","","","A004","","","","","","","","87584.69423","MNTH","","","","3","","","","UFRO","USD","","","","","false","0.98","","","","","","","","","","FALSE","","","","","","","","","QZNKTC8Z3Q57","NA/CDS Corp Idx","CDX.NA.HY"
"5189208547000000101","","NEWT","TRAD","2026-09-08T14:30:27Z","","CR","","I","TRUE","2026-09-08T14:30:27Z","2026-09-09","2031-06-20","","","TWSF","FALSE","FALSE","","50,000,000","","USD","","","","","","","","","","","","","","","","","","","","","","","","","0.01","","","","","","0.0050177","","","","","","false","","","3","","","A004","","","","","","","","1177593.97000","MNTH","","","","3","","","","UFRO","USD","","","","","false","1","","","","","","","","","","FALSE","","","","","","","","","QZ3WVVQG5T8K","NA/CDS Corp Idx","CDX.NA.IG"
"5189124270000000101","","NEWT","TRAD","2026-09-08T14:17:58Z","","CR","","I","TRUE","2026-09-08T14:17:58Z","2026-09-09","2031-06-20","","","TWSF","FALSE","TRUE","","250,000,000+","","USD","","","","","","","","","","","","","","","","","","","","","","","","","0.01","","","","","","0.005018","","","","","","false","","","3","","","A004","","","","","","","","5887618.59943","MNTH","","","","3","","","","UFRO","USD","","","","","false","1","","","","","","","","","","FALSE","","","","","","","","","QZ3WVVQG5T8K","NA/CDS Corp Idx","CDX.NA.IG"
"5189255144000000201","","NEWT","TRAD","2026-09-08T14:36:30Z","","CR","","N","TRUE","2026-09-08T14:36:30Z","2026-03-20","2031-06-20","","FALSE","BMTF","FALSE","FALSE","FALSE","50,000,000","","USD","","","","","","","","","","","","","","","","","","","","","","","","","0.01","","","","","","","","","","","","false","","","","","","A004","","","","","","","","1176589.12000","MNTH","","","","3","","","","UFRO","USD","","","","","false","1","","","","","","","","","","FALSE","","","","","","","","","QZ3WVVQG5T8K","NA/CDS Corp Idx","CDX.NA.IG"
"5189180849000000101","","NEWT","TRAD","2026-09-08T14:26:16Z","","CR","","N","TRUE","2026-09-08T14:26:16Z","2026-03-20","2031-06-20","","FALSE","TWEM","FALSE","FALSE","TRUE","150,000,000","","EUR","","","","","","","","","","","","","","","","","","","","","","","","","0.01","","","","","","","","","","","","false","","","","","","A004","","","","","","","","3538359.45000","MNTH","","","","3","","","","UFRO","EUR","","","","","false","1","","","","","","","","","","FALSE","","","","","","","","","QZTQ4GTC5QMF","NA/CDS Corp Idx","ITRAXX EUROPE"
"5189283787000000101","","NEWT","TRAD","2026-09-08T14:40:09Z","","CR","","I","TRUE","2026-09-08T14:40:09Z","2026-09-09","2031-06-20","","","TWSF","FALSE","FALSE","","9,000,000","","USD","","","","","","","","","","","","","","","","","","","","","","","","","0.05","","","","","","0.01078405","","","","","","false","","","3","","","A004","","","","","","","","788307.10000","MNTH","","","","3","","","","UFRO","USD","","","","","false","0.98","","","","","","","","","","FALSE","","","","","","","","","QZNKTC8Z3Q57","NA/CDS Corp Idx","CDX.NA.HY"
"5189297906000000101","","NEWT","TRAD","2026-09-08T14:41:57Z","","CR","","I","TRUE","2026-09-08T14:41:57Z","2026-09-09","2031-06-20","","FALSE","BBSF","FALSE","FALSE","","25,000,000","","USD","","","","","","","","","","","","","","","","","","","","","","","","","0.05","","","","","","0.01078446","","","","","","false","","","3","","","A004","","","","","","","","2190746.44000","MNTH","","","","3","","","","UFRO","USD","","","","","false","0.98","","","","","","","","","","FALSE","","","","","","","","","QZNKTC8Z3Q57","NA/CDS Corp Idx","CDX.NA.HY"
"5189343169000000101","","NEWT","TRAD","2026-09-08T14:49:00Z","","CR","","I","TRUE","2026-09-08T14:49:00Z","2026-09-09","2031-06-20","","FALSE","BBSF","FALSE","FALSE","","10,000,000","","EUR","","","","","","","","","","","","","","","","","","","","","","","","","0.05","","","","","","0.02506","","","","","","false","","","3","","","A004","","","","","","","","1131394.81000","MNTH","","","","3","","","","UFRO","EUR","","","","","false","1","","","","","","","","","","FALSE","","","","","","","","","QZ3HM9KVK2WL","NA/CDS Corp Idx","ITRAXX EUROPE CROSSOVER"
"5189390307000000201","","NEWT","TRAD","2026-09-08T14:57:06Z","","CR","","I","FALSE","2026-09-08T14:57:06Z","2026-03-20","2031-06-20","","","GFSO","FALSE","FALSE","FALSE","30,000,000","","EUR","","","","","","","","","","","","","","","","","","","","","","","","","0.05","","","","","","","","","","","","false","","","","","","A004","","","","","","","","3395530.00000","MNTH","","","","3","","","","UFRO","EUR","","","","","false","1","","","","","","","","","","FALSE","","","","","","","","","QZ3HM9KVK2WL","NA/CDS Corp Idx","ITRAXX EUROPE CROSSOVER"
"5189575135000000101","","NEWT","TRAD","2026-09-08T15:28:19Z","","CR","","I","TRUE","2026-09-08T15:28:19Z","2026-09-09","2030-12-20","","FALSE","BBSF","FALSE","FALSE","","4,000,000","","USD","","","","","","","","","","","","","","","","","","","","","","","","","0.05","","","","","","0.01078275","","","","","","false","","","3","","","A004","","","","","","","","346279.22000","MNTH","","","","3","","","","UFRO","USD","","","","","false","0.97","","","","","","","","","","FALSE","","","","","","","","","QZ35NTGD6NVQ","NA/CDS Corp Idx","CDX.NA.HY"
"5189588850000000101","","NEWT","TRAD","2026-09-08T15:31:19Z","","CR","","I","FALSE","2026-09-08T15:31:19Z","2026-09-09","2031-06-20","","","TWSF","FALSE","FALSE","","40,000,000","","USD","","","","","","","","","","","","","","","","","","","","","","","","","0.01","","","","","","0.00502033","","","","","","false","","","3","","","A004","","","","","","","","941615.56000","MNTH","","","","3","","","","UFRO","USD","","","","","false","1","","","","","","","","","","FALSE","","","","","","","","","QZ3WVVQG5T8K","NA/CDS Corp Idx","CDX.NA.IG"
"5189602924000000101","","NEWT","TRAD","2026-09-08T15:34:51Z","","CR","","I","FALSE","2026-09-08T15:34:51Z","2026-09-09","2031-06-20","","","TWSF","FALSE","FALSE","","18,000,000","","EUR","","","","","","","","","","","","","","","","","","","","","","","","","0.05","","","","","","0.025055","","","","","","false","","","3","","","A004","","","","","","","","2036914.23000","MNTH","","","","3","","","","UFRO","EUR","","","","","false","1","","","","","","","","","","FALSE","","","","","","","","","QZ3HM9KVK2WL","NA/CDS Corp Idx","ITRAXX EUROPE CROSSOVER"
"5189484808000000101","","NEWT","TRAD","2026-09-08T15:09:01Z","","CR","","N","FALSE","2026-09-08T15:09:01Z","2026-09-08","2026-10-21","2031-06-20","FALSE","BILT","FALSE","FALSE","TRUE","50,000,000","","USD","","","","","","","","","","","","","","","","","","","","","","","","2026-10-21","0.01","","21,250","USD","","","","","","","0.00575","","false","","","","","3","A004","","","","","","","","","MNTH","","","","3","","","","","","","","","","false","1","","","","","","","","","","FALSE","","","","","","","","","QZT4QS79CCTS","NA/CDS Idx Swt","NA/CDS Corp Idx"
"5189562666000000101","","NEWT","TRAD","2026-09-08T15:25:19Z","","CR","","I","TRUE","2026-09-08T15:25:19Z","2026-09-09","2030-12-20","","","TWSF","FALSE","TRUE","","76,000,000+","","USD","","","","","","","","","","","","","","","","","","","","","","","","","0.05","","","","","","0.01078275","","","","","","false","","","3","","","A004","","","","","","","","6579313.87844","MNTH","","","","3","","","","UFRO","USD","","","","","false","0.97","","","","","","","","","","TRUE","","","","-0.0225","","3","","","QZ35NTGD6NVQ","NA/CDS Corp Idx","CDX.NA.HY"
"5189636258000000201","","NEWT","TRAD","2026-09-08T15:42:10Z","","CR","","I","TRUE","2026-09-08T15:42:10Z","2026-09-09","2031-06-20","","FALSE","BBSF","FALSE","FALSE","","25,000,000","","USD","","","","","","","","","","","","","","","","","","","","","","","","","0.05","","","","","","0.010784","","","","","","false","","","3","","","A004","","","","","","","","2189619.44000","MNTH","","","","3","","","","UFRO","USD","","","","","false","0.98","","","","","","","","","","FALSE","","","","","","","","","QZNKTC8Z3Q57","NA/CDS Corp Idx","CDX.NA.HY"
"5189636075000000101","5146185298000000201","MODI","TRAD","2026-09-08T15:41:59Z","FALSE","CR","","N","TRUE","2026-09-04T19:36:45Z","2025-09-22","2030-12-20","","FALSE","BILT","FALSE","FALSE","FALSE","600,000","","USD","","","","","","","","","","","","","","","","","","","","","","","","","0.01","","","","","","","","","","","","false","","","","","","A004","","","","","","","","","MNTH","","","","3","","","","","","","","","","false","1","","","","","","","","","","FALSE","","","","","","","","","QZN3HTTN5303","NA/CDS Corp Idx","CDX.NA.IG"
"5189639015000000101","","NEWT","TRAD","2026-09-08T15:43:06Z","","CR","","I","TRUE","2026-09-08T15:43:06Z","2026-09-09","2031-06-20","","FALSE","BBSF","FALSE","FALSE","","55,000,000","","USD","","","","","","","","","","","","","","","","","","","","","","","","","0.01","","","","","","0.00502","","","","","","false","","","3","","","A004","","","","","","","","1294800.69000","MNTH","","","","3","","","","UFRO","USD","","","","","false","1","","","","","","","","","","TRUE","0.000545","","3","","","","","","QZ3WVVQG5T8K","NA/CDS Corp Idx","CDX.NA.IG"
"5189554896000000201","","NEWT","TRAD","2026-09-08T15:23:26Z","","CR","","I","FALSE","2026-09-08T15:23:26Z","2026-09-09","2031-06-20","","","TWSF","FALSE","FALSE","","40,000,000","","USD","","","","","","","","","","","","","","","","","","","","","","","","","0.01","","","","","","0.00502222","","","","","","false","","","3","","","A004","","","","","","","","941285.28000","MNTH","","","","3","","","","UFRO","USD","","","","","false","1","","","","","","","","","","FALSE","","","","","","","","","QZ3WVVQG5T8K","NA/CDS Corp Idx","CDX.NA.IG"
"5178909350000000101","","NEWT","TRAD","2026-09-08T08:24:05Z","","CR","","I","TRUE","2026-09-08T08:24:05Z","2026-09-09","2031-06-20","","FALSE","BBSF","FALSE","FALSE","","32,000,000","","EUR","","","","","","","","","","","","","","","","","","","","","","","","","0.05","","","","","","0.025215","","","","","","false","","","3","","","A004","","","","","","","","3598235.05000","MNTH","","","","3","","","","UFRO","EUR","","","","","false","1","","","","","","","","","","FALSE","","","","","","","","","QZ3HM9KVK2WL","NA/CDS Corp Idx","ITRAXX EUROPE CROSSOVER"
"5190614284000000101","","NEWT","TRAD","2026-09-08T16:35:58Z","","CR","","I","TRUE","2026-09-08T16:35:58Z","2026-09-09","2031-06-20","","FALSE","BBSF","FALSE","FALSE","","15,000,000","","USD","","","","","","","","","","","","","","","","","","","","","","","","","0.05","","","","","","0.01078225","","","","","","false","","","3","","","A004","","","","","","","","1311199.17000","MNTH","","","","3","","","","UFRO","USD","","","","","false","0.98","","","","","","","","","","FALSE","","","","","","","","","QZNKTC8Z3Q57","NA/CDS Corp Idx","CDX.NA.HY"
"5188480332000000101","","NEWT","TRAD","2026-09-08T13:13:05Z","","CR","","I","TRUE","2026-09-08T13:13:05Z","2026-09-09","2030-12-20","","FALSE","BBSF","FALSE","TRUE","","46,461,605+","","EUR","","","","","","","","","","","","","","","","","","","","","","","","","0.05","","","","","","0.0220875","","","","","","false","","","3","","","A004","","","","","","","","5400041.99087","MNTH","","","","3","","","","UFRO","EUR","","","","","false","1","","","","","","","","","","TRUE","","","","0.00295","","3","","","QZ5F5FRS4TR9","NA/CDS Corp Idx","ITRAXX EUROPE CROSSOVER"
"5189403912000000101","","NEWT","TRAD","2026-09-08T14:59:24Z","","CR","","N","FALSE","2026-09-08T14:59:24Z","2026-09-09","2026-10-21","2031-06-20","FALSE","BILT","FALSE","FALSE","TRUE","400,000,000+","","USD","","","","","","","","","","","","","","","","","","","","","","","","2026-10-21","0.01","","122,001.525","USD","","","","","","","62.5","USD","false","","","","","1","A004","","","","","","","","","MNTH","","","","3","","","","","","","","","","false","","","","","","","","","","","FALSE","","","","","","","","","QZ7WW76RFHN3","NA/CDS Idx Swt","NA/CDS Corp Idx"
"5189533488000000101","","NEWT","TRAD","2026-09-08T15:19:45Z","","CR","","I","TRUE","2026-09-08T15:19:45Z","2026-09-09","2031-06-20","","FALSE","BBSF","FALSE","FALSE","","15,000,000","","EUR","","","","","","","","","","","","","","","","","","","","","","","","","0.05","","","","","","0.0250345","","","","","","false","","","3","","","A004","","","","","","","","1698807.54000","MNTH","","","","3","","","","UFRO","EUR","","","","","false","1","","","","","","","","","","FALSE","","","","","","","","","QZ3HM9KVK2WL","NA/CDS Corp Idx","ITRAXX EUROPE CROSSOVER"
"5189492681000000201","","NEWT","TRAD","2026-09-08T15:13:46Z","","CR","","I","TRUE","2026-09-08T15:13:46Z","2026-09-09","2031-06-20","","FALSE","BBSF","FALSE","FALSE","","3,000,000","","USD","","","","","","","","","","","","","","","","","","","","","","","","","0.05","","","","","","0.01078383","","","","","","false","","","3","","","A004","","","","","","","","262705.23337","MNTH","","","","3","","","","UFRO","USD","","","","","false","0.98","","","","","","","","","","FALSE","","","","","","","","","QZNKTC8Z3Q57","NA/CDS Corp Idx","CDX.NA.HY"
"5189492680000000101","","NEWT","TRAD","2026-09-08T15:13:46Z","","CR","","I","TRUE","2026-09-08T15:13:46Z","2026-09-09","2031-06-20","","","TWSF","FALSE","FALSE","","10,000,000","","EUR","","","","","","","","","","","","","","","","","","","","","","","","","0.05","","","","","","0.025041","","","","","","false","","","3","","","A004","","","","","","","","1132246.84000","MNTH","","","","3","","","","UFRO","EUR","","","","","false","1","","","","","","","","","","FALSE","","","","","","","","","QZ3HM9KVK2WL","NA/CDS Corp Idx","ITRAXX EUROPE CROSSOVER"
"5189498157000000101","","NEWT","TRAD","2026-09-08T15:14:30Z","","CR","","I","TRUE","2026-09-08T15:14:30Z","2026-09-09","2031-06-20","","FALSE","BBSF","FALSE","FALSE","","20,000,000","","EUR","","","","","","","","","","","","","","","","","","","","","","","","","0.05","","","","","","0.0250388","","","","","","false","","","3","","","A004","","","","","","","","2264691.02000","MNTH","","","","3","","","","UFRO","EUR","","","","","false","1","","","","","","","","","","FALSE","","","","","","","","","QZ3HM9KVK2WL","NA/CDS Corp Idx","ITRAXX EUROPE CROSSOVER"
"5189440366000000301","","NEWT","TRAD","2026-09-08T15:05:13Z","","CR","","I","TRUE","2026-09-08T15:05:13Z","2026-09-09","2031-06-20","","","TWSF","FALSE","FALSE","","26,000,000","","USD","","","","","","","","","","","","","","","","","","","","","","","","","0.01","","","","","","0.0050211","","","","","","false","","","3","","","A004","","","","","","","","611962.65000","MNTH","","","","3","","","","UFRO","USD","","","","","false","1","","","","","","","","","","FALSE","","","","","","","","","QZ3WVVQG5T8K","NA/CDS Corp Idx","CDX.NA.IG"
"5189331794000000101","","NEWT","TRAD","2026-09-08T14:47:31Z","","CR","","I","TRUE","2026-09-08T14:47:31Z","2026-09-09","2031-06-20","","","TWSF","FALSE","TRUE","","71,000,000","","USD","","","","","","","","","","","","","","","","","","","","","","","","","0.05","","","","","","0.01078419","","","","","","false","","","3","","","A004","","","","","","","","6219841.24000","MNTH","","","","3","","","","UFRO","USD","","","","","false","0.98","","","","","","","","","","FALSE","","","","","","","","","QZNKTC8Z3Q57","NA/CDS Corp Idx","CDX.NA.HY"
"5189361621000000101","","NEWT","TRAD","2026-09-08T14:33:09Z","FALSE","CR","","N","FALSE","2026-09-08T14:33:09Z","2026-09-09","2029-12-20","","FALSE","BILT","FALSE","FALSE","TRUE","20,000,000","","EUR","","","","","","","","","","","","","","","","","","","","","","","","","0.05","","","","","","","","","","","","false","","","","","","A004","","","","","","","","6417683.00000","MNTH","","","","3","","","","UFRO","EUR","","","","","false","1","","","","","","","","","","FALSE","","","","","","","","","QZX67T7KBNBB","NA/CDS Corp Idx Tra","ITRAXX EUROPE CROSSOVER"
"5189248193000000101","","NEWT","TRAD","2026-09-08T14:35:36Z","","CR","","N","FALSE","2026-09-02T07:18:06Z","2026-09-02","2057-12-17","","TRUE","BILT","FALSE","FALSE","TRUE","50,000,000+","","USD","","","","","","","","","","","","","","","","","","","","","","","","","0.005","","","","","","","","","","","","false","","","","","","A004","","","","","","","","231673.57560","MNTH","","","","1","","","","UFRO","USD","","","","","false","0.998033928","","","","","","","","","","FALSE","","","","","","","","","QZ3LC847MW49","NA/CDS Corp Idx","CMBX.NA.AAA"
"5189400307000000101","","NEWT","TRAD","2026-09-08T14:59:03Z","","CR","","I","TRUE","2026-09-08T14:59:03Z","2026-09-09","2031-06-20","","","TWSF","FALSE","TRUE","","50,000,000","","USD","","","","","","","","","","","","","","","","","","","","","","","","","0.05","","","","","","0.0107835","","","","","","false","","","3","","","A004","","","","","","","","4376788.89000","MNTH","","","","3","","","","UFRO","USD","","","","","false","0.98","","","","","","","","","","FALSE","","","","","","","","","QZNKTC8Z3Q57","NA/CDS Corp Idx","CDX.NA.HY"
"5189501855000000101","5189499481000000101","MODI","TRAD","2026-09-08T15:15:13Z","TRUE","CR","","I","TRUE","2026-09-08T15:14:46Z","2026-03-20","2031-06-20","","FALSE","TPSE","FALSE","FALSE","","10,000,000","","USD","","","","","","","","","","","","","","","","","","","","","","","","","0.05","","","","","","107.84","","USD","","","","false","","","1","","","A004","","","","","","","","","MNTH","","","","3","","","","","","USD","","","","false","0.98","","","","","","","OTHR","","","FALSE","","","","","","","","","QZNKTC8Z3Q57","NA/CDS Corp Idx","CDX.NA.HY"
"5188714189000000101","","NEWT","TRAD","2026-09-08T13:31:46Z","","CR","","I","TRUE","2026-09-08T13:31:46Z","2026-09-09","2031-06-20","","FALSE","BBSF","FALSE","FALSE","","10,000,000","","EUR","","","","","","","","","","","","","","","","","","","","","","","","","0.05","","","","","","0.025018","","","","","","false","","","3","","","A004","","","","","","","","1133276.71061","MNTH","","","","3","","","","UFRO","EUR","","","","","false","1","","","","","","","","","","FALSE","","","","","","","","","QZ3HM9KVK2WL","NA/CDS Corp Idx","ITRAXX EUROPE CROSSOVER"
"5188752609000000101","","NEWT","TRAD","2026-09-08T13:34:33Z","","CR","","I","TRUE","2026-09-08T13:34:33Z","2026-09-09","2031-06-20","","FALSE","BBSF","FALSE","FALSE","","5,000,000","","USD","","","","","","","","","","","","","","","","","","","","","","","","","0.01","","","","","","0.00501333","","","","","","false","","","3","","","A004","","","","","","","","117854.86000","MNTH","","","","3","","","","UFRO","USD","","","","","false","1","","","","","","","","","","FALSE","","","","","","","","","QZ3WVVQG5T8K","NA/CDS Corp Idx","CDX.NA.IG"
"5188466455000000101","877713556","MODI","TRAD","2026-09-08T13:06:23Z","TRUE","CR","","N","FALSE","2023-12-29T14:56:39Z","2023-12-29","2032-12-31","","FALSE","BILT","FALSE","FALSE","TRUE","170,000,000","","USD","","","","","","","","","","","","","","","","","","","","","","","","","","","","","","","0","0","","","","","false","","","3","3","","","","","","","","","","","MNTH","","","","1","","","","","","USD","","","","false","1","","","","","","","","","","FALSE","","","","","","","","","QZCN85MXLGFS","NA/CDS Corp Idx","CDX.NA.HY"
"5188904216000000101","","NEWT","TRAD","2026-09-08T13:49:24Z","","CR","","I","TRUE","2026-09-08T13:49:24Z","2026-09-09","2031-06-20","","","TWSF","FALSE","FALSE","","15,000,000","","USD","","","","","","","","","","","","","","","","","","","","","","","","","0.05","","","","","","0.01078556","","","","","","false","","","3","","","A004","","","","","","","","1316064.87000","MNTH","","","","3","","","","UFRO","USD","","","","","false","0.98","","","","","","","","","","FALSE","","","","","","","","","QZNKTC8Z3Q57","NA/CDS Corp Idx","CDX.NA.HY"
"5188575915000000101","","NEWT","TRAD","2026-09-08T13:21:27Z","","CR","","N","FALSE","2026-09-08T13:21:27Z","2026-09-09","2026-11-18","2031-06-20","FALSE","BILT","FALSE","FALSE","TRUE","400,000,000+","","USD","","","","","","","","","","","","","","","","","","","","","","","","2026-11-18","0.01","","160,000","USD","","","","","","","70","USD","false","","","","","1","A004","","","","","","","","","MNTH","","","","3","","","","","","","","","","false","","","","","","","","","","","FALSE","","","","","","","","","QZ7WW76RFHN3","NA/CDS Idx Swt","NA/CDS Corp Idx"
"5188911336000000201","","NEWT","TRAD","2026-09-08T13:50:13Z","","CR","","I","FALSE","2026-09-08T13:50:13Z","2026-09-09","2031-06-20","","","TWSF","FALSE","FALSE","","3,000,000","","EUR","","","","","","","","","","","","","","","","","","","","","","","","","0.01","","","","","","0.0051486","","","","","","false","","","3","","","A004","","","","","","","","70951.03200","MNTH","","","","3","","","","UFRO","EUR","","","","","false","1","","","","","","","","","","FALSE","","","","","","","","","QZTQ4GTC5QMF","NA/CDS Corp Idx","ITRAXX EUROPE"
"5188991965000000101","","NEWT","TRAD","2026-09-08T13:59:20Z","","CR","","I","TRUE","2026-09-08T13:59:20Z","2026-09-09","2031-06-20","","","BTFE","FALSE","FALSE","FALSE","10,000,000","","EUR","","","","","","","","","","","","","","","","","","","","","","","","","","","","","","","","","","","","","false","","","","","","A004","","","","","","","","236470.11000","MNTH","","","","3","","","","UFRO","EUR","","","","","false","1","","","","","","","","","","FALSE","","","","","","","","","QZTQ4GTC5QMF","NA/CDS Corp Idx","ITRAXX EUROPE"
"5188881884000000201","","NEWT","TRAD","2026-09-08T13:46:35Z","","CR","","I","TRUE","2026-09-08T13:46:35Z","2026-09-09","2031-06-20","","FALSE","BBSF","FALSE","TRUE","","40,000,000","","EUR","","","","","","","","","","","","","","","","","","","","","","","","","0.05","","","","","","0.0250419","","","","","","false","","","3","","","A004","","","","","","","","4528825.93000","MNTH","","","","3","","","","UFRO","EUR","","","","","false","1","","","","","","","","","","FALSE","","","","","","","","","QZ3HM9KVK2WL","NA/CDS Corp Idx","ITRAXX EUROPE CROSSOVER"
"5188884248000000101","","NEWT","TRAD","2026-09-08T13:36:24Z","FALSE","CR","","I","FALSE","2026-09-08T13:36:24Z","2023-03-20","2028-06-20","","","TSCD","FALSE","FALSE","TRUE","13,000,000","","EUR","","","","","","","","","","","","","","","","","","","","","","","","","0.05","","","","","","","","","","","","false","","","","","","A004","","","","","","","","863521.29736","MNTH","","","","3","","","","UFRO","EUR","","","","","false","0.94665","","","","","","","","","","FALSE","","","","","","","","","QZ6FM8459K9M","NA/CDS Corp Idx","ITRAXX EUROPE CROSSOVER"
"5188817578000000201","","NEWT","TRAD","2026-09-08T13:38:40Z","","CR","","I","FALSE","2026-09-08T13:38:40Z","2023-09-20","2028-12-20","","","TSCD","FALSE","FALSE","TRUE","12,000,000","","EUR","","","","","","","","","","","","","","","","","","","","","","","","","0.05","","","","","","","","","","","","false","","","","","","A004","","","","","","","","925962.29978","MNTH","","","","3","","","","UFRO","EUR","","","","","false","0.94665","","","","","","","","","","FALSE","","","","","","","","","QZ2Q1GQSPKPM","NA/CDS Corp Idx","ITRAXX EUROPE CROSSOVER"
"5188885256000000101","","NEWT","TRAD","2026-09-08T13:38:49Z","FALSE","CR","","I","FALSE","2026-09-08T13:38:49Z","2023-09-20","2028-12-20","","","TSCD","FALSE","FALSE","TRUE","10,000,000","","EUR","","","","","","","","","","","","","","","","","","","","","","","","","0.05","","","","","","","","","","","","false","","","","","","A004","","","","","","","","771635.06000","MNTH","","","","3","","","","UFRO","EUR","","","","","false","0.94665","","","","","","","","","","FALSE","","","","","","","","","QZ2Q1GQSPKPM","NA/CDS Corp Idx","ITRAXX EUROPE CROSSOVER"
"5189063079000000101","","NEWT","TRAD","2026-09-08T14:08:37Z","","CR","","I","TRUE","2026-09-08T14:08:37Z","2026-09-09","2031-06-20","","FALSE","BBSF","FALSE","FALSE","","15,000,000","","USD","","","","","","","","","","","","","","","","","","","","","","","","","0.05","","","","","","0.01078475","","","","","","false","","","3","","","A004","","","","","","","","1314874.17000","MNTH","","","","3","","","","UFRO","USD","","","","","false","0.98","","","","","","","","","","FALSE","","","","","","","","","QZNKTC8Z3Q57","NA/CDS Corp Idx","CDX.NA.HY"
"5189066497000000101","","NEWT","TRAD","2026-09-08T14:08:29Z","","CR","","I","TRUE","2026-09-08T14:08:29Z","2026-09-09","2031-06-20","","","BTFE","FALSE","FALSE","FALSE","100,000,000","","EUR","","","","","","","","","","","","","","","","","","","","","","","","","","","","","","","","","","","","","false","","","","","","A004","","","","","","","","2361429.62000","MNTH","","","","3","","","","UFRO","EUR","","","","","false","1","","","","","","","","","","FALSE","","","","","","","","","QZTQ4GTC5QMF","NA/CDS Corp Idx","ITRAXX EUROPE"
"5188946306000000101","","NEWT","TRAD","2026-09-08T13:52:16Z","","CR","","N","FALSE","2026-09-08T13:51:09Z","2026-09-08","2026-09-16","2031-06-20","FALSE","BILT","FALSE","FALSE","TRUE","250,000,000","","USD","","","","","","","","","","","","","","","","","","","","","","","","2026-09-16","0.01","","118,750","USD","","","","","","","0.0051","","false","","","","","3","A004","","","","","","","","","MNTH","","","","3","","","","","","","","","","false","1","","","","","","","","","","FALSE","","","","","","","","","QZ7WW76RFHN3","NA/CDS Idx Swt","NA/CDS Corp Idx"
"5189162125000000101","","NEWT","TRAD","2026-09-08T14:24:00Z","","CR","","I","TRUE","2026-09-08T14:24:00Z","2026-09-09","2031-06-20","","FALSE","BBSF","FALSE","FALSE","","100,000,000","","USD","","","","","","","","","","","","","","","","","","","","","","","","","0.01","","","","","","0.0050191","","","","","","false","","","3","","","A004","","","","","","","","2354576.28000","MNTH","","","","3","","","","UFRO","USD","","","","","false","1","","","","","","","","","","FALSE","","","","","","","","","QZ3WVVQG5T8K","NA/CDS Corp Idx","CDX.NA.IG"
"5189206787000000101","","NEWT","TRAD","2026-09-08T14:30:10Z","","CR","","I","TRUE","2026-09-08T14:30:10Z","2026-09-09","2031-06-20","","FALSE","BBSF","FALSE","FALSE","","5,000,000","","USD","","","","","","","","","","","","","","","","","","","","","","","","","0.05","","","","","","0.01078422","","","","","","false","","","3","","","A004","","","","","","","","438031.69000","MNTH","","","","3","","","","UFRO","USD","","","","","false","0.98","","","","","","","","","","FALSE","","","","","","","","","QZNKTC8Z3Q57","NA/CDS Corp Idx","CDX.NA.HY"
"5193013732000000101","","NEWT","TRAD","2026-09-08T19:14:43Z","","CR","","N","FALSE","2026-09-08T19:14:43Z","2026-09-08","2027-09-08","","FALSE","BILT","FALSE","FALSE","TRUE","320,000,000","","USD","","","","","","","","","","","","","","","","","","","","","","","","","0.01375","","","","","","","","","","","","false","","","","","","A006","","","","","","","","4533414.75726","MNTH","","","","6","","","","PEXH","USD","USD","","","","false","","","","","","","","","","","FALSE","","","","","","","","","QZCFCBXBL9K6","NA/CDS Corp SN","DTD 11/15/2020"
"5193672529000000101","","NEWT","TRAD","2026-09-08T19:50:30Z","","CR","","I","TRUE","2026-09-08T19:50:30Z","2026-09-09","2031-06-20","","FALSE","BBSF","FALSE","FALSE","","43,000,000","","USD","","","","","","","","","","","","","","","","","","","","","","","","","0.05","","","","","","0.01077923","","","","","","false","","","3","","","A004","","","","","","","","3746050.06539","MNTH","","","","3","","","","UFRO","USD","","","","","false","0.98","","","","","","","","","","FALSE","","","","","","","","","QZNKTC8Z3Q57","NA/CDS Corp Idx","CDX.NA.HY"
"5193673928000000101","","NEWT","TRAD","2026-09-08T19:50:55Z","","CR","","I","FALSE","2026-09-08T19:50:55Z","2026-09-09","2031-06-20","","FALSE","BBSF","FALSE","FALSE","","25,000,000","","USD","","","","","","","","","","","","","","","","","","","","","","","","","0.01","","","","","","0.009845","","","","","","false","","","3","","","A004","","","","","","","","332638.89000","MNTH","","","","3","","","","UFRO","USD","","","","","false","1","","","","","","","","","","FALSE","","","","","","","","","QZ4JMQKL3P03","NA/CDS Corp Idx","CDX.EM"
"5193690367000000101","","NEWT","TRAD","2026-09-08T19:52:26Z","","CR","","I","TRUE","2026-09-08T19:52:26Z","2026-09-09","2031-06-20","","FALSE","BBSF","FALSE","FALSE","","25,000,000","","USD","","","","","","","","","","","","","","","","","","","","","","","","","0.01","","","","","","0.005037","","","","","","false","","","3","","","A004","","","","","","","","586689.11000","MNTH","","","","3","","","","UFRO","USD","","","","","false","1","","","","","","","","","","FALSE","","","","","","","","","QZ3WVVQG5T8K","NA/CDS Corp Idx","CDX.NA.IG"
"5193801280000000101","","NEWT","TRAD","2026-09-08T19:57:02Z","","CR","","I","TRUE","2026-09-08T19:57:02Z","2026-09-09","2031-06-20","","","TWSF","FALSE","FALSE","","10,000,000","","USD","","","","","","","","","","","","","","","","","","","","","","","","","0.05","","","","","","0.01077806","","","","","","false","","","3","","","A004","","","","","","","","870026.58000","MNTH","","","","3","","","","UFRO","USD","","","","","false","0.98","","","","","","","","","","FALSE","","","","","","","","","QZNKTC8Z3Q57","NA/CDS Corp Idx","CDX.NA.HY"
"5193800866000000101","","NEWT","TRAD","2026-09-08T19:56:55Z","","CR","","I","TRUE","2026-09-08T19:56:55Z","2026-09-09","2031-06-20","","FALSE","BBSF","FALSE","FALSE","","5,000,000","","USD","","","","","","","","","","","","","","","","","","","","","","","","","0.05","","","","","","0.01077777","","","","","","false","","","3","","","A004","","","","","","","","434871.19000","MNTH","","","","3","","","","UFRO","USD","","","","","false","0.98","","","","","","","","","","FALSE","","","","","","","","","QZNKTC8Z3Q57","NA/CDS Corp Idx","CDX.NA.HY"
"5195308922000000101","","NEWT","TRAD","2026-09-08T20:50:53Z","","CR","","I","TRUE","2026-09-08T20:50:53Z","2026-09-09","2031-06-20","","FALSE","BBSF","FALSE","FALSE","","130,000,000","","USD","","","","","","","","","","","","","","","","","","","","","","","","","0.01","","","","","","0.00504111","","","","","","false","","","3","","","A004","","","","","","","","3048449.41440","MNTH","","","","3","","","","UFRO","USD","","","","","false","1","","","","","","","","","","FALSE","","","","","","","","","QZ3WVVQG5T8K","NA/CDS Corp Idx","CDX.NA.IG"
"5195396759000000201","5192390896000000101","CORR","","2026-09-08T20:54:51Z","","CR","","N","FALSE","2026-09-08T06:06:06Z","2026-09-08","2057-12-17","","TRUE","BILT","FALSE","FALSE","FALSE","20,000,000","","USD","","","","","","","","","","","","","","","","","","","","","","","","","0.005","","","","","","","","","","","","false","","","","","","A004","","","","","","","","95635.96000","MNTH","","","","1","","","","UFRO","USD","","","","","false","0.998033928","","","","","","","","","","FALSE","","","","","","","","","QZ3LC847MW49","NA/CDS Corp Idx","CMBX.NA.AAA"
"5195658682000000101","5191157835000000101","EROR","","2026-09-08T21:11:53Z","","CR","","","","2026-09-08T17:11:44Z","2026-09-08","2027-01-20","","","","","","FALSE","","","","","","","","","","","","","","","","","","","","","","","","","","","","0.01","","","","","","","","","","","","","","","","","","","","","","","","","","","","","","","","","","","","","","","","","","","","","","","","","","","","","","","","","","","","","QZT4QS79CCTS","NA/CDS Idx Swt","NA/CDS Corp Idx"
"5195786096000000101","5189594699000000301","EROR","","2026-09-08T21:34:52Z","","CR","","","","2026-09-08T15:23:10Z","2026-09-09","2058-12-17","","","","","","FALSE","","","","","","","","","","","","","","","","","","","","","","","","","","","","0.005","","","","","","","","","","","","","","","","","","","","","","","","","","133497.70000","","","","","","","","","UFRO","USD","","","","","","","","","","","","","","","","","","","","","","","","","QZSR16NMZ9SM","NA/CDS Corp Idx","CMBX.NA.AAA"
"5176128775000000101","","NEWT","TRAD","2026-09-08T07:23:04Z","","CR","","I","FALSE","2026-09-08T07:23:04Z","2026-09-09","2031-06-20","","","TWSF","FALSE","FALSE","","15,000,000","","USD","","","","","","","","","","","","","","","","","","","","","","","","","0.01","","","","","","0.006555","","","","","","false","","","3","","","A004","","","","","","","","253122.83000","MNTH","","","","3","","","","UFRO","USD","","","","","false","1","","","","","","","","","","FALSE","","","","","","","","","QZD2VPNQ9ZFX","NA/CDS Corp Idx","ITRAXX ASIA EX-JAPAN IG"
"5190931979000000101","","NEWT","TRAD","2026-09-08T17:03:27Z","","CR","","I","FALSE","2026-09-08T17:03:27Z","2026-09-09","2031-06-20","","FALSE","BBSF","FALSE","FALSE","","4,000,000","","USD","","","","","","","","","","","","","","","","","","","","","","","","","0.01","","","","","","0.0098484","","","","","","false","","","3","","","A004","","","","","","","","51862.22000","MNTH","","","","3","","","","UFRO","USD","","","","","false","1","","","","","","","","","","FALSE","","","","","","","","","QZ4JMQKL3P03","NA/CDS Corp Idx","CDX.EM"
"5190777761000000101","","NEWT","NOVA","2026-09-03T17:58:55Z","","CR","","N","FALSE","2026-09-03T17:58:52Z","2022-05-03","2064-11-18","2064-11-18","FALSE","BILT","FALSE","FALSE","FALSE","2,000,000","","USD","","","","","","","","","","","","","","","","","","","","","","","","","0.02","","","","","","","","","","","","false","","","","","","A004","","","","","","","","","","","","","","","","","","","","","","","false","1","","","","","","","","","","FALSE","","","","","","","","","QZ41VJ08XMM9","NA/CDS Corp Idx","CMBX.NA.A"
"5190865373000000601","3555333889000000601","MODI","TRAD","2026-09-03T21:41:08Z","FALSE","CR","","N","FALSE","2026-06-05T21:31:19Z","2026-09-05","2064-11-15","2064-11-15","TRUE","BILT","FALSE","FALSE","TRUE","87,000,000","","USD","","","","","","","","","","","","","","","","","","","","","","","","","","","","","","","","","","","","","false","","","","","","","","A004","","DAIL","","1","","5659.98766","","","","","","","","","UFRO","USD","USD","","","","true","","","","","","","","OPET","","","FALSE","","","","","","","","","QZWBC8GZ8TBN","NA/CDS Corp Oth","Basket"
"5190865372000000501","3482595795000000601","MODI","TRAD","2026-09-04T12:23:41Z","FALSE","CR","","N","FALSE","2026-06-03T16:59:02Z","2026-09-05","2065-10-15","2065-10-15","TRUE","BILT","FALSE","FALSE","TRUE","11,000,000","","USD","","","","","","","","","","","","","","","","","","","","","","","","","","","","","","","","","","","","","false","","","","","","","","A004","","DAIL","","1","","6410.64850","","","","","","","","","UFRO","USD","USD","","","","true","","","","","","","","OPET","","","FALSE","","","","","","","","","QZWBC8GZ8TBN","NA/CDS Corp Oth","Basket"
"5190865371000000401","3555341574000000301","MODI","TRAD","2026-09-03T21:40:41Z","FALSE","CR","","N","FALSE","2026-06-05T21:27:54Z","2026-09-05","2064-11-15","2064-11-15","TRUE","BILT","FALSE","FALSE","TRUE","160,000,000","","USD","","","","","","","","","","","","","","","","","","","","","","","","","","","","","","","","","","","","","false","","","","","","","","A004","","DAIL","","1","","18403.14414","","","","","","","","","UFRO","USD","USD","","","","true","","","","","","","","OPET","","","FALSE","","","","","","","","","QZWBC8GZ8TBN","NA/CDS Corp Oth","Basket"
"5191228078000000101","2236403502000001501","MODI","TRAD","2026-09-08T17:13:00Z","TRUE","CR","","N","FALSE","2026-09-04T22:34:01Z","2026-03-03","2026-12-20","","FALSE","BILT","FALSE","FALSE","TRUE","4,000,000","","USD","","","","","","","","","","","","","","","","","","","","","","","","","0.05","","","","","","","","","","","","false","","","","","","A004","","","","","","","","257653.98128","MNTH","","","","3","","","","UFRO","USD","","","","","false","0.94","","","","","","","","","","FALSE","","","","","","","","","QZZZP5HMNGBJ","NA/CDS Mun Idx Tra","CDX.NA.HY"
"5191234201000000201","5148448928000006601","MODI","TRAD","2026-09-08T17:13:02Z","TRUE","CR","","N","FALSE","2026-09-04T22:33:53Z","2025-08-02","2026-12-20","","FALSE","BILT","FALSE","FALSE","TRUE","900,000","","USD","","","","","","","","","","","","","","","","","","","","","","","","","0.05","","","","","","","","","","","","false","","","","","","A004","","","","","","","","66063.93000","MNTH","","","","3","","","","UFRO","USD","","","","","false","0.94","","","","","","","","","","FALSE","","","","","","","","","QZZZP5HMNGBJ","NA/CDS Mun Idx Tra","CDX.NA.HY"
"5191157822000000101","5148448926000006401","MODI","TRAD","2026-09-08T17:13:18Z","TRUE","CR","","N","FALSE","2026-09-04T22:33:51Z","2025-08-02","2026-12-20","","FALSE","BILT","FALSE","FALSE","TRUE","1,000,000","","USD","","","","","","","","","","","","","","","","","","","","","","","","","0.05","","","","","","","","","","","","false","","","","","","A004","","","","","","","","66828.76394","MNTH","","","","3","","","","UFRO","USD","","","","","false","0.94","","","","","","","","","","FALSE","","","","","","","","","QZZZP5HMNGBJ","NA/CDS Mun Idx Tra","CDX.NA.HY"
"5191228371000000101","2236403509000002201","MODI","TRAD","2026-09-08T17:14:14Z","TRUE","CR","","N","FALSE","2026-09-04T22:33:49Z","2026-03-03","2026-12-20","","FALSE","BILT","FALSE","FALSE","TRUE","2,000,000","","USD","","","","","","","","","","","","","","","","","","","","","","","","","0.05","","","","","","","","","","","","false","","","","","","A004","","","","","","","","354149.14246","MNTH","","","","3","","","","UFRO","USD","","","","","false","0.94","","","","","","","","","","FALSE","","","","","","","","","QZZZP5HMNGBJ","NA/CDS Mun Idx Tra","CDX.NA.HY"
"5191248549000000401","2236403500000001301","MODI","TRAD","2026-09-08T17:14:27Z","TRUE","CR","","N","FALSE","2026-09-04T22:33:56Z","2026-03-03","2028-12-20","","FALSE","BILT","FALSE","FALSE","TRUE","6,000,000","","USD","","","","","","","","","","","","","","","","","","","","","","","","","0.05","","","","","","","","","","","","false","","","","","","A004","","","","","","","","1033499.43216","MNTH","","","","3","","","","UFRO","USD","","","","","false","0.97","","","","","","","","","","FALSE","","","","","","","","","QZS27VSGPF30","NA/CDS Mun Idx Tra","CDX.NA.HY"
"5191412086000000301","2236403508000002101","MODI","TRAD","2026-09-08T17:15:25Z","TRUE","CR","","N","FALSE","2026-09-04T22:33:45Z","2026-03-03","2026-12-20","","FALSE","BILT","FALSE","FALSE","TRUE","2,000,000","","USD","","","","","","","","","","","","","","","","","","","","","","","","","0.05","","","","","","","","","","","","false","","","","","","A004","","","","","","","","412317.38208","MNTH","","","","3","","","","UFRO","USD","","","","","false","0.94","","","","","","","","","","FALSE","","","","","","","","","QZZZP5HMNGBJ","NA/CDS Mun Idx Tra","CDX.NA.HY"
"5191413052000000201","2863325613000001401","MODI","TRAD","2026-09-08T17:15:34Z","TRUE","CR","","N","FALSE","2026-09-04T22:33:43Z","2026-02-15","2026-12-20","","FALSE","BILT","FALSE","FALSE","TRUE","8,000,000","","USD","","","","","","","","","","","","","","","","","","","","","","","","","0.05","","","","","","","","","","","","false","","","","","","A004","","","","","","","","13933632.54513","MNTH","","","","3","","","","UFRO","USD","","","","","false","0.94","","","","","","","","","","FALSE","","","","","","","","","QZZZP5HMNGBJ","NA/CDS Mun Idx Tra","CDX.NA.HY"
"5191413051000000101","2236403500000001301","MODI","TRAD","2026-09-08T17:16:09Z","TRUE","CR","","N","FALSE","2026-09-04T22:33:56Z","2026-03-03","2028-12-20","","FALSE","BILT","FALSE","FALSE","TRUE","6,000,000","","USD","","","","","","","","","","","","","","","","","","","","","","","","","0.05","","","","","","","","","","","","false","","","","","","A004","","","","","","","","1033499.43216","MNTH","","","","3","","","","UFRO","USD","","","","","false","0.97","","","","","","","","","","FALSE","","","","","","","","","QZS27VSGPF30","NA/CDS Mun Idx Tra","CDX.NA.HY"
"5191234206000000701","5148448939000007701","MODI","TRAD","2026-09-08T17:15:48Z","TRUE","CR","","N","FALSE","2012-09-24T16:25:50Z","2012-09-24","2045-07-25","","FALSE","BILT","FALSE","FALSE","TRUE","11,000,000","","USD","","","","","","","","","","","","","","","","","","","","","","","","","0.0054","","","","","","","","","","","","false","","","","","","A004","","","","","","","","","MNTH","","","","1","","","","","","","","","","false","0.35254195","","","","","","","","","","FALSE","","","","","","","","","QZ51GRC7P7KK","NA/CDS Mun Idx","ABX.HE.A"
"5191379612000000101","5148448918000005601","MODI","TRAD","2026-09-08T17:16:14Z","TRUE","CR","","N","FALSE","2026-09-04T22:33:50Z","2025-08-02","2026-12-20","","FALSE","BILT","FALSE","FALSE","TRUE","800,000","","USD","","","","","","","","","","","","","","","","","","","","","","","","","0.05","","","","","","","","","","","","false","","","","","","A004","","","","","","","","50600.25000","MNTH","","","","3","","","","UFRO","USD","","","","","false","0.94","","","","","","","","","","FALSE","","","","","","","","","QZZZP5HMNGBJ","NA/CDS Mun Idx Tra","CDX.NA.HY"
"5187985379000000401","5187980210000000201","MODI","TRAD","2026-09-08T12:42:03Z","TRUE","CR","","I","TRUE","2026-09-08T12:41:40Z","2026-03-20","2031-06-20","","FALSE","TPSE","FALSE","FALSE","","10,000,000","","EUR","","","","","","","","","","","","","","","","","","","","","","","","","0.05","","","","","","0.02505","","","","","","false","","","3","","","A004","","","","","","","","","MNTH","","","","3","","","","","","EUR","","","","false","1","","","","","","","OTHR","","","TRUE","","","","0.002956","","3","","","QZ3HM9KVK2WL","NA/CDS Corp Idx","ITRAXX EUROPE CROSSOVER"
"5187711829000000101","","NEWT","TRAD","2026-09-08T12:21:58Z","","CR","","I","TRUE","2026-09-08T12:21:58Z","2026-09-09","2031-06-20","","","TWSF","FALSE","FALSE","","22,000,000","","USD","","","","","","","","","","","","","","","","","","","","","","","","","0.01","","","","","","0.0050299","","","","","","false","","","3","","","A004","","","","","","","","516971.25574","MNTH","","","","3","","","","UFRO","USD","","","","","false","1","","","","","","","","","","FALSE","","","","","","","","","QZ3WVVQG5T8K","NA/CDS Corp Idx","CDX.NA.IG"
"5187435884000000101","","NEWT","TRAD","2026-09-08T11:53:05Z","","CR","","I","FALSE","2026-09-08T11:53:05Z","2026-03-20","2031-06-20","","","TSCD","FALSE","FALSE","FALSE","25,000,000","","EUR","","","","","","","","","","","","","","","","","","","","","","","","","0.01","","","","","","","","","","","","false","","","","","","A004","","","","","","","","589692.78000","MNTH","","","","3","","","","UFRO","EUR","","","","","false","1","","","","","","","","","","FALSE","","","","","","","","","QZTQ4GTC5QMF","NA/CDS Corp Idx","ITRAXX EUROPE"
"5195999097000000101","2390261952000000101","MODI","TRAD","2026-09-08T22:30:40Z","TRUE","CR","","N","FALSE","2024-06-12T15:15:30Z","2024-06-14","2027-01-11","","FALSE","BILT","FALSE","FALSE","TRUE","220,000,000","","USD","","","","","","","","","","","","","","","","","","","","","","","","","","","","","","","","","","","","","false","","","","","","","","","","","","","","0.00000","","","","","","","","","UFRO","USD","USD","","","","true","","","","","","","","","","","FALSE","","","","","","","","","QZRR0D5S3SHF","NA/CDS Corp Basket","Basket"
"5194772297000000101","","NEWT","TRAD","2026-09-08T16:16:06Z","","CR","","N","FALSE","2026-09-08T16:16:06Z","2026-03-20","2031-06-20","2031-06-20","FALSE","XOFF","FALSE","FALSE","TRUE","250,000,000","","USD","","","","","","","","","","","","","","","","","","","","","","","","2027-01-20","0.01","","261,250","USD","","","","","","","70","","false","","","","","3","A004","","","","","","","","","MNTH","","","","3","","","","","","","","","","false","","","","","","","","","","","FALSE","","","","","","","","","QZPHWDSZ4TSJ","NA/CDS Idx Swt","NA/CDS Corp Idx"
"5193899623000000101","","NEWT","TRAD","2026-09-08T20:01:14Z","","CR","","I","TRUE","2026-09-08T20:01:14Z","2026-09-09","2031-06-20","","","TWSF","FALSE","FALSE","","3,000,000","","USD","","","","","","","","","","","","","","","","","","","","","","","","","0.05","","","","","","0.0107784","","","","","","false","","","3","","","A004","","","","","","","","261107.93000","MNTH","","","","3","","","","UFRO","USD","","","","","false","0.98","","","","","","","","","","FALSE","","","","","","","","","QZNKTC8Z3Q57","NA/CDS Corp Idx","CDX.NA.HY"
"5194165675000000101","1371902374000000401","TERM","ETRM","2026-09-08T20:09:37Z","","CR","","N","","2025-12-08T17:09:47Z","2025-12-09","2026-09-20","","FALSE","BILT","FALSE","","FALSE","75,000,000","75,000,000","USD","USD","","","","","","","","","","","","","","","","","","","","","","","","0","","","","","","","","","","","","false","","","","","","","","","","","DAIL","","1","669457.71000","","","MNTH","","","","3","","UFRO","USD","USD","USD","","","false","1","","","","","","","","","","FALSE","","","","","","","","","QZKPG0C1CR7B","NA/CDS Corp Idx","IBOXX USD LIQUID HIGH YIELD INDEX"
"5194202543000000101","","NEWT","TRAD","2026-09-08T20:10:58Z","","CR","","I","TRUE","2026-09-08T20:10:58Z","2026-09-09","2031-06-20","","FALSE","BBSF","FALSE","FALSE","","180,000,000","","USD","","","","","","","","","","","","","","","","","","","","","","","","","0.01","","","","","","0.00504","","","","","","false","","","3","","","A004","","","","","","","","4221802.73000","MNTH","","","","3","","","","UFRO","USD","","","","","false","1","","","","","","","","","","TRUE","","","","0.00504","","3","","","QZ3WVVQG5T8K","NA/CDS Corp Idx","CDX.NA.IG"
"5194280211000000201","","NEWT","TRAD","2026-09-08T20:14:37Z","","CR","","N","FALSE","2026-09-08T20:14:37Z","2026-09-08","2056-12-15","","FALSE","TPSE","FALSE","FALSE","","25,000,000","","USD","","","","","","","","","","","","","","","","","","","","","","","","","0.005","","","","","","0.006375","","","","","","false","","","3","","","A004","","","","","","","","","MNTH","","","","1","","","","","","USD","","","","false","1","","","","","","","OTHR","","","FALSE","","","","","","","","","QZVB9SLNRXJ1","NA/CDS Corp Idx","CMBX.NA.AAA"
"5195163769000000101","","NEWT","TRAD","2026-09-08T20:43:30Z","","CR","","I","TRUE","2026-09-08T20:43:30Z","2026-09-09","2030-12-20","","FALSE","BBSF","FALSE","FALSE","","8,000,000","","USD","","","","","","","","","","","","","","","","","","","","","","","","","0.01","","","","","","0.00459555","","","","","","false","","","3","","","A004","","","","","","","","185863.56782","MNTH","","","","3","","","","UFRO","USD","","","","","false","1","","","","","","","","","","FALSE","","","","","","","","","QZN3HTTN5303","NA/CDS Corp Idx","CDX.NA.IG"
"5176901307000000101","","NEWT","TRAD","2026-09-08T07:38:52Z","","CR","","I","TRUE","2026-09-08T07:38:52Z","2026-09-09","2031-06-20","","","TWSF","FALSE","FALSE","","4,000,000","","EUR","","","","","","","","","","","","","","","","","","","","","","","","","0.05","","","","","","0.0251","","","","","","false","","","3","","","A004","","","","","","","","451840.58000","MNTH","","","","3","","","","UFRO","EUR","","","","","false","1","","","","","","","","","","FALSE","","","","","","","","","QZ3HM9KVK2WL","NA/CDS Corp Idx","ITRAXX EUROPE CROSSOVER"
"5176956418000000201","","NEWT","TRAD","2026-09-08T07:40:10Z","","CR","","I","TRUE","2026-09-08T07:40:10Z","2026-09-09","2031-06-20","","","TWSF","FALSE","FALSE","","2,000,000","","EUR","","","","","","","","","","","","","","","","","","","","","","","","","0.01","","","","","","0.0053944","","","","","","false","","","3","","","A004","","","","","","","","45087.50000","MNTH","","","","3","","","","UFRO","EUR","","","","","false","1","","","","","","","","","","FALSE","","","","","","","","","QZTB38W3WJ98","NA/CDS Corp Idx","ITRAXX EUROPE SENIOR FINANCIALS"
"5177948812000000101","","NEWT","TRAD","2026-09-08T08:00:35Z","","CR","","I","TRUE","2026-09-08T08:00:35Z","2026-09-09","2031-06-20","","FALSE","BBSF","FALSE","FALSE","","100,000,000","","EUR","","","","","","","","","","","","","","","","","","","","","","","","","0.01","","","","","","0.0051714","","","","","","false","","","3","","","A004","","","","","","","","2354761.09000","MNTH","","","","3","","","","UFRO","EUR","","","","","false","1","","","","","","","","","","FALSE","","","","","","","","","QZTQ4GTC5QMF","NA/CDS Corp Idx","ITRAXX EUROPE"
"5189560095000000101","","NEWT","TRAD","2026-09-08T15:23:27Z","","CR","","N","FALSE","2026-09-08T15:23:27Z","2026-03-20","2026-10-21","2031-06-20","FALSE","BILT","FALSE","FALSE","TRUE","344,160,034+","","EUR","","","","","","","","","","","","","","","","","","","","","","","","2026-10-21","0.01","","24,091.2","EUR","","","","","","","0.01","","false","","","","","3","A004","","","","","","","","","MNTH","","","","3","","","","","","","","","","false","1","","","","","","","","","","FALSE","","","","","","","","","QZS61NHV7CQ9","NA/Cr Op Swps EuPt Van Ph",""
"5190013621000000101","","NEWT","TRAD","2026-09-08T16:05:20Z","","CR","","I","TRUE","2026-09-08T16:05:20Z","2026-09-09","2031-06-20","","FALSE","BBSF","FALSE","FALSE","","5,000,000","","USD","","","","","","","","","","","","","","","","","","","","","","","","","0.01","","","","","","0.0050208","","","","","","false","","","3","","","A004","","","","","","","","117691.68000","MNTH","","","","3","","","","UFRO","USD","","","","","false","1","","","","","","","","","","FALSE","","","","","","","","","QZ3WVVQG5T8K","NA/CDS Corp Idx","CDX.NA.IG"
"5190059323000000201","","NEWT","TRAD","2026-09-08T16:06:46Z","","CR","","I","TRUE","2026-09-08T16:06:46Z","2026-09-09","2031-06-20","","FALSE","BBSF","FALSE","FALSE","","30,000,000","","USD","","","","","","","","","","","","","","","","","","","","","","","","","0.01","","","","","","0.00502","","","","","","false","","","3","","","A004","","","","","","","","706254.92000","MNTH","","","","3","","","","UFRO","USD","","","","","false","1","","","","","","","","","","TRUE","","","","0.00502","","3","","","QZ3WVVQG5T8K","NA/CDS Corp Idx","CDX.NA.IG"
"5190127029000000101","","NEWT","TRAD","2026-09-08T16:08:47Z","","CR","","I","TRUE","2026-09-08T16:08:47Z","2026-09-09","2031-06-20","","FALSE","BBSF","FALSE","FALSE","","10,000,000","","USD","","","","","","","","","","","","","","","","","","","","","","","","","0.05","","","","","","0.01078425","","","","","","false","","","3","","","A004","","","","","","","","876092.78000","MNTH","","","","3","","","","UFRO","USD","","","","","false","0.98","","","","","","","","","","FALSE","","","","","","","","","QZNKTC8Z3Q57","NA/CDS Corp Idx","CDX.NA.HY"
"5189772298000000301","","NEWT","TRAD","2026-09-08T15:46:07Z","","CR","","N","FALSE","2026-09-08T15:46:07Z","2026-03-20","2026-10-21","2031-06-20","FALSE","BILT","FALSE","FALSE","TRUE","200,000,000","","USD","","","","","","","","","","","","","","","","","","","","","","","","2026-10-21","0.01","","124,000","USD","","","","","","","0.0055","","false","","","","","3","A004","","","","","","","","","MNTH","","","","3","","","","","","","","","","false","1","","","","","","","","","","FALSE","","","","","","","","","QZ7WW76RFHN3","NA/CDS Idx Swt","NA/CDS Corp Idx"
"5189722219000000101","","NEWT","TRAD","2026-09-08T15:46:57Z","","CR","","N","FALSE","2026-09-08T15:46:57Z","2026-09-08","2026-11-18","2031-06-20","FALSE","BILT","FALSE","FALSE","TRUE","150,000,000","","EUR","","","","","","","","","","","","","","","","","","","","","","","","2026-11-18","0.05","","262,500","EUR","","","","","","","0.02375","","false","","","","","3","A004","","","","","","","","","MNTH","","","","3","","","","","","","","","","false","1","","","","","","","","","","FALSE","","","","","","","","","QZTL0V3X916X","NA/CDS Idx Swt","NA/CDS Corp Idx"
"5189908856000000101","","NEWT","TRAD","2026-09-08T16:02:22Z","","CR","","I","TRUE","2026-09-08T16:02:22Z","2026-09-09","2026-12-20","","FALSE","BBSF","FALSE","TRUE","","30,000,000","","USD","","","","","","","","","","","","","","","","","","","","","","","","","0.05","","","","","","0.010106","","","","","","false","","","3","","","A004","","","","","","","","608336.67000","MNTH","","","","3","","","","UFRO","USD","","","","","false","0.94","","","","","","","","","","FALSE","","","","","","","","","QZKJ2CZL05DR","NA/CDS Corp Idx","CDX.NA.HY"
"5181299724000000101","","NEWT","TRAD","2026-09-08T09:05:16Z","","CR","","I","TRUE","2026-09-08T09:05:16Z","2026-09-09","2031-06-20","","FALSE","BBSF","FALSE","FALSE","","50,000,000","","EUR","","","","","","","","","","","","","","","","","","","","","","","","","0.01","","","","","","0.005176","","","","","","false","","","3","","","A004","","","","","","","","1176344.30000","MNTH","","","","3","","","","UFRO","EUR","","","","","false","1","","","","","","","","","","FALSE","","","","","","","","","QZTQ4GTC5QMF","NA/CDS Corp Idx","ITRAXX EUROPE"
"5182721690000000101","","NEWT","TRAD","2026-09-08T09:32:52Z","","CR","","I","TRUE","2026-09-08T09:32:52Z","2026-03-20","2031-06-20","","FALSE","BGCD","FALSE","FALSE","","25,000,000","","EUR","","","","","","","","","","","","","","","","","","","","","","","","","","","","","","","0.0051625","","","","","","false","","","3","","","A004","","","","","","","","","MNTH","","","","3","","","","","","","","","","false","1","","","","","","","","","","FALSE","","","","","","","","","QZTQ4GTC5QMF","NA/CDS Corp Idx","ITRAXX EUROPE"
"5185833703000000201","","NEWT","TRAD","2026-09-08T10:47:26Z","","CR","","I","TRUE","2026-09-08T10:47:26Z","2026-09-09","2031-06-20","","FALSE","BBSF","FALSE","FALSE","","25,000,000","","EUR","","","","","","","","","","","","","","","","","","","","","","","","","0.05","","","","","","0.0251348","","","","","","false","","","3","","","A004","","","","","","","","2820104.10000","MNTH","","","","3","","","","UFRO","EUR","","","","","false","1","","","","","","","","","","TRUE","","","","0.002921","","3","","","QZ3HM9KVK2WL","NA/CDS Corp Idx","ITRAXX EUROPE CROSSOVER"
"5186333604000000101","","NEWT","TRAD","2026-09-08T11:04:42Z","","CR","","I","TRUE","2026-09-08T11:04:42Z","2026-09-09","2030-12-20","","FALSE","BBSF","FALSE","FALSE","","25,000,000","","EUR","","","","","","","","","","","","","","","","","","","","","","","","","0.05","","","","","","0.02220371","","","","","","false","","","3","","","A004","","","","","","","","2893635.29000","MNTH","","","","3","","","","UFRO","EUR","","","","","false","1","","","","","","","","","","TRUE","","","","0.0029486","","3","","","QZ5F5FRS4TR9","NA/CDS Corp Idx","ITRAXX EUROPE CROSSOVER"
"5186650212000000101","","NEWT","TRAD","2026-09-08T11:16:08Z","","CR","","I","TRUE","2026-09-08T11:16:08Z","2026-09-09","2031-06-20","","FALSE","BBSF","FALSE","FALSE","","10,000,000","","EUR","","","","","","","","","","","","","","","","","","","","","","","","","0.05","","","","","","0.025144","","","","","","false","","","3","","","A004","","","","","","","","1127629.35000","MNTH","","","","3","","","","UFRO","EUR","","","","","false","1","","","","","","","","","","FALSE","","","","","","","","","QZ3HM9KVK2WL","NA/CDS Corp Idx","ITRAXX EUROPE CROSSOVER"
"5183315007000000101","","NEWT","TRAD","2026-09-08T09:45:52Z","","CR","","I","TRUE","2026-09-08T09:45:52Z","2026-09-09","2031-06-20","","FALSE","BBSF","FALSE","FALSE","","25,000,000","","EUR","","","","","","","","","","","","","","","","","","","","","","","","","0.01","","","","","","0.00516324","","","","","","false","","","3","","","A004","","","","","","","","589609.42000","MNTH","","","","3","","","","UFRO","EUR","","","","","false","1","","","","","","","","","","FALSE","","","","","","","","","QZTQ4GTC5QMF","NA/CDS Corp Idx","ITRAXX EUROPE"
"5183629219000000101","","NEWT","TRAD","2026-09-08T09:51:00Z","","CR","","I","FALSE","2026-09-08T09:51:00Z","2026-09-09","2031-06-20","","FALSE","BBSF","FALSE","FALSE","","25,000,000","","EUR","","","","","","","","","","","","","","","","","","","","","","","","","0.01","","","","","","0.00867275","","","","","","false","","","3","","","A004","","","","","","","","200835.88000","MNTH","","","","3","","","","UFRO","EUR","","","","","false","1","","","","","","","","","","FALSE","","","","","","","","","QZ5GD86QBKCC","NA/CDS Corp Idx","ITRAXX EUROPE SUB FINANCIALS"
"5185077500000000101","5116580542000000201","EROR","","2026-09-08T10:19:08Z","","CR","","","","2026-09-03T12:22:53Z","2026-09-03","2026-10-21","","","","","","FALSE","","","","","","","","","","","","","","","","","","","","","","","","","","","","0.01","","","","","","","","","","","","","","","","","","","","","","","","","","","","","","","","","","","","","","","","","","","","","","","","","","","","","","","","","","","","","QZ2L66CGCV9J","NA/CDS Idx Swt","NA/CDS Corp Idx"
"5188288861000000101","","NEWT","TRAD","2026-09-08T13:07:47Z","","CR","","I","TRUE","2026-09-08T13:07:47Z","2026-09-09","2031-06-20","","FALSE","BBSF","FALSE","FALSE","","12,000,000","","EUR","","","","","","","","","","","","","","","","","","","","","","","","","0.01","","","","","","0.0051405","","","","","","false","","","3","","","A004","","","","","","","","284242.17000","MNTH","","","","3","","","","UFRO","EUR","","","","","false","1","","","","","","","","","","FALSE","","","","","","","","","QZTQ4GTC5QMF","NA/CDS Corp Idx","ITRAXX EUROPE"
"5187799873000000101","","NEWT","TRAD","2026-09-08T12:28:14Z","","CR","","I","FALSE","2026-09-08T12:28:14Z","2026-09-09","2031-06-20","","","TWSF","FALSE","FALSE","","5,000,000","","USD","","","","","","","","","","","","","","","","","","","","","","","","","0.05","","","","","","0.01078293","","","","","","false","","","3","","","A004","","","","","","","","437399.67259","MNTH","","","","3","","","","UFRO","USD","","","","","false","0.98","","","","","","","","","","FALSE","","","","","","","","","QZNKTC8Z3Q57","NA/CDS Corp Idx","CDX.NA.HY"
"5188584368000000101","5188555992000000101","EROR","","2026-09-08T13:22:01Z","","CR","","N","FALSE","2026-09-08T13:15:05Z","2026-09-08","2030-12-20","","FALSE","BILT","FALSE","FALSE","FALSE","10,000,000","","EUR","","","","","","","","","","","","","","","","","","","","","","","","","0.05","","","","","","","","","","","","false","","","","","","A004","","","","","","","","3425277.78000","MNTH","","","","3","","","","UFRO","EUR","","","","","false","1","","","","","","","","","","FALSE","","","","","","","","","QZB5DPT9MS3H","NA/CDS Corp Idx Tra","ITRAXX EUROPE CROSSOVER"
"5188536068000000101","","NEWT","TRAD","2026-09-08T13:17:23Z","","CR","","I","TRUE","2026-09-08T13:17:23Z","2026-09-09","2031-06-20","","FALSE","BBSF","FALSE","FALSE","","50,000,000","","USD","","","","","","","","","","","","","","","","","","","","","","","","","0.01","","","","","","0.00501142","","","","","","false","","","3","","","A004","","","","","","","","1178965.85000","MNTH","","","","3","","","","UFRO","USD","","","","","false","1","","","","","","","","","","FALSE","","","","","","","","","QZ3WVVQG5T8K","NA/CDS Corp Idx","CDX.NA.IG"
"5187305096000000101","","NEWT","TRAD","2026-09-08T11:41:51Z","","CR","","I","TRUE","2026-09-08T11:41:51Z","2026-09-09","2031-06-20","","FALSE","BBSF","FALSE","TRUE","","250,000,000+","","USD","","","","","","","","","","","","","","","","","","","","","","","","","0.01","","","","","","0.0050281","","","","","","false","","","3","","","A004","","","","","","","","5876634.46871","MNTH","","","","3","","","","UFRO","USD","","","","","false","1","","","","","","","","","","FALSE","","","","","","","","","QZ3WVVQG5T8K","NA/CDS Corp Idx","CDX.NA.IG"
"5187539086000000101","","NEWT","TRAD","2026-09-08T12:03:29Z","","CR","","I","FALSE","2026-09-08T12:03:29Z","2026-03-20","2031-06-20","","","BGCO","FALSE","FALSE","FALSE","40,000,000","","EUR","","","","","","","","","","","","","","","","","","","","","","","","","0.01","","","","","","","","","","","","false","","","","","","A004","","","","","","","","943508.00000","MNTH","","","","3","","","","UFRO","EUR","","","","","false","1","","","","","","","","","","TRUE","","","","45","","4","","","QZTQ4GTC5QMF","NA/CDS Corp Idx","ITRAXX EUROPE"
"5187545038000000201","","NEWT","TRAD","2026-09-08T12:04:23Z","","CR","","N","FALSE","2026-09-08T12:04:23Z","2026-03-20","2031-06-20","","FALSE","BMTF","FALSE","FALSE","FALSE","100,000,000","","EUR","","","","","","","","","","","","","","","","","","","","","","","","","0.01","","","","","","","","","","","","false","","","","","","A004","","","","","","","","2361249.38000","MNTH","","","","3","","","","UFRO","EUR","","","","","false","1","","","","","","","","","","FALSE","","","","","","","","","QZTQ4GTC5QMF","NA/CDS Corp Idx","ITRAXX EUROPE"
"5187087840000000101","","NEWT","TRAD","2026-09-08T11:32:32Z","","CR","","I","FALSE","2026-09-08T11:32:32Z","2026-09-09","2036-06-20","","","TWSF","FALSE","FALSE","","7,000,000","","USD","","","","","","","","","","","","","","","","","","","","","","","","","0.01","","","","","","0.0090808","","","","","","false","","","3","","","A004","","","","","","","","63827.48425","MNTH","","","","3","","","","UFRO","USD","","","","","false","1","","","","","","","","","","FALSE","","","","","","","","","QZ21S8101WKL","NA/CDS Corp Idx","CDX.NA.IG"
"5187347219000000101","","NEWT","TRAD","2026-09-08T11:43:58Z","","CR","","I","TRUE","2026-09-08T11:43:58Z","2026-09-09","2031-06-20","","","TWSF","FALSE","FALSE","","28,000,000","","USD","","","","","","","","","","","","","","","","","","","","","","","","","0.01","","","","","","0.0050274","","","","","","false","","","3","","","A004","","","","","","","","658264.57719","MNTH","","","","3","","","","UFRO","USD","","","","","false","1","","","","","","","","","","FALSE","","","","","","","","","QZ3WVVQG5T8K","NA/CDS Corp Idx","CDX.NA.IG"
"5186140506000000201","","NEWT","TRAD","2026-09-08T10:57:09Z","","CR","","I","TRUE","2026-09-08T10:57:09Z","2026-09-09","2031-06-20","","FALSE","BBSF","FALSE","FALSE","","25,000,000","","EUR","","","","","","","","","","","","","","","","","","","","","","","","","0.05","","","","","","0.0251825","","","","","","false","","","3","","","A004","","","","","","","","2814760.72000","MNTH","","","","3","","","","UFRO","EUR","","","","","false","1","","","","","","","","","","TRUE","","","","0.00294","","3","","","QZ3HM9KVK2WL","NA/CDS Corp Idx","ITRAXX EUROPE CROSSOVER"
"5185865947000000101","","NEWT","TRAD","2026-09-08T10:48:12Z","","CR","","I","TRUE","2026-09-08T10:48:12Z","2026-09-09","2030-12-20","","FALSE","BBSF","FALSE","TRUE","","46,461,605+","","EUR","","","","","","","","","","","","","","","","","","","","","","","","","0.05","","","","","","0.0222245","","","","","","false","","","3","","","A004","","","","","","","","5373751.60676","MNTH","","","","3","","","","UFRO","EUR","","","","","false","1","","","","","","","","","","TRUE","","","","0.0029215","","3","","","QZ5F5FRS4TR9","NA/CDS Corp Idx","ITRAXX EUROPE CROSSOVER"
"5185377685000000201","","NEWT","TRAD","2026-09-08T10:31:42Z","","CR","","I","TRUE","2026-09-08T10:31:42Z","2026-09-09","2031-06-20","","FALSE","BBSF","FALSE","FALSE","","25,000,000","","EUR","","","","","","","","","","","","","","","","","","","","","","","","","0.05","","","","","","0.025162","","","","","","false","","","3","","","A004","","","","","","","","2817056.91000","MNTH","","","","3","","","","UFRO","EUR","","","","","false","1","","","","","","","","","","TRUE","","","","0.002892","","3","","","QZ3HM9KVK2WL","NA/CDS Corp Idx","ITRAXX EUROPE CROSSOVER"
"5185423269000000101","","NEWT","TRAD","2026-09-08T10:33:14Z","","CR","","I","TRUE","2026-09-08T10:33:14Z","2026-09-09","2031-06-20","","FALSE","BBSF","FALSE","FALSE","","10,000,000","","EUR","","","","","","","","","","","","","","","","","","","","","","","","","0.05","","","","","","0.0251825","","","","","","false","","","3","","","A004","","","","","","","","1125904.29000","MNTH","","","","3","","","","UFRO","EUR","","","","","false","1","","","","","","","","","","TRUE","","","","0.00289","","3","","","QZ3HM9KVK2WL","NA/CDS Corp Idx","ITRAXX EUROPE CROSSOVER"
"5192086943000000101","","NEWT","TRAD","2026-09-08T17:55:48Z","","CR","","I","TRUE","2026-09-08T17:55:48Z","2026-09-09","2031-06-20","","FALSE","BBSF","FALSE","FALSE","","25,000,000","","USD","","","","","","","","","","","","","","","","","","","","","","","","","0.05","","","","","","0.0107851","","","","","","false","","","3","","","A004","","","","","","","","2192314.44000","MNTH","","","","3","","","","UFRO","USD","","","","","false","0.98","","","","","","","","","","FALSE","","","","","","","","","QZNKTC8Z3Q57","NA/CDS Corp Idx","CDX.NA.HY"
"5192707304000000101","","NEWT","TRAD","2026-09-08T18:25:36Z","","CR","","I","FALSE","2026-09-08T18:25:36Z","2026-09-09","2031-06-20","","FALSE","BBSF","FALSE","FALSE","","25,000,000","","USD","","","","","","","","","","","","","","","","","","","","","","","","","0.01","","","","","","0.0098479","","","","","","false","","","3","","","A004","","","","","","","","325388.89000","MNTH","","","","3","","","","UFRO","USD","","","","","false","1","","","","","","","","","","FALSE","","","","","","","","","QZ4JMQKL3P03","NA/CDS Corp Idx","CDX.EM"
"5192466723000000101","","NEWT","TRAD","2026-09-08T18:14:05Z","","CR","","I","TRUE","2026-09-08T18:14:05Z","2026-09-09","2028-06-20","","FALSE","BBSF","FALSE","TRUE","","150,000,000","","USD","","","","","","","","","","","","","","","","","","","","","","","","","0.01","","","","","","0.00194","","","","","","false","","","3","","","A004","","","","","","","","2420316.73000","MNTH","","","","3","","","","UFRO","USD","","","","","false","1","","","","","","","","","","FALSE","","","","","","","","","QZCZTF6D5HVT","NA/CDS Corp Idx","CDX.NA.IG"
"5192770529000000101","","NEWT","TRAD","2026-09-08T18:29:40Z","","CR","","I","TRUE","2026-09-08T18:29:40Z","2026-09-09","2031-06-20","","FALSE","BBSF","FALSE","FALSE","","30,000,000","","USD","","","","","","","","","","","","","","","","","","","","","","","","","0.05","","","","","","0.01078431","","","","","","false","","","3","","","A004","","","","","","","","2628454.73000","MNTH","","","","3","","","","UFRO","USD","","","","","false","0.98","","","","","","","","","","FALSE","","","","","","","","","QZNKTC8Z3Q57","NA/CDS Corp Idx","CDX.NA.HY"
"5192328892000000101","","NEWT","TRAD","2026-09-08T18:07:15Z","","CR","","N","FALSE","2026-09-08T18:05:00Z","2026-09-09","2027-01-08","","TRUE","BILT","FALSE","FALSE","TRUE","120,000,000","","USD","","","","","","","","","","","","","","","","","","","","","","","","","","","","","","","0.0022","","","","","","false","","","3","","","","","A004","","MNTH","","6","","","","MNTH","","","","6","","","","","USD","","","","false","","","","","","","","","","","FALSE","","","","","","","","","QZT6MSZGSSCT","NA/CDS Corp SN Sr","NT 194"
"5192497321000000101","","NEWT","TRAD","2026-09-08T18:15:40Z","","CR","","N","FALSE","2026-09-08T18:14:00Z","2026-09-09","2026-11-02","","TRUE","BILT","FALSE","FALSE","TRUE","92,000,000","","USD","","","","","","","","","","","","","","","","","","","","","","","","","","","","","","","0.00185","","","","","","false","","","3","","","","","A004","","MNTH","","6","","","","MNTH","","","","6","","","","","USD","","","","false","","","","","","","","","","","FALSE","","","","","","","","","QZLKWPXPP2SC","NA/CDS Corp SN Sr","00110"
"5192857839000000201","","NEWT","TRAD","2026-09-08T18:52:48Z","","CR","","I","TRUE","2026-09-08T18:52:48Z","2026-09-09","2031-06-20","","FALSE","BBSF","FALSE","FALSE","","50,000,000","","USD","","","","","","","","","","","","","","","","","","","","","","","","","0.01","","","","","","0.005028","","","","","","false","","","3","","","A004","","","","","","","","1175344.03000","MNTH","","","","3","","","","UFRO","USD","","","","","false","1","","","","","","","","","","FALSE","","","","","","","","","QZ3WVVQG5T8K","NA/CDS Corp Idx","CDX.NA.IG"
"5192916842000000101","","NEWT","TRAD","2026-09-08T19:05:35Z","","CR","","I","TRUE","2026-09-08T19:05:35Z","2026-03-20","2031-06-20","","FALSE","TPSE","FALSE","FALSE","","15,000,000","","USD","","","","","","","","","","","","","","","","","","","","","","","","","0.05","","","","","","107.82","","USD","","","","false","","","1","","","A004","","","","","","","","","MNTH","","","","3","","","","","","USD","","","","false","0.98","","","","","","","OTHR","","","FALSE","","","","","","","","","QZNKTC8Z3Q57","NA/CDS Corp Idx","CDX.NA.HY"
"5192917993000000101","5192916842000000101","MODI","TRAD","2026-09-08T19:05:52Z","TRUE","CR","","I","TRUE","2026-09-08T19:05:35Z","2026-03-20","2031-06-20","","FALSE","TPSE","FALSE","FALSE","","15,000,000","","USD","","","","","","","","","","","","","","","","","","","","","","","","","0.05","","","","","","107.82","","USD","","","","false","","","1","","","A004","","","","","","","","","MNTH","","","","3","","","","","","USD","","","","false","0.98","","","","","","","OTHR","","","FALSE","","","","","","","","","QZNKTC8Z3Q57","NA/CDS Corp Idx","CDX.NA.HY"
"5192973272000000201","","NEWT","TRAD","2026-09-08T19:11:55Z","","CR","","I","TRUE","2026-09-08T19:11:55Z","2026-03-20","2031-06-20","","FALSE","TPSE","FALSE","FALSE","","50,000,000","","USD","","","","","","","","","","","","","","","","","","","","","","","","","0.01","","","","","","0.00503","","","","","","false","","","3","","","A004","","","","","","","","","MNTH","","","","3","","","","","","USD","","","","false","1","","","","","","","OTHR","","","FALSE","","","","","","","","","QZ3WVVQG5T8K","NA/CDS Corp Idx","CDX.NA.IG"
"5192835218000000201","","NEWT","TRAD","2026-09-08T18:47:18Z","","CR","","N","FALSE","2026-09-08T18:40:30Z","2026-03-20","2031-06-20","2031-06-20","TRUE","BILT","FALSE","TRUE","TRUE","400,000,000+","","USD","","","","","","","","","","","","","","","","","","","","","","","","2027-01-20","0.01","","260,000","USD","","","","","","","0.0085","","false","","","","","3","A004","","","","","","","","","MNTH","","","","3","","","","","","","","","","false","1","","","","","","","","","","FALSE","","","","","","","","","QZX75BBR2PZH","NA/CDS Idx Swt","NA/CDS Corp Idx"
"5192896019000000101","","NEWT","TRAD","2026-09-08T19:02:47Z","","CR","","I","TRUE","2026-09-08T19:02:47Z","2026-09-09","2031-06-20","","","TWSF","FALSE","TRUE","","76,000,000+","","USD","","","","","","","","","","","","","","","","","","","","","","","","","0.05","","","","","","0.01078156","","","","","","false","","","3","","","A004","","","","","","","","6638322.39786","MNTH","","","","3","","","","UFRO","USD","","","","","false","0.98","","","","","","","","","","FALSE","","","","","","","","","QZNKTC8Z3Q57","NA/CDS Corp Idx","CDX.NA.HY"
"5192863727000000101","5192835217000000101","MODI","TRAD","2026-09-08T18:51:32Z","TRUE","CR","","N","FALSE","2026-09-08T18:40:30Z","2026-03-20","2031-06-20","2031-06-20","TRUE","BILT","FALSE","TRUE","TRUE","400,000,000+","","USD","","","","","","","","","","","","","","","","","","","","","","","","2026-10-21","0.01","","260,000","USD","","","","","","","0.0055","","false","","","","","3","A004","","","","","","","","","MNTH","","","","3","","","","","","","","","","false","1","","","","","","","","","","FALSE","","","","","","","","","QZX75BBR2PZH","NA/CDS Idx Swt","NA/CDS Corp Idx"
"5188546501000000101","","NEWT","TRAD","2026-09-08T13:18:42Z","","CR","","I","TRUE","2026-09-08T13:18:42Z","2026-09-09","2031-06-20","","","TWSF","FALSE","FALSE","","55,000,000","","USD","","","","","","","","","","","","","","","","","","","","","","","","","0.01","","","","","","0.00503","","","","","","false","","","3","","","A004","","","","","","","","1292397.89000","MNTH","","","","3","","","","UFRO","USD","","","","","false","1","","","","","","","","","","TRUE","","","","0.00503","","3","","","QZ3WVVQG5T8K","NA/CDS Corp Idx","CDX.NA.IG"
"5187829978000000201","","NEWT","TRAD","2026-09-08T12:29:58Z","","CR","","I","FALSE","2026-09-08T12:29:58Z","2026-03-20","2031-06-20","","","BGCO","FALSE","FALSE","FALSE","25,000,000","","EUR","","","","","","","","","","","","","","","","","","","","","","","","","0.01","","","","","","","","","","","","false","","","","","","A004","","","","","","","","591101.00000","MNTH","","","","3","","","","UFRO","EUR","","","","","false","1","","","","","","","","","","FALSE","","","","","","","","","QZTQ4GTC5QMF","NA/CDS Corp Idx","ITRAXX EUROPE"
"5188227672000000101","","NEWT","TRAD","2026-09-08T13:00:18Z","","CR","","I","FALSE","2026-09-08T13:00:18Z","2026-09-09","2031-06-20","","","TWSF","FALSE","TRUE","","45,000,000","","USD","","","","","","","","","","","","","","","","","","","","","","","","","0.01","","","","","","0.0098441","","","","","","false","","","3","","","A004","","","","","","","","602798.37018","MNTH","","","","3","","","","UFRO","USD","","","","","false","1","","","","","","","","","","FALSE","","","","","","","","","QZ4JMQKL3P03","NA/CDS Corp Idx","CDX.EM"
"5187963010000000101","","NEWT","TRAD","2026-09-08T12:40:33Z","","CR","","I","TRUE","2026-09-08T12:40:33Z","2026-09-09","2031-06-20","","FALSE","BBSF","FALSE","FALSE","","37,000","","USD","","","","","","","","","","","","","","","","","","","","","","","","","0.05","","","","","","0.01078332","","","","","","false","","","3","","","A004","","","","","","","","3238.17000","MNTH","","","","3","","","","UFRO","USD","","","","","false","0.98","","","","","","","","","","FALSE","","","","","","","","","QZNKTC8Z3Q57","NA/CDS Corp Idx","CDX.NA.HY"
"5187963031000000101","","NEWT","TRAD","2026-09-08T12:40:43Z","","CR","","I","TRUE","2026-09-08T12:40:43Z","2026-09-09","2031-06-20","","","TWSF","FALSE","FALSE","","50,000,000","","USD","","","","","","","","","","","","","","","","","","","","","","","","","0.01","","","","","","0.0050287","","","","","","false","","","3","","","A004","","","","","","","","1175191.13000","MNTH","","","","3","","","","UFRO","USD","","","","","false","1","","","","","","","","","","FALSE","","","","","","","","","QZ3WVVQG5T8K","NA/CDS Corp Idx","CDX.NA.IG"
"5187967478000000101","","NEWT","TRAD","2026-09-08T12:40:48Z","","CR","","I","TRUE","2026-09-08T12:40:48Z","2026-09-09","2031-06-20","","FALSE","BBSF","FALSE","FALSE","","10,000,000","","USD","","","","","","","","","","","","","","","","","","","","","","","","","0.05","","","","","","0.01078431","","","","","","false","","","3","","","A004","","","","","","","","876151.58000","MNTH","","","","3","","","","UFRO","USD","","","","","false","0.98","","","","","","","","","","FALSE","","","","","","","","","QZNKTC8Z3Q57","NA/CDS Corp Idx","CDX.NA.HY"
"5188089601000000101","","NEWT","TRAD","2026-09-08T12:49:37Z","","CR","","I","TRUE","2026-09-08T12:49:37Z","2026-09-09","2031-06-20","","","BTFE","FALSE","FALSE","FALSE","10,000,000","","USD","","","","","","","","","","","","","","","","","","","","","","","","","","","","","","","","","","","","","false","","","","","","A004","","","","","","","","235513.55000","MNTH","","","","3","","","","UFRO","USD","","","","","false","1","","","","","","","","","","FALSE","","","","","","","","","QZ3WVVQG5T8K","NA/CDS Corp Idx","CDX.NA.IG"
"5188153077000000101","","NEWT","TRAD","2026-09-08T12:54:55Z","","CR","","I","TRUE","2026-09-08T12:54:55Z","2026-09-09","2031-06-20","","FALSE","BBSF","FALSE","FALSE","","80,000,000","","USD","","","","","","","","","","","","","","","","","","","","","","","","","0.01","","","","","","0.005013","","","","","","false","","","3","","","A004","","","","","","","","1885793.11000","MNTH","","","","3","","","","UFRO","USD","","","","","false","1","","","","","","","","","","FALSE","","","","","","","","","QZ3WVVQG5T8K","NA/CDS Corp Idx","CDX.NA.IG"
"5188033459000000101","","NEWT","TRAD","2026-09-08T12:45:50Z","","CR","","I","TRUE","2026-09-08T12:45:50Z","2026-09-09","2031-06-20","","FALSE","BBSF","FALSE","TRUE","","46,461,605+","","EUR","","","","","","","","","","","","","","","","","","","","","","","","","0.05","","","","","","0.02505","","","","","","false","","","3","","","A004","","","","","","","","5258753.61818","MNTH","","","","3","","","","UFRO","EUR","","","","","false","1","","","","","","","","","","TRUE","","","","0.002953","","3","","","QZ3HM9KVK2WL","NA/CDS Corp Idx","ITRAXX EUROPE CROSSOVER"
"5189044666000000101","5187580490000000201","MODI","TRAD","2026-09-08T14:02:57Z","TRUE","CR","","N","FALSE","2026-09-08T12:09:41Z","2026-03-20","2031-06-20","2031-06-20","TRUE","BILT","FALSE","TRUE","TRUE","344,160,034+","","EUR","","","","","","","","","","","","","","","","","","","","","","","","2026-10-21","0.01","","109,270.8","EUR","","","","","","","0.0065","","false","","","","","3","A004","","","","","","","","","MNTH","","","","3","","","","","","","","","","false","1","","","","","","","","","","FALSE","","","","","","","","","QZX75BBR2PZH","NA/CDS Idx Swt","NA/CDS Corp Idx"
"5189242738000000101","","NEWT","TRAD","2026-09-08T14:34:58Z","","CR","","I","TRUE","2026-09-08T14:34:58Z","2026-09-09","2031-06-20","","FALSE","BBSF","FALSE","FALSE","","55,000,000","","USD","","","","","","","","","","","","","","","","","","","","","","","","","0.01","","","","","","0.0050232","","","","","","false","","","3","","","A004","","","","","","","","1294026.03434","MNTH","","","","3","","","","UFRO","USD","","","","","false","1","","","","","","","","","","FALSE","","","","","","","","","QZ3WVVQG5T8K","NA/CDS Corp Idx","CDX.NA.IG"
"5189246968000000101","5098140556000000101","EROR","","2026-09-08T14:35:36Z","","CR","","N","FALSE","2026-09-02T07:18:06Z","2026-09-02","2057-12-17","","TRUE","BILT","FALSE","FALSE","FALSE","50,000,000+","","USD","","","","","","","","","","","","","","","","","","","","","","","","","0.005","","","","","","","","","","","","false","","","","","","A004","","","","","","","","231673.57560","MNTH","","","","1","","","","UFRO","USD","","","","","false","0.998033928","","","","","","","","","","FALSE","","","","","","","","","QZ3LC847MW49","NA/CDS Corp Idx","CMBX.NA.AAA"
"5189196110000000101","","NEWT","TRAD","2026-09-08T14:28:34Z","","CR","","I","TRUE","2026-09-08T14:28:34Z","2026-09-09","2036-06-20","","FALSE","BBSF","FALSE","TRUE","","150,000,000","","EUR","","","","","","","","","","","","","","","","","","","","","","","","","0.01","","","","","","0.009348","","","","","","false","","","3","","","A004","","","","","","","","1108159.29000","MNTH","","","","3","","","","UFRO","EUR","","","","","false","1","","","","","","","","","","TRUE","","","","0.00419","","3","","","QZ4LNL81ZBTS","NA/CDS Corp Idx","ITRAXX EUROPE"
"5189213151000000101","","NEWT","TRAD","2026-09-08T14:31:09Z","","CR","","I","TRUE","2026-09-08T14:31:09Z","2026-09-09","2031-06-20","","","TWSF","FALSE","TRUE","","76,000,000+","","USD","","","","","","","","","","","","","","","","","","","","","","","","","0.05","","","","","","0.010783","","","","","","false","","","3","","","A004","","","","","","","","6648960.11429","MNTH","","","","3","","","","UFRO","USD","","","","","false","0.98","","","","","","","","","","FALSE","","","","","","","","","QZNKTC8Z3Q57","NA/CDS Corp Idx","CDX.NA.HY"
"5189233843000000101","","NEWT","TRAD","2026-09-08T14:33:38Z","","CR","","N","TRUE","2026-09-08T14:33:38Z","2026-03-20","2031-06-20","","FALSE","BMTF","FALSE","FALSE","TRUE","240,000,000","","USD","","","","","","","","","","","","","","","","","","","","","","","","","0.01","","","","","","","","","","","","false","","","","","","A004","","","","","","","","5659476.52000","MNTH","","","","3","","","","UFRO","USD","","","","","false","1","","","","","","","","","","FALSE","","","","","","","","","QZ3WVVQG5T8K","NA/CDS Corp Idx","CDX.NA.IG"
"5189331421000000101","","NEWT","TRAD","2026-09-08T14:47:16Z","","CR","","I","TRUE","2026-09-08T14:47:16Z","2026-09-09","2031-06-20","","FALSE","BBSF","FALSE","FALSE","","6,000,000","","USD","","","","","","","","","","","","","","","","","","","","","","","","","0.05","","","","","","0.01078417","","","","","","false","","","3","","","A004","","","","","","","","525608.63000","MNTH","","","","3","","","","UFRO","USD","","","","","false","0.98","","","","","","","","","","FALSE","","","","","","","","","QZNKTC8Z3Q57","NA/CDS Corp Idx","CDX.NA.HY"
"5189355105000000101","","NEWT","TRAD","2026-09-08T14:51:14Z","","CR","","I","TRUE","2026-09-08T14:51:14Z","2026-09-09","2031-06-20","","FALSE","BBSF","FALSE","FALSE","","27,000,000","","USD","","","","","","","","","","","","","","","","","","","","","","","","","0.05","","","","","","0.010785","","","","","","false","","","3","","","A004","","","","","","","","2367435.00000","MNTH","","","","3","","","","UFRO","USD","","","","","false","0.98","","","","","","","","","","TRUE","","","","0.010785","","3","","","QZNKTC8Z3Q57","NA/CDS Corp Idx","CDX.NA.HY"
"5189169742000000101","","NEWT","TRAD","2026-09-08T14:24:03Z","","CR","","N","FALSE","2026-09-08T14:24:03Z","2026-09-08","2027-01-20","2031-06-20","FALSE","BILT","FALSE","FALSE","TRUE","400,000,000+","","USD","","","","","","","","","","","","","","","","","","","","","","","","2027-01-20","0.01","","7,208,823.06816","USD","","","","","","","0.01","","false","","","","","3","A004","","","","","","","","","MNTH","","","","3","","","","","","","","","","false","1","","","","","","","","","","FALSE","","","","","","","","","QZ7WW76RFHN3","NA/CDS Idx Swt","NA/CDS Corp Idx"
"5189589889000000101","","NEWT","TRAD","2026-09-08T15:31:16Z","","CR","","I","TRUE","2026-09-08T15:31:16Z","2026-09-09","2031-06-20","","FALSE","BBSF","FALSE","FALSE","","100,000,000","","USD","","","","","","","","","","","","","","","","","","","","","","","","","0.01","","","","","","0.0050197","","","","","","false","","","3","","","A004","","","","","","","","2354314.14000","MNTH","","","","3","","","","UFRO","USD","","","","","false","1","","","","","","","","","","FALSE","","","","","","","","","QZ3WVVQG5T8K","NA/CDS Corp Idx","CDX.NA.IG"
"5189562461000000101","","NEWT","TRAD","2026-09-08T15:25:19Z","","CR","","I","TRUE","2026-09-08T15:25:19Z","2026-09-09","2031-06-20","","","TWSF","FALSE","TRUE","","76,000,000+","","USD","","","","","","","","","","","","","","","","","","","","","","","","","0.05","","","","","","0.010785","","","","","","false","","","3","","","A004","","","","","","","","6663891.11280","MNTH","","","","3","","","","UFRO","USD","","","","","false","0.98","","","","","","","","","","TRUE","","","","-0.0225","","3","","","QZNKTC8Z3Q57","NA/CDS Corp Idx","CDX.NA.HY"
"5189492435000000101","","NEWT","TRAD","2026-09-08T15:12:17Z","FALSE","CR","","N","FALSE","2026-09-08T15:12:17Z","2026-09-08","2057-12-17","","FALSE","BILT","FALSE","FALSE","TRUE","50,000,000+","","USD","","","","","","","","","","","","","","","","","","","","","","","","","0.005","","","","","","","","","","","","false","","","","","","A004","","","","","","","","235756.94000","MNTH","","","","1","","","","UFRO","USD","","","","","false","0.998033928","","","","","","","","","","FALSE","","","","","","","","","QZV155QZ992H","NA/CDS Corp Idx","CMBX.NA.AAA"
"5189636076000000201","5146185317000000101","MODI","TRAD","2026-09-08T15:42:02Z","FALSE","CR","","N","TRUE","2026-09-04T19:36:51Z","2025-09-22","2030-12-20","","FALSE","BILT","FALSE","FALSE","FALSE","1,000,000","","USD","","","","","","","","","","","","","","","","","","","","","","","","","0.01","","","","","","","","","","","","false","","","","","","A004","","","","","","","","","MNTH","","","","3","","","","","","","","","","false","1","","","","","","","","","","FALSE","","","","","","","","","QZN3HTTN5303","NA/CDS Corp Idx","CDX.NA.IG"
"5189532638000000101","5148448939000007701","CORR","","2026-09-08T15:16:46Z","","CR","","N","FALSE","2012-09-24T16:25:50Z","2012-09-24","2045-07-25","","FALSE","BILT","FALSE","FALSE","TRUE","11,000,000","","USD","","","","","","","","","","","","","","","","","","","","","","","","","0.0054","","","","","","","","","","","","false","","","","","","A004","","","","","","","","8076053.92000","MNTH","","","","1","","","","UFRO","USD","","","","","false","0.35254195","","","","","","","","","","FALSE","","","","","","","","","QZ51GRC7P7KK","NA/CDS Mun Idx","ABX.HE.A"
"5189570734000000101","","NEWT","TRAD","2026-09-08T15:27:14Z","","CR","","I","FALSE","2026-09-08T15:27:14Z","2026-09-09","2031-06-20","","FALSE","BBSF","FALSE","FALSE","","48,000,000","","EUR","","","","","","","","","","","","","","","","","","","","","","","","","0.01","","","","","","0.005368","","","","","","false","","","3","","","A004","","","","","","","","1087800.16000","MNTH","","","","3","","","","UFRO","EUR","","","","","false","1","","","","","","","","","","FALSE","","","","","","","","","QZTB38W3WJ98","NA/CDS Corp Idx","ITRAXX EUROPE SENIOR FINANCIALS"
"5189546669000000101","","NEWT","TRAD","2026-09-08T15:21:49Z","","CR","","I","TRUE","2026-09-08T15:21:49Z","2026-09-09","2031-06-20","","FALSE","BBSF","FALSE","FALSE","","10,000,000","","USD","","","","","","","","","","","","","","","","","","","","","","","","","0.05","","","","","","0.01078416","","","","","","false","","","3","","","A004","","","","","","","","876004.58000","MNTH","","","","3","","","","UFRO","USD","","","","","false","0.98","","","","","","","","","","FALSE","","","","","","","","","QZNKTC8Z3Q57","NA/CDS Corp Idx","CDX.NA.HY"
