"Dissemination Identifier","Original Dissemination Identifier","Action type","Event type","Event timestamp","Amendment indicator","Asset Class","Product name","Cleared","Mandatory clearing indicator","Execution Timestamp","Effective Date","Expiration Date","Maturity date of the underlier","Non-standardized term indicator","Platform identifier","Prime brokerage transaction indicator","Block trade election indicator","Large notional off-facility swap election indicator","Notional amount-Leg 1","Notional amount-Leg 2","Notional currency-Leg 1","Notional currency-Leg 2","Notional quantity-Leg 1","Notional quantity-Leg 2","Total notional quantity-Leg 1","Total notional quantity-Leg 2","Quantity frequency multiplier-Leg 1","Quantity frequency multiplier-Leg 2","Quantity unit of measure-Leg 1","Quantity unit of measure-Leg 2","Quantity frequency-Leg 1","Quantity frequency-Leg 2","Notional amount in effect on associated effective date-Leg 1","Notional amount in effect on associated effective date-Leg 2","Effective date of the notional amount-Leg 1","Effective date of the notional amount-Leg 2","End date of the notional amount-Leg 1","End date of the notional amount-Leg 2","Call amount","Call currency","Put amount","Put currency","Exchange rate","Exchange rate basis","First exercise date","Fixed rate-Leg 1","Fixed rate-Leg 2","Option Premium Amount","Option Premium Currency","Price","Price unit of measure","Spread-Leg 1","Spread-Leg 2","Spread currency-Leg 1","Spread currency-Leg 2","Strike Price","Strike price currency/currency pair","Post-priced swap indicator","Price currency","Price notation","Spread notation-Leg 1","Spread notation-Leg 2","Strike price notation","Fixed rate day count convention-leg 1","Fixed rate day count convention-leg 2","Floating rate day count convention-leg 1","Floating rate day count convention-leg 2","Floating rate reset frequency period-leg 1","Floating rate reset frequency period-leg 2","Floating rate reset frequency period multiplier-leg 1","Floating rate reset frequency period multiplier-leg 2","Other payment amount","Fixed rate payment frequency period-Leg 1","Floating rate payment frequency period-Leg 1","Fixed rate payment frequency period-Leg 2","Floating rate payment frequency period-Leg 2","Fixed rate payment frequency period multiplier-Leg 1","Floating rate payment frequency period multiplier-Leg 1","Fixed rate payment frequency period multiplier-Leg 2","Floating rate payment frequency period multiplier-Leg 2","Other payment type","Other payment currency","Settlement currency-Leg 1","Settlement currency-Leg 2","Settlement location","Collateralisation category","Custom basket indicator","Index factor","Underlier ID-Leg 1","Underlier ID-Leg 2","Underlier ID source-Leg 1","Underlying Asset Name","Underlying asset subtype or underlying contract subtype-Leg 1","Underlying asset subtype or underlying contract subtype-Leg 2","Embedded Option type","Option Type","Option Style","Package indicator","Package transaction price","Package transaction price currency","Package transaction price notation","Package transaction spread","Package transaction spread currency","Package transaction spread notation","Physical delivery location-Leg 1","Delivery Type","Unique Product Identifier","UPI FISN","UPI Underlier Name"
"3681462733000000101","3681458194000000101","MODI","TRAD","2026-06-15T14:59:29Z","TRUE","CR","","I","TRUE","2026-06-15T14:57:27Z","2023-09-20","2028-12-20","","FALSE","TPSE","FALSE","FALSE","","96,000,000","","USD","","","","","","","","","","","","","","","","","","","","","","","","","0.01","","","","","","0.00249","","","","","","false","","","3","","","A004","","","","","","","","","MNTH","","","","3","","","","","","USD","","","","false","1","","","","","","","OTHR","","","TRUE","","","","0.0025","","3","","","QZKV15J8S8XX","NA/CDS Corp Idx","CDX.NA.IG"
"3686070806000000101","","NEWT","TRAD","2026-06-15T20:03:43Z","","CR","","I","TRUE","2026-06-15T20:03:43Z","2026-06-16","2031-06-20","","FALSE","BBSF","FALSE","FALSE","","1,000,000","","USD","","","","","","","","","","","","","","","","","","","","","","","","","0.01","","","","","","0.0049899","","","","","","false","","","3","","","A004","","","","","","","","25018.71000","MNTH","","","","3","","","","UFRO","USD","","","","","false","1","","","","","","","","","","FALSE","","","","","","","","","QZ3WVVQG5T8K","NA/CDS Corp Idx","CDX.NA.IG"
"3686171543000000101","","NEWT","TRAD","2026-06-15T20:10:59Z","","CR","","I","TRUE","2026-06-15T20:10:59Z","2026-06-16","2031-06-20","","FALSE","BBSF","FALSE","FALSE","","25,000,000","","USD","","","","","","","","","","","","","","","","","","","","","","","","","0.01","","","","","","0.0049918","","","","","","false","","","3","","","A004","","","","","","","","625249.44000","MNTH","","","","3","","","","UFRO","USD","","","","","false","1","","","","","","","","","","FALSE","","","","","","","","","QZ3WVVQG5T8K","NA/CDS Corp Idx","CDX.NA.IG"
"3686374313000000101","3686358270000000101","MODI","TRAD","2026-06-15T20:23:08Z","TRUE","CR","","I","TRUE","2026-06-15T20:22:29Z","2026-03-20","2031-06-20","","FALSE","TPSE","FALSE","FALSE","","25,000,000","","USD","","","","","","","","","","","","","","","","","","","","","","","","","0.01","","","","","","0.00499","","","","","","false","","","3","","","A004","","","","","","","","","MNTH","","","","3","","","","","","USD","","","","false","1","","","","","","","OTHR","","","FALSE","","","","","","","","","QZ3WVVQG5T8K","NA/CDS Corp Idx","CDX.NA.IG"
"3686614473000000201","","NEWT","TRAD","2026-06-15T20:33:45Z","","CR","","I","TRUE","2026-06-15T20:33:45Z","2026-06-16","2031-06-20","","FALSE","BBSF","FALSE","FALSE","","50,000,000","","USD","","","","","","","","","","","","","","","","","","","","","","","","","0.01","","","","","","0.004976","","","","","","false","","","3","","","A004","","","","","","","","1254130.78000","MNTH","","","","3","","","","UFRO","USD","","","","","false","1","","","","","","","","","","FALSE","","","","","","","","","QZ3WVVQG5T8K","NA/CDS Corp Idx","CDX.NA.IG"
"3674161191000002101","3336157241000000201","CORR","","2026-06-15T08:16:27Z","","CR","","N","FALSE","2026-05-27T06:32:18Z","2026-05-28","2035-08-15","","FALSE","BILT","FALSE","FALSE","FALSE","400,000,000+","","USD","","","","","","","","","","","","","","","","","","","","","","","","","0.0425","","","","","","","","","","","","false","","","","","","A006","","","","","","","","3858439.49000","MNTH","","","","6","","","","PEXH","USD","USD","","","","false","","","","","","","","","","","FALSE","","","","","","","","","QZFPPRFS915J","NA/CDS Corp SN","No name obtainable"
"3674136280000000201","","NEWT","TRAD","2026-06-15T08:16:47Z","","CR","","I","TRUE","2026-06-15T08:16:47Z","2026-06-16","2031-06-20","","FALSE","BBSF","FALSE","FALSE","","20,000,000","","EUR","","","","","","","","","","","","","","","","","","","","","","","","","0.01","","","","","","0.005124","","","","","","false","","","3","","","A004","","","","","","","","503255.99000","MNTH","","","","3","","","","UFRO","EUR","","","","","false","1","","","","","","","","","","FALSE","","","","","","","","","QZTQ4GTC5QMF","NA/CDS Corp Idx","ITRAXX EUROPE"
"3681420471000000201","","NEWT","TRAD","2026-06-15T14:48:58Z","","CR","","I","TRUE","2026-06-15T14:48:58Z","2026-06-16","2031-06-20","","FALSE","BBSF","FALSE","FALSE","","86,000,000","","USD","","","","","","","","","","","","","","","","","","","","","","","","","0.01","","","","","","0.004995","","","","","","false","","","3","","","A004","","","","","","","","2149595.46443","MNTH","","","","3","","","","UFRO","USD","","","","","false","1","","","","","","","","","","FALSE","","","","","","","","","QZ3WVVQG5T8K","NA/CDS Corp Idx","CDX.NA.IG"
"3681343363000000401","","NEWT","TRAD","2026-06-15T14:27:54Z","","CR","","N","FALSE","2026-06-15T14:27:54Z","2026-07-15","2026-07-15","","FALSE","BILT","FALSE","FALSE","TRUE","345,719,991+","","EUR","","","","","","","","","","","","","","","","","","","","","","","","2026-07-15","","","34,572","EUR","","","","","","","0.01","","false","","","","","3","A004","","","","","","","","0.00000","MNTH","","","","3","","","","UFRO","EUR","","","","","false","","","","","","","","","","","FALSE","","","","","","","","","QZ2L66CGCV9J","NA/CDS Idx Swt","NA/CDS Corp Idx"
"3681462735000000301","","NEWT","TRAD","2026-06-15T14:59:45Z","","CR","","I","TRUE","2026-06-15T14:59:45Z","2026-06-16","2031-06-20","","FALSE","BBSF","FALSE","FALSE","","10,000,000","","EUR","","","","","","","","","","","","","","","","","","","","","","","","","0.05","","","","","","0.02483924","","","","","","false","","","3","","","A004","","","","","","","","1204748.30866","MNTH","","","","3","","","","UFRO","EUR","","","","","false","1","","","","","","","","","","FALSE","","","","","","","","","QZ3HM9KVK2WL","NA/CDS Corp Idx","ITRAXX EUROPE CROSSOVER"
"3686049258000000401","","NEWT","TRAD","2026-06-15T20:02:25Z","","CR","","I","TRUE","2026-06-15T20:02:25Z","2026-06-16","2031-06-20","","FALSE","BBSF","FALSE","FALSE","","33,000,000","","USD","","","","","","","","","","","","","","","","","","","","","","","","","0.05","","","","","","0.0108377","","","","","","false","","","3","","","A004","","","","","","","","3136065.90000","MNTH","","","","3","","","","UFRO","USD","","","","","false","0.99","","","","","","","","","","FALSE","","","","","","","","","QZHH8NT767RX","NA/CDS Corp Idx","CDX.NA.HY"
"3681377698000000201","","NEWT","TRAD","2026-06-15T14:38:36Z","","CR","","N","FALSE","2026-06-15T14:38:36Z","2026-06-15","2026-09-16","2031-06-20","FALSE","BILT","FALSE","FALSE","TRUE","200,000,000","","USD","","","","","","","","","","","","","","","","","","","","","","","","2026-09-16","0.05","","1,465,200","USD","","","","","","","0.01065","","false","","","","","3","A004","","","","","","","","","MNTH","","","","3","","","","","","","","","","false","0.99","","","","","","","","","","FALSE","","","","","","","","","QZHJMSG8W2ZX","NA/CDS Idx Swt","NA/CDS Corp Idx"
"3681414639000000201","","NEWT","TRAD","2026-06-15T14:44:56Z","","CR","","N","FALSE","2026-06-15T14:44:56Z","2024-09-20","2029-12-20","2029-12-20","FALSE","BILT","FALSE","FALSE","TRUE","50,000,000","","USD","","","","","","","","","","","","","","","","","","","","","","","","","0.05","","","","","","","","","","","","false","","","","","","A004","","","","","","","","5776111.11000","MNTH","","","","3","","","","UFRO","USD","","","","","false","0.98","","","","","","","","","","FALSE","","","","","","","","","QZXZSGW62G18","NA/CDS Corp Idx Tra","CDX.NA.HY"
"3681500272000000101","","NEWT","TRAD","2026-06-15T15:05:57Z","","CR","","I","TRUE","2026-06-15T15:05:57Z","2026-06-16","2031-06-20","","FALSE","BBSF","FALSE","FALSE","","60,000,000","","EUR","","","","","","","","","","","","","","","","","","","","","","","","","0.01","","","","","","0.0051231","","","","","","false","","","3","","","A004","","","","","","","","1510024.61000","MNTH","","","","3","","","","UFRO","EUR","","","","","false","1","","","","","","","","","","FALSE","","","","","","","","","QZTQ4GTC5QMF","NA/CDS Corp Idx","ITRAXX EUROPE"
"3681556655000002201","","NEWT","TRAD","2026-06-15T15:15:33Z","","CR","","I","FALSE","2026-06-15T15:15:33Z","2026-06-16","2031-06-20","","FALSE","BBSF","FALSE","FALSE","","10,000,000","","USD","","","","","","","","","","","","","","","","","","","","","","","","","0.01","","","","","","0.00982913","","","","","","false","","","3","","","A004","","","","","","","","146425.56000","MNTH","","","","3","","","","UFRO","USD","","","","","false","1","","","","","","","","","","FALSE","","","","","","","","","QZ4JMQKL3P03","NA/CDS Corp Idx","CDX.EM"
"3681578943000000301","","NEWT","TRAD","2026-06-15T15:20:49Z","","CR","","I","FALSE","2026-06-15T15:20:49Z","2026-06-16","2031-06-20","","","TWSF","FALSE","FALSE","","15,000,000","","USD","","","","","","","","","","","","","","","","","","","","","","","","","0.01","","","","","","0.009827","","","","","","false","","","3","","","A004","","","","","","","","222833.33000","MNTH","","","","3","","","","UFRO","USD","","","","","false","1","","","","","","","","","","FALSE","","","","","","","","","QZ4JMQKL3P03","NA/CDS Corp Idx","CDX.EM"
"3681585145000000501","","NEWT","TRAD","2026-06-15T15:22:33Z","","CR","","I","TRUE","2026-06-15T15:22:33Z","2026-06-16","2031-06-20","","","TWSF","FALSE","FALSE","","710,000","","EUR","","","","","","","","","","","","","","","","","","","","","","","","","0.01","","","","","","0.0053875","","","","","","false","","","3","","","A004","","","","","","","","16977.36892","MNTH","","","","3","","","","UFRO","EUR","","","","","false","1","","","","","","","","","","FALSE","","","","","","","","","QZTB38W3WJ98","NA/CDS Corp Idx","ITRAXX EUROPE SENIOR FINANCIALS"
"3681414639000000101","","NEWT","TRAD","2026-06-15T14:45:42Z","","CR","","N","FALSE","2026-06-15T14:45:42Z","2024-09-20","2029-12-20","2029-12-20","FALSE","BILT","FALSE","FALSE","TRUE","50,000,000","","USD","","","","","","","","","","","","","","","","","","","","","","","","","0.05","","","","","","","","","","","","false","","","","","","A004","","","","","","","","5761111.11000","MNTH","","","","3","","","","UFRO","USD","","","","","false","0.98","","","","","","","","","","FALSE","","","","","","","","","QZXZSGW62G18","NA/CDS Corp Idx Tra","CDX.NA.HY"
"3681449426000000201","","NEWT","TRAD","2026-06-15T14:56:04Z","","CR","","I","TRUE","2026-06-15T14:56:04Z","2026-06-16","2031-06-20","","FALSE","BBSF","FALSE","FALSE","","2,000,000","","EUR","","","","","","","","","","","","","","","","","","","","","","","","","0.05","","","","","","0.02485702","","","","","","false","","","3","","","A004","","","","","","","","240780.81925","MNTH","","","","3","","","","UFRO","EUR","","","","","false","1","","","","","","","","","","FALSE","","","","","","","","","QZ3HM9KVK2WL","NA/CDS Corp Idx","ITRAXX EUROPE CROSSOVER"
"3681449427000000301","","NEWT","TRAD","2026-06-15T14:56:24Z","","CR","","I","TRUE","2026-06-15T14:56:24Z","2026-06-16","2031-06-20","","FALSE","BBSF","FALSE","FALSE","","20,000,000","","EUR","","","","","","","","","","","","","","","","","","","","","","","","","0.01","","","","","","0.0051325","","","","","","false","","","3","","","A004","","","","","","","","502448.12000","MNTH","","","","3","","","","UFRO","EUR","","","","","false","1","","","","","","","","","","FALSE","","","","","","","","","QZTQ4GTC5QMF","NA/CDS Corp Idx","ITRAXX EUROPE"
"3677425214000000101","","NEWT","TRAD","2026-06-15T09:21:21Z","","CR","","I","TRUE","2026-06-15T09:21:21Z","2026-06-16","2031-06-20","","FALSE","BBSF","FALSE","FALSE","","60,000,000","","EUR","","","","","","","","","","","","","","","","","","","","","","","","","0.01","","","","","","0.005135","","","","","","false","","","3","","","A004","","","","","","","","1506631.58000","MNTH","","","","3","","","","UFRO","EUR","","","","","false","1","","","","","","","","","","FALSE","","","","","","","","","QZTQ4GTC5QMF","NA/CDS Corp Idx","ITRAXX EUROPE"
"3681264941000000201","","NEWT","TRAD","2026-06-15T14:00:10Z","","CR","","N","FALSE","2026-06-15T14:00:10Z","2026-06-16","2061-08-17","","FALSE","BILT","FALSE","FALSE","FALSE","10,000,000","","USD","","","","","","","","","","","","","","","","","","","","","","","","","0.03","","","","","","","","","","","","false","","","","","","A004","","","","","","","","1982500.00000","MNTH","","","","1","","","","UFRO","USD","USD","","","","false","1","","","","","","","","","","FALSE","","","","","","","","","QZCWPQFXSZRW","NA/CDS Corp Idx","CMBX.NA.BBB-"
"3681203835000000101","","NEWT","TRAD","2026-06-15T14:04:01Z","","CR","","I","TRUE","2026-06-15T14:04:01Z","2026-06-16","2028-12-20","","FALSE","BBSF","FALSE","TRUE","","64,000,000","","USD","","","","","","","","","","","","","","","","","","","","","","","","","0.05","","","","","","0.010699","","","","","","false","","","3","","","A004","","","","","","","","5150705.78000","MNTH","","","","3","","","","UFRO","USD","","","","","false","0.98","","","","","","","","","","FALSE","","","","","","","","","QZVXV2C1JP0R","NA/CDS Corp Idx","CDX.NA.HY"
"3681170259000000401","","NEWT","TRAD","2026-06-15T13:56:19Z","","CR","","I","TRUE","2026-06-15T13:56:19Z","2026-06-16","2031-06-20","","","TWSF","FALSE","TRUE","","250,000,000+","","USD","","","","","","","","","","","","","","","","","","","","","","","","","0.01","","","","","","0.004979","","","","","","false","","","3","","","A004","","","","","","","","6267198.69403","MNTH","","","","3","","","","UFRO","USD","","","","","false","1","","","","","","","","","","FALSE","","","","","","","","","QZ3WVVQG5T8K","NA/CDS Corp Idx","CDX.NA.IG"
"3681294469000000601","","NEWT","TRAD","2026-06-15T14:22:37Z","","CR","","I","TRUE","2026-06-15T14:22:37Z","2026-06-16","2031-06-20","","FALSE","BBSF","FALSE","FALSE","","3,000,000","","USD","","","","","","","","","","","","","","","","","","","","","","","","","0.05","","","","","","0.010837235","","","","","","false","","","3","","","A004","","","","","","","","284958.80000","MNTH","","","","3","","","","UFRO","USD","","","","","false","0.99","","","","","","","","","","FALSE","","","","","","","","","QZHH8NT767RX","NA/CDS Corp Idx","CDX.NA.HY"
"3682929166000000101","","NEWT","TRAD","2026-06-15T16:49:29Z","","CR","","I","TRUE","2026-06-15T16:49:29Z","2026-06-16","2031-06-20","","FALSE","BBSF","FALSE","FALSE","","5,000,000","","USD","","","","","","","","","","","","","","","","","","","","","","","","","0.05","","","","","","0.01084185","","","","","","false","","","3","","","A004","","","","","","","","477215.75000","MNTH","","","","3","","","","UFRO","USD","","","","","false","0.99","","","","","","","","","","FALSE","","","","","","","","","QZHH8NT767RX","NA/CDS Corp Idx","CDX.NA.HY"
"3681299168000000201","","NEWT","TRAD","2026-06-15T14:23:42Z","","CR","","I","TRUE","2026-06-15T14:23:42Z","2026-06-16","2031-06-20","","","TWSF","FALSE","FALSE","","6,000,000","","EUR","","","","","","","","","","","","","","","","","","","","","","","","","0.01","","","","","","0.0051389","","","","","","false","","","3","","","A004","","","","","","","","150551.96000","MNTH","","","","3","","","","UFRO","EUR","","","","","false","1","","","","","","","","","","FALSE","","","","","","","","","QZTQ4GTC5QMF","NA/CDS Corp Idx","ITRAXX EUROPE"
"3680083388000000301","","NEWT","TRAD","2026-06-15T11:53:49Z","","CR","","I","TRUE","2026-06-15T11:53:49Z","2026-06-16","2031-06-20","","FALSE","BBSF","FALSE","FALSE","","100,000,000","","USD","","","","","","","","","","","","","","","","","","","","","","","","","0.01","","","","","","0.0049876","","","","","","false","","","3","","","A004","","","","","","","","2502928.56000","MNTH","","","","3","","","","UFRO","USD","","","","","false","1","","","","","","","","","","FALSE","","","","","","","","","QZ3WVVQG5T8K","NA/CDS Corp Idx","CDX.NA.IG"
"3675739091000000101","","NEWT","TRAD","2026-06-15T08:46:29Z","","CR","","N","FALSE","2026-06-15T08:46:29Z","2026-09-16","2026-09-16","","FALSE","BILT","FALSE","FALSE","TRUE","345,719,991+","","EUR","","","","","","","","","","","","","","","","","","","","","","","","2026-09-16","","","1,382,880","EUR","","","","","","","0.01","","false","","","","","3","A004","","","","","","","","0.00000","MNTH","","","","3","","","","UFRO","EUR","","","","","false","","","","","","","","","","","FALSE","","","","","","","","","QZS1WNR5R2ND","NA/CDS Idx Swt","NA/CDS Corp Idx"
"3677195938000000201","","NEWT","TRAD","2026-06-15T09:18:29Z","","CR","","I","TRUE","2026-06-15T09:18:29Z","2026-06-16","2031-06-20","","FALSE","BBSF","FALSE","FALSE","","17,000,000","","EUR","","","","","","","","","","","","","","","","","","","","","","","","","0.05","","","","","","0.02485","","","","","","false","","","3","","","A004","","","","","","","","2047203.33880","MNTH","","","","3","","","","UFRO","EUR","","","","","false","1","","","","","","","","","","TRUE","","","","0.0001","","3","","","QZ3HM9KVK2WL","NA/CDS Corp Idx","ITRAXX EUROPE CROSSOVER"
"3682401432000000101","3682380835000000101","MODI","TRAD","2026-06-15T16:26:05Z","TRUE","CR","","I","TRUE","2026-06-15T16:25:34Z","2026-03-20","2031-06-20","","FALSE","TPSE","FALSE","FALSE","","250,000,000+","","USD","","","","","","","","","","","","","","","","","","","","","","","","","0.01","","","","","","0.00497","","","","","","false","","","3","","","A004","","","","","","","","","MNTH","","","","3","","","","","","USD","","","","false","1","","","","","","","OTHR","","","FALSE","","","","","","","","","QZ3WVVQG5T8K","NA/CDS Corp Idx","CDX.NA.IG"
"3677865771000000601","","NEWT","TRAD","2026-06-15T09:27:46Z","","CR","","I","TRUE","2026-06-15T09:27:46Z","2026-06-16","2031-06-20","","FALSE","BBSF","FALSE","FALSE","","120,000,000","","EUR","","","","","","","","","","","","","","","","","","","","","","","","","0.01","","","","","","0.005139","","","","","","false","","","3","","","A004","","","","","","","","3010982.27000","MNTH","","","","3","","","","UFRO","EUR","","","","","false","1","","","","","","","","","","FALSE","","","","","","","","","QZTQ4GTC5QMF","NA/CDS Corp Idx","ITRAXX EUROPE"
"3677998565000000101","","NEWT","TRAD","2026-06-15T09:17:00Z","","CR","","N","FALSE","2026-06-15T09:17:00Z","2026-09-16","2026-09-16","2031-06-20","FALSE","BILT","FALSE","FALSE","FALSE","50,000,000","","EUR","","","","","","","","","","","","","","","","","","","","","","","","2026-09-16","0.05","","223,000","EUR","","","","","","","0.025","","false","","","","","3","A004","","","","","","","","","MNTH","","","","3","","","","","","","","","","false","","","","","","","","","","","FALSE","","","","","","","","","QZ3DGP47G9ZX","NA/CDS Idx Swt","NA/CDS Corp Idx"
"3678704000000000101","","NEWT","TRAD","2026-06-15T09:50:10Z","","CR","","I","TRUE","2026-06-15T09:50:10Z","2026-06-16","2031-06-20","","","TWSF","FALSE","FALSE","","20,000,000","","EUR","","","","","","","","","","","","","","","","","","","","","","","","","0.01","","","","","","0.00513","","","","","","false","","","3","","","A004","","","","","","","","502685.73000","MNTH","","","","3","","","","UFRO","EUR","","","","","false","1","","","","","","","","","","FALSE","","","","","","","","","QZTQ4GTC5QMF","NA/CDS Corp Idx","ITRAXX EUROPE"
"3677665561000000801","","NEWT","TRAD","2026-06-15T09:24:41Z","","CR","","N","FALSE","2026-06-15T09:24:41Z","2026-03-20","2026-08-19","2031-06-20","FALSE","BILT","FALSE","FALSE","TRUE","345,719,991+","","EUR","","","","","","","","","","","","","","","","","","","","","","","","2026-08-19","0.01","","207,432","EUR","","","","","","","0.0065","","false","","","","","3","A004","","","","","","","","","MNTH","","","","3","","","","","","","","","","false","1","","","","","","","","","","FALSE","","","","","","","","","QZS1WNR5R2ND","NA/CDS Idx Swt","NA/CDS Corp Idx"
"3677142493000000301","","NEWT","TRAD","2026-06-15T09:17:18Z","","CR","","N","FALSE","2026-06-15T09:17:18Z","2026-03-20","2031-06-20","2031-06-20","TRUE","BILT","FALSE","TRUE","TRUE","200,000,000","","EUR","","","","","","","","","","","","","","","","","","","","","","","","2026-07-15","0.01","","585,000","EUR","","","","","","","0.00575","","false","","","","","3","A004","","","","","","","","","MNTH","","","","3","","","","","","","","","","false","1","","","","","","","","","","FALSE","","","","","","","","","QZQ9RDJP4641","NA/CDS Idx Swt","NA/CDS Corp Idx"
"3685950858000000101","","NEWT","TRAD","2026-06-15T19:26:55Z","","CR","","N","FALSE","2026-06-15T19:26:55Z","2026-06-16","2026-06-20","2026-06-20","FALSE","BILT","FALSE","FALSE","TRUE","92,000,000","","USD","","","","","","","","","","","","","","","","","","","","","","","","","","","","","","","","","","","","","false","","","","","","A004","","","","","","","","817127.43000","MNTH","","","","3","","","","UFRO","USD","","","","","false","1","","","","","","","","","","FALSE","","","","","","","","","QZ9206MF0QMZ","NA/CDS Corp Idx","IBOXX USD LIQUID IG"
"3686006899000000101","","NEWT","TRAD","2026-06-15T19:56:06Z","","CR","","I","TRUE","2026-06-15T19:56:06Z","2026-06-16","2031-06-20","","FALSE","BBSF","FALSE","FALSE","","700,000","","USD","","","","","","","","","","","","","","","","","","","","","","","","","0.05","","","","","","0.01083455","","","","","","false","","","3","","","A004","","","","","","","","66304.32000","MNTH","","","","3","","","","UFRO","USD","","","","","false","0.99","","","","","","","","","","FALSE","","","","","","","","","QZHH8NT767RX","NA/CDS Corp Idx","CDX.NA.HY"
"3686014232000000301","","NEWT","TRAD","2026-06-15T19:59:31Z","","CR","","I","TRUE","2026-06-15T19:59:31Z","2026-06-16","2030-12-20","","FALSE","BBSF","FALSE","FALSE","","82,000,000","","USD","","","","","","","","","","","","","","","","","","","","","","","","","0.01","","","","","","0.0046","","","","","","false","","","3","","","A004","","","","","","","","2020491.64000","MNTH","","","","3","","","","UFRO","USD","","","","","false","1","","","","","","","","","","TRUE","","","","0.0046","","3","","","QZN3HTTN5303","NA/CDS Corp Idx","CDX.NA.IG"
"3685929022000000201","","NEWT","TRAD","2026-06-15T19:17:19Z","","CR","","I","TRUE","2026-06-15T19:17:19Z","2026-06-16","2031-06-20","","FALSE","BBSF","FALSE","FALSE","","5,000,000","","USD","","","","","","","","","","","","","","","","","","","","","","","","","0.05","","","","","","0.01083664","","","","","","false","","","3","","","A004","","","","","","","","474637.65026","MNTH","","","","3","","","","UFRO","USD","","","","","false","0.99","","","","","","","","","","FALSE","","","","","","","","","QZHH8NT767RX","NA/CDS Corp Idx","CDX.NA.HY"
"3681180575000000301","","NEWT","TRAD","2026-06-15T13:58:53Z","","CR","","I","TRUE","2026-06-15T13:58:53Z","2026-06-16","2031-06-20","","","TWSF","FALSE","FALSE","","35,000,000","","USD","","","","","","","","","","","","","","","","","","","","","","","","","0.05","","","","","","0.01084066","","","","","","false","","","3","","","A004","","","","","","","","3336386.90000","MNTH","","","","3","","","","UFRO","USD","","","","","false","0.99","","","","","","","","","","FALSE","","","","","","","","","QZHH8NT767RX","NA/CDS Corp Idx","CDX.NA.HY"
"3684843982000000101","","NEWT","TRAD","2026-06-15T17:34:12Z","","CR","","I","TRUE","2026-06-15T17:34:12Z","2026-06-16","2031-06-20","","FALSE","BBSF","FALSE","FALSE","","30,000,000","","USD","","","","","","","","","","","","","","","","","","","","","","","","","0.01","","","","","","0.004977","","","","","","false","","","3","","","A004","","","","","","","","752340.54000","MNTH","","","","3","","","","UFRO","USD","","","","","false","1","","","","","","","","","","FALSE","","","","","","","","","QZ3WVVQG5T8K","NA/CDS Corp Idx","CDX.NA.IG"
"3684572889000000201","","NEWT","TRAD","2026-06-15T17:24:29Z","","CR","","I","TRUE","2026-06-15T17:24:29Z","2026-06-16","2029-12-20","","FALSE","BBSF","FALSE","TRUE","","93,000,000","","USD","","","","","","","","","","","","","","","","","","","","","","","","","0.01","","","","","","0.0036","","","","","","false","","","3","","","A004","","","","","","","","2181567.18170","MNTH","","","","3","","","","UFRO","USD","","","","","false","1","","","","","","","","","","TRUE","","","","0.0036","","3","","","QZMGWFQC6DXH","NA/CDS Corp Idx","CDX.NA.IG"
"3681413277000000101","","NEWT","TRAD","2026-06-15T14:46:48Z","","CR","","I","TRUE","2026-06-15T14:46:48Z","2026-06-16","2031-06-20","","FALSE","BBSF","FALSE","FALSE","","15,000,000","","USD","","","","","","","","","","","","","","","","","","","","","","","","","0.01","","","","","","0.00499","","","","","","false","","","3","","","A004","","","","","","","","375273.79000","MNTH","","","","3","","","","UFRO","USD","","","","","false","1","","","","","","","","","","FALSE","","","","","","","","","QZ3WVVQG5T8K","NA/CDS Corp Idx","CDX.NA.IG"
"3685283762000000301","","NEWT","TRAD","2026-06-15T18:55:42Z","","CR","","I","TRUE","2026-06-15T18:55:42Z","2026-06-16","2031-06-20","","","TWSF","FALSE","FALSE","","21,000,000","","USD","","","","","","","","","","","","","","","","","","","","","","","","","0.05","","","","","","0.01083731","","","","","","false","","","3","","","A004","","","","","","","","1994866.71891","MNTH","","","","3","","","","UFRO","USD","","","","","false","0.99","","","","","","","","","","FALSE","","","","","","","","","QZHH8NT767RX","NA/CDS Corp Idx","CDX.NA.HY"
"3685283761000000201","","NEWT","TRAD","2026-06-15T18:55:41Z","","CR","","I","TRUE","2026-06-15T18:55:41Z","2026-06-16","2031-06-20","","","TWSF","FALSE","FALSE","","82,000,000","","USD","","","","","","","","","","","","","","","","","","","","","","","","","0.01","","","","","","0.004982","","","","","","false","","","3","","","A004","","","","","","","","2054517.21692","MNTH","","","","3","","","","UFRO","USD","","","","","false","1","","","","","","","","","","FALSE","","","","","","","","","QZ3WVVQG5T8K","NA/CDS Corp Idx","CDX.NA.IG"
"3685174497000000201","3685017659000000301","CORR","","2026-06-15T18:32:10Z","","CR","","N","FALSE","2026-06-15T17:58:14Z","2026-06-15","2026-06-17","2031-06-20","FALSE","BILT","FALSE","FALSE","TRUE","18,000,000","","USD","","","","","","","","","","","","","","","","","","","","","","","","2026-06-17","0.05","","900.0036","USD","","","","","","","0.0106","","false","","","","","3","A004","","","","","","","","","MNTH","","","","3","","","","","","","","","","false","1","","","","","","","","","","FALSE","","","","","","","","","QZHRHKT5ZH3K","NA/CDS Idx Swt","NA/CDS Corp Idx"
"3685293627000000101","","NEWT","TRAD","2026-06-15T18:58:23Z","","CR","","I","TRUE","2026-06-15T18:58:23Z","2026-06-16","2031-06-20","","FALSE","BBSF","FALSE","TRUE","","250,000,000+","","USD","","","","","","","","","","","","","","","","","","","","","","","","","0.01","","","","","","0.0049792","","","","","","false","","","3","","","A004","","","","","","","","6266871.15764","MNTH","","","","3","","","","UFRO","USD","","","","","false","1","","","","","","","","","","FALSE","","","","","","","","","QZ3WVVQG5T8K","NA/CDS Corp Idx","CDX.NA.IG"
"3685932726000000101","","NEWT","TRAD","2026-06-15T19:18:02Z","","CR","","I","TRUE","2026-06-15T19:18:02Z","2026-06-16","2031-06-20","","FALSE","BBSF","FALSE","FALSE","","17,000,000","","USD","","","","","","","","","","","","","","","","","","","","","","","","","0.01","","","","","","0.00498","","","","","","false","","","3","","","A004","","","","","","","","426091.83000","MNTH","","","","3","","","","UFRO","USD","","","","","false","1","","","","","","","","","","FALSE","","","","","","","","","QZ3WVVQG5T8K","NA/CDS Corp Idx","CDX.NA.IG"
"3681338787000000501","","NEWT","TRAD","2026-06-15T14:31:55Z","","CR","","I","TRUE","2026-06-15T14:31:55Z","2026-06-16","2031-06-20","","FALSE","BBSF","FALSE","TRUE","","60,000,000","","USD","","","","","","","","","","","","","","","","","","","","","","","","","0.05","","","","","","0.01083579","","","","","","false","","","3","","","A004","","","","","","","","5690592.60000","MNTH","","","","3","","","","UFRO","USD","","","","","false","0.99","","","","","","","","","","FALSE","","","","","","","","","QZHH8NT767RX","NA/CDS Corp Idx","CDX.NA.HY"
"3685964323000000201","","NEWT","TRAD","2026-06-15T19:37:27Z","","CR","","I","TRUE","2026-06-15T19:37:27Z","2026-06-16","2031-06-20","","FALSE","BBSF","FALSE","FALSE","","52,000,000","","USD","","","","","","","","","","","","","","","","","","","","","","","","","0.01","","","","","","0.004985","","","","","","false","","","3","","","A004","","","","","","","","1302144.40000","MNTH","","","","3","","","","UFRO","USD","","","","","false","1","","","","","","","","","","FALSE","","","","","","","","","QZ3WVVQG5T8K","NA/CDS Corp Idx","CDX.NA.IG"
"3685903514000000101","","NEWT","TRAD","2026-06-15T19:10:11Z","","CR","","N","FALSE","2026-06-15T19:10:11Z","2026-06-15","2026-09-16","2031-06-20","FALSE","BILT","FALSE","FALSE","TRUE","250,000,000","","USD","","","","","","","","","","","","","","","","","","","","","","","","2026-09-16","0.01","","163,750","USD","","","","","","","0.007","","false","","","","","3","A004","","","","","","","","","MNTH","","","","3","","","","","","","","","","false","1","","","","","","","","","","FALSE","","","","","","","","","QZT4QS79CCTS","NA/CDS Idx Swt","NA/CDS Corp Idx"
"3685966419000000201","","NEWT","TRAD","2026-06-15T19:38:54Z","","CR","","I","TRUE","2026-06-15T19:38:54Z","2026-06-16","2031-06-20","","FALSE","BBSF","FALSE","FALSE","","19,000,000","","USD","","","","","","","","","","","","","","","","","","","","","","","","","0.05","","","","","","0.0108362","","","","","","false","","","3","","","A004","","","","","","","","1802784.22976","MNTH","","","","3","","","","UFRO","USD","","","","","false","0.99","","","","","","","","","","FALSE","","","","","","","","","QZHH8NT767RX","NA/CDS Corp Idx","CDX.NA.HY"
"3685978407000000101","","NEWT","TRAD","2026-06-15T19:45:58Z","","CR","","I","TRUE","2026-06-15T19:45:58Z","2026-06-16","2031-06-20","","FALSE","BBSF","FALSE","FALSE","","100,000,000","","USD","","","","","","","","","","","","","","","","","","","","","","","","","0.01","","","","","","0.004988","","","","","","false","","","3","","","A004","","","","","","","","2502744.67000","MNTH","","","","3","","","","UFRO","USD","","","","","false","1","","","","","","","","","","FALSE","","","","","","","","","QZ3WVVQG5T8K","NA/CDS Corp Idx","CDX.NA.IG"
"3671597957000000101","","NEWT","TRAD","2026-06-15T07:27:13Z","","CR","","I","TRUE","2026-06-15T07:27:13Z","2026-06-16","2031-06-20","","FALSE","BBSF","FALSE","FALSE","","10,000,000","","EUR","","","","","","","","","","","","","","","","","","","","","","","","","0.05","","","","","","0.02482272","","","","","","false","","","3","","","A004","","","","","","","","1205532.15000","MNTH","","","","3","","","","UFRO","EUR","","","","","false","1","","","","","","","","","","FALSE","","","","","","","","","QZ3HM9KVK2WL","NA/CDS Corp Idx","ITRAXX EUROPE CROSSOVER"
"3672383323000000101","","NEWT","TRAD","2026-06-15T07:50:58Z","","CR","","I","TRUE","2026-06-15T07:50:58Z","2026-06-16","2031-06-20","","","TWSF","FALSE","FALSE","","50,000,000","","EUR","","","","","","","","","","","","","","","","","","","","","","","","","0.01","","","","","","0.005112","","","","","","false","","","3","","","A004","","","","","","","","1260991.53000","MNTH","","","","3","","","","UFRO","EUR","","","","","false","1","","","","","","","","","","FALSE","","","","","","","","","QZTQ4GTC5QMF","NA/CDS Corp Idx","ITRAXX EUROPE"
"3670233734000000101","","NEWT","TRAD","2026-06-15T06:51:45Z","","CR","","I","TRUE","2026-06-15T06:51:45Z","2026-06-16","2031-06-20","","FALSE","BBSF","FALSE","FALSE","","7,000,000","","EUR","","","","","","","","","","","","","","","","","","","","","","","","","0.01","","","","","","0.0051234","","","","","","false","","","3","","","A004","","","","","","","","176159.56000","MNTH","","","","3","","","","UFRO","EUR","","","","","false","1","","","","","","","","","","FALSE","","","","","","","","","QZTQ4GTC5QMF","NA/CDS Corp Idx","ITRAXX EUROPE"
"3682355758000000101","","NEWT","TRAD","2026-06-15T16:24:28Z","","CR","","I","TRUE","2026-06-15T16:24:28Z","2026-06-16","2030-12-20","","FALSE","BBSF","FALSE","TRUE","","130,000,000","","EUR","","","","","","","","","","","","","","","","","","","","","","","","","0.01","","","","","","0.004654","","","","","","false","","","3","","","A004","","","","","","","","3264077.10884","MNTH","","","","3","","","","UFRO","EUR","","","","","false","1","","","","","","","","","","TRUE","","","","0.000486","","3","","","QZFB31MBHLT9","NA/CDS Corp Idx","ITRAXX EUROPE"
"3673608637000000101","","NEWT","TRAD","2026-06-15T08:10:33Z","","CR","","I","FALSE","2026-06-15T08:10:33Z","2026-06-16","2031-06-20","","","TWSF","FALSE","FALSE","","5,000,000","","EUR","","","","","","","","","","","","","","","","","","","","","","","","","0.05","","","","","","0.024874","","","","","","false","","","3","","","A004","","","","","","","","601552.47000","MNTH","","","","3","","","","UFRO","EUR","","","","","false","1","","","","","","","","","","FALSE","","","","","","","","","QZ3HM9KVK2WL","NA/CDS Corp Idx","ITRAXX EUROPE CROSSOVER"
"3680874739000000101","","NEWT","TRAD","2026-06-15T13:15:26Z","","CR","","I","FALSE","2026-06-15T13:15:26Z","2026-06-16","2031-06-20","","FALSE","BBSF","FALSE","TRUE","","50,000,000+","","USD","","","","","","","","","","","","","","","","","","","","","","","","","0.01","","","","","","0.009828","","","","","","false","","","3","","","A004","","","","","","","","737777.78000","MNTH","","","","3","","","","UFRO","USD","","","","","false","1","","","","","","","","","","FALSE","","","","","","","","","QZ4JMQKL3P03","NA/CDS Corp Idx","CDX.EM"
"3682179054000000201","","NEWT","TRAD","2026-06-15T16:12:44Z","","CR","","N","FALSE","2026-06-15T16:12:44Z","2026-06-15","2026-07-31","","FALSE","BILT","FALSE","FALSE","TRUE","130,000,000","","USD","","","","","","","","","","","","","","","","","","","","","","","","","0.03662","0.03662","","","","","","","","","","","false","","","","","","A020","","","","","","","","","YEAR","","","","1","","","","","","USD","","","","true","","","","","","","","","","","FALSE","","","","","","","","","QZ06XKC3VCD6","NA/CDS Corp Oth Sr","SOCIETE GENERALE"
"3680556287000000301","","NEWT","TRAD","2026-06-15T12:42:09Z","","CR","","I","TRUE","2026-06-15T12:42:09Z","2026-06-16","2031-06-20","","FALSE","BBSF","FALSE","FALSE","","25,000,000","","EUR","","","","","","","","","","","","","","","","","","","","","","","","","0.05","","","","","","0.024754","","","","","","false","","","3","","","A004","","","","","","","","3021965.85000","MNTH","","","","3","","","","UFRO","EUR","","","","","false","1","","","","","","","","","","FALSE","","","","","","","","","QZ3HM9KVK2WL","NA/CDS Corp Idx","ITRAXX EUROPE CROSSOVER"
"3680547464000000901","2956463919000000101","CORR","","2026-06-15T12:38:13Z","","CR","","N","FALSE","2026-05-04T21:05:43Z","2026-06-17","2064-08-15","2064-08-15","TRUE","BILT","FALSE","FALSE","TRUE","73,000,000","","USD","","","","","","","","","","","","","","","","","","","","","","","","","","","","","","","1","","","","","","false","","","4","","","","","A004","","DAIL","","1","","","","","","","","","","","","","USD","","","","true","","","","","","","","OPET","","","FALSE","","","","","","","","","QZWBC8GZ8TBN","NA/CDS Corp Oth","Basket"
"3686614472000000101","","NEWT","TRAD","2026-06-15T20:33:23Z","","CR","","I","TRUE","2026-06-15T20:33:23Z","2026-06-16","2031-06-20","","FALSE","BBSF","FALSE","TRUE","","200,000,000","","USD","","","","","","","","","","","","","","","","","","","","","","","","","0.01","","","","","","0.0049805","","","","","","false","","","3","","","A004","","","","","","","","5012385.33000","MNTH","","","","3","","","","UFRO","USD","","","","","false","1","","","","","","","","","","FALSE","","","","","","","","","QZ3WVVQG5T8K","NA/CDS Corp Idx","CDX.NA.IG"
"3686392605000000201","3654877414000000101","MODI","TRAD","2026-06-15T20:23:08Z","FALSE","CR","","N","FALSE","2026-06-12T16:06:32Z","2026-06-13","2026-06-17","2031-06-20","FALSE","BILT","FALSE","FALSE","TRUE","380,000,000","","USD","","","","","","","","","","","","","","","","","","","","","","","","2026-06-17","0.01","","0","","","","","","","","55","USD","false","","","","","1","A004","","","","","","","","","MNTH","","","","3","","","","","","","","","","false","","","","","","","","","","","TRUE","9.9999999999","","3","","","","","","QZT4QS79CCTS","NA/CDS Idx Swt","NA/CDS Corp Idx"
"3679506956000000101","","NEWT","TRAD","2026-06-15T10:37:59Z","","CR","","I","TRUE","2026-06-15T10:37:59Z","2026-06-16","2031-06-20","","FALSE","BBSF","FALSE","FALSE","","10,000,000","","EUR","","","","","","","","","","","","","","","","","","","","","","","","","0.05","","","","","","0.02480255","","","","","","false","","","3","","","A004","","","","","","","","1206487.11000","MNTH","","","","3","","","","UFRO","EUR","","","","","false","1","","","","","","","","","","FALSE","","","","","","","","","QZ3HM9KVK2WL","NA/CDS Corp Idx","ITRAXX EUROPE CROSSOVER"
"3678750918000000101","","NEWT","TRAD","2026-06-15T09:52:26Z","","CR","","I","FALSE","2026-06-15T09:52:26Z","2026-06-16","2031-06-20","","","TWSF","FALSE","TRUE","","164,216,996+","","EUR","","","","","","","","","","","","","","","","","","","","","","","","","0.01","","","","","","0.0051275","","","","","","false","","","3","","","A004","","","","","","","","4129425.05191","MNTH","","","","3","","","","UFRO","EUR","","","","","false","1","","","","","","","","","","FALSE","","","","","","","","","QZTQ4GTC5QMF","NA/CDS Corp Idx","ITRAXX EUROPE"
"3681069152000000201","","NEWT","TRAD","2026-06-15T13:35:29Z","","CR","","I","TRUE","2026-06-15T13:35:29Z","2026-06-16","2031-06-20","","FALSE","BBSF","FALSE","FALSE","","78,000,000","","EUR","","","","","","","","","","","","","","","","","","","","","","","","","0.01","","","","","","0.005126","","","","","","false","","","3","","","A004","","","","","","","","1961957.02000","MNTH","","","","3","","","","UFRO","EUR","","","","","false","1","","","","","","","","","","FALSE","","","","","","","","","QZTQ4GTC5QMF","NA/CDS Corp Idx","ITRAXX EUROPE"
"3681069154000000401","","NEWT","TRAD","2026-06-15T13:35:44Z","","CR","","I","TRUE","2026-06-15T13:35:44Z","2026-03-20","2031-06-20","","FALSE","BGCD","FALSE","FALSE","","10,000,000","","EUR","","","","","","","","","","","","","","","","","","","","","","","","","","","","","","","0.02485","","","","","","false","","","3","","","A004","","","","","","","","","MNTH","","","","3","","","","","","","","","","false","1","","","","","","","","","","FALSE","","","","","","","","","QZ3HM9KVK2WL","NA/CDS Corp Idx","ITRAXX EUROPE CROSSOVER"
"3681127372000000701","","NEWT","TRAD","2026-06-15T13:43:42Z","FALSE","CR","","N","FALSE","2026-06-15T13:43:42Z","2026-06-15","2026-08-13","","FALSE","BILT","FALSE","FALSE","TRUE","67,700,000,000","48,272,160","NGN","USD","","","","","","","","","","","","","","","","","","","","","","","","0","","","","","","","","","","","","false","","","","","","A008","","","A004","","DAIL","","1","","MNTH","","","EXPI","1","","","1","","","USD","","","","false","","","","","","","","","","","FALSE","","","","","","","","","QZKRRFSS1T1T","NA/CDS Corp SN","No name obtainable"
"3680797696000000101","3654189707000000101","CORR","","2026-06-15T13:04:34Z","","CR","","N","FALSE","2026-06-12T15:46:09Z","2026-06-12","2026-09-16","2031-06-20","FALSE","BILT","FALSE","FALSE","TRUE","76,000,000","","EUR","","","","","","","","","","","","","","","","","","","","","","","","2026-09-16","0.05","","366,776","EUR","","","","","","","0.03125","","false","","","","","3","A004","","","","","","","","","MNTH","","","","3","","","","","","","","","","false","1","","","","","","","","","","FALSE","","","","","","","","","QZWDX55NJN4V","NA/CDS Idx Swt","NA/CDS Corp Idx"
"3680998068000000201","","NEWT","TRAD","2026-06-15T13:29:49Z","","CR","","I","TRUE","2026-06-15T13:29:49Z","2026-06-16","2031-06-20","","FALSE","BBSF","FALSE","FALSE","","75,000,000","","EUR","","","","","","","","","","","","","","","","","","","","","","","","","0.01","","","","","","0.005122","","","","","","false","","","3","","","A004","","","","","","","","1887922.84000","MNTH","","","","3","","","","UFRO","EUR","","","","","false","1","","","","","","","","","","FALSE","","","","","","","","","QZTQ4GTC5QMF","NA/CDS Corp Idx","ITRAXX EUROPE"
"3681038178000000401","","NEWT","TRAD","2026-06-15T13:33:37Z","","CR","","I","TRUE","2026-06-15T13:33:37Z","2026-06-16","2031-06-20","","FALSE","BBSF","FALSE","FALSE","","5,000,000","","USD","","","","","","","","","","","","","","","","","","","","","","","","","0.05","","","","","","0.010843","","","","","","false","","","3","","","A004","","","","","","","","477785.00000","MNTH","","","","3","","","","UFRO","USD","","","","","false","0.99","","","","","","","","","","FALSE","","","","","","","","","QZHH8NT767RX","NA/CDS Corp Idx","CDX.NA.HY"
"3670191738000000101","","NEWT","TRAD","2026-06-15T06:50:18Z","","CR","","I","FALSE","2026-06-15T06:50:18Z","2026-06-16","2031-06-20","","","TWSF","FALSE","TRUE","","46,672,199+","","EUR","","","","","","","","","","","","","","","","","","","","","","","","","0.05","","","","","","0.02488","","","","","","false","","","3","","","A004","","","","","","","","5613834.37734","MNTH","","","","3","","","","UFRO","EUR","","","","","false","1","","","","","","","","","","FALSE","","","","","","","","","QZ3HM9KVK2WL","NA/CDS Corp Idx","ITRAXX EUROPE CROSSOVER"
"3670729781000000101","","NEWT","TRAD","2026-06-15T07:09:35Z","","CR","","I","TRUE","2026-06-15T07:09:35Z","2026-06-16","2031-06-20","","FALSE","BBSF","FALSE","FALSE","","25,000,000","","EUR","","","","","","","","","","","","","","","","","","","","","","","","","0.05","","","","","","0.02483","","","","","","false","","","3","","","A004","","","","","","","","3012968.78000","MNTH","","","","3","","","","UFRO","EUR","","","","","false","1","","","","","","","","","","FALSE","","","","","","","","","QZ3HM9KVK2WL","NA/CDS Corp Idx","ITRAXX EUROPE CROSSOVER"
"3670986508000000101","","NEWT","TRAD","2026-06-15T07:15:34Z","","CR","","I","TRUE","2026-06-15T07:15:34Z","2026-06-16","2031-06-20","","","TWSF","FALSE","FALSE","","11,000,000","","EUR","","","","","","","","","","","","","","","","","","","","","","","","","0.05","","","","","","0.0248075","","","","","","false","","","3","","","A004","","","","","","","","1326878.01000","MNTH","","","","3","","","","UFRO","EUR","","","","","false","1","","","","","","","","","","FALSE","","","","","","","","","QZ3HM9KVK2WL","NA/CDS Corp Idx","ITRAXX EUROPE CROSSOVER"
"3683740057000000101","3629183981000000101","CORR","","2026-06-11T15:52:24Z","","CR","","N","FALSE","2026-06-11T15:39:03Z","2026-03-20","2026-06-17","2031-06-20","FALSE","BILT","FALSE","FALSE","TRUE","140,000,000","","USD","","","","","","","","","","","","","","","","","","","","","","","","2026-06-17","0.01","","24,500","USD","","","","","","","0.0055","","false","","","","","3","A004","","","","","","","","","MNTH","","","","3","","","","","","","","","","false","1","","","","","","","","","","FALSE","","","","","","","","","QZ7WW76RFHN3","NA/CDS Idx Swt","NA/CDS Corp Idx"
"3683740059000000301","3605038629000000101","CORR","","2026-06-10T18:33:29Z","","CR","","N","FALSE","2026-06-10T15:59:43Z","2026-06-11","2027-03-20","","FALSE","BILT","FALSE","FALSE","TRUE","44,000,000","","USD","","","","","","","","","","","","","","","","","","","","","","","","","","","","","","","","0","","","","","true","","","","3","","A004","","","A004","","DAIL","","1","368617.32000","MNTH","","","MNTH","3","","","3","UFRO","USD","","","","","false","1","","","","","","","","","","FALSE","","","","","","","","","QZ9206MF0QMZ","NA/CDS Corp Idx","IBOXX USD LIQUID IG"
"3688141529000000301","","NEWT","TRAD","2026-06-15T17:57:58Z","","CR","","N","FALSE","2026-06-15T17:57:58Z","2026-06-15","2026-06-17","2031-06-20","FALSE","BILT","FALSE","FALSE","TRUE","18,000,000","","USD","","","","","","","","","","","","","","","","","","","","","","","","2026-06-17","0.05","","450.0018","USD","","","","","","","0.0108","","false","","","","","3","A004","","","","","","","","","MNTH","","","","3","","","","","","","","","","false","1","","","","","","","","","","FALSE","","","","","","","","","QZ8V3P8GM5FP","NA/CDS Idx Swt","NA/CDS Corp Idx"
"3682779123000000101","","NEWT","TRAD","2026-06-15T16:39:53Z","","CR","","I","FALSE","2026-06-15T16:39:52Z","2026-03-20","2031-06-20","","FALSE","BILT","FALSE","FALSE","TRUE","50,000,000+","","USD","","","","","","","","","","","","","","","","","","","","","","","","","0.01","","","","","","","","","","","","false","","","","","","A004","","","","","","","","","MNTH","","","","3","","","","","","USD","","","","false","1","","","","","","","","","","FALSE","","","","","","","","","QZ4JMQKL3P03","NA/CDS Corp Idx","CDX.EM"
"3683276212000000201","","NEWT","TRAD","2026-06-15T17:04:21Z","","CR","","I","TRUE","2026-06-15T17:04:21Z","2026-06-16","2031-06-20","","FALSE","BBSF","FALSE","FALSE","","15,000,000","","USD","","","","","","","","","","","","","","","","","","","","","","","","","0.05","","","","","","0.01084181","","","","","","false","","","3","","","A004","","","","","","","","1431587.85000","MNTH","","","","3","","","","UFRO","USD","","","","","false","0.99","","","","","","","","","","FALSE","","","","","","","","","QZHH8NT767RX","NA/CDS Corp Idx","CDX.NA.HY"
"3683344579000000401","","NEWT","TRAD","2026-06-15T17:05:45Z","","CR","","I","TRUE","2026-06-15T17:05:45Z","2026-06-16","2031-06-20","","FALSE","BBSF","FALSE","FALSE","","10,000,000","","USD","","","","","","","","","","","","","","","","","","","","","","","","","0.05","","","","","","0.0108405","","","","","","false","","","3","","","A004","","","","","","","","953095.00000","MNTH","","","","3","","","","UFRO","USD","","","","","false","0.99","","","","","","","","","","FALSE","","","","","","","","","QZHH8NT767RX","NA/CDS Corp Idx","CDX.NA.HY"
"3681205684000000101","1291541731","TERM","NOVA","2026-06-15T14:02:04Z","","CR","","N","FALSE","2024-12-16T17:44:53Z","2024-09-20","2029-12-20","2029-12-20","FALSE","BILT","FALSE","FALSE","TRUE","46,672,199+","","EUR","","","","","","","","","","","","","","","","","","","","","","","","","0.05","","","","","","","","","","","","true","","","","","","A004","","","","","","","","","MNTH","","","","3","","","","","","","","","","false","1","","","","","","","","","","FALSE","","","","","","","","","QZX8LPK3VWVP","NA/CDS Corp Idx Tra","ITRAXX EUROPE CROSSOVER"
"3681602736000000101","","NEWT","TRAD","2026-06-15T15:26:42Z","","CR","","I","TRUE","2026-06-15T15:26:42Z","2026-06-16","2031-06-20","","FALSE","BBSF","FALSE","TRUE","","46,672,199+","","EUR","","","","","","","","","","","","","","","","","","","","","","","","","0.05","","","","","","0.02485","","","","","","false","","","3","","","A004","","","","","","","","5620442.30082","MNTH","","","","3","","","","UFRO","EUR","","","","","false","1","","","","","","","","","","TRUE","","","","0.02485","","3","","","QZ3HM9KVK2WL","NA/CDS Corp Idx","ITRAXX EUROPE CROSSOVER"
"3681624264000000501","","NEWT","TRAD","2026-06-15T15:31:30Z","","CR","","I","TRUE","2026-06-15T15:31:30Z","2026-06-16","2031-06-20","","","TWSF","FALSE","FALSE","","32,000,000","","EUR","","","","","","","","","","","","","","","","","","","","","","","","","0.01","","","","","","0.0051325","","","","","","false","","","3","","","A004","","","","","","","","803916.31953","MNTH","","","","3","","","","UFRO","EUR","","","","","false","1","","","","","","","","","","FALSE","","","","","","","","","QZTQ4GTC5QMF","NA/CDS Corp Idx","ITRAXX EUROPE"
"3681527089000000101","","NEWT","TRAD","2026-06-15T15:04:44Z","","CR","","I","FALSE","2026-06-15T15:04:44Z","2026-03-20","2031-06-20","","","GFSO","FALSE","FALSE","TRUE","164,216,996+","","EUR","","","","","","","","","","","","","","","","","","","","","","","","","0.01","","","","","","","","","","","","false","","","","","","A004","","","","","","","","4150967.09874","MNTH","","","","3","","","","UFRO","EUR","","","","","false","1","","","","","","","","","","TRUE","","","","220","","4","","","QZTQ4GTC5QMF","NA/CDS Corp Idx","ITRAXX EUROPE"
"3681645684000000501","","NEWT","NOVA","2026-06-15T15:34:36Z","","CR","","N","FALSE","2026-06-15T15:34:36Z","2023-07-12","2065-04-17","2065-04-17","FALSE","BILT","FALSE","FALSE","FALSE","120,000","","USD","","","","","","","","","","","","","","","","","","","","","","","","","0.03","","","","","","","","","","","","true","","","","","","A004","","","","","","","","","","","","","","","","","","","","","","","false","1","","","","","","","","","","FALSE","","","","","","","","","QZ0G1LJBPFZQ","NA/CDS Corp Idx","CMBX.NA.BBB-"
"3688141528000000201","","NEWT","TRAD","2026-06-15T17:57:24Z","","CR","","N","FALSE","2026-06-15T17:57:24Z","2026-06-15","2026-06-17","2031-06-20","FALSE","BILT","FALSE","FALSE","TRUE","17,000,000","","USD","","","","","","","","","","","","","","","","","","","","","","","","2026-06-17","0.05","","1,189.99524","USD","","","","","","","0.01065","","false","","","","","3","A004","","","","","","","","","MNTH","","","","3","","","","","","","","","","false","1","","","","","","","","","","FALSE","","","","","","","","","QZHRHKT5ZH3K","NA/CDS Idx Swt","NA/CDS Corp Idx"
"3681154395000000201","","NEWT","TRAD","2026-06-15T13:51:19Z","","CR","","I","TRUE","2026-06-15T13:51:19Z","2026-06-16","2031-06-20","","FALSE","BBSF","FALSE","FALSE","","15,000,000","","EUR","","","","","","","","","","","","","","","","","","","","","","","","","0.01","","","","","","0.005128","","","","","","false","","","3","","","A004","","","","","","","","377156.86000","MNTH","","","","3","","","","UFRO","EUR","","","","","false","1","","","","","","","","","","FALSE","","","","","","","","","QZTQ4GTC5QMF","NA/CDS Corp Idx","ITRAXX EUROPE"
"3680304191000000101","3654600707000000401","EROR","","2026-06-15T12:20:49Z","","CR","","","","2026-06-12T16:07:13Z","2026-06-12","2026-08-19","","","","","","FALSE","","","","","","","","","","","","","","","","","","","","","","","","","","","","0.01","","","","","","","","","","","","","","","","","","","","","","","","","","","","","","","","","","","","","","","","","","","","","","","","","","","","","","","","","","","","","QZ2L66CGCV9J","NA/CDS Idx Swt","NA/CDS Corp Idx"
"3680230286000000301","","NEWT","TRAD","2026-06-15T12:15:18Z","","CR","","I","FALSE","2026-06-15T12:15:18Z","2026-06-16","2031-06-20","","FALSE","BBSF","FALSE","FALSE","","25,000,000","","EUR","","","","","","","","","","","","","","","","","","","","","","","","","0.01","","","","","","0.0086725","","","","","","false","","","3","","","A004","","","","","","","","214867.39000","MNTH","","","","3","","","","UFRO","EUR","","","","","false","1","","","","","","","","","","FALSE","","","","","","","","","QZ5GD86QBKCC","NA/CDS Corp Idx","ITRAXX EUROPE SUB FINANCIALS"
"3680027007000000201","","NEWT","TRAD","2026-06-15T11:45:20Z","","CR","","I","TRUE","2026-06-15T11:45:20Z","2026-06-16","2031-06-20","","FALSE","BBSF","FALSE","FALSE","","10,000,000","","USD","","","","","","","","","","","","","","","","","","","","","","","","","0.01","","","","","","0.00499173","","","","","","false","","","3","","","A004","","","","","","","","250102.99000","MNTH","","","","3","","","","UFRO","USD","","","","","false","1","","","","","","","","","","FALSE","","","","","","","","","QZ3WVVQG5T8K","NA/CDS Corp Idx","CDX.NA.IG"
"3679964162000000101","","NEWT","TRAD","2026-06-15T11:33:35Z","","CR","","I","TRUE","2026-06-15T11:33:35Z","2026-06-16","2031-06-20","","FALSE","BBSF","FALSE","TRUE","","130,000,000","","EUR","","","","","","","","","","","","","","","","","","","","","","","","","0.01","","","","","","0.0051039","","","","","","false","","","3","","","A004","","","","","","","","3283582.84800","MNTH","","","","3","","","","UFRO","EUR","","","","","false","1","","","","","","","","","","FALSE","","","","","","","","","QZTQ4GTC5QMF","NA/CDS Corp Idx","ITRAXX EUROPE"
"3680188149000000101","","NEWT","TRAD","2026-06-15T12:08:26Z","","CR","","I","TRUE","2026-06-15T12:08:26Z","2026-06-16","2031-06-20","","FALSE","BBSF","FALSE","FALSE","","15,000,000","","EUR","","","","","","","","","","","","","","","","","","","","","","","","","0.01","","","","","","0.00510435","","","","","","false","","","3","","","A004","","","","","","","","378842.86000","MNTH","","","","3","","","","UFRO","EUR","","","","","false","1","","","","","","","","","","FALSE","","","","","","","","","QZTQ4GTC5QMF","NA/CDS Corp Idx","ITRAXX EUROPE"
"3680638582000000201","","NEWT","TRAD","2026-06-15T12:47:19Z","","CR","","I","TRUE","2026-06-15T12:47:19Z","2026-06-16","2031-06-20","","FALSE","BBSF","FALSE","FALSE","","50,000,000","","USD","","","","","","","","","","","","","","","","","","","","","","","","","0.01","","","","","","0.00498466","","","","","","false","","","3","","","A004","","","","","","","","1252140.08000","MNTH","","","","3","","","","UFRO","USD","","","","","false","1","","","","","","","","","","FALSE","","","","","","","","","QZ3WVVQG5T8K","NA/CDS Corp Idx","CDX.NA.IG"
"3680622874000000201","","NEWT","TRAD","2026-06-15T12:46:18Z","","CR","","I","TRUE","2026-06-15T12:46:18Z","2026-06-16","2031-06-20","","FALSE","BBSF","FALSE","FALSE","","12,000,000","","EUR","","","","","","","","","","","","","","","","","","","","","","","","","0.05","","","","","","0.024764","","","","","","false","","","3","","","A004","","","","","","","","1449975.23000","MNTH","","","","3","","","","UFRO","EUR","","","","","false","1","","","","","","","","","","FALSE","","","","","","","","","QZ3HM9KVK2WL","NA/CDS Corp Idx","ITRAXX EUROPE CROSSOVER"
"3680638581000000101","","NEWT","TRAD","2026-06-15T12:47:01Z","","CR","","I","TRUE","2026-06-15T12:47:01Z","2026-06-16","2031-06-20","","FALSE","BBSF","FALSE","TRUE","","200,000,000","","USD","","","","","","","","","","","","","","","","","","","","","","","","","0.01","","","","","","0.004985","","","","","","false","","","3","","","A004","","","","","","","","5008247.69000","MNTH","","","","3","","","","UFRO","USD","","","","","false","1","","","","","","","","","","FALSE","","","","","","","","","QZ3WVVQG5T8K","NA/CDS Corp Idx","CDX.NA.IG"
"3680411664000000101","","NEWT","TRAD","2026-06-15T12:30:33Z","","CR","","I","TRUE","2026-06-15T12:30:33Z","2026-06-16","2031-06-20","","FALSE","BBSF","FALSE","FALSE","","75,000,000","","EUR","","","","","","","","","","","","","","","","","","","","","","","","","0.01","","","","","","0.0051097","","","","","","false","","","3","","","A004","","","","","","","","1892307.16000","MNTH","","","","3","","","","UFRO","EUR","","","","","false","1","","","","","","","","","","FALSE","","","","","","","","","QZTQ4GTC5QMF","NA/CDS Corp Idx","ITRAXX EUROPE"
"3681113217000000101","","NEWT","TRAD","2026-06-15T13:40:47Z","","CR","","I","TRUE","2026-06-15T13:40:47Z","2026-06-16","2031-06-20","","","TWSF","FALSE","FALSE","","15,000,000","","EUR","","","","","","","","","","","","","","","","","","","","","","","","","0.01","","","","","","0.0051266","","","","","","false","","","3","","","A004","","","","","","","","377256.66000","MNTH","","","","3","","","","UFRO","EUR","","","","","false","1","","","","","","","","","","FALSE","","","","","","","","","QZTQ4GTC5QMF","NA/CDS Corp Idx","ITRAXX EUROPE"
"3674957892000000101","","NEWT","TRAD","2026-06-15T08:29:36Z","","CR","","I","TRUE","2026-06-15T08:29:36Z","2026-06-16","2031-06-20","","FALSE","BBSF","FALSE","TRUE","","150,000,000","","EUR","","","","","","","","","","","","","","","","","","","","","","","","","0.01","","","","","","0.00510965","","","","","","false","","","3","","","A004","","","","","","","","3784649.97000","MNTH","","","","3","","","","UFRO","EUR","","","","","false","1","","","","","","","","","","FALSE","","","","","","","","","QZTQ4GTC5QMF","NA/CDS Corp Idx","ITRAXX EUROPE"
"3684764870000000201","","NEWT","TRAD","2026-06-15T17:27:20Z","","CR","","I","TRUE","2026-06-15T17:27:20Z","2026-06-16","2031-06-20","","FALSE","BBSF","FALSE","TRUE","","250,000,000+","","USD","","","","","","","","","","","","","","","","","","","","","","","","","0.01","","","","","","0.004968","","","","","","false","","","3","","","A004","","","","","","","","6279849.45000","MNTH","","","","3","","","","UFRO","USD","","","","","false","1","","","","","","","","","","FALSE","","","","","","","","","QZ3WVVQG5T8K","NA/CDS Corp Idx","CDX.NA.IG"
"3685102484000000101","","NEWT","TRAD","2026-06-15T18:15:21Z","","CR","","N","FALSE","2026-06-15T18:15:21Z","2026-06-16","2026-06-20","","FALSE","BILT","FALSE","FALSE","TRUE","50,000,000","50,000,000","USD","USD","","","","","","","","","","","","","","","","","","","","","","","","0","","","","","","","","","","","","false","","","","","","A004","","","A004","","DAIL","","1","444089.43000","EXPI","","","MNTH","1","","","3","UFRO","USD","USD","USD","","","false","1","","","","","","","","","","FALSE","","","","","","","","","QZ0LGRKJ22BV","NA/CDS Corp Idx","IBOXX USD LIQUID HIGH YIELD INDEX"
"3683053769000000101","","NEWT","TRAD","2026-06-15T16:56:10Z","","CR","","I","TRUE","2026-06-15T16:56:10Z","2026-06-16","2031-06-20","","","TWSF","FALSE","FALSE","","27,000,000","","USD","","","","","","","","","","","","","","","","","","","","","","","","","0.01","","","","","","0.00496576","","","","","","false","","","3","","","A004","","","","","","","","678503.21081","MNTH","","","","3","","","","UFRO","USD","","","","","false","1","","","","","","","","","","FALSE","","","","","","","","","QZ3WVVQG5T8K","NA/CDS Corp Idx","CDX.NA.IG"
"3680991330000000201","","NEWT","TRAD","2026-06-15T13:28:31Z","","CR","","I","TRUE","2026-06-15T13:28:31Z","2026-06-16","2031-06-20","","","TWSF","FALSE","TRUE","","250,000,000+","","USD","","","","","","","","","","","","","","","","","","","","","","","","","0.01","","","","","","0.00498","","","","","","false","","","3","","","A004","","","","","","","","6266106.47290","MNTH","","","","3","","","","UFRO","USD","","","","","false","1","","","","","","","","","","FALSE","","","","","","","","","QZ3WVVQG5T8K","NA/CDS Corp Idx","CDX.NA.IG"
"3681091063000000301","","NEWT","TRAD","2026-06-15T13:38:56Z","","CR","","I","TRUE","2026-06-15T13:38:56Z","2026-06-16","2031-06-20","","FALSE","BBSF","FALSE","FALSE","","140,000,000","","USD","","","","","","","","","","","","","","","","","","","","","","","","","0.01","","","","","","0.004975","","","","","","false","","","3","","","A004","","","","","","","","3512210.73171","MNTH","","","","3","","","","UFRO","USD","","","","","false","1","","","","","","","","","","TRUE","","","","0.000635","","3","","","QZ3WVVQG5T8K","NA/CDS Corp Idx","CDX.NA.IG"
"3681130599000000401","","NEWT","TRAD","2026-06-15T13:45:12Z","","CR","","I","TRUE","2026-06-15T13:45:12Z","2026-06-16","2031-06-20","","FALSE","BBSF","FALSE","FALSE","","25,000,000","","EUR","","","","","","","","","","","","","","","","","","","","","","","","","0.05","","","","","","0.024847","","","","","","false","","","3","","","A004","","","","","","","","3010957.00000","MNTH","","","","3","","","","UFRO","EUR","","","","","false","1","","","","","","","","","","FALSE","","","","","","","","","QZ3HM9KVK2WL","NA/CDS Corp Idx","ITRAXX EUROPE CROSSOVER"
"3681126888000000201","","NEWT","TRAD","2026-06-15T13:23:00Z","","CR","","N","FALSE","2026-06-15T13:23:00Z","2026-12-16","2026-12-16","2031-06-20","FALSE","BILT","FALSE","FALSE","FALSE","40,000,000","","EUR","","","","","","","","","","","","","","","","","","","","","","","","2026-12-16","0.05","","348,000","EUR","","","","","","","0.02625","","false","","","","","3","A004","","","","","","","","","MNTH","","","","3","","","","","","","","","","false","","","","","","","","","","","TRUE","25.65","","3","","","","","","QZ3DGP47G9ZX","NA/CDS Idx Swt","NA/CDS Corp Idx"
"3681127375000001001","","NEWT","TRAD","2026-06-15T13:44:06Z","","CR","","I","TRUE","2026-06-15T13:44:06Z","2026-06-16","2031-06-20","","FALSE","BBSF","FALSE","FALSE","","5,000,000","","USD","","","","","","","","","","","","","","","","","","","","","","","","","0.05","","","","","","0.010842","","","","","","false","","","3","","","A004","","","","","","","","477290.00000","MNTH","","","","3","","","","UFRO","USD","","","","","false","0.99","","","","","","","","","","FALSE","","","","","","","","","QZHH8NT767RX","NA/CDS Corp Idx","CDX.NA.HY"
"3680241416000000101","","NEWT","TRAD","2026-06-15T12:16:29Z","","CR","","I","TRUE","2026-06-15T12:16:29Z","2026-06-16","2031-06-20","","FALSE","BBSF","FALSE","TRUE","","61,000,000","","USD","","","","","","","","","","","","","","","","","","","","","","","","","0.05","","","","","","0.01084025","","","","","","false","","","3","","","A004","","","","","","","","5812344.02816","MNTH","","","","3","","","","UFRO","USD","","","","","false","0.99","","","","","","","","","","FALSE","","","","","","","","","QZHH8NT767RX","NA/CDS Corp Idx","CDX.NA.HY"
"3681016532000000601","","NEWT","TRAD","2026-06-15T13:31:24Z","","CR","","I","TRUE","2026-06-15T13:31:24Z","2026-06-16","2030-12-20","","FALSE","BBSF","FALSE","TRUE","","210,000,000","","USD","","","","","","","","","","","","","","","","","","","","","","","","","0.01","","","","","","0.0045625","","","","","","false","","","3","","","A004","","","","","","","","5207443.05000","MNTH","","","","3","","","","UFRO","USD","","","","","false","1","","","","","","","","","","FALSE","","","","","","","","","QZN3HTTN5303","NA/CDS Corp Idx","CDX.NA.IG"
"3682728433000000201","","NEWT","TRAD","2026-06-15T16:35:45Z","","CR","","N","FALSE","2026-06-15T16:35:45Z","2026-06-16","2026-09-20","2026-09-20","FALSE","BILT","FALSE","FALSE","TRUE","2,000,000","","USD","","","","","","","","","","","","","","","","","","","","","","","","","","","","","","","","","","","","","false","","","","","","A004","","","","","","","","17763.57392","MNTH","","","","3","","","","UFRO","USD","","","","","false","1","","","","","","","","","","FALSE","","","","","","","","","QZ5ND0SMQQL4","NA/Cr Sw Idx TRtn Corp Ph",""
"3683112777000000201","","NEWT","TRAD","2026-06-15T17:01:55Z","","CR","","I","TRUE","2026-06-15T17:01:55Z","2026-06-16","2031-06-20","","FALSE","BBSF","FALSE","FALSE","","100,000,000","","USD","","","","","","","","","","","","","","","","","","","","","","","","","0.01","","","","","","0.00496725","","","","","","false","","","3","","","A004","","","","","","","","2512284.63000","MNTH","","","","3","","","","UFRO","USD","","","","","false","1","","","","","","","","","","FALSE","","","","","","","","","QZ3WVVQG5T8K","NA/CDS Corp Idx","CDX.NA.IG"
"3681147044000000101","","NEWT","TRAD","2026-06-15T13:48:52Z","","CR","","I","TRUE","2026-06-15T13:48:52Z","2026-06-16","2031-06-20","","FALSE","BBSF","FALSE","FALSE","","15,000,000","","EUR","","","","","","","","","","","","","","","","","","","","","","","","","0.05","","","","","","0.024849","","","","","","false","","","3","","","A004","","","","","","","","1806432.20000","MNTH","","","","3","","","","UFRO","EUR","","","","","false","1","","","","","","","","","","FALSE","","","","","","","","","QZ3HM9KVK2WL","NA/CDS Corp Idx","ITRAXX EUROPE CROSSOVER"
"3681127371000000601","","NEWT","TRAD","2026-06-15T13:43:49Z","","CR","","I","TRUE","2026-06-15T13:43:49Z","2026-06-16","2031-06-20","","","TWSF","FALSE","FALSE","","16,000,000","","EUR","","","","","","","","","","","","","","","","","","","","","","","","","0.05","","","","","","0.0248455","","","","","","false","","","3","","","A004","","","","","","","","1927126.08000","MNTH","","","","3","","","","UFRO","EUR","","","","","false","1","","","","","","","","","","FALSE","","","","","","","","","QZ3HM9KVK2WL","NA/CDS Corp Idx","ITRAXX EUROPE CROSSOVER"
"3681157806000000201","","NEWT","TRAD","2026-06-15T13:52:30Z","","CR","","I","TRUE","2026-06-15T13:52:30Z","2026-06-16","2031-06-20","","FALSE","BBSF","FALSE","FALSE","","5,000,000","","EUR","","","","","","","","","","","","","","","","","","","","","","","","","0.05","","","","","","0.024847","","","","","","false","","","3","","","A004","","","","","","","","602191.40000","MNTH","","","","3","","","","UFRO","EUR","","","","","false","1","","","","","","","","","","FALSE","","","","","","","","","QZ3HM9KVK2WL","NA/CDS Corp Idx","ITRAXX EUROPE CROSSOVER"
"3681136400000000201","","NEWT","TRAD","2026-06-15T13:44:56Z","FALSE","CR","","I","FALSE","2026-06-15T13:44:56Z","2026-03-20","2031-06-20","","","BILT","FALSE","FALSE","FALSE","25,000,000","","USD","","","","","","","","","","","","","","","","","","","","","","","","","0.01","","","","","","","","","","","","false","","","","","","A004","","","","","","","","367639.00000","MNTH","","","","3","","","","UFRO","USD","","","","","false","1","","","","","","","","","","FALSE","","","","","","","","","QZ4JMQKL3P03","NA/CDS Corp Idx","CDX.EM"
"3681145373000000301","","NEWT","TRAD","2026-06-15T13:48:50Z","","CR","","I","TRUE","2026-06-15T13:48:50Z","2026-06-16","2031-06-20","","FALSE","BBSF","FALSE","FALSE","","100,000,000","","USD","","","","","","","","","","","","","","","","","","","","","","","","","0.01","","","","","","0.0049797","","","","","","false","","","3","","","A004","","","","","","","","2506560.46000","MNTH","","","","3","","","","UFRO","USD","","","","","false","1","","","","","","","","","","FALSE","","","","","","","","","QZ3WVVQG5T8K","NA/CDS Corp Idx","CDX.NA.IG"
"3681145371000000101","","NEWT","TRAD","2026-06-15T13:48:17Z","","CR","","I","TRUE","2026-06-15T13:48:17Z","2026-06-16","2031-06-20","","FALSE","BBSF","FALSE","FALSE","","20,000,000","","USD","","","","","","","","","","","","","","","","","","","","","","","","","0.01","","","","","","0.0049797","","","","","","false","","","3","","","A004","","","","","","","","501312.09000","MNTH","","","","3","","","","UFRO","USD","","","","","false","1","","","","","","","","","","FALSE","","","","","","","","","QZ3WVVQG5T8K","NA/CDS Corp Idx","CDX.NA.IG"
"3681831050000000101","","NEWT","TRAD","2026-06-15T15:56:36Z","","CR","","I","TRUE","2026-06-15T15:56:36Z","2026-06-16","2031-06-20","","","TWSF","FALSE","TRUE","","50,000,000","","USD","","","","","","","","","","","","","","","","","","","","","","","","","0.05","","","","","","0.010841","","","","","","false","","","3","","","A004","","","","","","","","4767950.00000","MNTH","","","","3","","","","UFRO","USD","","","","","false","0.99","","","","","","","","","","FALSE","","","","","","","","","QZHH8NT767RX","NA/CDS Corp Idx","CDX.NA.HY"
"3681669773000000101","","NEWT","TRAD","2026-06-15T15:39:43Z","","CR","","I","TRUE","2026-06-15T15:39:43Z","2026-06-16","2031-06-20","","FALSE","BBSF","FALSE","TRUE","","250,000,000+","","USD","","","","","","","","","","","","","","","","","","","","","","","","","0.01","","","","","","0.00498","","","","","","false","","","3","","","A004","","","","","","","","6266014.23086","MNTH","","","","3","","","","UFRO","USD","","","","","false","1","","","","","","","","","","FALSE","","","","","","","","","QZ3WVVQG5T8K","NA/CDS Corp Idx","CDX.NA.IG"
"3681792188000000301","","NEWT","TRAD","2026-06-15T15:52:50Z","","CR","","I","TRUE","2026-06-15T15:52:50Z","2026-06-16","2031-06-20","","","BTFE","FALSE","FALSE","FALSE","30,000,000","","USD","","","","","","","","","","","","","","","","","","","","","","","","","","","","","","","","","","","","","false","","","","","","A004","","","","","","","","750547.57000","MNTH","","","","3","","","","UFRO","USD","","","","","false","1","","","","","","","","","","FALSE","","","","","","","","","QZ3WVVQG5T8K","NA/CDS Corp Idx","CDX.NA.IG"
"3681814512000000101","3681809063000000301","TERM","CLRG","2026-06-15T15:52:10Z","","CR","","I","TRUE","2026-06-15T15:52:10Z","2026-06-16","2031-06-20","","","BTFE","FALSE","FALSE","FALSE","30,000,000","","USD","","","","","","","","","","","","","","","","","","","","","","","","","","","","","","","","","","","","","false","","","","","","A004","","","","","","","","750547.57000","MNTH","","","","3","","","","UFRO","USD","","","","","false","1","","","","","","","","","","FALSE","","","","","","","","","QZ3WVVQG5T8K","NA/CDS Corp Idx","CDX.NA.IG"
"3681847006000000601","3681582730000000201","TERM","ETRM","2026-06-15T15:57:33Z","","CR","","N","","2026-06-15T15:21:24Z","2026-06-15","2056-12-15","","FALSE","BILT","FALSE","","FALSE","5,000,000","","USD","","","","","","","","","","","","","","","","","","","","","","","","","0.03","","","","","","","","","","","","false","","","","","","","","","","","","","","754531.25000","","","","","","","","","UFRO","USD","USD","","","","false","1","","","","","","","","","","FALSE","","","","","","","","","QZ46ZHDWL44D","NA/CDS Corp Idx","CMBX.NA.BBB-"
"3681893382000000201","","NEWT","TRAD","2026-06-15T16:00:33Z","","CR","","I","TRUE","2026-06-15T16:00:33Z","2026-06-16","2031-06-20","","FALSE","BBSF","FALSE","FALSE","","25,000,000","","USD","","","","","","","","","","","","","","","","","","","","","","","","","0.05","","","","","","0.01084273","","","","","","false","","","3","","","A004","","","","","","","","2388256.75000","MNTH","","","","3","","","","UFRO","USD","","","","","false","0.99","","","","","","","","","","FALSE","","","","","","","","","QZHH8NT767RX","NA/CDS Corp Idx","CDX.NA.HY"
"3681669775000000301","3681335080000000401","MODI","TRAD","2026-06-15T15:35:14Z","TRUE","CR","","I","FALSE","2026-06-15T15:35:14Z","2026-03-20","2031-06-20","","FALSE","BILT","FALSE","FALSE","TRUE","34,000,000","","USD","","","","","","","","","","","","","","","","","","","","","","","","","0.01","","","","","","","","","","","","false","","","","","","A004","","","","","","","","","MNTH","","","","3","","","","","","USD","","","","false","1","","","","","","","","","","FALSE","","","","","","","","","QZ4JMQKL3P03","NA/CDS Corp Idx","CDX.EM"
"3681951446000000301","","NEWT","TRAD","2026-06-15T16:02:17Z","FALSE","CR","","I","TRUE","2026-06-15T16:02:17Z","2026-03-20","2031-06-20","","","BMTF","FALSE","FALSE","FALSE","20,000,000","","EUR","","","","","","","","","","","","","","","","","","","","","","","","","0.05","","","","","","","","","","","","false","","","","","","A004","","","","","","","","2413968.59000","MNTH","","","","3","","","","UFRO","EUR","","","","","false","1","","","","","","","","","","FALSE","","","","","","","","","QZ3HM9KVK2WL","NA/CDS Corp Idx","ITRAXX EUROPE CROSSOVER"
"3682052537000000101","","NEWT","TRAD","2026-06-15T15:41:41Z","FALSE","CR","","I","FALSE","2026-06-15T15:41:41Z","2025-09-22","2030-12-20","","","GFSO","FALSE","FALSE","FALSE","17,000,000","","EUR","","","","","","","","","","","","","","","","","","","","","","","","","0.05","","","","","","","","","","","","false","","","","","","A004","","","","","","","","2138798.85303","MNTH","","","","3","","","","UFRO","EUR","","","","","false","1","","","","","","","","","","FALSE","","","","","","","","","QZ5F5FRS4TR9","NA/CDS Corp Idx","ITRAXX EUROPE CROSSOVER"
"3681814513000000201","","NEWT","TRAD","2026-06-15T15:54:55Z","","CR","","I","TRUE","2026-06-15T15:54:55Z","2026-06-16","2031-06-20","","FALSE","BBSF","FALSE","TRUE","","76,000,000+","","USD","","","","","","","","","","","","","","","","","","","","","","","","","0.05","","","","","","0.01084075","","","","","","false","","","3","","","A004","","","","","","","","7245406.02379","MNTH","","","","3","","","","UFRO","USD","","","","","false","0.99","","","","","","","","","","FALSE","","","","","","","","","QZHH8NT767RX","NA/CDS Corp Idx","CDX.NA.HY"
"3681685384000000301","","NEWT","TRAD","2026-06-15T15:43:27Z","","CR","","I","TRUE","2026-06-15T15:43:27Z","2026-06-16","2031-06-20","","FALSE","BBSF","FALSE","FALSE","","20,000,000","","USD","","","","","","","","","","","","","","","","","","","","","","","","","0.05","","","","","","0.01083975","","","","","","false","","","3","","","A004","","","","","","","","1904705.00000","MNTH","","","","3","","","","UFRO","USD","","","","","false","0.99","","","","","","","","","","FALSE","","","","","","","","","QZHH8NT767RX","NA/CDS Corp Idx","CDX.NA.HY"
"3681689150000000101","","NEWT","TRAD","2026-06-15T15:43:34Z","","CR","","N","FALSE","2026-06-15T15:43:34Z","2026-06-16","2026-09-16","2031-06-20","FALSE","BILT","FALSE","FALSE","TRUE","400,000,000+","","USD","","","","","","","","","","","","","","","","","","","","","","","","2026-09-16","0.01","","529,996.6875","USD","","","","","","","57.5","USD","false","","","","","1","A004","","","","","","","","","MNTH","","","","3","","","","","","","","","","false","","","","","","","","","","","FALSE","","","","","","","","","QZ7WW76RFHN3","NA/CDS Idx Swt","NA/CDS Corp Idx"
"3682101238000000401","","NEWT","TRAD","2026-06-15T16:09:03Z","","CR","","I","TRUE","2026-06-15T16:09:03Z","2026-03-20","2031-06-20","","FALSE","BGCD","FALSE","FALSE","","10,000,000","","EUR","","","","","","","","","","","","","","","","","","","","","","","","","","","","","","","0.0248","","","","","","false","","","3","","","A004","","","","","","","","","MNTH","","","","3","","","","","","","","","","false","1","","","","","","","","","","FALSE","","","","","","","","","QZ3HM9KVK2WL","NA/CDS Corp Idx","ITRAXX EUROPE CROSSOVER"
"3682159816000000401","","NEWT","TRAD","2026-06-15T16:13:12Z","","CR","","I","TRUE","2026-06-15T16:13:12Z","2026-03-20","2031-06-20","","FALSE","BGCD","FALSE","FALSE","","10,000,000","","EUR","","","","","","","","","","","","","","","","","","","","","","","","","","","","","","","0.0248","","","","","","false","","","3","","","A004","","","","","","","","","MNTH","","","","3","","","","","","","","","","false","1","","","","","","","","","","FALSE","","","","","","","","","QZ3HM9KVK2WL","NA/CDS Corp Idx","ITRAXX EUROPE CROSSOVER"
"3682168990000000101","3681382294000000101","CORR","","2026-06-15T16:13:46Z","","CR","","N","FALSE","2026-06-15T14:39:31Z","2025-09-22","2030-12-20","2030-12-20","FALSE","BILT","FALSE","FALSE","FALSE","10,000,000","","EUR","","","","","","","","","","","","","","","","","","","","","","","","","0.01","","","","","","","","","","","","true","","","","","","A004","","","","","","","","349389.55000","MNTH","","","","3","","","","UFRO","EUR","","","","","false","1","","","","","","","","","","FALSE","","","","","","","","","QZ9GDBQDH8LN","NA/CDS Corp Idx Tra","ITRAXX EUROPE"
"3679760064000000201","","NEWT","TRAD","2026-06-15T11:01:05Z","","CR","","I","TRUE","2026-06-15T11:01:05Z","2026-06-16","2031-06-20","","FALSE","BBSF","FALSE","FALSE","","30,000,000","","EUR","","","","","","","","","","","","","","","","","","","","","","","","","0.05","","","","","","0.024761","","","","","","false","","","3","","","A004","","","","","","","","3625364.34000","MNTH","","","","3","","","","UFRO","EUR","","","","","false","1","","","","","","","","","","FALSE","","","","","","","","","QZ3HM9KVK2WL","NA/CDS Corp Idx","ITRAXX EUROPE CROSSOVER"
"3680701489000000101","","NEWT","TRAD","2026-06-15T12:54:07Z","","CR","","I","TRUE","2026-06-15T12:54:07Z","2026-06-16","2031-06-20","","","TWSF","FALSE","FALSE","","44,000,000","","EUR","","","","","","","","","","","","","","","","","","","","","","","","","0.01","","","","","","0.0051211","","","","","","false","","","3","","","A004","","","","","","","","1107769.59000","MNTH","","","","3","","","","UFRO","EUR","","","","","false","1","","","","","","","","","","FALSE","","","","","","","","","QZTQ4GTC5QMF","NA/CDS Corp Idx","ITRAXX EUROPE"
"3680774375000000201","","NEWT","TRAD","2026-06-15T13:03:09Z","","CR","","I","TRUE","2026-06-15T13:03:09Z","2026-06-16","2031-06-20","","","TWSF","FALSE","FALSE","","15,000,000","","EUR","","","","","","","","","","","","","","","","","","","","","","","","","0.05","","","","","","0.02481635","","","","","","false","","","3","","","A004","","","","","","","","1808750.58000","MNTH","","","","3","","","","UFRO","EUR","","","","","false","1","","","","","","","","","","FALSE","","","","","","","","","QZ3HM9KVK2WL","NA/CDS Corp Idx","ITRAXX EUROPE CROSSOVER"
"3680539063000001601","3555338000000000401","CORR","","2026-06-15T12:37:17Z","","CR","","N","FALSE","2026-06-05T21:28:50Z","2026-06-17","2064-09-27","2064-09-27","TRUE","BILT","FALSE","FALSE","TRUE","250,000,000","","USD","","","","","","","","","","","","","","","","","","","","","","","","","","","","","","","1","","","","","","false","","","4","","","","","A004","","DAIL","","1","","","","","","","","","","","","","USD","","","","true","","","","","","","","OPET","","","FALSE","","","","","","","","","QZWBC8GZ8TBN","NA/CDS Corp Oth","Basket"
"3681253202000000201","","NEWT","TRAD","2026-06-15T14:10:43Z","","CR","","N","FALSE","2026-06-15T14:10:43Z","2026-06-15","2057-12-17","","FALSE","BILT","FALSE","FALSE","FALSE","10,000,000","","USD","","","","","","","","","","","","","","","","","","","","","","","","","0.03","","","","","","","","","","","","false","","","","","","A004","","","","","","","","807500.00000","MNTH","","","","1","","","","UFRO","USD","USD","","","","false","1","","","","","","","","","","FALSE","","","","","","","","","QZJRXK09Z9CF","NA/CDS Corp Idx","CMBX.NA.BBB-"
"3679877669000000201","","NEWT","TRAD","2026-06-15T11:18:55Z","","CR","","I","TRUE","2026-06-15T11:18:55Z","2026-06-16","2031-06-20","","FALSE","BBSF","FALSE","FALSE","","50,000,000","","EUR","","","","","","","","","","","","","","","","","","","","","","","","","0.01","","","","","","0.0051","","","","","","false","","","3","","","A004","","","","","","","","1263843.35000","MNTH","","","","3","","","","UFRO","EUR","","","","","false","1","","","","","","","","","","FALSE","","","","","","","","","QZTQ4GTC5QMF","NA/CDS Corp Idx","ITRAXX EUROPE"
"3680199345000000201","","NEWT","TRAD","2026-06-15T12:10:34Z","","CR","","N","FALSE","2026-06-15T12:10:34Z","2026-03-20","2031-06-20","2031-06-20","TRUE","BILT","FALSE","TRUE","TRUE","250,000,000","","EUR","","","","","","","","","","","","","","","","","","","","","","","","2026-08-19","0.01","","37,500","EUR","","","","","","","0.01","","false","","","","","3","A004","","","","","","","","","MNTH","","","","3","","","","","","","","","","false","1","","","","","","","","","","FALSE","","","","","","","","","QZX75BBR2PZH","NA/CDS Idx Swt","NA/CDS Corp Idx"
"3679861512000000101","","NEWT","TRAD","2026-06-15T11:16:01Z","","CR","","I","TRUE","2026-06-15T11:16:01Z","2026-06-16","2031-06-20","","FALSE","BBSF","FALSE","TRUE","","230,000,000","","USD","","","","","","","","","","","","","","","","","","","","","","","","","0.01","","","","","","0.004972","","","","","","false","","","3","","","A004","","","","","","","","5773218.92150","MNTH","","","","3","","","","UFRO","USD","","","","","false","1","","","","","","","","","","FALSE","","","","","","","","","QZ3WVVQG5T8K","NA/CDS Corp Idx","CDX.NA.IG"
"3679894914000000101","","NEWT","TRAD","2026-06-15T11:22:29Z","","CR","","I","TRUE","2026-06-15T11:22:29Z","2026-06-16","2031-06-20","","FALSE","BBSF","FALSE","FALSE","","30,000,000","","USD","","","","","","","","","","","","","","","","","","","","","","","","","0.05","","","","","","0.010845","","","","","","false","","","3","","","A004","","","","","","","","2872650.00000","MNTH","","","","3","","","","UFRO","USD","","","","","false","0.99","","","","","","","","","","FALSE","","","","","","","","","QZHH8NT767RX","NA/CDS Corp Idx","CDX.NA.HY"
"3679987540000000301","","NEWT","TRAD","2026-06-15T11:38:33Z","","CR","","I","TRUE","2026-06-15T11:38:33Z","2026-06-16","2031-06-20","","FALSE","BBSF","FALSE","FALSE","","25,000,000","","USD","","","","","","","","","","","","","","","","","","","","","","","","","0.01","","","","","","0.004993","","","","","","false","","","3","","","A004","","","","","","","","625111.53000","MNTH","","","","3","","","","UFRO","USD","","","","","false","1","","","","","","","","","","FALSE","","","","","","","","","QZ3WVVQG5T8K","NA/CDS Corp Idx","CDX.NA.IG"
"3679987549000000101","","NEWT","TRAD","2026-06-15T11:10:23Z","","CR","","N","FALSE","2026-06-15T11:10:23Z","2026-08-19","2026-08-19","2031-06-20","FALSE","BILT","FALSE","FALSE","FALSE","50,000,000","","EUR","","","","","","","","","","","","","","","","","","","","","","","","2026-08-19","0.05","","162,500","EUR","","","","","","","0.03","","false","","","","","3","A004","","","","","","","","","MNTH","","","","3","","","","","","","","","","false","","","","","","","","","","","TRUE","-0.008025","","3","","","","","","QZN6X938ZWQ4","NA/CDS Idx Swt","NA/CDS Corp Idx"
"3679849280000000101","","NEWT","TRAD","2026-06-15T11:09:57Z","","CR","","I","FALSE","2026-06-15T11:09:57Z","2026-06-15","2031-06-20","","","BGCO","FALSE","FALSE","TRUE","10,000,000","","EUR","","","","","","","","","","","","","","","","","","","","","","","","","0.01","","","","","","","","","","","","false","","","","","","A004","","","","","","","","84668.00000","MNTH","","","","3","","","","UFRO","EUR","","","","","false","1","","","","","","","","","","FALSE","","","","","","","","","QZ5GD86QBKCC","NA/CDS Corp Idx","ITRAXX EUROPE SUB FINANCIALS"
"3679914097000000401","","NEWT","TRAD","2026-06-15T11:25:50Z","","CR","","I","TRUE","2026-06-15T11:25:50Z","2026-03-20","2031-06-20","","FALSE","GSEF","FALSE","FALSE","","45,000,000","","EUR","","","","","","","","","","","","","","","","","","","","","","","","","","","","","","","0.0051","","","","","","false","","","3","","","A004","","","","","","","","","MNTH","","","","3","","","","","","","","","","false","1","","","","","","","","","","TRUE","","","","0.00175","","3","","","QZTQ4GTC5QMF","NA/CDS Corp Idx","ITRAXX EUROPE"
"3679917673000000801","","NEWT","TRAD","2026-06-15T11:26:35Z","","CR","","I","TRUE","2026-06-15T11:26:35Z","2026-06-16","2031-06-20","","","TWSF","FALSE","FALSE","","14,000,000","","USD","","","","","","","","","","","","","","","","","","","","","","","","","0.05","","","","","","0.01084591","","","","","","false","","","3","","","A004","","","","","","","","1341827.12155","MNTH","","","","3","","","","UFRO","USD","","","","","false","0.99","","","","","","","","","","FALSE","","","","","","","","","QZHH8NT767RX","NA/CDS Corp Idx","CDX.NA.HY"
"3680850293000000101","3680645725000000101","EROR","","2026-06-15T13:11:11Z","","CR","","","","2026-06-15T12:46:12Z","2026-06-16","2028-12-20","","","","","","FALSE","","","","","","","","","","","","","","","","","","","","","","","","","","","","0.01","","","","","","","","","","","","","","","","","","","","","","","","","","7204166.67000","","","","","","","","","UFRO","EUR","","","","","","","","","","","","","","","","","","","","","","","","","QZNMLK5TVQ77","NA/CDS Corp Idx Tra","ITRAXX EUROPE"
"3674919611000000201","","NEWT","TRAD","2026-06-15T08:28:20Z","","CR","","I","TRUE","2026-06-15T08:28:20Z","2026-06-16","2031-06-20","","FALSE","BBSF","FALSE","FALSE","","30,000,000","","EUR","","","","","","","","","","","","","","","","","","","","","","","","","0.05","","","","","","0.02485772","","","","","","false","","","3","","","A004","","","","","","","","3611626.23000","MNTH","","","","3","","","","UFRO","EUR","","","","","false","1","","","","","","","","","","TRUE","","","","-0.00074","","3","","","QZ3HM9KVK2WL","NA/CDS Corp Idx","ITRAXX EUROPE CROSSOVER"
"3679869556000000101","","NEWT","TRAD","2026-06-15T11:17:07Z","","CR","","I","TRUE","2026-06-15T11:17:07Z","2026-06-16","2031-06-20","","","TWSF","FALSE","FALSE","","15,000,000","","EUR","","","","","","","","","","","","","","","","","","","","","","","","","0.01","","","","","","0.0051","","","","","","false","","","3","","","A004","","","","","","","","379154.26548","MNTH","","","","3","","","","UFRO","EUR","","","","","false","1","","","","","","","","","","FALSE","","","","","","","","","QZTQ4GTC5QMF","NA/CDS Corp Idx","ITRAXX EUROPE"
"3679892684000000101","","NEWT","TRAD","2026-06-15T11:21:50Z","","CR","","I","TRUE","2026-06-15T11:21:50Z","2026-06-16","2031-06-20","","FALSE","BBSF","FALSE","TRUE","","250,000,000+","","USD","","","","","","","","","","","","","","","","","","","","","","","","","0.01","","","","","","0.0049835","","","","","","false","","","3","","","A004","","","","","","","","6262033.60000","MNTH","","","","3","","","","UFRO","USD","","","","","false","1","","","","","","","","","","FALSE","","","","","","","","","QZ3WVVQG5T8K","NA/CDS Corp Idx","CDX.NA.IG"
"3679889167000000101","","NEWT","TRAD","2026-06-15T11:21:15Z","","CR","","I","TRUE","2026-06-15T11:21:15Z","2026-06-16","2030-12-20","","FALSE","BBSF","FALSE","TRUE","","46,672,199+","","EUR","","","","","","","","","","","","","","","","","","","","","","","","","0.05","","","","","","0.02143465","","","","","","false","","","3","","","A004","","","","","","","","5885316.93450","MNTH","","","","3","","","","UFRO","EUR","","","","","false","1","","","","","","","","","","TRUE","","","","0.003335","","3","","","QZ5F5FRS4TR9","NA/CDS Corp Idx","ITRAXX EUROPE CROSSOVER"
"3679960188000000101","","NEWT","TRAD","2026-06-15T11:32:58Z","","CR","","I","TRUE","2026-06-15T11:32:58Z","2026-06-16","2031-06-20","","FALSE","BBSF","FALSE","FALSE","","3,000,000","","USD","","","","","","","","","","","","","","","","","","","","","","","","","0.01","","","","","","0.00497671","","","","","","false","","","3","","","A004","","","","","","","","75238.05000","MNTH","","","","3","","","","UFRO","USD","","","","","false","1","","","","","","","","","","FALSE","","","","","","","","","QZ3WVVQG5T8K","NA/CDS Corp Idx","CDX.NA.IG"
"3679846017000000201","","NEWT","TRAD","2026-06-15T11:06:35Z","FALSE","CR","","I","FALSE","2026-06-15T11:06:35Z","2024-03-20","2029-06-20","","","BGCO","FALSE","FALSE","TRUE","12,000,000","","EUR","","","","","","","","","","","","","","","","","","","","","","","","","0.05","","","","","","","","","","","","false","","","","","","A004","","","","","","","","1237966.93284","MNTH","","","","3","","","","UFRO","EUR","","","","","false","0.95999","","","","","","","","","","TRUE","9.9999999999","","3","","","","","","QZ4Z1V489CPL","NA/CDS Corp Idx","ITRAXX EUROPE CROSSOVER"
"3679951398000000201","","NEWT","TRAD","2026-06-15T11:31:26Z","","CR","","I","FALSE","2026-06-15T11:31:26Z","2026-06-16","2031-06-20","","FALSE","BBSF","FALSE","TRUE","","50,000,000+","","USD","","","","","","","","","","","","","","","","","","","","","","","","","0.01","","","","","","0.009826","","","","","","false","","","3","","","A004","","","","","","","","747777.78000","MNTH","","","","3","","","","UFRO","USD","","","","","false","1","","","","","","","","","","FALSE","","","","","","","","","QZ4JMQKL3P03","NA/CDS Corp Idx","CDX.EM"
"3680083387000000201","","NEWT","TRAD","2026-06-15T11:53:41Z","","CR","","I","TRUE","2026-06-15T11:53:41Z","2026-06-16","2031-06-20","","","TWSF","FALSE","FALSE","","35,000,000","","USD","","","","","","","","","","","","","","","","","","","","","","","","","0.01","","","","","","0.0049876","","","","","","false","","","3","","","A004","","","","","","","","876025.00000","MNTH","","","","3","","","","UFRO","USD","","","","","false","1","","","","","","","","","","FALSE","","","","","","","","","QZ3WVVQG5T8K","NA/CDS Corp Idx","CDX.NA.IG"
"3681552326000000101","","NEWT","TRAD","2026-06-15T15:10:26Z","","CR","","N","FALSE","2026-06-15T15:10:26Z","2026-03-20","2026-09-21","","FALSE","BILT","FALSE","FALSE","TRUE","130,000,000","","USD","","","","","","","","","","","","","","","","","","","","","","","","","4.0085","","","","","","","","","","","","false","","","","","","A001","","","","","","","","1154632.50670","MNTH","","","","3","","","","UFRO","USD","","","","","false","1","","","","","","","","","","FALSE","","","","","","","","","QZMF6M7G77VQ","NA/CDS Corp Idx","IBOXX USD LIQUID HIGH YIELD INDEX"
"3678634436000000101","","NEWT","TRAD","2026-06-15T09:47:14Z","","CR","","I","TRUE","2026-06-15T09:47:14Z","2026-06-16","2031-06-20","","","TWSF","FALSE","FALSE","","10,000,000","","EUR","","","","","","","","","","","","","","","","","","","","","","","","","0.05","","","","","","0.0248825","","","","","","false","","","3","","","A004","","","","","","","","1202702.71000","MNTH","","","","3","","","","UFRO","EUR","","","","","false","1","","","","","","","","","","FALSE","","","","","","","","","QZ3HM9KVK2WL","NA/CDS Corp Idx","ITRAXX EUROPE CROSSOVER"
"3680196283000000101","","NEWT","TRAD","2026-06-15T12:10:03Z","","CR","","I","TRUE","2026-06-15T12:10:03Z","2026-03-20","2031-06-20","2031-06-20","FALSE","BMTF","FALSE","FALSE","FALSE","100,000,000","","USD","","","","","","","","","","","","","","","","","","","","","","","","","0.01","","","","","","","","","","","","false","","","","","","A004","","","","","","","","2504123.84000","MNTH","","","","3","","","","UFRO","USD","","","","","false","1","","","","","","","","","","FALSE","","","","","","","","","QZ3WVVQG5T8K","NA/CDS Corp Idx","CDX.NA.IG"
"3679931317000000101","","NEWT","TRAD","2026-06-15T11:28:53Z","","CR","","I","TRUE","2026-06-15T11:28:53Z","2026-06-16","2031-06-20","","FALSE","BBSF","FALSE","FALSE","","5,000,000","","USD","","","","","","","","","","","","","","","","","","","","","","","","","0.05","","","","","","0.0108455","","","","","","false","","","3","","","A004","","","","","","","","479022.50000","MNTH","","","","3","","","","UFRO","USD","","","","","false","0.99","","","","","","","","","","FALSE","","","","","","","","","QZHH8NT767RX","NA/CDS Corp Idx","CDX.NA.HY"
"3679846016000000101","","NEWT","TRAD","2026-06-15T11:05:50Z","FALSE","CR","","I","FALSE","2026-06-15T11:05:50Z","2024-09-20","2029-12-20","","","BGCO","FALSE","FALSE","TRUE","12,000,000","","EUR","","","","","","","","","","","","","","","","","","","","","","","","","0.05","","","","","","","","","","","","false","","","","","","A004","","","","","","","","1299481.29792","MNTH","","","","3","","","","UFRO","EUR","","","","","false","0.95999","","","","","","","","","","TRUE","9.9999999999","","3","","","","","","QZC9WN4TPTDV","NA/CDS Corp Idx","ITRAXX EUROPE CROSSOVER"
"3679846432000000101","3679813756000000101","EROR","","2026-06-15T11:06:35Z","","CR","","I","","2026-06-15T11:06:35Z","2024-09-20","2029-12-20","","","","FALSE","","FALSE","10,000,000","","EUR","","","","","","","","","","","","","","","","","","","","","","","","","0.05","","","","","","","","","","","","false","","","","","","","","","","","","","","1085009.00000","","","","","","","","","UFRO","EUR","","","","","false","0.95999","","","","","","","","","","TRUE","","","","25","","4","","","QZC9WN4TPTDV","NA/CDS Corp Idx","ITRAXX EUROPE CROSSOVER"
"3680213312000000101","","NEWT","TRAD","2026-06-15T12:12:18Z","","CR","","I","FALSE","2026-06-15T12:12:18Z","2026-06-16","2031-06-20","","FALSE","BBSF","FALSE","FALSE","","50,000,000","","EUR","","","","","","","","","","","","","","","","","","","","","","","","","0.01","","","","","","0.008672","","","","","","false","","","3","","","A004","","","","","","","","429851.08000","MNTH","","","","3","","","","UFRO","EUR","","","","","false","1","","","","","","","","","","FALSE","","","","","","","","","QZ5GD86QBKCC","NA/CDS Corp Idx","ITRAXX EUROPE SUB FINANCIALS"
"3680016527000000301","","NEWT","TRAD","2026-06-15T11:43:50Z","","CR","","I","TRUE","2026-06-15T11:43:50Z","2026-06-16","2031-06-20","","FALSE","BBSF","FALSE","FALSE","","40,000,000","","USD","","","","","","","","","","","","","","","","","","","","","","","","","0.05","","","","","","0.01084175","","","","","","false","","","3","","","A004","","","","","","","","3817330.00000","MNTH","","","","3","","","","UFRO","USD","","","","","false","0.99","","","","","","","","","","FALSE","","","","","","","","","QZHH8NT767RX","NA/CDS Corp Idx","CDX.NA.HY"
"3680070849000002301","","NEWT","TRAD","2026-06-15T11:51:49Z","","CR","","I","TRUE","2026-06-15T11:51:49Z","2026-06-16","2031-06-20","","FALSE","BBSF","FALSE","FALSE","","25,000,000","","EUR","","","","","","","","","","","","","","","","","","","","","","","","","0.05","","","","","","0.0247065","","","","","","false","","","3","","","A004","","","","","","","","3027603.57499","MNTH","","","","3","","","","UFRO","EUR","","","","","false","1","","","","","","","","","","FALSE","","","","","","","","","QZ3HM9KVK2WL","NA/CDS Corp Idx","ITRAXX EUROPE CROSSOVER"
"3676816313000000101","","NEWT","TRAD","2026-06-15T09:10:28Z","","CR","","I","TRUE","2026-06-15T09:10:28Z","2026-06-16","2031-06-20","","","TWSF","FALSE","FALSE","","50,000,000","","EUR","","","","","","","","","","","","","","","","","","","","","","","","","0.01","","","","","","0.00512015","","","","","","false","","","3","","","A004","","","","","","","","1259054.83000","MNTH","","","","3","","","","UFRO","EUR","","","","","false","1","","","","","","","","","","FALSE","","","","","","","","","QZTQ4GTC5QMF","NA/CDS Corp Idx","ITRAXX EUROPE"
"3676945147000000101","","NEWT","TRAD","2026-06-15T09:08:33Z","","CR","","I","TRUE","2026-06-15T09:08:33Z","2025-09-22","2030-12-20","","","BILT","FALSE","FALSE","FALSE","11,000,000","","EUR","","","","","","","","","","","","","","","","","","","","","","","","","0.01","","","","","","","","","","","","false","","","","","","A004","","","","","","","","139078.69822","MNTH","","","","3","","","","UFRO","EUR","","","","","false","1","","","","","","","","","","FALSE","","","","","","","","","QZJT1J212HR2","NA/CDS Corp Idx","ITRAXX EUROPE SUB FINANCIALS"
"3677536992000000201","","NEWT","TRAD","2026-06-15T09:11:12Z","","CR","","I","TRUE","2026-06-15T09:08:21Z","2026-03-20","2031-06-20","","","BILT","FALSE","FALSE","FALSE","10,000,000","","EUR","","","","","","","","","","","","","","","","","","","","","","","","","0.01","","","","","","","","","","","","false","","","","","","A004","","","","","","","","83505.00000","MNTH","","","","3","","","","UFRO","EUR","","","","","false","1","","","","","","","","","","FALSE","","","","","","","","","QZ5GD86QBKCC","NA/CDS Corp Idx","ITRAXX EUROPE SUB FINANCIALS"
"3677571018000000101","","NEWT","TRAD","2026-06-15T09:19:59Z","","CR","","N","TRUE","2026-06-15T09:19:59Z","2026-06-15","2031-06-20","","FALSE","BILT","FALSE","FALSE","FALSE","37,000,000","","EUR","","","","","","","","","","","","","","","","","","","","","","","","","0.01","","","","","","","","","","","","false","","","","","","A004","","","","","","","","931722.66815","MNTH","","","","3","","","","UFRO","EUR","","","","","false","1","","","","","","","","","","FALSE","","","","","","","","","QZTQ4GTC5QMF","NA/CDS Corp Idx","ITRAXX EUROPE"
"3677912466000000201","3677536991000000101","MODI","TRAD","2026-06-15T09:13:41Z","TRUE","CR","","I","TRUE","2026-06-15T09:08:33Z","2025-09-22","2030-12-20","","","BILT","FALSE","FALSE","FALSE","11,000,000","","EUR","","","","","","","","","","","","","","","","","","","","","","","","","0.01","","","","","","","","","","","","false","","","","","","A004","","","","","","","","139078.69822","MNTH","","","","3","","","","UFRO","EUR","","","","","false","1","","","","","","","","","","FALSE","","","","","","","","","QZJT1J212HR2","NA/CDS Corp Idx","ITRAXX EUROPE SUB FINANCIALS"
"3678271000000000201","3677998565000000101","TERM","ETRM","2026-06-15T09:31:21Z","","CR","","N","FALSE","2026-06-15T09:17:00Z","2026-09-16","2026-09-16","2031-06-20","FALSE","BILT","FALSE","FALSE","FALSE","50,000,000","","EUR","","","","","","","","","","","","","","","","","","","","","","","","2026-09-16","0.05","","223,000","EUR","","","","","","","0.025","","false","","","","","3","A004","","","","","","","","","MNTH","","","","3","","","","","","","","","","false","","","","","","","","","","","FALSE","","","","","","","","","QZ3DGP47G9ZX","NA/CDS Idx Swt","NA/CDS Corp Idx"
"3677865770000000501","","NEWT","TRAD","2026-06-15T09:27:41Z","","CR","","I","TRUE","2026-06-15T09:27:41Z","2026-06-16","2031-06-20","","FALSE","BBSF","FALSE","TRUE","","164,216,996+","","EUR","","","","","","","","","","","","","","","","","","","","","","","","","0.01","","","","","","0.0051361","","","","","","false","","","3","","","A004","","","","","","","","4122691.81343","MNTH","","","","3","","","","UFRO","EUR","","","","","false","1","","","","","","","","","","FALSE","","","","","","","","","QZTQ4GTC5QMF","NA/CDS Corp Idx","ITRAXX EUROPE"
"3679951399000000301","","NEWT","TRAD","2026-06-15T11:31:40Z","","CR","","I","TRUE","2026-06-15T11:31:40Z","2026-06-16","2031-06-20","","FALSE","BBSF","FALSE","FALSE","","10,000,000","","USD","","","","","","","","","","","","","","","","","","","","","","","","","0.05","","","","","","0.010846235","","","","","","false","","","3","","","A004","","","","","","","","958772.65000","MNTH","","","","3","","","","UFRO","USD","","","","","false","0.99","","","","","","","","","","FALSE","","","","","","","","","QZHH8NT767RX","NA/CDS Corp Idx","CDX.NA.HY"
"3685989721000000101","","NEWT","TRAD","2026-06-15T19:48:51Z","","CR","","I","TRUE","2026-06-15T19:48:51Z","2026-03-20","2031-06-20","","FALSE","TPSE","FALSE","FALSE","","15,000,000","","USD","","","","","","","","","","","","","","","","","","","","","","","","","0.05","","","","","","108.365","","USD","","","","false","","","1","","","A004","","","","","","","","","MNTH","","","","3","","","","","","USD","","","","false","0.99","","","","","","","OTHR","","","FALSE","","","","","","","","","QZHH8NT767RX","NA/CDS Corp Idx","CDX.NA.HY"
"3685989804000000301","","NEWT","TRAD","2026-06-15T19:47:15Z","","CR","","I","TRUE","2026-06-15T19:47:15Z","2026-03-20","2031-06-20","","","BILT","FALSE","FALSE","FALSE","75,000,000","","USD","","","","","","","","","","","","","","","","","","","","","","","","","0.01","","","","","","","","","","","","false","","","","","","A004","","","","","","","","1876369.00000","MNTH","","","","3","","","","UFRO","USD","","","","","false","1","","","","","","","","","","FALSE","","","","","","","","","QZ3WVVQG5T8K","NA/CDS Corp Idx","CDX.NA.IG"
"3685992859000000101","","NEWT","TRAD","2026-06-15T19:47:26Z","","CR","","I","TRUE","2026-06-15T19:47:26Z","2026-03-20","2031-06-20","","","BILT","FALSE","FALSE","FALSE","15,000,000","","USD","","","","","","","","","","","","","","","","","","","","","","","","","0.05","","","","","","","","","","","","false","","","","","","A004","","","","","","","","1126703.00000","MNTH","","","","3","","","","UFRO","USD","","","","","false","0.99","","","","","","","","","","FALSE","","","","","","","","","QZHH8NT767RX","NA/CDS Corp Idx","CDX.NA.HY"
"3685948881000000101","","NEWT","TRAD","2026-06-15T19:27:22Z","","CR","","N","FALSE","2026-06-15T19:27:22Z","2026-06-16","2026-06-20","","FALSE","BILT","FALSE","FALSE","TRUE","240,000,000","240,000,000","USD","USD","","","","","","","","","","","","","","","","","","","","","","","","0","","","","","","","","","","","","false","","","","","","A004","","","A004","","DAIL","","1","2131621.06033","EXPI","","","MNTH","1","","","3","UFRO","USD","USD","USD","","","false","1","","","","","","","","","","FALSE","","","","","","","","","QZWXPJXW9QF5","NA/CDS Corp Idx","IBOXX USD LIQUID LEVERAGED LOANS INDEX"
"3685952289000000301","","NEWT","TRAD","2026-06-15T19:29:08Z","","CR","","N","FALSE","2026-06-15T19:29:08Z","2026-06-16","2026-06-20","2026-06-20","FALSE","BILT","FALSE","FALSE","TRUE","76,000,000","","USD","","","","","","","","","","","","","","","","","","","","","","","","","","","","","","","","","","","","","false","","","","","","A004","","","","","","","","675016.89757","MNTH","","","","3","","","","UFRO","USD","","","","","false","1","","","","","","","","","","FALSE","","","","","","","","","QZ9206MF0QMZ","NA/CDS Corp Idx","IBOXX USD LIQUID IG"
"3686003869000000101","","NEWT","TRAD","2026-06-15T19:54:40Z","","CR","","I","TRUE","2026-06-15T19:54:40Z","2026-06-16","2031-06-20","","","TWSF","FALSE","FALSE","","13,000,000","","USD","","","","","","","","","","","","","","","","","","","","","","","","","0.05","","","","","","0.0108359","","","","","","false","","","3","","","A004","","","","","","","","1233103.30000","MNTH","","","","3","","","","UFRO","USD","","","","","false","0.99","","","","","","","","","","FALSE","","","","","","","","","QZHH8NT767RX","NA/CDS Corp Idx","CDX.NA.HY"
"3686014230000000101","","NEWT","TRAD","2026-06-15T19:59:08Z","","CR","","I","TRUE","2026-06-15T19:59:08Z","2026-06-16","2031-06-20","","FALSE","BBSF","FALSE","FALSE","","25,000,000","","USD","","","","","","","","","","","","","","","","","","","","","","","","","0.01","","","","","","0.0049923","","","","","","false","","","3","","","A004","","","","","","","","625191.98000","MNTH","","","","3","","","","UFRO","USD","","","","","false","1","","","","","","","","","","FALSE","","","","","","","","","QZ3WVVQG5T8K","NA/CDS Corp Idx","CDX.NA.IG"
"3686035119000000201","","NEWT","TRAD","2026-06-15T20:01:37Z","","CR","","I","TRUE","2026-06-15T20:01:37Z","2026-06-16","2031-06-20","","FALSE","BBSF","FALSE","FALSE","","70,000,000","","USD","","","","","","","","","","","","","","","","","","","","","","","","","0.01","","","","","","0.00498624","","","","","","false","","","3","","","A004","","","","","","","","1752487.65000","MNTH","","","","3","","","","UFRO","USD","","","","","false","1","","","","","","","","","","FALSE","","","","","","","","","QZ3WVVQG5T8K","NA/CDS Corp Idx","CDX.NA.IG"
"3686163396000000301","","NEWT","TRAD","2026-06-15T20:09:02Z","","CR","","I","TRUE","2026-06-15T20:09:02Z","2026-06-16","2031-06-20","","FALSE","BBSF","FALSE","FALSE","","25,000,000","","USD","","","","","","","","","","","","","","","","","","","","","","","","","0.01","","","","","","0.004986","","","","","","false","","","3","","","A004","","","","","","","","625916.03000","MNTH","","","","3","","","","UFRO","USD","","","","","false","1","","","","","","","","","","FALSE","","","","","","","","","QZ3WVVQG5T8K","NA/CDS Corp Idx","CDX.NA.IG"
"3686013410000000101","","NEWT","TRAD","2026-06-15T19:58:47Z","","CR","","I","TRUE","2026-06-15T19:58:47Z","2026-06-16","2036-06-20","","FALSE","BBSF","FALSE","TRUE","","50,000","","USD","","","","","","","","","","","","","","","","","","","","","","","","","0.01","","","","","","0.0089887","","","","","","false","","","3","","","A004","","","","","","","","515.77000","MNTH","","","","3","","","","UFRO","USD","","","","","false","1","","","","","","","","","","FALSE","","","","","","","","","QZ21S8101WKL","NA/CDS Corp Idx","CDX.NA.IG"
"3686240587000000301","","NEWT","TRAD","2026-06-15T20:16:29Z","","CR","","I","TRUE","2026-06-15T20:16:29Z","2026-06-16","2031-06-20","","FALSE","BBSF","FALSE","FALSE","","45,000,000","","USD","","","","","","","","","","","","","","","","","","","","","","","","","0.05","","","","","","0.010837","","","","","","false","","","3","","","A004","","","","","","","","4273335.00000","MNTH","","","","3","","","","UFRO","USD","","","","","false","0.99","","","","","","","","","","FALSE","","","","","","","","","QZHH8NT767RX","NA/CDS Corp Idx","CDX.NA.HY"
"3686400620000000201","","NEWT","TRAD","2026-06-15T20:24:35Z","","CR","","I","TRUE","2026-06-15T20:24:35Z","2026-06-16","2031-06-20","","FALSE","BBSF","FALSE","FALSE","","5,000,000","","USD","","","","","","","","","","","","","","","","","","","","","","","","","0.01","","","","","","0.004996","","","","","","false","","","3","","","A004","","","","","","","","124953.35000","MNTH","","","","3","","","","UFRO","USD","","","","","false","1","","","","","","","","","","FALSE","","","","","","","","","QZ3WVVQG5T8K","NA/CDS Corp Idx","CDX.NA.IG"
"3686033069000000101","","NEWT","TRAD","2026-06-15T19:59:34Z","","CR","","N","FALSE","2026-06-15T19:59:34Z","2026-06-16","2026-06-20","2026-06-20","FALSE","BILT","FALSE","FALSE","TRUE","300,000,000","","USD","","","","","","","","","","","","","","","","","","","","","","","","","","","","","","","","","","","","","false","","","","","","A004","","","","","","","","2664545.95000","MNTH","","","","3","","","","UFRO","USD","","","","","false","1","","","","","","","","","","FALSE","","","","","","","","","QZ9206MF0QMZ","NA/CDS Corp Idx","IBOXX USD LIQUID IG"
"3685089788000000101","","NEWT","TRAD","2026-06-15T18:13:11Z","","CR","","N","FALSE","2026-06-15T18:13:11Z","2026-06-16","2026-06-20","","FALSE","BILT","FALSE","FALSE","TRUE","25,000,000","25,000,000","USD","USD","","","","","","","","","","","","","","","","","","","","","","","","0","","","","","","","","","","","","false","","","","","","A004","","","A004","","DAIL","","1","222045.11000","EXPI","","","MNTH","1","","","3","UFRO","USD","USD","USD","","","false","1","","","","","","","","","","FALSE","","","","","","","","","QZWXPJXW9QF5","NA/CDS Corp Idx","IBOXX USD LIQUID LEVERAGED LOANS INDEX"
"3680681309000000201","","NEWT","TRAD","2026-06-15T12:52:05Z","","CR","","I","TRUE","2026-06-15T12:52:05Z","2026-06-16","2031-06-20","","FALSE","BBSF","FALSE","FALSE","","50,000,000","","USD","","","","","","","","","","","","","","","","","","","","","","","","","0.01","","","","","","0.00498488","","","","","","false","","","3","","","A004","","","","","","","","1252089.51000","MNTH","","","","3","","","","UFRO","USD","","","","","false","1","","","","","","","","","","FALSE","","","","","","","","","QZ3WVVQG5T8K","NA/CDS Corp Idx","CDX.NA.IG"
"3679809939000000201","","NEWT","TRAD","2026-06-15T11:09:21Z","","CR","","I","TRUE","2026-06-15T11:09:21Z","2026-06-16","2031-06-20","","","TWSF","FALSE","FALSE","","4,000,000","","USD","","","","","","","","","","","","","","","","","","","","","","","","","0.05","","","","","","0.01084385","","","","","","false","","","3","","","A004","","","","","","","","382564.12191","MNTH","","","","3","","","","UFRO","USD","","","","","false","0.99","","","","","","","","","","FALSE","","","","","","","","","QZHH8NT767RX","NA/CDS Corp Idx","CDX.NA.HY"
"3680512593000000801","3555328370000000601","CORR","","2026-06-15T12:36:51Z","","CR","","N","FALSE","2026-06-05T21:28:49Z","2026-06-17","2034-05-15","2034-05-15","TRUE","BILT","FALSE","FALSE","TRUE","140,000,000","","USD","","","","","","","","","","","","","","","","","","","","","","","","","","","","","","","1","","","","","","false","","","4","","","","","A004","","DAIL","","1","","","","","","","","","","","","","USD","","","","true","","","","","","","","OPET","","","FALSE","","","","","","","","","QZWBC8GZ8TBN","NA/CDS Corp Oth","Basket"
"3680783110000000101","","NEWT","TRAD","2026-06-15T13:04:17Z","","CR","","I","TRUE","2026-06-15T13:04:17Z","2026-06-16","2031-06-20","","","TWSF","FALSE","FALSE","","15,000,000","","USD","","","","","","","","","","","","","","","","","","","","","","","","","0.05","","","","","","0.0108395","","","","","","false","","","3","","","A004","","","","","","","","1428157.50000","MNTH","","","","3","","","","UFRO","USD","","","","","false","0.99","","","","","","","","","","FALSE","","","","","","","","","QZHH8NT767RX","NA/CDS Corp Idx","CDX.NA.HY"
"3681250356000000101","","NEWT","TRAD","2026-06-15T14:10:12Z","","CR","","I","TRUE","2026-06-15T14:10:12Z","2026-06-16","2031-06-20","","FALSE","BBSF","FALSE","FALSE","","4,000,000","","EUR","","","","","","","","","","","","","","","","","","","","","","","","","0.01","","","","","","0.00513765","","","","","","false","","","3","","","A004","","","","","","","","100391.63294","MNTH","","","","3","","","","UFRO","EUR","","","","","false","1","","","","","","","","","","FALSE","","","","","","","","","QZTQ4GTC5QMF","NA/CDS Corp Idx","ITRAXX EUROPE"
"3681186936000000201","","NEWT","TRAD","2026-06-15T14:00:25Z","","CR","","I","TRUE","2026-06-15T14:00:25Z","2026-06-16","2031-06-20","","FALSE","BBSF","FALSE","TRUE","","150,000,000","","EUR","","","","","","","","","","","","","","","","","","","","","","","","","0.01","","","","","","0.0051311","","","","","","false","","","3","","","A004","","","","","","","","3769358.86000","MNTH","","","","3","","","","UFRO","EUR","","","","","false","1","","","","","","","","","","FALSE","","","","","","","","","QZTQ4GTC5QMF","NA/CDS Corp Idx","ITRAXX EUROPE"
"3681186935000000101","","NEWT","TRAD","2026-06-15T14:00:22Z","","CR","","I","FALSE","2026-06-15T14:00:22Z","2026-06-16","2031-06-20","","","TWSF","FALSE","TRUE","","50,000,000+","","USD","","","","","","","","","","","","","","","","","","","","","","","","","0.01","","","","","","0.0098295","","","","","","false","","","3","","","A004","","","","","","","","730277.78000","MNTH","","","","3","","","","UFRO","USD","","","","","false","1","","","","","","","","","","FALSE","","","","","","","","","QZ4JMQKL3P03","NA/CDS Corp Idx","CDX.EM"
"3681256512000000101","","NEWT","TRAD","2026-06-15T14:11:48Z","","CR","","I","TRUE","2026-06-15T14:11:48Z","2026-06-16","2031-06-20","","FALSE","BBSF","FALSE","FALSE","","13,000,000","","USD","","","","","","","","","","","","","","","","","","","","","","","","","0.05","","","","","","0.01083874","","","","","","false","","","3","","","A004","","","","","","","","1236758.38000","MNTH","","","","3","","","","UFRO","USD","","","","","false","0.99","","","","","","","","","","FALSE","","","","","","","","","QZHH8NT767RX","NA/CDS Corp Idx","CDX.NA.HY"
"3681259324000000201","","NEWT","TRAD","2026-06-15T14:12:54Z","","CR","","I","FALSE","2026-06-15T14:12:54Z","2026-06-16","2031-06-20","","FALSE","BBSF","FALSE","FALSE","","25,000,000","","EUR","","","","","","","","","","","","","","","","","","","","","","","","","0.01","","","","","","0.005385","","","","","","false","","","3","","","A004","","","","","","","","598093.90000","MNTH","","","","3","","","","UFRO","EUR","","","","","false","1","","","","","","","","","","FALSE","","","","","","","","","QZTB38W3WJ98","NA/CDS Corp Idx","ITRAXX EUROPE SENIOR FINANCIALS"
"3681208268000000601","","NEWT","TRAD","2026-06-15T14:05:37Z","","CR","","I","TRUE","2026-06-15T14:05:37Z","2026-06-16","2031-06-20","","","TWSF","FALSE","TRUE","","69,000,000","","USD","","","","","","","","","","","","","","","","","","","","","","","","","0.05","","","","","","0.01084025","","","","","","false","","","3","","","A004","","","","","","","","6574647.75000","MNTH","","","","3","","","","UFRO","USD","","","","","false","0.99","","","","","","","","","","FALSE","","","","","","","","","QZHH8NT767RX","NA/CDS Corp Idx","CDX.NA.HY"
"3681175495000000401","1198902493","TERM","NOVA","2026-06-15T13:53:41Z","","CR","","N","FALSE","2024-10-18T12:16:07Z","2024-09-20","2029-12-20","2029-12-20","FALSE","BILT","FALSE","FALSE","TRUE","46,672,199+","","EUR","","","","","","","","","","","","","","","","","","","","","","","","","0.05","","","","","","","","","","","","true","","","","","","A004","","","","","","","","","MNTH","","","","3","","","","","","","","","","false","1","","","","","","","","","","FALSE","","","","","","","","","QZX8LPK3VWVP","NA/CDS Corp Idx Tra","ITRAXX EUROPE CROSSOVER"
"3681282200000000101","","NEWT","TRAD","2026-06-15T14:18:35Z","","CR","","I","TRUE","2026-06-15T14:18:35Z","2026-03-20","2031-06-20","","FALSE","GSEF","FALSE","FALSE","","25,000,000","","EUR","","","","","","","","","","","","","","","","","","","","","","","","","","","","","","","0.0051375","","","","","","false","","","3","","","A004","","","","","","","","","MNTH","","","","3","","","","","","","","","","false","1","","","","","","","","","","FALSE","","","","","","","","","QZTQ4GTC5QMF","NA/CDS Corp Idx","ITRAXX EUROPE"
"3681286557000000201","","NEWT","TRAD","2026-06-15T14:20:16Z","","CR","","I","FALSE","2026-06-15T14:20:16Z","2026-06-16","2031-06-20","","FALSE","BBSF","FALSE","FALSE","","340,000","","EUR","","","","","","","","","","","","","","","","","","","","","","","","","0.01","","","","","","0.00538","","","","","","false","","","3","","","A004","","","","","","","","8142.14000","MNTH","","","","3","","","","UFRO","EUR","","","","","false","1","","","","","","","","","","FALSE","","","","","","","","","QZTB38W3WJ98","NA/CDS Corp Idx","ITRAXX EUROPE SENIOR FINANCIALS"
"3686514840000000101","","NEWT","TRAD","2026-06-15T20:27:49Z","","CR","","I","FALSE","2026-06-15T20:27:49Z","2026-06-16","2031-06-20","","FALSE","BBSF","FALSE","FALSE","","15,000,000","","USD","","","","","","","","","","","","","","","","","","","","","","","","","0.01","","","","","","0.0098278","","","","","","false","","","3","","","A004","","","","","","","","221633.33000","MNTH","","","","3","","","","UFRO","USD","","","","","false","1","","","","","","","","","","FALSE","","","","","","","","","QZ4JMQKL3P03","NA/CDS Corp Idx","CDX.EM"
"3685169117000000201","","NEWT","TRAD","2026-06-15T18:31:56Z","","CR","","I","TRUE","2026-06-15T18:31:56Z","2026-06-16","2031-06-20","","FALSE","BBSF","FALSE","FALSE","","150,000,000","","USD","","","","","","","","","","","","","","","","","","","","","","","","","0.01","","","","","","0.004996876","","","","","","false","","","3","","","A004","","","","","","","","3747996.53000","MNTH","","","","3","","","","UFRO","USD","","","","","false","1","","","","","","","","","","FALSE","","","","","","","","","QZ3WVVQG5T8K","NA/CDS Corp Idx","CDX.NA.IG"
"3675923033000000101","","NEWT","TRAD","2026-06-15T08:36:37Z","","CR","","N","FALSE","2026-06-15T08:36:37Z","2026-07-15","2026-07-15","2031-06-20","FALSE","BILT","FALSE","FALSE","FALSE","345,719,991+","","EUR","","","","","","","","","","","","","","","","","","","","","","","","2026-07-15","0.01","","155,574","EUR","","","","","","","0.00575","","false","","","","","3","A004","","","","","","","","","MNTH","","","","3","","","","","","","","","","false","","","","","","","","","","","TRUE","0.00031","","3","","","","","","QZ8Z2HV2KGSW","NA/CDS Idx Swt","NA/CDS Corp Idx"
"3685174499000000401","3685022295000000101","EROR","","2026-06-15T18:33:13Z","","CR","","","","2026-06-15T17:59:03Z","2026-06-15","2026-08-19","","","","","","FALSE","","","","","","","","","","","","","","","","","","","","","","","","","","","","0.05","","","","","","","","","","","","","","","","","","","","","","","","","","","","","","","","","","","","","","","","","","","","","","","","","","","","","","","","","","","","","QZHJMSG8W2ZX","NA/CDS Idx Swt","NA/CDS Corp Idx"
"3684863914000000301","","NEWT","TRAD","2026-06-15T17:37:31Z","","CR","","I","FALSE","2026-06-15T17:37:31Z","2026-06-16","2031-06-20","","","TWSF","FALSE","FALSE","","900,000","","USD","","","","","","","","","","","","","","","","","","","","","","","","","0.05","","","","","","0.01084033","","","","","","false","","","3","","","A004","","","","","","","","85763.40000","MNTH","","","","3","","","","UFRO","USD","","","","","false","0.99","","","","","","","","","","FALSE","","","","","","","","","QZHH8NT767RX","NA/CDS Corp Idx","CDX.NA.HY"
"3684855672000000101","","NEWT","TRAD","2026-06-15T17:32:57Z","","CR","","N","FALSE","2026-06-15T17:32:57Z","2025-09-22","2030-12-20","2030-12-20","FALSE","BILT","FALSE","FALSE","FALSE","30,000,000","","USD","","","","","","","","","","","","","","","","","","","","","","","","","0.01","","","","","","","","","","","","false","","","","","","A004","","","","","","","","720166.67000","MNTH","","","","3","","","","UFRO","USD","","","","","false","1","","","","","","","","","","FALSE","","","","","","","","","QZR7LZZL9C5W","NA/CDS Corp Idx Tra","CDX.NA.IG"
"3680864534000000101","","NEWT","TRAD","2026-06-15T13:14:07Z","","CR","","I","TRUE","2026-06-15T13:14:07Z","2026-06-16","2031-06-20","","FALSE","BBSF","FALSE","FALSE","","20,000,000","","EUR","","","","","","","","","","","","","","","","","","","","","","","","","0.01","","","","","","0.00512","","","","","","false","","","3","","","A004","","","","","","","","503636.19000","MNTH","","","","3","","","","UFRO","EUR","","","","","false","1","","","","","","","","","","TRUE","0.00057","","3","","","","","","QZTQ4GTC5QMF","NA/CDS Corp Idx","ITRAXX EUROPE"
"3680199346000000301","","NEWT","TRAD","2026-06-15T12:10:42Z","","CR","","I","TRUE","2026-06-15T12:10:42Z","2026-06-16","2031-06-20","","FALSE","BBSF","FALSE","FALSE","","140,000,000","","USD","","","","","","","","","","","","","","","","","","","","","","","","","0.01","","","","","","0.00498885","","","","","","false","","","3","","","A004","","","","","","","","3503298.26454","MNTH","","","","3","","","","UFRO","USD","","","","","false","1","","","","","","","","","","FALSE","","","","","","","","","QZ3WVVQG5T8K","NA/CDS Corp Idx","CDX.NA.IG"
"3680874742000000401","","NEWT","TRAD","2026-06-15T13:15:41Z","","CR","","I","TRUE","2026-06-15T13:15:41Z","2026-06-16","2031-06-20","","FALSE","BBSF","FALSE","FALSE","","100,000,000","","EUR","","","","","","","","","","","","","","","","","","","","","","","","","0.01","","","","","","0.00512215","","","","","","false","","","3","","","A004","","","","","","","","2517159.16000","MNTH","","","","3","","","","UFRO","EUR","","","","","false","1","","","","","","","","","","FALSE","","","","","","","","","QZTQ4GTC5QMF","NA/CDS Corp Idx","ITRAXX EUROPE"
"3680890101000000201","","NEWT","TRAD","2026-06-15T13:17:12Z","","CR","","I","FALSE","2026-06-15T13:17:12Z","2026-06-16","2031-06-20","","","TWSF","FALSE","FALSE","","1,000,000","","USD","","","","","","","","","","","","","","","","","","","","","","","","","0.05","","","","","","0.01083941","","","","","","false","","","3","","","A004","","","","","","","","95200.95428","MNTH","","","","3","","","","UFRO","USD","","","","","false","0.99","","","","","","","","","","FALSE","","","","","","","","","QZHH8NT767RX","NA/CDS Corp Idx","CDX.NA.HY"
"3680894809000000101","","NEWT","TRAD","2026-06-15T13:18:03Z","","CR","","I","TRUE","2026-06-15T13:18:03Z","2026-06-16","2031-06-20","","","TWSF","FALSE","FALSE","","5,000,000","","EUR","","","","","","","","","","","","","","","","","","","","","","","","","0.05","","","","","","0.0247925","","","","","","false","","","3","","","A004","","","","","","","","603481.49000","MNTH","","","","3","","","","UFRO","EUR","","","","","false","1","","","","","","","","","","FALSE","","","","","","","","","QZ3HM9KVK2WL","NA/CDS Corp Idx","ITRAXX EUROPE CROSSOVER"
"3680681310000000301","","NEWT","TRAD","2026-06-15T12:52:03Z","","CR","","N","FALSE","2026-06-15T12:52:03Z","2026-03-20","2031-06-20","2031-06-20","TRUE","BILT","FALSE","TRUE","TRUE","345,719,991+","","EUR","","","","","","","","","","","","","","","","","","","","","","","","2026-11-18","0.01","","274,847.4","EUR","","","","","","","0.01","","false","","","","","3","A004","","","","","","","","","MNTH","","","","3","","","","","","","","","","false","1","","","","","","","","","","FALSE","","","","","","","","","QZX75BBR2PZH","NA/CDS Idx Swt","NA/CDS Corp Idx"
"3680804841000000201","","NEWT","TRAD","2026-06-15T13:07:22Z","","CR","","I","TRUE","2026-06-15T13:07:22Z","2026-06-16","2028-12-20","","FALSE","BBSF","FALSE","TRUE","","38,000,000","","EUR","","","","","","","","","","","","","","","","","","","","","","","","","0.01","","","","","","0.0023","","","","","","false","","","3","","","A004","","","","","","","","811056.69068","MNTH","","","","3","","","","UFRO","EUR","","","","","false","1","","","","","","","","","","TRUE","","","","0.0023","","3","","","QZXFTDJ137RW","NA/CDS Corp Idx","ITRAXX EUROPE"
"3680824984000000101","","NEWT","TRAD","2026-06-15T13:09:30Z","","CR","","I","TRUE","2026-06-15T13:09:30Z","2026-06-16","2028-12-20","","FALSE","BBSF","FALSE","TRUE","","98,000,000","","EUR","","","","","","","","","","","","","","","","","","","","","","","","","0.05","","","","","","0.01515","","","","","","false","","","3","","","A004","","","","","","","","8859869.69950","MNTH","","","","3","","","","UFRO","EUR","","","","","false","0.94665","","","","","","","","","","TRUE","","","","0.0097","","3","","","QZ2Q1GQSPKPM","NA/CDS Corp Idx","ITRAXX EUROPE CROSSOVER"
"3681016531000000501","","NEWT","TRAD","2026-06-15T13:31:24Z","","CR","","I","TRUE","2026-06-15T13:31:24Z","2026-06-16","2031-06-20","","FALSE","BBSF","FALSE","FALSE","","65,000,000","","EUR","","","","","","","","","","","","","","","","","","","","","","","","","0.01","","","","","","0.00512","","","","","","false","","","3","","","A004","","","","","","","","1636817.61000","MNTH","","","","3","","","","UFRO","EUR","","","","","false","1","","","","","","","","","","FALSE","","","","","","","","","QZTQ4GTC5QMF","NA/CDS Corp Idx","ITRAXX EUROPE"
"3680556285000000101","","NEWT","TRAD","2026-06-15T12:41:52Z","","CR","","I","TRUE","2026-06-15T12:41:52Z","2026-06-16","2031-06-20","","FALSE","BBSF","FALSE","FALSE","","10,000,000","","USD","","","","","","","","","","","","","","","","","","","","","","","","","0.01","","","","","","0.00499029","","","","","","false","","","3","","","A004","","","","","","","","250169.19000","MNTH","","","","3","","","","UFRO","USD","","","","","false","1","","","","","","","","","","FALSE","","","","","","","","","QZ3WVVQG5T8K","NA/CDS Corp Idx","CDX.NA.IG"
"3669771143000000101","","NEWT","TRAD","2026-06-15T06:31:13Z","","CR","","I","TRUE","2026-06-15T06:31:13Z","2026-06-16","2031-06-20","","FALSE","BBSF","FALSE","TRUE","","164,216,996+","","EUR","","","","","","","","","","","","","","","","","","","","","","","","","0.01","","","","","","0.0050975","","","","","","false","","","3","","","A004","","","","","","","","4152855.36881","MNTH","","","","3","","","","UFRO","EUR","","","","","false","1","","","","","","","","","","FALSE","","","","","","","","","QZTQ4GTC5QMF","NA/CDS Corp Idx","ITRAXX EUROPE"
"3687144329000000101","","NEWT","TRAD","2026-06-15T20:52:30Z","","CR","","I","TRUE","2026-06-15T20:52:30Z","2026-06-16","2031-06-20","","FALSE","BBSF","FALSE","FALSE","","25,000,000","","USD","","","","","","","","","","","","","","","","","","","","","","","","","0.01","","","","","","0.0049822","","","","","","false","","","3","","","A004","","","","","","","","626352.77000","MNTH","","","","3","","","","UFRO","USD","","","","","false","1","","","","","","","","","","FALSE","","","","","","","","","QZ3WVVQG5T8K","NA/CDS Corp Idx","CDX.NA.IG"
"3687410089000000301","3687410089000000301","EROR","","2026-06-15T21:06:45Z","","CR","","N","","2025-08-14T16:25:12Z","2025-08-15","2026-06-20","","FALSE","BILT","FALSE","","FALSE","50,000,000","50,000,000","USD","USD","","","","","","","","","","","","","","","","","","","","","","","","0","","","","","","","","","","","","false","","","","","","","","","","","DAIL","","1","338484.93000","","","MNTH","","","","3","","UFRO","USD","USD","USD","","","false","1","","","","","","","","","","FALSE","","","","","","","","","QZCP5QJG8PJC","NA/CDS Corp Idx","IBOXX USD LIQUID LEVERAGED LOANS INDEX"
"3679299654000000201","3679226685000000201","TERM","ETRM","2026-06-15T10:18:23Z","","CR","","N","FALSE","2026-06-15T10:04:00Z","2026-07-15","2026-07-15","2031-06-20","FALSE","BILT","FALSE","FALSE","FALSE","300,000,000","","EUR","","","","","","","","","","","","","","","","","","","","","","","","2026-07-15","0.01","","74,250","EUR","","","","","","","0.0065","","false","","","","","3","A004","","","","","","","","","MNTH","","","","3","","","","","","","","","","false","","","","","","","","","","","TRUE","0.0001275","","3","","","","","","QZ8Z2HV2KGSW","NA/CDS Idx Swt","NA/CDS Corp Idx"
"3679003700000000201","","NEWT","TRAD","2026-06-15T10:02:45Z","FALSE","CR","","N","FALSE","2026-06-15T10:02:45Z","2026-06-15","2026-12-15","","FALSE","BILT","FALSE","FALSE","TRUE","13,000,000,000","8,424,718","NGN","USD","","","","","","","","","","","","","","","","","","","","","","","","0","","","","","","","","","","","","false","","","","","","A008","","","A004","","DAIL","","1","","EXPI","","","EXPI","1","","","1","","","USD","","","","false","","","","","","","","","","","FALSE","","","","","","","","","QZ0M5PRR96X4","NA/CDS Corp SN","No name obtainable"
"3679398911000000101","","NEWT","TRAD","2026-06-15T10:29:34Z","","CR","","N","FALSE","2026-06-15T10:29:34Z","2026-06-16","2031-06-20","","FALSE","BILT","FALSE","FALSE","FALSE","5,000,000","","EUR","","","","","","","","","","","","","","","","","","","","","","","","","0.05","","","","","","","","","","","","false","","","","","","A004","","","","","","","","603303.92000","MNTH","","","","3","","","","UFRO","EUR","EUR","","","","false","1","","","","","","","","","","FALSE","","","","","","","","","QZ3HM9KVK2WL","NA/CDS Corp Idx","ITRAXX EUROPE CROSSOVER"
"3678979828000000101","","NEWT","TRAD","2026-06-15T10:00:14Z","","CR","","N","FALSE","2026-06-15T10:00:14Z","2026-06-16","2031-06-20","","FALSE","BILT","FALSE","FALSE","FALSE","50,000,000","","EUR","","","","","","","","","","","","","","","","","","","","","","","","","0.01","","","","","","","","","","","","false","","","","","","A004","","","","","","","","1256714.32000","MNTH","","","","3","","","","UFRO","EUR","EUR","","","","false","1","","","","","","","","","","FALSE","","","","","","","","","QZTQ4GTC5QMF","NA/CDS Corp Idx","ITRAXX EUROPE"
"3679067764000000101","","NEWT","TRAD","2026-06-15T10:07:25Z","","CR","","I","TRUE","2026-06-15T10:07:25Z","2026-06-16","2031-06-20","","FALSE","BBSF","FALSE","FALSE","","20,000,000","","EUR","","","","","","","","","","","","","","","","","","","","","","","","","0.01","","","","","","0.005125","","","","","","false","","","3","","","A004","","","","","","","","503160.95000","MNTH","","","","3","","","","UFRO","EUR","","","","","false","1","","","","","","","","","","TRUE","","","","0.0001","","3","","","QZTQ4GTC5QMF","NA/CDS Corp Idx","ITRAXX EUROPE"
"3679044850000000101","","NEWT","TRAD","2026-06-15T10:05:52Z","","CR","","I","TRUE","2026-06-15T10:05:52Z","2026-06-16","2031-06-20","","FALSE","BBSF","FALSE","TRUE","","164,216,996+","","EUR","","","","","","","","","","","","","","","","","","","","","","","","","0.01","","","","","","0.005119","","","","","","false","","","3","","","A004","","","","","","","","4136056.59971","MNTH","","","","3","","","","UFRO","EUR","","","","","false","1","","","","","","","","","","FALSE","","","","","","","","","QZTQ4GTC5QMF","NA/CDS Corp Idx","ITRAXX EUROPE"
"3681069153000000301","","NEWT","TRAD","2026-06-15T13:35:33Z","","CR","","I","TRUE","2026-06-15T13:35:33Z","2026-03-20","2031-06-20","","FALSE","BGCD","FALSE","FALSE","","10,000,000","","EUR","","","","","","","","","","","","","","","","","","","","","","","","","","","","","","","0.02485","","","","","","false","","","3","","","A004","","","","","","","","","MNTH","","","","3","","","","","","","","","","false","1","","","","","","","","","","FALSE","","","","","","","","","QZ3HM9KVK2WL","NA/CDS Corp Idx","ITRAXX EUROPE CROSSOVER"
"3680854881000000201","","NEWT","TRAD","2026-06-15T13:13:12Z","","CR","","I","FALSE","2026-06-15T13:13:12Z","2026-06-16","2031-06-20","","FALSE","BBSF","FALSE","TRUE","","50,000,000+","","USD","","","","","","","","","","","","","","","","","","","","","","","","","0.01","","","","","","0.0098289","","","","","","false","","","3","","","A004","","","","","","","","733277.78000","MNTH","","","","3","","","","UFRO","USD","","","","","false","1","","","","","","","","","","FALSE","","","","","","","","","QZ4JMQKL3P03","NA/CDS Corp Idx","CDX.EM"
"3680974082000000201","","NEWT","TRAD","2026-06-15T13:26:46Z","","CR","","I","TRUE","2026-06-15T13:26:46Z","2026-06-16","2031-06-20","","FALSE","BBSF","FALSE","FALSE","","24,000,000","","USD","","","","","","","","","","","","","","","","","","","","","","","","","0.01","","","","","","0.00498","","","","","","false","","","3","","","A004","","","","","","","","601543.41790","MNTH","","","","3","","","","UFRO","USD","","","","","false","1","","","","","","","","","","TRUE","0.00045","","3","","","","","","QZ3WVVQG5T8K","NA/CDS Corp Idx","CDX.NA.IG"
"3682218581000000101","","NEWT","TRAD","2026-06-15T16:10:49Z","","CR","","N","FALSE","2026-06-15T16:10:49Z","2026-03-20","2026-09-21","","FALSE","BILT","FALSE","FALSE","TRUE","16,000,000","","USD","","","","","","","","","","","","","","","","","","","","","","","","","4.0115","","","","","","","","","","","","false","","","","","","A001","","","","","","","","142108.25961","MNTH","","","","3","","","","UFRO","USD","","","","","false","1","","","","","","","","","","FALSE","","","","","","","","","QZMF6M7G77VQ","NA/CDS Corp Idx","IBOXX USD LIQUID HIGH YIELD INDEX"
"3681010735000000101","","NEWT","TRAD","2026-06-15T13:30:47Z","","CR","","I","FALSE","2026-06-15T13:30:47Z","2026-06-16","2031-06-20","","FALSE","BBSF","FALSE","FALSE","","25,000,000","","EUR","","","","","","","","","","","","","","","","","","","","","","","","","0.01","","","","","","0.008715","","","","","","false","","","3","","","A004","","","","","","","","209925.47000","MNTH","","","","3","","","","UFRO","EUR","","","","","false","1","","","","","","","","","","FALSE","","","","","","","","","QZ5GD86QBKCC","NA/CDS Corp Idx","ITRAXX EUROPE SUB FINANCIALS"
"3681016529000000301","","NEWT","TRAD","2026-06-15T13:31:19Z","","CR","","I","TRUE","2026-06-15T13:31:19Z","2026-06-16","2031-06-20","","FALSE","BBSF","FALSE","FALSE","","20,000,000","","USD","","","","","","","","","","","","","","","","","","","","","","","","","0.01","","","","","","0.004966","","","","","","false","","","3","","","A004","","","","","","","","502571.87000","MNTH","","","","3","","","","UFRO","USD","","","","","false","1","","","","","","","","","","FALSE","","","","","","","","","QZ3WVVQG5T8K","NA/CDS Corp Idx","CDX.NA.IG"
"3681047281000000401","","NEWT","TRAD","2026-06-15T13:33:56Z","","CR","","I","TRUE","2026-06-15T13:33:56Z","2026-06-16","2031-06-20","","FALSE","BBSF","FALSE","FALSE","","10,000,000","","EUR","","","","","","","","","","","","","","","","","","","","","","","","","0.01","","","","","","0.00512415","","","","","","false","","","3","","","A004","","","","","","","","251620.87000","MNTH","","","","3","","","","UFRO","EUR","","","","","false","1","","","","","","","","","","FALSE","","","","","","","","","QZTQ4GTC5QMF","NA/CDS Corp Idx","ITRAXX EUROPE"
"3680844774000000101","","NEWT","TRAD","2026-06-15T13:09:06Z","","CR","","I","FALSE","2026-06-15T07:50:00Z","2026-03-20","2031-06-20","","","BILT","FALSE","FALSE","TRUE","50,000,000+","","USD","","","","","","","","","","","","","","","","","","","","","","","","","0.01","","","","","","","","","","","","false","","","","","","A004","","","","","","","","757777.77600","MNTH","","","","3","","","","UFRO","USD","","","","","false","1","","","","","","","","","","FALSE","","","","","","","","","QZ39BZSFH68L","NA/CDS Sov Idx","CDX.EM"
"3669749145000000101","","NEWT","TRAD","2026-06-15T06:20:32Z","","CR","","I","TRUE","2026-06-15T06:20:32Z","2026-06-16","2031-06-20","","FALSE","BBSF","FALSE","FALSE","","75,000,000","","EUR","","","","","","","","","","","","","","","","","","","","","","","","","0.01","","","","","","0.00508375","","","","","","false","","","3","","","A004","","","","","","","","1901558.46000","MNTH","","","","3","","","","UFRO","EUR","","","","","false","1","","","","","","","","","","FALSE","","","","","","","","","QZTQ4GTC5QMF","NA/CDS Corp Idx","ITRAXX EUROPE"
"3669957613000000101","","NEWT","TRAD","2026-06-15T06:39:55Z","","CR","","I","TRUE","2026-06-15T06:39:55Z","2026-06-16","2031-06-20","","FALSE","BBSF","FALSE","FALSE","","73,000,000","","EUR","","","","","","","","","","","","","","","","","","","","","","","","","0.01","","","","","","0.0051145","","","","","","false","","","3","","","A004","","","","","","","","1840180.26000","MNTH","","","","3","","","","UFRO","EUR","","","","","false","1","","","","","","","","","","FALSE","","","","","","","","","QZTQ4GTC5QMF","NA/CDS Corp Idx","ITRAXX EUROPE"
"3670323574000000101","","NEWT","TRAD","2026-06-15T06:54:28Z","","CR","","I","TRUE","2026-06-15T06:54:28Z","2026-06-16","2030-12-20","","FALSE","BBSF","FALSE","TRUE","","46,672,199+","","EUR","","","","","","","","","","","","","","","","","","","","","","","","","0.05","","","","","","0.021516","","","","","","false","","","3","","","A004","","","","","","","","5868617.28514","MNTH","","","","3","","","","UFRO","EUR","","","","","false","1","","","","","","","","","","TRUE","","","","0.003334","","3","","","QZ5F5FRS4TR9","NA/CDS Corp Idx","ITRAXX EUROPE CROSSOVER"
"3671278651000000101","","NEWT","TRAD","2026-06-15T07:19:20Z","","CR","","I","TRUE","2026-06-15T07:19:20Z","2026-06-16","2031-06-20","","FALSE","BBSF","FALSE","FALSE","","20,000,000","","EUR","","","","","","","","","","","","","","","","","","","","","","","","","0.01","","","","","","0.00511","","","","","","false","","","3","","","A004","","","","","","","","504586.73000","MNTH","","","","3","","","","UFRO","EUR","","","","","false","1","","","","","","","","","","FALSE","","","","","","","","","QZTQ4GTC5QMF","NA/CDS Corp Idx","ITRAXX EUROPE"
"3671459168000000101","","NEWT","TRAD","2026-06-15T07:22:30Z","","CR","","I","TRUE","2026-06-15T07:22:30Z","2026-06-16","2031-06-20","","FALSE","BBSF","FALSE","FALSE","","20,000,000","","EUR","","","","","","","","","","","","","","","","","","","","","","","","","0.01","","","","","","0.0051055","","","","","","false","","","3","","","A004","","","","","","","","505014.49000","MNTH","","","","3","","","","UFRO","EUR","","","","","false","1","","","","","","","","","","FALSE","","","","","","","","","QZTQ4GTC5QMF","NA/CDS Corp Idx","ITRAXX EUROPE"
"3682591164000000201","","NEWT","TRAD","2026-06-15T16:34:21Z","","CR","","I","TRUE","2026-06-15T16:34:21Z","2026-06-16","2031-06-20","","FALSE","BBSF","FALSE","FALSE","","36,000,000","","USD","","","","","","","","","","","","","","","","","","","","","","","","","0.01","","","","","","0.0049688","","","","","","false","","","3","","","A004","","","","","","","","904165.90000","MNTH","","","","3","","","","UFRO","USD","","","","","false","1","","","","","","","","","","FALSE","","","","","","","","","QZ3WVVQG5T8K","NA/CDS Corp Idx","CDX.NA.IG"
"3672042656000000101","","NEWT","TRAD","2026-06-15T07:42:51Z","","CR","","I","TRUE","2026-06-15T07:42:51Z","2026-06-16","2031-06-20","","FALSE","BBSF","FALSE","FALSE","","25,000,000","","EUR","","","","","","","","","","","","","","","","","","","","","","","","","0.05","","","","","","0.024773","","","","","","false","","","3","","","A004","","","","","","","","3019716.09000","MNTH","","","","3","","","","UFRO","EUR","","","","","false","1","","","","","","","","","","FALSE","","","","","","","","","QZ3HM9KVK2WL","NA/CDS Corp Idx","ITRAXX EUROPE CROSSOVER"
"3672020283000000101","","NEWT","TRAD","2026-06-15T07:42:02Z","","CR","","I","FALSE","2026-06-15T07:42:02Z","2026-06-16","2031-06-20","","","TWSF","FALSE","FALSE","","32,000,000","","EUR","","","","","","","","","","","","","","","","","","","","","","","","","0.01","","","","","","0.0050998","","","","","","false","","","3","","","A004","","","","","","","","808890.17000","MNTH","","","","3","","","","UFRO","EUR","","","","","false","1","","","","","","","","","","FALSE","","","","","","","","","QZTQ4GTC5QMF","NA/CDS Corp Idx","ITRAXX EUROPE"
"3671977897000000101","3653097796000000201","MODI","TRAD","2026-06-15T07:39:54Z","TRUE","CR","","I","TRUE","2026-06-12T13:54:01Z","2026-03-20","2031-06-20","","","TPSE","FALSE","FALSE","","40,000,000","","EUR","","","","","","","","","","","","","","","","","","","","","","","","","0.01","","","","","","","","","","","","false","","","","","","A004","","","","","","","","972928.78000","MNTH","","","","3","","","","UFRO","EUR","","","","","false","1","","","","","","","","","","FALSE","","","","","","","","","QZTQ4GTC5QMF","NA/CDS Corp Idx","ITRAXX EUROPE"
"3681508084000000201","","NEWT","TRAD","2026-06-15T15:08:01Z","","CR","","I","TRUE","2026-06-15T15:08:01Z","2026-06-16","2031-06-20","","","TWSF","FALSE","FALSE","","10,000,000","","EUR","","","","","","","","","","","","","","","","","","","","","","","","","0.05","","","","","","0.02481025","","","","","","false","","","3","","","A004","","","","","","","","1206126.39084","MNTH","","","","3","","","","UFRO","EUR","","","","","false","1","","","","","","","","","","FALSE","","","","","","","","","QZ3HM9KVK2WL","NA/CDS Corp Idx","ITRAXX EUROPE CROSSOVER"
"3686093067000000101","","NEWT","TRAD","2026-06-15T20:03:46Z","","CR","","N","FALSE","2026-05-19T18:48:00Z","2024-09-20","2029-12-20","2029-12-20","FALSE","BILT","FALSE","FALSE","TRUE","12,000,000","","USD","","","","","","","","","","","","","","","","","","","","","","","","","0.05","","","","","","","","","","","","true","","","","","","A004","","","","","","","","","MNTH","","","","3","","","","","","","","","","false","1","","","","","","","","","","FALSE","","","","","","","","","QZXZSGW62G18","NA/CDS Corp Idx Tra","CDX.NA.HY"
"3686165373000000401","","NEWT","NOVA","2026-06-15T20:09:37Z","","CR","","N","FALSE","2026-06-15T19:35:21Z","2024-09-20","2029-12-20","","FALSE","BILT","FALSE","FALSE","TRUE","12,000,000","","USD","","","","","","","","","","","","","","","","","","","","","","","","","0.05","","","","","","","","","","","","false","","","","","","A004","","","","","","","","1412661.95330","MNTH","","","","3","","","","UFRO","USD","USD","","","","true","0.98","","","","","","","","","","FALSE","","","","","","","","","QZCSGQZZML3P","NA/CDS Corp Idx Tra","CDX.NA.HY"
"3674229497000000501","3336324981000000201","CORR","","2026-06-15T08:16:27Z","","CR","","N","FALSE","2026-05-27T06:39:02Z","2026-05-28","2035-08-15","","FALSE","BILT","FALSE","FALSE","FALSE","400,000,000+","","USD","","","","","","","","","","","","","","","","","","","","","","","","","0.0425","","","","","","","","","","","","false","","","","","","A006","","","","","","","","3858439.49000","MNTH","","","","6","","","","PEXH","USD","USD","","","","false","","","","","","","","","","","FALSE","","","","","","","","","QZFPPRFS915J","NA/CDS Corp SN","No name obtainable"
"3669567651000000101","3638852186000000101","TERM","CLRG","2026-06-12T07:37:05Z","","CR","","N","TRUE","2026-06-12T07:37:05Z","2026-06-13","2031-06-20","","FALSE","BILT","FALSE","FALSE","FALSE","20,000,000","99,999,999,999,999,999,999.99999","EUR","","","","","","","","","","","","","","","","","","","","","","","","","0.05","","","","","","0.0257866","","","","","","false","","","3","","","A004","","","","","","","","2313490.99000","MNTH","","","","3","","","","UFRO","EUR","EUR","","","","false","1","","","","","","","","","","FALSE","","","","","","","","","QZ9DZH29ZGXD","NA/CDS Corp Idx","ITRAXX EUROPE CROSSOVER"
"3681422140000000301","","NEWT","TRAD","2026-06-15T14:49:55Z","","CR","","I","FALSE","2026-06-15T14:49:55Z","2026-06-16","2031-06-20","","","TWSF","FALSE","FALSE","","4,000,000","","USD","","","","","","","","","","","","","","","","","","","","","","","","","0.01","","","","","","0.00983","","","","","","false","","","3","","","A004","","","","","","","","58222.16400","MNTH","","","","3","","","","UFRO","USD","","","","","false","1","","","","","","","","","","FALSE","","","","","","","","","QZ4JMQKL3P03","NA/CDS Corp Idx","CDX.EM"
"3681433109000000201","","NEWT","TRAD","2026-06-15T14:51:57Z","","CR","","I","TRUE","2026-06-15T14:51:57Z","2026-06-16","2031-06-20","","FALSE","BBSF","FALSE","FALSE","","40,000,000","","EUR","","","","","","","","","","","","","","","","","","","","","","","","","0.01","","","","","","0.0051312","","","","","","false","","","3","","","A004","","","","","","","","1005143.35000","MNTH","","","","3","","","","UFRO","EUR","","","","","false","1","","","","","","","","","","FALSE","","","","","","","","","QZTQ4GTC5QMF","NA/CDS Corp Idx","ITRAXX EUROPE"
"3681433108000000101","","NEWT","TRAD","2026-06-15T14:51:41Z","","CR","","I","TRUE","2026-06-15T14:51:41Z","2026-06-16","2031-06-20","","FALSE","BBSF","FALSE","FALSE","","2,000,000","","USD","","","","","","","","","","","","","","","","","","","","","","","","","0.05","","","","","","0.01083675","","","","","","false","","","3","","","A004","","","","","","","","189876.03198","MNTH","","","","3","","","","UFRO","USD","","","","","false","0.99","","","","","","","","","","FALSE","","","","","","","","","QZHH8NT767RX","NA/CDS Corp Idx","CDX.NA.HY"
"3681443302000000601","","NEWT","TRAD","2026-06-15T14:54:33Z","","CR","","I","TRUE","2026-06-15T14:54:33Z","2026-06-16","2031-06-20","","FALSE","BBSF","FALSE","FALSE","","1,000,000","","USD","","","","","","","","","","","","","","","","","","","","","","","","","0.05","","","","","","0.010836","","","","","","false","","","3","","","A004","","","","","","","","94864.56918","MNTH","","","","3","","","","UFRO","USD","","","","","false","0.99","","","","","","","","","","FALSE","","","","","","","","","QZHH8NT767RX","NA/CDS Corp Idx","CDX.NA.HY"
"3681418546000000101","","NEWT","TRAD","2026-06-15T14:48:16Z","","CR","","I","FALSE","2026-06-15T14:48:16Z","2026-06-16","2031-06-20","","","TWSF","FALSE","TRUE","","50,000,000+","","USD","","","","","","","","","","","","","","","","","","","","","","","","","0.01","","","","","","0.0098304","","","","","","false","","","3","","","A004","","","","","","","","725777.78000","MNTH","","","","3","","","","UFRO","USD","","","","","false","1","","","","","","","","","","FALSE","","","","","","","","","QZ4JMQKL3P03","NA/CDS Corp Idx","CDX.EM"
"3681490332000000201","3681486160000000201","TERM","ETRM","2026-06-15T15:04:25Z","","CR","","N","TRUE","2026-06-15T13:54:56Z","2026-06-16","2031-06-20","","TRUE","BILT","FALSE","FALSE","FALSE","2,000,000","","USD","","","","","","","","","","","","","","","","","","","","","","","","","0.01","","","","","","","","","","","","false","","","","","","A004","","","","","","","","50148.00000","MNTH","","","","3","","","","UWIN","USD","","","","","false","1","","","","","","","","","","FALSE","","","","","","","","","QZ3WVVQG5T8K","NA/CDS Corp Idx","CDX.NA.IG"
"3681490333000000301","","NEWT","NOVA","2026-06-15T15:04:30Z","","CR","","N","TRUE","2026-06-15T15:04:30Z","2026-06-16","2031-06-20","","TRUE","BILT","FALSE","FALSE","FALSE","2,000,000","","USD","","","","","","","","","","","","","","","","","","","","","","","","","0.01","","","","","","","","","","","","false","","","","","","A004","","","","","","","","50148.00000","MNTH","","","","3","","","","UWIN","USD","","","","","false","1","","","","","","","","","","FALSE","","","","","","","","","QZ3WVVQG5T8K","NA/CDS Corp Idx","CDX.NA.IG"
"3681370714000000401","","NEWT","TRAD","2026-06-15T14:37:26Z","","CR","","N","FALSE","2026-06-15T14:37:26Z","2026-03-20","2026-09-16","2031-06-20","FALSE","BILT","FALSE","FALSE","TRUE","200,000,000","","EUR","","","","","","","","","","","","","","","","","","","","","","","","2026-09-16","0.05","","788,000","EUR","","","","","","","0.0325","","false","","","","","3","A004","","","","","","","","","MNTH","","","","3","","","","","","","","","","false","1","","","","","","","","","","FALSE","","","","","","","","","QZTL0V3X916X","NA/CDS Idx Swt","NA/CDS Corp Idx"
"3681369857000000201","","NEWT","TRAD","2026-06-15T14:36:37Z","","CR","","N","FALSE","2026-06-12T14:34:14Z","2026-06-12","2026-08-19","2031-06-20","TRUE","BILT","FALSE","FALSE","TRUE","38,000,000","","USD","","","","","","","","","","","","","","","","","","","","","","","","2026-08-19","0.01","","36,859.87875","USD","","","","","","","0.00575","","false","","","","","3","A004","","","","","","","","","MNTH","","","","3","","","","","","","","","","false","1","","","","","","","","","","FALSE","","","","","","","","","QZDRFGQM4073","NA/CDS Idx Swt","NA/CDS Corp Idx"
"3680654794000000101","","NEWT","TRAD","2026-06-15T12:49:17Z","","CR","","I","TRUE","2026-06-15T12:49:17Z","2026-06-16","2031-06-20","","FALSE","BBSF","FALSE","FALSE","","50,000,000","","USD","","","","","","","","","","","","","","","","","","","","","","","","","0.01","","","","","","0.0049853","","","","","","false","","","3","","","A004","","","","","","","","1251992.96000","MNTH","","","","3","","","","UFRO","USD","","","","","false","1","","","","","","","","","","FALSE","","","","","","","","","QZ3WVVQG5T8K","NA/CDS Corp Idx","CDX.NA.IG"
"3681513705000000301","","NEWT","TRAD","2026-06-15T15:08:57Z","","CR","","I","TRUE","2026-06-15T15:08:57Z","2026-06-16","2031-06-20","","FALSE","BBSF","FALSE","FALSE","","12,000,000","","EUR","","","","","","","","","","","","","","","","","","","","","","","","","0.05","","","","","","0.0248","","","","","","false","","","3","","","A004","","","","","","","","1447929.42000","MNTH","","","","3","","","","UFRO","EUR","","","","","false","1","","","","","","","","","","FALSE","","","","","","","","","QZ3HM9KVK2WL","NA/CDS Corp Idx","ITRAXX EUROPE CROSSOVER"
"3681406804000000201","","NEWT","TRAD","2026-06-15T14:45:37Z","","CR","","N","FALSE","2026-06-15T14:45:37Z","2026-03-20","2031-06-20","2031-06-20","TRUE","BILT","FALSE","TRUE","TRUE","300,000,000","","EUR","","","","","","","","","","","","","","","","","","","","","","","","2026-08-19","0.05","","870,000","EUR","","","","","","","0.03","","false","","","","","3","A004","","","","","","","","","MNTH","","","","3","","","","","","","","","","false","1","","","","","","","","","","FALSE","","","","","","","","","QZX75BBR2PZH","NA/CDS Idx Swt","NA/CDS Corp Idx"
"3681487072000000301","","NEWT","TRAD","2026-06-15T15:03:38Z","","CR","","I","TRUE","2026-06-15T15:03:38Z","2026-06-16","2029-06-20","","FALSE","BBSF","FALSE","TRUE","","5,000,000","","USD","","","","","","","","","","","","","","","","","","","","","","","","","0.01","","","","","","0.00293","","","","","","false","","","3","","","A004","","","","","","","","113017.31000","MNTH","","","","3","","","","UFRO","USD","","","","","false","1","","","","","","","","","","FALSE","","","","","","","","","QZZ1L6QDBB31","NA/CDS Corp Idx","CDX.NA.IG"
"3681575087000000201","","NEWT","TRAD","2026-06-15T15:19:25Z","","CR","","I","FALSE","2026-06-15T15:19:25Z","2026-06-16","2031-06-20","","FALSE","BBSF","FALSE","FALSE","","5,000,000","","USD","","","","","","","","","","","","","","","","","","","","","","","","","0.01","","","","","","0.0098291","","","","","","false","","","3","","","A004","","","","","","","","73227.78000","MNTH","","","","3","","","","UFRO","USD","","","","","false","1","","","","","","","","","","FALSE","","","","","","","","","QZ4JMQKL3P03","NA/CDS Corp Idx","CDX.EM"
"3681589845000000201","","NEWT","TRAD","2026-06-15T15:23:16Z","","CR","","I","TRUE","2026-06-15T15:23:16Z","2026-03-20","2031-06-20","","FALSE","TPSE","FALSE","FALSE","","50,000,000","","USD","","","","","","","","","","","","","","","","","","","","","","","","","0.01","","","","","","0.00499","","","","","","false","","","3","","","A004","","","","","","","","","MNTH","","","","3","","","","","","USD","","","","false","1","","","","","","","OTHR","","","TRUE","","","","0.0025","","3","","","QZ3WVVQG5T8K","NA/CDS Corp Idx","CDX.NA.IG"
"3681578942000000201","","NEWT","TRAD","2026-06-15T15:20:42Z","","CR","","I","FALSE","2026-06-15T15:20:42Z","2026-06-16","2031-06-20","","","TWSF","FALSE","FALSE","","45,000,000","","USD","","","","","","","","","","","","","","","","","","","","","","","","","0.01","","","","","","0.004989","","","","","","false","","","3","","","A004","","","","","","","","1126028.23000","MNTH","","","","3","","","","UFRO","USD","","","","","false","1","","","","","","","","","","FALSE","","","","","","","","","QZ3WVVQG5T8K","NA/CDS Corp Idx","CDX.NA.IG"
"3681585142000000201","","NEWT","TRAD","2026-06-15T15:22:01Z","","CR","","N","FALSE","2026-06-15T15:22:01Z","2026-06-15","2056-12-15","","FALSE","BILT","FALSE","FALSE","FALSE","5,000,000","","USD","","","","","","","","","","","","","","","","","","","","","","","","","0.03","","","","","","","","","","","","false","","","","","","A004","","","","","","","","756093.75000","MNTH","","","","1","","","","UFRO","USD","USD","","","","false","1","","","","","","","","","","FALSE","","","","","","","","","QZ46ZHDWL44D","NA/CDS Corp Idx","CMBX.NA.BBB-"
"3681605711000000201","","NEWT","TRAD","2026-06-15T15:27:28Z","","CR","","I","TRUE","2026-06-15T15:27:28Z","2026-06-16","2031-06-20","","","TWSF","FALSE","FALSE","","36,000,000","","USD","","","","","","","","","","","","","","","","","","","","","","","","","0.05","","","","","","0.01083849","","","","","","false","","","3","","","A004","","","","","","","","3423978.36000","MNTH","","","","3","","","","UFRO","USD","","","","","false","0.99","","","","","","","","","","FALSE","","","","","","","","","QZHH8NT767RX","NA/CDS Corp Idx","CDX.NA.HY"
"3681596757000000301","3681589844000000101","MODI","TRAD","2026-06-15T15:25:53Z","TRUE","CR","","I","TRUE","2026-06-15T15:23:16Z","2023-09-20","2028-12-20","","FALSE","TPSE","FALSE","FALSE","","94,000,000","","USD","","","","","","","","","","","","","","","","","","","","","","","","","0.01","","","","","","0.00249","","","","","","false","","","3","","","A004","","","","","","","","","MNTH","","","","3","","","","","","USD","","","","false","1","","","","","","","OTHR","","","TRUE","","","","0.0025","","3","","","QZKV15J8S8XX","NA/CDS Corp Idx","CDX.NA.IG"
"3682170448000000101","","NEWT","TRAD","2026-06-15T16:14:20Z","","CR","","I","TRUE","2026-06-15T16:14:20Z","2026-06-16","2031-06-20","","FALSE","BBSF","FALSE","TRUE","","50,000,000","","USD","","","","","","","","","","","","","","","","","","","","","","","","","0.05","","","","","","0.01084125","","","","","","false","","","3","","","A004","","","","","","","","4769187.50000","MNTH","","","","3","","","","UFRO","USD","","","","","false","0.99","","","","","","","","","","FALSE","","","","","","","","","QZHH8NT767RX","NA/CDS Corp Idx","CDX.NA.HY"
"3682179053000000101","","NEWT","TRAD","2026-06-15T16:14:39Z","","CR","","I","TRUE","2026-06-15T16:14:39Z","2026-06-16","2031-06-20","","FALSE","BBSF","FALSE","TRUE","","164,216,996+","","EUR","","","","","","","","","","","","","","","","","","","","","","","","","0.01","","","","","","0.005125","","","","","","false","","","3","","","A004","","","","","","","","4131373.78455","MNTH","","","","3","","","","UFRO","EUR","","","","","false","1","","","","","","","","","","TRUE","","","","0.005125","","3","","","QZTQ4GTC5QMF","NA/CDS Corp Idx","ITRAXX EUROPE"
"3681449428000000401","3681444203000000301","MODI","TRAD","2026-06-15T14:56:25Z","TRUE","CR","","I","TRUE","2026-06-15T14:54:59Z","2026-03-20","2031-06-20","","FALSE","TPSE","FALSE","FALSE","","100,000,000","","USD","","","","","","","","","","","","","","","","","","","","","","","","","0.01","","","","","","0.0049911","","","","","","false","","","3","","","A004","","","","","","","","","MNTH","","","","3","","","","","","USD","","","","false","1","","","","","","","OTHR","","","FALSE","","","","","","","","","QZ3WVVQG5T8K","NA/CDS Corp Idx","CDX.NA.IG"
"3682380835000000101","","NEWT","TRAD","2026-06-15T16:25:34Z","","CR","","I","TRUE","2026-06-15T16:25:34Z","2026-03-20","2031-06-20","","FALSE","TPSE","FALSE","FALSE","","250,000,000+","","USD","","","","","","","","","","","","","","","","","","","","","","","","","0.01","","","","","","0.00497","","","","","","false","","","3","","","A004","","","","","","","","","MNTH","","","","3","","","","","","USD","","","","false","1","","","","","","","OTHR","","","FALSE","","","","","","","","","QZ3WVVQG5T8K","NA/CDS Corp Idx","CDX.NA.IG"
"3685380953000000201","","NEWT","TRAD","2026-06-15T19:04:13Z","","CR","","I","TRUE","2026-06-15T19:04:13Z","2026-03-20","2031-06-20","","FALSE","TPSE","FALSE","FALSE","","50,000,000","","USD","","","","","","","","","","","","","","","","","","","","","","","","","0.01","","","","","","0.00498","","","","","","false","","","3","","","A004","","","","","","","","","MNTH","","","","3","","","","","","USD","","","","false","1","","","","","","","OTHR","","","FALSE","","","","","","","","","QZ3WVVQG5T8K","NA/CDS Corp Idx","CDX.NA.IG"
"3688100176000000101","2389053305000000201","MODI","TRAD","2026-06-15T22:34:39Z","TRUE","CR","","N","FALSE","2024-02-26T20:10:18Z","2024-02-26","2026-08-05","","FALSE","BILT","FALSE","FALSE","TRUE","34,000,000","","USD","","","","","","","","","","","","","","","","","","","","","","","","","","","","","","","","","","","","","false","","","","","","","","","","","","","","0.00000","","","","","","","","","UFRO","USD","USD","","","","true","","","","","","","","","","","FALSE","","","","","","","","","QZRR0D5S3SHF","NA/CDS Corp Basket","Basket"
"3672358391000000101","","NEWT","TRAD","2026-06-15T07:50:10Z","","CR","","I","TRUE","2026-06-15T07:50:10Z","2026-06-16","2031-06-20","","","TWSF","FALSE","TRUE","","164,216,996+","","EUR","","","","","","","","","","","","","","","","","","","","","","","","","0.01","","","","","","0.005111","","","","","","false","","","3","","","A004","","","","","","","","4142318.03106","MNTH","","","","3","","","","UFRO","EUR","","","","","false","1","","","","","","","","","","FALSE","","","","","","","","","QZTQ4GTC5QMF","NA/CDS Corp Idx","ITRAXX EUROPE"
"3673014844000000201","","NEWT","TRAD","2026-06-15T08:02:32Z","","CR","","I","TRUE","2026-06-15T08:02:32Z","2026-06-16","2031-06-20","","FALSE","BBSF","FALSE","FALSE","","10,000,000","","EUR","","","","","","","","","","","","","","","","","","","","","","","","","0.05","","","","","","0.0248754","","","","","","false","","","3","","","A004","","","","","","","","1203038.69000","MNTH","","","","3","","","","UFRO","EUR","","","","","false","1","","","","","","","","","","FALSE","","","","","","","","","QZ3HM9KVK2WL","NA/CDS Corp Idx","ITRAXX EUROPE CROSSOVER"
"3674630593000000101","","NEWT","TRAD","2026-06-15T08:22:06Z","","CR","","N","FALSE","2026-06-15T08:22:06Z","2026-06-16","2031-06-20","","FALSE","BILT","FALSE","FALSE","FALSE","20,000,000","","EUR","","","","","","","","","","","","","","","","","","","","","","","","","0.05","","","","","","","","","","","","false","","","","","","A004","","","","","","","","2409901.64000","MNTH","","","","3","","","","UFRO","EUR","EUR","","","","false","1","","","","","","","","","","FALSE","","","","","","","","","QZ3HM9KVK2WL","NA/CDS Corp Idx","ITRAXX EUROPE CROSSOVER"
"3684996215000000101","","NEWT","TRAD","2026-06-15T17:56:11Z","","CR","","I","TRUE","2026-06-15T17:56:11Z","2026-06-16","2031-06-20","","FALSE","BBSF","FALSE","FALSE","","25,000,000","","USD","","","","","","","","","","","","","","","","","","","","","","","","","0.01","","","","","","0.004982","","","","","","false","","","3","","","A004","","","","","","","","626375.76000","MNTH","","","","3","","","","UFRO","USD","","","","","false","1","","","","","","","","","","FALSE","","","","","","","","","QZ3WVVQG5T8K","NA/CDS Corp Idx","CDX.NA.IG"
"3685013815000000101","","NEWT","TRAD","2026-06-15T17:59:29Z","","CR","","I","TRUE","2026-06-15T17:59:29Z","2026-06-16","2031-06-20","","","TWSF","FALSE","TRUE","","60,000,000","","USD","","","","","","","","","","","","","","","","","","","","","","","","","0.05","","","","","","0.010839","","","","","","false","","","3","","","A004","","","","","","","","5709660.00000","MNTH","","","","3","","","","UFRO","USD","","","","","false","0.99","","","","","","","","","","FALSE","","","","","","","","","QZHH8NT767RX","NA/CDS Corp Idx","CDX.NA.HY"
"3685017660000000401","","NEWT","TRAD","2026-06-15T17:57:58Z","","CR","","N","FALSE","2026-06-15T17:57:58Z","2026-06-15","2026-06-17","2031-06-20","FALSE","BILT","FALSE","FALSE","TRUE","18,000,000","","USD","","","","","","","","","","","","","","","","","","","","","","","","2026-06-17","0.05","","450.0018","USD","","","","","","","0.0108","","false","","","","","3","A004","","","","","","","","","MNTH","","","","3","","","","","","","","","","false","1","","","","","","","","","","FALSE","","","","","","","","","QZ8V3P8GM5FP","NA/CDS Idx Swt","NA/CDS Corp Idx"
"3683059564000000201","","NEWT","TRAD","2026-06-15T16:56:44Z","","CR","","I","TRUE","2026-06-15T16:56:44Z","2026-06-16","2031-06-20","","FALSE","BBSF","FALSE","FALSE","","20,000,000","","USD","","","","","","","","","","","","","","","","","","","","","","","","","0.01","","","","","","0.004969","","","","","","false","","","3","","","A004","","","","","","","","502296.00000","MNTH","","","","3","","","","UFRO","USD","","","","","false","1","","","","","","","","","","FALSE","","","","","","","","","QZ3WVVQG5T8K","NA/CDS Corp Idx","CDX.NA.IG"
"3683059563000000101","","NEWT","TRAD","2026-06-15T16:56:35Z","","CR","","I","TRUE","2026-06-15T16:56:35Z","2026-06-16","2031-06-20","","","TWSF","FALSE","FALSE","","5,000,000","","USD","","","","","","","","","","","","","","","","","","","","","","","","","0.05","","","","","","0.01084181","","","","","","false","","","3","","","A004","","","","","","","","477197.86161","MNTH","","","","3","","","","UFRO","USD","","","","","false","0.99","","","","","","","","","","FALSE","","","","","","","","","QZHH8NT767RX","NA/CDS Corp Idx","CDX.NA.HY"
"3681310531000000401","","NEWT","TRAD","2026-06-15T14:26:06Z","","CR","","I","TRUE","2026-06-15T14:26:06Z","2026-06-16","2031-06-20","","FALSE","BBSF","FALSE","FALSE","","50,000,000","","USD","","","","","","","","","","","","","","","","","","","","","","","","","0.01","","","","","","0.004987","","","","","","false","","","3","","","A004","","","","","","","","1251602.20000","MNTH","","","","3","","","","UFRO","USD","","","","","false","1","","","","","","","","","","FALSE","","","","","","","","","QZ3WVVQG5T8K","NA/CDS Corp Idx","CDX.NA.IG"
"3681319337000000501","","NEWT","TRAD","2026-06-15T14:28:19Z","","CR","","I","TRUE","2026-06-15T14:28:19Z","2026-06-16","2031-06-20","","FALSE","BBSF","FALSE","FALSE","","10,000,000","","EUR","","","","","","","","","","","","","","","","","","","","","","","","","0.05","","","","","","0.0248645","","","","","","false","","","3","","","A004","","","","","","","","1203554.53000","MNTH","","","","3","","","","UFRO","EUR","","","","","false","1","","","","","","","","","","FALSE","","","","","","","","","QZ3HM9KVK2WL","NA/CDS Corp Idx","ITRAXX EUROPE CROSSOVER"
"3682839158000000101","","NEWT","TRAD","2026-06-15T16:33:12Z","","CR","","N","FALSE","2026-06-15T16:33:12Z","2026-09-16","2026-09-16","","FALSE","BILT","FALSE","FALSE","TRUE","345,719,991+","","EUR","","","","","","","","","","","","","","","","","","","","","","","","2026-09-16","","","449,436","EUR","","","","","","","0.01","","false","","","","","3","A004","","","","","","","","0.00000","MNTH","","","","3","","","","UFRO","EUR","","","","","false","","","","","","","","","","","FALSE","","","","","","","","","QZ2L66CGCV9J","NA/CDS Idx Swt","NA/CDS Corp Idx"
"3681080219000000101","","NEWT","TRAD","2026-06-15T13:36:37Z","","CR","","I","TRUE","2026-06-15T13:36:37Z","2026-06-16","2031-06-20","","FALSE","BBSF","FALSE","FALSE","","5,000,000","","EUR","","","","","","","","","","","","","","","","","","","","","","","","","0.05","","","","","","0.024817","","","","","","false","","","3","","","A004","","","","","","","","602900.87488","MNTH","","","","3","","","","UFRO","EUR","","","","","false","1","","","","","","","","","","FALSE","","","","","","","","","QZ3HM9KVK2WL","NA/CDS Corp Idx","ITRAXX EUROPE CROSSOVER"
"3681130598000000301","","NEWT","TRAD","2026-06-15T13:45:11Z","","CR","","I","TRUE","2026-06-15T13:45:11Z","2026-06-16","2031-06-20","","FALSE","BBSF","FALSE","FALSE","","4,000,000","","USD","","","","","","","","","","","","","","","","","","","","","","","","","0.01","","","","","","0.004985697","","","","","","false","","","3","","","A004","","","","","","","","100152.14000","MNTH","","","","3","","","","UFRO","USD","","","","","false","1","","","","","","","","","","FALSE","","","","","","","","","QZ3WVVQG5T8K","NA/CDS Corp Idx","CDX.NA.IG"
"3682102677000000101","3680660737000000101","CORR","","2026-06-15T16:08:37Z","","CR","","N","FALSE","2026-06-15T12:48:51Z","2026-06-15","2033-06-20","","FALSE","BILT","FALSE","FALSE","TRUE","75,000,000","","EUR","","","","","","","","","","","","","","","","","","","","","","","","","0.01","","","","","","","","","","","","false","","","","","","A004","","","","","","","","1547155.96000","MNTH","","","","3","","","","UFRO","EUR","","","","","false","1","","","","","","","","","","FALSE","","","","","","","","","QZMS3C1SS9J9","NA/CDS Corp Idx","ITRAXX EUROPE"
"3681127370000000501","","NEWT","TRAD","2026-06-15T13:43:45Z","","CR","","I","TRUE","2026-06-15T13:43:45Z","2026-06-16","2031-06-20","","","TWSF","FALSE","FALSE","","19,000,000","","EUR","","","","","","","","","","","","","","","","","","","","","","","","","0.01","","","","","","0.0051325","","","","","","false","","","3","","","A004","","","","","","","","477325.72000","MNTH","","","","3","","","","UFRO","EUR","","","","","false","1","","","","","","","","","","FALSE","","","","","","","","","QZTQ4GTC5QMF","NA/CDS Corp Idx","ITRAXX EUROPE"
"3681118882000000101","","NEWT","TRAD","2026-06-15T13:41:33Z","","CR","","I","TRUE","2026-06-15T13:41:33Z","2026-06-16","2031-06-20","","FALSE","BBSF","FALSE","FALSE","","3,000,000","","EUR","","","","","","","","","","","","","","","","","","","","","","","","","0.01","","","","","","0.0051257","","","","","","false","","","3","","","A004","","","","","","","","75464.16000","MNTH","","","","3","","","","UFRO","EUR","","","","","false","1","","","","","","","","","","FALSE","","","","","","","","","QZTQ4GTC5QMF","NA/CDS Corp Idx","ITRAXX EUROPE"
"3681113219000000301","","NEWT","TRAD","2026-06-15T13:41:02Z","","CR","","I","FALSE","2026-06-15T13:41:02Z","2026-06-16","2030-12-20","","FALSE","BBSF","FALSE","FALSE","","2,000,000","","EUR","","","","","","","","","","","","","","","","","","","","","","","","","0.01","","","","","","0.0075907","","","","","","false","","","3","","","A004","","","","","","","","25238.48000","MNTH","","","","3","","","","UFRO","EUR","","","","","false","1","","","","","","","","","","FALSE","","","","","","","","","QZJT1J212HR2","NA/CDS Corp Idx","ITRAXX EUROPE SUB FINANCIALS"
"3680991331000000301","3680944412000000301","EROR","","2026-06-15T13:27:06Z","","CR","","N","","2026-06-15T13:23:18Z","2022-03-21","2027-06-20","","FALSE","BILT","FALSE","","FALSE","5,000,000","","EUR","","","","","","","","","","","","","","","","","","","","","","","","","0.01","","","","","","","","","","","","false","","","","","","","","","","","","","","84913.00000","","","","","","","","","UFRO","EUR","EUR","","","","false","1","","","","","","","","","","FALSE","","","","","","","","","QZC4GDL7MCZD","NA/CDS Corp Idx","ITRAXX EUROPE"
"3681130597000000201","","NEWT","TRAD","2026-06-15T13:44:54Z","","CR","","I","TRUE","2026-06-15T13:44:54Z","2026-06-16","2031-06-20","","FALSE","BBSF","FALSE","FALSE","","10,000,000","","USD","","","","","","","","","","","","","","","","","","","","","","","","","0.05","","","","","","0.0108415","","","","","","false","","","3","","","A004","","","","","","","","954085.00000","MNTH","","","","3","","","","UFRO","USD","","","","","false","0.99","","","","","","","","","","FALSE","","","","","","","","","QZHH8NT767RX","NA/CDS Corp Idx","CDX.NA.HY"
"3682728433000000101","","NEWT","TRAD","2026-06-15T16:36:23Z","","CR","","N","FALSE","2026-06-15T16:36:23Z","2026-06-16","2026-06-20","2026-06-20","FALSE","BILT","FALSE","FALSE","TRUE","110,000,000","","USD","","","","","","","","","","","","","","","","","","","","","","","","","","","","","","","","","","","","","false","","","","","","A004","","","","","","","","977002.66635","MNTH","","","","3","","","","UFRO","USD","","","","","false","1","","","","","","","","","","FALSE","","","","","","","","","QZ5ND0SMQQL4","NA/Cr Sw Idx TRtn Corp Ph",""
"3681096787000000201","","NEWT","TRAD","2026-06-15T13:39:31Z","","CR","","I","TRUE","2026-06-15T13:39:31Z","2026-06-16","2031-06-20","","FALSE","BBSF","FALSE","FALSE","","5,000,000","","USD","","","","","","","","","","","","","","","","","","","","","","","","","0.05","","","","","","0.01084286","","","","","","false","","","3","","","A004","","","","","","","","477715.70000","MNTH","","","","3","","","","UFRO","USD","","","","","false","0.99","","","","","","","","","","FALSE","","","","","","","","","QZHH8NT767RX","NA/CDS Corp Idx","CDX.NA.HY"
"3681003675000000101","3680440136000000101","MODI","TRAD","2026-06-15T13:24:52Z","FALSE","CR","","N","FALSE","2026-06-15T12:24:09Z","2026-06-15","2026-06-16","","FALSE","BILT","FALSE","FALSE","TRUE","109,282,427","110,000,000","USD","USD","","","","","","","","","","","","","","","","","","","","","","","","0.037804","0.037804","","","","","","","","","","","false","","","","","","","","","","","","","","","EXPI","","","","1","","","","","","","USD","","","false","","","","","","","","","","","FALSE","","","","","","","","","QZ57DSB64DNJ","NA/CDS Corp SN","DTD 03/15/2025"
"3681141611000000101","","NEWT","TRAD","2026-06-15T13:47:07Z","","CR","","N","TRUE","2026-06-15T13:47:07Z","2026-06-15","2031-06-20","","FALSE","BILT","FALSE","FALSE","FALSE","6,000,000","","USD","","","","","","","","","","","","","","","","","","","","","","","","","0.01","","","","","","","","","","","","false","","","","","","A004","","","","","","","","150578.22676","MNTH","","","","3","","","","UFRO","USD","","","","","false","1","","","","","","","","","","FALSE","","","","","","","","","QZ3WVVQG5T8K","NA/CDS Corp Idx","CDX.NA.IG"
"3681362582000000201","","NEWT","TRAD","2026-06-15T14:34:43Z","","CR","","I","FALSE","2026-06-15T14:34:43Z","2026-06-16","2031-06-20","","","TWSF","FALSE","FALSE","","30,000,000","","EUR","","","","","","","","","","","","","","","","","","","","","","","","","0.05","","","","","","0.0248683","","","","","","false","","","3","","","A004","","","","","","","","3610124.07000","MNTH","","","","3","","","","UFRO","EUR","","","","","false","1","","","","","","","","","","FALSE","","","","","","","","","QZ3HM9KVK2WL","NA/CDS Corp Idx","ITRAXX EUROPE CROSSOVER"
"3682785047000000201","","NEWT","TRAD","2026-06-15T16:38:42Z","","CR","","N","FALSE","2026-06-15T16:38:42Z","2026-06-16","2026-06-20","2026-06-20","FALSE","BILT","FALSE","FALSE","TRUE","18,000,000","","USD","","","","","","","","","","","","","","","","","","","","","","","","","","","","","","","","","","","","","false","","","","","","A004","","","","","","","","159872.89867","MNTH","","","","3","","","","UFRO","USD","","","","","false","1","","","","","","","","","","FALSE","","","","","","","","","QZ5ND0SMQQL4","NA/Cr Sw Idx TRtn Corp Ph",""
"3682751204000000301","","NEWT","TRAD","2026-06-15T16:38:11Z","","CR","","N","FALSE","2026-06-15T16:38:11Z","2026-06-16","2026-06-20","2026-06-20","FALSE","BILT","FALSE","FALSE","TRUE","12,000,000","","USD","","","","","","","","","","","","","","","","","","","","","","","","","","","","","","","","","","","","","false","","","","","","A004","","","","","","","","106581.33561","MNTH","","","","3","","","","UFRO","USD","","","","","false","1","","","","","","","","","","FALSE","","","","","","","","","QZ5ND0SMQQL4","NA/Cr Sw Idx TRtn Corp Ph",""
"3683033917000000101","","NEWT","TRAD","2026-06-15T16:54:01Z","","CR","","I","TRUE","2026-06-15T16:54:01Z","2026-06-16","2031-06-20","","FALSE","BBSF","FALSE","TRUE","","250,000,000+","","USD","","","","","","","","","","","","","","","","","","","","","","","","","0.01","","","","","","0.0049685","","","","","","false","","","3","","","A004","","","","","","","","6279258.63697","MNTH","","","","3","","","","UFRO","USD","","","","","false","1","","","","","","","","","","FALSE","","","","","","","","","QZ3WVVQG5T8K","NA/CDS Corp Idx","CDX.NA.IG"
"3685178512000000101","3685017662000000601","CORR","","2026-06-15T18:33:45Z","","CR","","N","FALSE","2026-06-15T17:58:48Z","2026-06-15","2026-08-19","2031-06-20","FALSE","BILT","FALSE","FALSE","TRUE","37,000,000","","USD","","","","","","","","","","","","","","","","","","","","","","","","2026-08-19","0.05","","91,575.07549","USD","","","","","","","0.01085","","false","","","","","3","A004","","","","","","","","","MNTH","","","","3","","","","","","","","","","false","0.99","","","","","","","","","","FALSE","","","","","","","","","QZVK9BCP48T0","NA/CDS Idx Swt","NA/CDS Corp Idx"
"3681369859000000401","","NEWT","TRAD","2026-06-15T14:36:44Z","","CR","","I","TRUE","2026-06-15T14:36:44Z","2026-06-16","2031-06-20","","FALSE","BBSF","FALSE","FALSE","","2,000,000","","EUR","","","","","","","","","","","","","","","","","","","","","","","","","0.01","","","","","","0.0051286","","","","","","false","","","3","","","A004","","","","","","","","50281.83154","MNTH","","","","3","","","","UFRO","EUR","","","","","false","1","","","","","","","","","","FALSE","","","","","","","","","QZTQ4GTC5QMF","NA/CDS Corp Idx","ITRAXX EUROPE"
"3683675320000000101","","NEWT","TRAD","2026-06-15T17:05:50Z","","CR","","I","TRUE","2026-06-15T17:05:50Z","2026-03-20","2026-10-21","","FALSE","BILT","FALSE","FALSE","TRUE","25,000,000","","USD","","","","","","","","","","","","","","","","","","","","","","","","2026-10-21","1.04","","160,875","USD","","","5","","","","104","USD","false","","","3","","1","A004","","","","","","","","","MNTH","","","","3","","","","","","","","","","false","","","","","","","","","","","FALSE","","","","","","","","","QZVK9BCP48T0","NA/CDS Idx Swt","NA/CDS Corp Idx"
"3684055041000000101","","NEWT","TRAD","2026-06-15T17:16:18Z","","CR","","I","TRUE","2026-06-15T17:16:18Z","2026-06-16","2031-06-20","","FALSE","BBSF","FALSE","FALSE","","8,000,000","","USD","","","","","","","","","","","","","","","","","","","","","","","","","0.05","","","","","","0.0108409","","","","","","false","","","3","","","A004","","","","","","","","762792.80000","MNTH","","","","3","","","","UFRO","USD","","","","","false","0.99","","","","","","","","","","FALSE","","","","","","","","","QZHH8NT767RX","NA/CDS Corp Idx","CDX.NA.HY"
"3676470567000000101","","NEWT","TRAD","2026-06-15T09:01:37Z","FALSE","CR","","N","TRUE","2026-06-15T09:01:37Z","2026-06-16","2031-06-20","","FALSE","BILT","FALSE","FALSE","FALSE","10,000,000","99,999,999,999,999,999,999.99999","EUR","","","","","","","","","","","","","","","","","","","","","","","","","0.05","","","","","","0.0248076","","","","","","false","","","3","","","A004","","","","","","","","1206248.00000","MNTH","","","","3","","","","UFRO","EUR","EUR","","","","false","1","","","","","","","","","","FALSE","","","","","","","","","QZ9DZH29ZGXD","NA/CDS Corp Idx","ITRAXX EUROPE CROSSOVER"
"3681335082000000601","","NEWT","TRAD","2026-06-15T14:31:28Z","","CR","","I","TRUE","2026-06-15T14:31:28Z","2026-06-16","2031-06-20","","FALSE","BBSF","FALSE","TRUE","","50,000,000","","USD","","","","","","","","","","","","","","","","","","","","","","","","","0.05","","","","","","0.010837","","","","","","false","","","3","","","A004","","","","","","","","4748150.00000","MNTH","","","","3","","","","UFRO","USD","","","","","false","0.99","","","","","","","","","","FALSE","","","","","","","","","QZHH8NT767RX","NA/CDS Corp Idx","CDX.NA.HY"
"3681183185000000201","","NEWT","TRAD","2026-06-15T13:59:20Z","","CR","","I","TRUE","2026-06-15T13:59:20Z","2026-06-16","2031-06-20","","","TWSF","FALSE","FALSE","","60,000,000","","EUR","","","","","","","","","","","","","","","","","","","","","","","","","0.01","","","","","","0.0053825","","","","","","false","","","3","","","A004","","","","","","","","1436136.71000","MNTH","","","","3","","","","UFRO","EUR","","","","","false","1","","","","","","","","","","FALSE","","","","","","","","","QZTB38W3WJ98","NA/CDS Corp Idx","ITRAXX EUROPE SENIOR FINANCIALS"
"3684511527000000101","","NEWT","TRAD","2026-06-15T17:24:03Z","","CR","","I","TRUE","2026-06-15T17:24:03Z","2026-06-16","2031-06-20","","FALSE","BBSF","FALSE","FALSE","","30,000,000","","USD","","","","","","","","","","","","","","","","","","","","","","","","","0.01","","","","","","0.004968","","","","","","false","","","3","","","A004","","","","","","","","753581.93000","MNTH","","","","3","","","","UFRO","USD","","","","","false","1","","","","","","","","","","FALSE","","","","","","","","","QZ3WVVQG5T8K","NA/CDS Corp Idx","CDX.NA.IG"
"3684840217000000101","3684836278000000201","MODI","TRAD","2026-06-15T17:33:31Z","TRUE","CR","","I","TRUE","2026-06-15T17:33:06Z","2026-03-20","2031-06-20","","FALSE","TPSE","FALSE","FALSE","","15,000,000","","USD","","","","","","","","","","","","","","","","","","","","","","","","","0.05","","","","","","108.41","","USD","","","","false","","","1","","","A004","","","","","","","","","MNTH","","","","3","","","","","","USD","","","","false","0.99","","","","","","","OTHR","","","FALSE","","","","","","","","","QZHH8NT767RX","NA/CDS Corp Idx","CDX.NA.HY"
"3681409496000000101","","NEWT","TRAD","2026-06-15T14:45:55Z","","CR","","I","TRUE","2026-06-15T14:45:55Z","2026-06-16","2031-06-20","","FALSE","BBSF","FALSE","FALSE","","110,000,000","","EUR","","","","","","","","","","","","","","","","","","","","","","","","","0.01","","","","","","0.005125","","","","","","false","","","3","","","A004","","","","","","","","2767371.97794","MNTH","","","","3","","","","UFRO","EUR","","","","","false","1","","","","","","","","","","FALSE","","","","","","","","","QZTQ4GTC5QMF","NA/CDS Corp Idx","ITRAXX EUROPE"
"3681409498000000301","","NEWT","TRAD","2026-06-15T14:46:23Z","","CR","","I","TRUE","2026-06-15T14:46:23Z","2026-06-16","2030-12-20","","FALSE","BBSF","FALSE","FALSE","","6,000,000","","EUR","","","","","","","","","","","","","","","","","","","","","","","","","0.01","","","","","","0.0046","","","","","","false","","","3","","","A004","","","","","","","","152050.76687","MNTH","","","","3","","","","UFRO","EUR","","","","","false","1","","","","","","","","","","TRUE","","","","0.0046","","3","","","QZFB31MBHLT9","NA/CDS Corp Idx","ITRAXX EUROPE"
"3685170491000000101","3685017657000000101","CORR","","2026-06-15T18:30:46Z","","CR","","N","FALSE","2026-06-15T17:57:24Z","2026-06-15","2026-06-17","2031-06-20","FALSE","BILT","FALSE","FALSE","TRUE","17,000,000","","USD","","","","","","","","","","","","","","","","","","","","","","","","2026-06-17","0.05","","1,189.99524","USD","","","","","","","0.01065","","false","","","","","3","A004","","","","","","","","","MNTH","","","","3","","","","","","","","","","false","1","","","","","","","","","","FALSE","","","","","","","","","QZHRHKT5ZH3K","NA/CDS Idx Swt","NA/CDS Corp Idx"
"3685191822000000401","","NEWT","TRAD","2026-06-15T18:42:01Z","","CR","","I","TRUE","2026-06-15T18:42:01Z","2026-06-16","2031-06-20","","FALSE","BBSF","FALSE","TRUE","","200,000,000","","USD","","","","","","","","","","","","","","","","","","","","","","","","","0.01","","","","","","0.004982","","","","","","false","","","3","","","A004","","","","","","","","5011006.10000","MNTH","","","","3","","","","UFRO","USD","","","","","false","1","","","","","","","","","","FALSE","","","","","","","","","QZ3WVVQG5T8K","NA/CDS Corp Idx","CDX.NA.IG"
"3685191820000000201","3685022296000000201","EROR","","2026-06-15T18:33:03Z","","CR","","","","2026-06-15T17:59:14Z","2026-06-15","2026-08-19","","","","","","FALSE","","","","","","","","","","","","","","","","","","","","","","","","","","","","0.05","","","","","","","","","","","","","","","","","","","","","","","","","","","","","","","","","","","","","","","","","","","","","","","","","","","","","","","","","","","","","QZHJMSG8W2ZX","NA/CDS Idx Swt","NA/CDS Corp Idx"
"3681136399000000101","","NEWT","TRAD","2026-06-15T13:45:50Z","","CR","","I","TRUE","2026-06-15T13:45:50Z","2026-06-16","2031-06-20","","FALSE","BBSF","FALSE","FALSE","","25,000,000","","USD","","","","","","","","","","","","","","","","","","","","","","","","","0.01","","","","","","0.004981","","","","","","false","","","3","","","A004","","","","","","","","626490.70000","MNTH","","","","3","","","","UFRO","USD","","","","","false","1","","","","","","","","","","FALSE","","","","","","","","","QZ3WVVQG5T8K","NA/CDS Corp Idx","CDX.NA.IG"
"3685351027000000101","","NEWT","TRAD","2026-06-15T19:03:57Z","","CR","","I","TRUE","2026-06-15T19:03:57Z","2026-03-20","2031-06-20","","FALSE","TPSE","FALSE","FALSE","","50,000,000","","USD","","","","","","","","","","","","","","","","","","","","","","","","","0.01","","","","","","0.00498","","","","","","false","","","3","","","A004","","","","","","","","","MNTH","","","","3","","","","","","USD","","","","false","1","","","","","","","OTHR","","","FALSE","","","","","","","","","QZ3WVVQG5T8K","NA/CDS Corp Idx","CDX.NA.IG"
"3685471763000000101","3685380954000000301","MODI","TRAD","2026-06-15T19:05:37Z","TRUE","CR","","I","TRUE","2026-06-15T19:04:26Z","2026-03-20","2031-06-20","","FALSE","TPSE","FALSE","FALSE","","50,000,000","","USD","","","","","","","","","","","","","","","","","","","","","","","","","0.05","","","","","","108.37","","USD","","","","false","","","1","","","A004","","","","","","","","","MNTH","","","","3","","","","","","USD","","","","false","0.99","","","","","","","OTHR","","","FALSE","","","","","","","","","QZHH8NT767RX","NA/CDS Corp Idx","CDX.NA.HY"
"3671556639000000201","","NEWT","TRAD","2026-06-15T07:25:59Z","","CR","","I","TRUE","2026-06-15T07:25:59Z","2026-06-16","2031-06-20","","","TWSF","FALSE","FALSE","","89,000,000","","EUR","","","","","","","","","","","","","","","","","","","","","","","","","0.01","","","","","","0.005107","","","","","","false","","","3","","","A004","","","","","","","","2246679.97000","MNTH","","","","3","","","","UFRO","EUR","","","","","false","1","","","","","","","","","","FALSE","","","","","","","","","QZTQ4GTC5QMF","NA/CDS Corp Idx","ITRAXX EUROPE"
"3685380939000000101","","NEWT","TRAD","2026-06-15T18:47:50Z","","CR","","N","FALSE","2026-06-15T18:47:50Z","2026-06-15","2026-06-20","","FALSE","BILT","FALSE","FALSE","TRUE","220,000,000","","USD","","","","","","","","","","","","","","","","","","","","","","","","","","","","","","","0","","","","","","false","","","3","","","","","A004","","MNTH","","3","","1953999.05289","","MNTH","","","","3","","","UFRO","USD","USD","","","","false","","","","","","","","","","","FALSE","","","","","","","","","QZSHBTP6HWM4","NA/CDS Corp SN","IBOXX USD LIQUID HY LEGACY INDEX TR"
"3685943970000000401","3685943967000000101","MODI","TRAD","2026-06-15T19:23:34Z","TRUE","CR","","I","TRUE","2026-06-15T19:23:17Z","2026-03-20","2031-06-20","","FALSE","TPSE","FALSE","FALSE","","50,000,000","","USD","","","","","","","","","","","","","","","","","","","","","","","","","0.01","","","","","","0.004985","","","","","","false","","","3","","","A004","","","","","","","","","MNTH","","","","3","","","","","","USD","","","","false","1","","","","","","","OTHR","","","FALSE","","","","","","","","","QZ3WVVQG5T8K","NA/CDS Corp Idx","CDX.NA.IG"
"3685941845000000101","","NEWT","TRAD","2026-06-15T19:22:31Z","","CR","","I","TRUE","2026-06-15T19:22:31Z","2026-06-16","2031-06-20","","FALSE","BBSF","FALSE","FALSE","","44,000,000","","USD","","","","","","","","","","","","","","","","","","","","","","","","","0.01","","","","","","0.00498288","","","","","","false","","","3","","","A004","","","","","","","","1102243.33000","MNTH","","","","3","","","","UFRO","USD","","","","","false","1","","","","","","","","","","FALSE","","","","","","","","","QZ3WVVQG5T8K","NA/CDS Corp Idx","CDX.NA.IG"
"3685937763000000301","","NEWT","TRAD","2026-06-15T19:20:36Z","","CR","","I","TRUE","2026-06-15T19:20:36Z","2026-06-16","2031-06-20","","","TWSF","FALSE","TRUE","","58,000,000","","USD","","","","","","","","","","","","","","","","","","","","","","","","","0.05","","","","","","0.0108379","","","","","","false","","","3","","","A004","","","","","","","","5513021.80000","MNTH","","","","3","","","","UFRO","USD","","","","","false","0.99","","","","","","","","","","FALSE","","","","","","","","","QZHH8NT767RX","NA/CDS Corp Idx","CDX.NA.HY"
"3685954719000000201","3685240597000000101","EROR","","2026-06-15T19:30:34Z","","CR","","N","","2026-06-15T18:52:50Z","2024-09-20","2029-12-20","","FALSE","BILT","FALSE","","FALSE","35,000,000","","USD","","","","","","","","","","","","","","","","","","","","","","","","","0.05","","","","","","","","","","","","false","","","","","","","","","","","","","","4120277.78000","","","","","","","","","UFRO","USD","USD","","","","true","0.98","","","","","","","","","","FALSE","","","","","","","","","QZCSGQZZML3P","NA/CDS Corp Idx Tra","CDX.NA.HY"
"3685962812000000101","","NEWT","TRAD","2026-06-15T19:36:34Z","","CR","","I","TRUE","2026-06-15T19:36:34Z","2026-06-16","2031-06-20","","FALSE","BBSF","FALSE","FALSE","","15,000,000","","USD","","","","","","","","","","","","","","","","","","","","","","","","","0.01","","","","","","0.004986","","","","","","false","","","3","","","A004","","","","","","","","375549.62000","MNTH","","","","3","","","","UFRO","USD","","","","","false","1","","","","","","","","","","FALSE","","","","","","","","","QZ3WVVQG5T8K","NA/CDS Corp Idx","CDX.NA.IG"
"3685966418000000101","","NEWT","TRAD","2026-06-15T19:38:43Z","","CR","","I","TRUE","2026-06-15T19:38:43Z","2026-06-16","2031-06-20","","FALSE","BBSF","FALSE","FALSE","","50,000,000","","USD","","","","","","","","","","","","","","","","","","","","","","","","","0.01","","","","","","0.00498675","","","","","","false","","","3","","","A004","","","","","","","","1251659.66000","MNTH","","","","3","","","","UFRO","USD","","","","","false","1","","","","","","","","","","FALSE","","","","","","","","","QZ3WVVQG5T8K","NA/CDS Corp Idx","CDX.NA.IG"
"3685956604000000401","","NEWT","TRAD","2026-06-15T19:33:59Z","","CR","","I","TRUE","2026-06-15T19:33:59Z","2026-06-16","2031-06-20","","FALSE","BBSF","FALSE","FALSE","","10,000,000","","USD","","","","","","","","","","","","","","","","","","","","","","","","","0.01","","","","","","0.004986","","","","","","false","","","3","","","A004","","","","","","","","250366.41000","MNTH","","","","3","","","","UFRO","USD","","","","","false","1","","","","","","","","","","FALSE","","","","","","","","","QZ3WVVQG5T8K","NA/CDS Corp Idx","CDX.NA.IG"
"3685973429000000201","","NEWT","TRAD","2026-06-15T19:44:23Z","","CR","","I","TRUE","2026-06-15T19:44:23Z","2026-06-16","2031-06-20","","","TWSF","FALSE","FALSE","","200,000,000","","USD","","","","","","","","","","","","","","","","","","","","","","","","","0.01","","","","","","0.004985","","","","","","false","","","3","","","A004","","","","","","","","5008271.97844","MNTH","","","","3","","","","UFRO","USD","","","","","false","1","","","","","","","","","","TRUE","","","","0.004985","","3","","","QZ3WVVQG5T8K","NA/CDS Corp Idx","CDX.NA.IG"
"3670651164000000601","2218818980000000101","MODI","TRAD","2026-06-15T07:02:54Z","TRUE","CR","","N","FALSE","2026-02-13T21:05:19Z","2026-02-13","2026-09-14","","FALSE","BILT","FALSE","FALSE","TRUE","190,000,000","","USD","","","","","","","","","","","","","","","","","","","","","","","","","","","","","","","","","","","","","false","","","","","","","","","","","","","","0.00000","","","","","","","","","UFRO","USD","USD","","","","true","","","","","","","","","","","FALSE","","","","","","","","","QZRR0D5S3SHF","NA/CDS Corp Basket","Basket"
"3681740038000000101","","NEWT","TRAD","2026-06-15T15:48:49Z","","CR","","I","TRUE","2026-06-15T15:48:49Z","2026-06-16","2031-06-20","","FALSE","BBSF","FALSE","FALSE","","130,000,000","","USD","","","","","","","","","","","","","","","","","","","","","","","","","0.01","","","","","","0.004989","","","","","","false","","","3","","","A004","","","","","","","","3252963.51285","MNTH","","","","3","","","","UFRO","USD","","","","","false","1","","","","","","","","","","TRUE","","","","0.00399111","","3","","","QZ3WVVQG5T8K","NA/CDS Corp Idx","CDX.NA.IG"
"3680645725000000101","","NEWT","TRAD","2026-06-15T12:46:12Z","","CR","","N","FALSE","2026-06-15T12:46:12Z","2026-06-16","2028-12-20","","TRUE","BILT","FALSE","FALSE","TRUE","75,000,000","","EUR","","","","","","","","","","","","","","","","","","","","","","","","","0.01","","","","","","","","","","","","false","","","","","","A004","","","","","","","","7204166.67000","MNTH","","","","3","","","","UFRO","EUR","","","","","false","1","","","","","","","","","","FALSE","","","","","","","","","QZNMLK5TVQ77","NA/CDS Corp Idx Tra","ITRAXX EUROPE"
"3681208264000000201","","NEWT","TRAD","2026-06-15T14:05:12Z","","CR","","I","FALSE","2026-06-15T14:05:12Z","2026-03-20","2031-06-20","","FALSE","TPSE","FALSE","FALSE","","25,000,000","","USD","","","","","","","","","","","","","","","","","","","","","","","","","0.01","","","","","","98.3","","USD","","","","false","","","1","","","A004","","","","","","","","","MNTH","","","","3","","","","","","USD","","","","false","1","","","","","","","OTHR","","","FALSE","","","","","","","","","QZ4JMQKL3P03","NA/CDS Corp Idx","CDX.EM"
"3681327126000000601","","NEWT","TRAD","2026-06-15T14:29:42Z","","CR","","I","FALSE","2026-06-15T14:29:42Z","2026-06-16","2031-06-20","","","TWSF","FALSE","FALSE","","31,000,000","","USD","","","","","","","","","","","","","","","","","","","","","","","","","0.01","","","","","","0.004986","","","","","","false","","","3","","","A004","","","","","","","","776134.34508","MNTH","","","","3","","","","UFRO","USD","","","","","false","1","","","","","","","","","","FALSE","","","","","","","","","QZ3WVVQG5T8K","NA/CDS Corp Idx","CDX.NA.IG"
"3681228504000000201","3681120364000000101","CORR","","2026-06-15T14:06:52Z","","CR","","N","FALSE","2026-06-15T13:41:37Z","2026-03-20","2026-07-15","2031-06-20","FALSE","BILT","FALSE","FALSE","TRUE","350,000,000","","USD","","","","","","","","","","","","","","","","","","","","","","","","2026-07-15","0.01","","222,250","USD","","","","","","","0.005","","false","","","","","3","A004","","","","","","","","","MNTH","","","","3","","","","","","","","","","false","1","","","","","","","","","","FALSE","","","","","","","","","QZT4QS79CCTS","NA/CDS Idx Swt","NA/CDS Corp Idx"
"3681338786000000401","","NEWT","TRAD","2026-06-15T14:31:49Z","","CR","","I","TRUE","2026-06-15T14:31:49Z","2026-06-16","2031-06-20","","FALSE","BBSF","FALSE","FALSE","","10,000,000","","USD","","","","","","","","","","","","","","","","","","","","","","","","","0.05","","","","","","0.01083702","","","","","","false","","","3","","","A004","","","","","","","","949649.80000","MNTH","","","","3","","","","UFRO","USD","","","","","false","0.99","","","","","","","","","","FALSE","","","","","","","","","QZHH8NT767RX","NA/CDS Corp Idx","CDX.NA.HY"
"3681374425000000101","","NEWT","TRAD","2026-06-15T14:38:19Z","","CR","","I","TRUE","2026-06-15T14:38:19Z","2026-06-16","2031-06-20","","FALSE","BBSF","FALSE","FALSE","","10,000,000","","EUR","","","","","","","","","","","","","","","","","","","","","","","","","0.05","","","","","","0.024867","","","","","","false","","","3","","","A004","","","","","","","","1203436.21000","MNTH","","","","3","","","","UFRO","EUR","","","","","false","1","","","","","","","","","","FALSE","","","","","","","","","QZ3HM9KVK2WL","NA/CDS Corp Idx","ITRAXX EUROPE CROSSOVER"
"3681644933000000101","","NEWT","TRAD","2026-06-15T15:35:18Z","","CR","","I","TRUE","2026-06-15T15:35:18Z","2026-06-16","2031-06-20","","FALSE","BBSF","FALSE","FALSE","","3,000,000","","USD","","","","","","","","","","","","","","","","","","","","","","","","","0.01","","","","","","0.004991","","","","","","false","","","3","","","A004","","","","","","","","75041.10446","MNTH","","","","3","","","","UFRO","USD","","","","","false","1","","","","","","","","","","FALSE","","","","","","","","","QZ3WVVQG5T8K","NA/CDS Corp Idx","CDX.NA.IG"
"3681665498000000401","","NEWT","TRAD","2026-06-15T15:38:53Z","","CR","","I","FALSE","2026-06-15T15:38:53Z","2026-06-16","2031-06-20","","FALSE","BBSF","FALSE","FALSE","","25,000,000","","EUR","","","","","","","","","","","","","","","","","","","","","","","","","0.01","","","","","","0.0087375","","","","","","false","","","3","","","A004","","","","","","","","207309.68000","MNTH","","","","3","","","","UFRO","EUR","","","","","false","1","","","","","","","","","","FALSE","","","","","","","","","QZ5GD86QBKCC","NA/CDS Corp Idx","ITRAXX EUROPE SUB FINANCIALS"
"3681667907000000201","","NEWT","TRAD","2026-06-15T15:39:35Z","","CR","","I","TRUE","2026-06-15T15:39:35Z","2026-06-16","2031-06-20","","FALSE","BBSF","FALSE","FALSE","","15,000,000","","EUR","","","","","","","","","","","","","","","","","","","","","","","","","0.05","","","","","","0.02483","","","","","","false","","","3","","","A004","","","","","","","","1807781.27000","MNTH","","","","3","","","","UFRO","EUR","","","","","false","1","","","","","","","","","","FALSE","","","","","","","","","QZ3HM9KVK2WL","NA/CDS Corp Idx","ITRAXX EUROPE CROSSOVER"
"3681635607000000501","","NEWT","TRAD","2026-06-15T15:32:09Z","FALSE","CR","","I","TRUE","2026-06-15T15:32:09Z","2026-06-15","2026-08-19","","","BILT","FALSE","FALSE","TRUE","330,000,000","","EUR","","","","","","","","","","","","","","","","","","","","","","","","2026-08-19","","","429,000.22555","EUR","","","0.02375","","","","0.02375","","false","","","3","","3","","","","","","","","","","","","","","","","","","","","","","","","false","1","","","","","","","","","","FALSE","","","","","","","","","QZWDX55NJN4V","NA/CDS Idx Swt","NA/CDS Corp Idx"
"3681660039000000101","","NEWT","TRAD","2026-06-15T15:37:38Z","","CR","","I","TRUE","2026-06-15T15:36:34Z","2026-06-16","2029-06-20","","","BTFE","FALSE","FALSE","TRUE","160,000,000","","USD","","","","","","","","","","","","","","","","","","","","","","","","","0.01","","","","","","","","","","","","false","","","","","","A004","","","","","","","","3614925.54669","MNTH","","","","3","","","","UFRO","USD","","","","","false","1","","","","","","","","","","FALSE","","","","","","","","","QZZ1L6QDBB31","NA/CDS Corp Idx","CDX.NA.IG"
"3681734436000000201","","NEWT","TRAD","2026-06-15T15:48:18Z","","CR","","I","TRUE","2026-06-15T15:48:18Z","2026-06-16","2031-06-20","","FALSE","BBSF","FALSE","FALSE","","160,000,000","","USD","","","","","","","","","","","","","","","","","","","","","","","","","0.01","","","","","","0.004985","","","","","","false","","","3","","","A004","","","","","","","","4006586.25144","MNTH","","","","3","","","","UFRO","USD","","","","","false","1","","","","","","","","","","TRUE","","","","0.004985","","3","","","QZ3WVVQG5T8K","NA/CDS Corp Idx","CDX.NA.IG"
"3681732734000000501","","NEWT","NOVA","2026-06-15T15:44:53Z","","CR","","N","FALSE","2026-06-15T15:44:53Z","2023-05-15","2065-04-17","2065-04-17","FALSE","BILT","FALSE","FALSE","FALSE","20,000","","USD","","","","","","","","","","","","","","","","","","","","","","","","","0.03","","","","","","","","","","","","true","","","","","","A004","","","","","","","","","","","","","","","","","","","","","","","false","1","","","","","","","","","","FALSE","","","","","","","","","QZ0G1LJBPFZQ","NA/CDS Corp Idx","CMBX.NA.BBB-"
"3679849708000000301","","NEWT","TRAD","2026-06-15T11:14:23Z","","CR","","I","TRUE","2026-06-15T11:14:23Z","2026-06-16","2030-12-20","","FALSE","BBSF","FALSE","TRUE","","46,672,199+","","EUR","","","","","","","","","","","","","","","","","","","","","","","","","0.05","","","","","","0.02158985","","","","","","false","","","3","","","A004","","","","","","","","5853466.66717","MNTH","","","","3","","","","UFRO","EUR","","","","","false","1","","","","","","","","","","TRUE","","","","0.003335","","3","","","QZ5F5FRS4TR9","NA/CDS Corp Idx","ITRAXX EUROPE CROSSOVER"
"3681762927000000101","","NEWT","TRAD","2026-06-15T15:48:31Z","","CR","","N","FALSE","2026-06-15T15:48:31Z","2026-06-15","2026-09-16","2031-06-20","FALSE","BILT","FALSE","FALSE","FALSE","400,000,000","","USD","","","","","","","","","","","","","","","","","","","","","","","","2026-09-16","0.75","","220,000","USD","","","","","","","0.75","","false","","","","","3","A004","","","","","","","","","MNTH","","","","3","","","","","","","","","","false","","","","","","","","","","","FALSE","","","","","","","","","QZW0KLKWZH8F","NA/CDS Nstd Van","CDX.NA.IG"
"3681616191000000201","3578912154000000501","MODI","TRAD","2026-06-15T15:27:16Z","FALSE","CR","","N","FALSE","2026-06-09T13:04:53Z","2026-06-09","2026-06-16","","FALSE","BILT","FALSE","FALSE","TRUE","394,199,828","400,000,000+","USD","USD","","","","","","","","","","","","","","","","","","","","","","","","0.038126","0.038126","","","","","","","","","","","false","","","","","","","","","","","","","","","EXPI","","","","1","","","","","","","USD","","","false","","","","","","","","","","","FALSE","","","","","","","","","QZR8C19R6HM3","NA/CDS Corp SN","DTD 06/30/2023"
"3681809061000000101","","NEWT","TRAD","2026-06-15T15:54:09Z","","CR","","I","TRUE","2026-06-15T15:54:09Z","2026-06-16","2031-06-20","","","TWSF","FALSE","FALSE","","80,000,000","","USD","","","","","","","","","","","","","","","","","","","","","","","","","0.01","","","","","","0.0049688","","","","","","false","","","3","","","A004","","","","","","","","2009257.56000","MNTH","","","","3","","","","UFRO","USD","","","","","false","1","","","","","","","","","","FALSE","","","","","","","","","QZ3WVVQG5T8K","NA/CDS Corp Idx","CDX.NA.IG"
"3681818386000000101","","NEWT","TRAD","2026-06-15T15:55:05Z","","CR","","I","TRUE","2026-06-15T15:55:05Z","2026-06-16","2031-06-20","","FALSE","BBSF","FALSE","FALSE","","100,000,000","","EUR","","","","","","","","","","","","","","","","","","","","","","","","","0.01","","","","","","0.00512225","","","","","","false","","","3","","","A004","","","","","","","","2517111.64000","MNTH","","","","3","","","","UFRO","EUR","","","","","false","1","","","","","","","","","","FALSE","","","","","","","","","QZTQ4GTC5QMF","NA/CDS Corp Idx","ITRAXX EUROPE"
"3681842636000000101","","NEWT","TRAD","2026-06-15T15:56:42Z","","CR","","N","FALSE","2026-06-15T15:56:42Z","2026-06-15","2072-12-16","","FALSE","BILT","FALSE","FALSE","FALSE","3,000,000","","USD","","","","","","","","","","","","","","","","","","","","","","","","","0.05","","","","","","","","","","","","false","","","","","","A004","","","","","","","","941874.99600","MNTH","","","","1","","","","UFRO","USD","USD","","","","false","1","","","","","","","","","","FALSE","","","","","","","","","QZT81MX5QS1X","NA/CDS Corp Idx","CMBX.NA.BB"
"3681842637000000201","","NEWT","TRAD","2026-06-15T15:56:53Z","","CR","","I","TRUE","2026-06-15T15:56:53Z","2026-06-16","2031-06-20","","FALSE","BBSF","FALSE","FALSE","","1,000,000","","EUR","","","","","","","","","","","","","","","","","","","","","","","","","0.01","","","","","","0.005124","","","","","","false","","","3","","","A004","","","","","","","","25162.80000","MNTH","","","","3","","","","UFRO","EUR","","","","","false","1","","","","","","","","","","FALSE","","","","","","","","","QZTQ4GTC5QMF","NA/CDS Corp Idx","ITRAXX EUROPE"
"3681847001000000101","","NEWT","TRAD","2026-06-15T15:57:26Z","","CR","","I","FALSE","2026-06-15T15:57:26Z","2026-06-16","2031-06-20","","","TWSF","FALSE","FALSE","","3,000,000","","USD","","","","","","","","","","","","","","","","","","","","","","","","","0.01","","","","","","0.0098275","","","","","","false","","","3","","","A004","","","","","","","","44416.66800","MNTH","","","","3","","","","UFRO","USD","","","","","false","1","","","","","","","","","","FALSE","","","","","","","","","QZ4JMQKL3P03","NA/CDS Corp Idx","CDX.EM"
"3681857696000000201","","NEWT","TRAD","2026-06-15T15:58:07Z","","CR","","I","TRUE","2026-06-15T15:58:07Z","2026-03-20","2031-06-20","","FALSE","TPSE","FALSE","FALSE","","10,000,000","","USD","","","","","","","","","","","","","","","","","","","","","","","","","0.05","","","","","","108.41","","USD","","","","false","","","1","","","A004","","","","","","","","","MNTH","","","","3","","","","","","USD","","","","false","0.99","","","","","","","OTHR","","","FALSE","","","","","","","","","QZHH8NT767RX","NA/CDS Corp Idx","CDX.NA.HY"
"3681875552000000201","","NEWT","TRAD","2026-06-15T15:59:18Z","","CR","","I","TRUE","2026-06-15T15:59:18Z","2026-06-16","2031-06-20","","FALSE","BBSF","FALSE","FALSE","","15,000,000","","EUR","","","","","","","","","","","","","","","","","","","","","","","","","0.01","","","","","","0.00512","","","","","","false","","","3","","","A004","","","","","","","","377726.27400","MNTH","","","","3","","","","UFRO","EUR","","","","","false","1","","","","","","","","","","FALSE","","","","","","","","","QZTQ4GTC5QMF","NA/CDS Corp Idx","ITRAXX EUROPE"
"3682190713000000101","","NEWT","TRAD","2026-06-15T16:16:00Z","","CR","","I","TRUE","2026-06-15T16:16:00Z","2026-06-16","2031-06-20","","FALSE","BBSF","FALSE","FALSE","","70,000,000","","USD","","","","","","","","","","","","","","","","","","","","","","","","","0.01","","","","","","0.004974","","","","","","false","","","3","","","A004","","","","","","","","1756426.76000","MNTH","","","","3","","","","UFRO","USD","","","","","false","1","","","","","","","","","","FALSE","","","","","","","","","QZ3WVVQG5T8K","NA/CDS Corp Idx","CDX.NA.IG"
"3681781926000000101","3681770533000000701","CORR","","2026-06-15T15:51:40Z","","CR","","N","FALSE","2026-06-15T15:51:38Z","2026-03-20","2026-07-15","2031-06-20","FALSE","BILT","FALSE","FALSE","TRUE","250,000,000","","USD","","","","","","","","","","","","","","","","","","","","","","","","2026-07-15","0.01","","0","","","","","","","","0.0055","","false","","","","","3","A004","","","","","","","","","MNTH","","","","3","","","","","","","","","","false","1","","","","","","","","","","FALSE","","","","","","","","","QZT4QS79CCTS","NA/CDS Idx Swt","NA/CDS Corp Idx"
"3680676283000000101","","NEWT","TRAD","2026-06-15T12:51:12Z","","CR","","I","FALSE","2026-06-15T12:51:12Z","2026-03-20","2031-06-20","","FALSE","TPSE","FALSE","FALSE","","20,000,000","","USD","","","","","","","","","","","","","","","","","","","","","","","","","0.01","","","","","","98.27","","USD","","","","false","","","1","","","A004","","","","","","","","","MNTH","","","","3","","","","","","USD","","","","false","1","","","","","","","OTHR","","","FALSE","","","","","","","","","QZ4JMQKL3P03","NA/CDS Corp Idx","CDX.EM"
"3682836551000000101","","NEWT","TRAD","2026-06-15T16:42:19Z","","CR","","I","TRUE","2026-06-15T16:42:19Z","2026-06-16","2031-06-20","","FALSE","BBSF","FALSE","FALSE","","25,000,000","","USD","","","","","","","","","","","","","","","","","","","","","","","","","0.01","","","","","","0.004972","","","","","","false","","","3","","","A004","","","","","","","","627525.16000","MNTH","","","","3","","","","UFRO","USD","","","","","false","1","","","","","","","","","","FALSE","","","","","","","","","QZ3WVVQG5T8K","NA/CDS Corp Idx","CDX.NA.IG"
"3680440136000000101","","NEWT","TRAD","2026-06-15T12:24:09Z","","CR","","N","FALSE","2026-06-15T12:24:09Z","2026-06-15","2026-06-16","","FALSE","BILT","FALSE","FALSE","TRUE","109,282,427","110,000,000","USD","USD","","","","","","","","","","","","","","","","","","","","","","","","0.037804","0.037804","","","","","","","","","","","false","","","","","","","","","","","","","","","EXPI","","","","1","","","","","","","USD","","","false","","","","","","","","","","","FALSE","","","","","","","","","QZ57DSB64DNJ","NA/CDS Corp SN","DTD 03/15/2025"
"3688167816000000101","","NEWT","TRAD","2026-06-15T17:58:14Z","","CR","","N","FALSE","2026-06-15T17:58:14Z","2026-06-15","2026-06-17","2031-06-20","FALSE","BILT","FALSE","FALSE","TRUE","18,000,000","","USD","","","","","","","","","","","","","","","","","","","","","","","","2026-06-17","0.05","","900.0036","USD","","","","","","","0.0106","","false","","","","","3","A004","","","","","","","","","MNTH","","","","3","","","","","","","","","","false","1","","","","","","","","","","FALSE","","","","","","","","","QZHRHKT5ZH3K","NA/CDS Idx Swt","NA/CDS Corp Idx"
"3687466850000000101","","NEWT","NOVA","2026-06-15T21:18:27Z","","CR","","N","FALSE","2026-06-15T21:18:27Z","2026-06-15","2026-07-15","2031-06-20","FALSE","BILT","FALSE","FALSE","TRUE","250,000,000","","USD","","","","","","","","","","","","","","","","","","","","","","","","2026-07-15","0.01","","0","","","","","","","","0.006","","false","","","","","3","A004","","","","","","","","","MNTH","","","","3","","","","","","","","","","false","1","","","","","","","","","","FALSE","","","","","","","","","QZT4QS79CCTS","NA/CDS Idx Swt","NA/CDS Corp Idx"
"3680592793000000201","","NEWT","TRAD","2026-06-15T12:45:02Z","","CR","","N","FALSE","2026-06-15T12:45:02Z","2026-06-16","2026-09-16","2031-06-20","FALSE","BILT","FALSE","FALSE","TRUE","270,000,000","","USD","","","","","","","","","","","","","","","","","","","","","","","","2026-09-16","0.05","","614,791.6635","USD","","","","","","","101.5","USD","false","","","","","1","A004","","","","","","","","","MNTH","","","","3","","","","","","","","","","false","","","","","","","","","","","FALSE","","","","","","","","","QZVK9BCP48T0","NA/CDS Idx Swt","NA/CDS Corp Idx"
"3680097655000000102","","NEWT","TRAD","2026-06-15T11:56:23Z","","CR","","I","TRUE","2026-06-15T11:56:23Z","2026-03-20","2031-06-20","","FALSE","TPSE","FALSE","FALSE","","5,000,000","","USD","","","","","","","","","","","","","","","","","","","","","","","","","0.05","","","","","","108.405","","USD","","","","false","","","1","","","A004","","","","","","","","","MNTH","","","","3","","","","","","USD","","","","false","0.99","","","","","","","OTHR","","","FALSE","","","","","","","","","QZHH8NT767RX","NA/CDS Corp Idx","CDX.NA.HY"
"3680261305000000101","","NEWT","TRAD","2026-06-15T12:19:56Z","","CR","","I","TRUE","2026-06-15T12:19:56Z","2026-06-16","2031-06-20","","FALSE","BBSF","FALSE","FALSE","","7,000,000","","EUR","","","","","","","","","","","","","","","","","","","","","","","","","0.01","","","","","","0.005105","","","","","","false","","","3","","","A004","","","","","","","","176771.71000","MNTH","","","","3","","","","UFRO","EUR","","","","","false","1","","","","","","","","","","FALSE","","","","","","","","","QZTQ4GTC5QMF","NA/CDS Corp Idx","ITRAXX EUROPE"
"3680254111000000101","","NEWT","TRAD","2026-06-15T12:18:25Z","","CR","","I","TRUE","2026-06-15T12:18:25Z","2026-06-16","2031-06-20","","","TWSF","FALSE","FALSE","","40,000,000","","EUR","","","","","","","","","","","","","","","","","","","","","","","","","0.01","","","","","","0.0053558","","","","","","false","","","3","","","A004","","","","","","","","962489.85000","MNTH","","","","3","","","","UFRO","EUR","","","","","false","1","","","","","","","","","","FALSE","","","","","","","","","QZTB38W3WJ98","NA/CDS Corp Idx","ITRAXX EUROPE SENIOR FINANCIALS"
"3680117971000000101","","NEWT","TRAD","2026-06-15T12:00:26Z","","CR","","I","TRUE","2026-06-15T12:00:26Z","2026-06-16","2031-06-20","","FALSE","BBSF","FALSE","FALSE","","2,000,000","","USD","","","","","","","","","","","","","","","","","","","","","","","","","0.05","","","","","","0.01084175","","","","","","false","","","3","","","A004","","","","","","","","190866.50000","MNTH","","","","3","","","","UFRO","USD","","","","","false","0.99","","","","","","","","","","FALSE","","","","","","","","","QZHH8NT767RX","NA/CDS Corp Idx","CDX.NA.HY"
"3680117973000000301","","NEWT","TRAD","2026-06-15T12:00:35Z","","CR","","I","TRUE","2026-06-15T12:00:35Z","2026-06-16","2031-06-20","","","TWSF","FALSE","FALSE","","660,000","","USD","","","","","","","","","","","","","","","","","","","","","","","","","0.05","","","","","","0.0108418","","","","","","false","","","3","","","A004","","","","","","","","62988.98671","MNTH","","","","3","","","","UFRO","USD","","","","","false","0.99","","","","","","","","","","FALSE","","","","","","","","","QZHH8NT767RX","NA/CDS Corp Idx","CDX.NA.HY"
"3680027009000000401","","NEWT","TRAD","2026-06-15T11:45:31Z","","CR","","I","TRUE","2026-06-15T11:45:31Z","2026-06-16","2031-06-20","","FALSE","BBSF","FALSE","FALSE","","100,000,000","","USD","","","","","","","","","","","","","","","","","","","","","","","","","0.01","","","","","","0.0049933","","","","","","false","","","3","","","A004","","","","","","","","2500308.21000","MNTH","","","","3","","","","UFRO","USD","","","","","false","1","","","","","","","","","","FALSE","","","","","","","","","QZ3WVVQG5T8K","NA/CDS Corp Idx","CDX.NA.IG"
"3680104042000000202","3680097655000000102","MODI","TRAD","2026-06-15T11:57:30Z","TRUE","CR","","I","TRUE","2026-06-15T11:56:23Z","2026-03-20","2031-06-20","","FALSE","TPSE","FALSE","FALSE","","5,000,000","","USD","","","","","","","","","","","","","","","","","","","","","","","","","0.05","","","","","","108.405","","USD","","","","false","","","1","","","A004","","","","","","","","","MNTH","","","","3","","","","","","USD","","","","false","0.99","","","","","","","OTHR","","","FALSE","","","","","","","","","QZHH8NT767RX","NA/CDS Corp Idx","CDX.NA.HY"
"3680086089000000201","","NEWT","TRAD","2026-06-15T11:54:24Z","","CR","","I","TRUE","2026-06-15T11:54:24Z","2026-06-16","2031-06-20","","FALSE","BBSF","FALSE","FALSE","","50,000,000","","USD","","","","","","","","","","","","","","","","","","","","","","","","","0.01","","","","","","0.004987","","","","","","false","","","3","","","A004","","","","","","","","1251602.20000","MNTH","","","","3","","","","UFRO","USD","","","","","false","1","","","","","","","","","","FALSE","","","","","","","","","QZ3WVVQG5T8K","NA/CDS Corp Idx","CDX.NA.IG"
"3680630868000000201","","NEWT","TRAD","2026-06-15T12:46:50Z","","CR","","I","TRUE","2026-06-15T12:46:50Z","2026-06-16","2031-06-20","","","TWSF","FALSE","FALSE","","30,000,000","","EUR","","","","","","","","","","","","","","","","","","","","","","","","","0.01","","","","","","0.00511097","","","","","","false","","","3","","","A004","","","","","","","","756741.78000","MNTH","","","","3","","","","UFRO","EUR","","","","","false","1","","","","","","","","","","FALSE","","","","","","","","","QZTQ4GTC5QMF","NA/CDS Corp Idx","ITRAXX EUROPE"
"3680485228000000101","","NEWT","TRAD","2026-06-15T12:36:41Z","","CR","","I","FALSE","2026-06-15T12:36:41Z","2026-06-16","2031-06-20","","","TWSF","FALSE","TRUE","","46,672,199+","","EUR","","","","","","","","","","","","","","","","","","","","","","","","","0.05","","","","","","0.0247","","","","","","false","","","3","","","A004","","","","","","","","5653727.44058","MNTH","","","","3","","","","UFRO","EUR","","","","","false","1","","","","","","","","","","FALSE","","","","","","","","","QZ3HM9KVK2WL","NA/CDS Corp Idx","ITRAXX EUROPE CROSSOVER"
"3681369856000000101","","NEWT","TRAD","2026-06-15T14:36:40Z","","CR","","I","FALSE","2026-06-15T14:36:40Z","2026-06-16","2031-06-20","","FALSE","BBSF","FALSE","FALSE","","4,000,000","","USD","","","","","","","","","","","","","","","","","","","","","","","","","0.01","","","","","","0.00983","","","","","","false","","","3","","","A004","","","","","","","","58222.22000","MNTH","","","","3","","","","UFRO","USD","","","","","false","1","","","","","","","","","","FALSE","","","","","","","","","QZ4JMQKL3P03","NA/CDS Corp Idx","CDX.EM"
"3680722457000000101","","NEWT","TRAD","2026-06-15T12:57:11Z","","CR","","I","TRUE","2026-06-15T12:57:11Z","2026-06-16","2031-06-20","","FALSE","BBSF","FALSE","FALSE","","10,000,000","","USD","","","","","","","","","","","","","","","","","","","","","","","","","0.05","","","","","","0.0108385","","","","","","false","","","3","","","A004","","","","","","","","951115.00000","MNTH","","","","3","","","","UFRO","USD","","","","","false","0.99","","","","","","","","","","FALSE","","","","","","","","","QZHH8NT767RX","NA/CDS Corp Idx","CDX.NA.HY"
"3680249913000000301","","NEWT","TRAD","2026-06-15T12:17:28Z","","CR","","I","TRUE","2026-06-15T12:17:28Z","2026-06-16","2031-06-20","","FALSE","BBSF","FALSE","FALSE","","50,000,000","","EUR","","","","","","","","","","","","","","","","","","","","","","","","","0.01","","","","","","0.0051066","","","","","","false","","","3","","","A004","","","","","","","","1262274.82000","MNTH","","","","3","","","","UFRO","EUR","","","","","false","1","","","","","","","","","","FALSE","","","","","","","","","QZTQ4GTC5QMF","NA/CDS Corp Idx","ITRAXX EUROPE"
"3680297483000000101","","NEWT","TRAD","2026-06-15T12:23:24Z","","CR","","I","TRUE","2026-06-15T12:23:24Z","2026-06-16","2030-12-20","","FALSE","BBSF","FALSE","TRUE","","210,000,000","","USD","","","","","","","","","","","","","","","","","","","","","","","","","0.01","","","","","","0.0045813","","","","","","false","","","3","","","A004","","","","","","","","5190891.29000","MNTH","","","","3","","","","UFRO","USD","","","","","false","1","","","","","","","","","","FALSE","","","","","","","","","QZN3HTTN5303","NA/CDS Corp Idx","CDX.NA.IG"
"3680167293000000201","","NEWT","TRAD","2026-06-15T12:05:28Z","","CR","","N","FALSE","2026-06-15T12:05:28Z","2026-06-15","2026-07-15","2031-06-20","FALSE","BILT","FALSE","FALSE","TRUE","250,000,000","","USD","","","","","","","","","","","","","","","","","","","","","","","","2026-07-15","0.01","","152,500","USD","","","","","","","0.005","","false","","","","","3","A004","","","","","","","","","MNTH","","","","3","","","","","","","","","","false","1","","","","","","","","","","FALSE","","","","","","","","","QZ7WW76RFHN3","NA/CDS Idx Swt","NA/CDS Corp Idx"
"3680249912000000201","","NEWT","TRAD","2026-06-15T12:17:23Z","","CR","","I","TRUE","2026-06-15T12:17:23Z","2026-06-16","2031-06-20","","FALSE","BBSF","FALSE","TRUE","","76,000,000+","","USD","","","","","","","","","","","","","","","","","","","","","","","","","0.05","","","","","","0.0108405","","","","","","false","","","3","","","A004","","","","","","","","7243522.00000","MNTH","","","","3","","","","UFRO","USD","","","","","false","0.99","","","","","","","","","","FALSE","","","","","","","","","QZHH8NT767RX","NA/CDS Corp Idx","CDX.NA.HY"
"3679901301000000401","","NEWT","TRAD","2026-06-15T11:23:47Z","","CR","","I","TRUE","2026-06-15T11:23:47Z","2026-06-16","2031-06-20","","FALSE","BBSF","FALSE","FALSE","","50,000,000","","USD","","","","","","","","","","","","","","","","","","","","","","","","","0.01","","","","","","0.00497588","","","","","","false","","","3","","","A004","","","","","","","","1254158.37000","MNTH","","","","3","","","","UFRO","USD","","","","","false","1","","","","","","","","","","FALSE","","","","","","","","","QZ3WVVQG5T8K","NA/CDS Corp Idx","CDX.NA.IG"
"3679897853000000201","","NEWT","TRAD","2026-06-15T11:23:10Z","","CR","","I","TRUE","2026-06-15T11:23:10Z","2026-06-16","2031-06-20","","FALSE","BBSF","FALSE","FALSE","","25,000,000","","USD","","","","","","","","","","","","","","","","","","","","","","","","","0.01","","","","","","0.004978","","","","","","false","","","3","","","A004","","","","","","","","626835.51000","MNTH","","","","3","","","","UFRO","USD","","","","","false","1","","","","","","","","","","FALSE","","","","","","","","","QZ3WVVQG5T8K","NA/CDS Corp Idx","CDX.NA.IG"
"3679905073000000201","","NEWT","TRAD","2026-06-15T11:24:13Z","","CR","","I","TRUE","2026-06-15T11:24:13Z","2026-03-20","2031-06-20","","FALSE","GSEF","FALSE","FALSE","","10,000,000","","EUR","","","","","","","","","","","","","","","","","","","","","","","","","","","","","","","0.0247","","","","","","false","","","3","","","A004","","","","","","","","","MNTH","","","","3","","","","","","","","","","false","1","","","","","","","","","","TRUE","","","","0.00175","","3","","","QZ3HM9KVK2WL","NA/CDS Corp Idx","ITRAXX EUROPE CROSSOVER"
"3679830196000000201","","NEWT","TRAD","2026-06-15T11:11:28Z","","CR","","I","TRUE","2026-06-15T11:11:28Z","2026-06-16","2031-06-20","","FALSE","BBSF","FALSE","TRUE","","250,000,000+","","USD","","","","","","","","","","","","","","","","","","","","","","","","","0.01","","","","","","0.0049875","","","","","","false","","","3","","","A004","","","","","","","","6257436.33000","MNTH","","","","3","","","","UFRO","USD","","","","","false","1","","","","","","","","","","FALSE","","","","","","","","","QZ3WVVQG5T8K","NA/CDS Corp Idx","CDX.NA.IG"
"3679892685000000201","","NEWT","TRAD","2026-06-15T11:21:53Z","","CR","","I","TRUE","2026-06-15T11:21:53Z","2026-06-16","2031-06-20","","FALSE","BBSF","FALSE","FALSE","","10,000,000","","USD","","","","","","","","","","","","","","","","","","","","","","","","","0.05","","","","","","0.0108469","","","","","","false","","","3","","","A004","","","","","","","","959431.00000","MNTH","","","","3","","","","UFRO","USD","","","","","false","0.99","","","","","","","","","","FALSE","","","","","","","","","QZHH8NT767RX","NA/CDS Corp Idx","CDX.NA.HY"
"3679987538000000101","","NEWT","TRAD","2026-06-15T11:38:07Z","","CR","","I","TRUE","2026-06-15T11:38:07Z","2026-06-16","2031-06-20","","FALSE","BBSF","FALSE","FALSE","","20,000,000","","USD","","","","","","","","","","","","","","","","","","","","","","","","","0.05","","","","","","0.010842","","","","","","false","","","3","","","A004","","","","","","","","1909160.00000","MNTH","","","","3","","","","UFRO","USD","","","","","false","0.99","","","","","","","","","","FALSE","","","","","","","","","QZHH8NT767RX","NA/CDS Corp Idx","CDX.NA.HY"
"3679987550000000201","","NEWT","TRAD","2026-06-15T11:10:23Z","","CR","","N","FALSE","2026-06-15T11:10:23Z","2026-08-19","2026-08-19","2031-06-20","FALSE","BILT","FALSE","FALSE","FALSE","50,000,000","","EUR","","","","","","","","","","","","","","","","","","","","","","","","2026-08-19","0.05","","247,500","EUR","","","","","","","0.0275","","false","","","","","3","A004","","","","","","","","","MNTH","","","","3","","","","","","","","","","false","","","","","","","","","","","TRUE","-0.008025","","3","","","","","","QZN6X938ZWQ4","NA/CDS Idx Swt","NA/CDS Corp Idx"
"3679970921000000101","","NEWT","TRAD","2026-06-15T11:34:43Z","","CR","","I","TRUE","2026-06-15T11:34:43Z","2026-06-16","2031-06-20","","FALSE","BBSF","FALSE","FALSE","","130,000,000","","USD","","","","","","","","","","","","","","","","","","","","","","","","","0.01","","","","","","0.004985","","","","","","false","","","3","","","A004","","","","","","","","3255360.99200","MNTH","","","","3","","","","UFRO","USD","","","","","false","1","","","","","","","","","","FALSE","","","","","","","","","QZ3WVVQG5T8K","NA/CDS Corp Idx","CDX.NA.IG"
"3681465498000000201","","NEWT","TRAD","2026-06-12T19:24:31Z","","CR","","N","FALSE","2026-06-12T19:24:31Z","2026-03-20","2026-08-19","2031-06-20","FALSE","BILT","FALSE","FALSE","TRUE","110,000,000","","USD","","","","","","","","","","","","","","","","","","","","","","","","2026-08-19","0.01","","98,449.90155","USD","","","","","","","0.007","","false","","","","","3","A004","","","","","","","","","MNTH","","","","3","","","","","","","","","","false","1","","","","","","","","","","FALSE","","","","","","","","","QZ7WW76RFHN3","NA/CDS Idx Swt","NA/CDS Corp Idx"
"3671731554000000101","","NEWT","TRAD","2026-06-15T07:29:43Z","","CR","","I","FALSE","2026-06-15T07:29:43Z","2026-06-16","2031-06-20","","FALSE","BILT","FALSE","FALSE","TRUE","20,000,000","","USD","","","","","","","","","","","","","","","","","","","","","","","","","0.01","","","","","","","","","","","","false","","","","","","A004","","","","","","","","332889.84000","MNTH","","","","3","","","","UFRO","USD","","","","","false","1","","","","","","","","","","FALSE","","","","","","","","","QZD2VPNQ9ZFX","NA/CDS Corp Idx","ITRAXX ASIA EX-JAPAN IG"
"3669552998000000301","3336157241000000201","MODI","TRAD","2026-06-15T00:50:32Z","FALSE","CR","","N","FALSE","2026-05-27T06:32:18Z","2026-05-28","2035-08-15","","FALSE","BILT","FALSE","FALSE","FALSE","400,000,000+","","USD","","","","","","","","","","","","","","","","","","","","","","","","","0.0425","","","","","","","","","","","","false","","","","","","A006","","","","","","","","3846010.18000","MNTH","","","","6","","","","PEXH","USD","USD","","","","false","","","","","","","","","","","FALSE","","","","","","","","","QZFPPRFS915J","NA/CDS Corp SN","No name obtainable"
"3669559598000000601","3336357615000000701","MODI","TRAD","2026-06-15T01:10:22Z","FALSE","CR","","N","FALSE","2026-05-27T06:39:16Z","2026-05-28","2035-08-15","","FALSE","BILT","FALSE","FALSE","FALSE","400,000,000+","","USD","","","","","","","","","","","","","","","","","","","","","","","","","0.0425","","","","","","","","","","","","false","","","","","","A006","","","","","","","","3846010.18000","MNTH","","","","6","","","","PEXH","USD","USD","","","","false","","","","","","","","","","","FALSE","","","","","","","","","QZFPPRFS915J","NA/CDS Corp SN","No name obtainable"
"3681343365000000601","","NEWT","TRAD","2026-06-15T14:23:40Z","","CR","","N","FALSE","2026-06-15T14:23:40Z","2026-03-20","2033-06-20","","FALSE","BILT","FALSE","FALSE","TRUE","100,000,000","","EUR","","","","","","","","","","","","","","","","","","","","","","","","","0.01","","","","","","","","","","","","false","","","","","","A004","","","","","","","","2050215.93000","MNTH","","","","3","","","","UFRO","EUR","","","","","false","1","","","","","","","","","","FALSE","","","","","","","","","QZMS3C1SS9J9","NA/CDS Corp Idx","ITRAXX EUROPE"
"3681388651000000201","","NEWT","TRAD","2026-06-15T14:42:13Z","","CR","","I","TRUE","2026-06-15T14:42:13Z","2026-06-16","2030-12-20","","FALSE","BBSF","FALSE","TRUE","","164,216,996+","","EUR","","","","","","","","","","","","","","","","","","","","","","","","","0.01","","","","","","0.0046","","","","","","false","","","3","","","A004","","","","","","","","4161543.96810","MNTH","","","","3","","","","UFRO","EUR","","","","","false","1","","","","","","","","","","TRUE","","","","0.0046","","3","","","QZFB31MBHLT9","NA/CDS Corp Idx","ITRAXX EUROPE"
"3681343361000000201","","NEWT","TRAD","2026-06-15T14:27:53Z","","CR","","N","FALSE","2026-06-15T14:27:53Z","2026-07-15","2026-07-15","","FALSE","BILT","FALSE","FALSE","TRUE","345,719,991+","","EUR","","","","","","","","","","","","","","","","","","","","","","","","2026-07-15","","","7,646,289.24","EUR","","","","","","","0.01","","false","","","","","3","A004","","","","","","","","0.00000","MNTH","","","","3","","","","UFRO","EUR","","","","","false","","","","","","","","","","","FALSE","","","","","","","","","QZS1WNR5R2ND","NA/CDS Idx Swt","NA/CDS Corp Idx"
"3681417051000000101","","NEWT","TRAD","2026-06-15T14:47:55Z","","CR","","I","TRUE","2026-06-15T14:47:55Z","2026-06-16","2031-06-20","","FALSE","BBSF","FALSE","TRUE","","250,000,000+","","USD","","","","","","","","","","","","","","","","","","","","","","","","","0.01","","","","","","0.004995","","","","","","false","","","3","","","A004","","","","","","","","6248816.12593","MNTH","","","","3","","","","UFRO","USD","","","","","false","1","","","","","","","","","","FALSE","","","","","","","","","QZ3WVVQG5T8K","NA/CDS Corp Idx","CDX.NA.IG"
"3681383064000000201","","NEWT","TRAD","2026-06-15T14:39:22Z","","CR","","N","FALSE","2026-06-15T14:39:22Z","2026-06-15","2026-08-19","2031-06-20","FALSE","BILT","FALSE","FALSE","TRUE","250,000,000","","USD","","","","","","","","","","","","","","","","","","","","","","","","2026-08-19","0.05","","445,500","USD","","","","","","","0.0103","","false","","","","","3","A004","","","","","","","","","MNTH","","","","3","","","","","","","","","","false","0.99","","","","","","","","","","FALSE","","","","","","","","","QZHJMSG8W2ZX","NA/CDS Idx Swt","NA/CDS Corp Idx"
"3681462734000000201","","NEWT","TRAD","2026-06-15T14:59:34Z","","CR","","I","TRUE","2026-06-15T14:59:34Z","2026-06-16","2031-06-20","","FALSE","BBSF","FALSE","FALSE","","20,000,000","","EUR","","","","","","","","","","","","","","","","","","","","","","","","","0.01","","","","","","0.0051291","","","","","","false","","","3","","","A004","","","","","","","","502771.27000","MNTH","","","","3","","","","UFRO","EUR","","","","","false","1","","","","","","","","","","FALSE","","","","","","","","","QZTQ4GTC5QMF","NA/CDS Corp Idx","ITRAXX EUROPE"
"3681486160000000201","","NEWT","TRAD","2026-06-15T15:03:20Z","","CR","","N","TRUE","2026-06-15T13:54:56Z","2026-06-16","2031-06-20","","TRUE","BILT","FALSE","FALSE","FALSE","2,000,000","","USD","","","","","","","","","","","","","","","","","","","","","","","","","0.01","","","","","","","","","","","","false","","","","","","A004","","","","","","","","","MNTH","","","","3","","","","","","","","","","false","1","","","","","","","","","","FALSE","","","","","","","","","QZ3WVVQG5T8K","NA/CDS Corp Idx","CDX.NA.IG"
"3681487070000000101","","NEWT","TRAD","2026-06-15T15:02:44Z","FALSE","CR","","I","TRUE","2026-06-15T15:02:44Z","2026-03-20","2031-06-20","","","BMTF","FALSE","FALSE","FALSE","100,000,000","","USD","","","","","","","","","","","","","","","","","","","","","","","","","0.01","","","","","","","","","","","","false","","","","","","A004","","","","","","","","2503664.11000","MNTH","","","","3","","","","UFRO","USD","","","","","false","1","","","","","","","","","","FALSE","","","","","","","","","QZ3WVVQG5T8K","NA/CDS Corp Idx","CDX.NA.IG"
"3681425320000000101","","NEWT","TRAD","2026-06-15T14:49:59Z","","CR","","I","TRUE","2026-06-15T14:49:59Z","2026-06-16","2030-12-20","","FALSE","BBSF","FALSE","TRUE","","46,672,199+","","EUR","","","","","","","","","","","","","","","","","","","","","","","","","0.05","","","","","","0.021495","","","","","","false","","","3","","","A004","","","","","","","","5872926.95429","MNTH","","","","3","","","","UFRO","EUR","","","","","false","1","","","","","","","","","","TRUE","","","","0.00333","","3","","","QZ5F5FRS4TR9","NA/CDS Corp Idx","ITRAXX EUROPE CROSSOVER"
"3672619552000000101","","NEWT","TRAD","2026-06-15T07:55:23Z","","CR","","I","TRUE","2026-06-15T07:55:23Z","2026-06-16","2031-06-20","","FALSE","BBSF","FALSE","FALSE","","25,000,000","","EUR","","","","","","","","","","","","","","","","","","","","","","","","","0.05","","","","","","0.024825","","","","","","false","","","3","","","A004","","","","","","","","3013560.53000","MNTH","","","","3","","","","UFRO","EUR","","","","","false","1","","","","","","","","","","FALSE","","","","","","","","","QZ3HM9KVK2WL","NA/CDS Corp Idx","ITRAXX EUROPE CROSSOVER"
"3681486159000000101","","NEWT","TRAD","2026-06-15T15:03:11Z","","CR","","I","TRUE","2026-06-15T15:03:11Z","2026-06-16","2031-06-20","","","TWSF","FALSE","TRUE","","60,000,000","","USD","","","","","","","","","","","","","","","","","","","","","","","","","0.05","","","","","","0.010838","","","","","","false","","","3","","","A004","","","","","","","","5703720.00000","MNTH","","","","3","","","","UFRO","USD","","","","","false","0.99","","","","","","","","","","FALSE","","","","","","","","","QZHH8NT767RX","NA/CDS Corp Idx","CDX.NA.HY"
"3681563938000000101","","NEWT","TRAD","2026-06-15T15:16:33Z","","CR","","I","TRUE","2026-06-15T15:16:33Z","2026-06-16","2031-06-20","","FALSE","BBSF","FALSE","FALSE","","78,000,000","","EUR","","","","","","","","","","","","","","","","","","","","","","","","","0.01","","","","","","0.005128","","","","","","false","","","3","","","A004","","","","","","","","1961215.67000","MNTH","","","","3","","","","UFRO","EUR","","","","","false","1","","","","","","","","","","FALSE","","","","","","","","","QZTQ4GTC5QMF","NA/CDS Corp Idx","ITRAXX EUROPE"
"3681563939000000201","","NEWT","TRAD","2026-06-15T15:16:42Z","","CR","","I","FALSE","2026-06-15T15:16:42Z","2026-06-16","2036-06-20","","","TWSF","FALSE","FALSE","","39,000,000","","EUR","","","","","","","","","","","","","","","","","","","","","","","","","0.01","","","","","","0.0092575","","","","","","false","","","3","","","A004","","","","","","","","334166.13907","MNTH","","","","3","","","","UFRO","EUR","","","","","false","1","","","","","","","","","","FALSE","","","","","","","","","QZ4LNL81ZBTS","NA/CDS Corp Idx","ITRAXX EUROPE"
"3681575102000001701","","NEWT","TRAD","2026-06-15T15:19:39Z","","CR","","I","TRUE","2026-06-15T15:19:39Z","2026-06-16","2031-06-20","","FALSE","BBSF","FALSE","FALSE","","20,000,000","","USD","","","","","","","","","","","","","","","","","","","","","","","","","0.05","","","","","","0.010837265","","","","","","false","","","3","","","A004","","","","","","","","1899784.70000","MNTH","","","","3","","","","UFRO","USD","","","","","false","0.99","","","","","","","","","","FALSE","","","","","","","","","QZHH8NT767RX","NA/CDS Corp Idx","CDX.NA.HY"
"3681578941000000101","","NEWT","TRAD","2026-06-15T15:20:27Z","","CR","","I","TRUE","2026-06-15T15:20:27Z","2026-06-16","2031-06-20","","FALSE","BBSF","FALSE","FALSE","","190,000,000","","USD","","","","","","","","","","","","","","","","","","","","","","","","","0.01","","","","","","0.00498825","","","","","","false","","","3","","","A004","","","","","","","","4754974.97617","MNTH","","","","3","","","","UFRO","USD","","","","","false","1","","","","","","","","","","FALSE","","","","","","","","","QZ3WVVQG5T8K","NA/CDS Corp Idx","CDX.NA.IG"
"3681513704000000201","","NEWT","TRAD","2026-06-15T15:08:48Z","","CR","","I","FALSE","2026-06-15T15:08:48Z","2026-06-16","2031-06-20","","","TWSF","FALSE","TRUE","","50,000,000+","","USD","","","","","","","","","","","","","","","","","","","","","","","","","0.01","","","","","","0.009829","","","","","","false","","","3","","","A004","","","","","","","","732777.66275","MNTH","","","","3","","","","UFRO","USD","","","","","false","1","","","","","","","","","","FALSE","","","","","","","","","QZ4JMQKL3P03","NA/CDS Corp Idx","CDX.EM"
"3681455818000000501","","NEWT","TRAD","2026-06-15T14:56:49Z","","CR","","N","FALSE","2026-06-15T14:56:49Z","2026-06-17","2026-09-15","","FALSE","BILT","FALSE","FALSE","TRUE","1,300,000,000","","EGP","","","","","","","","","","","","","","","","","","","","","","","","","0","","","","","","0.0075","","","","","","false","","","3","","3","A005","","","","","","","","","DAIL","","","","1","","","","","","USD","USD","","","false","","","","","","","","","","","FALSE","","","","","","","","","QZ8L2ZPSHS69","NA/CDS Corp SN","No name obtainable"
"3681526631000000101","","NEWT","TRAD","2026-06-15T15:07:24Z","","CR","","I","TRUE","2026-06-15T15:07:24Z","2026-03-20","2031-06-20","","","TREU","FALSE","FALSE","FALSE","9,000,000","","EUR","","","","","","","","","","","","","","","","","","","","","","","","","0.01","","","","","","","","","","","","false","","","","","","A004","","","","","","","","226422.43000","MNTH","","","","3","","","","UFRO","EUR","","","","","false","1","","","","","","","","","","FALSE","","","","","","","","","QZTQ4GTC5QMF","NA/CDS Corp Idx","ITRAXX EUROPE"
"3681572258000000101","","NEWT","TRAD","2026-06-15T15:18:36Z","","CR","","I","FALSE","2026-06-15T15:18:36Z","2026-06-16","2031-06-20","","","TWSF","FALSE","TRUE","","55,000,000","","USD","","","","","","","","","","","","","","","","","","","","","","","","","0.05","","","","","","0.01083814","","","","","","false","","","3","","","A004","","","","","","","","5229190.63342","MNTH","","","","3","","","","UFRO","USD","","","","","false","0.99","","","","","","","","","","FALSE","","","","","","","","","QZHH8NT767RX","NA/CDS Corp Idx","CDX.NA.HY"
"3681335080000000401","","NEWT","TRAD","2026-06-15T14:31:09Z","","CR","","I","FALSE","2026-06-15T14:31:09Z","2026-03-20","2031-06-20","","FALSE","BILT","FALSE","FALSE","TRUE","35,000,000","","USD","","","","","","","","","","","","","","","","","","","","","","","","","0.01","","","","","","","","","","","","false","","","","","","A004","","","","","","","","","MNTH","","","","3","","","","","","USD","","","","false","1","","","","","","","","","","FALSE","","","","","","","","","QZ4JMQKL3P03","NA/CDS Corp Idx","CDX.EM"
"3670146234000000201","","NEWT","TRAD","2026-06-15T06:47:50Z","","CR","","I","TRUE","2026-06-15T06:47:50Z","2026-06-16","2031-06-20","","FALSE","BBSF","FALSE","FALSE","","10,000,000","","EUR","","","","","","","","","","","","","","","","","","","","","","","","","0.05","","","","","","0.024918","","","","","","false","","","3","","","A004","","","","","","","","1201023.09000","MNTH","","","","3","","","","UFRO","EUR","","","","","false","1","","","","","","","","","","FALSE","","","","","","","","","QZ3HM9KVK2WL","NA/CDS Corp Idx","ITRAXX EUROPE CROSSOVER"
"3686000558000000101","","NEWT","TRAD","2026-06-15T19:53:34Z","","CR","","I","TRUE","2026-06-15T19:53:34Z","2026-03-20","2031-06-20","","FALSE","TPSE","FALSE","FALSE","","75,000,000","","USD","","","","","","","","","","","","","","","","","","","","","","","","","0.01","","","","","","0.00499","","","","","","false","","","3","","","A004","","","","","","","","","MNTH","","","","3","","","","","","USD","","","","false","1","","","","","","","OTHR","","","FALSE","","","","","","","","","QZ3WVVQG5T8K","NA/CDS Corp Idx","CDX.NA.IG"
"3681243180000000401","","NEWT","TRAD","2026-06-15T14:08:43Z","","CR","","I","FALSE","2026-06-15T14:08:43Z","2026-06-16","2031-06-20","","","TWSF","FALSE","TRUE","","55,000,000","","USD","","","","","","","","","","","","","","","","","","","","","","","","","0.05","","","","","","0.0108407","","","","","","false","","","3","","","A004","","","","","","","","5243129.88349","MNTH","","","","3","","","","UFRO","USD","","","","","false","0.99","","","","","","","","","","FALSE","","","","","","","","","QZHH8NT767RX","NA/CDS Corp Idx","CDX.NA.HY"
"3682898722000000101","","NEWT","TRAD","2026-06-15T16:48:42Z","","CR","","I","TRUE","2026-06-15T16:48:42Z","2026-06-16","2031-06-20","","FALSE","BBSF","FALSE","FALSE","","11,000,000","","USD","","","","","","","","","","","","","","","","","","","","","","","","","0.05","","","","","","0.01084165","","","","","","false","","","3","","","A004","","","","","","","","1049653.79645","MNTH","","","","3","","","","UFRO","USD","","","","","false","0.99","","","","","","","","","","FALSE","","","","","","","","","QZHH8NT767RX","NA/CDS Corp Idx","CDX.NA.HY"
"3681256514000000301","","NEWT","TRAD","2026-06-15T14:11:55Z","","CR","","I","TRUE","2026-06-15T14:11:55Z","2026-06-16","2031-06-20","","","TWSF","FALSE","TRUE","","164,216,996+","","EUR","","","","","","","","","","","","","","","","","","","","","","","","","0.01","","","","","","0.005142","","","","","","false","","","3","","","A004","","","","","","","","4118087.95629","MNTH","","","","3","","","","UFRO","EUR","","","","","false","1","","","","","","","","","","FALSE","","","","","","","","","QZTQ4GTC5QMF","NA/CDS Corp Idx","ITRAXX EUROPE"
"3685174498000000301","3685017660000000401","EROR","","2026-06-15T18:32:43Z","","CR","","","","2026-06-15T17:57:58Z","2026-06-15","2026-06-17","","","","","","FALSE","","","","","","","","","","","","","","","","","","","","","","","","","","","","0.05","","","","","","","","","","","","","","","","","","","","","","","","","","","","","","","","","","","","","","","","","","","","","","","","","","","","","","","","","","","","","QZ8V3P8GM5FP","NA/CDS Idx Swt","NA/CDS Corp Idx"
"3678129564000000101","3677536991000000101","MODI","TRAD","2026-06-15T09:13:42Z","TRUE","CR","","I","TRUE","2026-06-15T09:08:33Z","2025-09-22","2030-12-20","","","BILT","FALSE","FALSE","FALSE","11,000,000","","EUR","","","","","","","","","","","","","","","","","","","","","","","","","0.01","","","","","","","","","","","","false","","","","","","A004","","","","","","","","139078.69822","MNTH","","","","3","","","","UFRO","EUR","","","","","false","1","","","","","","","","","","FALSE","","","","","","","","","QZJT1J212HR2","NA/CDS Corp Idx","ITRAXX EUROPE SUB FINANCIALS"
"3677571014000000201","","NEWT","TRAD","2026-06-15T09:23:13Z","","CR","","I","TRUE","2026-06-15T09:23:13Z","2026-06-16","2036-06-20","","FALSE","BBSF","FALSE","TRUE","","50,000,000","","EUR","","","","","","","","","","","","","","","","","","","","","","","","","0.01","","","","","","0.009272","","","","","","false","","","3","","","A004","","","","","","","","422405.56000","MNTH","","","","3","","","","UFRO","EUR","","","","","false","1","","","","","","","","","","TRUE","","","","0.004139","","3","","","QZ4LNL81ZBTS","NA/CDS Corp Idx","ITRAXX EUROPE"
"3677829234000000101","","NEWT","TRAD","2026-06-15T09:26:52Z","","CR","","I","TRUE","2026-06-15T09:26:52Z","2026-06-16","2031-06-20","","FALSE","BBSF","FALSE","TRUE","","35,000,000","","EUR","","","","","","","","","","","","","","","","","","","","","","","","","0.05","","","","","","0.0249","","","","","","false","","","3","","","A004","","","","","","","","4206561.35000","MNTH","","","","3","","","","UFRO","EUR","","","","","false","1","","","","","","","","","","FALSE","","","","","","","","","QZ3HM9KVK2WL","NA/CDS Corp Idx","ITRAXX EUROPE CROSSOVER"
"3677950986000000101","","NEWT","TRAD","2026-06-15T09:29:18Z","","CR","","I","FALSE","2026-06-15T09:29:18Z","2026-06-16","2031-06-20","","","TWSF","FALSE","TRUE","","46,672,199+","","EUR","","","","","","","","","","","","","","","","","","","","","","","","","0.05","","","","","","0.024835","","","","","","false","","","3","","","A004","","","","","","","","5623850.33317","MNTH","","","","3","","","","UFRO","EUR","","","","","false","1","","","","","","","","","","FALSE","","","","","","","","","QZ3HM9KVK2WL","NA/CDS Corp Idx","ITRAXX EUROPE CROSSOVER"
"3685981324000000101","","NEWT","TRAD","2026-06-15T19:46:51Z","","CR","","I","TRUE","2026-06-15T19:46:51Z","2026-06-16","2031-06-20","","","TWSF","FALSE","FALSE","","32,000,000","","USD","","","","","","","","","","","","","","","","","","","","","","","","","0.01","","","","","","0.00498755","","","","","","false","","","3","","","A004","","","","","","","","800944.49000","MNTH","","","","3","","","","UFRO","USD","","","","","false","1","","","","","","","","","","FALSE","","","","","","","","","QZ3WVVQG5T8K","NA/CDS Corp Idx","CDX.NA.IG"
"3685943968000000201","3685942780000000401","CORR","","2026-06-15T19:23:08Z","","CR","","N","FALSE","2026-06-15T19:23:08Z","2026-03-20","2031-06-20","","FALSE","BILT","FALSE","FALSE","TRUE","50,000,000+","","USD","","","","","","","","","","","","","","","","","","","","","","","","","0.01","","","","","","","","","","","","false","","","","","","A004","","","","","","","","742271.17154","MNTH","","","","3","","","","UFRO","USD","","","","","false","1","","","","","","","","","","FALSE","","","","","","","","","QZ39BZSFH68L","NA/CDS Sov Idx","CDX.EM"
"3685998968000000201","","NEWT","TRAD","2026-06-15T19:53:08Z","","CR","","I","TRUE","2026-06-15T19:53:08Z","2026-06-16","2031-06-20","","FALSE","BBSF","FALSE","FALSE","","2,000,000","","USD","","","","","","","","","","","","","","","","","","","","","","","","","0.05","","","","","","0.0108349","","","","","","false","","","3","","","A004","","","","","","","","189509.72622","MNTH","","","","3","","","","UFRO","USD","","","","","false","0.99","","","","","","","","","","FALSE","","","","","","","","","QZHH8NT767RX","NA/CDS Corp Idx","CDX.NA.HY"
"3685974892000000101","","NEWT","TRAD","2026-06-15T19:43:13Z","FALSE","CR","","I","TRUE","2026-06-15T19:43:13Z","2026-06-15","2026-08-19","","","BILT","FALSE","FALSE","TRUE","400,000,000+","","USD","","","","","","","","","","","","","","","","","","","","","","","","2026-08-19","","","394,000","USD","","","0.0055","","","","0.0055","","false","","","3","","3","","","","","","","","","","","","","","","","","","","","","","","","false","1","","","","","","","","","","FALSE","","","","","","","","","QZ7WW76RFHN3","NA/CDS Idx Swt","NA/CDS Corp Idx"
"3670146233000000101","","NEWT","TRAD","2026-06-15T06:47:33Z","","CR","","I","TRUE","2026-06-15T06:47:33Z","2026-06-16","2031-06-20","","FALSE","BBSF","FALSE","FALSE","","100,000,000","","EUR","","","","","","","","","","","","","","","","","","","","","","","","","0.01","","","","","","0.005121","","","","","","false","","","3","","","A004","","","","","","","","2517705.69000","MNTH","","","","3","","","","UFRO","EUR","","","","","false","1","","","","","","","","","","FALSE","","","","","","","","","QZTQ4GTC5QMF","NA/CDS Corp Idx","ITRAXX EUROPE"
"3685954634000000201","","NEWT","TRAD","2026-06-15T19:30:24Z","","CR","","N","FALSE","2026-06-15T19:30:24Z","2026-06-16","2026-09-20","2026-09-20","FALSE","BILT","FALSE","FALSE","TRUE","130,000","","USD","","","","","","","","","","","","","","","","","","","","","","","","","","","","","","","","","","","","","false","","","","","","A004","","","","","","","","1154.63974","MNTH","","","","3","","","","UFRO","USD","","","","","false","1","","","","","","","","","","FALSE","","","","","","","","","QZ9206MF0QMZ","NA/CDS Corp Idx","IBOXX USD LIQUID IG"
"3686010256000000101","","NEWT","TRAD","2026-06-15T19:56:59Z","","CR","","I","TRUE","2026-06-15T19:56:59Z","2026-06-16","2031-06-20","","FALSE","BBSF","FALSE","FALSE","","5,000,000","","USD","","","","","","","","","","","","","","","","","","","","","","","","","0.05","","","","","","0.0108355","","","","","","false","","","3","","","A004","","","","","","","","474072.50000","MNTH","","","","3","","","","UFRO","USD","","","","","false","0.99","","","","","","","","","","FALSE","","","","","","","","","QZHH8NT767RX","NA/CDS Corp Idx","CDX.NA.HY"
"3686011357000000101","","NEWT","TRAD","2026-06-15T19:57:34Z","","CR","","I","TRUE","2026-06-15T19:57:34Z","2026-06-16","2031-06-20","","FALSE","BBSF","FALSE","FALSE","","23,000,000","","USD","","","","","","","","","","","","","","","","","","","","","","","","","0.01","","","","","","0.004996","","","","","","false","","","3","","","A004","","","","","","","","574785.42000","MNTH","","","","3","","","","UFRO","USD","","","","","false","1","","","","","","","","","","FALSE","","","","","","","","","QZ3WVVQG5T8K","NA/CDS Corp Idx","CDX.NA.IG"
"3686017658000000201","","NEWT","TRAD","2026-06-15T20:00:31Z","","CR","","I","TRUE","2026-06-15T20:00:31Z","2026-06-16","2031-06-20","","FALSE","BBSF","FALSE","FALSE","","61,000,000","","USD","","","","","","","","","","","","","","","","","","","","","","","","","0.01","","","","","","0.004989","","","","","","false","","","3","","","A004","","","","","","","","1526393.82000","MNTH","","","","3","","","","UFRO","USD","","","","","false","1","","","","","","","","","","FALSE","","","","","","","","","QZ3WVVQG5T8K","NA/CDS Corp Idx","CDX.NA.IG"
"3686068586000000101","","NEWT","TRAD","2026-06-15T20:03:04Z","","CR","","I","TRUE","2026-06-15T20:03:04Z","2026-06-16","2031-06-20","","FALSE","BBSF","FALSE","FALSE","","3,000,000","","USD","","","","","","","","","","","","","","","","","","","","","","","","","0.05","","","","","","0.01083677","","","","","","false","","","3","","","A004","","","","","","","","284821.04340","MNTH","","","","3","","","","UFRO","USD","","","","","false","0.99","","","","","","","","","","FALSE","","","","","","","","","QZHH8NT767RX","NA/CDS Corp Idx","CDX.NA.HY"
"3686315047000000201","","NEWT","TRAD","2026-06-15T20:21:02Z","","CR","","I","TRUE","2026-06-15T20:21:02Z","2026-06-16","2031-06-20","","FALSE","BBSF","FALSE","FALSE","","30,000,000","","USD","","","","","","","","","","","","","","","","","","","","","","","","","0.01","","","","","","0.004986509","","","","","","false","","","3","","","A004","","","","","","","","751029.03000","MNTH","","","","3","","","","UFRO","USD","","","","","false","1","","","","","","","","","","FALSE","","","","","","","","","QZ3WVVQG5T8K","NA/CDS Corp Idx","CDX.NA.IG"
"3686010394000000101","","NEWT","TRAD","2026-06-15T19:56:57Z","","CR","","N","FALSE","2026-06-15T19:56:57Z","2026-06-16","2026-12-20","2026-12-20","FALSE","BILT","FALSE","FALSE","TRUE","19,000,000","","USD","","","","","","","","","","","","","","","","","","","","","","","","","","","","","","","","","","","","","false","","","","","","A004","","","","","","","","168754.30711","MNTH","","","","3","","","","UFRO","USD","","","","","false","1","","","","","","","","","","FALSE","","","","","","","","","QZ5ND0SMQQL4","NA/Cr Sw Idx TRtn Corp Ph",""
"3686374314000000201","","NEWT","TRAD","2026-06-15T20:23:25Z","","CR","","I","FALSE","2026-06-15T20:23:25Z","2026-06-16","2031-06-20","","","TWSF","FALSE","FALSE","","25,000,000","","USD","","","","","","","","","","","","","","","","","","","","","","","","","0.05","","","","","","0.01083692","","","","","","false","","","3","","","A004","","","","","","","","2373886.30359","MNTH","","","","3","","","","UFRO","USD","","","","","false","0.99","","","","","","","","","","FALSE","","","","","","","","","QZHH8NT767RX","NA/CDS Corp Idx","CDX.NA.HY"
"3686048579000000101","","NEWT","TRAD","2026-06-15T20:00:41Z","","CR","","N","FALSE","2026-05-27T13:46:31Z","2024-09-20","2029-12-20","2029-12-20","FALSE","BILT","FALSE","FALSE","TRUE","400,000","","USD","","","","","","","","","","","","","","","","","","","","","","","","","0.05","","","","","","","","","","","","true","","","","","","A004","","","","","","","","","MNTH","","","","3","","","","","","","","","","false","1","","","","","","","","","","FALSE","","","","","","","","","QZXZSGW62G18","NA/CDS Corp Idx Tra","CDX.NA.HY"
"3686063370000000101","","NEWT","TRAD","2026-06-15T20:02:24Z","","CR","","N","FALSE","2026-06-15T20:02:24Z","2026-06-16","2026-09-20","2026-09-20","FALSE","BILT","FALSE","FALSE","TRUE","350,000,000","","USD","","","","","","","","","","","","","","","","","","","","","","","","","","","","","","","","","","","","","false","","","","","","A004","","","","","","","","3108636.94000","MNTH","","","","3","","","","UFRO","USD","","","","","false","1","","","","","","","","","","FALSE","","","","","","","","","QZ9206MF0QMZ","NA/CDS Corp Idx","IBOXX USD LIQUID IG"
"3686165371000000201","","NEWT","NOVA","2026-06-15T20:09:13Z","","CR","","N","FALSE","2026-06-15T19:35:29Z","2024-09-20","2029-12-20","","FALSE","BILT","FALSE","FALSE","TRUE","3,000,000","","USD","","","","","","","","","","","","","","","","","","","","","","","","","0.05","","","","","","","","","","","","false","","","","","","A004","","","","","","","","353167.13517","MNTH","","","","3","","","","UFRO","USD","USD","","","","true","0.98","","","","","","","","","","FALSE","","","","","","","","","QZCSGQZZML3P","NA/CDS Corp Idx Tra","CDX.NA.HY"
"3685173106000000301","3136167298000000201","TERM","ETRM","2026-06-15T18:32:11Z","","CR","","N","FALSE","2026-05-14T17:56:20Z","2026-05-15","2026-06-16","","FALSE","BILT","FALSE","FALSE","TRUE","400,000,000+","","USD","","","","","","","","","","","","","","","","","","","","","","","","","0.035","","","","","","","","","","","","false","","","","","","A006","","","","","","","","452645.42557","MNTH","","","","6","","","","UFRO","USD","USD","","","","false","","","","","","","","","","","FALSE","","","","","","","","","QZN77MBR8RXV","NA/CDS Corp SN","DTD 11/15/2025"
"3681376230000000101","","NEWT","TRAD","2026-06-15T14:38:56Z","","CR","","I","TRUE","2026-06-15T14:38:56Z","2026-06-16","2031-06-20","","FALSE","BBSF","FALSE","FALSE","","30,000,000","","USD","","","","","","","","","","","","","","","","","","","","","","","","","0.05","","","","","","0.01083675","","","","","","false","","","3","","","A004","","","","","","","","2848147.50000","MNTH","","","","3","","","","UFRO","USD","","","","","false","0.99","","","","","","","","","","FALSE","","","","","","","","","QZHH8NT767RX","NA/CDS Corp Idx","CDX.NA.HY"
"3683310680000000201","","NEWT","TRAD","2026-06-15T17:05:08Z","","CR","","I","TRUE","2026-06-15T17:05:08Z","2026-06-16","2030-12-20","","FALSE","BBSF","FALSE","TRUE","","76,000,000+","","USD","","","","","","","","","","","","","","","","","","","","","","","","","0.05","","","","","","0.01085","","","","","","false","","","3","","","A004","","","","","","","","7241111.10900","MNTH","","","","3","","","","UFRO","USD","","","","","false","0.98","","","","","","","","","","TRUE","","","","0.01085","","3","","","QZMD5JCHG48C","NA/CDS Corp Idx","CDX.NA.HY"
"3676533565000000101","3676332403000000101","MODI","TRAD","2026-06-15T08:57:55Z","TRUE","CR","","I","TRUE","2026-06-15T08:56:23Z","2026-03-20","2031-06-20","","","BILT","FALSE","FALSE","","10,000,000","","EUR","","","","","","","","","","","","","","","","","","","","","","","","","0.05","","","","","","","","","","","","false","","","","","","A004","","","","","","","","1205424.21000","MNTH","","","","3","","","","UFRO","EUR","","","","","false","1","","","","","","","","","","FALSE","","","","","","","","","QZ3HM9KVK2WL","NA/CDS Corp Idx","ITRAXX EUROPE CROSSOVER"
"3681180574000000201","","NEWT","TRAD","2026-06-15T13:58:50Z","","CR","","I","FALSE","2026-06-15T13:58:50Z","2026-06-16","2031-06-20","","","TWSF","FALSE","FALSE","","10,000,000","","USD","","","","","","","","","","","","","","","","","","","","","","","","","0.05","","","","","","0.01084088","","","","","","false","","","3","","","A004","","","","","","","","953471.20000","MNTH","","","","3","","","","UFRO","USD","","","","","false","0.99","","","","","","","","","","FALSE","","","","","","","","","QZHH8NT767RX","NA/CDS Corp Idx","CDX.NA.HY"
"3684671584000000101","","NEWT","TRAD","2026-06-15T17:26:32Z","","CR","","I","FALSE","2026-06-15T17:26:32Z","2026-06-16","2031-06-20","","","TWSF","FALSE","FALSE","","25,000,000","","USD","","","","","","","","","","","","","","","","","","","","","","","","","0.01","","","","","","0.00982975","","","","","","false","","","3","","","A004","","","","","","","","364513.89000","MNTH","","","","3","","","","UFRO","USD","","","","","false","1","","","","","","","","","","FALSE","","","","","","","","","QZ4JMQKL3P03","NA/CDS Corp Idx","CDX.EM"
"3684480951000000101","","NEWT","TRAD","2026-06-15T17:23:12Z","","CR","","I","TRUE","2026-06-15T17:23:12Z","2026-06-16","2031-06-20","","FALSE","BBSF","FALSE","FALSE","","400,000","","USD","","","","","","","","","","","","","","","","","","","","","","","","","0.01","","","","","","0.004968","","","","","","false","","","3","","","A004","","","","","","","","10047.76000","MNTH","","","","3","","","","UFRO","USD","","","","","false","1","","","","","","","","","","FALSE","","","","","","","","","QZ3WVVQG5T8K","NA/CDS Corp Idx","CDX.NA.IG"
"3681285217000000101","","NEWT","TRAD","2026-06-15T14:19:25Z","FALSE","CR","","N","FALSE","2026-06-15T14:19:25Z","2026-06-16","2026-09-16","","FALSE","BILT","FALSE","FALSE","TRUE","4,100,000,000","2,974,588","NGN","USD","","","","","","","","","","","","","","","","","","","","","","","","0","","","","","","","","","","","","false","","","","","","A008","","","A004","","DAIL","","1","","MNTH","","","EXPI","1","","","1","","","USD","","","","false","","","","","","","","","","","FALSE","","","","","","","","","QZ1W6CGJXF60","NA/CDS Corp SN","No name obtainable"
"3683610784000000301","","NEWT","TRAD","2026-06-15T17:08:22Z","","CR","","N","FALSE","2026-06-15T17:08:22Z","2026-06-15","2026-11-18","2031-06-20","FALSE","BILT","FALSE","FALSE","TRUE","400,000,000+","","USD","","","","","","","","","","","","","","","","","","","","","","","","2026-11-18","0.01","","680,000","USD","","","","","","","0.0065","","false","","","","","3","A004","","","","","","","","","MNTH","","","","3","","","","","","","","","","false","1","","","","","","","","","","FALSE","","","","","","","","","QZT4QS79CCTS","NA/CDS Idx Swt","NA/CDS Corp Idx"
"3683675746000000101","","NEWT","TRAD","2026-06-15T17:08:23Z","","CR","","N","FALSE","2026-06-15T17:08:23Z","2026-06-15","2026-09-16","2031-06-20","FALSE","BILT","FALSE","FALSE","TRUE","400,000,000+","","USD","","","","","","","","","","","","","","","","","","","","","","","","2026-09-16","0.01","","444,000","USD","","","","","","","0.006","","false","","","","","3","A004","","","","","","","","","MNTH","","","","3","","","","","","","","","","false","1","","","","","","","","","","FALSE","","","","","","","","","QZT4QS79CCTS","NA/CDS Idx Swt","NA/CDS Corp Idx"
"3681409497000000201","","NEWT","TRAD","2026-06-15T14:46:15Z","","CR","","I","TRUE","2026-06-15T14:46:15Z","2026-06-16","2030-12-20","","","TWSF","FALSE","FALSE","","1,000,000","","USD","","","","","","","","","","","","","","","","","","","","","","","","","0.01","","","","","","0.00457625","","","","","","false","","","3","","","A004","","","","","","","","24739.64847","MNTH","","","","3","","","","UFRO","USD","","","","","false","1","","","","","","","","","","FALSE","","","","","","","","","QZN3HTTN5303","NA/CDS Corp Idx","CDX.NA.IG"
"3685202774000000301","","NEWT","TRAD","2026-06-15T18:45:04Z","","CR","","I","TRUE","2026-06-15T18:45:04Z","2026-06-16","2031-06-20","","","TWSF","FALSE","FALSE","","37,000,000","","USD","","","","","","","","","","","","","","","","","","","","","","","","","0.01","","","","","","0.00498481","","","","","","false","","","3","","","A004","","","","","","","","926561.29776","MNTH","","","","3","","","","UFRO","USD","","","","","false","1","","","","","","","","","","FALSE","","","","","","","","","QZ3WVVQG5T8K","NA/CDS Corp Idx","CDX.NA.IG"
"3685293628000000201","","NEWT","TRAD","2026-06-15T18:58:45Z","","CR","","I","TRUE","2026-06-15T18:58:45Z","2026-06-16","2031-06-20","","FALSE","BBSF","FALSE","FALSE","","25,000,000","","USD","","","","","","","","","","","","","","","","","","","","","","","","","0.01","","","","","","0.004981","","","","","","false","","","3","","","A004","","","","","","","","626490.70000","MNTH","","","","3","","","","UFRO","USD","","","","","false","1","","","","","","","","","","FALSE","","","","","","","","","QZ3WVVQG5T8K","NA/CDS Corp Idx","CDX.NA.IG"
"3681310528000000101","","NEWT","TRAD","2026-06-15T14:25:42Z","","CR","","I","TRUE","2026-06-15T14:25:42Z","2026-06-16","2031-06-20","","","TWSF","FALSE","TRUE","","164,216,996+","","EUR","","","","","","","","","","","","","","","","","","","","","","","","","0.01","","","","","","0.005136","","","","","","false","","","3","","","A004","","","","","","","","4122807.50753","MNTH","","","","3","","","","UFRO","EUR","","","","","false","1","","","","","","","","","","FALSE","","","","","","","","","QZTQ4GTC5QMF","NA/CDS Corp Idx","ITRAXX EUROPE"
"3685174496000000101","3685017661000000501","CORR","","2026-06-15T18:32:21Z","","CR","","N","FALSE","2026-06-15T17:58:29Z","2026-06-15","2026-06-17","2031-06-20","FALSE","BILT","FALSE","FALSE","TRUE","18,000,000","","USD","","","","","","","","","","","","","","","","","","","","","","","","2026-06-17","0.05","","450.0018","USD","","","","","","","0.01045","","false","","","","","3","A004","","","","","","","","","MNTH","","","","3","","","","","","","","","","false","1","","","","","","","","","","FALSE","","","","","","","","","QZHRHKT5ZH3K","NA/CDS Idx Swt","NA/CDS Corp Idx"
"3685411739000000101","3685380953000000201","MODI","TRAD","2026-06-15T19:04:47Z","TRUE","CR","","I","TRUE","2026-06-15T19:04:13Z","2026-03-20","2031-06-20","","FALSE","TPSE","FALSE","FALSE","","50,000,000","","USD","","","","","","","","","","","","","","","","","","","","","","","","","0.01","","","","","","0.00498","","","","","","false","","","3","","","A004","","","","","","","","","MNTH","","","","3","","","","","","USD","","","","false","1","","","","","","","OTHR","","","FALSE","","","","","","","","","QZ3WVVQG5T8K","NA/CDS Corp Idx","CDX.NA.IG"
"3670981395000000101","","NEWT","TRAD","2026-06-15T07:14:56Z","","CR","","I","TRUE","2026-06-15T07:14:56Z","2026-06-16","2031-06-20","","FALSE","BBSF","FALSE","TRUE","","164,216,996+","","EUR","","","","","","","","","","","","","","","","","","","","","","","","","0.01","","","","","","0.0051139","","","","","","false","","","3","","","A004","","","","","","","","4140016.79028","MNTH","","","","3","","","","UFRO","EUR","","","","","false","1","","","","","","","","","","FALSE","","","","","","","","","QZTQ4GTC5QMF","NA/CDS Corp Idx","ITRAXX EUROPE"
"3685411726000000101","","NEWT","TRAD","2026-06-15T18:47:51Z","","CR","","N","FALSE","2026-06-15T18:47:51Z","2026-06-15","2026-12-20","","FALSE","BILT","FALSE","FALSE","TRUE","220,000,000","","USD","","","","","","","","","","","","","","","","","","","","","","","","","","","","","","","0","","","","","","false","","","3","","","","","A004","","MNTH","","3","","1953985.54447","","MNTH","","","","3","","","UFRO","USD","USD","","","","false","","","","","","","","","","","FALSE","","","","","","","","","QZSHBTP6HWM4","NA/CDS Corp SN","IBOXX USD LIQUID HY LEGACY INDEX TR"
"3685926234000000101","","NEWT","TRAD","2026-06-15T19:16:35Z","","CR","","I","TRUE","2026-06-15T19:16:35Z","2026-06-16","2031-06-20","","FALSE","BBSF","FALSE","FALSE","","26,000,000","","USD","","","","","","","","","","","","","","","","","","","","","","","","","0.05","","","","","","0.01083823","","","","","","false","","","3","","","A004","","","","","","","","2472207.54113","MNTH","","","","3","","","","UFRO","USD","","","","","false","0.99","","","","","","","","","","FALSE","","","","","","","","","QZHH8NT767RX","NA/CDS Corp Idx","CDX.NA.HY"
"3685240597000000101","","NEWT","TRAD","2026-06-15T18:52:50Z","","CR","","N","FALSE","2026-06-15T18:52:50Z","2024-09-20","2029-12-20","","FALSE","BILT","FALSE","FALSE","TRUE","35,000,000","","USD","","","","","","","","","","","","","","","","","","","","","","","","","0.05","","","","","","","","","","","","false","","","","","","A004","","","","","","","","4120277.78000","MNTH","","","","3","","","","UFRO","USD","USD","","","","true","0.98","","","","","","","","","","FALSE","","","","","","","","","QZCSGQZZML3P","NA/CDS Corp Idx Tra","CDX.NA.HY"
"3685945668000000101","","NEWT","TRAD","2026-06-15T19:24:39Z","","CR","","I","TRUE","2026-06-15T19:24:39Z","2026-06-16","2031-06-20","","FALSE","BBSF","FALSE","FALSE","","6,000,000","","USD","","","","","","","","","","","","","","","","","","","","","","","","","0.01","","","","","","0.004977","","","","","","false","","","3","","","A004","","","","","","","","150468.11000","MNTH","","","","3","","","","UFRO","USD","","","","","false","1","","","","","","","","","","FALSE","","","","","","","","","QZ3WVVQG5T8K","NA/CDS Corp Idx","CDX.NA.IG"
"3685933969000000201","3685903514000000101","EROR","","2026-06-15T19:13:40Z","","CR","","","","2026-06-15T19:10:11Z","2026-06-15","2026-09-16","","","","","","FALSE","","","","","","","","","","","","","","","","","","","","","","","","","","","","0.01","","","","","","","","","","","","","","","","","","","","","","","","","","","","","","","","","","","","","","","","","","","","","","","","","","","","","","","","","","","","","QZT4QS79CCTS","NA/CDS Idx Swt","NA/CDS Corp Idx"
"3670694607000000201","1895742064000000601","CORR","","2026-06-15T07:06:58Z","","CR","","N","FALSE","2023-11-06T06:09:04Z","2023-11-07","2028-12-20","","TRUE","BILT","FALSE","FALSE","TRUE","5,000,000","","USD","","","","","","","","","","","","","","","","","","","","","","","","","0.01","","","","","","","","","","","","false","","","","","","A004","","","","","","","","41756.00000","MNTH","","","","3","","","","UFRO","USD","","","","","false","1","","","","","","","","","","FALSE","","","","","","","","","QZ4S4ST6JC4Z","NA/CDS Corp Idx","ITRAXX ASIA EX-JAPAN IG"
"3675309498000000101","","NEWT","TRAD","2026-06-15T08:35:39Z","","CR","","N","FALSE","2026-06-15T08:35:39Z","2026-06-17","2026-09-15","","FALSE","BILT","FALSE","FALSE","TRUE","390,000,000","","EGP","","","","","","","","","","","","","","","","","","","","","","","","","0","","","","","","0.007","","","","","","false","","","3","","3","A005","","","","","","","","","DAIL","","","","1","","","","","","USD","USD","","","false","","","","","","","","","","","FALSE","","","","","","","","","QZ8L2ZPSHS69","NA/CDS Corp SN","No name obtainable"
"3671952171000000101","","NEWT","TRAD","2026-06-15T07:38:38Z","","CR","","I","TRUE","2026-06-15T07:38:38Z","2026-06-16","2030-12-20","","","TWSF","FALSE","FALSE","","5,000","","EUR","","","","","","","","","","","","","","","","","","","","","","","","","0.01","","","","","","0.00462","","","","","","false","","","3","","","A004","","","","","","","","126.28000","MNTH","","","","3","","","","UFRO","EUR","","","","","false","1","","","","","","","","","","FALSE","","","","","","","","","QZFB31MBHLT9","NA/CDS Corp Idx","ITRAXX EUROPE"
"3680957110000000301","","NEWT","TRAD","2026-06-15T13:25:03Z","","CR","","I","TRUE","2026-06-15T13:25:03Z","2026-06-16","2031-06-20","","","TWSF","FALSE","FALSE","","10,000,000","","USD","","","","","","","","","","","","","","","","","","","","","","","","","0.05","","","","","","0.01084","","","","","","false","","","3","","","A004","","","","","","","","952600.00000","MNTH","","","","3","","","","UFRO","USD","","","","","false","0.99","","","","","","","","","","FALSE","","","","","","","","","QZHH8NT767RX","NA/CDS Corp Idx","CDX.NA.HY"
"3686794771000000101","","NEWT","TRAD","2026-06-15T20:40:09Z","FALSE","CR","","I","TRUE","2026-06-15T20:40:09Z","2026-06-15","2026-09-16","","","BILT","FALSE","FALSE","TRUE","250,000,000","","USD","","","","","","","","","","","","","","","","","","","","","","","","2026-09-16","","","387,500","USD","","","0.0055","","","","0.0055","","false","","","3","","3","","","","","","","","","","","","","","","","","","","","","","","","false","1","","","","","","","","","","FALSE","","","","","","","","","QZ7WW76RFHN3","NA/CDS Idx Swt","NA/CDS Corp Idx"
"3686621897000000101","","NEWT","TRAD","2026-06-15T20:26:11Z","","CR","","N","FALSE","2026-06-15T20:26:11Z","2026-03-20","2031-06-20","","FALSE","BILT","FALSE","FALSE","TRUE","6,000,000,000","","JPY","","","","","","","","","","","","","","","","","","","","","","","","","0.01","","","","","","","","","","","","false","","","","","","A004","","","","","","","","","MNTH","","","","3","","","","","","JPY","","","","true","","","","","","","","","","","FALSE","","","","","","","","","QZ2989D7H87S","NA/CDS Corp Basket","Basket"
"3687410088000000201","3685215004000000201","TERM","ETRM","2026-06-15T21:06:40Z","","CR","","N","","2026-06-15T18:49:17Z","2026-06-16","2026-06-20","","FALSE","BILT","FALSE","","FALSE","25,000,000","25,000,000","USD","USD","","","","","","","","","","","","","","","","","","","","","","","","0","","","","","","","","","","","","false","","","","","","","","","","","DAIL","","1","222044.71000","","","MNTH","","","","3","","UFRO","USD","USD","USD","","","false","1","","","","","","","","","","FALSE","","","","","","","","","QZWXPJXW9QF5","NA/CDS Corp Idx","IBOXX USD LIQUID LEVERAGED LOANS INDEX"
"3687351821000000101","","NEWT","TRAD","2026-06-15T20:59:35Z","","CR","","N","FALSE","2026-06-15T17:04:47Z","2026-06-15","2026-08-19","2031-06-20","FALSE","BILT","FALSE","FALSE","TRUE","400,000,000+","","USD","","","","","","","","","","","","","","","","","","","","","","","","2026-08-19","0.01","","166,400","USD","","","","","","","0.00475","","false","","","","","3","A004","","","","","","","","","MNTH","","","","3","","","","","","","","","","false","1","","","","","","","","","","FALSE","","","","","","","","","QZ7WW76RFHN3","NA/CDS Idx Swt","NA/CDS Corp Idx"
"3679346520000000101","","NEWT","TRAD","2026-06-15T10:26:28Z","","CR","","I","TRUE","2026-06-15T10:26:28Z","2026-06-16","2031-06-20","","FALSE","BBSF","FALSE","FALSE","","15,000,000","","EUR","","","","","","","","","","","","","","","","","","","","","","","","","0.01","","","","","","0.0051106","","","","","","false","","","3","","","A004","","","","","","","","378397.27000","MNTH","","","","3","","","","UFRO","EUR","","","","","false","1","","","","","","","","","","FALSE","","","","","","","","","QZTQ4GTC5QMF","NA/CDS Corp Idx","ITRAXX EUROPE"
"3677754725000000101","","NEWT","TRAD","2026-06-15T09:25:35Z","FALSE","CR","","N","FALSE","2026-06-15T09:25:35Z","2026-06-15","2027-08-13","","FALSE","BILT","FALSE","FALSE","TRUE","167,742,738","4,000,000","EGP","USD","","","","","","","","","","","","","","","","","","","","","","","","0.25318","","","","","","","","","","","","false","","","","","","A008","","","A004","","DAIL","","1","","YEAR","","","MNTH","3","","","3","","","USD","","","","false","","","","","","","","","","","FALSE","","","","","","","","","QZZ5BFGPTZ0B","NA/CDS Corp SN","No name obtainable"
"3679013165000000101","","NEWT","TRAD","2026-06-15T10:03:22Z","","CR","","I","TRUE","2026-06-15T10:03:22Z","2026-03-20","2031-06-20","","FALSE","BGCD","FALSE","FALSE","","90,000,000","","EUR","","","","","","","","","","","","","","","","","","","","","","","","","","","","","","","0.005125","","","","","","false","","","3","","","A004","","","","","","","","","MNTH","","","","3","","","","","","","","","","false","1","","","","","","","","","","TRUE","","","","0.001775","","3","","","QZTQ4GTC5QMF","NA/CDS Corp Idx","ITRAXX EUROPE"
"3678979829000000201","","NEWT","TRAD","2026-06-15T10:01:30Z","","CR","","I","TRUE","2026-06-15T10:01:30Z","2026-06-16","2031-06-20","","FALSE","BBSF","FALSE","TRUE","","35,000,000","","EUR","","","","","","","","","","","","","","","","","","","","","","","","","0.05","","","","","","0.024811","","","","","","false","","","3","","","A004","","","","","","","","4221304.57000","MNTH","","","","3","","","","UFRO","EUR","","","","","false","1","","","","","","","","","","FALSE","","","","","","","","","QZ3HM9KVK2WL","NA/CDS Corp Idx","ITRAXX EUROPE CROSSOVER"
"3679189881000000201","","NEWT","TRAD","2026-06-15T10:15:28Z","","CR","","I","TRUE","2026-06-15T10:15:28Z","2026-06-16","2031-06-20","","FALSE","BBSF","FALSE","FALSE","","3,000,000","","EUR","","","","","","","","","","","","","","","","","","","","","","","","","0.01","","","","","","0.00511","","","","","","false","","","3","","","A004","","","","","","","","75688.01000","MNTH","","","","3","","","","UFRO","EUR","","","","","false","1","","","","","","","","","","FALSE","","","","","","","","","QZTQ4GTC5QMF","NA/CDS Corp Idx","ITRAXX EUROPE"
"3681069151000000101","","NEWT","TRAD","2026-06-15T13:35:29Z","","CR","","I","FALSE","2026-06-15T13:35:29Z","2026-06-16","2031-06-20","","FALSE","BBSF","FALSE","FALSE","","25,000,000","","EUR","","","","","","","","","","","","","","","","","","","","","","","","","0.01","","","","","","0.00872","","","","","","false","","","3","","","A004","","","","","","","","209344.15000","MNTH","","","","3","","","","UFRO","EUR","","","","","false","1","","","","","","","","","","FALSE","","","","","","","","","QZ5GD86QBKCC","NA/CDS Corp Idx","ITRAXX EUROPE SUB FINANCIALS"
"3680944411000000201","","NEWT","TRAD","2026-06-15T13:23:21Z","","CR","","I","TRUE","2026-06-15T13:23:21Z","2026-06-16","2031-06-20","","FALSE","BBSF","FALSE","FALSE","","3,000,000","","USD","","","","","","","","","","","","","","","","","","","","","","","","","0.05","","","","","","0.01083913","","","","","","false","","","3","","","A004","","","","","","","","285521.61000","MNTH","","","","3","","","","UFRO","USD","","","","","false","0.99","","","","","","","","","","FALSE","","","","","","","","","QZHH8NT767RX","NA/CDS Corp Idx","CDX.NA.HY"
"3680944413000000401","","NEWT","TRAD","2026-06-15T13:23:27Z","","CR","","I","TRUE","2026-06-15T13:23:27Z","2026-06-16","2031-06-20","","FALSE","BBSF","FALSE","FALSE","","5,000,000","","EUR","","","","","","","","","","","","","","","","","","","","","","","","","0.05","","","","","","0.024825","","","","","","false","","","3","","","A004","","","","","","","","602712.11000","MNTH","","","","3","","","","UFRO","EUR","","","","","false","1","","","","","","","","","","FALSE","","","","","","","","","QZ3HM9KVK2WL","NA/CDS Corp Idx","ITRAXX EUROPE CROSSOVER"
"3676171325000000101","","NEWT","TRAD","2026-06-15T08:52:51Z","","CR","","I","FALSE","2026-06-15T08:52:51Z","2026-03-20","2031-06-20","","","TSCD","FALSE","FALSE","TRUE","10,000,000","","EUR","","","","","","","","","","","","","","","","","","","","","","","","","0.01","","","","","","","","","","","","false","","","","","","A004","","","","","","","","83505.14000","MNTH","","","","3","","","","UFRO","EUR","","","","","false","1","","","","","","","","","","FALSE","","","","","","","","","QZ5GD86QBKCC","NA/CDS Corp Idx","ITRAXX EUROPE SUB FINANCIALS"
"3680980219000000101","","NEWT","TRAD","2026-06-15T13:27:13Z","","CR","","I","TRUE","2026-06-15T13:27:13Z","2026-06-16","2031-06-20","","","TWSF","FALSE","FALSE","","15,000,000","","USD","","","","","","","","","","","","","","","","","","","","","","","","","0.05","","","","","","0.0108405","","","","","","false","","","3","","","A004","","","","","","","","1429642.50000","MNTH","","","","3","","","","UFRO","USD","","","","","false","0.99","","","","","","","","","","FALSE","","","","","","","","","QZHH8NT767RX","NA/CDS Corp Idx","CDX.NA.HY"
"3681016535000000901","","NEWT","TRAD","2026-06-12T19:24:40Z","","CR","","N","FALSE","2026-06-12T19:24:40Z","2026-06-13","2027-03-20","","FALSE","BILT","FALSE","FALSE","TRUE","50,000,000","50,000,000","USD","USD","","","","","","","","","","","","","","","","","","","","","","","","0","","","","","","","","","","","","false","","","","","","A004","","","A004","","DAIL","","1","428953.64000","EXPI","","","MNTH","1","","","3","UFRO","USD","USD","USD","","","false","1","","","","","","","","","","FALSE","","","","","","","","","QZWWW5848GFS","NA/CDS Corp Idx","IBOXX USD LIQUID HIGH YIELD INDEX"
"3681021689000000101","","NEWT","TRAD","2026-06-12T19:24:09Z","","CR","","N","FALSE","2026-06-12T19:24:09Z","2026-06-13","2026-06-20","","FALSE","BILT","FALSE","FALSE","TRUE","50,000,000","50,000,000","USD","USD","","","","","","","","","","","","","","","","","","","","","","","","0","","","","","","","","","","","","false","","","","","","A004","","","A004","","DAIL","","1","428953.64000","EXPI","","","MNTH","1","","","3","UFRO","USD","USD","USD","","","false","1","","","","","","","","","","FALSE","","","","","","","","","QZRSGNXND8C4","NA/CDS Corp Idx","IBOXX USD LIQUID HIGH YIELD INDEX"
"3681028997000000101","","NEWT","TRAD","2026-06-15T13:32:33Z","","CR","","I","TRUE","2026-06-15T13:32:33Z","2026-06-16","2031-06-20","","FALSE","BBSF","FALSE","FALSE","","1,000,000","","USD","","","","","","","","","","","","","","","","","","","","","","","","","0.01","","","","","","0.00497225","","","","","","false","","","3","","","A004","","","","","","","","25099.82875","MNTH","","","","3","","","","UFRO","USD","","","","","false","1","","","","","","","","","","FALSE","","","","","","","","","QZ3WVVQG5T8K","NA/CDS Corp Idx","CDX.NA.IG"
"3681063379000000101","","NEWT","TRAD","2026-06-15T13:34:57Z","","CR","","I","TRUE","2026-06-15T13:34:57Z","2026-06-16","2031-06-20","","FALSE","BBSF","FALSE","FALSE","","5,000,000","","USD","","","","","","","","","","","","","","","","","","","","","","","","","0.01","","","","","","0.00497607","","","","","","false","","","3","","","A004","","","","","","","","125411.47000","MNTH","","","","3","","","","UFRO","USD","","","","","false","1","","","","","","","","","","FALSE","","","","","","","","","QZ3WVVQG5T8K","NA/CDS Corp Idx","CDX.NA.IG"
"3669857139000000101","","NEWT","TRAD","2026-06-15T06:37:53Z","","CR","","I","TRUE","2026-06-15T06:37:49Z","2026-03-20","2031-06-20","","FALSE","BMTF","FALSE","FALSE","FALSE","50,000,000","","EUR","","","","","","","","","","","","","","","","","","","","","","","","","0.01","","","","","","","","","","","","false","","","","","","A004","","","","","","","","","MNTH","","","","3","","","","","","EUR","","","","false","1","","","","","","","","","","FALSE","","","","","","","","","QZTQ4GTC5QMF","NA/CDS Corp Idx","ITRAXX EUROPE"
"3670323575000000201","","NEWT","TRAD","2026-06-15T06:54:28Z","","CR","","I","TRUE","2026-06-15T06:54:28Z","2026-06-16","2031-06-20","","FALSE","BBSF","FALSE","TRUE","","46,672,199+","","EUR","","","","","","","","","","","","","","","","","","","","","","","","","0.05","","","","","","0.02485","","","","","","false","","","3","","","A004","","","","","","","","5620432.67109","MNTH","","","","3","","","","UFRO","EUR","","","","","false","1","","","","","","","","","","TRUE","","","","0.003334","","3","","","QZ3HM9KVK2WL","NA/CDS Corp Idx","ITRAXX EUROPE CROSSOVER"
"3670482712000000101","","NEWT","TRAD","2026-06-15T06:59:54Z","","CR","","I","TRUE","2026-06-15T06:59:54Z","2026-06-16","2031-06-20","","FALSE","BBSF","FALSE","TRUE","","164,216,996+","","EUR","","","","","","","","","","","","","","","","","","","","","","","","","0.01","","","","","","0.00512","","","","","","false","","","3","","","A004","","","","","","","","4135293.78514","MNTH","","","","3","","","","UFRO","EUR","","","","","false","1","","","","","","","","","","FALSE","","","","","","","","","QZTQ4GTC5QMF","NA/CDS Corp Idx","ITRAXX EUROPE"
"3671161275000000301","","NEWT","TRAD","2026-06-15T07:17:40Z","","CR","","I","TRUE","2026-06-15T07:17:40Z","2026-06-16","2031-06-20","","","TWSF","FALSE","FALSE","","18,000,000","","EUR","","","","","","","","","","","","","","","","","","","","","","","","","0.01","","","","","","0.00515035","","","","","","false","","","3","","","A004","","","","","","","","450676.60000","MNTH","","","","3","","","","UFRO","EUR","","","","","false","1","","","","","","","","","","TRUE","","","","0.0249","","3","","","QZTQ4GTC5QMF","NA/CDS Corp Idx","ITRAXX EUROPE"
"3683770190000000101","3629183981000000201","CORR","","2026-06-11T15:52:26Z","","CR","","N","FALSE","2026-06-11T15:39:05Z","2026-03-20","2026-06-17","2031-06-20","FALSE","BILT","FALSE","FALSE","TRUE","140,000,000","","USD","","","","","","","","","","","","","","","","","","","","","","","","2026-06-17","0.01","","203,000","USD","","","","","","","0.0055","","false","","","","","3","A004","","","","","","","","","MNTH","","","","3","","","","","","","","","","false","1","","","","","","","","","","FALSE","","","","","","","","","QZT4QS79CCTS","NA/CDS Idx Swt","NA/CDS Corp Idx"
"3683740058000000201","3605848406000000101","EROR","","2026-06-11T14:44:50Z","","CR","","N","FALSE","2026-06-10T14:46:15Z","2026-03-20","2026-08-19","2031-06-20","FALSE","BILT","FALSE","FALSE","TRUE","180,000,000","","USD","","","","","","","","","","","","","","","","","","","","","","","","2026-08-19","0.05","","383,130","USD","","","","","","","102","USD","false","","","","","1","A004","","","","","","","","","MNTH","","","","3","","","","","","","","","","false","1","","","","","","","","","","FALSE","","","","","","","","","QZVK9BCP48T0","NA/CDS Idx Swt","NA/CDS Corp Idx"
"3680031647000000201","","NEWT","TRAD","2026-06-15T11:46:22Z","","CR","","I","TRUE","2026-06-15T11:46:22Z","2026-06-16","2031-06-20","","FALSE","BBSF","FALSE","FALSE","","20,000,000","","USD","","","","","","","","","","","","","","","","","","","","","","","","","0.05","","","","","","0.01083925","","","","","","false","","","3","","","A004","","","","","","","","1903715.00000","MNTH","","","","3","","","","UFRO","USD","","","","","false","0.99","","","","","","","","","","FALSE","","","","","","","","","QZHH8NT767RX","NA/CDS Corp Idx","CDX.NA.HY"
"3681371976000000301","","NEWT","TRAD","2026-06-15T14:37:28Z","","CR","","I","TRUE","2026-06-15T14:37:28Z","2026-06-16","2031-06-20","","FALSE","BBSF","FALSE","FALSE","","50,000,000","","EUR","","","","","","","","","","","","","","","","","","","","","","","","","0.01","","","","","","0.005131","","","","","","false","","","3","","","A004","","","","","","","","1256476.71000","MNTH","","","","3","","","","UFRO","EUR","","","","","false","1","","","","","","","","","","FALSE","","","","","","","","","QZTQ4GTC5QMF","NA/CDS Corp Idx","ITRAXX EUROPE"
"3681357022000000101","","NEWT","TRAD","2026-06-15T14:34:00Z","","CR","","I","TRUE","2026-06-15T14:34:00Z","2026-06-16","2031-06-20","","FALSE","BBSF","FALSE","FALSE","","60,000,000","","EUR","","","","","","","","","","","","","","","","","","","","","","","","","0.01","","","","","","0.0051355","","","","","","false","","","3","","","A004","","","","","","","","1506489.02000","MNTH","","","","3","","","","UFRO","EUR","","","","","false","1","","","","","","","","","","FALSE","","","","","","","","","QZTQ4GTC5QMF","NA/CDS Corp Idx","ITRAXX EUROPE"
"3681624263000000401","","NEWT","TRAD","2026-06-15T15:31:27Z","","CR","","I","FALSE","2026-06-15T15:31:27Z","2026-06-16","2031-06-20","","","TWSF","FALSE","FALSE","","1,000,000","","EUR","","","","","","","","","","","","","","","","","","","","","","","","","0.01","","","","","","0.005134","","","","","","false","","","3","","","A004","","","","","","","","25115.28000","MNTH","","","","3","","","","UFRO","EUR","","","","","false","1","","","","","","","","","","FALSE","","","","","","","","","QZTQ4GTC5QMF","NA/CDS Corp Idx","ITRAXX EUROPE"
"3688141527000000101","","NEWT","TRAD","2026-06-15T17:57:09Z","","CR","","N","FALSE","2026-06-15T17:57:09Z","2026-06-15","2026-06-17","2031-06-20","FALSE","BILT","FALSE","FALSE","TRUE","17,000,000","","USD","","","","","","","","","","","","","","","","","","","","","","","","2026-06-17","0.05","","9,519.96192","USD","","","","","","","0.01075","","false","","","","","3","A004","","","","","","","","","MNTH","","","","3","","","","","","","","","","false","1","","","","","","","","","","FALSE","","","","","","","","","QZ8V3P8GM5FP","NA/CDS Idx Swt","NA/CDS Corp Idx"
"3688135042000000101","","NEWT","TRAD","2026-06-15T17:57:34Z","","CR","","N","FALSE","2026-06-15T17:57:34Z","2026-06-15","2026-06-17","2031-06-20","FALSE","BILT","FALSE","FALSE","TRUE","17,000,000","","USD","","","","","","","","","","","","","","","","","","","","","","","","2026-06-17","0.05","","169.99932","USD","","","","","","","0.01045","","false","","","","","3","A004","","","","","","","","","MNTH","","","","3","","","","","","","","","","false","1","","","","","","","","","","FALSE","","","","","","","","","QZHRHKT5ZH3K","NA/CDS Idx Swt","NA/CDS Corp Idx"
"3687518469000000101","3681294468000000501","TERM","ETRM","2026-06-15T21:34:20Z","","CR","","N","","2026-06-15T14:22:22Z","2026-06-15","2058-12-17","","FALSE","BILT","FALSE","","FALSE","15,000,000","","USD","","","","","","","","","","","","","","","","","","","","","","","","","0.03","","","","","","","","","","","","false","","","","","","","","","","","","","","1061250.00000","","","","","","","","","UFRO","USD","USD","","","","false","1","","","","","","","","","","FALSE","","","","","","","","","QZ5PSNZ23199","NA/CDS Corp Idx","CMBX.NA.BBB-"
"3687615036000000101","","NEWT","TRAD","2026-06-15T15:43:32Z","FALSE","CR","","N","FALSE","2026-06-15T15:43:32Z","2025-10-31","2065-04-17","","FALSE","BILT","FALSE","FALSE","FALSE","40,000","","USD","","","","","","","","","","","","","","","","","","","","","","","","","0.03","","","","","","","","","","","","false","","","","","","A004","","","","","","","","","MNTH","","","","1","","","","","","","","","","false","1","","","","","","","","","","FALSE","","","","","","","","","QZRH7M928VJ1","NA/CDS Corp Idx","CMBX.NA.BBB-"
"3680101277000000101","","NEWT","TRAD","2026-06-15T11:57:12Z","","CR","","I","FALSE","2026-06-15T11:57:12Z","2026-06-16","2031-06-20","","","TWSF","FALSE","FALSE","","4,000,000","","USD","","","","","","","","","","","","","","","","","","","","","","","","","0.01","","","","","","0.0098255","","","","","","false","","","3","","","A004","","","","","","","","60022.32276","MNTH","","","","3","","","","UFRO","USD","","","","","false","1","","","","","","","","","","FALSE","","","","","","","","","QZ4JMQKL3P03","NA/CDS Corp Idx","CDX.EM"
"3680265770000000101","","NEWT","TRAD","2026-06-15T12:20:15Z","","CR","","I","FALSE","2026-06-15T12:20:15Z","2026-06-16","2031-06-20","","FALSE","BBSF","FALSE","FALSE","","25,000,000","","USD","","","","","","","","","","","","","","","","","","","","","","","","","0.01","","","","","","0.0098261","","","","","","false","","","3","","","A004","","","","","","","","373638.89000","MNTH","","","","3","","","","UFRO","USD","","","","","false","1","","","","","","","","","","FALSE","","","","","","","","","QZ4JMQKL3P03","NA/CDS Corp Idx","CDX.EM"
"3680171367000000101","","NEWT","TRAD","2026-06-15T12:07:07Z","","CR","","I","FALSE","2026-06-15T12:07:07Z","2026-06-16","2029-06-20","","FALSE","BBSF","FALSE","TRUE","","345,719,991+","","EUR","","","","","","","","","","","","","","","","","","","","","","","","","0.01","","","","","","0.0027147","","","","","","false","","","3","","","A004","","","","","","","","8189859.49880","MNTH","","","","3","","","","UFRO","EUR","","","","","false","1","","","","","","","","","","TRUE","","","","0.002379","","3","","","QZZJPQHTHRC0","NA/CDS Corp Idx","ITRAXX EUROPE"
"3680122014000000201","","NEWT","TRAD","2026-06-15T12:01:03Z","","CR","","I","TRUE","2026-06-15T12:01:03Z","2026-06-16","2031-06-20","","FALSE","BBSF","FALSE","FALSE","","10,000,000","","USD","","","","","","","","","","","","","","","","","","","","","","","","","0.05","","","","","","0.01084077","","","","","","false","","","3","","","A004","","","","","","","","953362.30000","MNTH","","","","3","","","","UFRO","USD","","","","","false","0.99","","","","","","","","","","FALSE","","","","","","","","","QZHH8NT767RX","NA/CDS Corp Idx","CDX.NA.HY"
"3680122013000000101","","NEWT","TRAD","2026-06-15T12:00:33Z","","CR","","I","TRUE","2026-06-15T12:00:33Z","2026-06-16","2030-12-20","","","TWSF","FALSE","FALSE","","340,000","","USD","","","","","","","","","","","","","","","","","","","","","","","","","0.05","","","","","","0.01084905","","","","","","false","","","3","","","A004","","","","","","","","32362.94097","MNTH","","","","3","","","","UFRO","USD","","","","","false","0.98","","","","","","","","","","FALSE","","","","","","","","","QZMD5JCHG48C","NA/CDS Corp Idx","CDX.NA.HY"
"3681338785000000301","3628966568000000201","TERM","ETRM","2026-06-15T14:31:37Z","","CR","","N","","2026-06-11T15:21:17Z","2026-06-11","2057-12-17","","FALSE","BILT","FALSE","","FALSE","5,000,000","","USD","","","","","","","","","","","","","","","","","","","","","","","","","0.03","","","","","","","","","","","","false","","","","","","","","","","","","","","439791.67000","","","","","","","","","UFRO","USD","USD","","","","false","1","","","","","","","","","","FALSE","","","","","","","","","QZJRXK09Z9CF","NA/CDS Corp Idx","CMBX.NA.BBB-"
"3680022673000000101","","NEWT","TRAD","2026-06-15T11:45:10Z","","CR","","I","TRUE","2026-06-15T11:45:10Z","2026-06-16","2031-06-20","","FALSE","BBSF","FALSE","FALSE","","20,000,000","","USD","","","","","","","","","","","","","","","","","","","","","","","","","0.05","","","","","","0.01084048","","","","","","false","","","3","","","A004","","","","","","","","1906150.40000","MNTH","","","","3","","","","UFRO","USD","","","","","false","0.99","","","","","","","","","","FALSE","","","","","","","","","QZHH8NT767RX","NA/CDS Corp Idx","CDX.NA.HY"
"3680043387000000101","","NEWT","TRAD","2026-06-15T11:47:24Z","","CR","","I","TRUE","2026-06-15T11:47:24Z","2026-06-16","2031-06-20","","FALSE","BBSF","FALSE","FALSE","","30,000,000","","USD","","","","","","","","","","","","","","","","","","","","","","","","","0.01","","","","","","0.005003","","","","","","false","","","3","","","A004","","","","","","","","748754.79000","MNTH","","","","3","","","","UFRO","USD","","","","","false","1","","","","","","","","","","FALSE","","","","","","","","","QZ3WVVQG5T8K","NA/CDS Corp Idx","CDX.NA.IG"
"3680043388000000201","","NEWT","TRAD","2026-06-15T11:47:38Z","","CR","","I","TRUE","2026-06-15T11:47:38Z","2026-06-16","2031-06-20","","FALSE","BBSF","FALSE","TRUE","","250,000,000+","","USD","","","","","","","","","","","","","","","","","","","","","","","","","0.01","","","","","","0.004997","","","","","","false","","","3","","","A004","","","","","","","","6246518.38000","MNTH","","","","3","","","","UFRO","USD","","","","","false","1","","","","","","","","","","FALSE","","","","","","","","","QZ3WVVQG5T8K","NA/CDS Corp Idx","CDX.NA.IG"
"3680138157000000101","3680117972000000201","MODI","TRAD","2026-06-15T12:02:42Z","TRUE","CR","","I","TRUE","2026-06-15T12:00:30Z","2026-03-20","2031-06-20","","FALSE","TPSE","FALSE","FALSE","","10,000,000","","USD","","","","","","","","","","","","","","","","","","","","","","","","","0.05","","","","","","108.41","","USD","","","","false","","","1","","","A004","","","","","","","","","MNTH","","","","3","","","","","","USD","","","","false","0.99","","","","","","","OTHR","","","FALSE","","","","","","","","","QZHH8NT767RX","NA/CDS Corp Idx","CDX.NA.HY"
"3680432414000000101","","NEWT","TRAD","2026-06-15T12:32:37Z","","CR","","I","TRUE","2026-06-15T12:32:37Z","2026-06-16","2031-06-20","","","TWSF","FALSE","TRUE","","250,000,000+","","USD","","","","","","","","","","","","","","","","","","","","","","","","","0.01","","","","","","0.0049867","","","","","","false","","","3","","","A004","","","","","","","","6258355.77000","MNTH","","","","3","","","","UFRO","USD","","","","","false","1","","","","","","","","","","FALSE","","","","","","","","","QZ3WVVQG5T8K","NA/CDS Corp Idx","CDX.NA.IG"
"3680576157000000101","","NEWT","TRAD","2026-06-15T12:44:01Z","","CR","","I","TRUE","2026-06-15T12:44:01Z","2026-06-16","2031-06-20","","FALSE","BBSF","FALSE","FALSE","","160,000,000","","USD","","","","","","","","","","","","","","","","","","","","","","","","","0.01","","","","","","0.004979","","","","","","false","","","3","","","A004","","","","","","","","4011019.17484","MNTH","","","","3","","","","UFRO","USD","","","","","false","1","","","","","","","","","","FALSE","","","","","","","","","QZ3WVVQG5T8K","NA/CDS Corp Idx","CDX.NA.IG"
"3680729834000000401","","NEWT","TRAD","2026-06-15T12:57:55Z","","CR","","I","TRUE","2026-06-15T12:57:55Z","2026-06-16","2031-06-20","","FALSE","BBSF","FALSE","FALSE","","60,000,000","","USD","","","","","","","","","","","","","","","","","","","","","","","","","0.01","","","","","","0.0049852","","","","","","false","","","3","","","A004","","","","","","","","1502419.14000","MNTH","","","","3","","","","UFRO","USD","","","","","false","1","","","","","","","","","","FALSE","","","","","","","","","QZ3WVVQG5T8K","NA/CDS Corp Idx","CDX.NA.IG"
"3680250579000000201","","NEWT","TRAD","2026-06-15T12:18:05Z","","CR","","I","TRUE","2026-06-15T12:18:05Z","2026-06-16","2031-06-20","","FALSE","BBSF","FALSE","FALSE","","20,000,000","","USD","","","","","","","","","","","","","","","","","","","","","","","","","0.05","","","","","","0.01083952","","","","","","false","","","3","","","A004","","","","","","","","1904249.60000","MNTH","","","","3","","","","UFRO","USD","","","","","false","0.99","","","","","","","","","","FALSE","","","","","","","","","QZHH8NT767RX","NA/CDS Corp Idx","CDX.NA.HY"
"3680452697000000401","","NEWT","TRAD","2026-06-15T12:34:27Z","","CR","","I","TRUE","2026-06-15T12:34:27Z","2026-06-16","2031-06-20","","FALSE","BBSF","FALSE","FALSE","","30,000,000","","EUR","","","","","","","","","","","","","","","","","","","","","","","","","0.05","","","","","","0.02478365","","","","","","false","","","3","","","A004","","","","","","","","3622146.21000","MNTH","","","","3","","","","UFRO","EUR","","","","","false","1","","","","","","","","","","TRUE","","","","-0.000782","","3","","","QZ3HM9KVK2WL","NA/CDS Corp Idx","ITRAXX EUROPE CROSSOVER"
"3680249914000000401","","NEWT","TRAD","2026-06-15T12:17:29Z","","CR","","I","TRUE","2026-06-15T12:17:29Z","2026-06-16","2031-06-20","","FALSE","BBSF","FALSE","TRUE","","130,000,000","","EUR","","","","","","","","","","","","","","","","","","","","","","","","","0.01","","","","","","0.0051066","","","","","","false","","","3","","","A004","","","","","","","","3281914.52160","MNTH","","","","3","","","","UFRO","EUR","","","","","false","1","","","","","","","","","","FALSE","","","","","","","","","QZTQ4GTC5QMF","NA/CDS Corp Idx","ITRAXX EUROPE"
"3680400324000000101","","NEWT","TRAD","2026-06-15T12:29:39Z","","CR","","I","TRUE","2026-06-15T12:29:39Z","2026-06-16","2031-06-20","","","TWSF","FALSE","FALSE","","640,000","","USD","","","","","","","","","","","","","","","","","","","","","","","","","0.05","","","","","","0.01083809","","","","","","false","","","3","","","A004","","","","","","","","60845.14214","MNTH","","","","3","","","","UFRO","USD","","","","","false","0.99","","","","","","","","","","FALSE","","","","","","","","","QZHH8NT767RX","NA/CDS Corp Idx","CDX.NA.HY"
"3681134161000000101","","NEWT","TRAD","2026-06-15T13:45:22Z","","CR","","I","TRUE","2026-06-15T13:45:22Z","2026-06-16","2031-06-20","","","TWSF","FALSE","FALSE","","40,000,000","","USD","","","","","","","","","","","","","","","","","","","","","","","","","0.05","","","","","","0.0108405","","","","","","false","","","3","","","A004","","","","","","","","3812380.00000","MNTH","","","","3","","","","UFRO","USD","","","","","false","0.99","","","","","","","","","","FALSE","","","","","","","","","QZHH8NT767RX","NA/CDS Corp Idx","CDX.NA.HY"
"3684863939000000201","","NEWT","NOVA","2026-06-05T12:48:51Z","","CR","","N","FALSE","2025-04-14T19:46:51Z","2025-04-14","2059-11-17","2059-11-17","FALSE","BILT","FALSE","FALSE","FALSE","3,000,000","","USD","","","","","","","","","","","","","","","","","","","","","","","","","0.03","","","","","","","","","","","","true","","","","","","A004","","","","","","","","","","","","","","","","","","","","","","","false","1","","","","","","","","","","FALSE","","","","","","","","","QZKC8TXPKD8S","NA/CDS Corp Idx","CMBX.NA.BBB-"
"3684855672000000201","","NEWT","TRAD","2026-06-15T17:33:32Z","","CR","","N","FALSE","2026-06-15T17:33:32Z","2024-09-20","2029-12-20","2029-12-20","FALSE","BILT","FALSE","FALSE","TRUE","30,000,000","","USD","","","","","","","","","","","","","","","","","","","","","","","","","0.01","","","","","","","","","","","","false","","","","","","A004","","","","","","","","19666.67000","MNTH","","","","3","","","","UFRO","USD","","","","","false","1","","","","","","","","","","FALSE","","","","","","","","","QZ300FQ4TDRF","NA/CDS Corp Idx Tra","CDX.NA.IG"
"3685042184000000101","","NEWT","TRAD","2026-06-15T18:04:47Z","","CR","","I","TRUE","2026-06-15T18:04:47Z","2026-06-16","2031-06-20","","FALSE","BBSF","FALSE","FALSE","","3,000,000","","USD","","","","","","","","","","","","","","","","","","","","","","","","","0.05","","","","","","0.010839","","","","","","false","","","3","","","A004","","","","","","","","285483.00000","MNTH","","","","3","","","","UFRO","USD","","","","","false","0.99","","","","","","","","","","FALSE","","","","","","","","","QZHH8NT767RX","NA/CDS Corp Idx","CDX.NA.HY"
"3684907284000000101","","NEWT","TRAD","2026-06-15T17:41:38Z","","CR","","N","FALSE","2026-06-15T17:41:38Z","2024-09-20","2029-12-20","2029-12-20","FALSE","BILT","FALSE","FALSE","TRUE","25,000,000","","USD","","","","","","","","","","","","","","","","","","","","","","","","","0.01","","","","","","","","","","","","false","","","","","","A004","","","","","","","","3888.89000","MNTH","","","","3","","","","UFRO","USD","","","","","false","1","","","","","","","","","","FALSE","","","","","","","","","QZ300FQ4TDRF","NA/CDS Corp Idx Tra","CDX.NA.IG"
"3685017661000000501","","NEWT","TRAD","2026-06-15T17:58:29Z","","CR","","N","FALSE","2026-06-15T17:58:29Z","2026-06-15","2026-06-17","2031-06-20","FALSE","BILT","FALSE","FALSE","TRUE","18,000,000","","USD","","","","","","","","","","","","","","","","","","","","","","","","2026-06-17","0.05","","450.0018","USD","","","","","","","0.01045","","false","","","","","3","A004","","","","","","","","","MNTH","","","","3","","","","","","","","","","false","1","","","","","","","","","","FALSE","","","","","","","","","QZHRHKT5ZH3K","NA/CDS Idx Swt","NA/CDS Corp Idx"
"3681136402000000401","","NEWT","TRAD","2026-06-15T13:46:07Z","","CR","","I","TRUE","2026-06-15T13:46:07Z","2026-06-16","2031-06-20","","FALSE","BBSF","FALSE","TRUE","","50,000,000","","USD","","","","","","","","","","","","","","","","","","","","","","","","","0.05","","","","","","0.0108415","","","","","","false","","","3","","","A004","","","","","","","","4770425.00000","MNTH","","","","3","","","","UFRO","USD","","","","","false","0.99","","","","","","","","","","FALSE","","","","","","","","","QZHH8NT767RX","NA/CDS Corp Idx","CDX.NA.HY"
"3681319336000000401","","NEWT","TRAD","2026-06-15T14:28:10Z","","CR","","I","FALSE","2026-06-15T14:28:10Z","2026-06-16","2031-06-20","","","TWSF","FALSE","FALSE","","18,000,000","","EUR","","","","","","","","","","","","","","","","","","","","","","","","","0.05","","","","","","0.0248454","","","","","","false","","","3","","","A004","","","","","","","","2168025.36000","MNTH","","","","3","","","","UFRO","EUR","","","","","false","1","","","","","","","","","","FALSE","","","","","","","","","QZ3HM9KVK2WL","NA/CDS Corp Idx","ITRAXX EUROPE CROSSOVER"
"3681084503000000201","","NEWT","TRAD","2026-06-15T13:37:20Z","","CR","","I","TRUE","2026-06-15T13:37:20Z","2026-06-16","2031-06-20","","FALSE","BBSF","FALSE","FALSE","","26,000,000","","EUR","","","","","","","","","","","","","","","","","","","","","","","","","0.01","","","","","","0.005121","","","","","","false","","","3","","","A004","","","","","","","","654601.39319","MNTH","","","","3","","","","UFRO","EUR","","","","","false","1","","","","","","","","","","FALSE","","","","","","","","","QZTQ4GTC5QMF","NA/CDS Corp Idx","ITRAXX EUROPE"
"3685380956000000501","3685351027000000101","MODI","TRAD","2026-06-15T19:04:33Z","TRUE","CR","","I","TRUE","2026-06-15T19:03:57Z","2026-03-20","2031-06-20","","FALSE","TPSE","FALSE","FALSE","","50,000,000","","USD","","","","","","","","","","","","","","","","","","","","","","","","","0.01","","","","","","0.00498","","","","","","false","","","3","","","A004","","","","","","","","","MNTH","","","","3","","","","","","USD","","","","false","1","","","","","","","OTHR","","","FALSE","","","","","","","","","QZ3WVVQG5T8K","NA/CDS Corp Idx","CDX.NA.IG"
"3681130245000000101","","NEWT","TRAD","2026-06-15T13:29:00Z","","CR","","N","FALSE","2026-06-15T13:29:00Z","2026-06-16","2030-12-20","","FALSE","BILT","FALSE","FALSE","FALSE","20,000,000","","EUR","","","","","","","","","","","","","","","","","","","","","","","","","0.01","","","","","","","","","","","","false","","","","","","A004","","","","","","","","3685111.11000","MNTH","","","","3","","","","UFRO","EUR","","","","","false","1","","","","","","","","","","FALSE","","","","","","","","","QZVLRT0DJ511","NA/CDS Mun Idx Tra","ITRAXX EUROPE"
"3682957579000000401","","NEWT","TRAD","2026-06-15T16:50:58Z","","CR","","I","TRUE","2026-06-15T16:50:58Z","2026-06-16","2031-06-20","","FALSE","BBSF","FALSE","TRUE","","250,000,000+","","USD","","","","","","","","","","","","","","","","","","","","","","","","","0.01","","","","","","0.00495","","","","","","false","","","3","","","A004","","","","","","","","6300525.47706","MNTH","","","","3","","","","UFRO","USD","","","","","false","1","","","","","","","","","","TRUE","","","","0.00495","","3","","","QZ3WVVQG5T8K","NA/CDS Corp Idx","CDX.NA.IG"
"3681157805000000101","","NEWT","TRAD","2026-06-15T13:52:25Z","","CR","","I","TRUE","2026-06-15T13:52:25Z","2026-06-16","2031-06-20","","FALSE","BBSF","FALSE","FALSE","","25,000,000","","EUR","","","","","","","","","","","","","","","","","","","","","","","","","0.05","","","","","","0.02483545","","","","","","false","","","3","","","A004","","","","","","","","3012323.79000","MNTH","","","","3","","","","UFRO","EUR","","","","","false","1","","","","","","","","","","FALSE","","","","","","","","","QZ3HM9KVK2WL","NA/CDS Corp Idx","ITRAXX EUROPE CROSSOVER"
"3680381559000000201","","NEWT","TRAD","2026-06-15T12:28:06Z","","CR","","I","FALSE","2026-06-15T12:28:06Z","2026-06-16","2031-06-20","","","TWSF","FALSE","FALSE","","3,000,000","","EUR","","","","","","","","","","","","","","","","","","","","","","","","","0.05","","","","","","0.0247429","","","","","","false","","","3","","","A004","","","","","","","","362793.64000","MNTH","","","","3","","","","UFRO","EUR","","","","","false","1","","","","","","","","","","FALSE","","","","","","","","","QZ3HM9KVK2WL","NA/CDS Corp Idx","ITRAXX EUROPE CROSSOVER"
"3683242996000000301","2909754249000000301","TERM","ETRM","2026-06-15T17:03:40Z","","CR","","N","","2026-04-29T15:08:17Z","2026-04-30","2026-06-17","2031-06-20","FALSE","BILT","FALSE","","FALSE","50,000,000","","USD","","","","","","","","","","","","","","","","","","","","","","","","2026-06-17","0.01","","6,000","USD","","","","","","","50","USD","false","","","","","1","","","","","","","","","","","","","","","","","","","","","","","","false","","","","","","","","","","","FALSE","","","","","","","","","QZT4QS79CCTS","NA/CDS Idx Swt","NA/CDS Corp Idx"
"3681154394000000101","","NEWT","TRAD","2026-06-15T13:51:14Z","","CR","","I","TRUE","2026-06-15T13:51:14Z","2026-06-16","2031-06-20","","FALSE","BBSF","FALSE","FALSE","","50,000,000","","EUR","","","","","","","","","","","","","","","","","","","","","","","","","0.01","","","","","","0.0051277","","","","","","false","","","3","","","A004","","","","","","","","1257260.82000","MNTH","","","","3","","","","UFRO","EUR","","","","","false","1","","","","","","","","","","FALSE","","","","","","","","","QZTQ4GTC5QMF","NA/CDS Corp Idx","ITRAXX EUROPE"
"3681148758000000101","","NEWT","TRAD","2026-06-15T13:49:53Z","","CR","","I","TRUE","2026-06-15T13:49:53Z","2026-06-16","2031-06-20","","FALSE","BBSF","FALSE","FALSE","","2,000,000","","USD","","","","","","","","","","","","","","","","","","","","","","","","","0.05","","","","","","0.0108425","","","","","","false","","","3","","","A004","","","","","","","","191014.52246","MNTH","","","","3","","","","UFRO","USD","","","","","false","0.99","","","","","","","","","","FALSE","","","","","","","","","QZHH8NT767RX","NA/CDS Corp Idx","CDX.NA.HY"
"3681163205000000101","","NEWT","TRAD","2026-06-15T13:54:12Z","","CR","","I","TRUE","2026-06-15T13:54:12Z","2026-06-16","2031-06-20","","FALSE","BBSF","FALSE","FALSE","","5,000,000","","USD","","","","","","","","","","","","","","","","","","","","","","","","","0.05","","","","","","0.0108415","","","","","","false","","","3","","","A004","","","","","","","","477042.50000","MNTH","","","","3","","","","UFRO","USD","","","","","false","0.99","","","","","","","","","","FALSE","","","","","","","","","QZHH8NT767RX","NA/CDS Corp Idx","CDX.NA.HY"
"3681159780000000101","","NEWT","TRAD","2026-06-15T13:52:52Z","","CR","","I","TRUE","2026-06-15T13:52:52Z","2026-06-16","2031-06-20","","FALSE","BBSF","FALSE","FALSE","","250,000","","EUR","","","","","","","","","","","","","","","","","","","","","","","","","0.05","","","","","","0.024847","","","","","","false","","","3","","","A004","","","","","","","","30109.57000","MNTH","","","","3","","","","UFRO","EUR","","","","","false","1","","","","","","","","","","FALSE","","","","","","","","","QZ3HM9KVK2WL","NA/CDS Corp Idx","ITRAXX EUROPE CROSSOVER"
"3681200543000000101","","NEWT","TRAD","2026-06-15T14:02:39Z","","CR","","I","TRUE","2026-06-15T14:02:39Z","2026-06-16","2031-06-20","","FALSE","BBSF","FALSE","FALSE","","2,000,000","","EUR","","","","","","","","","","","","","","","","","","","","","","","","","0.05","","","","","","0.024877","","","","","","false","","","3","","","A004","","","","","","","","240592.60000","MNTH","","","","3","","","","UFRO","EUR","","","","","false","1","","","","","","","","","","FALSE","","","","","","","","","QZ3HM9KVK2WL","NA/CDS Corp Idx","ITRAXX EUROPE CROSSOVER"
"3681200544000000201","","NEWT","TRAD","2026-06-15T14:02:40Z","","CR","","I","TRUE","2026-06-15T14:02:40Z","2026-06-16","2031-06-20","","FALSE","BBSF","FALSE","FALSE","","50,000,000","","USD","","","","","","","","","","","","","","","","","","","","","","","","","0.01","","","","","","0.004976","","","","","","false","","","3","","","A004","","","","","","","","1254130.78000","MNTH","","","","3","","","","UFRO","USD","","","","","false","1","","","","","","","","","","FALSE","","","","","","","","","QZ3WVVQG5T8K","NA/CDS Corp Idx","CDX.NA.IG"
"3683344576000000101","","NEWT","TRAD","2026-06-15T17:05:35Z","","CR","","I","TRUE","2026-06-15T17:05:35Z","2026-06-16","2031-06-20","","FALSE","BBSF","FALSE","FALSE","","25,000,000","","USD","","","","","","","","","","","","","","","","","","","","","","","","","0.01","","","","","","0.004971","","","","","","false","","","3","","","A004","","","","","","","","627640.10000","MNTH","","","","3","","","","UFRO","USD","","","","","false","1","","","","","","","","","","FALSE","","","","","","","","","QZ3WVVQG5T8K","NA/CDS Corp Idx","CDX.NA.IG"
"3681208263000000101","","NEWT","TRAD","2026-06-15T14:05:12Z","","CR","","I","TRUE","2026-06-15T14:05:12Z","2026-06-16","2031-06-20","","FALSE","BBSF","FALSE","FALSE","","10,000,000","","USD","","","","","","","","","","","","","","","","","","","","","","","","","0.01","","","","","","0.00497355","","","","","","false","","","3","","","A004","","","","","","","","250938.80000","MNTH","","","","3","","","","UFRO","USD","","","","","false","1","","","","","","","","","","FALSE","","","","","","","","","QZ3WVVQG5T8K","NA/CDS Corp Idx","CDX.NA.IG"
"3681327125000000501","","NEWT","TRAD","2026-06-15T14:29:40Z","","CR","","I","TRUE","2026-06-15T14:29:40Z","2026-06-16","2031-06-20","","","TWSF","FALSE","FALSE","","27,000,000","","USD","","","","","","","","","","","","","","","","","","","","","","","","","0.05","","","","","","0.01083709","","","","","","false","","","3","","","A004","","","","","","","","2564247.38039","MNTH","","","","3","","","","UFRO","USD","","","","","false","0.99","","","","","","","","","","FALSE","","","","","","","","","QZHH8NT767RX","NA/CDS Corp Idx","CDX.NA.HY"
"3681335079000000301","","NEWT","TRAD","2026-06-15T14:31:14Z","","CR","","I","TRUE","2026-06-15T14:31:14Z","2026-06-16","2031-06-20","","FALSE","BBSF","FALSE","FALSE","","5,000,000","","USD","","","","","","","","","","","","","","","","","","","","","","","","","0.05","","","","","","0.01083705","","","","","","false","","","3","","","A004","","","","","","","","474839.75000","MNTH","","","","3","","","","UFRO","USD","","","","","false","0.99","","","","","","","","","","FALSE","","","","","","","","","QZHH8NT767RX","NA/CDS Corp Idx","CDX.NA.HY"
"3680940589000000101","","NEWT","TRAD","2026-06-15T13:22:45Z","","CR","","I","TRUE","2026-06-15T13:22:45Z","2026-06-16","2031-06-20","","FALSE","BBSF","FALSE","FALSE","","15,000,000","","USD","","","","","","","","","","","","","","","","","","","","","","","","","0.01","","","","","","0.004977","","","","","","false","","","3","","","A004","","","","","","","","376169.26584","MNTH","","","","3","","","","UFRO","USD","","","","","false","1","","","","","","","","","","FALSE","","","","","","","","","QZ3WVVQG5T8K","NA/CDS Corp Idx","CDX.NA.IG"
"3681939753000000201","","NEWT","TRAD","2026-06-15T16:01:57Z","","CR","","I","TRUE","2026-06-15T16:01:57Z","2026-06-16","2031-06-20","","","TWSF","FALSE","FALSE","","10,000,000","","USD","","","","","","","","","","","","","","","","","","","","","","","","","0.01","","","","","","0.00496395","","","","","","false","","","3","","","A004","","","","","","","","251380.20000","MNTH","","","","3","","","","UFRO","USD","","","","","false","1","","","","","","","","","","FALSE","","","","","","","","","QZ3WVVQG5T8K","NA/CDS Corp Idx","CDX.NA.IG"
"3681783527000000101","","NEWT","TRAD","2026-06-15T15:52:17Z","","CR","","I","TRUE","2026-06-15T15:52:17Z","2026-06-16","2031-06-20","","","TWSF","FALSE","TRUE","","250,000,000+","","USD","","","","","","","","","","","","","","","","","","","","","","","","","0.01","","","","","","0.00499","","","","","","false","","","3","","","A004","","","","","","","","6254534.95659","MNTH","","","","3","","","","UFRO","USD","","","","","false","1","","","","","","","","","","TRUE","","","","0.00499","","3","","","QZ3WVVQG5T8K","NA/CDS Corp Idx","CDX.NA.IG"
"3682020327000000201","","NEWT","TRAD","2026-06-15T16:03:55Z","","CR","","I","FALSE","2026-06-15T16:03:55Z","2026-03-20","2031-06-20","","","BGCO","FALSE","FALSE","FALSE","10,000,000","","EUR","","","","","","","","","","","","","","","","","","","","","","","","","0.05","","","","","","","","","","","","false","","","","","","A004","","","","","","","","1206608.00000","MNTH","","","","3","","","","UFRO","EUR","","","","","false","1","","","","","","","","","","FALSE","","","","","","","","","QZ3HM9KVK2WL","NA/CDS Corp Idx","ITRAXX EUROPE CROSSOVER"
"3682101236000000201","","NEWT","TRAD","2026-06-15T16:08:47Z","","CR","","I","TRUE","2026-06-15T16:08:47Z","2026-06-16","2031-06-20","","","TWSF","FALSE","FALSE","","10,000,000","","USD","","","","","","","","","","","","","","","","","","","","","","","","","0.01","","","","","","0.0049682","","","","","","false","","","3","","","A004","","","","","","","","251184.78000","MNTH","","","","3","","","","UFRO","USD","","","","","false","1","","","","","","","","","","FALSE","","","","","","","","","QZ3WVVQG5T8K","NA/CDS Corp Idx","CDX.NA.IG"
"3682118278000000101","","NEWT","TRAD","2026-06-15T16:07:03Z","","CR","","N","FALSE","2026-06-15T16:07:03Z","2026-06-15","2059-11-17","2059-11-17","FALSE","BILT","FALSE","FALSE","FALSE","5,000,000","","USD","","","","","","","","","","","","","","","","","","","","","","","","","0.05","","","","","","","","","","","","true","","","","","","A004","","","","","","","","2798647.53000","","","","","","","","","UFRO","USD","","","","","false","1","","","","","","","","","","FALSE","","","","","","","","","QZX891WSV298","NA/CDS Corp Idx","CMBX.NA.BB"
"3681882355000000301","","NEWT","TRAD","2026-06-15T16:00:10Z","","CR","","I","TRUE","2026-06-15T16:00:10Z","2026-06-16","2031-06-20","","FALSE","BBSF","FALSE","TRUE","","76,000,000+","","USD","","","","","","","","","","","","","","","","","","","","","","","","","0.05","","","","","","0.010842","","","","","","false","","","3","","","A004","","","","","","","","7254808.00000","MNTH","","","","3","","","","UFRO","USD","","","","","false","0.99","","","","","","","","","","FALSE","","","","","","","","","QZHH8NT767RX","NA/CDS Corp Idx","CDX.NA.HY"
"3681893381000000101","","NEWT","TRAD","2026-06-15T16:00:20Z","","CR","","I","TRUE","2026-06-15T16:00:20Z","2026-06-16","2031-06-20","","","TWSF","FALSE","TRUE","","60,000,000","","USD","","","","","","","","","","","","","","","","","","","","","","","","","0.05","","","","","","0.01084125","","","","","","false","","","3","","","A004","","","","","","","","5723025.00000","MNTH","","","","3","","","","UFRO","USD","","","","","false","0.99","","","","","","","","","","FALSE","","","","","","","","","QZHH8NT767RX","NA/CDS Corp Idx","CDX.NA.HY"
"3680686318000000101","","NEWT","TRAD","2026-06-15T12:52:24Z","","CR","","I","TRUE","2026-06-15T12:52:24Z","2026-06-16","2031-06-20","","FALSE","BBSF","FALSE","FALSE","","10,000,000","","USD","","","","","","","","","","","","","","","","","","","","","","","","","0.05","","","","","","0.01083827","","","","","","false","","","3","","","A004","","","","","","","","950887.30000","MNTH","","","","3","","","","UFRO","USD","","","","","false","0.99","","","","","","","","","","FALSE","","","","","","","","","QZHH8NT767RX","NA/CDS Corp Idx","CDX.NA.HY"
"3680585700000000401","","NEWT","TRAD","2026-06-15T12:44:34Z","","CR","","I","FALSE","2026-06-15T12:44:34Z","2026-06-16","2031-06-20","","","TWSF","FALSE","TRUE","","60,000,000","","USD","","","","","","","","","","","","","","","","","","","","","","","","","0.05","","","","","","0.01089","","","","","","false","","","3","","","A004","","","","","","","","6012600.00000","MNTH","","","","3","","","","UFRO","USD","","","","","false","0.99","","","","","","","","","","FALSE","","","","","","","","","QZHH8NT767RX","NA/CDS Corp Idx","CDX.NA.HY"
"3681264942000000301","","NEWT","TRAD","2026-06-15T14:13:54Z","","CR","","I","TRUE","2026-06-15T14:13:54Z","2026-06-16","2031-06-20","","FALSE","BBSF","FALSE","FALSE","","20,000,000","","USD","","","","","","","","","","","","","","","","","","","","","","","","","0.05","","","","","","0.01083833","","","","","","false","","","3","","","A004","","","","","","","","1901893.40000","MNTH","","","","3","","","","UFRO","USD","","","","","false","0.99","","","","","","","","","","FALSE","","","","","","","","","QZHH8NT767RX","NA/CDS Corp Idx","CDX.NA.HY"
"3681284002000000101","","NEWT","TRAD","2026-06-15T14:18:45Z","","CR","","I","TRUE","2026-06-15T14:18:45Z","2026-06-16","2031-06-20","","FALSE","BBSF","FALSE","FALSE","","10,000,000","","EUR","","","","","","","","","","","","","","","","","","","","","","","","","0.05","","","","","","0.0248792","","","","","","false","","","3","","","A004","","","","","","","","1202858.87000","MNTH","","","","3","","","","UFRO","EUR","","","","","false","1","","","","","","","","","","FALSE","","","","","","","","","QZ3HM9KVK2WL","NA/CDS Corp Idx","ITRAXX EUROPE CROSSOVER"
"3680833958000000101","","NEWT","TRAD","2026-06-15T13:10:33Z","","CR","","I","TRUE","2026-06-15T13:10:33Z","2026-06-16","2031-06-20","","","TWSF","FALSE","TRUE","","50,000,000","","USD","","","","","","","","","","","","","","","","","","","","","","","","","0.05","","","","","","0.0108395","","","","","","false","","","3","","","A004","","","","","","","","4760525.00000","MNTH","","","","3","","","","UFRO","USD","","","","","false","0.99","","","","","","","","","","FALSE","","","","","","","","","QZHH8NT767RX","NA/CDS Corp Idx","CDX.NA.HY"
"3681917861000000101","","NEWT","TRAD","2026-06-15T15:57:14Z","","CR","","I","TRUE","2026-06-15T15:57:14Z","2026-03-20","2031-06-20","","","BILT","FALSE","FALSE","FALSE","20,000,000","","USD","","","","","","","","","","","","","","","","","","","","","","","","","0.05","","","","","","","","","","","","false","","","","","","A004","","","","","","","","1907180.00000","MNTH","","","","3","","","","UFRO","USD","","","","","false","0.99","","","","","","","","","","FALSE","","","","","","","","","QZHH8NT767RX","NA/CDS Corp Idx","CDX.NA.HY"
"3679959064000000201","","NEWT","TRAD","2026-06-15T11:32:52Z","","CR","","I","TRUE","2026-06-15T11:32:52Z","2026-06-16","2031-06-20","","FALSE","BBSF","FALSE","FALSE","","30,000,000","","USD","","","","","","","","","","","","","","","","","","","","","","","","","0.05","","","","","","0.01084675","","","","","","false","","","3","","","A004","","","","","","","","2877847.50000","MNTH","","","","3","","","","UFRO","USD","","","","","false","0.99","","","","","","","","","","FALSE","","","","","","","","","QZHH8NT767RX","NA/CDS Corp Idx","CDX.NA.HY"
"3679783867000000101","","NEWT","TRAD","2026-06-15T11:05:48Z","","CR","","N","FALSE","2026-06-15T11:05:47Z","2026-03-20","2031-06-20","2031-06-20","TRUE","BILT","FALSE","TRUE","TRUE","345,719,991+","","EUR","","","","","","","","","","","","","","","","","","","","","","","","2026-07-15","0.01","","183,231.6","EUR","","","","","","","0.0055","","false","","","","","3","A004","","","","","","","","","MNTH","","","","3","","","","","","","","","","false","1","","","","","","","","","","FALSE","","","","","","","","","QZX75BBR2PZH","NA/CDS Idx Swt","NA/CDS Corp Idx"
"3680057389000000101","","NEWT","TRAD","2026-06-15T11:49:31Z","","CR","","I","TRUE","2026-06-15T11:49:31Z","2026-06-16","2031-06-20","","FALSE","BBSF","FALSE","FALSE","","5,000,000","","USD","","","","","","","","","","","","","","","","","","","","","","","","","0.05","","","","","","0.01083889","","","","","","false","","","3","","","A004","","","","","","","","475750.55000","MNTH","","","","3","","","","UFRO","USD","","","","","false","0.99","","","","","","","","","","FALSE","","","","","","","","","QZHH8NT767RX","NA/CDS Corp Idx","CDX.NA.HY"
"3680507165000000201","","NEWT","TRAD","2026-06-15T12:38:27Z","","CR","","I","FALSE","2026-06-15T12:38:27Z","2026-06-16","2031-06-20","","FALSE","BBSF","FALSE","FALSE","","25,000,000","","EUR","","","","","","","","","","","","","","","","","","","","","","","","","0.01","","","","","","0.0087","","","","","","false","","","3","","","A004","","","","","","","","211669.53000","MNTH","","","","3","","","","UFRO","EUR","","","","","false","1","","","","","","","","","","FALSE","","","","","","","","","QZ5GD86QBKCC","NA/CDS Corp Idx","ITRAXX EUROPE SUB FINANCIALS"
"3680016526000000201","","NEWT","TRAD","2026-06-15T11:43:50Z","","CR","","I","TRUE","2026-06-15T11:43:50Z","2026-06-16","2031-06-20","","","TWSF","FALSE","FALSE","","63,000,000","","USD","","","","","","","","","","","","","","","","","","","","","","","","","0.01","","","","","","0.0049897","","","","","","false","","","3","","","A004","","","","","","","","1576230.36916","MNTH","","","","3","","","","UFRO","USD","","","","","false","1","","","","","","","","","","FALSE","","","","","","","","","QZ3WVVQG5T8K","NA/CDS Corp Idx","CDX.NA.IG"
"3679981215000000101","","NEWT","TRAD","2026-06-15T11:37:09Z","","CR","","I","FALSE","2026-06-15T11:37:09Z","2026-06-16","2031-06-20","","","TWSF","FALSE","TRUE","","50,000,000","","USD","","","","","","","","","","","","","","","","","","","","","","","","","0.05","","","","","","0.01084188","","","","","","false","","","3","","","A004","","","","","","","","4772306.00000","MNTH","","","","3","","","","UFRO","USD","","","","","false","0.99","","","","","","","","","","FALSE","","","","","","","","","QZHH8NT767RX","NA/CDS Corp Idx","CDX.NA.HY"
"3680070831000000501","","NEWT","TRAD","2026-06-15T11:51:35Z","","CR","","I","TRUE","2026-06-15T11:51:35Z","2026-06-16","2031-06-20","","FALSE","BBSF","FALSE","FALSE","","20,000,000","","USD","","","","","","","","","","","","","","","","","","","","","","","","","0.05","","","","","","0.010841","","","","","","false","","","3","","","A004","","","","","","","","1907180.00000","MNTH","","","","3","","","","UFRO","USD","","","","","false","0.99","","","","","","","","","","FALSE","","","","","","","","","QZHH8NT767RX","NA/CDS Corp Idx","CDX.NA.HY"
"3679889170000000401","","NEWT","TRAD","2026-06-15T11:21:17Z","FALSE","CR","","N","FALSE","2026-06-15T11:21:17Z","2026-06-17","2026-09-17","","FALSE","BILT","FALSE","FALSE","TRUE","208,317,997","5,000,000","EGP","USD","","","","","","","","","","","","","","","","","","","","","","","","0.25318","","","","","","","","","","","","false","","","","","","A008","","","A004","","DAIL","","1","","YEAR","","","EXPI","1","","","1","","","USD","","","","false","","","","","","","","","","","FALSE","","","","","","","","","QZZ5BFGPTZ0B","NA/CDS Corp SN","No name obtainable"
"3676633834000000201","","NEWT","TRAD","2026-06-15T09:07:03Z","","CR","","I","TRUE","2026-06-15T09:07:03Z","2026-06-16","2031-06-20","","FALSE","BBSF","FALSE","FALSE","","50,000,000","","EUR","","","","","","","","","","","","","","","","","","","","","","","","","0.01","","","","","","0.005123","","","","","","false","","","3","","","A004","","","","","","","","1258377.60000","MNTH","","","","3","","","","UFRO","EUR","","","","","false","1","","","","","","","","","","FALSE","","","","","","","","","QZTQ4GTC5QMF","NA/CDS Corp Idx","ITRAXX EUROPE"
"3676346338000000101","","NEWT","TRAD","2026-06-15T09:00:38Z","","CR","","I","TRUE","2026-06-15T09:00:38Z","2026-06-16","2030-12-20","","FALSE","BBSF","FALSE","TRUE","","164,216,996+","","EUR","","","","","","","","","","","","","","","","","","","","","","","","","0.01","","","","","","0.0046427","","","","","","false","","","3","","","A004","","","","","","","","4131213.57945","MNTH","","","","3","","","","UFRO","EUR","","","","","false","1","","","","","","","","","","TRUE","","","","0.000487","","3","","","QZFB31MBHLT9","NA/CDS Corp Idx","ITRAXX EUROPE"
"3677181052000000101","3676945147000000101","TERM","ETRM","2026-06-15T09:11:36Z","","CR","","I","TRUE","2026-06-15T09:08:33Z","2025-09-22","2030-12-20","","","BILT","FALSE","FALSE","FALSE","11,000,000","","EUR","","","","","","","","","","","","","","","","","","","","","","","","","0.01","","","","","","","","","","","","false","","","","","","A004","","","","","","","","139078.69822","MNTH","","","","3","","","","UFRO","EUR","","","","","false","1","","","","","","","","","","FALSE","","","","","","","","","QZJT1J212HR2","NA/CDS Corp Idx","ITRAXX EUROPE SUB FINANCIALS"
"3681632193000000401","","NEWT","TRAD","2026-06-15T15:32:27Z","","CR","","I","TRUE","2026-06-15T15:32:27Z","2026-06-16","2031-06-20","","FALSE","BBSF","FALSE","TRUE","","40,000,000","","EUR","","","","","","","","","","","","","","","","","","","","","","","","","0.05","","","","","","0.024886","","","","","","false","","","3","","","A004","","","","","","","","4810148.38000","MNTH","","","","3","","","","UFRO","EUR","","","","","false","1","","","","","","","","","","FALSE","","","","","","","","","QZ3HM9KVK2WL","NA/CDS Corp Idx","ITRAXX EUROPE CROSSOVER"
"3679905072000000101","","NEWT","TRAD","2026-06-15T11:24:13Z","","CR","","I","TRUE","2026-06-15T11:24:13Z","2026-03-20","2031-06-20","","FALSE","GSEF","FALSE","FALSE","","45,000,000","","EUR","","","","","","","","","","","","","","","","","","","","","","","","","","","","","","","0.0051","","","","","","false","","","3","","","A004","","","","","","","","","MNTH","","","","3","","","","","","","","","","false","1","","","","","","","","","","TRUE","","","","0.00175","","3","","","QZTQ4GTC5QMF","NA/CDS Corp Idx","ITRAXX EUROPE"
"3679877668000000101","","NEWT","TRAD","2026-06-15T11:18:54Z","","CR","","I","TRUE","2026-06-15T11:18:54Z","2026-06-16","2031-06-20","","FALSE","BBSF","FALSE","TRUE","","250,000,000+","","USD","","","","","","","","","","","","","","","","","","","","","","","","","0.01","","","","","","0.004985","","","","","","false","","","3","","","A004","","","","","","","","6260359.69081","MNTH","","","","3","","","","UFRO","USD","","","","","false","1","","","","","","","","","","FALSE","","","","","","","","","QZ3WVVQG5T8K","NA/CDS Corp Idx","CDX.NA.IG"
"3679914099000000601","","NEWT","TRAD","2026-06-15T11:25:58Z","","CR","","I","TRUE","2026-06-15T11:25:58Z","2026-06-16","2031-06-20","","","TWSF","FALSE","FALSE","","63,000,000","","USD","","","","","","","","","","","","","","","","","","","","","","","","","0.01","","","","","","0.004972","","","","","","false","","","3","","","A004","","","","","","","","1581368.91951","MNTH","","","","3","","","","UFRO","USD","","","","","false","1","","","","","","","","","","FALSE","","","","","","","","","QZ3WVVQG5T8K","NA/CDS Corp Idx","CDX.NA.IG"
"3679910436000000401","","NEWT","TRAD","2026-06-15T11:25:39Z","","CR","","I","TRUE","2026-06-15T11:25:39Z","2026-06-16","2031-06-20","","FALSE","BBSF","FALSE","FALSE","","100,000,000","","USD","","","","","","","","","","","","","","","","","","","","","","","","","0.01","","","","","","0.00497388","","","","","","false","","","3","","","A004","","","","","","","","2509236.26000","MNTH","","","","3","","","","UFRO","USD","","","","","false","1","","","","","","","","","","FALSE","","","","","","","","","QZ3WVVQG5T8K","NA/CDS Corp Idx","CDX.NA.IG"
"3679877670000000301","","NEWT","TRAD","2026-06-15T11:18:57Z","","CR","","I","TRUE","2026-06-15T11:18:57Z","2026-06-16","2031-06-20","","FALSE","BBSF","FALSE","FALSE","","200,000,000","","USD","","","","","","","","","","","","","","","","","","","","","","","","","0.01","","","","","","0.004985","","","","","","false","","","3","","","A004","","","","","","","","5008247.69000","MNTH","","","","3","","","","UFRO","USD","","","","","false","1","","","","","","","","","","FALSE","","","","","","","","","QZ3WVVQG5T8K","NA/CDS Corp Idx","CDX.NA.IG"
"3679849707000000201","","NEWT","TRAD","2026-06-15T11:14:12Z","","CR","","I","TRUE","2026-06-15T11:14:12Z","2026-06-16","2031-06-20","","FALSE","BBSF","FALSE","FALSE","","10,000,000","","EUR","","","","","","","","","","","","","","","","","","","","","","","","","0.05","","","","","","0.024709","","","","","","false","","","3","","","A004","","","","","","","","1210918.22000","MNTH","","","","3","","","","UFRO","EUR","","","","","false","1","","","","","","","","","","FALSE","","","","","","","","","QZ3HM9KVK2WL","NA/CDS Corp Idx","ITRAXX EUROPE CROSSOVER"
"3680920912000000201","","NEWT","TRAD","2026-06-15T13:20:57Z","","CR","","I","TRUE","2026-06-15T13:20:57Z","2026-06-16","2031-06-20","","FALSE","BBSF","FALSE","FALSE","","4,000,000","","USD","","","","","","","","","","","","","","","","","","","","","","","","","0.05","","","","","","0.0108395","","","","","","false","","","3","","","A004","","","","","","","","380841.61916","MNTH","","","","3","","","","UFRO","USD","","","","","false","0.99","","","","","","","","","","FALSE","","","","","","","","","QZHH8NT767RX","NA/CDS Corp Idx","CDX.NA.HY"
"3681624262000000301","","NEWT","TRAD","2026-06-15T15:31:23Z","","CR","","I","TRUE","2026-06-15T15:31:23Z","2026-06-16","2031-06-20","","FALSE","BBSF","FALSE","FALSE","","10,000,000","","EUR","","","","","","","","","","","","","","","","","","","","","","","","","0.05","","","","","","0.024858","","","","","","false","","","3","","","A004","","","","","","","","1203862.16000","MNTH","","","","3","","","","UFRO","EUR","","","","","false","1","","","","","","","","","","FALSE","","","","","","","","","QZ3HM9KVK2WL","NA/CDS Corp Idx","ITRAXX EUROPE CROSSOVER"
"3681656704000000201","3681656703000000101","MODI","TRAD","2026-06-15T15:37:16Z","TRUE","CR","","I","TRUE","2026-06-15T15:36:46Z","2026-03-20","2031-06-20","","FALSE","TPSE","FALSE","FALSE","","5,000,000","","USD","","","","","","","","","","","","","","","","","","","","","","","","","0.05","","","","","","108.385","","USD","","","","false","","","1","","","A004","","","","","","","","","MNTH","","","","3","","","","","","USD","","","","false","0.99","","","","","","","OTHR","","","FALSE","","","","","","","","","QZHH8NT767RX","NA/CDS Corp Idx","CDX.NA.HY"
"3681567652000000101","","NEWT","TRAD","2026-06-15T15:15:26Z","","CR","","N","FALSE","2026-06-15T15:15:26Z","2026-06-15","2026-08-19","2031-06-20","FALSE","BILT","FALSE","FALSE","TRUE","330,000,000","","EUR","","","","","","","","","","","","","","","","","","","","","","","","2026-08-19","0.01","","184,799.16","EUR","","","","","","","0.0065","","false","","","","","3","A004","","","","","","","","","MNTH","","","","3","","","","","","","","","","false","1","","","","","","","","","","FALSE","","","","","","","","","QZ2L66CGCV9J","NA/CDS Idx Swt","NA/CDS Corp Idx"
"3681681723000000301","","NEWT","NOVA","2026-06-15T15:38:24Z","","CR","","N","FALSE","2026-06-15T15:38:24Z","2023-06-08","2065-04-17","2065-04-17","FALSE","BILT","FALSE","FALSE","FALSE","40,000","","USD","","","","","","","","","","","","","","","","","","","","","","","","","0.03","","","","","","","","","","","","true","","","","","","A004","","","","","","","","","","","","","","","","","","","","","","","false","1","","","","","","","","","","FALSE","","","","","","","","","QZ0G1LJBPFZQ","NA/CDS Corp Idx","CMBX.NA.BBB-"
"3681689151000000201","","NEWT","NOVA","2026-06-15T15:43:32Z","FALSE","CR","","N","FALSE","2026-06-15T15:43:32Z","2025-10-31","2065-04-17","","FALSE","BILT","FALSE","FALSE","FALSE","40,000","","USD","","","","","","","","","","","","","","","","","","","","","","","","","0.03","","","","","","","","","","","","false","","","","","","A004","","","","","","","","","MNTH","","","","1","","","","","","","","","","false","1","","","","","","","","","","FALSE","","","","","","","","","QZRH7M928VJ1","NA/CDS Corp Idx","CMBX.NA.BBB-"
"3674919610000000101","","NEWT","TRAD","2026-06-15T08:28:20Z","","CR","","I","TRUE","2026-06-15T08:28:20Z","2026-06-16","2031-06-20","","FALSE","BBSF","FALSE","TRUE","","150,000,000","","EUR","","","","","","","","","","","","","","","","","","","","","","","","","0.01","","","","","","0.00511954","","","","","","false","","","3","","","A004","","","","","","","","3777599.33000","MNTH","","","","3","","","","UFRO","EUR","","","","","false","1","","","","","","","","","","TRUE","","","","-0.00074","","3","","","QZTQ4GTC5QMF","NA/CDS Corp Idx","ITRAXX EUROPE"
"3681648868000000201","","NEWT","TRAD","2026-06-15T15:35:45Z","","CR","","I","TRUE","2026-06-15T15:35:45Z","2026-06-16","2031-06-20","","FALSE","BBSF","FALSE","TRUE","","76,000,000+","","USD","","","","","","","","","","","","","","","","","","","","","","","","","0.05","","","","","","0.01083975","","","","","","false","","","3","","","A004","","","","","","","","7237842.62013","MNTH","","","","3","","","","UFRO","USD","","","","","false","0.99","","","","","","","","","","FALSE","","","","","","","","","QZHH8NT767RX","NA/CDS Corp Idx","CDX.NA.HY"
"3681716987000000401","","NEWT","NOVA","2026-06-15T15:45:11Z","","CR","","N","FALSE","2026-06-15T15:45:11Z","2023-06-08","2065-04-17","2065-04-17","FALSE","BILT","FALSE","FALSE","FALSE","70,000","","USD","","","","","","","","","","","","","","","","","","","","","","","","","0.03","","","","","","","","","","","","true","","","","","","A004","","","","","","","","","","","","","","","","","","","","","","","false","1","","","","","","","","","","FALSE","","","","","","","","","QZ0G1LJBPFZQ","NA/CDS Corp Idx","CMBX.NA.BBB-"
"3681740040000000301","","NEWT","TRAD","2026-06-15T15:48:55Z","","CR","","I","FALSE","2026-06-15T15:48:55Z","2026-06-16","2031-06-20","","","TWSF","FALSE","FALSE","","1,000,000","","USD","","","","","","","","","","","","","","","","","","","","","","","","","0.05","","","","","","0.01084031","","","","","","false","","","3","","","A004","","","","","","","","95291.26460","MNTH","","","","3","","","","UFRO","USD","","","","","false","0.99","","","","","","","","","","FALSE","","","","","","","","","QZHH8NT767RX","NA/CDS Corp Idx","CDX.NA.HY"
"3681667906000000101","","NEWT","TRAD","2026-06-15T15:39:19Z","","CR","","I","TRUE","2026-06-15T15:39:19Z","2026-06-16","2031-06-20","","FALSE","BBSF","FALSE","TRUE","","75,000,000","","USD","","","","","","","","","","","","","","","","","","","","","","","","","0.05","","","","","","0.010839","","","","","","false","","","3","","","A004","","","","","","","","7137075.00000","MNTH","","","","3","","","","UFRO","USD","","","","","false","0.99","","","","","","","","","","FALSE","","","","","","","","","QZHH8NT767RX","NA/CDS Corp Idx","CDX.NA.HY"
"3681745503000000401","","NEWT","TRAD","2026-06-15T15:38:58Z","FALSE","CR","","I","TRUE","2026-06-15T15:38:58Z","2026-06-15","2026-09-16","","","BILT","FALSE","FALSE","TRUE","345,719,991+","","EUR","","","","","","","","","","","","","","","","","","","","","","","","2026-09-16","","","394,120.8","EUR","","","0.00625","","","","0.00625","","false","","","3","","3","","","","","","","","","","","","","","","","","","","","","","","","false","1","","","","","","","","","","FALSE","","","","","","","","","QZS1WNR5R2ND","NA/CDS Idx Swt","NA/CDS Corp Idx"
"3681616190000000101","2367570823000000201","MODI","TRAD","2026-06-15T15:26:11Z","FALSE","CR","","N","FALSE","2026-03-13T13:26:08Z","2026-03-13","2026-06-16","","FALSE","BILT","FALSE","FALSE","TRUE","120,000,000","116,814,775","USD","USD","","","","","","","","","","","","","","","","","","","","","","","","0.039075","0.039075","","","","","","","","","","","false","","","","","","","","","","","","","","","EXPI","","","","1","","","","","","","USD","","","false","","","","","","","","","","","FALSE","","","","","","","","","QZW6JMD69LC6","NA/CDS Corp SN","DTD 05/15/2025"
"3681809062000000201","","NEWT","TRAD","2026-06-15T15:54:12Z","","CR","","N","FALSE","2026-06-15T15:54:12Z","2026-06-15","2057-12-17","","FALSE","BILT","FALSE","FALSE","FALSE","5,000,000","","USD","","","","","","","","","","","","","","","","","","","","","","","","","0.03","","","","","","","","","","","","false","","","","","","A004","","","","","","","","400625.00000","MNTH","","","","1","","","","UFRO","USD","USD","","","","false","1","","","","","","","","","","FALSE","","","","","","","","","QZJRXK09Z9CF","NA/CDS Corp Idx","CMBX.NA.BBB-"
"3681847007000000701","","NEWT","TRAD","2026-06-15T15:57:51Z","","CR","","I","TRUE","2026-06-15T15:57:51Z","2026-03-20","2031-06-20","","FALSE","TPSE","FALSE","FALSE","","20,000,000","","USD","","","","","","","","","","","","","","","","","","","","","","","","","0.05","","","","","","108.41","","USD","","","","false","","","1","","","A004","","","","","","","","","MNTH","","","","3","","","","","","USD","","","","false","0.99","","","","","","","OTHR","","","FALSE","","","","","","","","","QZHH8NT767RX","NA/CDS Corp Idx","CDX.NA.HY"
"3681847003000000301","","NEWT","TRAD","2026-06-15T15:57:39Z","","CR","","I","TRUE","2026-06-15T15:57:39Z","2026-06-16","2031-06-20","","","TWSF","FALSE","FALSE","","20,000,000","","USD","","","","","","","","","","","","","","","","","","","","","","","","","0.05","","","","","","0.01084125","","","","","","false","","","3","","","A004","","","","","","","","1907675.00000","MNTH","","","","3","","","","UFRO","USD","","","","","false","0.99","","","","","","","","","","FALSE","","","","","","","","","QZHH8NT767RX","NA/CDS Corp Idx","CDX.NA.HY"
"3681722685000000101","","NEWT","TRAD","2026-06-15T15:47:27Z","","CR","","I","TRUE","2026-06-15T15:47:27Z","2026-06-16","2031-06-20","","FALSE","BBSF","FALSE","TRUE","","200,000,000","","USD","","","","","","","","","","","","","","","","","","","","","","","","","0.01","","","","","","0.004974","","","","","","false","","","3","","","A004","","","","","","","","5018362.18000","MNTH","","","","3","","","","UFRO","USD","","","","","false","1","","","","","","","","","","FALSE","","","","","","","","","QZ3WVVQG5T8K","NA/CDS Corp Idx","CDX.NA.IG"
"3681740039000000201","","NEWT","TRAD","2026-06-15T15:48:49Z","","CR","","I","TRUE","2026-06-15T15:48:49Z","2026-06-16","2036-06-20","","FALSE","BBSF","FALSE","TRUE","","75,000,000","","USD","","","","","","","","","","","","","","","","","","","","","","","","","0.01","","","","","","0.00898011","","","","","","false","","","3","","","A004","","","","","","","","778701.72000","MNTH","","","","3","","","","UFRO","USD","","","","","false","1","","","","","","","","","","TRUE","","","","0.00399111","","3","","","QZ21S8101WKL","NA/CDS Corp Idx","CDX.NA.IG"
"3681460863000000501","3681458195000000201","MODI","TRAD","2026-06-15T14:58:39Z","TRUE","CR","","I","TRUE","2026-06-15T14:57:27Z","2026-03-20","2031-06-20","","FALSE","TPSE","FALSE","FALSE","","50,000,000","","USD","","","","","","","","","","","","","","","","","","","","","","","","","0.01","","","","","","0.00499","","","","","","false","","","3","","","A004","","","","","","","","","MNTH","","","","3","","","","","","USD","","","","false","1","","","","","","","OTHR","","","TRUE","","","","0.0025","","3","","","QZ3WVVQG5T8K","NA/CDS Corp Idx","CDX.NA.IG"
"3686163394000000101","","NEWT","TRAD","2026-06-15T20:08:38Z","","CR","","I","TRUE","2026-06-15T20:08:38Z","2026-06-16","2031-06-20","","FALSE","BBSF","FALSE","FALSE","","5,000,000","","USD","","","","","","","","","","","","","","","","","","","","","","","","","0.05","","","","","","0.01083722","","","","","","false","","","3","","","A004","","","","","","","","474923.90000","MNTH","","","","3","","","","UFRO","USD","","","","","false","0.99","","","","","","","","","","FALSE","","","","","","","","","QZHH8NT767RX","NA/CDS Corp Idx","CDX.NA.HY"
"3686187612000000101","","NEWT","TRAD","2026-06-15T20:14:00Z","","CR","","I","TRUE","2026-06-15T20:14:00Z","2026-06-16","2031-06-20","","FALSE","BBSF","FALSE","FALSE","","25,000,000","","USD","","","","","","","","","","","","","","","","","","","","","","","","","0.05","","","","","","0.0108365","","","","","","false","","","3","","","A004","","","","","","","","2372837.50000","MNTH","","","","3","","","","UFRO","USD","","","","","false","0.99","","","","","","","","","","FALSE","","","","","","","","","QZHH8NT767RX","NA/CDS Corp Idx","CDX.NA.HY"
"3686240588000000101","3685989805000000401","EROR","","2026-06-15T20:15:57Z","","CR","","I","TRUE","2026-06-15T19:46:34Z","2026-03-20","2031-06-20","","","BILT","FALSE","FALSE","FALSE","75,000,000","","USD","","","","","","","","","","","","","","","","","","","","","","","","","0.01","","","","","","","","","","","","false","","","","","","A004","","","","","","","","1876369.00000","MNTH","","","","3","","","","UFRO","USD","","","","","false","1","","","","","","","","","","FALSE","","","","","","","","","QZ3WVVQG5T8K","NA/CDS Corp Idx","CDX.NA.IG"
"3686262278000000101","","NEWT","TRAD","2026-06-15T20:18:46Z","","CR","","I","TRUE","2026-06-15T20:18:46Z","2026-06-16","2031-06-20","","FALSE","BBSF","FALSE","FALSE","","100,000,000","","USD","","","","","","","","","","","","","","","","","","","","","","","","","0.01","","","","","","0.0049898","","","","","","false","","","3","","","A004","","","","","","","","2501917.18000","MNTH","","","","3","","","","UFRO","USD","","","","","false","1","","","","","","","","","","FALSE","","","","","","","","","QZ3WVVQG5T8K","NA/CDS Corp Idx","CDX.NA.IG"
"3686407680000000201","3686392604000000101","MODI","TRAD","2026-06-15T20:25:15Z","TRUE","CR","","I","TRUE","2026-06-15T20:23:37Z","2026-03-20","2031-06-20","","FALSE","TPSE","FALSE","FALSE","","10,000,000","","USD","","","","","","","","","","","","","","","","","","","","","","","","","0.05","","","","","","108.3675","","USD","","","","false","","","1","","","A004","","","","","","","","","MNTH","","","","3","","","","","","USD","","","","false","0.99","","","","","","","OTHR","","","FALSE","","","","","","","","","QZHH8NT767RX","NA/CDS Corp Idx","CDX.NA.HY"
"3686163395000000201","","NEWT","NOVA","2026-06-15T20:08:51Z","","CR","","N","FALSE","2026-06-15T19:35:22Z","2024-09-20","2029-12-20","","FALSE","BILT","FALSE","FALSE","TRUE","400,000","","USD","","","","","","","","","","","","","","","","","","","","","","","","","0.05","","","","","","","","","","","","false","","","","","","A004","","","","","","","","47088.89000","MNTH","","","","3","","","","UFRO","USD","USD","","","","true","0.98","","","","","","","","","","FALSE","","","","","","","","","QZCSGQZZML3P","NA/CDS Corp Idx Tra","CDX.NA.HY"
"3669603606000000101","","NEWT","TRAD","2026-06-15T03:04:33Z","","CR","","I","FALSE","2026-06-15T03:04:33Z","2026-06-16","2031-06-20","","","TWSF","FALSE","FALSE","","7,000,000","","USD","","","","","","","","","","","","","","","","","","","","","","","","","0.01","","","","","","0.006869","","","","","","false","","","3","","","A004","","","","","","","","115117.01633","MNTH","","","","3","","","","UFRO","USD","","","","","false","1","","","","","","","","","","FALSE","","","","","","","","","QZ1F7JZSZZ7M","NA/CDS Corp Idx","ITRAXX AUSTRALIA"
"3681384689000000101","","NEWT","TRAD","2026-06-15T14:41:18Z","","CR","","I","FALSE","2026-06-15T14:41:18Z","2026-06-16","2031-06-20","","","TWSF","FALSE","TRUE","","41,000,000","","USD","","","","","","","","","","","","","","","","","","","","","","","","","0.01","","","","","","0.009831","","","","","","false","","","3","","","A004","","","","","","","","592676.62468","MNTH","","","","3","","","","UFRO","USD","","","","","false","1","","","","","","","","","","FALSE","","","","","","","","","QZ4JMQKL3P03","NA/CDS Corp Idx","CDX.EM"
"3686014231000000201","","NEWT","TRAD","2026-06-15T19:59:25Z","","CR","","I","TRUE","2026-06-15T19:59:25Z","2026-06-16","2031-06-20","","FALSE","BBSF","FALSE","FALSE","","15,000,000","","USD","","","","","","","","","","","","","","","","","","","","","","","","","0.05","","","","","","0.01083554","","","","","","false","","","3","","","A004","","","","","","","","1422276.90000","MNTH","","","","3","","","","UFRO","USD","","","","","false","0.99","","","","","","","","","","FALSE","","","","","","","","","QZHH8NT767RX","NA/CDS Corp Idx","CDX.NA.HY"
"3681458194000000101","","NEWT","TRAD","2026-06-15T14:57:27Z","","CR","","I","TRUE","2026-06-15T14:57:27Z","2023-09-20","2028-12-20","","FALSE","TPSE","FALSE","FALSE","","96,000,000","","USD","","","","","","","","","","","","","","","","","","","","","","","","","0.01","","","","","","0.00249","","","","","","false","","","3","","","A004","","","","","","","","","MNTH","","","","3","","","","","","USD","","","","false","1","","","","","","","OTHR","","","TRUE","","","","0.0025","","3","","","QZKV15J8S8XX","NA/CDS Corp Idx","CDX.NA.IG"
"3681481824000000501","","NEWT","TRAD","2026-06-15T15:02:57Z","","CR","","I","TRUE","2026-06-15T15:02:57Z","2026-06-16","2031-06-20","","","TWSF","FALSE","FALSE","","25,000,000","","USD","","","","","","","","","","","","","","","","","","","","","","","","","0.05","","","","","","0.0108375","","","","","","false","","","3","","","A004","","","","","","","","2375312.50000","MNTH","","","","3","","","","UFRO","USD","","","","","false","0.99","","","","","","","","","","FALSE","","","","","","","","","QZHH8NT767RX","NA/CDS Corp Idx","CDX.NA.HY"
"3681517162000000101","","NEWT","TRAD","2026-06-15T15:09:31Z","","CR","","I","TRUE","2026-06-15T15:09:31Z","2026-03-20","2031-06-20","","FALSE","TPSE","FALSE","FALSE","","50,000,000","","USD","","","","","","","","","","","","","","","","","","","","","","","","","0.01","","","","","","0.0049888","","","","","","false","","","3","","","A004","","","","","","","","","MNTH","","","","3","","","","","","USD","","","","false","1","","","","","","","OTHR","","","FALSE","","","","","","","","","QZ3WVVQG5T8K","NA/CDS Corp Idx","CDX.NA.IG"
"3681435239000000101","","NEWT","TRAD","2026-06-15T14:51:20Z","","CR","","N","FALSE","2026-06-15T14:51:20Z","2026-06-15","2026-12-15","","FALSE","BILT","FALSE","FALSE","TRUE","55,000,000","","USD","","","","","","","","","","","","","","","","","","","","","","","","","0.0375","0.0375","","","","","","","","","","","false","","","","","","A020","","","","","","","","","YEAR","","","","1","","","","","","USD","","","","true","","","","","","","","","","","FALSE","","","","","","","","","QZ3ZDH7Q8MJ1","NA/CDS Corp SN","DTD 08/15/2024"
"3681546413000000401","3681324202000000101","EROR","","2026-06-15T14:27:55Z","","CR","","I","","2026-06-15T14:27:55Z","2024-09-20","2029-12-20","","","","FALSE","","FALSE","14,000,000","","EUR","","","","","","","","","","","","","","","","","","","","","","","","","0.05","","","","","","","","","","","","false","","","","","","","","","","","","","","1513114.06880","","","","","","","","","UFRO","EUR","","","","","false","0.95999","","","","","","","","","","TRUE","","","","60","","4","","","QZC9WN4TPTDV","NA/CDS Corp Idx","ITRAXX EUROPE CROSSOVER"
"3681446318000000101","","NEWT","TRAD","2026-06-15T14:45:37Z","","CR","","N","FALSE","2026-06-15T14:45:37Z","2026-03-20","2031-06-20","2031-06-20","TRUE","BILT","FALSE","TRUE","TRUE","300,000,000","","EUR","","","","","","","","","","","","","","","","","","","","","","","","2026-10-21","0.05","","1,500,000","EUR","","","","","","","0.035","","false","","","","","3","A004","","","","","","","","","MNTH","","","","3","","","","","","","","","","false","1","","","","","","","","","","FALSE","","","","","","","","","QZX75BBR2PZH","NA/CDS Idx Swt","NA/CDS Corp Idx"
"3681552827000000101","","NEWT","TRAD","2026-06-15T15:14:44Z","","CR","","I","TRUE","2026-06-15T15:14:44Z","2026-06-16","2031-06-20","","FALSE","BBSF","FALSE","FALSE","","100,000,000","","USD","","","","","","","","","","","","","","","","","","","","","","","","","0.01","","","","","","0.0049862","","","","","","false","","","3","","","A004","","","","","","","","2503572.17000","MNTH","","","","3","","","","UFRO","USD","","","","","false","1","","","","","","","","","","FALSE","","","","","","","","","QZ3WVVQG5T8K","NA/CDS Corp Idx","CDX.NA.IG"
"3681294468000000501","","NEWT","TRAD","2026-06-15T14:22:22Z","","CR","","N","FALSE","2026-06-15T14:22:22Z","2026-06-15","2058-12-17","","FALSE","BILT","FALSE","FALSE","FALSE","15,000,000","","USD","","","","","","","","","","","","","","","","","","","","","","","","","0.03","","","","","","","","","","","","false","","","","","","A004","","","","","","","","1061250.00000","MNTH","","","","1","","","","UFRO","USD","USD","","","","false","1","","","","","","","","","","FALSE","","","","","","","","","QZ5PSNZ23199","NA/CDS Corp Idx","CMBX.NA.BBB-"
"3681227058000000201","","NEWT","TRAD","2026-06-15T14:07:26Z","","CR","","I","FALSE","2026-06-15T14:07:26Z","2026-06-16","2031-06-20","","","TWSF","FALSE","FALSE","","62,000,000","","USD","","","","","","","","","","","","","","","","","","","","","","","","","0.01","","","","","","0.004974","","","","","","false","","","3","","","A004","","","","","","","","1555692.28000","MNTH","","","","3","","","","UFRO","USD","","","","","false","1","","","","","","","","","","FALSE","","","","","","","","","QZ3WVVQG5T8K","NA/CDS Corp Idx","CDX.NA.IG"
"3682868083000000201","","NEWT","TRAD","2026-06-15T16:45:58Z","","CR","","I","TRUE","2026-06-15T16:45:58Z","2026-06-16","2031-06-20","","FALSE","BBSF","FALSE","FALSE","","25,000,000","","USD","","","","","","","","","","","","","","","","","","","","","","","","","0.01","","","","","","0.004972","","","","","","false","","","3","","","A004","","","","","","","","627525.16000","MNTH","","","","3","","","","UFRO","USD","","","","","false","1","","","","","","","","","","FALSE","","","","","","","","","QZ3WVVQG5T8K","NA/CDS Corp Idx","CDX.NA.IG"
"3681246053000000101","","NEWT","TRAD","2026-06-15T14:08:50Z","","CR","","I","TRUE","2026-06-15T14:08:50Z","2026-06-16","2031-06-20","","","TWSF","FALSE","FALSE","","2,000,000","","USD","","","","","","","","","","","","","","","","","","","","","","","","","0.05","","","","","","0.0108395","","","","","","false","","","3","","","A004","","","","","","","","190421.00000","MNTH","","","","3","","","","UFRO","USD","","","","","false","0.99","","","","","","","","","","FALSE","","","","","","","","","QZHH8NT767RX","NA/CDS Corp Idx","CDX.NA.HY"
"3681262581000000301","","NEWT","TRAD","2026-06-15T14:13:09Z","","CR","","I","FALSE","2026-06-15T14:13:09Z","2026-03-20","2031-06-20","","FALSE","TPSE","FALSE","FALSE","","15,000,000","","USD","","","","","","","","","","","","","","","","","","","","","","","","","0.01","","","","","","98.3","","USD","","","","false","","","1","","","A004","","","","","","","","","MNTH","","","","3","","","","","","USD","","","","false","1","","","","","","","OTHR","","","FALSE","","","","","","","","","QZ4JMQKL3P03","NA/CDS Corp Idx","CDX.EM"
"3681279708000000101","","NEWT","TRAD","2026-06-15T14:17:31Z","","CR","","I","TRUE","2026-06-15T14:17:31Z","2026-06-16","2031-06-20","","FALSE","BBSF","FALSE","FALSE","","7,000,000","","EUR","","","","","","","","","","","","","","","","","","","","","","","","","0.05","","","","","","0.0249","","","","","","false","","","3","","","A004","","","","","","","","841312.27000","MNTH","","","","3","","","","UFRO","EUR","","","","","false","1","","","","","","","","","","FALSE","","","","","","","","","QZ3HM9KVK2WL","NA/CDS Corp Idx","ITRAXX EUROPE CROSSOVER"
"3681278140000000301","","NEWT","TRAD","2026-06-15T14:17:29Z","","CR","","I","TRUE","2026-06-15T14:17:29Z","2026-06-16","2031-06-20","","FALSE","BBSF","FALSE","FALSE","","85,000,000","","EUR","","","","","","","","","","","","","","","","","","","","","","","","","0.01","","","","","","0.0051415","","","","","","false","","","3","","","A004","","","","","","","","2131769.37000","MNTH","","","","3","","","","UFRO","EUR","","","","","false","1","","","","","","","","","","FALSE","","","","","","","","","QZTQ4GTC5QMF","NA/CDS Corp Idx","ITRAXX EUROPE"
"3681276324000000201","","NEWT","TRAD","2026-06-15T14:16:32Z","","CR","","I","TRUE","2026-06-15T14:16:32Z","2026-06-16","2031-06-20","","FALSE","BBSF","FALSE","FALSE","","10,000,000","","EUR","","","","","","","","","","","","","","","","","","","","","","","","","0.05","","","","","","0.0248974","","","","","","false","","","3","","","A004","","","","","","","","1201997.69000","MNTH","","","","3","","","","UFRO","EUR","","","","","false","1","","","","","","","","","","FALSE","","","","","","","","","QZ3HM9KVK2WL","NA/CDS Corp Idx","ITRAXX EUROPE CROSSOVER"
"3681294465000000201","","NEWT","TRAD","2026-06-15T14:22:10Z","","CR","","I","TRUE","2026-06-15T14:22:10Z","2026-06-16","2031-06-20","","FALSE","BBSF","FALSE","FALSE","","10,000,000","","USD","","","","","","","","","","","","","","","","","","","","","","","","","0.01","","","","","","0.004992","","","","","","false","","","3","","","A004","","","","","","","","250090.58000","MNTH","","","","3","","","","UFRO","USD","","","","","false","1","","","","","","","","","","FALSE","","","","","","","","","QZ3WVVQG5T8K","NA/CDS Corp Idx","CDX.NA.IG"
"3681582729000000101","","NEWT","TRAD","2026-06-15T15:21:26Z","","CR","","I","TRUE","2026-06-15T15:21:26Z","2026-06-16","2031-06-20","","","TWSF","FALSE","FALSE","","150,000,000","","USD","","","","","","","","","","","","","","","","","","","","","","","","","0.01","","","","","","0.0049881","","","","","","false","","","3","","","A004","","","","","","","","3754048.05000","MNTH","","","","3","","","","UFRO","USD","","","","","false","1","","","","","","","","","","FALSE","","","","","","","","","QZ3WVVQG5T8K","NA/CDS Corp Idx","CDX.NA.IG"
"3681288562000000201","","NEWT","TRAD","2026-06-15T14:20:28Z","","CR","","I","TRUE","2026-06-15T14:20:28Z","2026-06-16","2031-06-20","","","TWSF","FALSE","FALSE","","100,000,000","","USD","","","","","","","","","","","","","","","","","","","","","","","","","0.01","","","","","","0.00498616","","","","","","false","","","3","","","A004","","","","","","","","2503590.56000","MNTH","","","","3","","","","UFRO","USD","","","","","false","1","","","","","","","","","","FALSE","","","","","","","","","QZ3WVVQG5T8K","NA/CDS Corp Idx","CDX.NA.IG"
"3685066948000000101","","NEWT","TRAD","2026-06-15T18:08:54Z","","CR","","N","FALSE","2026-06-15T18:08:54Z","2026-06-16","2026-06-20","2026-06-20","FALSE","BILT","FALSE","FALSE","TRUE","50,000,000","","USD","","","","","","","","","","","","","","","","","","","","","","","","","","","","","","","","","","","","","false","","","","","","A004","","","","","","","","444090.99000","MNTH","","","","3","","","","UFRO","USD","","","","","false","1","","","","","","","","","","FALSE","","","","","","","","","QZ9206MF0QMZ","NA/CDS Corp Idx","IBOXX USD LIQUID IG"
"3676577093000000101","","NEWT","TRAD","2026-06-15T09:05:37Z","","CR","","I","TRUE","2026-06-15T09:05:37Z","2026-06-16","2026-12-20","","FALSE","BBSF","FALSE","TRUE","","200,000,000","","EUR","","","","","","","","","","","","","","","","","","","","","","","","","0.01","","","","","","0.000517","","","","","","false","","","3","","","A004","","","","","","","","1470458.30000","MNTH","","","","3","","","","UFRO","EUR","","","","","false","1","","","","","","","","","","FALSE","","","","","","","","","QZVGDQ9GN00T","NA/CDS Corp Idx","ITRAXX EUROPE"
"3678458636000000301","","NEWT","TRAD","2026-06-15T09:42:26Z","","CR","","I","TRUE","2026-06-15T09:42:26Z","2026-06-16","2030-12-20","","","TWSF","FALSE","FALSE","","2,000,000","","EUR","","","","","","","","","","","","","","","","","","","","","","","","","0.05","","","","","","0.02154444","","","","","","false","","","3","","","A004","","","","","","","","251233.67404","MNTH","","","","3","","","","UFRO","EUR","","","","","false","1","","","","","","","","","","FALSE","","","","","","","","","QZ5F5FRS4TR9","NA/CDS Corp Idx","ITRAXX EUROPE CROSSOVER"
"3685989805000000401","","NEWT","TRAD","2026-06-15T19:46:34Z","","CR","","I","TRUE","2026-06-15T19:46:34Z","2026-03-20","2031-06-20","","","BILT","FALSE","FALSE","FALSE","75,000,000","","USD","","","","","","","","","","","","","","","","","","","","","","","","","0.01","","","","","","","","","","","","false","","","","","","A004","","","","","","","","1876369.00000","MNTH","","","","3","","","","UFRO","USD","","","","","false","1","","","","","","","","","","FALSE","","","","","","","","","QZ3WVVQG5T8K","NA/CDS Corp Idx","CDX.NA.IG"
"3686001301000000201","3686000558000000101","MODI","TRAD","2026-06-15T19:54:03Z","TRUE","CR","","I","TRUE","2026-06-15T19:53:34Z","2026-03-20","2031-06-20","","FALSE","TPSE","FALSE","FALSE","","75,000,000","","USD","","","","","","","","","","","","","","","","","","","","","","","","","0.01","","","","","","0.00499","","","","","","false","","","3","","","A004","","","","","","","","","MNTH","","","","3","","","","","","USD","","","","false","1","","","","","","","OTHR","","","FALSE","","","","","","","","","QZ3WVVQG5T8K","NA/CDS Corp Idx","CDX.NA.IG"
"3686006860000000101","3685992859000000101","MODI","TRAD","2026-06-15T19:49:21Z","TRUE","CR","","I","TRUE","2026-06-15T19:47:26Z","2026-03-20","2031-06-20","","","BILT","FALSE","FALSE","FALSE","15,000,000","","USD","","","","","","","","","","","","","","","","","","","","","","","","","0.05","","","","","","","","","","","","false","","","","","","A004","","","","","","","","1423703.00000","MNTH","","","","3","","","","UFRO","USD","","","","","false","0.99","","","","","","","","","","FALSE","","","","","","","","","QZHH8NT767RX","NA/CDS Corp Idx","CDX.NA.HY"
"3685215004000000201","","NEWT","TRAD","2026-06-15T18:49:17Z","","CR","","N","FALSE","2026-06-15T18:49:17Z","2026-06-16","2026-06-20","","FALSE","BILT","FALSE","FALSE","TRUE","25,000,000","25,000,000","USD","USD","","","","","","","","","","","","","","","","","","","","","","","","0","","","","","","","","","","","","false","","","","","","A004","","","A004","","DAIL","","1","222044.71000","EXPI","","","MNTH","1","","","3","UFRO","USD","USD","USD","","","false","1","","","","","","","","","","FALSE","","","","","","","","","QZWXPJXW9QF5","NA/CDS Corp Idx","IBOXX USD LIQUID LEVERAGED LOANS INDEX"
"3681155828000000101","","NEWT","TRAD","2026-06-15T13:51:44Z","","CR","","I","TRUE","2026-06-15T13:51:44Z","2026-06-16","2031-06-20","","FALSE","BBSF","FALSE","TRUE","","200,000,000","","USD","","","","","","","","","","","","","","","","","","","","","","","","","0.01","","","","","","0.0049744","","","","","","false","","","3","","","A004","","","","","","","","5017994.37000","MNTH","","","","3","","","","UFRO","USD","","","","","false","1","","","","","","","","","","FALSE","","","","","","","","","QZ3WVVQG5T8K","NA/CDS Corp Idx","CDX.NA.IG"
"3683242995000000201","3683112776000000101","TERM","ETRM","2026-06-15T17:03:38Z","","CR","","N","","2026-06-15T17:01:48Z","2026-06-16","2026-06-17","2031-06-20","FALSE","BILT","FALSE","","FALSE","50,000,000","","USD","","","","","","","","","","","","","","","","","","","","","","","","2026-06-17","0.01","","10,750","USD","","","","","","","50","USD","false","","","","","1","","","","","","","","","","","","","","","","","","","","","","","","false","","","","","","","","","","","FALSE","","","","","","","","","QZT4QS79CCTS","NA/CDS Idx Swt","NA/CDS Corp Idx"
"3681403087000000301","","NEWT","TRAD","2026-06-15T14:44:52Z","","CR","","N","TRUE","2026-06-15T14:44:52Z","2026-03-20","2031-06-20","","FALSE","BMTF","FALSE","FALSE","FALSE","13,000,000","","USD","","","","","","","","","","","","","","","","","","","","","","","","","0.05","","","","","","","","","","","","false","","","","","","A004","","","","","","","","1234222.99520","MNTH","","","","3","","","","UFRO","USD","","","","","false","0.99","","","","","","","","","","FALSE","","","","","","","","","QZHH8NT767RX","NA/CDS Corp Idx","CDX.NA.HY"
"3685182980000000101","3685017657000000101","EROR","","2026-06-15T18:30:46Z","","CR","","","","2026-06-15T17:57:24Z","2026-06-15","2026-06-17","","","","","","FALSE","","","","","","","","","","","","","","","","","","","","","","","","","","","","0.05","","","","","","","","","","","","","","","","","","","","","","","","","","","","","","","","","","","","","","","","","","","","","","","","","","","","","","","","","","","","","QZHRHKT5ZH3K","NA/CDS Idx Swt","NA/CDS Corp Idx"
"3685969069000000101","","NEWT","TRAD","2026-06-15T19:41:42Z","","CR","","I","TRUE","2026-06-15T19:41:42Z","2026-06-16","2031-06-20","","","TWSF","FALSE","FALSE","","12,000,000","","USD","","","","","","","","","","","","","","","","","","","","","","","","","0.05","","","","","","0.0108367","","","","","","false","","","3","","","A004","","","","","","","","1139195.80267","MNTH","","","","3","","","","UFRO","USD","","","","","false","0.99","","","","","","","","","","FALSE","","","","","","","","","QZHH8NT767RX","NA/CDS Corp Idx","CDX.NA.HY"
"3685174500000000501","3685022296000000201","CORR","","2026-06-15T18:33:03Z","","CR","","N","FALSE","2026-06-15T17:59:14Z","2026-06-15","2026-08-19","2031-06-20","FALSE","BILT","FALSE","FALSE","TRUE","37,000,000","","USD","","","","","","","","","","","","","","","","","","","","","","","","2026-08-19","0.05","","98,901.08153","USD","","","","","","","0.0105","","false","","","","","3","A004","","","","","","","","","MNTH","","","","3","","","","","","","","","","false","0.99","","","","","","","","","","FALSE","","","","","","","","","QZHJMSG8W2ZX","NA/CDS Idx Swt","NA/CDS Corp Idx"
"3685186960000000101","3685017661000000501","EROR","","2026-06-15T18:32:21Z","","CR","","","","2026-06-15T17:58:29Z","2026-06-15","2026-06-17","","","","","","FALSE","","","","","","","","","","","","","","","","","","","","","","","","","","","","0.05","","","","","","","","","","","","","","","","","","","","","","","","","","","","","","","","","","","","","","","","","","","","","","","","","","","","","","","","","","","","","QZHRHKT5ZH3K","NA/CDS Idx Swt","NA/CDS Corp Idx"
"3685296409000000101","","NEWT","TRAD","2026-06-15T18:59:25Z","","CR","","I","TRUE","2026-06-15T18:59:25Z","2026-06-16","2031-06-20","","FALSE","BBSF","FALSE","FALSE","","25,000,000","","USD","","","","","","","","","","","","","","","","","","","","","","","","","0.05","","","","","","0.01083775","","","","","","false","","","3","","","A004","","","","","","","","2375931.25000","MNTH","","","","3","","","","UFRO","USD","","","","","false","0.99","","","","","","","","","","FALSE","","","","","","","","","QZHH8NT767RX","NA/CDS Corp Idx","CDX.NA.HY"
"3684118150000000301","3059651837000000201","TERM","ETRM","2026-06-15T17:17:46Z","","CR","","N","","2026-05-11T14:57:00Z","2026-05-12","2026-07-15","2031-06-20","FALSE","BILT","FALSE","","FALSE","400,000,000+","","USD","","","","","","","","","","","","","","","","","","","","","","","","2026-07-15","0.01","","504,996.84375","USD","","","","","","","57.5","USD","false","","","","","1","","","","","","","","","","","","","","","","","","","","","","","","false","","","","","","","","","","","FALSE","","","","","","","","","QZ7WW76RFHN3","NA/CDS Idx Swt","NA/CDS Corp Idx"
"3685937762000000201","","NEWT","TRAD","2026-06-15T19:20:22Z","","CR","","I","TRUE","2026-06-15T19:20:22Z","2026-06-16","2030-12-20","","FALSE","BBSF","FALSE","FALSE","","8,000,000","","USD","","","","","","","","","","","","","","","","","","","","","","","","","0.05","","","","","","0.01084481","","","","","","false","","","3","","","A004","","","","","","","","758153.26000","MNTH","","","","3","","","","UFRO","USD","","","","","false","0.98","","","","","","","","","","FALSE","","","","","","","","","QZMD5JCHG48C","NA/CDS Corp Idx","CDX.NA.HY"
"3685973428000000101","","NEWT","TRAD","2026-06-15T19:43:58Z","","CR","","I","TRUE","2026-06-15T19:43:58Z","2026-06-16","2031-06-20","","FALSE","BBSF","FALSE","FALSE","","8,000,000","","USD","","","","","","","","","","","","","","","","","","","","","","","","","0.05","","","","","","0.0108364","","","","","","false","","","3","","","A004","","","","","","","","759228.80000","MNTH","","","","3","","","","UFRO","USD","","","","","false","0.99","","","","","","","","","","FALSE","","","","","","","","","QZHH8NT767RX","NA/CDS Corp Idx","CDX.NA.HY"
"3671581986000000101","","NEWT","TRAD","2026-06-15T07:26:43Z","","CR","","I","TRUE","2026-06-15T07:26:43Z","2026-06-16","2031-06-20","","FALSE","BBSF","FALSE","FALSE","","10,000,000","","EUR","","","","","","","","","","","","","","","","","","","","","","","","","0.05","","","","","","0.0248064","","","","","","false","","","3","","","A004","","","","","","","","1206304.82000","MNTH","","","","3","","","","UFRO","EUR","","","","","false","1","","","","","","","","","","FALSE","","","","","","","","","QZ3HM9KVK2WL","NA/CDS Corp Idx","ITRAXX EUROPE CROSSOVER"
"3670323576000000301","","NEWT","TRAD","2026-06-15T06:54:26Z","","CR","","I","TRUE","2026-06-15T06:54:26Z","2026-06-16","2031-06-20","","","TWSF","FALSE","FALSE","","62,000,000","","EUR","","","","","","","","","","","","","","","","","","","","","","","","","0.01","","","","","","0.005125","","","","","","false","","","3","","","A004","","","","","","","","1559797.28777","MNTH","","","","3","","","","UFRO","EUR","","","","","false","1","","","","","","","","","","FALSE","","","","","","","","","QZTQ4GTC5QMF","NA/CDS Corp Idx","ITRAXX EUROPE"
"3682234805000000101","","NEWT","TRAD","2026-06-15T16:10:09Z","","CR","","N","FALSE","2026-06-15T16:10:09Z","2026-10-21","2026-10-21","","FALSE","BILT","FALSE","FALSE","TRUE","400,000,000+","","USD","","","","","","","","","","","","","","","","","","","","","","","","2026-10-21","","","429,997.3125","USD","","","","","","","0.01","","false","","","","","3","A004","","","","","","","","0.00000","MNTH","","","","3","","","","UFRO","USD","","","","","false","","","","","","","","","","","FALSE","","","","","","","","","QZT4QS79CCTS","NA/CDS Idx Swt","NA/CDS Corp Idx"
"3682125816000000101","","NEWT","NOVA","2026-06-15T16:10:36Z","","CR","","N","FALSE","2026-06-15T16:10:11Z","2026-06-13","2026-06-17","2031-06-20","FALSE","BILT","FALSE","FALSE","TRUE","100,000,000","","EUR","","","","","","","","","","","","","","","","","","","","","","","","2026-06-17","0.05","","235,000.05875","EUR","","","","","","","275","EUR","false","","","","","1","A004","","","","","","","","","MNTH","","","","3","","","","","","","","","","false","","","","","","","","","","","TRUE","9.9999999999","","3","","","","","","QZWDX55NJN4V","NA/CDS Idx Swt","NA/CDS Corp Idx"
"3671651691000000101","","NEWT","TRAD","2026-06-15T07:29:04Z","","CR","","I","TRUE","2026-06-15T07:29:04Z","2026-06-16","2030-12-20","","FALSE","BBSF","FALSE","TRUE","","164,216,996+","","EUR","","","","","","","","","","","","","","","","","","","","","","","","","0.01","","","","","","0.00463","","","","","","false","","","3","","","A004","","","","","","","","4140267.00224","MNTH","","","","3","","","","UFRO","EUR","","","","","false","1","","","","","","","","","","TRUE","","","","0.000485","","3","","","QZFB31MBHLT9","NA/CDS Corp Idx","ITRAXX EUROPE"
"3681016536000001001","","NEWT","TRAD","2026-06-15T13:31:51Z","","CR","","I","TRUE","2026-06-15T13:31:51Z","2026-06-16","2031-06-20","","FALSE","BBSF","FALSE","FALSE","","10,000,000","","EUR","","","","","","","","","","","","","","","","","","","","","","","","","0.01","","","","","","0.005124","","","","","","false","","","3","","","A004","","","","","","","","251628.00000","MNTH","","","","3","","","","UFRO","EUR","","","","","false","1","","","","","","","","","","FALSE","","","","","","","","","QZTQ4GTC5QMF","NA/CDS Corp Idx","ITRAXX EUROPE"
"3681591640000000401","3681589845000000201","MODI","TRAD","2026-06-15T15:24:40Z","TRUE","CR","","I","TRUE","2026-06-15T15:23:16Z","2026-03-20","2031-06-20","","FALSE","TPSE","FALSE","FALSE","","50,000,000","","USD","","","","","","","","","","","","","","","","","","","","","","","","","0.01","","","","","","0.00499","","","","","","false","","","3","","","A004","","","","","","","","","MNTH","","","","3","","","","","","USD","","","","false","1","","","","","","","OTHR","","","TRUE","","","","0.0025","","3","","","QZ3WVVQG5T8K","NA/CDS Corp Idx","CDX.NA.IG"
"3680907978000000201","","NEWT","TRAD","2026-06-15T13:18:58Z","","CR","","I","TRUE","2026-06-15T13:18:58Z","2026-06-16","2031-06-20","","","TWSF","FALSE","FALSE","","10,000,000","","USD","","","","","","","","","","","","","","","","","","","","","","","","","0.05","","","","","","0.01083941","","","","","","false","","","3","","","A004","","","","","","","","952015.90000","MNTH","","","","3","","","","UFRO","USD","","","","","false","0.99","","","","","","","","","","FALSE","","","","","","","","","QZHH8NT767RX","NA/CDS Corp Idx","CDX.NA.HY"
"3680907977000000101","","NEWT","TRAD","2026-06-15T13:18:53Z","","CR","","I","TRUE","2026-06-15T13:18:53Z","2026-06-16","2031-06-20","","FALSE","BBSF","FALSE","FALSE","","100,000,000","","USD","","","","","","","","","","","","","","","","","","","","","","","","","0.01","","","","","","0.004976","","","","","","false","","","3","","","A004","","","","","","","","2508261.56000","MNTH","","","","3","","","","UFRO","USD","","","","","false","1","","","","","","","","","","FALSE","","","","","","","","","QZ3WVVQG5T8K","NA/CDS Corp Idx","CDX.NA.IG"
"3687422976000000101","3555341574000000301","CORR","","2026-06-15T21:05:25Z","","CR","","N","FALSE","2026-06-05T21:27:54Z","2026-06-07","2064-11-15","2064-11-15","TRUE","BILT","FALSE","FALSE","TRUE","170,000,000","","USD","","","","","","","","","","","","","","","","","","","","","","","","","","","","","","","1","","","","","","false","","","4","","","","","A004","","DAIL","","1","","","","","","","","","","","","","USD","","","","true","","","","","","","","OPET","","","FALSE","","","","","","","","","QZWBC8GZ8TBN","NA/CDS Corp Oth","Basket"
"3679367849000000101","","NEWT","TRAD","2026-06-15T10:27:43Z","","CR","","I","TRUE","2026-06-15T10:27:43Z","2026-06-16","2030-12-20","","FALSE","BBSF","FALSE","FALSE","","5,000,000","","EUR","","","","","","","","","","","","","","","","","","","","","","","","","0.01","","","","","","0.00462","","","","","","false","","","3","","","A004","","","","","","","","126276.75000","MNTH","","","","3","","","","UFRO","EUR","","","","","false","1","","","","","","","","","","FALSE","","","","","","","","","QZFB31MBHLT9","NA/CDS Corp Idx","ITRAXX EUROPE"
"3679113868000000101","","NEWT","NOVA","2026-06-15T10:09:30Z","","CR","","N","TRUE","2026-06-15T10:09:30Z","2026-06-12","2031-06-20","","FALSE","BILT","FALSE","FALSE","FALSE","10,000,000","","EUR","","","","","","","","","","","","","","","","","","","","","","","","","0.05","","","","","","","","","","","","false","","","","","","A004","","","","","","","","","MNTH","","","","3","","","","","","","","","","false","1","","","","","","","","","","FALSE","","","","","","","","","QZ3HM9KVK2WL","NA/CDS Corp Idx","ITRAXX EUROPE CROSSOVER"
"3679271938000000101","2073845242000000201","TERM","NOVA","2026-06-15T10:20:58Z","","CR","","N","FALSE","2026-02-13T13:45:56Z","2026-02-13","2026-06-13","","FALSE","BILT","FALSE","FALSE","TRUE","40,000,000","","EUR","","","","","","","","","","","","","","","","","","","","","","","","","0.05","","","","","","","","","","","","false","","","","","","A004","","","","","","","","5746000.00000","MNTH","","","","3","","","","UFRO","EUR","","","","","false","1","","","","","","","","","","FALSE","","","","","","","","","QZB5DPT9MS3H","NA/CDS Corp Idx Tra","ITRAXX EUROPE CROSSOVER"
"3680952468000000201","","NEWT","TRAD","2026-06-15T13:24:20Z","","CR","","I","FALSE","2026-06-15T13:24:20Z","2026-06-16","2031-06-20","","FALSE","BBSF","FALSE","FALSE","","2,000,000","","EUR","","","","","","","","","","","","","","","","","","","","","","","","","0.01","","","","","","0.00537","","","","","","false","","","3","","","A004","","","","","","","","47989.71749","MNTH","","","","3","","","","UFRO","EUR","","","","","false","1","","","","","","","","","","FALSE","","","","","","","","","QZTB38W3WJ98","NA/CDS Corp Idx","ITRAXX EUROPE SENIOR FINANCIALS"
"3681255004000000101","","NEWT","TRAD","2026-06-15T14:11:36Z","","CR","","I","TRUE","2026-06-15T14:11:36Z","2026-06-16","2031-06-20","","FALSE","BBSF","FALSE","FALSE","","20,000,000","","EUR","","","","","","","","","","","","","","","","","","","","","","","","","0.01","","","","","","0.0051384","","","","","","false","","","3","","","A004","","","","","","","","501887.40000","MNTH","","","","3","","","","UFRO","EUR","","","","","false","1","","","","","","","","","","FALSE","","","","","","","","","QZTQ4GTC5QMF","NA/CDS Corp Idx","ITRAXX EUROPE"
"3681016533000000701","","NEWT","TRAD","2026-06-15T13:31:40Z","","CR","","I","TRUE","2026-06-15T13:31:40Z","2026-06-16","2031-06-20","","FALSE","BBSF","FALSE","FALSE","","90,000,000","","USD","","","","","","","","","","","","","","","","","","","","","","","","","0.01","","","","","","0.004971","","","","","","false","","","3","","","A004","","","","","","","","2259504.38000","MNTH","","","","3","","","","UFRO","USD","","","","","false","1","","","","","","","","","","FALSE","","","","","","","","","QZ3WVVQG5T8K","NA/CDS Corp Idx","CDX.NA.IG"
"3681016530000000401","","NEWT","TRAD","2026-06-15T13:31:24Z","","CR","","I","TRUE","2026-06-15T13:31:24Z","2026-06-16","2031-06-20","","FALSE","BBSF","FALSE","FALSE","","10,000,000","","USD","","","","","","","","","","","","","","","","","","","","","","","","","0.05","","","","","","0.010841","","","","","","false","","","3","","","A004","","","","","","","","953590.00000","MNTH","","","","3","","","","UFRO","USD","","","","","false","0.99","","","","","","","","","","FALSE","","","","","","","","","QZHH8NT767RX","NA/CDS Corp Idx","CDX.NA.HY"
"3681016528000000201","","NEWT","TRAD","2026-06-15T13:31:18Z","","CR","","I","TRUE","2026-06-15T13:31:18Z","2026-06-16","2031-06-20","","FALSE","BBSF","FALSE","FALSE","","180,000,000","","USD","","","","","","","","","","","","","","","","","","","","","","","","","0.01","","","","","","0.004964","","","","","","false","","","3","","","A004","","","","","","","","4524823.42903","MNTH","","","","3","","","","UFRO","USD","","","","","false","1","","","","","","","","","","TRUE","","","","0.000415","","3","","","QZ3WVVQG5T8K","NA/CDS Corp Idx","CDX.NA.IG"
"3681049160000000101","","NEWT","TRAD","2026-06-15T13:34:22Z","","CR","","I","TRUE","2026-06-15T13:34:22Z","2026-06-16","2031-06-20","","","TWSF","FALSE","FALSE","","50,000,000","","EUR","","","","","","","","","","","","","","","","","","","","","","","","","0.01","","","","","","0.00513","","","","","","false","","","3","","","A004","","","","","","","","1256714.32000","MNTH","","","","3","","","","UFRO","EUR","","","","","false","1","","","","","","","","","","FALSE","","","","","","","","","QZTQ4GTC5QMF","NA/CDS Corp Idx","ITRAXX EUROPE"
"3670626940000000101","","NEWT","TRAD","2026-06-15T07:03:57Z","","CR","","I","TRUE","2026-06-15T07:03:57Z","2026-06-16","2031-06-20","","FALSE","BBSF","FALSE","FALSE","","50,000,000","","EUR","","","","","","","","","","","","","","","","","","","","","","","","","0.01","","","","","","0.005117","","","","","","false","","","3","","","A004","","","","","","","","1259803.35000","MNTH","","","","3","","","","UFRO","EUR","","","","","false","1","","","","","","","","","","FALSE","","","","","","","","","QZTQ4GTC5QMF","NA/CDS Corp Idx","ITRAXX EUROPE"
"3671161274000000201","","NEWT","TRAD","2026-06-15T07:17:38Z","","CR","","I","TRUE","2026-06-15T07:17:38Z","2026-06-16","2031-06-20","","","TWSF","FALSE","FALSE","","75,000,000","","EUR","","","","","","","","","","","","","","","","","","","","","","","","","0.01","","","","","","0.0051066","","","","","","false","","","3","","","A004","","","","","","","","1893412.23000","MNTH","","","","3","","","","UFRO","EUR","","","","","false","1","","","","","","","","","","FALSE","","","","","","","","","QZTQ4GTC5QMF","NA/CDS Corp Idx","ITRAXX EUROPE"
"3681394180000000101","","NEWT","TRAD","2026-06-15T14:43:15Z","","CR","","I","FALSE","2026-06-15T14:43:15Z","2026-06-16","2031-06-20","","","TWSF","FALSE","FALSE","","6,000,000","","USD","","","","","","","","","","","","","","","","","","","","","","","","","0.01","","","","","","0.009829","","","","","","false","","","3","","","A004","","","","","","","","87933.15317","MNTH","","","","3","","","","UFRO","USD","","","","","false","1","","","","","","","","","","FALSE","","","","","","","","","QZ4JMQKL3P03","NA/CDS Corp Idx","CDX.EM"
"3681346894000000101","","NEWT","TRAD","2026-06-15T14:32:56Z","","CR","","I","TRUE","2026-06-15T14:32:56Z","2026-06-16","2031-06-20","","FALSE","BBSF","FALSE","FALSE","","26,000,000","","EUR","","","","","","","","","","","","","","","","","","","","","","","","","0.05","","","","","","0.024883","","","","","","false","","","3","","","A004","","","","","","","","3126965.54000","MNTH","","","","3","","","","UFRO","EUR","","","","","false","1","","","","","","","","","","FALSE","","","","","","","","","QZ3HM9KVK2WL","NA/CDS Corp Idx","ITRAXX EUROPE CROSSOVER"
"3681186937000000301","","NEWT","TRAD","2026-06-15T14:00:29Z","","CR","","I","TRUE","2026-06-15T14:00:29Z","2026-06-16","2031-06-20","","","TWSF","FALSE","FALSE","","20,000,000","","EUR","","","","","","","","","","","","","","","","","","","","","","","","","0.01","","","","","","0.005138","","","","","","false","","","3","","","A004","","","","","","","","501925.41000","MNTH","","","","3","","","","UFRO","EUR","","","","","false","1","","","","","","","","","","FALSE","","","","","","","","","QZTQ4GTC5QMF","NA/CDS Corp Idx","ITRAXX EUROPE"
"3681167474000000101","","NEWT","TRAD","2026-06-15T13:55:36Z","","CR","","I","TRUE","2026-06-15T13:55:36Z","2026-06-16","2031-06-20","","","TWSF","FALSE","FALSE","","16,000,000","","EUR","","","","","","","","","","","","","","","","","","","","","","","","","0.05","","","","","","0.024829","","","","","","false","","","3","","","A004","","","","","","","","1928375.76000","MNTH","","","","3","","","","UFRO","EUR","","","","","false","1","","","","","","","","","","FALSE","","","","","","","","","QZ3HM9KVK2WL","NA/CDS Corp Idx","ITRAXX EUROPE CROSSOVER"
"3681183186000000301","","NEWT","TRAD","2026-06-15T13:59:28Z","","CR","","I","TRUE","2026-06-15T13:59:28Z","2026-06-16","2030-12-20","","FALSE","BBSF","FALSE","FALSE","","3,000,000","","EUR","","","","","","","","","","","","","","","","","","","","","","","","","0.05","","","","","","0.02159035","","","","","","false","","","3","","","A004","","","","","","","","376244.69000","MNTH","","","","3","","","","UFRO","EUR","","","","","false","1","","","","","","","","","","TRUE","","","","0.0033345","","3","","","QZ5F5FRS4TR9","NA/CDS Corp Idx","ITRAXX EUROPE CROSSOVER"
"3681189200000000101","","NEWT","TRAD","2026-06-15T14:01:06Z","","CR","","I","TRUE","2026-06-15T14:01:06Z","2026-06-16","2031-06-20","","FALSE","BBSF","FALSE","FALSE","","13,000,000","","EUR","","","","","","","","","","","","","","","","","","","","","","","","","0.01","","","","","","0.005135","","","","","","false","","","3","","","A004","","","","","","","","326438.09600","MNTH","","","","3","","","","UFRO","EUR","","","","","false","1","","","","","","","","","","FALSE","","","","","","","","","QZTQ4GTC5QMF","NA/CDS Corp Idx","ITRAXX EUROPE"
"3682880469000000101","3682779123000000101","MODI","TRAD","2026-06-15T16:41:29Z","TRUE","CR","","I","FALSE","2026-06-15T16:39:52Z","2026-03-20","2031-06-20","","FALSE","BILT","FALSE","FALSE","TRUE","50,000,000+","","USD","","","","","","","","","","","","","","","","","","","","","","","","","0.01","","","","","","","","","","","","false","","","","","","A004","","","","","","","","","MNTH","","","","3","","","","","","USD","","","","false","1","","","","","","","","","","FALSE","","","","","","","","","QZ4JMQKL3P03","NA/CDS Corp Idx","CDX.EM"
"3681327123000000301","","NEWT","TRAD","2026-06-15T14:29:34Z","","CR","","I","FALSE","2026-06-15T14:29:34Z","2026-06-16","2031-06-20","","","TWSF","FALSE","FALSE","","8,000,000","","USD","","","","","","","","","","","","","","","","","","","","","","","","","0.05","","","","","","0.01083715","","","","","","false","","","3","","","A004","","","","","","","","759826.40434","MNTH","","","","3","","","","UFRO","USD","","","","","false","0.99","","","","","","","","","","FALSE","","","","","","","","","QZHH8NT767RX","NA/CDS Corp Idx","CDX.NA.HY"
"3681120364000000101","","NEWT","TRAD","2026-06-15T13:39:49Z","","CR","","N","FALSE","2026-06-15T13:39:49Z","2026-03-20","2026-07-15","2031-06-20","FALSE","BILT","FALSE","FALSE","TRUE","350,000,000","","USD","","","","","","","","","","","","","","","","","","","","","","","","2026-07-15","0.01","","222,250","USD","","","","","","","0.005","","false","","","","","3","A004","","","","","","","","","MNTH","","","","3","","","","","","","","","","false","1","","","","","","","","","","FALSE","","","","","","","","","QZT4QS79CCTS","NA/CDS Idx Swt","NA/CDS Corp Idx"
"3681291346000000101","","NEWT","TRAD","2026-06-15T14:21:05Z","","CR","","I","TRUE","2026-06-15T14:21:05Z","2026-06-16","2031-06-20","","FALSE","BBSF","FALSE","TRUE","","35,000,000","","EUR","","","","","","","","","","","","","","","","","","","","","","","","","0.05","","","","","","0.0249","","","","","","false","","","3","","","A004","","","","","","","","4206573.36214","MNTH","","","","3","","","","UFRO","EUR","","","","","false","1","","","","","","","","","","FALSE","","","","","","","","","QZ3HM9KVK2WL","NA/CDS Corp Idx","ITRAXX EUROPE CROSSOVER"
"3681150828000000301","","NEWT","TRAD","2026-06-15T13:50:29Z","","CR","","I","FALSE","2026-06-15T13:50:29Z","2026-06-16","2031-06-20","","FALSE","BBSF","FALSE","FALSE","","45,000,000","","EUR","","","","","","","","","","","","","","","","","","","","","","","","","0.01","","","","","","0.0053725","","","","","","false","","","3","","","A004","","","","","","","","1079236.67000","MNTH","","","","3","","","","UFRO","EUR","","","","","false","1","","","","","","","","","","FALSE","","","","","","","","","QZTB38W3WJ98","NA/CDS Corp Idx","ITRAXX EUROPE SENIOR FINANCIALS"
"3681338783000000101","","NEWT","TRAD","2026-06-15T14:31:35Z","","CR","","I","TRUE","2026-06-15T14:31:35Z","2026-06-16","2031-06-20","","FALSE","BBSF","FALSE","FALSE","","10,000,000","","EUR","","","","","","","","","","","","","","","","","","","","","","","","","0.01","","","","","","0.0051326","","","","","","false","","","3","","","A004","","","","","","","","251219.31000","MNTH","","","","3","","","","UFRO","EUR","","","","","false","1","","","","","","","","","","FALSE","","","","","","","","","QZTQ4GTC5QMF","NA/CDS Corp Idx","ITRAXX EUROPE"
"3680107502000000201","","NEWT","TRAD","2026-06-15T11:56:28Z","FALSE","CR","","N","FALSE","2026-06-15T11:56:28Z","2026-06-15","2027-08-13","","FALSE","BILT","FALSE","FALSE","TRUE","83,871,384","2,000,000","EGP","USD","","","","","","","","","","","","","","","","","","","","","","","","0.25318","","","","","","","","","","","","false","","","","","","A008","","","A004","","DAIL","","1","","MNTH","","","MNTH","3","","","3","","","USD","","","","false","","","","","","","","","","","FALSE","","","","","","","","","QZZ5BFGPTZ0B","NA/CDS Corp SN","No name obtainable"
"3680097656000000201","","NEWT","TRAD","2026-06-15T11:56:38Z","","CR","","I","TRUE","2026-06-15T11:56:38Z","2026-03-20","2031-06-20","","FALSE","TPSE","FALSE","FALSE","","5,000,000","","USD","","","","","","","","","","","","","","","","","","","","","","","","","0.05","","","","","","108.405","","USD","","","","false","","","1","","","A004","","","","","","","","","MNTH","","","","3","","","","","","USD","","","","false","0.99","","","","","","","OTHR","","","FALSE","","","","","","","","","QZHH8NT767RX","NA/CDS Corp Idx","CDX.NA.HY"
"3680117972000000201","","NEWT","TRAD","2026-06-15T12:00:30Z","","CR","","I","TRUE","2026-06-15T12:00:30Z","2026-03-20","2031-06-20","","FALSE","TPSE","FALSE","FALSE","","10,000,000","","USD","","","","","","","","","","","","","","","","","","","","","","","","","0.05","","","","","","108.41","","USD","","","","false","","","1","","","A004","","","","","","","","","MNTH","","","","3","","","","","","USD","","","","false","0.99","","","","","","","OTHR","","","FALSE","","","","","","","","","QZHH8NT767RX","NA/CDS Corp Idx","CDX.NA.HY"
"3680037871000000101","","NEWT","TRAD","2026-06-15T11:46:42Z","","CR","","I","FALSE","2026-06-15T11:46:42Z","2026-06-16","2031-06-20","","","TWSF","FALSE","FALSE","","6,000,000","","USD","","","","","","","","","","","","","","","","","","","","","","","","","0.01","","","","","","0.0098273","","","","","","false","","","3","","","A004","","","","","","","","88953.58012","MNTH","","","","3","","","","UFRO","USD","","","","","false","1","","","","","","","","","","FALSE","","","","","","","","","QZ4JMQKL3P03","NA/CDS Corp Idx","CDX.EM"
"3680107501000000101","","NEWT","TRAD","2026-06-15T11:58:04Z","","CR","","I","TRUE","2026-06-15T11:58:04Z","2026-06-16","2031-06-20","","","TWSF","FALSE","FALSE","","44,000,000","","EUR","","","","","","","","","","","","","","","","","","","","","","","","","0.01","","","","","","0.0051","","","","","","false","","","3","","","A004","","","","","","","","1112182.15000","MNTH","","","","3","","","","UFRO","EUR","","","","","false","1","","","","","","","","","","FALSE","","","","","","","","","QZTQ4GTC5QMF","NA/CDS Corp Idx","ITRAXX EUROPE"
"3680452696000000301","","NEWT","TRAD","2026-06-15T12:34:27Z","","CR","","I","TRUE","2026-06-15T12:34:27Z","2026-06-16","2031-06-20","","FALSE","BBSF","FALSE","TRUE","","150,000,000","","EUR","","","","","","","","","","","","","","","","","","","","","","","","","0.01","","","","","","0.00511313","","","","","","false","","","3","","","A004","","","","","","","","3782169.00000","MNTH","","","","3","","","","UFRO","EUR","","","","","false","1","","","","","","","","","","TRUE","","","","-0.000782","","3","","","QZTQ4GTC5QMF","NA/CDS Corp Idx","ITRAXX EUROPE"
"3685017659000000301","","NEWT","TRAD","2026-06-15T17:58:14Z","","CR","","N","FALSE","2026-06-15T17:58:14Z","2026-06-15","2026-06-17","2031-06-20","FALSE","BILT","FALSE","FALSE","TRUE","18,000,000","","USD","","","","","","","","","","","","","","","","","","","","","","","","2026-06-17","0.05","","900.0036","USD","","","","","","","0.0106","","false","","","","","3","A004","","","","","","","","","MNTH","","","","3","","","","","","","","","","false","1","","","","","","","","","","FALSE","","","","","","","","","QZHRHKT5ZH3K","NA/CDS Idx Swt","NA/CDS Corp Idx"
"3672332652000000101","","NEWT","TRAD","2026-06-15T07:49:23Z","","CR","","I","TRUE","2026-06-15T07:49:23Z","2026-06-16","2031-06-20","","FALSE","BBSF","FALSE","TRUE","","150,000,000","","EUR","","","","","","","","","","","","","","","","","","","","","","","","","0.01","","","","","","0.0051065","","","","","","false","","","3","","","A004","","","","","","","","3786895.75000","MNTH","","","","3","","","","UFRO","EUR","","","","","false","1","","","","","","","","","","FALSE","","","","","","","","","QZTQ4GTC5QMF","NA/CDS Corp Idx","ITRAXX EUROPE"
"3674630594000000201","","NEWT","TRAD","2026-06-15T08:23:29Z","","CR","","I","FALSE","2026-06-15T08:23:29Z","2026-06-16","2031-06-20","","","TWSF","FALSE","FALSE","","100,000,000","","EUR","","","","","","","","","","","","","","","","","","","","","","","","","0.01","","","","","","0.0051191","","","","","","false","","","3","","","A004","","","","","","","","2518608.67000","MNTH","","","","3","","","","UFRO","EUR","","","","","false","1","","","","","","","","","","FALSE","","","","","","","","","QZTQ4GTC5QMF","NA/CDS Corp Idx","ITRAXX EUROPE"
"3675013004000000101","","NEWT","TRAD","2026-06-15T08:31:20Z","","CR","","I","TRUE","2026-06-15T08:31:20Z","2026-06-16","2031-06-20","","FALSE","BBSF","FALSE","FALSE","","10,000,000","","EUR","","","","","","","","","","","","","","","","","","","","","","","","","0.05","","","","","","0.02479275","","","","","","false","","","3","","","A004","","","","","","","","1206946.43852","MNTH","","","","3","","","","UFRO","EUR","","","","","false","1","","","","","","","","","","FALSE","","","","","","","","","QZ3HM9KVK2WL","NA/CDS Corp Idx","ITRAXX EUROPE CROSSOVER"
"3684118148000000101","3063345515000000201","MODI","TRAD","2026-06-15T17:17:40Z","FALSE","CR","","N","FALSE","2026-05-11T19:29:47Z","2026-05-12","2027-02-12","","TRUE","BILT","FALSE","FALSE","TRUE","180,000,000","180,000,000","USD","USD","","","","","","","","","","","180000000;180000000","179999586;181333338","2026-05-12;2026-06-12","2026-05-12;2026-06-12","","","","","","","","","","","","","","","","0.00215","","","","","","false","","","3","","","","","A004","A020","MNTH","EXPI","1","1","","","MNTH","","MNTH","","1","","1","","","USD","USD","","","false","1","","","","","","","","","","TRUE","9.9999999999","","3","","","","","","QZFNT9JCBS79","NA/Cr Sw Idx TRtn Corp Cs",""
"3684960352000000101","","NEWT","TRAD","2026-06-02T13:01:36Z","FALSE","CR","","N","FALSE","2026-06-02T13:01:36Z","2026-06-02","2026-10-15","","FALSE","BILT","FALSE","FALSE","TRUE","13,400,000,000","9,122,199","NGN","USD","","","","","","","","","","","","","","","","","","","","","","","","0","","","","","","","","","","","","false","","","","","","A008","","","A004","","DAIL","","1","","EXPI","","","EXPI","1","","","1","","","USD","","","","false","","","","","","","","","","","FALSE","","","","","","","","","QZJ6VLMQZ3F6","NA/CDS Corp SN","No name obtainable"
"3684965404000000101","","NEWT","TRAD","2026-06-15T17:51:07Z","","CR","","I","FALSE","2026-06-15T17:51:07Z","2026-06-16","2031-06-20","","FALSE","BBSF","FALSE","FALSE","","3,000,000","","USD","","","","","","","","","","","","","","","","","","","","","","","","","0.01","","","","","","0.009829","","","","","","false","","","3","","","A004","","","","","","","","43966.66800","MNTH","","","","3","","","","UFRO","USD","","","","","false","1","","","","","","","","","","FALSE","","","","","","","","","QZ4JMQKL3P03","NA/CDS Corp Idx","CDX.EM"
"3685033069000000101","","NEWT","TRAD","2026-06-15T17:51:21Z","","CR","","N","FALSE","2026-06-15T17:51:21Z","2026-06-16","2072-12-16","","FALSE","BILT","FALSE","FALSE","FALSE","5,000,000","","USD","","","","","","","","","","","","","","","","","","","","","","","","","0.03","","","","","","","","","","","","false","","","","","","A004","","","","","","","","1085000.00000","MNTH","","","","1","","","","UFRO","USD","USD","","","","false","1","","","","","","","","","","FALSE","","","","","","","","","QZZXF2LWN36P","NA/CDS Corp Idx","CMBX.NA.BBB-"
"3684907288000000201","","NEWT","TRAD","2026-06-15T17:42:32Z","","CR","","N","FALSE","2026-06-15T17:42:32Z","2026-08-19","2026-08-19","","FALSE","BILT","FALSE","FALSE","TRUE","250,000,000","","USD","","","","","","","","","","","","","","","","","","","","","","","","2026-08-19","","","1,403,572.5","USD","","","","","","","0.05","","false","","","","","3","A004","","","","","","","","0.00000","MNTH","","","","3","","","","UFRO","USD","","","","","false","","","","","","","","","","","FALSE","","","","","","","","","QZHJMSG8W2ZX","NA/CDS Idx Swt","NA/CDS Corp Idx"
"3680740367000000101","","NEWT","TRAD","2026-06-15T12:58:35Z","","CR","","I","TRUE","2026-06-15T12:58:35Z","2026-06-16","2031-06-20","","","TWSF","FALSE","FALSE","","100,000,000","","EUR","","","","","","","","","","","","","","","","","","","","","","","","","0.01","","","","","","0.00512","","","","","","false","","","3","","","A004","","","","","","","","2518180.94000","MNTH","","","","3","","","","UFRO","EUR","","","","","false","1","","","","","","","","","","FALSE","","","","","","","","","QZTQ4GTC5QMF","NA/CDS Corp Idx","ITRAXX EUROPE"
"3685098186000000101","","NEWT","TRAD","2026-06-15T18:15:00Z","","CR","","I","FALSE","2026-06-15T18:15:00Z","2026-06-16","2031-06-20","","","TWSF","FALSE","TRUE","","76,000,000+","","USD","","","","","","","","","","","","","","","","","","","","","","","","","0.05","","","","","","0.01084","","","","","","false","","","3","","","A004","","","","","","","","7239743.32950","MNTH","","","","3","","","","UFRO","USD","","","","","false","0.99","","","","","","","","","","TRUE","","","","0.01084","","3","","","QZHH8NT767RX","NA/CDS Corp Idx","CDX.NA.HY"
"3681170258000000301","","NEWT","TRAD","2026-06-15T13:56:11Z","","CR","","I","TRUE","2026-06-15T13:56:11Z","2026-06-16","2030-12-20","","FALSE","BBSF","FALSE","FALSE","","10,000,000","","EUR","","","","","","","","","","","","","","","","","","","","","","","","","0.05","","","","","","0.021486","","","","","","false","","","3","","","A004","","","","","","","","1258736.32000","MNTH","","","","3","","","","UFRO","EUR","","","","","false","1","","","","","","","","","","FALSE","","","","","","","","","QZ5F5FRS4TR9","NA/CDS Corp Idx","ITRAXX EUROPE CROSSOVER"
"3685380955000000401","","NEWT","TRAD","2026-06-15T19:04:28Z","","CR","","I","TRUE","2026-06-15T19:04:28Z","2026-03-20","2031-06-20","","FALSE","TPSE","FALSE","FALSE","","250,000,000+","","USD","","","","","","","","","","","","","","","","","","","","","","","","","0.01","","","","","","0.00498","","","","","","false","","","3","","","A004","","","","","","","","","MNTH","","","","3","","","","","","USD","","","","false","1","","","","","","","OTHR","","","FALSE","","","","","","","","","QZ3WVVQG5T8K","NA/CDS Corp Idx","CDX.NA.IG"
"3681126889000000301","","NEWT","TRAD","2026-06-15T13:23:00Z","","CR","","N","FALSE","2026-06-15T13:23:00Z","2026-09-16","2026-09-16","2031-06-20","FALSE","BILT","FALSE","FALSE","FALSE","20,000,000","","EUR","","","","","","","","","","","","","","","","","","","","","","","","2026-09-16","0.05","","91,500","EUR","","","","","","","0.025","","false","","","","","3","A004","","","","","","","","","MNTH","","","","3","","","","","","","","","","false","","","","","","","","","","","TRUE","25.65","","3","","","","","","QZ3DGP47G9ZX","NA/CDS Idx Swt","NA/CDS Corp Idx"
"3681107957000000101","","NEWT","TRAD","2026-06-15T13:40:21Z","","CR","","I","TRUE","2026-06-15T13:40:21Z","2026-06-16","2031-06-20","","FALSE","BBSF","FALSE","FALSE","","20,000,000","","USD","","","","","","","","","","","","","","","","","","","","","","","","","0.01","","","","","","0.004972","","","","","","false","","","3","","","A004","","","","","","","","502020.13000","MNTH","","","","3","","","","UFRO","USD","","","","","false","1","","","","","","","","","","FALSE","","","","","","","","","QZ3WVVQG5T8K","NA/CDS Corp Idx","CDX.NA.IG"
"3681141084000000101","","NEWT","TRAD","2026-06-15T13:27:31Z","FALSE","CR","","I","TRUE","2026-06-15T13:27:31Z","2026-06-15","2026-08-19","","","BILT","FALSE","FALSE","TRUE","345,719,991+","","EUR","","","","","","","","","","","","","","","","","","","","","","","","2026-08-19","","","1,524,619.908","EUR","","","0.02875","","","","0.02875","","false","","","3","","3","","","","","","","","","","","","","","","","","","","","","","","","false","1","","","","","","","","","","FALSE","","","","","","","","","QZTL0V3X916X","NA/CDS Idx Swt","NA/CDS Corp Idx"
"3682751204000000101","","NEWT","TRAD","2026-06-15T16:37:12Z","","CR","","N","FALSE","2026-06-15T16:37:12Z","2026-06-16","2026-09-20","2026-09-20","FALSE","BILT","FALSE","FALSE","TRUE","770,000","","USD","","","","","","","","","","","","","","","","","","","","","","","","","","","","","","","","","","","","","false","","","","","","A004","","","","","","","","6839.01792","MNTH","","","","3","","","","UFRO","USD","","","","","false","1","","","","","","","","","","FALSE","","","","","","","","","QZ5ND0SMQQL4","NA/Cr Sw Idx TRtn Corp Ph",""
"3681831051000000201","","NEWT","TRAD","2026-06-15T15:56:34Z","","CR","","I","TRUE","2026-06-15T15:56:34Z","2026-06-16","2031-06-20","","","TWSF","FALSE","TRUE","","39,000,000","","EUR","","","","","","","","","","","","","","","","","","","","","","","","","0.05","","","","","","0.0247865","","","","","","false","","","3","","","A004","","","","","","","","4708263.72000","MNTH","","","","3","","","","UFRO","EUR","","","","","false","1","","","","","","","","","","FALSE","","","","","","","","","QZ3HM9KVK2WL","NA/CDS Corp Idx","ITRAXX EUROPE CROSSOVER"
"3680063877000000201","3604163968000000601","CORR","","2026-06-10T14:41:48Z","","CR","","N","FALSE","2026-06-10T10:47:08Z","2026-06-12","2026-09-15","","FALSE","BILT","FALSE","FALSE","TRUE","1,000,000,000","","INR","","","","","","","","","","","","","","","","","","","","","","","","","0","","","","","","0.0065","","","","","","false","","","3","","3","A011","","","","","","","","","MNTH","","","","6","","","","","","USD","USD","","","false","","","","","","","","","","","FALSE","","","","","","","","","QZS18ZHMCLNL","NA/CDS Corp SN","No name obtainable"
"3679894847000000101","","NEWT","TRAD","2026-06-15T11:21:45Z","","CR","","N","FALSE","2026-06-15T11:21:45Z","2026-03-20","2026-08-19","2031-06-20","FALSE","BILT","FALSE","FALSE","TRUE","100,000,000","","EUR","","","","","","","","","","","","","","","","","","","","","","","","2026-08-19","0.05","","1,190,000","EUR","","","","","","","0.02375","","false","","","","","3","A004","","","","","","","","","MNTH","","","","3","","","","","","","","","","false","1","","","","","","","","","","FALSE","","","","","","","","","QZS61NHV7CQ9","NA/Cr Op Swps EuPt Van Ph",""
"3680070062000000101","","NEWT","TRAD","2026-06-15T11:51:31Z","","CR","","I","TRUE","2026-06-15T11:51:31Z","2026-06-16","2031-06-20","","","TWSF","FALSE","FALSE","","67,000,000","","EUR","","","","","","","","","","","","","","","","","","","","","","","","","0.01","","","","","","0.005103","","","","","","false","","","3","","","A004","","","","","","","","1692594.70000","MNTH","","","","3","","","","UFRO","EUR","","","","","false","1","","","","","","","","","","FALSE","","","","","","","","","QZTQ4GTC5QMF","NA/CDS Corp Idx","ITRAXX EUROPE"
"3680083386000000101","","NEWT","TRAD","2026-06-15T11:53:15Z","","CR","","I","TRUE","2026-06-15T11:53:15Z","2026-03-20","2031-06-20","","FALSE","TPSE","FALSE","FALSE","","10,000,000","","USD","","","","","","","","","","","","","","","","","","","","","","","","","0.05","","","","","","108.405","","USD","","","","false","","","1","","","A004","","","","","","","","","MNTH","","","","3","","","","","","USD","","","","false","0.99","","","","","","","OTHR","","","FALSE","","","","","","","","","QZHH8NT767RX","NA/CDS Corp Idx","CDX.NA.HY"
"3676945148000000201","","NEWT","TRAD","2026-06-15T09:08:21Z","","CR","","I","TRUE","2026-06-15T09:08:21Z","2026-03-20","2031-06-20","","","BILT","FALSE","FALSE","FALSE","10,000,000","","EUR","","","","","","","","","","","","","","","","","","","","","","","","","0.01","","","","","","","","","","","","false","","","","","","A004","","","","","","","","83505.00000","MNTH","","","","3","","","","UFRO","EUR","","","","","false","1","","","","","","","","","","FALSE","","","","","","","","","QZ5GD86QBKCC","NA/CDS Corp Idx","ITRAXX EUROPE SUB FINANCIALS"
"3681702995000000201","","NEWT","TRAD","2026-06-15T15:45:33Z","","CR","","I","TRUE","2026-06-15T15:45:33Z","2026-06-16","2031-06-20","","FALSE","BBSF","FALSE","FALSE","","25,000,000","","USD","","","","","","","","","","","","","","","","","","","","","","","","","0.05","","","","","","0.01083975","","","","","","false","","","3","","","A004","","","","","","","","2380881.25000","MNTH","","","","3","","","","UFRO","USD","","","","","false","0.99","","","","","","","","","","FALSE","","","","","","","","","QZHH8NT767RX","NA/CDS Corp Idx","CDX.NA.HY"
"3681707690000000101","","NEWT","TRAD","2026-06-15T15:46:22Z","","CR","","I","TRUE","2026-06-15T15:46:22Z","2026-06-16","2031-06-20","","FALSE","BBSF","FALSE","FALSE","","20,000,000","","USD","","","","","","","","","","","","","","","","","","","","","","","","","0.05","","","","","","0.01084014","","","","","","false","","","3","","","A004","","","","","","","","1905477.20000","MNTH","","","","3","","","","UFRO","USD","","","","","false","0.99","","","","","","","","","","FALSE","","","","","","","","","QZHH8NT767RX","NA/CDS Corp Idx","CDX.NA.HY"
"3681875553000000301","","NEWT","TRAD","2026-06-15T15:59:48Z","","CR","","I","TRUE","2026-06-15T15:59:48Z","2026-06-16","2031-06-20","","FALSE","BBSF","FALSE","FALSE","","15,000,000","","USD","","","","","","","","","","","","","","","","","","","","","","","","","0.05","","","","","","0.01084248","","","","","","false","","","3","","","A004","","","","","","","","1432582.80000","MNTH","","","","3","","","","UFRO","USD","","","","","false","0.99","","","","","","","","","","FALSE","","","","","","","","","QZHH8NT767RX","NA/CDS Corp Idx","CDX.NA.HY"
"3679938185000000201","","NEWT","TRAD","2026-06-15T11:29:45Z","","CR","","I","TRUE","2026-06-15T11:29:45Z","2026-06-16","2031-06-20","","FALSE","BBSF","FALSE","FALSE","","50,000,000","","USD","","","","","","","","","","","","","","","","","","","","","","","","","0.01","","","","","","0.00498236","","","","","","false","","","3","","","A004","","","","","","","","1252668.77000","MNTH","","","","3","","","","UFRO","USD","","","","","false","1","","","","","","","","","","FALSE","","","","","","","","","QZ3WVVQG5T8K","NA/CDS Corp Idx","CDX.NA.IG"
"3682088779000000101","3682020327000000201","EROR","","2026-06-15T16:03:55Z","","CR","","I","","2026-06-15T16:03:55Z","2026-03-20","2031-06-20","","","","FALSE","","FALSE","10,000,000","","EUR","","","","","","","","","","","","","","","","","","","","","","","","","0.05","","","","","","","","","","","","false","","","","","","","","","","","","","","1206608.00000","","","","","","","","","UFRO","EUR","","","","","false","1","","","","","","","","","","FALSE","","","","","","","","","QZ3HM9KVK2WL","NA/CDS Corp Idx","ITRAXX EUROPE CROSSOVER"
"3681918134000000101","","NEWT","TRAD","2026-06-15T16:01:14Z","","CR","","I","TRUE","2026-06-15T16:01:14Z","2026-06-16","2031-06-20","","FALSE","BBSF","FALSE","TRUE","","76,000,000+","","USD","","","","","","","","","","","","","","","","","","","","","","","","","0.05","","","","","","0.01084323","","","","","","false","","","3","","","A004","","","","","","","","7264088.06040","MNTH","","","","3","","","","UFRO","USD","","","","","false","0.99","","","","","","","","","","FALSE","","","","","","","","","QZHH8NT767RX","NA/CDS Corp Idx","CDX.NA.HY"
"3682263531000000201","","NEWT","TRAD","2026-06-15T16:19:02Z","FALSE","CR","","I","TRUE","2026-06-15T16:19:02Z","2026-03-20","2031-06-20","","","TREU","FALSE","FALSE","FALSE","10,000,000","","EUR","","","","","","","","","","","","","","","","","","","","","","","","","0.01","","","","","","","","","","","","false","","","","","","A004","","","","","","","","251224.06000","MNTH","","","","3","","","","UFRO","EUR","","","","","false","1","","","","","","","","","","FALSE","","","","","","","","","QZTQ4GTC5QMF","NA/CDS Corp Idx","ITRAXX EUROPE"
"3680585699000000301","","NEWT","TRAD","2026-06-15T12:44:35Z","","CR","","I","TRUE","2026-06-15T12:44:35Z","2026-06-16","2031-06-20","","FALSE","BBSF","FALSE","TRUE","","250,000,000+","","USD","","","","","","","","","","","","","","","","","","","","","","","","","0.01","","","","","","0.004985","","","","","","false","","","3","","","A004","","","","","","","","6260309.61000","MNTH","","","","3","","","","UFRO","USD","","","","","false","1","","","","","","","","","","FALSE","","","","","","","","","QZ3WVVQG5T8K","NA/CDS Corp Idx","CDX.NA.IG"
"3682842935000000101","","NEWT","TRAD","2026-06-15T16:42:51Z","","CR","","I","TRUE","2026-06-15T16:42:51Z","2026-06-16","2031-06-20","","","TWSF","FALSE","FALSE","","2,000,000","","USD","","","","","","","","","","","","","","","","","","","","","","","","","0.05","","","","","","0.01084264","","","","","","false","","","3","","","A004","","","","","","","","191042.52691","MNTH","","","","3","","","","UFRO","USD","","","","","false","0.99","","","","","","","","","","FALSE","","","","","","","","","QZHH8NT767RX","NA/CDS Corp Idx","CDX.NA.HY"
"3675246157000000101","","NEWT","TRAD","2026-06-15T08:36:03Z","","CR","","I","TRUE","2026-06-15T08:36:03Z","2026-06-16","2031-06-20","","","TWSF","FALSE","TRUE","","164,216,996+","","EUR","","","","","","","","","","","","","","","","","","","","","","","","","0.01","","","","","","0.005118","","","","","","false","","","3","","","A004","","","","","","","","4136854.68562","MNTH","","","","3","","","","UFRO","EUR","","","","","false","1","","","","","","","","","","FALSE","","","","","","","","","QZTQ4GTC5QMF","NA/CDS Corp Idx","ITRAXX EUROPE"
"3680810568000000101","","NEWT","TRAD","2026-06-15T13:08:03Z","","CR","","I","TRUE","2026-06-15T13:08:03Z","2026-06-16","2031-06-20","","FALSE","BBSF","FALSE","FALSE","","50,000,000","","USD","","","","","","","","","","","","","","","","","","","","","","","","","0.01","","","","","","0.0049863","","","","","","false","","","3","","","A004","","","","","","","","1251763.10000","MNTH","","","","3","","","","UFRO","USD","","","","","false","1","","","","","","","","","","FALSE","","","","","","","","","QZ3WVVQG5T8K","NA/CDS Corp Idx","CDX.NA.IG"
"3680859415000000201","","NEWT","TRAD","2026-06-15T13:14:07Z","","CR","","I","TRUE","2026-06-15T13:14:07Z","2026-06-16","2031-06-20","","FALSE","BBSF","FALSE","FALSE","","40,000,000","","USD","","","","","","","","","","","","","","","","","","","","","","","","","0.01","","","","","","0.004981","","","","","","false","","","3","","","A004","","","","","","","","1002385.12000","MNTH","","","","3","","","","UFRO","USD","","","","","false","1","","","","","","","","","","FALSE","","","","","","","","","QZ3WVVQG5T8K","NA/CDS Corp Idx","CDX.NA.IG"
"3680668071000000101","","NEWT","TRAD","2026-06-15T12:50:10Z","","CR","","I","TRUE","2026-06-15T12:50:10Z","2026-06-16","2031-06-20","","","TWSF","FALSE","FALSE","","10,000,000","","USD","","","","","","","","","","","","","","","","","","","","","","","","","0.05","","","","","","0.01083771","","","","","","false","","","3","","","A004","","","","","","","","950332.90000","MNTH","","","","3","","","","UFRO","USD","","","","","false","0.99","","","","","","","","","","FALSE","","","","","","","","","QZHH8NT767RX","NA/CDS Corp Idx","CDX.NA.HY"
"3680754606000000201","","NEWT","TRAD","2026-06-15T13:00:41Z","","CR","","I","TRUE","2026-06-15T13:00:41Z","2026-06-16","2031-06-20","","","TWSF","FALSE","FALSE","","880,000","","USD","","","","","","","","","","","","","","","","","","","","","","","","","0.05","","","","","","0.010838","","","","","","false","","","3","","","A004","","","","","","","","83654.20352","MNTH","","","","3","","","","UFRO","USD","","","","","false","0.99","","","","","","","","","","FALSE","","","","","","","","","QZHH8NT767RX","NA/CDS Corp Idx","CDX.NA.HY"
"3680729832000000201","","NEWT","TRAD","2026-06-15T12:57:47Z","","CR","","I","TRUE","2026-06-15T12:57:47Z","2026-06-16","2031-06-20","","FALSE","BBSF","FALSE","FALSE","","10,000,000","","EUR","","","","","","","","","","","","","","","","","","","","","","","","","0.05","","","","","","0.02478655","","","","","","false","","","3","","","A004","","","","","","","","1207244.74000","MNTH","","","","3","","","","UFRO","EUR","","","","","false","1","","","","","","","","","","FALSE","","","","","","","","","QZ3HM9KVK2WL","NA/CDS Corp Idx","ITRAXX EUROPE CROSSOVER"
"3680406955000000101","","NEWT","TRAD","2026-06-15T12:29:58Z","","CR","","I","TRUE","2026-06-15T12:29:58Z","2026-06-16","2031-06-20","","FALSE","BBSF","FALSE","FALSE","","17,000,000","","EUR","","","","","","","","","","","","","","","","","","","","","","","","","0.05","","","","","","0.024761","","","","","","false","","","3","","","A004","","","","","","","","2054367.08682","MNTH","","","","3","","","","UFRO","EUR","","","","","false","1","","","","","","","","","","FALSE","","","","","","","","","QZ3HM9KVK2WL","NA/CDS Corp Idx","ITRAXX EUROPE CROSSOVER"
"3680355453000000101","","NEWT","TRAD","2026-06-15T12:26:09Z","","CR","","I","FALSE","2026-06-15T12:26:09Z","2026-06-16","2031-06-20","","","TWSF","FALSE","FALSE","","9,000,000","","USD","","","","","","","","","","","","","","","","","","","","","","","","","0.01","","","","","","0.009827","","","","","","false","","","3","","","A004","","","","","","","","133700.00000","MNTH","","","","3","","","","UFRO","USD","","","","","false","1","","","","","","","","","","FALSE","","","","","","","","","QZ4JMQKL3P03","NA/CDS Corp Idx","CDX.EM"
"3679875128000000101","","NEWT","TRAD","2026-06-15T11:09:38Z","FALSE","CR","","I","FALSE","2026-06-15T11:09:38Z","2024-09-20","2029-12-20","","","BGCO","FALSE","FALSE","TRUE","10,000,000","","EUR","","","","","","","","","","","","","","","","","","","","","","","","","0.05","","","","","","","","","","","","false","","","","","","A004","","","","","","","","1085009.00000","MNTH","","","","3","","","","UFRO","EUR","","","","","false","0.95999","","","","","","","","","","TRUE","9.9999999999","","3","","","","","","QZC9WN4TPTDV","NA/CDS Corp Idx","ITRAXX EUROPE CROSSOVER"
"3679914095000000201","","NEWT","TRAD","2026-06-15T11:25:47Z","","CR","","I","TRUE","2026-06-15T11:25:47Z","2026-06-16","2031-06-20","","FALSE","BBSF","FALSE","FALSE","","25,000,000","","USD","","","","","","","","","","","","","","","","","","","","","","","","","0.05","","","","","","0.01084748","","","","","","false","","","3","","","A004","","","","","","","","2400013.00000","MNTH","","","","3","","","","UFRO","USD","","","","","false","0.99","","","","","","","","","","FALSE","","","","","","","","","QZHH8NT767RX","NA/CDS Corp Idx","CDX.NA.HY"
"3680850294000000201","","NEWT","TRAD","2026-06-15T13:12:44Z","","CR","","I","TRUE","2026-06-15T13:12:44Z","2026-06-16","2031-06-20","","","TWSF","FALSE","FALSE","","7,000,000","","EUR","","","","","","","","","","","","","","","","","","","","","","","","","0.05","","","","","","0.0247902","","","","","","false","","","3","","","A004","","","","","","","","844950.89931","MNTH","","","","3","","","","UFRO","EUR","","","","","false","1","","","","","","","","","","FALSE","","","","","","","","","QZ3HM9KVK2WL","NA/CDS Corp Idx","ITRAXX EUROPE CROSSOVER"
"3673459148000000101","","NEWT","TRAD","2026-06-15T08:08:44Z","","CR","","I","TRUE","2026-06-15T08:08:44Z","2026-06-16","2026-12-20","","FALSE","BBSF","FALSE","TRUE","","200,000,000","","EUR","","","","","","","","","","","","","","","","","","","","","","","","","0.01","","","","","","0.00053019","","","","","","false","","","3","","","A004","","","","","","","","1469087.46000","MNTH","","","","3","","","","UFRO","EUR","","","","","false","1","","","","","","","","","","FALSE","","","","","","","","","QZVGDQ9GN00T","NA/CDS Corp Idx","ITRAXX EUROPE"
"3679872161000000101","","NEWT","TRAD","2026-06-15T11:17:51Z","","CR","","I","TRUE","2026-06-15T11:17:51Z","2026-06-16","2031-06-20","","FALSE","BBSF","FALSE","FALSE","","50,000,000","","USD","","","","","","","","","","","","","","","","","","","","","","","","","0.01","","","","","","0.004985","","","","","","false","","","3","","","A004","","","","","","","","1252061.92000","MNTH","","","","3","","","","UFRO","USD","","","","","false","1","","","","","","","","","","FALSE","","","","","","","","","QZ3WVVQG5T8K","NA/CDS Corp Idx","CDX.NA.IG"
"3680788586000000101","","NEWT","TRAD","2026-06-15T13:04:53Z","","CR","","I","FALSE","2026-06-15T13:04:53Z","2026-06-16","2031-06-20","","","TWSF","FALSE","TRUE","","60,000,000","","USD","","","","","","","","","","","","","","","","","","","","","","","","","0.05","","","","","","0.01089","","","","","","false","","","3","","","A004","","","","","","","","6012600.00000","MNTH","","","","3","","","","UFRO","USD","","","","","false","0.99","","","","","","","","","","FALSE","","","","","","","","","QZHH8NT767RX","NA/CDS Corp Idx","CDX.NA.HY"
"3680910542000000101","","NEWT","TRAD","2026-06-15T13:19:26Z","","CR","","I","TRUE","2026-06-15T13:19:26Z","2026-06-16","2031-06-20","","FALSE","BBSF","FALSE","FALSE","","10,000,000","","EUR","","","","","","","","","","","","","","","","","","","","","","","","","0.05","","","","","","0.024799","","","","","","false","","","3","","","A004","","","","","","","","1206655.20000","MNTH","","","","3","","","","UFRO","EUR","","","","","false","1","","","","","","","","","","FALSE","","","","","","","","","QZ3HM9KVK2WL","NA/CDS Corp Idx","ITRAXX EUROPE CROSSOVER"
"3679853070000000101","","NEWT","TRAD","2026-06-15T11:14:55Z","","CR","","I","FALSE","2026-06-15T11:14:55Z","2026-06-16","2031-06-20","","","TWSF","FALSE","FALSE","","25,000,000","","USD","","","","","","","","","","","","","","","","","","","","","","","","","0.01","","","","","","0.004976","","","","","","false","","","3","","","A004","","","","","","","","627065.39000","MNTH","","","","3","","","","UFRO","USD","","","","","false","1","","","","","","","","","","FALSE","","","","","","","","","QZ3WVVQG5T8K","NA/CDS Corp Idx","CDX.NA.IG"
"3680831577000000101","","NEWT","TRAD","2026-06-15T13:09:57Z","","CR","","I","TRUE","2026-06-15T13:09:57Z","2026-06-16","2028-12-20","","FALSE","BBSF","FALSE","TRUE","","38,000,000","","EUR","","","","","","","","","","","","","","","","","","","","","","","","","0.01","","","","","","0.00227033","","","","","","false","","","3","","","A004","","","","","","","","813868.70902","MNTH","","","","3","","","","UFRO","EUR","","","","","false","1","","","","","","","","","","FALSE","","","","","","","","","QZXFTDJ137RW","NA/CDS Corp Idx","ITRAXX EUROPE"
"3680934109000000101","","NEWT","TRAD","2026-06-15T13:22:04Z","","CR","","I","TRUE","2026-06-15T13:22:04Z","2026-06-16","2031-06-20","","","TWSF","FALSE","FALSE","","7,000,000","","USD","","","","","","","","","","","","","","","","","","","","","","","","","0.01","","","","","","0.00497815","","","","","","false","","","3","","","A004","","","","","","","","175509.20394","MNTH","","","","3","","","","UFRO","USD","","","","","false","1","","","","","","","","","","FALSE","","","","","","","","","QZ3WVVQG5T8K","NA/CDS Corp Idx","CDX.NA.IG"
"3679959063000000101","","NEWT","TRAD","2026-06-15T11:32:28Z","","CR","","I","FALSE","2026-06-15T11:32:28Z","2026-06-16","2031-06-20","","FALSE","BBSF","FALSE","FALSE","","25,000,000","","USD","","","","","","","","","","","","","","","","","","","","","","","","","0.01","","","","","","0.009825","","","","","","false","","","3","","","A004","","","","","","","","376388.89000","MNTH","","","","3","","","","UFRO","USD","","","","","false","1","","","","","","","","","","FALSE","","","","","","","","","QZ4JMQKL3P03","NA/CDS Corp Idx","CDX.EM"
"3681392373000000101","","NEWT","TRAD","2026-06-15T14:41:47Z","FALSE","CR","","N","FALSE","2026-06-15T14:41:47Z","2026-06-15","2056-12-15","","FALSE","BILT","FALSE","FALSE","TRUE","50,000,000+","","USD","","","","","","","","","","","","","","","","","","","","","","","","","0.005","","","","","","","","","","","","false","","","","","","A004","","","","","","","","437354.62000","MNTH","","","","1","","","","UFRO","USD","","","","","false","1","","","","","","","","","","FALSE","","","","","","","","","QZ20C7NLTMMP","NA/CDS Corp Idx","CMBX.NA.AAA"
"3686358270000000101","","NEWT","TRAD","2026-06-15T20:22:29Z","","CR","","I","TRUE","2026-06-15T20:22:29Z","2026-03-20","2031-06-20","","FALSE","TPSE","FALSE","FALSE","","25,000,000","","USD","","","","","","","","","","","","","","","","","","","","","","","","","0.01","","","","","","0.00499","","","","","","false","","","3","","","A004","","","","","","","","","MNTH","","","","3","","","","","","USD","","","","false","1","","","","","","","OTHR","","","FALSE","","","","","","","","","QZ3WVVQG5T8K","NA/CDS Corp Idx","CDX.NA.IG"
"3686767698000000101","","NEWT","TRAD","2026-06-15T20:38:35Z","","CR","","I","TRUE","2026-06-15T20:38:35Z","2026-06-16","2031-06-20","","FALSE","BBSF","FALSE","FALSE","","2,000,000","","USD","","","","","","","","","","","","","","","","","","","","","","","","","0.01","","","","","","0.0049774","","","","","","false","","","3","","","A004","","","","","","","","50152.36000","MNTH","","","","3","","","","UFRO","USD","","","","","false","1","","","","","","","","","","FALSE","","","","","","","","","QZ3WVVQG5T8K","NA/CDS Corp Idx","CDX.NA.IG"
"3686183361000000201","3685941068000000101","MODI","TRAD","2026-06-15T20:13:14Z","FALSE","CR","","N","FALSE","2026-06-15T19:11:18Z","2026-06-15","2026-11-18","2031-06-20","TRUE","BILT","FALSE","FALSE","TRUE","300,000,000","","USD","","","","","","","","","","","","","","","","","","","","","","","","2026-11-18","0.01","","577,500","USD","","","","","","","0.00625","","false","","","","","3","A004","","","","","","","","","MNTH","","","","3","","","","","","","","","","false","1","","","","","","","","","","FALSE","","","","","","","","","QZDRFGQM4073","NA/CDS Idx Swt","NA/CDS Corp Idx"
"3686445616000000301","","NEWT","TRAD","2026-06-15T20:26:55Z","","CR","","I","TRUE","2026-06-15T20:26:55Z","2026-06-16","2031-06-20","","FALSE","BBSF","FALSE","FALSE","","20,000,000","","USD","","","","","","","","","","","","","","","","","","","","","","","","","0.05","","","","","","0.0108365","","","","","","false","","","3","","","A004","","","","","","","","1898270.00000","MNTH","","","","3","","","","UFRO","USD","","","","","false","0.99","","","","","","","","","","FALSE","","","","","","","","","QZHH8NT767RX","NA/CDS Corp Idx","CDX.NA.HY"
"3686137992000000101","","NEWT","TRAD","2026-06-15T20:05:04Z","","CR","","N","FALSE","2026-05-27T13:46:31Z","2024-09-20","2029-12-20","2029-12-20","FALSE","BILT","FALSE","FALSE","TRUE","15,000,000","","USD","","","","","","","","","","","","","","","","","","","","","","","","","0.05","","","","","","","","","","","","true","","","","","","A004","","","","","","","","","MNTH","","","","3","","","","","","","","","","false","1","","","","","","","","","","FALSE","","","","","","","","","QZXZSGW62G18","NA/CDS Corp Idx Tra","CDX.NA.HY"
"3669587645000000101","","NEWT","TRAD","2026-06-15T02:37:10Z","","CR","","I","FALSE","2026-06-15T02:37:10Z","2026-06-16","2031-06-20","","FALSE","BBSF","FALSE","TRUE","","55,000,000","","USD","","","","","","","","","","","","","","","","","","","","","","","","","0.01","","","","","","0.006895","","","","","","false","","","3","","","A004","","","","","","","","898012.34000","MNTH","","","","3","","","","UFRO","USD","","","","","false","1","","","","","","","","","","FALSE","","","","","","","","","QZ1F7JZSZZ7M","NA/CDS Corp Idx","ITRAXX AUSTRALIA"
"3681388650000000101","","NEWT","TRAD","2026-06-15T14:41:55Z","","CR","","I","TRUE","2026-06-15T14:41:55Z","2026-06-16","2031-06-20","","FALSE","BBSF","FALSE","TRUE","","56,000,000","","USD","","","","","","","","","","","","","","","","","","","","","","","","","0.05","","","","","","0.01083678","","","","","","false","","","3","","","A004","","","","","","","","5316713.54177","MNTH","","","","3","","","","UFRO","USD","","","","","false","0.99","","","","","","","","","","FALSE","","","","","","","","","QZHH8NT767RX","NA/CDS Corp Idx","CDX.NA.HY"
"3681343366000000701","","NEWT","TRAD","2026-06-15T14:27:58Z","","CR","","N","FALSE","2026-06-15T14:27:58Z","2026-07-15","2026-07-15","","FALSE","BILT","FALSE","FALSE","TRUE","345,719,991+","","EUR","","","","","","","","","","","","","","","","","","","","","","","","2026-07-15","","","36,241,827.6","EUR","","","","","","","0.05","","false","","","","","3","A004","","","","","","","","0.00000","MNTH","","","","3","","","","UFRO","EUR","","","","","false","","","","","","","","","","","FALSE","","","","","","","","","QZTL0V3X916X","NA/CDS Idx Swt","NA/CDS Corp Idx"
"3681460864000000601","","NEWT","TRAD","2026-06-15T14:58:44Z","","CR","","I","TRUE","2026-06-15T14:58:44Z","2026-06-16","2031-06-20","","FALSE","BBSF","FALSE","FALSE","","20,000,000","","USD","","","","","","","","","","","","","","","","","","","","","","","","","0.05","","","","","","0.01083728","","","","","","false","","","3","","","A004","","","","","","","","1899814.40000","MNTH","","","","3","","","","UFRO","USD","","","","","false","0.99","","","","","","","","","","FALSE","","","","","","","","","QZHH8NT767RX","NA/CDS Corp Idx","CDX.NA.HY"
"3681461345000000101","3681460862000000401","MODI","TRAD","2026-06-15T14:58:54Z","TRUE","CR","","I","TRUE","2026-06-15T14:58:00Z","2026-03-20","2031-06-20","","FALSE","TPSE","FALSE","FALSE","","50,000,000","","USD","","","","","","","","","","","","","","","","","","","","","","","","","0.01","","","","","","0.00499","","","","","","false","","","3","","","A004","","","","","","","","","MNTH","","","","3","","","","","","USD","","","","false","1","","","","","","","OTHR","","","TRUE","","","","0.0025","","3","","","QZ3WVVQG5T8K","NA/CDS Corp Idx","CDX.NA.IG"
"3686093039000000301","","NEWT","TRAD","2026-06-15T20:05:05Z","","CR","","I","TRUE","2026-06-15T20:05:05Z","2026-06-16","2031-06-20","","FALSE","BBSF","FALSE","FALSE","","100,000,000","","USD","","","","","","","","","","","","","","","","","","","","","","","","","0.01","","","","","","0.004986","","","","","","false","","","3","","","A004","","","","","","","","2503664.11000","MNTH","","","","3","","","","UFRO","USD","","","","","false","1","","","","","","","","","","FALSE","","","","","","","","","QZ3WVVQG5T8K","NA/CDS Corp Idx","CDX.NA.IG"
"3681466452000000101","","NEWT","TRAD","2026-06-15T15:00:02Z","","CR","","I","TRUE","2026-06-15T15:00:02Z","2026-06-16","2031-06-20","","FALSE","BBSF","FALSE","FALSE","","40,000,000","","USD","","","","","","","","","","","","","","","","","","","","","","","","","0.05","","","","","","0.01083757","","","","","","false","","","3","","","A004","","","","","","","","3800777.20000","MNTH","","","","3","","","","UFRO","USD","","","","","false","0.99","","","","","","","","","","FALSE","","","","","","","","","QZHH8NT767RX","NA/CDS Corp Idx","CDX.NA.HY"
"3681508083000000101","","NEWT","TRAD","2026-06-15T15:08:03Z","","CR","","I","TRUE","2026-06-15T15:08:03Z","2026-06-16","2031-06-20","","FALSE","BBSF","FALSE","FALSE","","5,000,000","","EUR","","","","","","","","","","","","","","","","","","","","","","","","","0.05","","","","","","0.02480025","","","","","","false","","","3","","","A004","","","","","","","","603298.01000","MNTH","","","","3","","","","UFRO","EUR","","","","","false","1","","","","","","","","","","FALSE","","","","","","","","","QZ3HM9KVK2WL","NA/CDS Corp Idx","ITRAXX EUROPE CROSSOVER"
"3681476493000000101","","NEWT","TRAD","2026-06-15T15:01:59Z","","CR","","I","TRUE","2026-06-15T15:01:59Z","2026-06-16","2031-06-20","","","TWSF","FALSE","TRUE","","150,000,000","","EUR","","","","","","","","","","","","","","","","","","","","","","","","","0.01","","","","","","0.005125","","","","","","false","","","3","","","A004","","","","","","","","3773707.11000","MNTH","","","","3","","","","UFRO","EUR","","","","","false","1","","","","","","","","","","FALSE","","","","","","","","","QZTQ4GTC5QMF","NA/CDS Corp Idx","ITRAXX EUROPE"
"3681575086000000101","","NEWT","TRAD","2026-06-15T15:19:17Z","","CR","","I","TRUE","2026-06-15T15:19:17Z","2026-06-16","2031-06-20","","","TWSF","FALSE","FALSE","","150,000,000","","USD","","","","","","","","","","","","","","","","","","","","","","","","","0.01","","","","","","0.0049886","","","","","","false","","","3","","","A004","","","","","","","","3753703.26000","MNTH","","","","3","","","","UFRO","USD","","","","","false","1","","","","","","","","","","FALSE","","","","","","","","","QZ3WVVQG5T8K","NA/CDS Corp Idx","CDX.NA.IG"
"3681570271000000401","","NEWT","TRAD","2026-06-15T15:18:18Z","","CR","","I","TRUE","2026-06-15T15:18:18Z","2026-06-16","2031-06-20","","FALSE","BBSF","FALSE","FALSE","","75,000,000","","EUR","","","","","","","","","","","","","","","","","","","","","","","","","0.01","","","","","","0.005124","","","","","","false","","","3","","","A004","","","","","","","","1887209.98000","MNTH","","","","3","","","","UFRO","EUR","","","","","false","1","","","","","","","","","","FALSE","","","","","","","","","QZTQ4GTC5QMF","NA/CDS Corp Idx","ITRAXX EUROPE"
"3681460860000000201","3681455818000000501","MODI","TRAD","2026-06-15T14:57:48Z","TRUE","CR","","N","FALSE","2026-06-15T14:56:49Z","2026-06-17","2026-09-15","","FALSE","BILT","FALSE","FALSE","TRUE","1,300,000,000","","EGP","","","","","","","","","","","","","","","","","","","","","","","","","0","","","","","","0.0075","","","","","","false","","","3","","3","A005","","","","","","","","","DAIL","","","","1","","","","","","USD","USD","","","false","","","","","","","","","","","FALSE","","","","","","","","","QZ8L2ZPSHS69","NA/CDS Corp SN","No name obtainable"
"3681582731000000301","","NEWT","TRAD","2026-06-15T15:21:31Z","","CR","","I","TRUE","2026-06-15T15:21:31Z","2026-06-16","2031-06-20","","FALSE","BBSF","FALSE","FALSE","","10,000,000","","EUR","","","","","","","","","","","","","","","","","","","","","","","","","0.05","","","","","","0.024834","","","","","","false","","","3","","","A004","","","","","","","","1204998.16000","MNTH","","","","3","","","","UFRO","EUR","","","","","false","1","","","","","","","","","","FALSE","","","","","","","","","QZ3HM9KVK2WL","NA/CDS Corp Idx","ITRAXX EUROPE CROSSOVER"
"3670118526000000101","","NEWT","TRAD","2026-06-15T06:46:29Z","","CR","","I","TRUE","2026-06-15T06:46:29Z","2026-06-16","2031-06-20","","FALSE","BBSF","FALSE","FALSE","","5,000,000","","EUR","","","","","","","","","","","","","","","","","","","","","","","","","0.05","","","","","","0.024885","","","","","","false","","","3","","","A004","","","","","","","","601292.21000","MNTH","","","","3","","","","UFRO","EUR","","","","","false","1","","","","","","","","","","FALSE","","","","","","","","","QZ3HM9KVK2WL","NA/CDS Corp Idx","ITRAXX EUROPE CROSSOVER"
"3681544836000000101","","NEWT","TRAD","2026-06-15T15:12:35Z","","CR","","I","TRUE","2026-06-15T15:12:35Z","2026-06-16","2031-06-20","","FALSE","BBSF","FALSE","FALSE","","6,000,000","","USD","","","","","","","","","","","","","","","","","","","","","","","","","0.05","","","","","","0.010836923","","","","","","false","","","3","","","A004","","","","","","","","569732.26000","MNTH","","","","3","","","","UFRO","USD","","","","","false","0.99","","","","","","","","","","FALSE","","","","","","","","","QZHH8NT767RX","NA/CDS Corp Idx","CDX.NA.HY"
"3676346339000000201","","NEWT","TRAD","2026-06-15T09:00:38Z","","CR","","I","TRUE","2026-06-15T09:00:38Z","2026-06-16","2031-06-20","","FALSE","BBSF","FALSE","TRUE","","164,216,996+","","EUR","","","","","","","","","","","","","","","","","","","","","","","","","0.01","","","","","","0.0051297","","","","","","false","","","3","","","A004","","","","","","","","4127686.08179","MNTH","","","","3","","","","UFRO","EUR","","","","","false","1","","","","","","","","","","TRUE","","","","0.000487","","3","","","QZTQ4GTC5QMF","NA/CDS Corp Idx","ITRAXX EUROPE"
"3679901299000000201","3679869557000000201","EROR","","2026-06-15T11:16:36Z","","CR","","I","","2026-06-15T11:16:36Z","2026-03-20","2031-06-20","","","","FALSE","","FALSE","20,000,000","","EUR","","","","","","","","","","","","","","","","","","","","","","","","","0.01","","","","","","","","","","","","false","","","","","","","","","","","","","","171661.00000","","","","","","","","","UFRO","EUR","","","","","false","1","","","","","","","","","","FALSE","","","","","","","","","QZ5GD86QBKCC","NA/CDS Corp Idx","ITRAXX EUROPE SUB FINANCIALS"
"3680009238000000101","","NEWT","TRAD","2026-06-15T11:42:45Z","","CR","","I","FALSE","2026-06-15T11:42:45Z","2026-03-20","2031-06-20","","FALSE","TPSE","FALSE","FALSE","","10,000,000","","USD","","","","","","","","","","","","","","","","","","","","","","","","","0.01","","","","","","98.26","","USD","","","","false","","","1","","","A004","","","","","","","","","MNTH","","","","3","","","","","","USD","","","","false","1","","","","","","","OTHR","","","FALSE","","","","","","","","","QZ4JMQKL3P03","NA/CDS Corp Idx","CDX.EM"
"3680507164000000101","","NEWT","TRAD","2026-06-15T12:38:07Z","","CR","","I","TRUE","2026-06-15T12:38:07Z","2026-06-16","2031-06-20","","FALSE","BBSF","FALSE","FALSE","","50,000,000","","EUR","","","","","","","","","","","","","","","","","","","","","","","","","0.01","","","","","","0.00511","","","","","","false","","","3","","","A004","","","","","","","","1261466.82000","MNTH","","","","3","","","","UFRO","EUR","","","","","false","1","","","","","","","","","","FALSE","","","","","","","","","QZTQ4GTC5QMF","NA/CDS Corp Idx","ITRAXX EUROPE"
"3680063878000000301","2688732879000000601","CORR","","2026-05-21T16:23:55Z","","CR","","N","FALSE","2026-04-10T10:47:08Z","2026-04-14","2026-07-14","","FALSE","BILT","FALSE","FALSE","TRUE","3,000,000","","CLF","","","","","","","","","","","","","","","","","","","","","","","","","0","","","","","","0.006","","","","","","false","","","3","","3","A001","","","","","","","","","DAIL","","","","1","","","","","","USD","USD","","","false","","","","","","","","","","","FALSE","","","","","","","","","QZVTQZ974THN","NA/CDS Corp SN","BONO TGR EN UF"
"3681286556000000101","","NEWT","TRAD","2026-06-15T14:19:54Z","","CR","","I","TRUE","2026-06-15T14:19:54Z","2026-06-16","2031-06-20","","FALSE","BBSF","FALSE","FALSE","","100,000,000","","EUR","","","","","","","","","","","","","","","","","","","","","","","","","0.01","","","","","","0.00513615","","","","","","false","","","3","","","A004","","","","","","","","2510506.16000","MNTH","","","","3","","","","UFRO","EUR","","","","","false","1","","","","","","","","","","FALSE","","","","","","","","","QZTQ4GTC5QMF","NA/CDS Corp Idx","ITRAXX EUROPE"
"3681299167000000101","","NEWT","TRAD","2026-06-15T14:23:30Z","","CR","","I","TRUE","2026-06-15T14:23:30Z","2026-06-16","2031-06-20","","FALSE","BBSF","FALSE","FALSE","","75,000,000","","EUR","","","","","","","","","","","","","","","","","","","","","","","","","0.01","","","","","","0.0051373","","","","","","false","","","3","","","A004","","","","","","","","1882469.77000","MNTH","","","","3","","","","UFRO","EUR","","","","","false","1","","","","","","","","","","FALSE","","","","","","","","","QZTQ4GTC5QMF","NA/CDS Corp Idx","ITRAXX EUROPE"
"3685085294000000201","","NEWT","NOVA","2026-06-15T18:12:00Z","","CR","","N","FALSE","2026-06-15T18:12:00Z","2026-03-20","2026-07-15","2031-06-20","FALSE","BILT","FALSE","FALSE","TRUE","9,000,000","","USD","","","","","","","","","","","","","","","","","","","","","","","","2026-07-15","0.05","","0","","","","","","","","104.5","USD","false","","","","","1","A004","","","","","","","","","MNTH","","","","3","","","","","","","","","","false","1","","","","","","","","","","FALSE","","","","","","","","","QZ8V3P8GM5FP","NA/CDS Idx Swt","NA/CDS Corp Idx"
"3685088939000000301","","NEWT","NOVA","2026-06-15T18:12:48Z","","CR","","N","FALSE","2026-06-15T18:12:48Z","2026-03-20","2026-07-15","2031-06-20","FALSE","BILT","FALSE","FALSE","TRUE","11,000,000","","USD","","","","","","","","","","","","","","","","","","","","","","","","2026-07-15","0.05","","0","","","","","","","","104.5","USD","false","","","","","1","A004","","","","","","","","","MNTH","","","","3","","","","","","","","","","false","1","","","","","","","","","","FALSE","","","","","","","","","QZ8V3P8GM5FP","NA/CDS Idx Swt","NA/CDS Corp Idx"
"3684863913000000201","","NEWT","TRAD","2026-06-15T17:37:28Z","","CR","","I","TRUE","2026-06-15T17:37:28Z","2026-06-16","2031-06-20","","FALSE","BBSF","FALSE","FALSE","","7,000,000","","USD","","","","","","","","","","","","","","","","","","","","","","","","","0.01","","","","","","0.004976","","","","","","false","","","3","","","A004","","","","","","","","175578.31000","MNTH","","","","3","","","","UFRO","USD","","","","","false","1","","","","","","","","","","FALSE","","","","","","","","","QZ3WVVQG5T8K","NA/CDS Corp Idx","CDX.NA.IG"
"3684863941000000401","","NEWT","NOVA","2026-06-05T12:48:51Z","","CR","","N","FALSE","2025-08-04T16:02:37Z","2025-04-14","2059-11-17","2059-11-17","FALSE","BILT","FALSE","FALSE","FALSE","590,000","","USD","","","","","","","","","","","","","","","","","","","","","","","","","0.03","","","","","","","","","","","","true","","","","","","A004","","","","","","","","","","","","","","","","","","","","","","","false","1","","","","","","","","","","FALSE","","","","","","","","","QZKC8TXPKD8S","NA/CDS Corp Idx","CMBX.NA.BBB-"
"3670076840000000101","","NEWT","TRAD","2026-06-15T06:44:49Z","","CR","","I","TRUE","2026-06-15T06:44:49Z","2026-06-16","2031-06-20","","","TWSF","FALSE","FALSE","","5,000,000","","EUR","","","","","","","","","","","","","","","","","","","","","","","","","0.05","","","","","","0.02485","","","","","","false","","","3","","","A004","","","","","","","","602121.36416","MNTH","","","","3","","","","UFRO","EUR","","","","","false","1","","","","","","","","","","FALSE","","","","","","","","","QZ3HM9KVK2WL","NA/CDS Corp Idx","ITRAXX EUROPE CROSSOVER"
"3675739092000000201","","NEWT","TRAD","2026-06-15T08:46:29Z","","CR","","N","FALSE","2026-06-15T08:46:29Z","2026-09-16","2026-09-16","","FALSE","BILT","FALSE","FALSE","TRUE","345,719,991+","","EUR","","","","","","","","","","","","","","","","","","","","","","","","2026-09-16","","","778,042.86","EUR","","","","","","","0.01","","false","","","","","3","A004","","","","","","","","0.00000","MNTH","","","","3","","","","UFRO","EUR","","","","","false","","","","","","","","","","","FALSE","","","","","","","","","QZS1WNR5R2ND","NA/CDS Idx Swt","NA/CDS Corp Idx"
"3678013429000000201","","NEWT","TRAD","2026-06-15T09:30:58Z","","CR","","I","TRUE","2026-06-15T09:30:58Z","2026-06-16","2031-06-20","","FALSE","BBSF","FALSE","FALSE","","10,000,000","","EUR","","","","","","","","","","","","","","","","","","","","","","","","","0.05","","","","","","0.024891","","","","","","false","","","3","","","A004","","","","","","","","1202300.51000","MNTH","","","","3","","","","UFRO","EUR","","","","","false","1","","","","","","","","","","FALSE","","","","","","","","","QZ3HM9KVK2WL","NA/CDS Corp Idx","ITRAXX EUROPE CROSSOVER"
"3678374678000000101","3677536991000000101","MODI","TRAD","2026-06-15T09:13:42Z","TRUE","CR","","I","TRUE","2026-06-15T09:08:33Z","2025-09-22","2030-12-20","","","BILT","FALSE","FALSE","FALSE","11,000,000","","EUR","","","","","","","","","","","","","","","","","","","","","","","","","0.01","","","","","","","","","","","","false","","","","","","A004","","","","","","","","139078.69822","MNTH","","","","3","","","","UFRO","EUR","","","","","false","1","","","","","","","","","","FALSE","","","","","","","","","QZJT1J212HR2","NA/CDS Corp Idx","ITRAXX EUROPE SUB FINANCIALS"
"3685942780000000401","","NEWT","TRAD","2026-06-15T19:23:08Z","","CR","","N","FALSE","2026-06-15T19:23:08Z","2026-03-20","2031-06-20","","FALSE","BILT","FALSE","FALSE","TRUE","50,000,000+","","USD","","","","","","","","","","","","","","","","","","","","","","","","","0.01","","","","","","","","","","","","false","","","","","","A004","","","","","","","","742271.17154","MNTH","","","","3","","","","UFRO","USD","","","","","false","1","","","","","","","","","","FALSE","","","","","","","","","QZ39BZSFH68L","NA/CDS Sov Idx","CDX.EM"
"3685996727000000101","3685994799000000101","MODI","TRAD","2026-06-15T19:52:28Z","TRUE","CR","","I","TRUE","2026-06-15T19:52:00Z","2026-03-20","2031-06-20","","FALSE","TPSE","FALSE","FALSE","","75,000,000","","USD","","","","","","","","","","","","","","","","","","","","","","","","","0.01","","","","","","0.00499","","","","","","false","","","3","","","A004","","","","","","","","","MNTH","","","","3","","","","","","USD","","","","false","1","","","","","","","OTHR","","","FALSE","","","","","","","","","QZ3WVVQG5T8K","NA/CDS Corp Idx","CDX.NA.IG"
"3685952289000000201","","NEWT","TRAD","2026-06-15T19:28:10Z","","CR","","N","FALSE","2026-06-15T19:28:10Z","2026-06-16","2026-06-20","2026-06-20","FALSE","BILT","FALSE","FALSE","TRUE","680,000","","USD","","","","","","","","","","","","","","","","","","","","","","","","","","","","","","","","","","","","","false","","","","","","A004","","","","","","","","6039.63069","MNTH","","","","3","","","","UFRO","USD","","","","","false","1","","","","","","","","","","FALSE","","","","","","","","","QZ9206MF0QMZ","NA/CDS Corp Idx","IBOXX USD LIQUID IG"
"3685952289000000401","","NEWT","TRAD","2026-06-15T19:29:36Z","","CR","","N","FALSE","2026-06-15T19:29:36Z","2026-06-16","2026-06-20","2026-06-20","FALSE","BILT","FALSE","FALSE","TRUE","100,000,000","","USD","","","","","","","","","","","","","","","","","","","","","","","","","","","","","","","","","","","","","false","","","","","","A004","","","","","","","","888179.92585","MNTH","","","","3","","","","UFRO","USD","","","","","false","1","","","","","","","","","","FALSE","","","","","","","","","QZ9206MF0QMZ","NA/CDS Corp Idx","IBOXX USD LIQUID IG"
"3686049256000000201","","NEWT","TRAD","2026-06-15T20:01:54Z","","CR","","I","FALSE","2026-06-15T20:01:54Z","2026-06-16","2031-06-20","","","TWSF","FALSE","FALSE","","2,000,000","","USD","","","","","","","","","","","","","","","","","","","","","","","","","0.01","","","","","","0.004983","","","","","","false","","","3","","","A004","","","","","","","","50100.81657","MNTH","","","","3","","","","UFRO","USD","","","","","false","1","","","","","","","","","","FALSE","","","","","","","","","QZ3WVVQG5T8K","NA/CDS Corp Idx","CDX.NA.IG"
"3686049255000000101","","NEWT","TRAD","2026-06-15T20:01:51Z","","CR","","I","FALSE","2026-06-15T20:01:51Z","2026-06-16","2031-06-20","","","TWSF","FALSE","FALSE","","4,000,000","","USD","","","","","","","","","","","","","","","","","","","","","","","","","0.05","","","","","","0.0108371","","","","","","false","","","3","","","A004","","","","","","","","379892.54973","MNTH","","","","3","","","","UFRO","USD","","","","","false","0.99","","","","","","","","","","FALSE","","","","","","","","","QZHH8NT767RX","NA/CDS Corp Idx","CDX.NA.HY"
"3685301085000000101","","NEWT","TRAD","2026-06-15T19:00:29Z","","CR","","I","TRUE","2026-06-15T19:00:29Z","2026-06-16","2031-06-20","","","TWSF","FALSE","TRUE","","210,000,000","","USD","","","","","","","","","","","","","","","","","","","","","","","","","0.01","","","","","","0.00498","","","","","","false","","","3","","","A004","","","","","","","","5263487.33000","MNTH","","","","3","","","","UFRO","USD","","","","","false","1","","","","","","","","","","FALSE","","","","","","","","","QZ3WVVQG5T8K","NA/CDS Corp Idx","CDX.NA.IG"
"3681184913000000101","","NEWT","TRAD","2026-06-15T14:00:13Z","","CR","","I","TRUE","2026-06-15T14:00:13Z","2026-06-16","2031-06-20","","FALSE","BBSF","FALSE","FALSE","","100,000,000","","EUR","","","","","","","","","","","","","","","","","","","","","","","","","0.01","","","","","","0.00513115","","","","","","false","","","3","","","A004","","","","","","","","2512882.15000","MNTH","","","","3","","","","UFRO","EUR","","","","","false","1","","","","","","","","","","FALSE","","","","","","","","","QZTQ4GTC5QMF","NA/CDS Corp Idx","ITRAXX EUROPE"
"3683066007000000101","","NEWT","TRAD","2026-06-15T16:57:05Z","FALSE","CR","","N","FALSE","2026-06-15T16:57:05Z","2026-06-16","2026-09-16","","FALSE","BILT","FALSE","FALSE","TRUE","2,234,242,629","5,000,000","KZT","USD","","","","","","","","","","","","","","","","","","","","","","","","0.1695","","","","","","","","","","","","false","","","","","","A001","","","A004","","DAIL","","1","","MNTH","","","EXPI","1","","","1","","","USD","","","","false","","","","","","","","","","","FALSE","","","","","","","","","QZPKZX4KD6KF","NA/CDS Corp SN","MID-TERM GOVERNMENT TREASURY OBLIGATIONS OF RK (MEOKAM)"
"3684572890000000301","","NEWT","TRAD","2026-06-15T17:24:38Z","","CR","","I","TRUE","2026-06-15T17:24:38Z","2026-06-16","2031-06-20","","FALSE","BBSF","FALSE","FALSE","","40,000,000","","USD","","","","","","","","","","","","","","","","","","","","","","","","","0.01","","","","","","0.004973394","","","","","","false","","","3","","","A004","","","","","","","","1003783.89000","MNTH","","","","3","","","","UFRO","USD","","","","","false","1","","","","","","","","","","FALSE","","","","","","","","","QZ3WVVQG5T8K","NA/CDS Corp Idx","CDX.NA.IG"
"3681403085000000101","","NEWT","TRAD","2026-06-15T14:44:50Z","","CR","","I","TRUE","2026-06-15T14:44:50Z","2026-06-16","2031-06-20","","FALSE","BBSF","FALSE","FALSE","","50,000,000","","USD","","","","","","","","","","","","","","","","","","","","","","","","","0.01","","","","","","0.0049911","","","","","","false","","","3","","","A004","","","","","","","","1250659.78000","MNTH","","","","3","","","","UFRO","USD","","","","","false","1","","","","","","","","","","FALSE","","","","","","","","","QZ3WVVQG5T8K","NA/CDS Corp Idx","CDX.NA.IG"
"3669794660000000201","","NEWT","TRAD","2026-06-15T06:36:19Z","","CR","","I","TRUE","2026-06-15T06:36:19Z","2026-06-16","2031-06-20","","","TWSF","FALSE","FALSE","","2,000,000","","EUR","","","","","","","","","","","","","","","","","","","","","","","","","0.05","","","","","","0.0247638","","","","","","false","","","3","","","A004","","","","","","","","241664.39804","MNTH","","","","3","","","","UFRO","EUR","","","","","false","1","","","","","","","","","","FALSE","","","","","","","","","QZ3HM9KVK2WL","NA/CDS Corp Idx","ITRAXX EUROPE CROSSOVER"
"3685292323000000101","","NEWT","TRAD","2026-06-15T18:57:50Z","","CR","","I","FALSE","2026-06-15T18:57:50Z","2026-06-16","2031-06-20","","","TWSF","FALSE","FALSE","","2,000,000","","USD","","","","","","","","","","","","","","","","","","","","","","","","","0.05","","","","","","0.01083681","","","","","","false","","","3","","","A004","","","","","","","","189889.42699","MNTH","","","","3","","","","UFRO","USD","","","","","false","0.99","","","","","","","","","","FALSE","","","","","","","","","QZHH8NT767RX","NA/CDS Corp Idx","CDX.NA.HY"
"3685191819000000101","3685017659000000301","EROR","","2026-06-15T18:32:10Z","","CR","","","","2026-06-15T17:58:14Z","2026-06-15","2026-06-17","","","","","","FALSE","","","","","","","","","","","","","","","","","","","","","","","","","","","","0.05","","","","","","","","","","","","","","","","","","","","","","","","","","","","","","","","","","","","","","","","","","","","","","","","","","","","","","","","","","","","","QZHRHKT5ZH3K","NA/CDS Idx Swt","NA/CDS Corp Idx"
"3685209288000000101","","NEWT","TRAD","2026-06-15T18:47:08Z","","CR","","N","FALSE","2026-06-15T18:47:08Z","2024-09-20","2029-12-20","","FALSE","BILT","FALSE","FALSE","TRUE","35,000,000","","USD","","","","","","","","","","","","","","","","","","","","","","","","","0.05","","","","","","","","","","","","false","","","","","","A004","","","","","","","","4120277.78000","MNTH","","","","3","","","","UFRO","USD","USD","","","","true","0.98","","","","","","","","","","FALSE","","","","","","","","","QZCSGQZZML3P","NA/CDS Corp Idx Tra","CDX.NA.HY"
"3685179889000000101","","NEWT","TRAD","2026-06-15T18:36:02Z","","CR","","N","FALSE","2026-06-15T18:36:02Z","2026-06-16","2026-08-18","","FALSE","BILT","FALSE","FALSE","TRUE","400,000,000+","","USD","","","","","","","","","","","","","","","","","","","","","","","","","0.035","","","","","","","","","","","","false","","","","","","A006","","","","","","","","2152196.41009","MNTH","","","","6","","","","PEXH","USD","USD","","","","false","","","","","","","","","","","FALSE","","","","","","","","","QZN77MBR8RXV","NA/CDS Corp SN","DTD 11/15/2025"
"3685411740000000201","3685380955000000401","MODI","TRAD","2026-06-15T19:05:05Z","TRUE","CR","","I","TRUE","2026-06-15T19:04:28Z","2026-03-20","2031-06-20","","FALSE","TPSE","FALSE","FALSE","","250,000,000+","","USD","","","","","","","","","","","","","","","","","","","","","","","","","0.01","","","","","","0.00498","","","","","","false","","","3","","","A004","","","","","","","","","MNTH","","","","3","","","","","","USD","","","","false","1","","","","","","","OTHR","","","FALSE","","","","","","","","","QZ3WVVQG5T8K","NA/CDS Corp Idx","CDX.NA.IG"
"3684118149000000201","3681683224000000101","TERM","ETRM","2026-06-15T17:17:43Z","","CR","","N","","2026-06-15T15:42:35Z","2026-06-16","2026-07-15","2031-06-20","FALSE","BILT","FALSE","","FALSE","400,000,000+","","USD","","","","","","","","","","","","","","","","","","","","","","","","2026-07-15","0.01","","129,999.1875","USD","","","","","","","57.5","USD","false","","","","","1","","","","","","","","","","","","","","","","","","","","","","","","false","","","","","","","","","","","FALSE","","","","","","","","","QZ7WW76RFHN3","NA/CDS Idx Swt","NA/CDS Corp Idx"
"3685936453000000201","3685935402000000101","CORR","","2026-06-15T19:18:55Z","","CR","","N","FALSE","2026-06-15T19:18:55Z","2026-03-20","2031-06-20","","FALSE","BILT","FALSE","FALSE","FALSE","17,000,000","","USD","","","","","","","","","","","","","","","","","","","","","","","","","0.01","","","","","","","","","","","","false","","","","","","A004","","","","","","","","251694.44000","MNTH","","","","3","","","","UFRO","USD","","","","","false","1","","","","","","","","","","FALSE","","","","","","","","","QZ39BZSFH68L","NA/CDS Sov Idx","CDX.EM"
"3685933968000000101","","NEWT","TRAD","2026-06-15T19:18:29Z","","CR","","I","TRUE","2026-06-15T19:18:29Z","2026-06-16","2031-06-20","","FALSE","BBSF","FALSE","FALSE","","22,000,000","","USD","","","","","","","","","","","","","","","","","","","","","","","","","0.05","","","","","","0.010836865","","","","","","false","","","3","","","A004","","","","","","","","2088891.97000","MNTH","","","","3","","","","UFRO","USD","","","","","false","0.99","","","","","","","","","","FALSE","","","","","","","","","QZHH8NT767RX","NA/CDS Corp Idx","CDX.NA.HY"
"3685944945000000201","","NEWT","TRAD","2026-06-15T19:24:03Z","","CR","","I","TRUE","2026-06-15T19:24:03Z","2026-06-16","2031-06-20","","FALSE","BBSF","FALSE","FALSE","","10,000,000","","USD","","","","","","","","","","","","","","","","","","","","","","","","","0.05","","","","","","0.0108377","","","","","","false","","","3","","","A004","","","","","","","","950323.00000","MNTH","","","","3","","","","UFRO","USD","","","","","false","0.99","","","","","","","","","","FALSE","","","","","","","","","QZHH8NT767RX","NA/CDS Corp Idx","CDX.NA.HY"
"3685944944000000101","3685943969000000301","MODI","TRAD","2026-06-15T19:23:55Z","TRUE","CR","","I","TRUE","2026-06-15T19:23:33Z","2026-03-20","2031-06-20","","FALSE","TPSE","FALSE","FALSE","","50,000,000","","USD","","","","","","","","","","","","","","","","","","","","","","","","","0.01","","","","","","0.004985","","","","","","false","","","3","","","A004","","","","","","","","","MNTH","","","","3","","","","","","USD","","","","false","1","","","","","","","OTHR","","","FALSE","","","","","","","","","QZ3WVVQG5T8K","NA/CDS Corp Idx","CDX.NA.IG"
"3670525847000000101","2793945263000000101","MODI","TRAD","2026-06-15T07:01:04Z","TRUE","CR","","N","FALSE","2024-03-20T20:33:50Z","2024-02-07","2026-12-10","","FALSE","BILT","FALSE","FALSE","TRUE","100,000,000","","USD","","","","","","","","","","","","","","","","","","","","","","","","","","","","","","","","","","","","","false","","","","","","","","","","","","","","0.00000","","","","","","","","","UFRO","USD","USD","","","","true","","","","","","","","","","","FALSE","","","","","","","","","QZRR0D5S3SHF","NA/CDS Corp Basket","Basket"
"3685811033000000101","","NEWT","TRAD","2026-06-15T19:10:22Z","","CR","","N","FALSE","2026-06-15T19:10:22Z","2026-06-15","2026-09-16","2031-06-20","FALSE","BILT","FALSE","FALSE","TRUE","250,000,000","","USD","","","","","","","","","","","","","","","","","","","","","","","","2026-09-16","0.01","","393,750","USD","","","","","","","0.0055","","false","","","","","3","A004","","","","","","","","","MNTH","","","","3","","","","","","","","","","false","1","","","","","","","","","","FALSE","","","","","","","","","QZT4QS79CCTS","NA/CDS Idx Swt","NA/CDS Corp Idx"
"3682355759000000201","","NEWT","TRAD","2026-06-15T16:24:28Z","","CR","","I","TRUE","2026-06-15T16:24:28Z","2026-06-16","2031-06-20","","FALSE","BBSF","FALSE","TRUE","","140,000,000","","EUR","","","","","","","","","","","","","","","","","","","","","","","","","0.01","","","","","","0.00514","","","","","","false","","","3","","","A004","","","","","","","","3512141.38800","MNTH","","","","3","","","","UFRO","EUR","","","","","false","1","","","","","","","","","","TRUE","","","","0.000486","","3","","","QZTQ4GTC5QMF","NA/CDS Corp Idx","ITRAXX EUROPE"
"3679677320000000201","","NEWT","TRAD","2026-06-15T10:50:49Z","","CR","","I","TRUE","2026-06-15T10:50:49Z","2026-06-16","2031-06-20","","FALSE","BBSF","FALSE","FALSE","","20,000,000","","EUR","","","","","","","","","","","","","","","","","","","","","","","","","0.01","","","","","","0.00511415","","","","","","false","","","3","","","A004","","","","","","","","504192.24000","MNTH","","","","3","","","","UFRO","EUR","","","","","false","1","","","","","","","","","","FALSE","","","","","","","","","QZTQ4GTC5QMF","NA/CDS Corp Idx","ITRAXX EUROPE"
"3673503241000000201","","NEWT","TRAD","2026-06-15T08:09:22Z","","CR","","I","FALSE","2026-06-15T08:09:22Z","2026-06-16","2031-06-20","","FALSE","BBSF","FALSE","FALSE","","25,000,000","","USD","","","","","","","","","","","","","","","","","","","","","","","","","0.01","","","","","","0.009821","","","","","","false","","","3","","","A004","","","","","","","","386388.89000","MNTH","","","","3","","","","UFRO","USD","","","","","false","1","","","","","","","","","","FALSE","","","","","","","","","QZ4JMQKL3P03","NA/CDS Corp Idx","CDX.EM"
"3680968644000000301","","NEWT","TRAD","2026-06-15T13:26:07Z","","CR","","I","TRUE","2026-06-15T13:26:07Z","2026-06-16","2031-06-20","","FALSE","BBSF","FALSE","FALSE","","5,000,000","","EUR","","","","","","","","","","","","","","","","","","","","","","","","","0.05","","","","","","0.024809","","","","","","false","","","3","","","A004","","","","","","","","603090.86000","MNTH","","","","3","","","","UFRO","EUR","","","","","false","1","","","","","","","","","","FALSE","","","","","","","","","QZ3HM9KVK2WL","NA/CDS Corp Idx","ITRAXX EUROPE CROSSOVER"
"3681568250000000301","","NEWT","TRAD","2026-06-15T15:17:49Z","","CR","","I","FALSE","2026-06-15T15:17:49Z","2026-06-16","2031-06-20","","","TWSF","FALSE","TRUE","","46,672,199+","","EUR","","","","","","","","","","","","","","","","","","","","","","","","","0.05","","","","","","0.024854","","","","","","false","","","3","","","A004","","","","","","","","5619571.83497","MNTH","","","","3","","","","UFRO","EUR","","","","","false","1","","","","","","","","","","FALSE","","","","","","","","","QZ3HM9KVK2WL","NA/CDS Corp Idx","ITRAXX EUROPE CROSSOVER"
"3681569762000000201","3681539938000000101","MODI","TRAD","2026-06-15T15:03:00Z","TRUE","CR","","N","FALSE","2026-06-15T15:03:00Z","2026-03-20","2026-09-21","","FALSE","BILT","FALSE","FALSE","TRUE","32,000,000","","USD","","","","","","","","","","","","","","","","","","","","","","","","","4.0115","","","","","","","","","","","","false","","","","","","A001","","","","","","","","284216.52819","MNTH","","","","3","","","","UFRO","USD","","","","","false","1","","","","","","","","","","FALSE","","","","","","","","","QZMF6M7G77VQ","NA/CDS Corp Idx","IBOXX USD LIQUID HIGH YIELD INDEX"
"3681444202000000201","","NEWT","TRAD","2026-06-15T14:54:59Z","","CR","","I","TRUE","2026-06-15T14:54:59Z","2026-06-16","2031-06-20","","FALSE","BBSF","FALSE","FALSE","","960,000","","EUR","","","","","","","","","","","","","","","","","","","","","","","","","0.01","","","","","","0.005132","","","","","","false","","","3","","","A004","","","","","","","","24119.79000","MNTH","","","","3","","","","UFRO","EUR","","","","","false","1","","","","","","","","","","FALSE","","","","","","","","","QZTQ4GTC5QMF","NA/CDS Corp Idx","ITRAXX EUROPE"
"3687418622000000101","","NEWT","TRAD","2026-06-15T21:08:55Z","","CR","","I","TRUE","2026-06-15T21:08:55Z","2026-03-20","2031-06-20","","FALSE","GSEF","FALSE","FALSE","","50,000,000","","USD","","","","","","","","","","","","","","","","","","","","","","","","","","","","","","","0.00499","","","","","","false","","","3","","","A004","","","","","","","","","MNTH","","","","3","","","","","","","","","","false","1","","","","","","","","","","FALSE","","","","","","","","","QZ3WVVQG5T8K","NA/CDS Corp Idx","CDX.NA.IG"
"3679386830000000201","","NEWT","TRAD","2026-06-15T10:18:23Z","","CR","","N","FALSE","2026-06-15T10:04:00Z","2026-07-15","2026-07-15","2031-06-20","FALSE","BILT","FALSE","FALSE","FALSE","300,000,000","","EUR","","","","","","","","","","","","","","","","","","","","","","","","2026-07-15","0.01","","74,250","EUR","","","","","","","0.0065","","false","","","","","3","A004","","","","","","","","","MNTH","","","","3","","","","","","","","","","false","","","","","","","","","","","TRUE","0.0001275","","3","","","","","","QZ8Z2HV2KGSW","NA/CDS Idx Swt","NA/CDS Corp Idx"
"3679003701000000301","","NEWT","TRAD","2026-06-15T10:03:00Z","","CR","","I","TRUE","2026-06-15T10:03:00Z","2026-03-20","2031-06-20","","FALSE","BGCD","FALSE","FALSE","","45,000,000","","EUR","","","","","","","","","","","","","","","","","","","","","","","","","","","","","","","0.005125","","","","","","false","","","3","","","A004","","","","","","","","","MNTH","","","","3","","","","","","","","","","false","1","","","","","","","","","","TRUE","","","","0.001775","","3","","","QZTQ4GTC5QMF","NA/CDS Corp Idx","ITRAXX EUROPE"
"3679131801000000101","","NEWT","TRAD","2026-06-15T10:10:58Z","","CR","","I","TRUE","2026-06-15T10:10:58Z","2026-06-16","2031-06-20","","FALSE","BBSF","FALSE","FALSE","","10,000,000","","EUR","","","","","","","","","","","","","","","","","","","","","","","","","0.05","","","","","","0.0247829","","","","","","false","","","3","","","A004","","","","","","","","1207417.59000","MNTH","","","","3","","","","UFRO","EUR","","","","","false","1","","","","","","","","","","FALSE","","","","","","","","","QZ3HM9KVK2WL","NA/CDS Corp Idx","ITRAXX EUROPE CROSSOVER"
"3679226685000000201","","NEWT","TRAD","2026-06-15T10:04:00Z","","CR","","N","FALSE","2026-06-15T10:04:00Z","2026-07-15","2026-07-15","2031-06-20","FALSE","BILT","FALSE","FALSE","FALSE","300,000,000","","EUR","","","","","","","","","","","","","","","","","","","","","","","","2026-07-15","0.01","","74,250","EUR","","","","","","","0.0065","","false","","","","","3","A004","","","","","","","","","MNTH","","","","3","","","","","","","","","","false","","","","","","","","","","","TRUE","0.0001275","","3","","","","","","QZ8Z2HV2KGSW","NA/CDS Idx Swt","NA/CDS Corp Idx"
"3680962590000000101","","NEWT","TRAD","2026-06-15T13:25:20Z","","CR","","I","TRUE","2026-06-15T13:25:20Z","2026-06-16","2031-06-20","","FALSE","BBSF","FALSE","FALSE","","15,000,000","","EUR","","","","","","","","","","","","","","","","","","","","","","","","","0.01","","","","","","0.00512065","","","","","","false","","","3","","","A004","","","","","","","","377679.49476","MNTH","","","","3","","","","UFRO","EUR","","","","","false","1","","","","","","","","","","FALSE","","","","","","","","","QZTQ4GTC5QMF","NA/CDS Corp Idx","ITRAXX EUROPE"
"3680221412000000101","","NEWT","TRAD","2026-06-15T12:13:15Z","","CR","","I","TRUE","2026-06-15T12:13:15Z","2026-06-16","2031-06-20","","FALSE","BBSF","FALSE","FALSE","","25,000,000","","USD","","","","","","","","","","","","","","","","","","","","","","","","","0.01","","","","","","0.00498755","","","","","","false","","","3","","","A004","","","","","","","","625737.89000","MNTH","","","","3","","","","UFRO","USD","","","","","false","1","","","","","","","","","","FALSE","","","","","","","","","QZ3WVVQG5T8K","NA/CDS Corp Idx","CDX.NA.IG"
"3680998067000000101","","NEWT","TRAD","2026-06-15T13:29:48Z","","CR","","I","TRUE","2026-06-15T13:29:48Z","2026-06-16","2031-06-20","","FALSE","BBSF","FALSE","FALSE","","10,000,000","","EUR","","","","","","","","","","","","","","","","","","","","","","","","","0.05","","","","","","0.0247846","","","","","","false","","","3","","","A004","","","","","","","","1207337.08000","MNTH","","","","3","","","","UFRO","EUR","","","","","false","1","","","","","","","","","","FALSE","","","","","","","","","QZ3HM9KVK2WL","NA/CDS Corp Idx","ITRAXX EUROPE CROSSOVER"
"3680992671000000101","","NEWT","TRAD","2026-06-15T13:29:08Z","","CR","","I","TRUE","2026-06-15T13:29:08Z","2026-06-16","2031-06-20","","FALSE","BBSF","FALSE","FALSE","","110,000,000","","USD","","","","","","","","","","","","","","","","","","","","","","","","","0.01","","","","","","0.00497795","","","","","","false","","","3","","","A004","","","","","","","","2758105.54234","MNTH","","","","3","","","","UFRO","USD","","","","","false","1","","","","","","","","","","FALSE","","","","","","","","","QZ3WVVQG5T8K","NA/CDS Corp Idx","CDX.NA.IG"
"3681049163000000401","","NEWT","TRAD","2026-06-15T13:34:47Z","","CR","","I","FALSE","2026-06-15T13:34:47Z","2026-06-16","2031-06-20","","","TWSF","FALSE","FALSE","","100,000,000","","USD","","","","","","","","","","","","","","","","","","","","","","","","","0.01","","","","","","0.004977","","","","","","false","","","3","","","A004","","","","","","","","2507801.80000","MNTH","","","","3","","","","UFRO","USD","","","","","false","1","","","","","","","","","","FALSE","","","","","","","","","QZ3WVVQG5T8K","NA/CDS Corp Idx","CDX.NA.IG"
"3681047279000000201","3681021689000000101","TERM","ETRM","2026-06-15T13:33:38Z","","CR","","N","","2026-06-12T19:24:09Z","2026-06-13","2026-06-20","","FALSE","BILT","FALSE","","FALSE","50,000,000","50,000,000","USD","USD","","","","","","","","","","","","","","","","","","","","","","","","0","","","","","","","","","","","","false","","","","","","","","","","","DAIL","","1","428953.64000","","","MNTH","","","","3","","UFRO","USD","USD","USD","","","false","1","","","","","","","","","","FALSE","","","","","","","","","QZRSGNXND8C4","NA/CDS Corp Idx","IBOXX USD LIQUID HIGH YIELD INDEX"
"3669749146000000201","","NEWT","TRAD","2026-06-15T06:20:32Z","","CR","","I","TRUE","2026-06-15T06:20:32Z","2026-06-16","2031-06-20","","FALSE","BBSF","FALSE","FALSE","","50,000,000","","EUR","","","","","","","","","","","","","","","","","","","","","","","","","0.01","","","","","","0.00509275","","","","","","false","","","3","","","A004","","","","","","","","1265566.47000","MNTH","","","","3","","","","UFRO","EUR","","","","","false","1","","","","","","","","","","FALSE","","","","","","","","","QZTQ4GTC5QMF","NA/CDS Corp Idx","ITRAXX EUROPE"
"3670456837000000101","","NEWT","TRAD","2026-06-15T06:58:45Z","","CR","","I","TRUE","2026-06-15T06:58:45Z","2026-06-16","2031-06-20","","FALSE","BBSF","FALSE","FALSE","","10,000,000","","EUR","","","","","","","","","","","","","","","","","","","","","","","","","0.05","","","","","","0.02489","","","","","","false","","","3","","","A004","","","","","","","","1202347.82000","MNTH","","","","3","","","","UFRO","EUR","","","","","false","1","","","","","","","","","","FALSE","","","","","","","","","QZ3HM9KVK2WL","NA/CDS Corp Idx","ITRAXX EUROPE CROSSOVER"
"3670745804000000101","","NEWT","TRAD","2026-06-15T07:10:19Z","","CR","","I","TRUE","2026-06-15T07:10:19Z","2026-06-16","2031-06-20","","","TWSF","FALSE","FALSE","","20,000,000","","EUR","","","","","","","","","","","","","","","","","","","","","","","","","0.01","","","","","","0.005119","","","","","","false","","","3","","","A004","","","","","","","","503731.24000","MNTH","","","","3","","","","UFRO","EUR","","","","","false","1","","","","","","","","","","FALSE","","","","","","","","","QZTQ4GTC5QMF","NA/CDS Corp Idx","ITRAXX EUROPE"
"3671161276000000401","","NEWT","TRAD","2026-06-15T07:17:40Z","","CR","","I","TRUE","2026-06-15T07:17:40Z","2026-06-16","2031-06-20","","","TWSF","FALSE","FALSE","","18,000,000","","EUR","","","","","","","","","","","","","","","","","","","","","","","","","0.01","","","","","","0.00539935","","","","","","false","","","3","","","A004","","","","","","","","429402.76000","MNTH","","","","3","","","","UFRO","EUR","","","","","false","1","","","","","","","","","","TRUE","","","","0.0249","","3","","","QZTB38W3WJ98","NA/CDS Corp Idx","ITRAXX EUROPE SENIOR FINANCIALS"
"3681367160000000101","","NEWT","TRAD","2026-06-15T14:36:02Z","","CR","","I","TRUE","2026-06-15T14:36:02Z","2026-06-16","2031-06-20","","FALSE","BBSF","FALSE","FALSE","","20,000,000","","EUR","","","","","","","","","","","","","","","","","","","","","","","","","0.05","","","","","","0.0248606","","","","","","false","","","3","","","A004","","","","","","","","2407478.21000","MNTH","","","","3","","","","UFRO","EUR","","","","","false","1","","","","","","","","","","FALSE","","","","","","","","","QZ3HM9KVK2WL","NA/CDS Corp Idx","ITRAXX EUROPE CROSSOVER"
"3681327124000000401","","NEWT","TRAD","2026-06-15T14:29:35Z","","CR","","I","TRUE","2026-06-15T14:29:35Z","2026-06-16","2031-06-20","","FALSE","BBSF","FALSE","FALSE","","30,000,000","","USD","","","","","","","","","","","","","","","","","","","","","","","","","0.05","","","","","","0.01083723","","","","","","false","","","3","","","A004","","","","","","","","2849573.10000","MNTH","","","","3","","","","UFRO","USD","","","","","false","0.99","","","","","","","","","","FALSE","","","","","","","","","QZHH8NT767RX","NA/CDS Corp Idx","CDX.NA.HY"
"3681141085000000201","","NEWT","TRAD","2026-06-15T13:27:14Z","FALSE","CR","","I","TRUE","2026-06-15T13:27:14Z","2026-06-15","2026-08-19","","","BILT","FALSE","FALSE","TRUE","345,719,991+","","EUR","","","","","","","","","","","","","","","","","","","","","","","","2026-08-19","","","449,434.44","EUR","","","0.02375","","","","0.02375","","false","","","3","","3","","","","","","","","","","","","","","","","","","","","","","","","false","1","","","","","","","","","","FALSE","","","","","","","","","QZWDX55NJN4V","NA/CDS Idx Swt","NA/CDS Corp Idx"
"3681145372000000201","","NEWT","TRAD","2026-06-15T13:48:28Z","","CR","","I","TRUE","2026-06-15T13:48:28Z","2026-06-16","2031-06-20","","FALSE","BBSF","FALSE","FALSE","","30,000,000","","EUR","","","","","","","","","","","","","","","","","","","","","","","","","0.01","","","","","","0.005131","","","","","","false","","","3","","","A004","","","","","","","","753886.03000","MNTH","","","","3","","","","UFRO","EUR","","","","","false","1","","","","","","","","","","FALSE","","","","","","","","","QZTQ4GTC5QMF","NA/CDS Corp Idx","ITRAXX EUROPE"
"3682751204000000401","","NEWT","TRAD","2026-06-15T16:36:51Z","","CR","","N","FALSE","2026-06-15T16:36:51Z","2026-06-16","2026-09-20","2026-09-20","FALSE","BILT","FALSE","FALSE","TRUE","100,000,000","","USD","","","","","","","","","","","","","","","","","","","","","","","","","","","","","","","","","","","","","false","","","","","","A004","","","","","","","","888178.51667","MNTH","","","","3","","","","UFRO","USD","","","","","false","1","","","","","","","","","","FALSE","","","","","","","","","QZ5ND0SMQQL4","NA/Cr Sw Idx TRtn Corp Ph",""
"3681080220000000201","","NEWT","TRAD","2026-06-15T13:36:44Z","","CR","","I","TRUE","2026-06-15T13:36:44Z","2026-06-16","2031-06-20","","","TWSF","FALSE","TRUE","","50,000,000","","USD","","","","","","","","","","","","","","","","","","","","","","","","","0.05","","","","","","0.0108435","","","","","","false","","","3","","","A004","","","","","","","","4780325.00000","MNTH","","","","3","","","","UFRO","USD","","","","","false","0.99","","","","","","","","","","FALSE","","","","","","","","","QZHH8NT767RX","NA/CDS Corp Idx","CDX.NA.HY"
"3681150826000000101","","NEWT","TRAD","2026-06-15T13:50:07Z","","CR","","I","TRUE","2026-06-15T13:50:07Z","2026-06-16","2031-06-20","","","TWSF","FALSE","FALSE","","500,000","","USD","","","","","","","","","","","","","","","","","","","","","","","","","0.05","","","","","","0.0108415","","","","","","false","","","3","","","A004","","","","","","","","47704.45674","MNTH","","","","3","","","","UFRO","USD","","","","","false","0.99","","","","","","","","","","FALSE","","","","","","","","","QZHH8NT767RX","NA/CDS Corp Idx","CDX.NA.HY"
"3681166450000000301","","NEWT","TRAD","2026-06-15T13:54:49Z","","CR","","I","TRUE","2026-06-15T13:54:49Z","2026-06-16","2031-06-20","","FALSE","BBSF","FALSE","FALSE","","25,000,000","","USD","","","","","","","","","","","","","","","","","","","","","","","","","0.01","","","","","","0.004974","","","","","","false","","","3","","","A004","","","","","","","","627295.27000","MNTH","","","","3","","","","UFRO","USD","","","","","false","1","","","","","","","","","","FALSE","","","","","","","","","QZ3WVVQG5T8K","NA/CDS Corp Idx","CDX.NA.IG"
"3681201863000000201","","NEWT","TRAD","2026-06-15T14:03:43Z","","CR","","I","TRUE","2026-06-15T14:03:43Z","2026-06-16","2031-06-20","","FALSE","BBSF","FALSE","FALSE","","3,000,000","","EUR","","","","","","","","","","","","","","","","","","","","","","","","","0.01","","","","","","0.0051324","","","","","","false","","","3","","","A004","","","","","","","","75368.64000","MNTH","","","","3","","","","UFRO","EUR","","","","","false","1","","","","","","","","","","FALSE","","","","","","","","","QZTQ4GTC5QMF","NA/CDS Corp Idx","ITRAXX EUROPE"
"3683344577000000201","","NEWT","TRAD","2026-06-15T17:05:36Z","","CR","","I","TRUE","2026-06-15T17:05:36Z","2026-06-16","2031-06-20","","FALSE","BBSF","FALSE","FALSE","","10,000,000","","USD","","","","","","","","","","","","","","","","","","","","","","","","","0.05","","","","","","0.01084175","","","","","","false","","","3","","","A004","","","","","","","","954332.50000","MNTH","","","","3","","","","UFRO","USD","","","","","false","0.99","","","","","","","","","","FALSE","","","","","","","","","QZHH8NT767RX","NA/CDS Corp Idx","CDX.NA.HY"
"3681180573000000101","","NEWT","TRAD","2026-06-15T13:58:48Z","","CR","","I","TRUE","2026-06-15T13:58:48Z","2026-06-16","2031-06-20","","FALSE","BBSF","FALSE","FALSE","","9,000,000","","EUR","","","","","","","","","","","","","","","","","","","","","","","","","0.05","","","","","","0.0248557","","","","","","false","","","3","","","A004","","","","","","","","1083570.29868","MNTH","","","","3","","","","UFRO","EUR","","","","","false","1","","","","","","","","","","FALSE","","","","","","","","","QZ3HM9KVK2WL","NA/CDS Corp Idx","ITRAXX EUROPE CROSSOVER"
"3681330213000000101","","NEWT","TRAD","2026-06-15T14:29:57Z","","CR","","I","TRUE","2026-06-15T14:29:57Z","2026-06-16","2031-06-20","","FALSE","BBSF","FALSE","FALSE","","18,000,000","","EUR","","","","","","","","","","","","","","","","","","","","","","","","","0.05","","","","","","0.0248406","","","","","","false","","","3","","","A004","","","","","","","","2168444.08192","MNTH","","","","3","","","","UFRO","EUR","","","","","false","1","","","","","","","","","","FALSE","","","","","","","","","QZ3HM9KVK2WL","NA/CDS Corp Idx","ITRAXX EUROPE CROSSOVER"
"3681127376000001101","","NEWT","TRAD","2026-06-15T13:44:12Z","","CR","","I","TRUE","2026-06-15T13:44:12Z","2026-06-16","2031-06-20","","FALSE","BBSF","FALSE","FALSE","","2,000,000","","EUR","","","","","","","","","","","","","","","","","","","","","","","","","0.05","","","","","","0.024854","","","","","","false","","","3","","","A004","","","","","","","","240810.30000","MNTH","","","","3","","","","UFRO","EUR","","","","","false","1","","","","","","","","","","FALSE","","","","","","","","","QZ3HM9KVK2WL","NA/CDS Corp Idx","ITRAXX EUROPE CROSSOVER"
"3683508890000000901","808871196","EROR","","2026-06-15T17:03:15Z","","CR","","N","FALSE","2023-08-30T13:52:47Z","2023-08-30","2072-12-16","2072-12-16","FALSE","BILT","FALSE","FALSE","FALSE","5,000,000","","USD","","","","","","","","","","","","","","","","","","","","","","","","","0.05","","","","","","","","","","","","true","","","","","","A004","","","","","","","","2005902.78000","","","","","","","","","UFRO","USD","","","","","false","1","","","","","","","","","","FALSE","","","","","","","","","QZ3P1P6N32PC","NA/CDS Corp Idx","CMBX.NA.BB"
"3681343362000000301","","NEWT","TRAD","2026-06-15T14:23:40Z","","CR","","N","FALSE","2026-06-15T14:23:40Z","2026-06-16","2030-12-20","","FALSE","BILT","FALSE","FALSE","FALSE","20,000,000","","EUR","","","","","","","","","","","","","","","","","","","","","","","","","0.01","","","","","","","","","","","","false","","","","","","A004","","","","","","","","3751111.11000","MNTH","","","","3","","","","UFRO","EUR","","","","","false","1","","","","","","","","","","FALSE","","","","","","","","","QZVLRT0DJ511","NA/CDS Mun Idx Tra","ITRAXX EUROPE"
"3681297519000000101","","NEWT","TRAD","2026-06-15T14:22:46Z","","CR","","I","TRUE","2026-06-15T14:22:46Z","2026-06-16","2031-06-20","","FALSE","BBSF","FALSE","TRUE","","164,216,996+","","EUR","","","","","","","","","","","","","","","","","","","","","","","","","0.01","","","","","","0.005132","","","","","","false","","","3","","","A004","","","","","","","","4125947.50558","MNTH","","","","3","","","","UFRO","EUR","","","","","false","1","","","","","","","","","","FALSE","","","","","","","","","QZTQ4GTC5QMF","NA/CDS Corp Idx","ITRAXX EUROPE"
"3681570268000000101","3681546411000000201","EROR","","2026-06-15T15:05:04Z","","CR","","I","","2026-06-15T15:05:04Z","2026-03-20","2031-06-20","","","","FALSE","","FALSE","46,672,199+","","EUR","","","","","","","","","","","","","","","","","","","","","","","","","0.05","","","","","","","","","","","","false","","","","","","","","","","","","","","5642592.36478","","","","","","","","","UFRO","EUR","","","","","false","1","","","","","","","","","","TRUE","","","","1,045","","4","","","QZ3HM9KVK2WL","NA/CDS Corp Idx","ITRAXX EUROPE CROSSOVER"
"3681505064000000101","","NEWT","TRAD","2026-06-15T15:05:51Z","","CR","","N","FALSE","2026-06-15T15:05:51Z","2026-06-16","2026-06-20","2026-06-20","FALSE","BILT","FALSE","FALSE","TRUE","29,000,000","","USD","","","","","","","","","","","","","","","","","","","","","","","","","","","","","","","","","","","","","false","","","","","","A004","","","","","","","","257571.78678","MNTH","","","","3","","","","UFRO","USD","","","","","false","1","","","","","","","","","","FALSE","","","","","","","","","QZ5ND0SMQQL4","NA/Cr Sw Idx TRtn Corp Ph",""
"3681653013000000101","","NEWT","TRAD","2026-06-15T15:36:11Z","","CR","","I","TRUE","2026-06-15T15:36:11Z","2026-06-16","2031-06-20","","FALSE","BBSF","FALSE","FALSE","","17,000,000","","USD","","","","","","","","","","","","","","","","","","","","","","","","","0.05","","","","","","0.01083927","","","","","","false","","","3","","","A004","","","","","","","","1618191.41000","MNTH","","","","3","","","","UFRO","USD","","","","","false","0.99","","","","","","","","","","FALSE","","","","","","","","","QZHH8NT767RX","NA/CDS Corp Idx","CDX.NA.HY"
"3681624261000000201","","NEWT","TRAD","2026-06-15T15:31:17Z","","CR","","I","TRUE","2026-06-15T15:31:17Z","2026-06-16","2031-06-20","","FALSE","BBSF","FALSE","TRUE","","70,000,000","","USD","","","","","","","","","","","","","","","","","","","","","","","","","0.05","","","","","","0.01083925","","","","","","false","","","3","","","A004","","","","","","","","6663002.50000","MNTH","","","","3","","","","UFRO","USD","","","","","false","0.99","","","","","","","","","","FALSE","","","","","","","","","QZHH8NT767RX","NA/CDS Corp Idx","CDX.NA.HY"
"3681635605000000301","","NEWT","TRAD","2026-06-15T15:32:17Z","FALSE","CR","","I","TRUE","2026-06-15T15:32:17Z","2026-06-15","2026-08-19","","","BILT","FALSE","FALSE","TRUE","330,000,000","","EUR","","","","","","","","","","","","","","","","","","","","","","","","2026-08-19","","","1,419,000.74605","EUR","","","0.02875","","","","0.02875","","false","","","3","","3","","","","","","","","","","","","","","","","","","","","","","","","false","1","","","","","","","","","","FALSE","","","","","","","","","QZTL0V3X916X","NA/CDS Idx Swt","NA/CDS Corp Idx"
"3681734438000000401","","NEWT","TRAD","2026-06-15T15:48:36Z","","CR","","I","FALSE","2026-06-15T15:48:36Z","2026-06-16","2031-06-20","","FALSE","BBSF","FALSE","FALSE","","75,000,000","","EUR","","","","","","","","","","","","","","","","","","","","","","","","","0.01","","","","","","0.0087","","","","","","false","","","3","","","A004","","","","","","","","635008.60000","MNTH","","","","3","","","","UFRO","EUR","","","","","false","1","","","","","","","","","","FALSE","","","","","","","","","QZ5GD86QBKCC","NA/CDS Corp Idx","ITRAXX EUROPE SUB FINANCIALS"
"3685022295000000101","","NEWT","TRAD","2026-06-15T17:59:03Z","","CR","","N","FALSE","2026-06-15T17:59:03Z","2026-06-15","2026-08-19","2031-06-20","FALSE","BILT","FALSE","FALSE","TRUE","37,000,000","","USD","","","","","","","","","","","","","","","","","","","","","","","","2026-08-19","0.05","","208,791.17211","USD","","","","","","","0.0107","","false","","","","","3","A004","","","","","","","","","MNTH","","","","3","","","","","","","","","","false","0.99","","","","","","","","","","FALSE","","","","","","","","","QZHJMSG8W2ZX","NA/CDS Idx Swt","NA/CDS Corp Idx"
"3673081539000000101","","NEWT","TRAD","2026-06-15T08:02:58Z","","CR","","I","TRUE","2026-06-15T08:02:58Z","2026-06-16","2031-06-20","","","TWSF","FALSE","FALSE","","4,000,000","","EUR","","","","","","","","","","","","","","","","","","","","","","","","","0.05","","","","","","0.024831","","","","","","false","","","3","","","A004","","","","","","","","482055.11201","MNTH","","","","3","","","","UFRO","EUR","","","","","false","1","","","","","","","","","","FALSE","","","","","","","","","QZ3HM9KVK2WL","NA/CDS Corp Idx","ITRAXX EUROPE CROSSOVER"
"3674136279000000101","","NEWT","TRAD","2026-06-15T08:16:31Z","","CR","","I","TRUE","2026-06-15T08:16:31Z","2026-06-16","2031-06-20","","","TWSF","FALSE","TRUE","","150,000,000","","EUR","","","","","","","","","","","","","","","","","","","","","","","","","0.01","","","","","","0.0051261","","","","","","false","","","3","","","A004","","","","","","","","3772922.98000","MNTH","","","","3","","","","UFRO","EUR","","","","","false","1","","","","","","","","","","FALSE","","","","","","","","","QZTQ4GTC5QMF","NA/CDS Corp Idx","ITRAXX EUROPE"
"3675465703000000101","","NEWT","TRAD","2026-06-15T06:38:36Z","FALSE","CR","","I","TRUE","2026-06-15T06:38:36Z","2026-03-20","2031-06-20","","","BILT","FALSE","FALSE","FALSE","50,000,000","","EUR","","","","","","","","","","","","","","","","","","","","","","","","","0.01","","","","","","","","","","","","false","","","","","","A004","","","","","","","","1261020.05000","MNTH","","","","3","","","","UFRO","EUR","","","","","false","1","","","","","","","","","","FALSE","","","","","","","","","QZTQ4GTC5QMF","NA/CDS Corp Idx","ITRAXX EUROPE"
"3684973023000000101","","NEWT","TRAD","2026-06-15T17:52:30Z","","CR","","I","TRUE","2026-06-15T17:52:30Z","2026-06-16","2031-06-20","","FALSE","BBSF","FALSE","FALSE","","4,000,000","","USD","","","","","","","","","","","","","","","","","","","","","","","","","0.01","","","","","","0.00498016","","","","","","false","","","3","","","A004","","","","","","","","100253.96000","MNTH","","","","3","","","","UFRO","USD","","","","","false","1","","","","","","","","","","FALSE","","","","","","","","","QZ3WVVQG5T8K","NA/CDS Corp Idx","CDX.NA.IG"
"3684973024000000201","","NEWT","TRAD","2026-06-15T17:52:32Z","","CR","","I","TRUE","2026-06-15T17:52:32Z","2026-06-16","2031-06-20","","FALSE","BBSF","FALSE","FALSE","","7,000,000","","USD","","","","","","","","","","","","","","","","","","","","","","","","","0.05","","","","","","0.01083855","","","","","","false","","","3","","","A004","","","","","","","","665815.15000","MNTH","","","","3","","","","UFRO","USD","","","","","false","0.99","","","","","","","","","","FALSE","","","","","","","","","QZHH8NT767RX","NA/CDS Corp Idx","CDX.NA.HY"
"3685036315000000101","","NEWT","TRAD","2026-06-15T18:03:48Z","","CR","","I","FALSE","2026-06-15T18:03:48Z","2026-06-16","2031-06-20","","","TWSF","FALSE","FALSE","","1,000,000","","USD","","","","","","","","","","","","","","","","","","","","","","","","","0.05","","","","","","0.01083752","","","","","","false","","","3","","","A004","","","","","","","","95014.38680","MNTH","","","","3","","","","UFRO","USD","","","","","false","0.99","","","","","","","","","","FALSE","","","","","","","","","QZHH8NT767RX","NA/CDS Corp Idx","CDX.NA.HY"
"3684907287000000101","","NEWT","TRAD","2026-06-15T17:42:32Z","","CR","","N","FALSE","2026-06-15T17:42:32Z","2026-08-19","2026-08-19","","FALSE","BILT","FALSE","FALSE","TRUE","380,000,000","","USD","","","","","","","","","","","","","","","","","","","","","","","","2026-08-19","","","1,021,003.44143","USD","","","","","","","0.05","","false","","","","","3","A004","","","","","","","","0.00000","MNTH","","","","3","","","","UFRO","USD","","","","","false","","","","","","","","","","","FALSE","","","","","","","","","QZHJMSG8W2ZX","NA/CDS Idx Swt","NA/CDS Corp Idx"
"3685022296000000201","","NEWT","TRAD","2026-06-15T17:59:14Z","","CR","","N","FALSE","2026-06-15T17:59:14Z","2026-06-15","2026-08-19","2031-06-20","FALSE","BILT","FALSE","FALSE","TRUE","37,000,000","","USD","","","","","","","","","","","","","","","","","","","","","","","","2026-08-19","0.05","","98,901.08153","USD","","","","","","","0.0105","","false","","","","","3","A004","","","","","","","","","MNTH","","","","3","","","","","","","","","","false","0.99","","","","","","","","","","FALSE","","","","","","","","","QZHJMSG8W2ZX","NA/CDS Idx Swt","NA/CDS Corp Idx"
"3685017658000000201","","NEWT","TRAD","2026-06-15T17:57:34Z","","CR","","N","FALSE","2026-06-15T17:57:34Z","2026-06-15","2026-06-17","2031-06-20","FALSE","BILT","FALSE","FALSE","TRUE","17,000,000","","USD","","","","","","","","","","","","","","","","","","","","","","","","2026-06-17","0.05","","169.99932","USD","","","","","","","0.01045","","false","","","","","3","A004","","","","","","","","","MNTH","","","","3","","","","","","","","","","false","1","","","","","","","","","","FALSE","","","","","","","","","QZHRHKT5ZH3K","NA/CDS Idx Swt","NA/CDS Corp Idx"
"3681809064000000401","","NEWT","TRAD","2026-06-15T15:54:22Z","","CR","","I","TRUE","2026-06-15T15:54:22Z","2026-06-16","2031-06-20","","FALSE","BBSF","FALSE","FALSE","","7,000,000","","EUR","","","","","","","","","","","","","","","","","","","","","","","","","0.01","","","","","","0.0051233","","","","","","false","","","3","","","A004","","","","","","","","176162.88000","MNTH","","","","3","","","","UFRO","EUR","","","","","false","1","","","","","","","","","","FALSE","","","","","","","","","QZTQ4GTC5QMF","NA/CDS Corp Idx","ITRAXX EUROPE"
"3685193625000000201","","NEWT","TRAD","2026-06-15T18:42:44Z","","CR","","I","TRUE","2026-06-15T18:42:44Z","2026-06-16","2031-06-20","","FALSE","BBSF","FALSE","FALSE","","20,000,000","","USD","","","","","","","","","","","","","","","","","","","","","","","","","0.05","","","","","","0.01083789","","","","","","false","","","3","","","A004","","","","","","","","1901022.20000","MNTH","","","","3","","","","UFRO","USD","","","","","false","0.99","","","","","","","","","","FALSE","","","","","","","","","QZHH8NT767RX","NA/CDS Corp Idx","CDX.NA.HY"
"3683056903000000201","","NEWT","TRAD","2026-06-15T16:51:36Z","","CR","","N","FALSE","2026-06-15T16:51:36Z","2026-06-15","2059-11-17","2059-11-17","FALSE","BILT","FALSE","FALSE","FALSE","5,000,000","","USD","","","","","","","","","","","","","","","","","","","","","","","","","0.05","","","","","","","","","","","","true","","","","","","A004","","","","","","","","2798647.53000","","","","","","","","","UFRO","USD","","","","","false","1","","","","","","","","","","FALSE","","","","","","","","","QZX891WSV298","NA/CDS Corp Idx","CMBX.NA.BB"
"3676201973000000201","3676201972000000101","MODI","TRAD","2026-06-15T08:57:10Z","TRUE","CR","","I","TRUE","2026-06-15T08:56:58Z","2026-03-20","2031-06-20","","FALSE","TPSE","FALSE","FALSE","","10,000,000","","EUR","","","","","","","","","","","","","","","","","","","","","","","","","0.05","","","","","","0.024825","","","","","","false","","","3","","","A004","","","","","","","","","MNTH","","","","3","","","","","","EUR","","","","false","1","","","","","","","OTHR","","","FALSE","","","","","","","","","QZ3HM9KVK2WL","NA/CDS Corp Idx","ITRAXX EUROPE CROSSOVER"
"3676201972000000101","","NEWT","TRAD","2026-06-15T08:56:58Z","","CR","","I","TRUE","2026-06-15T08:56:58Z","2026-03-20","2031-06-20","","FALSE","TPSE","FALSE","FALSE","","10,000,000","","EUR","","","","","","","","","","","","","","","","","","","","","","","","","0.05","","","","","","0.024825","","","","","","false","","","3","","","A004","","","","","","","","","MNTH","","","","3","","","","","","EUR","","","","false","1","","","","","","","OTHR","","","FALSE","","","","","","","","","QZ3HM9KVK2WL","NA/CDS Corp Idx","ITRAXX EUROPE CROSSOVER"
"3681319333000000101","","NEWT","TRAD","2026-06-15T14:28:01Z","","CR","","I","TRUE","2026-06-15T14:28:01Z","2026-06-16","2031-06-20","","FALSE","BBSF","FALSE","FALSE","","20,000,000","","EUR","","","","","","","","","","","","","","","","","","","","","","","","","0.01","","","","","","0.0051345","","","","","","false","","","3","","","A004","","","","","","","","502258.05000","MNTH","","","","3","","","","UFRO","EUR","","","","","false","1","","","","","","","","","","FALSE","","","","","","","","","QZTQ4GTC5QMF","NA/CDS Corp Idx","ITRAXX EUROPE"
"3682839159000000201","","NEWT","TRAD","2026-06-15T16:33:12Z","","CR","","N","FALSE","2026-06-15T16:33:12Z","2026-07-15","2026-07-15","","FALSE","BILT","FALSE","FALSE","TRUE","345,719,991+","","EUR","","","","","","","","","","","","","","","","","","","","","","","","2026-07-15","","","103,716","EUR","","","","","","","0.01","","false","","","","","3","A004","","","","","","","","0.00000","MNTH","","","","3","","","","UFRO","EUR","","","","","false","","","","","","","","","","","FALSE","","","","","","","","","QZ2L66CGCV9J","NA/CDS Idx Swt","NA/CDS Corp Idx"
"3681175490000000101","","NEWT","TRAD","2026-06-15T13:57:01Z","","CR","","I","TRUE","2026-06-15T13:57:01Z","2026-06-16","2031-06-20","","FALSE","BBSF","FALSE","FALSE","","11,000,000","","USD","","","","","","","","","","","","","","","","","","","","","","","","","0.05","","","","","","0.01084069","","","","","","false","","","3","","","A004","","","","","","","","1048612.35805","MNTH","","","","3","","","","UFRO","USD","","","","","false","0.99","","","","","","","","","","FALSE","","","","","","","","","QZHH8NT767RX","NA/CDS Corp Idx","CDX.NA.HY"
"3681130600000000501","","NEWT","TRAD","2026-06-15T13:45:21Z","","CR","","I","TRUE","2026-06-15T13:45:21Z","2026-06-16","2031-06-20","","FALSE","BBSF","FALSE","FALSE","","5,000,000","","EUR","","","","","","","","","","","","","","","","","","","","","","","","","0.01","","","","","","0.005134","","","","","","false","","","3","","","A004","","","","","","","","125576.39000","MNTH","","","","3","","","","UFRO","EUR","","","","","false","1","","","","","","","","","","FALSE","","","","","","","","","QZTQ4GTC5QMF","NA/CDS Corp Idx","ITRAXX EUROPE"
"3681127368000000301","","NEWT","TRAD","2026-06-15T13:43:39Z","","CR","","N","FALSE","2026-06-15T13:43:39Z","2026-06-15","2057-12-17","","FALSE","BILT","FALSE","FALSE","FALSE","15,000,000","","USD","","","","","","","","","","","","","","","","","","","","","","","","","0.03","","","","","","","","","","","","false","","","","","","A004","","","","","","","","1201875.00000","MNTH","","","","1","","","","UFRO","USD","USD","","","","false","1","","","","","","","","","","FALSE","","","","","","","","","QZJRXK09Z9CF","NA/CDS Corp Idx","CMBX.NA.BBB-"
"3680236353000000201","","NEWT","TRAD","2026-06-15T12:15:44Z","","CR","","I","TRUE","2026-06-15T12:15:44Z","2026-06-16","2030-12-20","","FALSE","BBSF","FALSE","TRUE","","46,672,199+","","EUR","","","","","","","","","","","","","","","","","","","","","","","","","0.05","","","","","","0.021445","","","","","","false","","","3","","","A004","","","","","","","","5883191.89467","MNTH","","","","3","","","","UFRO","EUR","","","","","false","1","","","","","","","","","","TRUE","","","","0.00333","","3","","","QZ5F5FRS4TR9","NA/CDS Corp Idx","ITRAXX EUROPE CROSSOVER"
"3680112999000000101","","NEWT","TRAD","2026-06-15T11:59:32Z","","CR","","I","TRUE","2026-06-15T11:59:32Z","2026-06-16","2031-06-20","","","TWSF","FALSE","FALSE","","9,000,000","","EUR","","","","","","","","","","","","","","","","","","","","","","","","","0.05","","","","","","0.0247044","","","","","","false","","","3","","","A004","","","","","","","","1090022.57000","MNTH","","","","3","","","","UFRO","EUR","","","","","false","1","","","","","","","","","","FALSE","","","","","","","","","QZ3HM9KVK2WL","NA/CDS Corp Idx","ITRAXX EUROPE CROSSOVER"
"3680171369000000301","","NEWT","TRAD","2026-06-15T12:07:10Z","","CR","","I","TRUE","2026-06-15T12:07:10Z","2026-06-16","2031-06-20","","FALSE","BBSF","FALSE","FALSE","","20,000,000","","EUR","","","","","","","","","","","","","","","","","","","","","","","","","0.01","","","","","","0.005105","","","","","","false","","","3","","","A004","","","","","","","","505062.02000","MNTH","","","","3","","","","UFRO","EUR","","","","","false","1","","","","","","","","","","FALSE","","","","","","","","","QZTQ4GTC5QMF","NA/CDS Corp Idx","ITRAXX EUROPE"
"3680167294000000301","","NEWT","TRAD","2026-06-15T12:06:52Z","","CR","","I","TRUE","2026-06-15T12:06:52Z","2026-06-16","2031-06-20","","FALSE","BBSF","FALSE","FALSE","","35,000,000","","EUR","","","","","","","","","","","","","","","","","","","","","","","","","0.01","","","","","","0.0051005","","","","","","false","","","3","","","A004","","","","","","","","884607.17000","MNTH","","","","3","","","","UFRO","EUR","","","","","false","1","","","","","","","","","","FALSE","","","","","","","","","QZTQ4GTC5QMF","NA/CDS Corp Idx","ITRAXX EUROPE"
"3680622873000000101","","NEWT","TRAD","2026-06-15T12:46:14Z","","CR","","I","TRUE","2026-06-15T12:46:14Z","2026-06-16","2031-06-20","","FALSE","BBSF","FALSE","FALSE","","25,000,000","","USD","","","","","","","","","","","","","","","","","","","","","","","","","0.05","","","","","","0.010838","","","","","","false","","","3","","","A004","","","","","","","","2376550.00000","MNTH","","","","3","","","","UFRO","USD","","","","","false","0.99","","","","","","","","","","FALSE","","","","","","","","","QZHH8NT767RX","NA/CDS Corp Idx","CDX.NA.HY"
"3680569860000000101","","NEWT","TRAD","2026-06-15T12:43:15Z","","CR","","I","TRUE","2026-06-15T12:43:15Z","2026-06-16","2031-06-20","","FALSE","BBSF","FALSE","FALSE","","150,000,000","","USD","","","","","","","","","","","","","","","","","","","","","","","","","0.01","","","","","","0.0049846","","","","","","false","","","3","","","A004","","","","","","","","3756461.60000","MNTH","","","","3","","","","UFRO","USD","","","","","false","1","","","","","","","","","","FALSE","","","","","","","","","QZ3WVVQG5T8K","NA/CDS Corp Idx","CDX.NA.IG"
"3680722458000000201","","NEWT","TRAD","2026-06-15T12:57:24Z","","CR","","I","TRUE","2026-06-15T12:57:24Z","2026-06-16","2031-06-20","","FALSE","BBSF","FALSE","FALSE","","33,000,000","","EUR","","","","","","","","","","","","","","","","","","","","","","","","","0.05","","","","","","0.0248","","","","","","false","","","3","","","A004","","","","","","","","3981806.14531","MNTH","","","","3","","","","UFRO","EUR","","","","","false","1","","","","","","","","","","TRUE","0.42","EUR","1","","","","","","QZ3HM9KVK2WL","NA/CDS Corp Idx","ITRAXX EUROPE CROSSOVER"
"3680729835000000501","","NEWT","TRAD","2026-06-15T12:57:57Z","","CR","","I","TRUE","2026-06-15T12:57:57Z","2026-06-16","2031-06-20","","FALSE","BBSF","FALSE","FALSE","","10,000,000","","EUR","","","","","","","","","","","","","","","","","","","","","","","","","0.01","","","","","","0.00512","","","","","","false","","","3","","","A004","","","","","","","","251818.09000","MNTH","","","","3","","","","UFRO","EUR","","","","","false","1","","","","","","","","","","FALSE","","","","","","","","","QZTQ4GTC5QMF","NA/CDS Corp Idx","ITRAXX EUROPE"
"3680447740000000101","","NEWT","TRAD","2026-06-15T12:33:30Z","","CR","","I","TRUE","2026-06-15T12:33:30Z","2026-06-16","2031-06-20","","","TWSF","FALSE","FALSE","","22,000,000","","USD","","","","","","","","","","","","","","","","","","","","","","","","","0.01","","","","","","0.0049909","","","","","","false","","","3","","","A004","","","","","","","","550310.53000","MNTH","","","","3","","","","UFRO","USD","","","","","false","1","","","","","","","","","","FALSE","","","","","","","","","QZ3WVVQG5T8K","NA/CDS Corp Idx","CDX.NA.IG"
"3680424361000000101","","NEWT","TRAD","2026-06-15T12:31:37Z","","CR","","I","TRUE","2026-06-15T12:31:37Z","2026-06-16","2031-06-20","","FALSE","BBSF","FALSE","FALSE","","50,000,000","","USD","","","","","","","","","","","","","","","","","","","","","","","","","0.01","","","","","","0.00499","","","","","","false","","","3","","","A004","","","","","","","","1250912.62000","MNTH","","","","3","","","","UFRO","USD","","","","","false","1","","","","","","","","","","FALSE","","","","","","","","","QZ3WVVQG5T8K","NA/CDS Corp Idx","CDX.NA.IG"
"3680250578000000101","","NEWT","TRAD","2026-06-15T12:17:52Z","","CR","","I","TRUE","2026-06-15T12:17:52Z","2026-06-16","2031-06-20","","FALSE","BBSF","FALSE","TRUE","","50,000,000","","USD","","","","","","","","","","","","","","","","","","","","","","","","","0.05","","","","","","0.01083875","","","","","","false","","","3","","","A004","","","","","","","","4756812.50000","MNTH","","","","3","","","","UFRO","USD","","","","","false","0.99","","","","","","","","","","FALSE","","","","","","","","","QZHH8NT767RX","NA/CDS Corp Idx","CDX.NA.HY"
"3680117974000000401","","NEWT","TRAD","2026-06-15T12:00:38Z","","CR","","I","TRUE","2026-06-15T12:00:38Z","2026-03-20","2031-06-20","","FALSE","TPSE","FALSE","FALSE","","50,000,000","","USD","","","","","","","","","","","","","","","","","","","","","","","","","0.01","","","","","","0.0049875","","","","","","false","","","3","","","A004","","","","","","","","","MNTH","","","","3","","","","","","USD","","","","false","1","","","","","","","OTHR","","","FALSE","","","","","","","","","QZ3WVVQG5T8K","NA/CDS Corp Idx","CDX.NA.IG"
"3679886315000000401","","NEWT","TRAD","2026-06-15T11:20:48Z","","CR","","I","TRUE","2026-06-15T11:20:48Z","2026-06-16","2031-06-20","","FALSE","BBSF","FALSE","FALSE","","15,000,000","","EUR","","","","","","","","","","","","","","","","","","","","","","","","","0.01","","","","","","0.00510275","","","","","","false","","","3","","","A004","","","","","","","","378956.94000","MNTH","","","","3","","","","UFRO","EUR","","","","","false","1","","","","","","","","","","FALSE","","","","","","","","","QZTQ4GTC5QMF","NA/CDS Corp Idx","ITRAXX EUROPE"
"3679809938000000101","","NEWT","TRAD","2026-06-15T11:09:27Z","","CR","","I","TRUE","2026-06-15T11:09:27Z","2026-06-16","2031-06-20","","FALSE","BBSF","FALSE","TRUE","","150,000,000","","EUR","","","","","","","","","","","","","","","","","","","","","","","","","0.01","","","","","","0.0051035","","","","","","false","","","3","","","A004","","","","","","","","3789034.63000","MNTH","","","","3","","","","UFRO","EUR","","","","","false","1","","","","","","","","","","FALSE","","","","","","","","","QZTQ4GTC5QMF","NA/CDS Corp Idx","ITRAXX EUROPE"
"3679842204000000201","","NEWT","TRAD","2026-06-15T11:12:28Z","","CR","","I","TRUE","2026-06-15T11:12:28Z","2026-06-16","2031-06-20","","FALSE","BBSF","FALSE","TRUE","","46,672,199+","","EUR","","","","","","","","","","","","","","","","","","","","","","","","","0.05","","","","","","0.0248","","","","","","false","","","3","","","A004","","","","","","","","5631518.75925","MNTH","","","","3","","","","UFRO","EUR","","","","","false","1","","","","","","","","","","TRUE","","","","0.0248","","3","","","QZ3HM9KVK2WL","NA/CDS Corp Idx","ITRAXX EUROPE CROSSOVER"
"3679997940000000201","","NEWT","TRAD","2026-06-15T11:40:44Z","","CR","","I","TRUE","2026-06-15T11:40:44Z","2026-06-16","2031-06-20","","","TWSF","FALSE","FALSE","","4,000,000","","EUR","","","","","","","","","","","","","","","","","","","","","","","","","0.01","","","","","","0.0051025","","","","","","false","","","3","","","A004","","","","","","","","101059.73106","MNTH","","","","3","","","","UFRO","EUR","","","","","false","1","","","","","","","","","","FALSE","","","","","","","","","QZTQ4GTC5QMF","NA/CDS Corp Idx","ITRAXX EUROPE"
"3680859414000000101","","NEWT","TRAD","2026-06-15T13:13:39Z","","CR","","I","TRUE","2026-06-15T13:13:39Z","2026-06-16","2031-06-20","","","TWSF","FALSE","FALSE","","37,000,000","","USD","","","","","","","","","","","","","","","","","","","","","","","","","0.01","","","","","","0.0049792","","","","","","false","","","3","","","A004","","","","","","","","927514.42798","MNTH","","","","3","","","","UFRO","USD","","","","","false","1","","","","","","","","","","FALSE","","","","","","","","","QZ3WVVQG5T8K","NA/CDS Corp Idx","CDX.NA.IG"
"3679880850000000101","","NEWT","TRAD","2026-06-15T11:19:47Z","","CR","","I","TRUE","2026-06-15T11:19:47Z","2026-06-16","2031-06-20","","FALSE","BBSF","FALSE","FALSE","","1,000,000","","EUR","","","","","","","","","","","","","","","","","","","","","","","","","0.01","","","","","","0.005105","","","","","","false","","","3","","","A004","","","","","","","","25253.10000","MNTH","","","","3","","","","UFRO","EUR","","","","","false","1","","","","","","","","","","FALSE","","","","","","","","","QZTQ4GTC5QMF","NA/CDS Corp Idx","ITRAXX EUROPE"
"3680885189000000201","","NEWT","TRAD","2026-06-15T13:16:54Z","","CR","","I","TRUE","2026-06-15T13:16:54Z","2026-06-16","2031-06-20","","FALSE","BBSF","FALSE","FALSE","","100,000,000","","USD","","","","","","","","","","","","","","","","","","","","","","","","","0.01","","","","","","0.0049791","","","","","","false","","","3","","","A004","","","","","","","","2506836.31000","MNTH","","","","3","","","","UFRO","USD","","","","","false","1","","","","","","","","","","FALSE","","","","","","","","","QZ3WVVQG5T8K","NA/CDS Corp Idx","CDX.NA.IG"
"3680915506000000101","","NEWT","TRAD","2026-06-15T13:20:17Z","","CR","","I","TRUE","2026-06-15T13:20:17Z","2026-06-16","2031-06-20","","FALSE","BBSF","FALSE","FALSE","","5,000,000","","EUR","","","","","","","","","","","","","","","","","","","","","","","","","0.05","","","","","","0.0247799","","","","","","false","","","3","","","A004","","","","","","","","603779.83000","MNTH","","","","3","","","","UFRO","EUR","","","","","false","1","","","","","","","","","","FALSE","","","","","","","","","QZ3HM9KVK2WL","NA/CDS Corp Idx","ITRAXX EUROPE CROSSOVER"
"3679960189000000201","","NEWT","TRAD","2026-06-15T11:33:19Z","","CR","","I","TRUE","2026-06-15T11:33:19Z","2026-06-16","2031-06-20","","FALSE","BBSF","FALSE","FALSE","","75,000,000","","USD","","","","","","","","","","","","","","","","","","","","","","","","","0.01","","","","","","0.00497868","","","","","","false","","","3","","","A004","","","","","","","","1880272.06000","MNTH","","","","3","","","","UFRO","USD","","","","","false","1","","","","","","","","","","FALSE","","","","","","","","","QZ3WVVQG5T8K","NA/CDS Corp Idx","CDX.NA.IG"
"3681136404000000601","","NEWT","TRAD","2026-06-15T13:43:57Z","FALSE","CR","","I","FALSE","2026-06-15T13:43:57Z","2026-03-20","2031-06-20","","","BILT","FALSE","FALSE","TRUE","25,000,000","","USD","","","","","","","","","","","","","","","","","","","","","","","","","0.01","","","","","","","","","","","","false","","","","","","A004","","","","","","","","1043889.00000","MNTH","","","","3","","","","UFRO","USD","","","","","false","1","","","","","","","","","","FALSE","","","","","","","","","QZNW21HHSLHV","NA/CDS Corp Idx","CDX.EM.HY"
"3681847002000000201","","NEWT","TRAD","2026-06-15T15:57:36Z","","CR","","I","TRUE","2026-06-15T15:57:36Z","2026-03-20","2031-06-20","","FALSE","TPSE","FALSE","FALSE","","5,000,000","","USD","","","","","","","","","","","","","","","","","","","","","","","","","0.05","","","","","","108.41","","USD","","","","false","","","1","","","A004","","","","","","","","","MNTH","","","","3","","","","","","USD","","","","false","0.99","","","","","","","OTHR","","","FALSE","","","","","","","","","QZHH8NT767RX","NA/CDS Corp Idx","CDX.NA.HY"
"3681866410000000101","3681847002000000201","MODI","TRAD","2026-06-15T15:58:33Z","TRUE","CR","","I","TRUE","2026-06-15T15:57:36Z","2026-03-20","2031-06-20","","FALSE","TPSE","FALSE","FALSE","","5,000,000","","USD","","","","","","","","","","","","","","","","","","","","","","","","","0.05","","","","","","108.41","","USD","","","","false","","","1","","","A004","","","","","","","","","MNTH","","","","3","","","","","","USD","","","","false","0.99","","","","","","","OTHR","","","FALSE","","","","","","","","","QZHH8NT767RX","NA/CDS Corp Idx","CDX.NA.HY"
"3681866411000000201","3681847007000000701","MODI","TRAD","2026-06-15T15:58:45Z","TRUE","CR","","I","TRUE","2026-06-15T15:57:51Z","2026-03-20","2031-06-20","","FALSE","TPSE","FALSE","FALSE","","20,000,000","","USD","","","","","","","","","","","","","","","","","","","","","","","","","0.05","","","","","","108.41","","USD","","","","false","","","1","","","A004","","","","","","","","","MNTH","","","","3","","","","","","USD","","","","false","0.99","","","","","","","OTHR","","","FALSE","","","","","","","","","QZHH8NT767RX","NA/CDS Corp Idx","CDX.NA.HY"
"3681857695000000101","3558899387000000301","TERM","ETRM","2026-06-15T15:57:47Z","","CR","","N","","2026-06-08T18:59:46Z","2026-06-08","2056-12-15","","FALSE","BILT","FALSE","","FALSE","5,000,000","","USD","","","","","","","","","","","","","","","","","","","","","","","","","0.03","","","","","","","","","","","","false","","","","","","","","","","","","","","753541.67000","","","","","","","","","UFRO","USD","USD","","","","false","1","","","","","","","","","","FALSE","","","","","","","","","QZ46ZHDWL44D","NA/CDS Corp Idx","CMBX.NA.BBB-"
"3682052538000000201","","NEWT","TRAD","2026-06-15T15:41:14Z","FALSE","CR","","I","FALSE","2026-06-15T15:41:14Z","2025-09-22","2030-12-20","","","GFSO","FALSE","FALSE","FALSE","17,000,000","","EUR","","","","","","","","","","","","","","","","","","","","","","","","","0.05","","","","","","","","","","","","false","","","","","","A004","","","","","","","","2138798.85303","MNTH","","","","3","","","","UFRO","EUR","","","","","false","1","","","","","","","","","","FALSE","","","","","","","","","QZ5F5FRS4TR9","NA/CDS Corp Idx","ITRAXX EUROPE CROSSOVER"
"3682060103000000301","","NEWT","TRAD","2026-06-15T16:07:09Z","","CR","","I","TRUE","2026-06-15T16:07:09Z","2026-06-16","2030-12-20","","FALSE","BBSF","FALSE","FALSE","","25,000,000","","USD","","","","","","","","","","","","","","","","","","","","","","","","","0.01","","","","","","0.004555","","","","","","false","","","3","","","A004","","","","","","","","620719.85000","MNTH","","","","3","","","","UFRO","USD","","","","","false","1","","","","","","","","","","FALSE","","","","","","","","","QZN3HTTN5303","NA/CDS Corp Idx","CDX.NA.IG"
"3681995205000000301","","NEWT","TRAD","2026-06-15T16:03:26Z","","CR","","I","TRUE","2026-06-15T16:03:26Z","2026-06-16","2031-06-20","","FALSE","BBSF","FALSE","TRUE","","250,000,000+","","USD","","","","","","","","","","","","","","","","","","","","","","","","","0.01","","","","","","0.004965","","","","","","false","","","3","","","A004","","","","","","","","6283297.93000","MNTH","","","","3","","","","UFRO","USD","","","","","false","1","","","","","","","","","","FALSE","","","","","","","","","QZ3WVVQG5T8K","NA/CDS Corp Idx","CDX.NA.IG"
"3682060101000000101","","NEWT","TRAD","2026-06-15T16:06:58Z","","CR","","I","TRUE","2026-06-15T16:06:58Z","2026-06-16","2031-06-20","","FALSE","BBSF","FALSE","TRUE","","76,000,000+","","USD","","","","","","","","","","","","","","","","","","","","","","","","","0.05","","","","","","0.01084225","","","","","","false","","","3","","","A004","","","","","","","","7256689.00000","MNTH","","","","3","","","","UFRO","USD","","","","","false","0.99","","","","","","","","","","FALSE","","","","","","","","","QZHH8NT767RX","NA/CDS Corp Idx","CDX.NA.HY"
"3680816014000000201","","NEWT","TRAD","2026-06-15T13:08:14Z","","CR","","I","FALSE","2026-06-15T13:08:14Z","2025-09-22","2030-12-20","","FALSE","BILT","FALSE","FALSE","FALSE","25,000,000","","USD","","","","","","","","","","","","","","","","","","","","","","","","","0.01","","","","","","","","","","","","false","","","","","","A004","","","","","","","","","MNTH","","","","3","","","","","","USD","","","","false","1","","","","","","","","","","FALSE","","","","","","","","","QZ1VHXZP8T9T","NA/CDS Corp Idx","CDX.EM"
"3673014843000000101","","NEWT","TRAD","2026-06-15T08:02:28Z","","CR","","I","TRUE","2026-06-15T08:02:28Z","2026-06-16","2031-06-20","","","TWSF","FALSE","FALSE","","9,000,000","","EUR","","","","","","","","","","","","","","","","","","","","","","","","","0.01","","","","","","0.0053676","","","","","","false","","","3","","","A004","","","","","","","","216055.64303","MNTH","","","","3","","","","UFRO","EUR","","","","","false","1","","","","","","","","","","FALSE","","","","","","","","","QZTB38W3WJ98","NA/CDS Corp Idx","ITRAXX EUROPE SENIOR FINANCIALS"
"3681243178000000201","","NEWT","TRAD","2026-06-15T14:08:16Z","","CR","","I","FALSE","2026-06-15T14:08:16Z","2026-06-16","2031-06-20","","","TWSF","FALSE","TRUE","","46,672,199+","","EUR","","","","","","","","","","","","","","","","","","","","","","","","","0.05","","","","","","0.0248925","","","","","","false","","","3","","","A004","","","","","","","","5611068.41350","MNTH","","","","3","","","","UFRO","EUR","","","","","false","1","","","","","","","","","","FALSE","","","","","","","","","QZ3HM9KVK2WL","NA/CDS Corp Idx","ITRAXX EUROPE CROSSOVER"
"3681262580000000201","","NEWT","TRAD","2026-06-15T14:13:07Z","","CR","","I","TRUE","2026-06-15T14:13:07Z","2026-06-16","2030-12-20","","FALSE","BBSF","FALSE","FALSE","","11,000,000","","EUR","","","","","","","","","","","","","","","","","","","","","","","","","0.05","","","","","","0.0215","","","","","","false","","","3","","","A004","","","","","","","","1383933.99145","MNTH","","","","3","","","","UFRO","EUR","","","","","false","1","","","","","","","","","","TRUE","","","","0.0215","","3","","","QZ5F5FRS4TR9","NA/CDS Corp Idx","ITRAXX EUROPE CROSSOVER"
"3681276326000000401","3681276323000000101","MODI","TRAD","2026-06-15T14:16:34Z","TRUE","CR","","I","TRUE","2026-06-15T14:16:27Z","2026-03-20","2031-06-20","","FALSE","TPSE","FALSE","FALSE","","25,000,000","","EUR","","","","","","","","","","","","","","","","","","","","","","","","","0.01","","","","","","0.0051375","","","","","","false","","","3","","","A004","","","","","","","","","MNTH","","","","3","","","","","","EUR","","","","false","1","","","","","","","OTHR","","","FALSE","","","","","","","","","QZTQ4GTC5QMF","NA/CDS Corp Idx","ITRAXX EUROPE"
"3682887517000000101","","NEWT","TRAD","2026-06-15T16:47:32Z","","CR","","I","TRUE","2026-06-15T16:47:32Z","2026-06-16","2031-06-20","","FALSE","BBSF","FALSE","FALSE","","50,000,000","","USD","","","","","","","","","","","","","","","","","","","","","","","","","0.01","","","","","","0.0049693","","","","","","false","","","3","","","A004","","","","","","","","1255671.03000","MNTH","","","","3","","","","UFRO","USD","","","","","false","1","","","","","","","","","","FALSE","","","","","","","","","QZ3WVVQG5T8K","NA/CDS Corp Idx","CDX.NA.IG"
"3681170257000000201","","NEWT","TRAD","2026-06-15T13:56:11Z","","CR","","I","TRUE","2026-06-15T13:56:11Z","2026-06-16","2031-06-20","","FALSE","BBSF","FALSE","TRUE","","230,000,000","","USD","","","","","","","","","","","","","","","","","","","","","","","","","0.01","","","","","","0.0049733","","","","","","false","","","3","","","A004","","","","","","","","5771844.19915","MNTH","","","","3","","","","UFRO","USD","","","","","false","1","","","","","","","","","","FALSE","","","","","","","","","QZ3WVVQG5T8K","NA/CDS Corp Idx","CDX.NA.IG"
"3681246055000000301","","NEWT","TRAD","2026-06-15T14:09:10Z","","CR","","I","TRUE","2026-06-15T14:09:10Z","2026-06-16","2031-06-20","","","TWSF","FALSE","TRUE","","200,000,000","","USD","","","","","","","","","","","","","","","","","","","","","","","","","0.01","","","","","","0.004977","","","","","","false","","","3","","","A004","","","","","","","","5015603.60000","MNTH","","","","3","","","","UFRO","USD","","","","","false","1","","","","","","","","","","FALSE","","","","","","","","","QZ3WVVQG5T8K","NA/CDS Corp Idx","CDX.NA.IG"
"3687591265000000101","3681273228000000101","CORR","","2026-06-15T14:05:47Z","","CR","","N","FALSE","2026-06-15T14:05:47Z","2026-06-16","2061-08-17","","FALSE","BILT","FALSE","FALSE","FALSE","5,000,000","","USD","","","","","","","","","","","","","","","","","","","","","","","","","0.03","","","","","","","","","","","","false","","","","","","A004","","","","","","","","994375.00000","MNTH","","","","1","","","","UFRO","USD","USD","","","","false","1","","","","","","","","","","FALSE","","","","","","","","","QZCWPQFXSZRW","NA/CDS Corp Idx","CMBX.NA.BBB-"
"3680101279000000301","","NEWT","TRAD","2026-06-15T11:57:17Z","","CR","","I","FALSE","2026-06-15T11:57:17Z","2026-06-16","2031-06-20","","","TWSF","FALSE","FALSE","","5,000,000","","USD","","","","","","","","","","","","","","","","","","","","","","","","","0.01","","","","","","0.009827","","","","","","false","","","3","","","A004","","","","","","","","74277.78000","MNTH","","","","3","","","","UFRO","USD","","","","","false","1","","","","","","","","","","FALSE","","","","","","","","","QZ4JMQKL3P03","NA/CDS Corp Idx","CDX.EM"
"3680224978000000101","","NEWT","TRAD","2026-06-15T12:13:39Z","","CR","","I","FALSE","2026-06-15T12:13:39Z","2026-06-16","2031-06-20","","FALSE","BBSF","FALSE","FALSE","","25,000,000","","EUR","","","","","","","","","","","","","","","","","","","","","","","","","0.01","","","","","","0.008665","","","","","","false","","","3","","","A004","","","","","","","","215739.63000","MNTH","","","","3","","","","UFRO","EUR","","","","","false","1","","","","","","","","","","FALSE","","","","","","","","","QZ5GD86QBKCC","NA/CDS Corp Idx","ITRAXX EUROPE SUB FINANCIALS"
"3686000197000000101","","NEWT","TRAD","2026-06-15T19:52:18Z","","CR","","N","FALSE","2026-06-15T19:52:18Z","2025-09-22","2030-12-20","2030-12-20","FALSE","BILT","FALSE","FALSE","FALSE","20,000,000","","USD","","","","","","","","","","","","","","","","","","","","","","","","","0.01","","","","","","","","","","","","false","","","","","","A004","","","","","","","","516111.11000","MNTH","","","","3","","","","UFRO","USD","","","","","false","1","","","","","","","","","","FALSE","","","","","","","","","QZR7LZZL9C5W","NA/CDS Corp Idx Tra","CDX.NA.IG"
"3681291598000000101","","NEWT","TRAD","2026-06-15T14:20:10Z","","CR","","N","FALSE","2026-06-15T14:20:10Z","2025-09-22","2030-12-20","2030-12-20","FALSE","BILT","FALSE","FALSE","FALSE","25,000,000","","EUR","","","","","","","","","","","","","","","","","","","","","","","","","0.05","","","","","","","","","","","","false","","","","","","A004","","","","","","","","4938251.60000","MNTH","","","","3","","","","UFRO","EUR","","","","","false","1","","","","","","","","","","FALSE","","","","","","","","","QZB5DPT9MS3H","NA/CDS Corp Idx Tra","ITRAXX EUROPE CROSSOVER"
"3681285966000000101","","NEWT","TRAD","2026-06-15T14:14:34Z","","CR","","I","FALSE","2026-06-15T14:14:34Z","2026-03-20","2031-06-20","","","BILT","FALSE","FALSE","FALSE","15,000,000","","USD","","","","","","","","","","","","","","","","","","","","","","","","","0.01","","","","","","","","","","","","false","","","","","","A004","","","","","","","","220583.33000","MNTH","","","","3","","","","UFRO","USD","","","","","false","1","","","","","","","","","","FALSE","","","","","","","","","QZ39BZSFH68L","NA/CDS Sov Idx","CDX.EM"
"3682937726000000101","3680630867000000101","EROR","","2026-06-15T16:48:50Z","","CR","","","","2026-06-15T12:45:01Z","2026-06-15","2026-08-19","","","","","","FALSE","","","","","","","","","","","","","","","","","","","","","","","","","","","","0.01","","","","","","","","","","","","","","","","","","","","","","","","","","","","","","","","","","","","","","","","","","","","","","","","","","","","","","","","","","","","","QZ7WW76RFHN3","NA/CDS Idx Swt","NA/CDS Corp Idx"
"3681156296000000301","1196991775","TERM","NOVA","2026-06-15T13:49:48Z","","CR","","N","FALSE","2024-10-17T17:00:51Z","2024-09-20","2029-12-20","2029-12-20","FALSE","BILT","FALSE","FALSE","TRUE","46,672,199+","","EUR","","","","","","","","","","","","","","","","","","","","","","","","","0.05","","","","","","","","","","","","true","","","","","","A004","","","","","","","","","MNTH","","","","3","","","","","","","","","","false","1","","","","","","","","","","FALSE","","","","","","","","","QZX8LPK3VWVP","NA/CDS Corp Idx Tra","ITRAXX EUROPE CROSSOVER"
"3681189901000000401","1295472648","TERM","NOVA","2026-06-15T13:57:54Z","","CR","","N","FALSE","2024-12-18T15:19:33Z","2024-09-20","2029-12-20","2029-12-20","FALSE","BILT","FALSE","FALSE","TRUE","46,672,199+","","EUR","","","","","","","","","","","","","","","","","","","","","","","","","0.05","","","","","","","","","","","","true","","","","","","A004","","","","","","","","","MNTH","","","","3","","","","","","","","","","false","1","","","","","","","","","","FALSE","","","","","","","","","QZX8LPK3VWVP","NA/CDS Corp Idx Tra","ITRAXX EUROPE CROSSOVER"
"3685074979000000101","","NEWT","NOVA","2026-06-15T18:10:00Z","","CR","","N","FALSE","2026-06-15T18:10:00Z","2026-03-20","2026-07-15","2031-06-20","FALSE","BILT","FALSE","FALSE","TRUE","20,000,000","","USD","","","","","","","","","","","","","","","","","","","","","","","","2026-07-15","0.05","","0","","","","","","","","104.5","USD","false","","","","","1","A004","","","","","","","","","MNTH","","","","3","","","","","","","","","","false","1","","","","","","","","","","FALSE","","","","","","","","","QZ8V3P8GM5FP","NA/CDS Idx Swt","NA/CDS Corp Idx"
"3685178513000000201","3685017658000000201","EROR","","2026-06-15T18:33:56Z","","CR","","","","2026-06-15T17:57:34Z","2026-06-15","2026-06-17","","","","","","FALSE","","","","","","","","","","","","","","","","","","","","","","","","","","","","0.05","","","","","","","","","","","","","","","","","","","","","","","","","","","","","","","","","","","","","","","","","","","","","","","","","","","","","","","","","","","","","QZHRHKT5ZH3K","NA/CDS Idx Swt","NA/CDS Corp Idx"
"3676999069000000201","","NEWT","TRAD","2026-06-15T09:11:41Z","","CR","","I","FALSE","2026-06-15T09:11:41Z","2026-03-20","2031-06-20","","","BILT","FALSE","FALSE","TRUE","10,000,000","","USD","","","","","","","","","","","","","","","","","","","","","","","","","0.01","","","","","","","","","","","","false","","","","","","A004","","","","","","","","165879.00000","MNTH","","","","3","","","","UFRO","USD","","","","","false","1","","","","","","","","","","FALSE","","","","","","","","","QZD2VPNQ9ZFX","NA/CDS Corp Idx","ITRAXX ASIA EX-JAPAN IG"
"3678434992000000101","","NEWT","TRAD","2026-06-15T09:31:21Z","","CR","","N","FALSE","2026-06-15T09:17:00Z","2026-09-16","2026-09-16","2031-06-20","FALSE","BILT","FALSE","FALSE","FALSE","50,000,000","","EUR","","","","","","","","","","","","","","","","","","","","","","","","2026-09-16","0.05","","223,000","EUR","","","","","","","0.025","","false","","","","","3","A004","","","","","","","","","MNTH","","","","3","","","","","","","","","","false","","","","","","","","","","","FALSE","","","","","","","","","QZ3DGP47G9ZX","NA/CDS Idx Swt","NA/CDS Corp Idx"
"3678434993000000101","","NEWT","TRAD","2026-06-15T09:41:45Z","","CR","","I","TRUE","2026-06-15T09:41:45Z","2026-06-16","2031-06-20","","FALSE","BBSF","FALSE","FALSE","","10,000,000","","EUR","","","","","","","","","","","","","","","","","","","","","","","","","0.05","","","","","","0.024864","","","","","","false","","","3","","","A004","","","","","","","","1203578.19000","MNTH","","","","3","","","","UFRO","EUR","","","","","false","1","","","","","","","","","","FALSE","","","","","","","","","QZ3HM9KVK2WL","NA/CDS Corp Idx","ITRAXX EUROPE CROSSOVER"
"3677142491000000101","","NEWT","TRAD","2026-06-15T09:16:53Z","","CR","","N","FALSE","2026-06-15T09:16:53Z","2026-03-20","2031-06-20","2031-06-20","TRUE","BILT","FALSE","TRUE","TRUE","300,000,000","","EUR","","","","","","","","","","","","","","","","","","","","","","","","2026-07-15","0.01","","159,000","EUR","","","","","","","0.0055","","false","","","","","3","A004","","","","","","","","","MNTH","","","","3","","","","","","","","","","false","1","","","","","","","","","","FALSE","","","","","","","","","QZX75BBR2PZH","NA/CDS Idx Swt","NA/CDS Corp Idx"
"3685989802000000101","","NEWT","TRAD","2026-06-15T19:46:27Z","","CR","","I","TRUE","2026-06-15T19:46:27Z","2026-03-20","2031-06-20","","","BILT","FALSE","FALSE","FALSE","15,000,000","","USD","","","","","","","","","","","","","","","","","","","","","","","","","0.05","","","","","","","","","","","","false","","","","","","A004","","","","","","","","1423702.00000","MNTH","","","","3","","","","UFRO","USD","","","","","false","0.99","","","","","","","","","","FALSE","","","","","","","","","QZHH8NT767RX","NA/CDS Corp Idx","CDX.NA.HY"
"3685990758000000101","3685989722000000201","MODI","TRAD","2026-06-15T19:49:32Z","TRUE","CR","","I","TRUE","2026-06-15T19:49:07Z","2026-03-20","2031-06-20","","FALSE","TPSE","FALSE","FALSE","","15,000,000","","USD","","","","","","","","","","","","","","","","","","","","","","","","","0.05","","","","","","108.365","","USD","","","","false","","","1","","","A004","","","","","","","","","MNTH","","","","3","","","","","","USD","","","","false","0.99","","","","","","","OTHR","","","FALSE","","","","","","","","","QZHH8NT767RX","NA/CDS Corp Idx","CDX.NA.HY"
"3681256515000000401","","NEWT","TRAD","2026-06-15T14:11:59Z","","CR","","I","TRUE","2026-06-15T14:11:59Z","2026-06-16","2031-06-20","","","TWSF","FALSE","FALSE","","10,000,000","","USD","","","","","","","","","","","","","","","","","","","","","","","","","0.05","","","","","","0.01083908","","","","","","false","","","3","","","A004","","","","","","","","951689.20000","MNTH","","","","3","","","","UFRO","USD","","","","","false","0.99","","","","","","","","","","FALSE","","","","","","","","","QZHH8NT767RX","NA/CDS Corp Idx","CDX.NA.HY"
"3686001300000000101","","NEWT","TRAD","2026-06-15T19:54:03Z","","CR","","I","TRUE","2026-06-15T19:54:03Z","2026-06-16","2031-06-20","","FALSE","BBSF","FALSE","FALSE","","2,000,000","","USD","","","","","","","","","","","","","","","","","","","","","","","","","0.05","","","","","","0.0108348","","","","","","false","","","3","","","A004","","","","","","","","189490.40000","MNTH","","","","3","","","","UFRO","USD","","","","","false","0.99","","","","","","","","","","FALSE","","","","","","","","","QZHH8NT767RX","NA/CDS Corp Idx","CDX.NA.HY"
"3685952289000000101","","NEWT","TRAD","2026-06-15T19:28:44Z","","CR","","N","FALSE","2026-06-15T19:28:44Z","2026-06-16","2026-06-20","2026-06-20","FALSE","BILT","FALSE","FALSE","TRUE","1,000,000","","USD","","","","","","","","","","","","","","","","","","","","","","","","","","","","","","","","","","","","","false","","","","","","A004","","","","","","","","8881.83546","MNTH","","","","3","","","","UFRO","USD","","","","","false","1","","","","","","","","","","FALSE","","","","","","","","","QZ9206MF0QMZ","NA/CDS Corp Idx","IBOXX USD LIQUID IG"
"3686003871000000101","3685989802000000101","MODI","TRAD","2026-06-15T19:49:49Z","TRUE","CR","","I","TRUE","2026-06-15T19:46:27Z","2026-03-20","2031-06-20","","","BILT","FALSE","FALSE","","15,000,000","","USD","","","","","","","","","","","","","","","","","","","","","","","","","0.05","","","","","","","","","","","","false","","","","","","A004","","","","","","","","1423702.50000","MNTH","","","","3","","","","UFRO","USD","","","","","false","0.99","","","","","","","","","","FALSE","","","","","","","","","QZHH8NT767RX","NA/CDS Corp Idx","CDX.NA.HY"
"3685954123000000101","","NEWT","TRAD","2026-06-15T19:30:10Z","","CR","","N","FALSE","2026-06-15T19:30:10Z","2026-06-16","2026-09-20","","FALSE","BILT","FALSE","FALSE","TRUE","240,000,000","240,000,000","USD","USD","","","","","","","","","","","","","","","","","","","","","","","","0","","","","","","","","","","","","false","","","","","","A004","","","A004","","DAIL","","1","2131621.06033","EXPI","","","MNTH","1","","","3","UFRO","USD","USD","USD","","","false","1","","","","","","","","","","FALSE","","","","","","","","","QZZ2JFLVJNZF","NA/CDS Corp Idx","IBOXX USD LIQUID LEVERAGED LOANS INDEX"
"3686011360000000401","3686011360000000401","TERM","ETRM","2026-06-15T19:57:56Z","","CR","","N","","2025-09-08T19:19:28Z","2025-09-09","2026-06-20","","FALSE","BILT","FALSE","","FALSE","50,000,000","50,000,000","USD","USD","","","","","","","","","","","","","","","","","","","","","","","","0","","","","","","","","","","","","false","","","","","","","","","","","DAIL","","1","490793.77000","","","MNTH","","","","3","","UFRO","USD","USD","USD","","","false","1","","","","","","","","","","FALSE","","","","","","","","","QZHL4450RBX5","NA/CDS Corp Idx","IBOXX USD LIQUID HIGH YIELD INDEX"
"3686035118000000101","","NEWT","TRAD","2026-06-15T20:01:18Z","","CR","","I","TRUE","2026-06-15T20:01:18Z","2026-06-16","2031-06-20","","FALSE","BBSF","FALSE","FALSE","","8,000,000","","USD","","","","","","","","","","","","","","","","","","","","","","","","","0.01","","","","","","0.0049875","","","","","","false","","","3","","","A004","","","","","","","","200237.01522","MNTH","","","","3","","","","UFRO","USD","","","","","false","1","","","","","","","","","","FALSE","","","","","","","","","QZ3WVVQG5T8K","NA/CDS Corp Idx","CDX.NA.IG"
"3686063365000000501","","NEWT","TRAD","2026-06-15T20:02:57Z","","CR","","I","TRUE","2026-06-15T20:02:57Z","2026-06-16","2031-06-20","","FALSE","BBSF","FALSE","FALSE","","7,000,000","","USD","","","","","","","","","","","","","","","","","","","","","","","","","0.05","","","","","","0.01083675","","","","","","false","","","3","","","A004","","","","","","","","664567.75000","MNTH","","","","3","","","","UFRO","USD","","","","","false","0.99","","","","","","","","","","FALSE","","","","","","","","","QZHH8NT767RX","NA/CDS Corp Idx","CDX.NA.HY"
"3686063361000000101","","NEWT","TRAD","2026-06-15T20:02:43Z","","CR","","I","TRUE","2026-06-15T20:02:43Z","2026-06-16","2031-06-20","","FALSE","BBSF","FALSE","FALSE","","40,000,000","","USD","","","","","","","","","","","","","","","","","","","","","","","","","0.01","","","","","","0.0049866","","","","","","false","","","3","","","A004","","","","","","","","1001355.31000","MNTH","","","","3","","","","UFRO","USD","","","","","false","1","","","","","","","","","","FALSE","","","","","","","","","QZ3WVVQG5T8K","NA/CDS Corp Idx","CDX.NA.IG"
"3686063362000000201","","NEWT","TRAD","2026-06-15T20:02:46Z","","CR","","I","TRUE","2026-06-15T20:02:46Z","2026-06-16","2031-06-20","","FALSE","BBSF","FALSE","FALSE","","20,000,000","","USD","","","","","","","","","","","","","","","","","","","","","","","","","0.05","","","","","","0.01083705","","","","","","false","","","3","","","A004","","","","","","","","1899359.00000","MNTH","","","","3","","","","UFRO","USD","","","","","false","0.99","","","","","","","","","","FALSE","","","","","","","","","QZHH8NT767RX","NA/CDS Corp Idx","CDX.NA.HY"
"3686445614000000101","","NEWT","TRAD","2026-06-15T20:26:35Z","","CR","","I","TRUE","2026-06-15T20:26:35Z","2026-06-16","2031-06-20","","FALSE","BBSF","FALSE","FALSE","","120,000,000","","USD","","","","","","","","","","","","","","","","","","","","","","","","","0.01","","","","","","0.00499","","","","","","false","","","3","","","A004","","","","","","","","3002187.28499","MNTH","","","","3","","","","UFRO","USD","","","","","false","1","","","","","","","","","","TRUE","","","","0.00499","","3","","","QZ3WVVQG5T8K","NA/CDS Corp Idx","CDX.NA.IG"
"3686075158000000101","","NEWT","TRAD","2026-06-15T20:02:18Z","","CR","","N","FALSE","2026-05-19T18:47:59Z","2024-09-20","2029-12-20","2029-12-20","FALSE","BILT","FALSE","FALSE","TRUE","3,000,000","","USD","","","","","","","","","","","","","","","","","","","","","","","","","0.05","","","","","","","","","","","","true","","","","","","A004","","","","","","","","","MNTH","","","","3","","","","","","","","","","false","1","","","","","","","","","","FALSE","","","","","","","","","QZXZSGW62G18","NA/CDS Corp Idx Tra","CDX.NA.HY"
"3686597356000000101","","NEWT","TRAD","2026-06-15T20:31:59Z","","CR","","I","TRUE","2026-06-15T20:31:59Z","2026-06-16","2031-06-20","","FALSE","BBSF","FALSE","FALSE","","15,000,000","","USD","","","","","","","","","","","","","","","","","","","","","","","","","0.05","","","","","","0.01083777","","","","","","false","","","3","","","A004","","","","","","","","1425588.45000","MNTH","","","","3","","","","UFRO","USD","","","","","false","0.99","","","","","","","","","","FALSE","","","","","","","","","QZHH8NT767RX","NA/CDS Corp Idx","CDX.NA.HY"
"3686168565000000101","","NEWT","NOVA","2026-06-15T20:10:11Z","","CR","","N","FALSE","2026-06-15T19:35:20Z","2024-09-20","2029-12-20","","FALSE","BILT","FALSE","FALSE","TRUE","1,000,000","","USD","","","","","","","","","","","","","","","","","","","","","","","","","0.05","","","","","","","","","","","","false","","","","","","A004","","","","","","","","117722.10046","MNTH","","","","3","","","","UFRO","USD","USD","","","","true","0.98","","","","","","","","","","FALSE","","","","","","","","","QZCSGQZZML3P","NA/CDS Corp Idx Tra","CDX.NA.HY"
"3679813756000000101","","NEWT","TRAD","2026-06-15T11:06:35Z","","CR","","I","FALSE","2026-06-15T11:06:35Z","2024-09-20","2029-12-20","","","BGCO","FALSE","FALSE","TRUE","10,000,000","","EUR","","","","","","","","","","","","","","","","","","","","","","","","","0.05","","","","","","","","","","","","false","","","","","","A004","","","","","","","","1085009.00000","MNTH","","","","3","","","","UFRO","EUR","","","","","false","0.95999","","","","","","","","","","TRUE","","","","25","","4","","","QZC9WN4TPTDV","NA/CDS Corp Idx","ITRAXX EUROPE CROSSOVER"
"3682109602000000101","","NEWT","TRAD","2026-06-15T16:09:29Z","","CR","","I","TRUE","2026-06-15T16:09:29Z","2026-03-20","2031-06-20","","FALSE","BGCD","FALSE","FALSE","","10,000,000","","EUR","","","","","","","","","","","","","","","","","","","","","","","","","","","","","","","0.0248","","","","","","false","","","3","","","A004","","","","","","","","","MNTH","","","","3","","","","","","","","","","false","1","","","","","","","","","","FALSE","","","","","","","","","QZ3HM9KVK2WL","NA/CDS Corp Idx","ITRAXX EUROPE CROSSOVER"
"3682304037000000201","","NEWT","TRAD","2026-06-15T16:21:08Z","","CR","","I","TRUE","2026-06-15T16:21:08Z","2026-06-16","2031-06-20","","FALSE","BBSF","FALSE","FALSE","","89,000,000","","USD","","","","","","","","","","","","","","","","","","","","","","","","","0.01","","","","","","0.0049673","","","","","","false","","","3","","","A004","","","","","","","","2235912.86000","MNTH","","","","3","","","","UFRO","USD","","","","","false","1","","","","","","","","","","FALSE","","","","","","","","","QZ3WVVQG5T8K","NA/CDS Corp Idx","CDX.NA.IG"
"3680696449000000101","","NEWT","TRAD","2026-06-15T12:53:33Z","","CR","","I","TRUE","2026-06-15T12:53:33Z","2026-06-16","2031-06-20","","","TWSF","FALSE","FALSE","","7,000,000","","EUR","","","","","","","","","","","","","","","","","","","","","","","","","0.05","","","","","","0.0248","","","","","","false","","","3","","","A004","","","","","","","","844628.63112","MNTH","","","","3","","","","UFRO","EUR","","","","","false","1","","","","","","","","","","FALSE","","","","","","","","","QZ3HM9KVK2WL","NA/CDS Corp Idx","ITRAXX EUROPE CROSSOVER"
"3680676284000000201","","NEWT","TRAD","2026-06-15T12:51:16Z","","CR","","I","FALSE","2026-06-15T12:51:16Z","2026-03-20","2031-06-20","","FALSE","TPSE","FALSE","FALSE","","20,000,000","","USD","","","","","","","","","","","","","","","","","","","","","","","","","0.01","","","","","","98.27","","USD","","","","false","","","1","","","A004","","","","","","","","","MNTH","","","","3","","","","","","USD","","","","false","1","","","","","","","OTHR","","","FALSE","","","","","","","","","QZ4JMQKL3P03","NA/CDS Corp Idx","CDX.EM"
"3680774390000001701","","NEWT","TRAD","2026-06-15T13:03:20Z","","CR","","I","TRUE","2026-06-15T13:03:20Z","2026-06-16","2031-06-20","","FALSE","BBSF","FALSE","FALSE","","50,000,000","","USD","","","","","","","","","","","","","","","","","","","","","","","","","0.01","","","","","","0.004982","","","","","","false","","","3","","","A004","","","","","","","","1252751.52000","MNTH","","","","3","","","","UFRO","USD","","","","","false","1","","","","","","","","","","FALSE","","","","","","","","","QZ3WVVQG5T8K","NA/CDS Corp Idx","CDX.NA.IG"
"3682263534000000501","","NEWT","TRAD","2026-06-15T16:19:39Z","FALSE","CR","","N","FALSE","2026-06-15T16:19:39Z","2026-06-16","2026-07-16","","FALSE","BILT","FALSE","FALSE","TRUE","9,100,000,000","6,602,290","NGN","USD","","","","","","","","","","","","","","","","","","","","","","","","0","","","","","","","","","","","","false","","","","","","A008","","","A004","","DAIL","","1","","MNTH","","","EXPI","1","","","1","","","USD","","","","false","","","","","","","","","","","FALSE","","","","","","","","","QZ1W6CGJXF60","NA/CDS Corp SN","No name obtainable"
"3679875129000000201","","NEWT","TRAD","2026-06-15T11:18:33Z","","CR","","I","TRUE","2026-06-15T11:18:33Z","2026-06-16","2031-06-20","","FALSE","BBSF","FALSE","FALSE","","75,000,000","","USD","","","","","","","","","","","","","","","","","","","","","","","","","0.01","","","","","","0.004988","","","","","","false","","","3","","","A004","","","","","","","","1877058.50000","MNTH","","","","3","","","","UFRO","USD","","","","","false","1","","","","","","","","","","FALSE","","","","","","","","","QZ3WVVQG5T8K","NA/CDS Corp Idx","CDX.NA.IG"
"3680199344000000101","","NEWT","TRAD","2026-06-15T12:10:31Z","","CR","","I","TRUE","2026-06-15T12:10:31Z","2026-06-16","2031-06-20","","","TWSF","FALSE","FALSE","","50,000,000","","EUR","","","","","","","","","","","","","","","","","","","","","","","","","0.01","","","","","","0.00509535","","","","","","false","","","3","","","A004","","","","","","","","1264948.51000","MNTH","","","","3","","","","UFRO","EUR","","","","","false","1","","","","","","","","","","FALSE","","","","","","","","","QZTQ4GTC5QMF","NA/CDS Corp Idx","ITRAXX EUROPE"
"3680874741000000301","","NEWT","TRAD","2026-06-15T13:15:31Z","","CR","","I","TRUE","2026-06-15T13:15:31Z","2026-06-16","2031-06-20","","FALSE","BBSF","FALSE","FALSE","","30,000,000","","USD","","","","","","","","","","","","","","","","","","","","","","","","","0.05","","","","","","0.01083877","","","","","","false","","","3","","","A004","","","","","","","","2854146.90000","MNTH","","","","3","","","","UFRO","USD","","","","","false","0.99","","","","","","","","","","FALSE","","","","","","","","","QZHH8NT767RX","NA/CDS Corp Idx","CDX.NA.HY"
"3680802709000000101","","NEWT","TRAD","2026-06-15T13:06:36Z","","CR","","I","FALSE","2026-06-15T13:06:36Z","2026-06-16","2031-06-20","","","TWSF","FALSE","TRUE","","60,000,000","","USD","","","","","","","","","","","","","","","","","","","","","","","","","0.05","","","","","","0.010839","","","","","","false","","","3","","","A004","","","","","","","","5709660.00000","MNTH","","","","3","","","","UFRO","USD","","","","","false","0.99","","","","","","","","","","FALSE","","","","","","","","","QZHH8NT767RX","NA/CDS Corp Idx","CDX.NA.HY"
"3680681308000000101","","NEWT","TRAD","2026-06-15T12:51:48Z","","CR","","N","FALSE","2026-06-15T12:51:48Z","2026-03-20","2031-06-20","2031-06-20","TRUE","BILT","FALSE","TRUE","TRUE","345,719,991+","","EUR","","","","","","","","","","","","","","","","","","","","","","","","2026-11-18","0.01","","587,724","EUR","","","","","","","0.007","","false","","","","","3","A004","","","","","","","","","MNTH","","","","3","","","","","","","","","","false","1","","","","","","","","","","FALSE","","","","","","","","","QZX75BBR2PZH","NA/CDS Idx Swt","NA/CDS Corp Idx"
"3680717091000000101","","NEWT","TRAD","2026-06-15T12:56:14Z","FALSE","CR","","N","FALSE","2026-06-15T12:56:14Z","2026-06-17","2026-07-09","","FALSE","BILT","FALSE","FALSE","TRUE","1,286,573,085","25,000,000","EGP","USD","","","","","","","","","","","","","","","","","","","","","","","","0","","","","","","","","","","","","false","","","","","","A005","","","A004","","DAIL","","1","","EXPI","","","EXPI","1","","","1","","","USD","","","","false","","","","","","","","","","","FALSE","","","","","","","","","QZXTBVFZH77X","NA/CDS Corp SN","No name obtainable"
"3679938186000000301","","NEWT","TRAD","2026-06-15T11:29:50Z","","CR","","I","TRUE","2026-06-15T11:29:50Z","2026-06-16","2031-06-20","","FALSE","BBSF","FALSE","FALSE","","30,000,000","","USD","","","","","","","","","","","","","","","","","","","","","","","","","0.05","","","","","","0.0108465","","","","","","false","","","3","","","A004","","","","","","","","2877105.00000","MNTH","","","","3","","","","UFRO","USD","","","","","false","0.99","","","","","","","","","","FALSE","","","","","","","","","QZHH8NT767RX","NA/CDS Corp Idx","CDX.NA.HY"
"3669559473000000701","3336324981000000201","MODI","TRAD","2026-06-15T01:05:22Z","FALSE","CR","","N","FALSE","2026-05-27T06:39:02Z","2026-05-28","2035-08-15","","FALSE","BILT","FALSE","FALSE","FALSE","400,000,000+","","USD","","","","","","","","","","","","","","","","","","","","","","","","","0.0425","","","","","","","","","","","","false","","","","","","A006","","","","","","","","3846010.18000","MNTH","","","","6","","","","PEXH","USD","USD","","","","false","","","","","","","","","","","FALSE","","","","","","","","","QZFPPRFS915J","NA/CDS Corp SN","No name obtainable"
"3679889168000000201","","NEWT","TRAD","2026-06-15T11:21:15Z","","CR","","I","TRUE","2026-06-15T11:21:15Z","2026-06-16","2031-06-20","","FALSE","BBSF","FALSE","TRUE","","46,672,199+","","EUR","","","","","","","","","","","","","","","","","","","","","","","","","0.05","","","","","","0.02476965","","","","","","false","","","3","","","A004","","","","","","","","5638188.05338","MNTH","","","","3","","","","UFRO","EUR","","","","","false","1","","","","","","","","","","TRUE","","","","0.003335","","3","","","QZ3HM9KVK2WL","NA/CDS Corp Idx","ITRAXX EUROPE CROSSOVER"
"3679913165000000101","","NEWT","TRAD","2026-06-15T11:24:27Z","","CR","","N","FALSE","2026-06-15T11:24:27Z","2026-03-20","2026-08-19","2031-06-20","FALSE","BILT","FALSE","FALSE","TRUE","50,000,000","","EUR","","","","","","","","","","","","","","","","","","","","","","","","2026-08-19","0.05","","22,500","EUR","","","","","","","0.05","","false","","","","","3","A004","","","","","","","","","MNTH","","","","3","","","","","","","","","","false","1","","","","","","","","","","FALSE","","","","","","","","","QZS61NHV7CQ9","NA/Cr Op Swps EuPt Van Ph",""
"3680053791000000101","","NEWT","TRAD","2026-06-15T11:49:07Z","","CR","","I","TRUE","2026-06-15T11:49:07Z","2026-06-16","2031-06-20","","FALSE","BBSF","FALSE","FALSE","","10,000,000","","USD","","","","","","","","","","","","","","","","","","","","","","","","","0.05","","","","","","0.01083875","","","","","","false","","","3","","","A004","","","","","","","","951362.50000","MNTH","","","","3","","","","UFRO","USD","","","","","false","0.99","","","","","","","","","","FALSE","","","","","","","","","QZHH8NT767RX","NA/CDS Corp Idx","CDX.NA.HY"
"3679869557000000201","","NEWT","TRAD","2026-06-15T11:16:36Z","","CR","","I","FALSE","2026-06-15T11:16:36Z","2026-03-20","2031-06-20","","","BGCO","FALSE","FALSE","TRUE","20,000,000","","EUR","","","","","","","","","","","","","","","","","","","","","","","","","0.01","","","","","","","","","","","","false","","","","","","A004","","","","","","","","171661.00000","MNTH","","","","3","","","","UFRO","EUR","","","","","false","1","","","","","","","","","","FALSE","","","","","","","","","QZ5GD86QBKCC","NA/CDS Corp Idx","ITRAXX EUROPE SUB FINANCIALS"
"3680016528000000401","","NEWT","TRAD","2026-06-15T11:44:11Z","","CR","","I","TRUE","2026-06-15T11:44:11Z","2026-06-16","2031-06-20","","FALSE","BBSF","FALSE","FALSE","","90,000,000","","USD","","","","","","","","","","","","","","","","","","","","","","","","","0.01","","","","","","0.00498717","","","","","","false","","","3","","","A004","","","","","","","","2252813.61000","MNTH","","","","3","","","","UFRO","USD","","","","","false","1","","","","","","","","","","FALSE","","","","","","","","","QZ3WVVQG5T8K","NA/CDS Corp Idx","CDX.NA.IG"
"3679994601000000201","","NEWT","TRAD","2026-06-15T11:40:00Z","","CR","","I","TRUE","2026-06-15T11:40:00Z","2026-06-16","2031-06-20","","FALSE","BBSF","FALSE","TRUE","","46,672,199+","","EUR","","","","","","","","","","","","","","","","","","","","","","","","","0.05","","","","","","0.02476","","","","","","false","","","3","","","A004","","","","","","","","5640381.63959","MNTH","","","","3","","","","UFRO","EUR","","","","","false","1","","","","","","","","","","TRUE","","","","0.01626","","3","","","QZ3HM9KVK2WL","NA/CDS Corp Idx","ITRAXX EUROPE CROSSOVER"
"3677181053000000201","3676945148000000201","TERM","ETRM","2026-06-15T09:11:12Z","","CR","","I","TRUE","2026-06-15T09:08:21Z","2026-03-20","2031-06-20","","","BILT","FALSE","FALSE","FALSE","10,000,000","","EUR","","","","","","","","","","","","","","","","","","","","","","","","","0.01","","","","","","","","","","","","false","","","","","","A004","","","","","","","","83505.00000","MNTH","","","","3","","","","UFRO","EUR","","","","","false","1","","","","","","","","","","FALSE","","","","","","","","","QZ5GD86QBKCC","NA/CDS Corp Idx","ITRAXX EUROPE SUB FINANCIALS"
"3677195937000000101","","NEWT","TRAD","2026-06-15T09:18:02Z","","CR","","I","TRUE","2026-06-15T09:18:02Z","2026-06-16","2031-06-20","","","TWSF","FALSE","FALSE","","120,000,000","","EUR","","","","","","","","","","","","","","","","","","","","","","","","","0.01","","","","","","0.005123","","","","","","false","","","3","","","A004","","","","","","","","3020106.25000","MNTH","","","","3","","","","UFRO","EUR","","","","","false","1","","","","","","","","","","FALSE","","","","","","","","","QZTQ4GTC5QMF","NA/CDS Corp Idx","ITRAXX EUROPE"
"3677710975000000201","","NEWT","TRAD","2026-06-15T09:24:09Z","","CR","","N","FALSE","2026-06-15T09:24:09Z","2026-06-16","2031-06-20","","FALSE","BILT","FALSE","FALSE","FALSE","22,000,000","","EUR","","","","","","","","","","","","","","","","","","","","","","","","","0.01","","","","","","","","","","","","false","","","","","","A004","","","","","","","","553056.58782","MNTH","","","","3","","","","UFRO","EUR","EUR","","","","false","1","","","","","","","","","","FALSE","","","","","","","","","QZTQ4GTC5QMF","NA/CDS Corp Idx","ITRAXX EUROPE"
"3675649945000000101","","NEWT","TRAD","2026-06-15T08:45:51Z","","CR","","I","TRUE","2026-06-15T08:45:51Z","2026-06-16","2031-06-20","","FALSE","BBSF","FALSE","FALSE","","88,000,000","","EUR","","","","","","","","","","","","","","","","","","","","","","","","","0.01","","","","","","0.00511","","","","","","false","","","3","","","A004","","","","","","","","2220181.60000","MNTH","","","","3","","","","UFRO","EUR","","","","","false","1","","","","","","","","","","TRUE","","","","0.00511","","3","","","QZTQ4GTC5QMF","NA/CDS Corp Idx","ITRAXX EUROPE"
"3681243177000000101","","NEWT","TRAD","2026-06-15T14:08:12Z","","CR","","I","FALSE","2026-06-15T14:08:12Z","2026-06-16","2031-06-20","","","TWSF","FALSE","FALSE","","25,000,000","","EUR","","","","","","","","","","","","","","","","","","","","","","","","","0.01","","","","","","0.005135","","","","","","false","","","3","","","A004","","","","","","","","627763.16000","MNTH","","","","3","","","","UFRO","EUR","","","","","false","1","","","","","","","","","","FALSE","","","","","","","","","QZTQ4GTC5QMF","NA/CDS Corp Idx","ITRAXX EUROPE"
"3681256516000000501","","NEWT","TRAD","2026-06-15T14:12:09Z","","CR","","I","TRUE","2026-06-15T14:12:09Z","2026-06-16","2031-06-20","","FALSE","BBSF","FALSE","FALSE","","5,000,000","","USD","","","","","","","","","","","","","","","","","","","","","","","","","0.05","","","","","","0.010838673","","","","","","false","","","3","","","A004","","","","","","","","475643.14000","MNTH","","","","3","","","","UFRO","USD","","","","","false","0.99","","","","","","","","","","FALSE","","","","","","","","","QZHH8NT767RX","NA/CDS Corp Idx","CDX.NA.HY"
"3680968642000000101","","NEWT","TRAD","2026-06-15T13:25:59Z","","CR","","I","TRUE","2026-06-15T13:25:59Z","2026-06-16","2031-06-20","","FALSE","BBSF","FALSE","FALSE","","12,000,000","","USD","","","","","","","","","","","","","","","","","","","","","","","","","0.05","","","","","","0.01084025","","","","","","false","","","3","","","A004","","","","","","","","1143414.51923","MNTH","","","","3","","","","UFRO","USD","","","","","false","0.99","","","","","","","","","","FALSE","","","","","","","","","QZHH8NT767RX","NA/CDS Corp Idx","CDX.NA.HY"
"3682816589000000101","","NEWT","TRAD","2026-06-15T16:14:47Z","","CR","","N","FALSE","2026-06-15T16:14:47Z","2026-09-16","2026-09-16","2031-06-20","FALSE","BILT","FALSE","FALSE","FALSE","400,000,000+","","USD","","","","","","","","","","","","","","","","","","","","","","","","2026-09-16","0.01","","60,000","USD","","","","","","","0.015","","false","","","","","3","A004","","","","","","","","","MNTH","","","","3","","","","","","","","","","false","","","","","","","","","","","FALSE","","","","","","","","","QZ9Z7H8JV03N","NA/CDS Idx Swt","NA/CDS Corp Idx"
"3687246793000000101","","NEWT","TRAD","2026-06-15T20:57:04Z","","CR","","I","TRUE","2026-06-15T20:57:04Z","2026-06-16","2031-06-20","","FALSE","BBSF","FALSE","FALSE","","22,000,000","","USD","","","","","","","","","","","","","","","","","","","","","","","","","0.01","","","","","","0.004993","","","","","","false","","","3","","","A004","","","","","","","","550098.15000","MNTH","","","","3","","","","UFRO","USD","","","","","false","1","","","","","","","","","","FALSE","","","","","","","","","QZ3WVVQG5T8K","NA/CDS Corp Idx","CDX.NA.IG"
"3687468656000000101","","NEWT","TRAD","2026-06-15T21:20:43Z","","CR","","I","TRUE","2026-06-15T21:20:43Z","2026-06-16","2031-06-20","","FALSE","BBSF","FALSE","FALSE","","3,000,000","","USD","","","","","","","","","","","","","","","","","","","","","","","","","0.05","","","","","","0.0108418","","","","","","false","","","3","","","A004","","","","","","","","286314.60000","MNTH","","","","3","","","","UFRO","USD","","","","","false","0.99","","","","","","","","","","FALSE","","","","","","","","","QZHH8NT767RX","NA/CDS Corp Idx","CDX.NA.HY"
"3687410087000000101","3687351821000000101","EROR","","2026-06-15T20:59:35Z","","CR","","","","2026-06-15T17:04:47Z","2026-06-15","2026-08-19","","","","","","FALSE","","","","","","","","","","","","","","","","","","","","","","","","","","","","0.01","","","","","","","","","","","","","","","","","","","","","","","","","","","","","","","","","","","","","","","","","","","","","","","","","","","","","","","","","","","","","QZ7WW76RFHN3","NA/CDS Idx Swt","NA/CDS Corp Idx"
"3679465715000000101","","NEWT","TRAD","2026-06-15T10:34:16Z","","CR","","I","TRUE","2026-06-15T10:34:16Z","2026-06-16","2031-06-20","","FALSE","BBSF","FALSE","FALSE","","2,000,000","","EUR","","","","","","","","","","","","","","","","","","","","","","","","","0.05","","","","","","0.02482","","","","","","false","","","3","","","A004","","","","","","","","241132.18000","MNTH","","","","3","","","","UFRO","EUR","","","","","false","1","","","","","","","","","","FALSE","","","","","","","","","QZ3HM9KVK2WL","NA/CDS Corp Idx","ITRAXX EUROPE CROSSOVER"
"3677976885000001101","","NEWT","TRAD","2026-06-15T09:29:43Z","","CR","","N","FALSE","2026-06-15T09:29:43Z","2026-03-20","2026-10-21","2031-06-20","FALSE","BILT","FALSE","FALSE","TRUE","345,719,991+","","EUR","","","","","","","","","","","","","","","","","","","","","","","","2026-10-21","0.01","","528,951.6","EUR","","","","","","","0.0065","","false","","","","","3","A004","","","","","","","","","MNTH","","","","3","","","","","","","","","","false","1","","","","","","","","","","FALSE","","","","","","","","","QZS1WNR5R2ND","NA/CDS Idx Swt","NA/CDS Corp Idx"
"3678970831000000101","","NEWT","TRAD","2026-06-15T10:00:35Z","","CR","","I","TRUE","2026-06-15T10:00:35Z","2026-06-16","2031-06-20","","FALSE","BBSF","FALSE","FALSE","","25,000,000","","EUR","","","","","","","","","","","","","","","","","","","","","","","","","0.05","","","","","","0.024842","","","","","","false","","","3","","","A004","","","","","","","","3011548.67000","MNTH","","","","3","","","","UFRO","EUR","","","","","false","1","","","","","","","","","","FALSE","","","","","","","","","QZ3HM9KVK2WL","NA/CDS Corp Idx","ITRAXX EUROPE CROSSOVER"
"3679036674000000101","","NEWT","TRAD","2026-06-15T10:05:12Z","","CR","","I","TRUE","2026-06-15T10:05:09Z","2026-03-20","2031-06-20","","FALSE","TREU","FALSE","FALSE","FALSE","30,000,000","","EUR","","","","","","","","","","","","","","","","","","","","","","","","","0.01","","","","","","","","","","","","false","","","","","","A004","","","","","","","","","MNTH","","","","3","","","","","","EUR","","","","false","1","","","","","","","","","","FALSE","","","","","","","","","QZTQ4GTC5QMF","NA/CDS Corp Idx","ITRAXX EUROPE"
"3678866472000000201","","NEWT","TRAD","2026-06-15T09:56:43Z","","CR","","I","TRUE","2026-06-15T09:56:43Z","2026-06-16","2031-06-20","","FALSE","BBSF","FALSE","TRUE","","164,216,996+","","EUR","","","","","","","","","","","","","","","","","","","","","","","","","0.01","","","","","","0.005126","","","","","","false","","","3","","","A004","","","","","","","","4130573.50814","MNTH","","","","3","","","","UFRO","EUR","","","","","false","1","","","","","","","","","","FALSE","","","","","","","","","QZTQ4GTC5QMF","NA/CDS Corp Idx","ITRAXX EUROPE"
"3679131802000000201","","NEWT","TRAD","2026-06-15T10:11:08Z","","CR","","I","TRUE","2026-06-15T10:11:08Z","2026-06-16","2031-06-20","","FALSE","BBSF","FALSE","FALSE","","80,000,000","","EUR","","","","","","","","","","","","","","","","","","","","","","","","","0.01","","","","","","0.00512","","","","","","false","","","3","","","A004","","","","","","","","2014544.75000","MNTH","","","","3","","","","UFRO","EUR","","","","","false","1","","","","","","","","","","FALSE","","","","","","","","","QZTQ4GTC5QMF","NA/CDS Corp Idx","ITRAXX EUROPE"
"3679243820000000101","","NEWT","TRAD","2026-06-15T10:18:33Z","","CR","","I","TRUE","2026-06-15T10:18:33Z","2026-06-16","2031-06-20","","FALSE","BBSF","FALSE","FALSE","","85,000,000","","EUR","","","","","","","","","","","","","","","","","","","","","","","","","0.01","","","","","","0.005118","","","","","","false","","","3","","","A004","","","","","","","","2141261.73000","MNTH","","","","3","","","","UFRO","EUR","","","","","false","1","","","","","","","","","","FALSE","","","","","","","","","QZTQ4GTC5QMF","NA/CDS Corp Idx","ITRAXX EUROPE"
"3681069168000001801","","NEWT","TRAD","2026-06-15T13:35:55Z","","CR","","I","TRUE","2026-06-15T13:35:55Z","2026-03-20","2031-06-20","","FALSE","BGCD","FALSE","FALSE","","10,000,000","","EUR","","","","","","","","","","","","","","","","","","","","","","","","","","","","","","","0.02485","","","","","","false","","","3","","","A004","","","","","","","","","MNTH","","","","3","","","","","","","","","","false","1","","","","","","","","","","FALSE","","","","","","","","","QZ3HM9KVK2WL","NA/CDS Corp Idx","ITRAXX EUROPE CROSSOVER"
"3680944414000000501","","NEWT","TRAD","2026-06-15T13:23:36Z","","CR","","I","TRUE","2026-06-15T13:23:36Z","2026-06-16","2031-06-20","","FALSE","BBSF","FALSE","FALSE","","100,000,000","","USD","","","","","","","","","","","","","","","","","","","","","","","","","0.01","","","","","","0.0049799","","","","","","false","","","3","","","A004","","","","","","","","2506468.51000","MNTH","","","","3","","","","UFRO","USD","","","","","false","1","","","","","","","","","","FALSE","","","","","","","","","QZ3WVVQG5T8K","NA/CDS Corp Idx","CDX.NA.IG"
"3669812915000000101","","NEWT","TRAD","2026-06-15T06:36:53Z","","CR","","I","TRUE","2026-06-15T06:36:53Z","2026-06-16","2031-06-20","","FALSE","BBSF","FALSE","TRUE","","150,000,000","","EUR","","","","","","","","","","","","","","","","","","","","","","","","","0.01","","","","","","0.0051144","","","","","","false","","","3","","","A004","","","","","","","","3781263.60000","MNTH","","","","3","","","","UFRO","EUR","","","","","false","1","","","","","","","","","","FALSE","","","","","","","","","QZTQ4GTC5QMF","NA/CDS Corp Idx","ITRAXX EUROPE"
"3680968643000000201","","NEWT","TRAD","2026-06-15T13:26:03Z","","CR","","I","TRUE","2026-06-15T13:26:03Z","2026-06-16","2031-06-20","","FALSE","BBSF","FALSE","FALSE","","3,000,000","","EUR","","","","","","","","","","","","","","","","","","","","","","","","","0.05","","","","","","0.0248049","","","","","","false","","","3","","","A004","","","","","","","","361911.78318","MNTH","","","","3","","","","UFRO","EUR","","","","","false","1","","","","","","","","","","FALSE","","","","","","","","","QZ3HM9KVK2WL","NA/CDS Corp Idx","ITRAXX EUROPE CROSSOVER"
"3680885188000000101","","NEWT","TRAD","2026-06-15T13:16:27Z","","CR","","I","TRUE","2026-06-15T13:16:27Z","2026-06-16","2031-06-20","","FALSE","BBSF","FALSE","TRUE","","250,000,000+","","USD","","","","","","","","","","","","","","","","","","","","","","","","","0.01","","","","","","0.004981","","","","","","false","","","3","","","A004","","","","","","","","6264906.98000","MNTH","","","","3","","","","UFRO","USD","","","","","false","1","","","","","","","","","","FALSE","","","","","","","","","QZ3WVVQG5T8K","NA/CDS Corp Idx","CDX.NA.IG"
"3680980220000000201","","NEWT","TRAD","2026-06-15T13:27:17Z","","CR","","I","TRUE","2026-06-15T13:27:17Z","2026-06-16","2031-06-20","","FALSE","BBSF","FALSE","FALSE","","7,000,000","","EUR","","","","","","","","","","","","","","","","","","","","","","","","","0.05","","","","","","0.024775","","","","","","false","","","3","","","A004","","","","","","","","845454.20000","MNTH","","","","3","","","","UFRO","EUR","","","","","false","1","","","","","","","","","","TRUE","","","","0.0001","","3","","","QZ3HM9KVK2WL","NA/CDS Corp Idx","ITRAXX EUROPE CROSSOVER"
"3669762509000000101","","NEWT","TRAD","2026-06-15T06:26:17Z","","CR","","I","TRUE","2026-06-15T06:26:17Z","2026-06-16","2031-06-20","","FALSE","BBSF","FALSE","FALSE","","30,000,000","","EUR","","","","","","","","","","","","","","","","","","","","","","","","","0.01","","","","","","0.0050755","","","","","","false","","","3","","","A004","","","","","","","","761800.02000","MNTH","","","","3","","","","UFRO","EUR","","","","","false","1","","","","","","","","","","FALSE","","","","","","","","","QZTQ4GTC5QMF","NA/CDS Corp Idx","ITRAXX EUROPE"
"3670059970000000201","","NEWT","TRAD","2026-06-15T06:44:11Z","","CR","","I","TRUE","2026-06-15T06:44:11Z","2026-06-16","2031-06-20","","FALSE","BBSF","FALSE","FALSE","","20,000,000","","EUR","","","","","","","","","","","","","","","","","","","","","","","","","0.05","","","","","","0.02483375","","","","","","false","","","3","","","A004","","","","","","","","2410019.98000","MNTH","","","","3","","","","UFRO","EUR","","","","","false","1","","","","","","","","","","FALSE","","","","","","","","","QZ3HM9KVK2WL","NA/CDS Corp Idx","ITRAXX EUROPE CROSSOVER"
"3670345888000000101","","NEWT","TRAD","2026-06-15T06:55:52Z","","CR","","I","TRUE","2026-06-15T06:55:52Z","2026-06-16","2031-06-20","","FALSE","BBSF","FALSE","FALSE","","20,000,000","","EUR","","","","","","","","","","","","","","","","","","","","","","","","","0.01","","","","","","0.0051375","","","","","","false","","","3","","","A004","","","","","","","","501972.93000","MNTH","","","","3","","","","UFRO","EUR","","","","","false","1","","","","","","","","","","FALSE","","","","","","","","","QZTQ4GTC5QMF","NA/CDS Corp Idx","ITRAXX EUROPE"
"3670690240000000101","3670137719000000101","EROR","","2026-06-15T06:46:47Z","","CR","","I","","2026-06-15T06:46:47Z","2026-03-20","2031-06-20","","","","FALSE","","FALSE","25,000,000","","EUR","","","","","","","","","","","","","","","","","","","","","","","","","0.01","","","","","","","","","","","","false","","","","","","","","","","","","","","628951.00000","","","","","","","","","UFRO","EUR","","","","","false","1","","","","","","","","","","FALSE","","","","","","","","","QZTQ4GTC5QMF","NA/CDS Corp Idx","ITRAXX EUROPE"
"3670694610000000501","","NEWT","TRAD","2026-06-15T07:07:17Z","","CR","","I","FALSE","2026-06-15T07:07:17Z","2026-06-16","2031-06-20","","FALSE","BBSF","FALSE","FALSE","","25,000,000","","EUR","","","","","","","","","","","","","","","","","","","","","","","","","0.01","","","","","","0.0053546","","","","","","false","","","3","","","A004","","","","","","","","601698.46000","MNTH","","","","3","","","","UFRO","EUR","","","","","false","1","","","","","","","","","","FALSE","","","","","","","","","QZTB38W3WJ98","NA/CDS Corp Idx","ITRAXX EUROPE SENIOR FINANCIALS"
"3670763205000000101","","NEWT","TRAD","2026-06-15T07:11:08Z","","CR","","I","TRUE","2026-06-15T07:11:08Z","2026-06-16","2031-06-20","","FALSE","BBSF","FALSE","FALSE","","5,000,000","","EUR","","","","","","","","","","","","","","","","","","","","","","","","","0.05","","","","","","0.0248545","","","","","","false","","","3","","","A004","","","","","","","","602013.91000","MNTH","","","","3","","","","UFRO","EUR","","","","","false","1","","","","","","","","","","FALSE","","","","","","","","","QZ3HM9KVK2WL","NA/CDS Corp Idx","ITRAXX EUROPE CROSSOVER"
"3671161273000000101","","NEWT","TRAD","2026-06-15T07:17:33Z","","CR","","I","TRUE","2026-06-15T07:17:33Z","2026-06-16","2031-06-20","","FALSE","BBSF","FALSE","FALSE","","22,000,000","","EUR","","","","","","","","","","","","","","","","","","","","","","","","","0.01","","","","","","0.005108","","","","","","false","","","3","","","A004","","","","","","","","555256.61902","MNTH","","","","3","","","","UFRO","EUR","","","","","false","1","","","","","","","","","","FALSE","","","","","","","","","QZTQ4GTC5QMF","NA/CDS Corp Idx","ITRAXX EUROPE"
"3680230285000000201","","NEWT","TRAD","2026-06-15T12:13:46Z","","CR","","N","FALSE","2026-06-15T12:13:46Z","2026-06-17","2026-09-17","","FALSE","BILT","FALSE","FALSE","TRUE","130,000,000","","ILS","","","","","","","","","","","","","","","","","","","","","","","","","0","","","","","","0.0045","","","","","","false","","","3","","3","A005","","","","","","","","","YEAR","","","","1","","","","","","USD","USD","","","false","","","","","","","","","","","FALSE","","","","","","","","","QZLQTKZH7LMJ","NA/CDS Corp SN","MINISTRY OF FINANCE ON BEHALF OF THE STATE OF ISRAEL"
"3672332653000000201","3669728519000000101","MODI","TRAD","2026-06-15T07:44:33Z","TRUE","CR","","I","FALSE","2026-06-15T06:10:36Z","2026-03-20","2031-06-20","","FALSE","BILT","FALSE","FALSE","TRUE","4,000,000","","USD","","","","","","","","","","","","","","","","","","","","","","","","","0.01","","","","","","","","","","","","false","","","","","","A004","","","","","","","","","MNTH","","","","3","","","","","","USD","","","","false","1","","","","","","","","","","FALSE","","","","","","","","","QZ1F7JZSZZ7M","NA/CDS Corp Idx","ITRAXX AUSTRALIA"
"3673503240000000101","","NEWT","TRAD","2026-06-15T08:08:53Z","","CR","","I","TRUE","2026-06-15T08:08:53Z","2026-06-16","2031-06-20","","","TWSF","FALSE","FALSE","","75,000,000","","EUR","","","","","","","","","","","","","","","","","","","","","","","","","0.01","","","","","","0.0051295","","","","","","false","","","3","","","A004","","","","","","","","1885249.68000","MNTH","","","","3","","","","UFRO","EUR","","","","","false","1","","","","","","","","","","FALSE","","","","","","","","","QZTQ4GTC5QMF","NA/CDS Corp Idx","ITRAXX EUROPE"
"3681465498000000101","","NEWT","TRAD","2026-06-12T19:24:33Z","","CR","","N","FALSE","2026-06-12T19:24:33Z","2026-03-20","2026-08-19","2031-06-20","FALSE","BILT","FALSE","FALSE","TRUE","11,000,000","","USD","","","","","","","","","","","","","","","","","","","","","","","","2026-08-19","0.05","","50,094.20493","USD","","","","","","","105","USD","false","","","","","1","A004","","","","","","","","","MNTH","","","","3","","","","","","","","","","false","0.99","","","","","","","","","","FALSE","","","","","","","","","QZ8V3P8GM5FP","NA/CDS Idx Swt","NA/CDS Corp Idx"
"3669588162000000101","","NEWT","TRAD","2026-06-15T02:38:18Z","","CR","","I","FALSE","2026-06-15T02:38:18Z","2026-06-16","2031-06-20","","FALSE","BBSF","FALSE","TRUE","","35,000,000","","USD","","","","","","","","","","","","","","","","","","","","","","","","","0.01","","","","","","0.006845","","","","","","false","","","3","","","A004","","","","","","","","579386.63000","MNTH","","","","3","","","","UFRO","USD","","","","","false","1","","","","","","","","","","FALSE","","","","","","","","","QZD2VPNQ9ZFX","NA/CDS Corp Idx","ITRAXX ASIA EX-JAPAN IG"
"3669576942000000101","","NEWT","TRAD","2026-06-15T02:04:23Z","","CR","","I","FALSE","2026-06-15T02:04:23Z","2026-06-16","2031-06-20","","FALSE","BILT","FALSE","FALSE","TRUE","2,000,000","","USD","","","","","","","","","","","","","","","","","","","","","","","","","0.01","","","","","","","","","","","","false","","","","","","A004","","","","","","","","32790.82000","MNTH","","","","3","","","","UFRO","USD","","","","","false","1","","","","","","","","","","FALSE","","","","","","","","","QZ1F7JZSZZ7M","NA/CDS Corp Idx","ITRAXX AUSTRALIA"
"3681417052000000201","","NEWT","TRAD","2026-06-15T14:48:00Z","","CR","","I","FALSE","2026-06-15T14:48:00Z","2026-06-16","2031-06-20","","","TWSF","FALSE","FALSE","","30,000,000","","EUR","","","","","","","","","","","","","","","","","","","","","","","","","0.01","","","","","","0.0051246","","","","","","false","","","3","","","A004","","","","","","","","754798.45000","MNTH","","","","3","","","","UFRO","EUR","","","","","false","1","","","","","","","","","","FALSE","","","","","","","","","QZTQ4GTC5QMF","NA/CDS Corp Idx","ITRAXX EUROPE"
"3681443298000000201","3678085536000000301","EROR","","2026-06-15T14:52:03Z","","CR","","N","FALSE","2026-06-15T09:32:30Z","2026-06-17","2026-09-15","","FALSE","BILT","FALSE","FALSE","TRUE","1,000,000,000","","EGP","","","","","","","","","","","","","","","","","","","","","","","","","0","","","","","","0.0075","","","","","","false","","","3","","3","A005","","","","","","","","","DAIL","","","","1","","","","","","USD","USD","","","false","","","","","","","","","","","FALSE","","","","","","","","","QZ8L2ZPSHS69","NA/CDS Corp SN","No name obtainable"
"3681443304000000801","","NEWT","TRAD","2026-06-15T14:54:39Z","","CR","","I","FALSE","2026-06-15T14:54:39Z","2026-06-16","2031-06-20","","","TWSF","FALSE","FALSE","","2,000,000","","EUR","","","","","","","","","","","","","","","","","","","","","","","","","0.01","","","","","","0.005132","","","","","","false","","","3","","","A004","","","","","","","","50249.84159","MNTH","","","","3","","","","UFRO","EUR","","","","","false","1","","","","","","","","","","FALSE","","","","","","","","","QZTQ4GTC5QMF","NA/CDS Corp Idx","ITRAXX EUROPE"
"3681439684000000101","","NEWT","TRAD","2026-06-15T14:54:01Z","","CR","","I","FALSE","2026-06-15T14:54:01Z","2026-06-16","2031-06-20","","FALSE","BBSF","FALSE","FALSE","","5,000,000","","EUR","","","","","","","","","","","","","","","","","","","","","","","","","0.01","","","","","","0.0087349","","","","","","false","","","3","","","A004","","","","","","","","41522.39000","MNTH","","","","3","","","","UFRO","EUR","","","","","false","1","","","","","","","","","","FALSE","","","","","","","","","QZ5GD86QBKCC","NA/CDS Corp Idx","ITRAXX EUROPE SUB FINANCIALS"
"3681460861000000301","","NEWT","TRAD","2026-06-15T14:58:00Z","","CR","","I","TRUE","2026-06-15T14:58:00Z","2023-09-20","2028-12-20","","FALSE","TPSE","FALSE","FALSE","","96,000,000","","USD","","","","","","","","","","","","","","","","","","","","","","","","","0.01","","","","","","0.00249","","","","","","false","","","3","","","A004","","","","","","","","","MNTH","","","","3","","","","","","USD","","","","false","1","","","","","","","OTHR","","","TRUE","","","","0.0025","","3","","","QZKV15J8S8XX","NA/CDS Corp Idx","CDX.NA.IG"
"3681460862000000401","","NEWT","TRAD","2026-06-15T14:58:00Z","","CR","","I","TRUE","2026-06-15T14:58:00Z","2026-03-20","2031-06-20","","FALSE","TPSE","FALSE","FALSE","","50,000,000","","USD","","","","","","","","","","","","","","","","","","","","","","","","","0.01","","","","","","0.00499","","","","","","false","","","3","","","A004","","","","","","","","","MNTH","","","","3","","","","","","USD","","","","false","1","","","","","","","OTHR","","","TRUE","","","","0.0025","","3","","","QZ3WVVQG5T8K","NA/CDS Corp Idx","CDX.NA.IG"
"3681458195000000201","","NEWT","TRAD","2026-06-15T14:57:27Z","","CR","","I","TRUE","2026-06-15T14:57:27Z","2026-03-20","2031-06-20","","FALSE","TPSE","FALSE","FALSE","","50,000,000","","USD","","","","","","","","","","","","","","","","","","","","","","","","","0.01","","","","","","0.00499","","","","","","false","","","3","","","A004","","","","","","","","","MNTH","","","","3","","","","","","USD","","","","false","1","","","","","","","OTHR","","","TRUE","","","","0.0025","","3","","","QZ3WVVQG5T8K","NA/CDS Corp Idx","CDX.NA.IG"
"3681461347000000301","3681460861000000301","MODI","TRAD","2026-06-15T14:59:16Z","TRUE","CR","","I","TRUE","2026-06-15T14:58:00Z","2023-09-20","2028-12-20","","FALSE","TPSE","FALSE","FALSE","","96,000,000","","USD","","","","","","","","","","","","","","","","","","","","","","","","","0.01","","","","","","0.00249","","","","","","false","","","3","","","A004","","","","","","","","","MNTH","","","","3","","","","","","USD","","","","false","1","","","","","","","OTHR","","","TRUE","","","","0.0025","","3","","","QZKV15J8S8XX","NA/CDS Corp Idx","CDX.NA.IG"
"3681387862000000101","","NEWT","TRAD","2026-06-15T14:37:48Z","","CR","","I","FALSE","2026-06-15T14:37:48Z","2026-06-16","2031-06-20","2031-06-20","FALSE","XXXX","FALSE","FALSE","TRUE","95,072,997+","","EUR","","","","","","","","","","","","","","","","","","","","","","","","","0.01","","","","","","","","","","","","false","","","","","","A004","","","","","","","","2279003.58439","MNTH","","","","3","","","","UFRO","EUR","EUR","EUR","","","false","1","","","","","","","","","","TRUE","0.000001","","3","","","","","","QZTB38W3WJ98","NA/CDS Corp Idx","ITRAXX EUROPE SENIOR FINANCIALS"
"3681371977000000401","","NEWT","TRAD","2026-06-15T14:35:58Z","FALSE","CR","","N","FALSE","2026-06-15T14:35:58Z","2026-06-15","2056-12-15","","FALSE","BILT","FALSE","FALSE","TRUE","50,000,000+","","USD","","","","","","","","","","","","","","","","","","","","","","","","","0.005","","","","","","","","","","","","false","","","","","","A004","","","","","","","","440164.66500","MNTH","","","","1","","","","UFRO","USD","","","","","false","1","","","","","","","","","","FALSE","","","","","","","","","QZ20C7NLTMMP","NA/CDS Corp Idx","CMBX.NA.AAA"
"3681470420000002901","","NEWT","TRAD","2026-06-15T15:01:04Z","","CR","","I","FALSE","2026-06-15T15:01:04Z","2026-06-16","2031-06-20","","","TWSF","FALSE","FALSE","","2,000,000","","EUR","","","","","","","","","","","","","","","","","","","","","","","","","0.01","","","","","","0.005126","","","","","","false","","","3","","","A004","","","","","","","","50306.86799","MNTH","","","","3","","","","UFRO","EUR","","","","","false","1","","","","","","","","","","FALSE","","","","","","","","","QZTQ4GTC5QMF","NA/CDS Corp Idx","ITRAXX EUROPE"
"3682101235000000101","","NEWT","TRAD","2026-06-15T16:08:46Z","","CR","","I","TRUE","2026-06-15T16:08:46Z","2026-03-20","2031-06-20","","FALSE","BGCD","FALSE","FALSE","","10,000,000","","EUR","","","","","","","","","","","","","","","","","","","","","","","","","","","","","","","0.0248","","","","","","false","","","3","","","A004","","","","","","","","","MNTH","","","","3","","","","","","","","","","false","1","","","","","","","","","","FALSE","","","","","","","","","QZ3HM9KVK2WL","NA/CDS Corp Idx","ITRAXX EUROPE CROSSOVER"
"3681466457000000601","3656759568000000201","TERM","ETRM","2026-06-15T15:00:18Z","","CR","","N","","2026-06-12T18:00:05Z","2026-06-13","2026-06-20","","FALSE","BILT","FALSE","","FALSE","47,000,000","47,000,000","USD","USD","","","","","","","","","","","","","","","","","","","","","","","","0","","","","","","","","","","","","false","","","","","","","","","","","DAIL","","1","403216.42000","","","MNTH","","","","3","","UFRO","USD","USD","USD","","","false","1","","","","","","","","","","FALSE","","","","","","","","","QZS926B8JM84","NA/CDS Corp Idx","IBOXX USD LIQUID LEVERAGED LOANS INDEX"
"3681589844000000101","","NEWT","TRAD","2026-06-15T15:23:16Z","","CR","","I","TRUE","2026-06-15T15:23:16Z","2023-09-20","2028-12-20","","FALSE","TPSE","FALSE","FALSE","","94,000,000","","USD","","","","","","","","","","","","","","","","","","","","","","","","","0.01","","","","","","0.00249","","","","","","false","","","3","","","A004","","","","","","","","","MNTH","","","","3","","","","","","USD","","","","false","1","","","","","","","OTHR","","","TRUE","","","","0.0025","","3","","","QZKV15J8S8XX","NA/CDS Corp Idx","CDX.NA.IG"
"3681582730000000201","","NEWT","TRAD","2026-06-15T15:21:24Z","","CR","","N","FALSE","2026-06-15T15:21:24Z","2026-06-15","2056-12-15","","FALSE","BILT","FALSE","FALSE","FALSE","5,000,000","","USD","","","","","","","","","","","","","","","","","","","","","","","","","0.03","","","","","","","","","","","","false","","","","","","A004","","","","","","","","754531.25000","MNTH","","","","1","","","","UFRO","USD","USD","","","","false","1","","","","","","","","","","FALSE","","","","","","","","","QZ46ZHDWL44D","NA/CDS Corp Idx","CMBX.NA.BBB-"
"3681582732000000401","","NEWT","TRAD","2026-06-15T15:21:32Z","","CR","","I","FALSE","2026-06-15T15:21:32Z","2026-03-20","2031-06-20","","FALSE","TPSE","FALSE","FALSE","","35,000,000","","USD","","","","","","","","","","","","","","","","","","","","","","","","","0.01","","","","","","98.31","","USD","","","","false","","","1","","","A004","","","","","","","","","MNTH","","","","3","","","","","","USD","","","","false","1","","","","","","","OTHR","","","FALSE","","","","","","","","","QZ4JMQKL3P03","NA/CDS Corp Idx","CDX.EM"
"3681585143000000301","","NEWT","TRAD","2026-06-15T15:22:16Z","","CR","","I","TRUE","2026-06-15T15:22:16Z","2026-06-16","2031-06-20","","FALSE","BBSF","FALSE","FALSE","","7,000,000","","USD","","","","","","","","","","","","","","","","","","","","","","","","","0.05","","","","","","0.010838","","","","","","false","","","3","","","A004","","","","","","","","665434.00000","MNTH","","","","3","","","","UFRO","USD","","","","","false","0.99","","","","","","","","","","FALSE","","","","","","","","","QZHH8NT767RX","NA/CDS Corp Idx","CDX.NA.HY"
"3669785122000000101","","NEWT","TRAD","2026-06-15T06:35:02Z","","CR","","I","TRUE","2026-06-15T06:35:02Z","2026-06-16","2031-06-20","","FALSE","BBSF","FALSE","TRUE","","150,000,000","","EUR","","","","","","","","","","","","","","","","","","","","","","","","","0.01","","","","","","0.0051044","","","","","","false","","","3","","","A004","","","","","","","","3788392.96000","MNTH","","","","3","","","","UFRO","EUR","","","","","false","1","","","","","","","","","","FALSE","","","","","","","","","QZTQ4GTC5QMF","NA/CDS Corp Idx","ITRAXX EUROPE"
"3681585385000000201","","NEWT","TRAD","2026-06-15T15:20:13Z","","CR","","N","FALSE","2026-06-15T15:20:13Z","2026-06-15","2059-11-17","2059-11-17","FALSE","BILT","FALSE","FALSE","FALSE","5,000,000","","USD","","","","","","","","","","","","","","","","","","","","","","","","","0.05","","","","","","","","","","","","true","","","","","","A004","","","","","","","","2801580.09000","","","","","","","","","UFRO","USD","","","","","false","1","","","","","","","","","","FALSE","","","","","","","","","QZX891WSV298","NA/CDS Corp Idx","CMBX.NA.BB"
"3681540252000000201","","NEWT","TRAD","2026-06-15T15:11:58Z","","CR","","I","TRUE","2026-06-15T15:11:58Z","2026-06-16","2031-06-20","","","TWSF","FALSE","FALSE","","15,000,000","","EUR","","","","","","","","","","","","","","","","","","","","","","","","","0.01","","","","","","0.00513","","","","","","false","","","3","","","A004","","","","","","","","377014.30000","MNTH","","","","3","","","","UFRO","EUR","","","","","false","1","","","","","","","","","","FALSE","","","","","","","","","QZTQ4GTC5QMF","NA/CDS Corp Idx","ITRAXX EUROPE"
"3681539938000000101","","NEWT","TRAD","2026-06-15T15:03:00Z","","CR","","N","FALSE","2026-06-15T15:03:00Z","2026-03-20","2026-09-21","","FALSE","BILT","FALSE","FALSE","TRUE","32,000,000","","USD","","","","","","","","","","","","","","","","","","","","","","","","","4.0115","","","","","","","","","","","","false","","","","","","A001","","","","","","","","284216.52819","MNTH","","","","3","","","","UFRO","USD","","","","","false","1","","","","","","","","","","FALSE","","","","","","","","","QZMF6M7G77VQ","NA/CDS Corp Idx","IBOXX USD LIQUID HIGH YIELD INDEX"
"3682411627000000201","","NEWT","TRAD","2026-06-15T16:26:43Z","","CR","","I","FALSE","2026-06-15T16:26:43Z","2026-06-16","2031-06-20","","FALSE","BBSF","FALSE","FALSE","","10,000,000","","USD","","","","","","","","","","","","","","","","","","","","","","","","","0.01","","","","","","0.00982861","","","","","","false","","","3","","","A004","","","","","","","","146945.56000","MNTH","","","","3","","","","UFRO","USD","","","","","false","1","","","","","","","","","","FALSE","","","","","","","","","QZ4JMQKL3P03","NA/CDS Corp Idx","CDX.EM"
"3682469052000000401","","NEWT","TRAD","2026-06-15T16:29:21Z","","CR","","I","TRUE","2026-06-15T16:29:21Z","2026-06-16","2031-06-20","","FALSE","BBSF","FALSE","TRUE","","200,000,000","","USD","","","","","","","","","","","","","","","","","","","","","","","","","0.01","","","","","","0.00497","","","","","","false","","","3","","","A004","","","","","","","","5022040.40000","MNTH","","","","3","","","","UFRO","USD","","","","","false","1","","","","","","","","","","FALSE","","","","","","","","","QZ3WVVQG5T8K","NA/CDS Corp Idx","CDX.NA.IG"
"3680705815000000201","","NEWT","TRAD","2026-06-15T12:53:02Z","","CR","","N","FALSE","2026-06-15T12:53:02Z","2026-06-17","2026-07-07","","FALSE","BILT","FALSE","FALSE","TRUE","260,000,000","","EGP","","","","","","","","","","","","","","","","","","","","","","","","","0","","","","","","0.007","","","","","","false","","","3","","3","A005","","","","","","","","","DAIL","","","","1","","","","","","USD","USD","","","false","","","","","","","","","","","FALSE","","","","","","","","","QZXTBVFZH77X","NA/CDS Corp SN","No name obtainable"
"3681318441000000201","","NEWT","TRAD","2026-06-15T14:27:33Z","","CR","","I","TRUE","2026-06-15T14:27:33Z","2026-06-16","2031-06-20","","FALSE","BBSF","FALSE","FALSE","","100,000,000","","USD","","","","","","","","","","","","","","","","","","","","","","","","","0.01","","","","","","0.004987","","","","","","false","","","3","","","A004","","","","","","","","2503204.39000","MNTH","","","","3","","","","UFRO","USD","","","","","false","1","","","","","","","","","","FALSE","","","","","","","","","QZ3WVVQG5T8K","NA/CDS Corp Idx","CDX.NA.IG"
"3672257141000000101","","NEWT","TRAD","2026-06-15T07:48:22Z","","CR","","I","TRUE","2026-06-15T07:48:22Z","2026-06-16","2031-06-20","","","TWSF","FALSE","FALSE","","120,000,000","","EUR","","","","","","","","","","","","","","","","","","","","","","","","","0.01","","","","","","0.005104","","","","","","false","","","3","","","A004","","","","","","","","3030939.48188","MNTH","","","","3","","","","UFRO","EUR","","","","","false","1","","","","","","","","","","FALSE","","","","","","","","","QZTQ4GTC5QMF","NA/CDS Corp Idx","ITRAXX EUROPE"
"3688083791000000101","2389053306000000301","MODI","TRAD","2026-06-15T22:31:33Z","TRUE","CR","","N","FALSE","2023-11-28T11:14:40Z","2023-11-06","2026-08-05","","FALSE","BILT","FALSE","FALSE","TRUE","23,000,000","","EUR","","","","","","","","","","","","","","","","","","","","","","","","","","","","","","","","","","","","","false","","","","","","","","","","","","","","0.00000","","","","","","","","","UFRO","EUR","EUR","","","","true","","","","","","","","","","","FALSE","","","","","","","","","QZRR0D5S3SHF","NA/CDS Corp Basket","Basket"
"3674595982000000101","","NEWT","TRAD","2026-06-15T08:22:04Z","","CR","","I","TRUE","2026-06-15T08:22:04Z","2026-06-16","2031-06-20","","FALSE","BBSF","FALSE","FALSE","","33,000,000","","EUR","","","","","","","","","","","","","","","","","","","","","","","","","0.01","","","","","","0.0051","","","","","","false","","","3","","","A004","","","","","","","","834136.61000","MNTH","","","","3","","","","UFRO","EUR","","","","","false","1","","","","","","","","","","TRUE","","","","0.0001","","3","","","QZTQ4GTC5QMF","NA/CDS Corp Idx","ITRAXX EUROPE"
"3674770319000000101","","NEWT","TRAD","2026-06-15T08:26:05Z","","CR","","I","TRUE","2026-06-15T08:26:05Z","2026-06-16","2031-06-20","","","TWSF","FALSE","FALSE","","25,000,000","","EUR","","","","","","","","","","","","","","","","","","","","","","","","","0.01","","","","","","0.005115","","","","","","false","","","3","","","A004","","","","","","","","630139.31000","MNTH","","","","3","","","","UFRO","EUR","","","","","false","1","","","","","","","","","","FALSE","","","","","","","","","QZTQ4GTC5QMF","NA/CDS Corp Idx","ITRAXX EUROPE"
"3684867147000000101","","NEWT","TRAD","2026-06-15T17:37:44Z","","CR","","I","TRUE","2026-06-15T17:37:44Z","2026-06-16","2031-06-20","","FALSE","BBSF","FALSE","FALSE","","5,000,000","","USD","","","","","","","","","","","","","","","","","","","","","","","","","0.05","","","","","","0.01083975","","","","","","false","","","3","","","A004","","","","","","","","476176.25000","MNTH","","","","3","","","","UFRO","USD","","","","","false","0.99","","","","","","","","","","FALSE","","","","","","","","","QZHH8NT767RX","NA/CDS Corp Idx","CDX.NA.HY"
"3685008926000000301","","NEWT","TRAD","2026-06-15T16:21:01Z","","CR","","N","FALSE","2026-06-15T16:21:01Z","2026-03-20","2026-09-16","2031-06-20","FALSE","BILT","FALSE","FALSE","TRUE","400,000,000+","","USD","","","","","","","","","","","","","","","","","","","","","","","","2026-09-16","0.01","","634,000","USD","","","","","","","0.0055","","false","","","","","3","A004","","","","","","","","","MNTH","","","","3","","","","","","","","","","false","1","","","","","","","","","","FALSE","","","","","","","","","QZ7WW76RFHN3","NA/CDS Idx Swt","NA/CDS Corp Idx"
"3685017662000000601","","NEWT","TRAD","2026-06-15T17:58:48Z","","CR","","N","FALSE","2026-06-15T17:58:48Z","2026-06-15","2026-08-19","2031-06-20","FALSE","BILT","FALSE","FALSE","TRUE","37,000,000","","USD","","","","","","","","","","","","","","","","","","","","","","","","2026-08-19","0.05","","91,575.07549","USD","","","","","","","0.01085","","false","","","","","3","A004","","","","","","","","","MNTH","","","","3","","","","","","","","","","false","0.99","","","","","","","","","","FALSE","","","","","","","","","QZVK9BCP48T0","NA/CDS Idx Swt","NA/CDS Corp Idx"
"3685159259000000101","3681333373000000201","EROR","","2026-06-15T18:26:35Z","","CR","","","","2026-06-15T14:29:20Z","2026-06-16","2031-06-20","","","","","","FALSE","","","","","","","","","","","","","","","","","","","","","","","","","","","","0.01","","","","","","","","","","","","","","","","","","","","","","","","","","655000.00000","","","","","","","","","UFRO","USD","","","","","","","","","","","","","","","","","","","","","","","","","QZ4JMQKL3P03","NA/CDS Corp Idx","CDX.EM"
"3685108619000000101","","NEWT","TRAD","2026-06-15T18:16:48Z","","CR","","N","FALSE","2026-06-15T18:16:48Z","2026-06-16","2027-06-20","","FALSE","BILT","FALSE","FALSE","TRUE","26,000,000","26,000,000","USD","USD","","","","","","","","","","","","","","","","","","","","","","","","0","","","","","","","","","","","","false","","","","","","A004","","","A004","","DAIL","","1","230926.39567","EXPI","","","MNTH","1","","","3","UFRO","USD","USD","USD","","","false","1","","","","","","","","","","FALSE","","","","","","","","","QZQZ55SSJJ5W","NA/CDS Corp Idx","IBOXX USD LIQUID LEVERAGED LOANS INDEX"
"3681301771000000201","","NEWT","TRAD","2026-06-15T14:24:20Z","","CR","","I","TRUE","2026-06-15T14:23:16Z","2026-06-16","2031-06-20","","","BTFE","FALSE","FALSE","FALSE","100,000,000","","EUR","","","","","","","","","","","","","","","","","","","","","","","","","0.01","","","","","","","","","","","","false","","","","","","A004","","","","","","","","2527876.84000","MNTH","","","","3","","","","UFRO","EUR","","","","","false","1","","","","","","","","","","FALSE","","","","","","","","","QZTQ4GTC5QMF","NA/CDS Corp Idx","ITRAXX EUROPE"
"3679780340000000101","","NEWT","TRAD","2026-06-15T11:05:16Z","","CR","","I","TRUE","2026-06-15T11:05:16Z","2026-06-16","2031-06-20","","FALSE","BBSF","FALSE","FALSE","","25,000,000","","EUR","","","","","","","","","","","","","","","","","","","","","","","","","0.05","","","","","","0.0247456","","","","","","false","","","3","","","A004","","","","","","","","3022960.59000","MNTH","","","","3","","","","UFRO","EUR","","","","","false","1","","","","","","","","","","FALSE","","","","","","","","","QZ3HM9KVK2WL","NA/CDS Corp Idx","ITRAXX EUROPE CROSSOVER"
"3681318442000000301","","NEWT","TRAD","2026-06-15T14:27:32Z","","CR","","I","FALSE","2026-06-15T14:27:32Z","2026-06-16","2031-06-20","","","TWSF","FALSE","FALSE","","20,000,000","","EUR","","","","","","","","","","","","","","","","","","","","","","","","","0.01","","","","","","0.005132","","","","","","false","","","3","","","A004","","","","","","","","502495.64000","MNTH","","","","3","","","","UFRO","EUR","","","","","false","1","","","","","","","","","","FALSE","","","","","","","","","QZTQ4GTC5QMF","NA/CDS Corp Idx","ITRAXX EUROPE"
"3681319334000000201","3681127368000000301","TERM","ETRM","2026-06-15T14:27:53Z","","CR","","N","","2026-06-15T13:43:39Z","2026-06-15","2057-12-17","","FALSE","BILT","FALSE","","FALSE","15,000,000","","USD","","","","","","","","","","","","","","","","","","","","","","","","","0.03","","","","","","","","","","","","false","","","","","","","","","","","","","","1201875.00000","","","","","","","","","UFRO","USD","USD","","","","false","1","","","","","","","","","","FALSE","","","","","","","","","QZJRXK09Z9CF","NA/CDS Corp Idx","CMBX.NA.BBB-"
"3670690241000000201","1895742064000000701","CORR","","2026-06-15T07:06:46Z","","CR","","N","FALSE","2023-03-29T08:44:24Z","2023-03-30","2028-06-20","","TRUE","BILT","FALSE","FALSE","TRUE","10,000,000","","USD","","","","","","","","","","","","","","","","","","","","","","","","","0.01","","","","","","","","","","","","false","","","","","","A004","","","","","","","","16621.00000","MNTH","","","","3","","","","UFRO","USD","","","","","false","1","","","","","","","","","","FALSE","","","","","","","","","QZKJ437RK1VL","NA/CDS Corp Idx","ITRAXX AUSTRALIA"
"3681096753000000101","","NEWT","TRAD","2026-06-15T13:35:59Z","","CR","","I","TRUE","2026-06-15T13:35:59Z","2026-03-20","2031-06-20","","","BILT","FALSE","FALSE","FALSE","10,000,000","","EUR","","","","","","","","","","","","","","","","","","","","","","","","","0.05","","","","","","","","","","","","false","","","","","","A004","","","","","","","","1204241.00000","MNTH","","","","3","","","","UFRO","EUR","","","","","false","1","","","","","","","","","","FALSE","","","","","","","","","QZ3HM9KVK2WL","NA/CDS Corp Idx","ITRAXX EUROPE CROSSOVER"
"3681175491000000201","","NEWT","TRAD","2026-06-15T13:57:09Z","","CR","","I","TRUE","2026-06-15T13:57:09Z","2026-06-16","2031-06-20","","FALSE","BBSF","FALSE","FALSE","","30,000,000","","USD","","","","","","","","","","","","","","","","","","","","","","","","","0.05","","","","","","0.01084075","","","","","","false","","","3","","","A004","","","","","","","","2860027.50000","MNTH","","","","3","","","","UFRO","USD","","","","","false","0.99","","","","","","","","","","FALSE","","","","","","","","","QZHH8NT767RX","NA/CDS Corp Idx","CDX.NA.HY"
"3681147045000000201","3681144002000000101","MODI","TRAD","2026-06-15T13:48:52Z","TRUE","CR","","I","TRUE","2026-06-15T13:48:12Z","2026-03-20","2031-06-20","","FALSE","TPSE","FALSE","FALSE","","25,000,000","","USD","","","","","","","","","","","","","","","","","","","","","","","","","0.01","","","","","","0.0049816","","","","","","false","","","3","","","A004","","","","","","","","","MNTH","","","","3","","","","","","USD","","","","false","1","","","","","","","OTHR","","","FALSE","","","","","","","","","QZ3WVVQG5T8K","NA/CDS Corp Idx","CDX.NA.IG"
"3681127366000000101","","NEWT","TRAD","2026-06-15T13:43:41Z","","CR","","I","TRUE","2026-06-15T13:43:41Z","2026-06-16","2031-06-20","","","TWSF","FALSE","FALSE","","5,000,000","","EUR","","","","","","","","","","","","","","","","","","","","","","","","","0.05","","","","","","0.02486","","","","","","false","","","3","","","A004","","","","","","","","601883.75000","MNTH","","","","3","","","","UFRO","EUR","","","","","false","1","","","","","","","","","","FALSE","","","","","","","","","QZ3HM9KVK2WL","NA/CDS Corp Idx","ITRAXX EUROPE CROSSOVER"
"3681113220000000401","","NEWT","TRAD","2026-06-15T13:41:07Z","","CR","","I","TRUE","2026-06-15T13:41:07Z","2026-06-16","2031-06-20","","FALSE","BBSF","FALSE","TRUE","","50,000,000","","USD","","","","","","","","","","","","","","","","","","","","","","","","","0.05","","","","","","0.01084225","","","","","","false","","","3","","","A004","","","","","","","","4774137.50000","MNTH","","","","3","","","","UFRO","USD","","","","","false","0.99","","","","","","","","","","FALSE","","","","","","","","","QZHH8NT767RX","NA/CDS Corp Idx","CDX.NA.HY"
"3681150827000000201","","NEWT","TRAD","2026-06-15T13:50:25Z","","CR","","I","TRUE","2026-06-15T13:50:25Z","2026-06-16","2031-06-20","","FALSE","BBSF","FALSE","FALSE","","55,000,000","","USD","","","","","","","","","","","","","","","","","","","","","","","","","0.01","","","","","","0.00497615","","","","","","false","","","3","","","A004","","","","","","","","1379505.93000","MNTH","","","","3","","","","UFRO","USD","","","","","false","1","","","","","","","","","","FALSE","","","","","","","","","QZ3WVVQG5T8K","NA/CDS Corp Idx","CDX.NA.IG"
"3681166449000000201","","NEWT","TRAD","2026-06-15T13:54:41Z","","CR","","I","TRUE","2026-06-15T13:54:41Z","2026-06-16","2031-06-20","","FALSE","BBSF","FALSE","FALSE","","5,000,000","","EUR","","","","","","","","","","","","","","","","","","","","","","","","","0.01","","","","","","0.005128","","","","","","false","","","3","","","A004","","","","","","","","125718.95000","MNTH","","","","3","","","","UFRO","EUR","","","","","false","1","","","","","","","","","","FALSE","","","","","","","","","QZTQ4GTC5QMF","NA/CDS Corp Idx","ITRAXX EUROPE"
"3681201862000000101","","NEWT","TRAD","2026-06-15T14:03:42Z","","CR","","I","FALSE","2026-06-15T14:03:42Z","2026-06-16","2036-06-20","","","TWSF","FALSE","FALSE","","17,000,000","","USD","","","","","","","","","","","","","","","","","","","","","","","","","0.01","","","","","","0.00896148","","","","","","false","","","3","","","A004","","","","","","","","178989.85659","MNTH","","","","3","","","","UFRO","USD","","","","","false","1","","","","","","","","","","FALSE","","","","","","","","","QZ21S8101WKL","NA/CDS Corp Idx","CDX.NA.IG"
"3681167475000000201","","NEWT","TRAD","2026-06-15T13:55:44Z","","CR","","I","TRUE","2026-06-15T13:55:44Z","2026-06-16","2031-06-20","","","TWSF","FALSE","FALSE","","40,000,000","","EUR","","","","","","","","","","","","","","","","","","","","","","","","","0.01","","","","","","0.005125","","","","","","false","","","3","","","A004","","","","","","","","1006321.90000","MNTH","","","","3","","","","UFRO","EUR","","","","","false","1","","","","","","","","","","FALSE","","","","","","","","","QZTQ4GTC5QMF","NA/CDS Corp Idx","ITRAXX EUROPE"
"3683310679000000101","","NEWT","TRAD","2026-06-15T17:04:58Z","","CR","","I","TRUE","2026-06-15T17:04:58Z","2026-06-16","2031-06-20","","FALSE","BBSF","FALSE","FALSE","","50,000,000","","USD","","","","","","","","","","","","","","","","","","","","","","","","","0.01","","","","","","0.0049736","","","","","","false","","","3","","","A004","","","","","","","","1254682.50000","MNTH","","","","3","","","","UFRO","USD","","","","","false","1","","","","","","","","","","FALSE","","","","","","","","","QZ3WVVQG5T8K","NA/CDS Corp Idx","CDX.NA.IG"
"3682785047000000301","","NEWT","TRAD","2026-06-15T16:39:14Z","","CR","","N","FALSE","2026-06-15T16:39:14Z","2026-06-16","2026-06-20","2026-06-20","FALSE","BILT","FALSE","FALSE","TRUE","44,000,000","","USD","","","","","","","","","","","","","","","","","","","","","","","","","","","","","","","","","","","","","false","","","","","","A004","","","","","","","","390799.87017","MNTH","","","","3","","","","UFRO","USD","","","","","false","1","","","","","","","","","","FALSE","","","","","","","","","QZ5ND0SMQQL4","NA/Cr Sw Idx TRtn Corp Ph",""
"3681178550000000101","","NEWT","TRAD","2026-06-15T13:58:14Z","","CR","","I","TRUE","2026-06-15T13:58:14Z","2026-06-16","2031-06-20","","FALSE","BBSF","FALSE","FALSE","","33,000,000","","EUR","","","","","","","","","","","","","","","","","","","","","","","","","0.01","","","","","","0.0051278","","","","","","false","","","3","","","A004","","","","","","","","829776.46000","MNTH","","","","3","","","","UFRO","EUR","","","","","false","1","","","","","","","","","","FALSE","","","","","","","","","QZTQ4GTC5QMF","NA/CDS Corp Idx","ITRAXX EUROPE"
"3681129586000000201","","NEWT","TRAD","2026-06-15T13:44:33Z","","CR","","I","TRUE","2026-06-15T13:44:33Z","2026-06-16","2031-06-20","","","TWSF","FALSE","TRUE","","250,000,000+","","USD","","","","","","","","","","","","","","","","","","","","","","","","","0.01","","","","","","0.004986","","","","","","false","","","3","","","A004","","","","","","","","6259179.56693","MNTH","","","","3","","","","UFRO","USD","","","","","false","1","","","","","","","","","","FALSE","","","","","","","","","QZ3WVVQG5T8K","NA/CDS Corp Idx","CDX.NA.IG"
"3685202773000000201","","NEWT","TRAD","2026-06-15T18:45:01Z","","CR","","I","TRUE","2026-06-15T18:45:01Z","2026-06-16","2031-06-20","","","TWSF","FALSE","FALSE","","9,000,000","","USD","","","","","","","","","","","","","","","","","","","","","","","","","0.05","","","","","","0.0108382","","","","","","false","","","3","","","A004","","","","","","","","855732.05070","MNTH","","","","3","","","","UFRO","USD","","","","","false","0.99","","","","","","","","","","FALSE","","","","","","","","","QZHH8NT767RX","NA/CDS Corp Idx","CDX.NA.HY"
"3681376232000000301","","NEWT","TRAD","2026-06-15T14:39:07Z","","CR","","I","FALSE","2026-06-15T14:39:07Z","2026-06-16","2031-06-20","","FALSE","BBSF","FALSE","FALSE","","50,000,000","","EUR","","","","","","","","","","","","","","","","","","","","","","","","","0.01","","","","","","0.00537366","","","","","","false","","","3","","","A004","","","","","","","","1198876.78000","MNTH","","","","3","","","","UFRO","EUR","","","","","false","1","","","","","","","","","","FALSE","","","","","","","","","QZTB38W3WJ98","NA/CDS Corp Idx","ITRAXX EUROPE SENIOR FINANCIALS"
"3681376231000000201","","NEWT","TRAD","2026-06-15T14:39:00Z","","CR","","I","TRUE","2026-06-15T14:39:00Z","2026-06-16","2031-06-20","","FALSE","BBSF","FALSE","FALSE","","15,000,000","","EUR","","","","","","","","","","","","","","","","","","","","","","","","","0.01","","","","","","0.00513039","","","","","","false","","","3","","","A004","","","","","","","","376986.50000","MNTH","","","","3","","","","UFRO","EUR","","","","","false","1","","","","","","","","","","FALSE","","","","","","","","","QZTQ4GTC5QMF","NA/CDS Corp Idx","ITRAXX EUROPE"
"3681392663000000101","","NEWT","TRAD","2026-06-15T14:42:27Z","","CR","","N","FALSE","2026-06-15T14:42:27Z","2026-06-15","2030-12-20","","FALSE","BILT","FALSE","FALSE","FALSE","15,000,000","","EUR","","","","","","","","","","","","","","","","","","","","","","","","","0.01","","","","","","","","","","","","false","","","","","","A004","","","","","","","","2810333.33000","MNTH","","","","3","","","","UFRO","EUR","","","","","false","1","","","","","","","","","","FALSE","","","","","","","","","QZ9GDBQDH8LN","NA/CDS Corp Idx Tra","ITRAXX EUROPE"
"3683016337000000101","3682779123000000101","CORR","","2026-06-15T16:52:56Z","","CR","","I","FALSE","2026-06-15T16:39:52Z","2026-03-20","2031-06-20","","FALSE","BILT","FALSE","FALSE","TRUE","50,000,000+","","USD","","","","","","","","","","","","","","","","","","","","","","","","","0.01","","","","","","","","","","","","false","","","","","","A004","","","","","","","","","MNTH","","","","3","","","","","","USD","","","","false","1","","","","","","","","","","FALSE","","","","","","","","","QZ4JMQKL3P03","NA/CDS Corp Idx","CDX.EM"
"3681335081000000501","","NEWT","TRAD","2026-06-15T14:31:19Z","","CR","","I","TRUE","2026-06-15T14:31:19Z","2026-06-16","2031-06-20","","FALSE","BBSF","FALSE","TRUE","","40,000,000","","EUR","","","","","","","","","","","","","","","","","","","","","","","","","0.05","","","","","","0.024882","","","","","","false","","","3","","","A004","","","","","","","","4810905.49000","MNTH","","","","3","","","","UFRO","EUR","","","","","false","1","","","","","","","","","","FALSE","","","","","","","","","QZ3HM9KVK2WL","NA/CDS Corp Idx","ITRAXX EUROPE CROSSOVER"
"3681183184000000101","","NEWT","TRAD","2026-06-15T13:59:13Z","","CR","","I","TRUE","2026-06-15T13:59:13Z","2026-06-16","2031-06-20","","FALSE","BBSF","FALSE","FALSE","","50,000,000","","USD","","","","","","","","","","","","","","","","","","","","","","","","","0.01","","","","","","0.004979","","","","","","false","","","3","","","A004","","","","","","","","1253441.14000","MNTH","","","","3","","","","UFRO","USD","","","","","false","1","","","","","","","","","","FALSE","","","","","","","","","QZ3WVVQG5T8K","NA/CDS Corp Idx","CDX.NA.IG"
"3681183187000000401","","NEWT","TRAD","2026-06-15T13:59:28Z","","CR","","I","TRUE","2026-06-15T13:59:28Z","2026-06-16","2031-06-20","","FALSE","BBSF","FALSE","FALSE","","3,000,000","","EUR","","","","","","","","","","","","","","","","","","","","","","","","","0.05","","","","","","0.02492485","","","","","","false","","","3","","","A004","","","","","","","","360209.71000","MNTH","","","","3","","","","UFRO","EUR","","","","","false","1","","","","","","","","","","TRUE","","","","0.0033345","","3","","","QZ3HM9KVK2WL","NA/CDS Corp Idx","ITRAXX EUROPE CROSSOVER"
"3681178551000000201","","NEWT","TRAD","2026-06-15T13:58:15Z","","CR","","I","TRUE","2026-06-15T13:58:15Z","2026-06-16","2031-06-20","","FALSE","BBSF","FALSE","FALSE","","15,000,000","","EUR","","","","","","","","","","","","","","","","","","","","","","","","","0.01","","","","","","0.00513015","","","","","","false","","","3","","","A004","","","","","","","","377003.60000","MNTH","","","","3","","","","UFRO","EUR","","","","","false","1","","","","","","","","","","FALSE","","","","","","","","","QZTQ4GTC5QMF","NA/CDS Corp Idx","ITRAXX EUROPE"
"3671504229000000101","","NEWT","TRAD","2026-06-15T07:23:55Z","","CR","","I","TRUE","2026-06-15T07:23:55Z","2026-06-16","2031-06-20","","","TWSF","FALSE","FALSE","","100,000,000","","EUR","","","","","","","","","","","","","","","","","","","","","","","","","0.01","","","","","","0.0051105","","","","","","false","","","3","","","A004","","","","","","","","2522695.99000","MNTH","","","","3","","","","UFRO","EUR","","","","","false","1","","","","","","","","","","FALSE","","","","","","","","","QZTQ4GTC5QMF","NA/CDS Corp Idx","ITRAXX EUROPE"
"3681362581000000101","","NEWT","TRAD","2026-06-15T14:34:37Z","","CR","","I","TRUE","2026-06-15T14:34:37Z","2026-06-16","2031-06-20","","FALSE","BBSF","FALSE","TRUE","","200,000,000","","USD","","","","","","","","","","","","","","","","","","","","","","","","","0.01","","","","","","0.00498815","","","","","","false","","","3","","","A004","","","","","","","","5005351.43000","MNTH","","","","3","","","","UFRO","USD","","","","","false","1","","","","","","","","","","FALSE","","","","","","","","","QZ3WVVQG5T8K","NA/CDS Corp Idx","CDX.NA.IG"
"3684836278000000201","","NEWT","TRAD","2026-06-15T17:33:06Z","","CR","","I","TRUE","2026-06-15T17:33:06Z","2026-03-20","2031-06-20","","FALSE","TPSE","FALSE","FALSE","","15,000,000","","USD","","","","","","","","","","","","","","","","","","","","","","","","","0.05","","","","","","108.41","","USD","","","","false","","","1","","","A004","","","","","","","","","MNTH","","","","3","","","","","","USD","","","","false","0.99","","","","","","","OTHR","","","FALSE","","","","","","","","","QZHH8NT767RX","NA/CDS Corp Idx","CDX.NA.HY"
"3669812916000000201","","NEWT","TRAD","2026-06-15T06:37:01Z","","CR","","I","TRUE","2026-06-15T06:37:01Z","2026-06-16","2031-06-20","","FALSE","BBSF","FALSE","FALSE","","5,000,000","","EUR","","","","","","","","","","","","","","","","","","","","","","","","","0.05","","","","","","0.02479","","","","","","false","","","3","","","A004","","","","","","","","603540.68000","MNTH","","","","3","","","","UFRO","EUR","","","","","false","1","","","","","","","","","","FALSE","","","","","","","","","QZ3HM9KVK2WL","NA/CDS Corp Idx","ITRAXX EUROPE CROSSOVER"
"3669794659000000101","","NEWT","TRAD","2026-06-15T06:36:17Z","","CR","","I","TRUE","2026-06-15T06:36:17Z","2026-06-16","2031-06-20","","","TWSF","FALSE","FALSE","","7,000,000","","EUR","","","","","","","","","","","","","","","","","","","","","","","","","0.01","","","","","","0.0050998","","","","","","false","","","3","","","A004","","","","","","","","176944.33894","MNTH","","","","3","","","","UFRO","EUR","","","","","false","1","","","","","","","","","","FALSE","","","","","","","","","QZTQ4GTC5QMF","NA/CDS Corp Idx","ITRAXX EUROPE"
"3681208266000000401","","NEWT","TRAD","2026-06-15T14:05:20Z","","CR","","I","TRUE","2026-06-15T14:05:20Z","2026-06-16","2031-06-20","","FALSE","BBSF","FALSE","FALSE","","240,000","","USD","","","","","","","","","","","","","","","","","","","","","","","","","0.05","","","","","","0.01084059","","","","","","false","","","3","","","A004","","","","","","","","22876.46764","MNTH","","","","3","","","","UFRO","USD","","","","","false","0.99","","","","","","","","","","FALSE","","","","","","","","","QZHH8NT767RX","NA/CDS Corp Idx","CDX.NA.HY"
"3685219445000000201","3685217661000000402","MODI","TRAD","2026-06-15T18:50:17Z","TRUE","CR","","I","TRUE","2026-06-15T18:49:53Z","2026-03-20","2031-06-20","","FALSE","TPSE","FALSE","FALSE","","50,000,000","","USD","","","","","","","","","","","","","","","","","","","","","","","","","0.01","","","","","","0.00498","","","","","","false","","","3","","","A004","","","","","","","","","MNTH","","","","3","","","","","","USD","","","","false","1","","","","","","","OTHR","","","FALSE","","","","","","","","","QZ3WVVQG5T8K","NA/CDS Corp Idx","CDX.NA.IG"
"3685503579000000101","","NEWT","TRAD","2026-06-15T19:06:07Z","","CR","","I","TRUE","2026-06-15T19:06:07Z","2026-06-16","2031-06-20","","FALSE","BBSF","FALSE","FALSE","","35,000,000","","USD","","","","","","","","","","","","","","","","","","","","","","","","","0.01","","","","","","0.004978","","","","","","false","","","3","","","A004","","","","","","","","877569.71000","MNTH","","","","3","","","","UFRO","USD","","","","","false","1","","","","","","","","","","FALSE","","","","","","","","","QZ3WVVQG5T8K","NA/CDS Corp Idx","CDX.NA.IG"
"3685751156000000101","","NEWT","TRAD","2026-06-15T19:10:27Z","","CR","","I","TRUE","2026-06-15T19:10:27Z","2026-06-16","2031-06-20","","FALSE","BBSF","FALSE","FALSE","","4,000,000","","USD","","","","","","","","","","","","","","","","","","","","","","","","","0.05","","","","","","0.0108373","","","","","","false","","","3","","","A004","","","","","","","","379970.70961","MNTH","","","","3","","","","UFRO","USD","","","","","false","0.99","","","","","","","","","","FALSE","","","","","","","","","QZHH8NT767RX","NA/CDS Corp Idx","CDX.NA.HY"
"3671556638000000101","","NEWT","TRAD","2026-06-15T07:25:38Z","","CR","","I","FALSE","2026-06-15T07:25:38Z","2026-06-16","2031-06-20","","FALSE","BBSF","FALSE","FALSE","","50,000,000","","EUR","","","","","","","","","","","","","","","","","","","","","","","","","0.01","","","","","","0.005356","","","","","","false","","","3","","","A004","","","","","","","","1203064.88000","MNTH","","","","3","","","","UFRO","EUR","","","","","false","1","","","","","","","","","","FALSE","","","","","","","","","QZTB38W3WJ98","NA/CDS Corp Idx","ITRAXX EUROPE SENIOR FINANCIALS"
"3685935402000000101","","NEWT","TRAD","2026-06-15T19:18:55Z","","CR","","N","FALSE","2026-06-15T19:18:55Z","2026-03-20","2031-06-20","","FALSE","BILT","FALSE","FALSE","FALSE","17,000,000","","USD","","","","","","","","","","","","","","","","","","","","","","","","","0.01","","","","","","","","","","","","false","","","","","","A004","","","","","","","","251694.44000","MNTH","","","","3","","","","UFRO","USD","","","","","false","1","","","","","","","","","","FALSE","","","","","","","","","QZ39BZSFH68L","NA/CDS Sov Idx","CDX.EM"
"3685935403000000201","","NEWT","TRAD","2026-06-15T19:19:17Z","","CR","","I","TRUE","2026-06-15T19:19:17Z","2026-06-16","2031-06-20","","FALSE","BBSF","FALSE","FALSE","","4,000,000","","USD","","","","","","","","","","","","","","","","","","","","","","","","","0.05","","","","","","0.010836815","","","","","","false","","","3","","","A004","","","","","","","","379778.74000","MNTH","","","","3","","","","UFRO","USD","","","","","false","0.99","","","","","","","","","","FALSE","","","","","","","","","QZHH8NT767RX","NA/CDS Corp Idx","CDX.NA.HY"
"3685930927000000201","","NEWT","TRAD","2026-06-15T19:17:28Z","","CR","","I","TRUE","2026-06-15T19:17:28Z","2026-06-16","2031-06-20","","FALSE","BBSF","FALSE","FALSE","","2,000,000","","USD","","","","","","","","","","","","","","","","","","","","","","","","","0.01","","","","","","0.00498211","","","","","","false","","","3","","","A004","","","","","","","","50108.92806","MNTH","","","","3","","","","UFRO","USD","","","","","false","1","","","","","","","","","","FALSE","","","","","","","","","QZ3WVVQG5T8K","NA/CDS Corp Idx","CDX.NA.IG"
"3685217660000000301","","NEWT","TRAD","2026-06-15T18:49:41Z","","CR","","N","FALSE","2026-06-15T18:49:41Z","2026-06-16","2027-06-20","","FALSE","BILT","FALSE","FALSE","TRUE","25,000,000","25,000,000","USD","USD","","","","","","","","","","","","","","","","","","","","","","","","0","","","","","","","","","","","","false","","","","","","A004","","","A004","","DAIL","","1","222044.71000","EXPI","","","MNTH","1","","","3","UFRO","USD","USD","USD","","","false","1","","","","","","","","","","FALSE","","","","","","","","","QZQZ55SSJJ5W","NA/CDS Corp Idx","IBOXX USD LIQUID LEVERAGED LOANS INDEX"
"3671604211000000101","","NEWT","TRAD","2026-06-15T07:28:15Z","","CR","","I","TRUE","2026-06-15T07:28:15Z","2026-06-16","2031-06-20","","FALSE","BBSF","FALSE","FALSE","","10,000,000","","EUR","","","","","","","","","","","","","","","","","","","","","","","","","0.05","","","","","","0.0248113","","","","","","false","","","3","","","A004","","","","","","","","1206072.82000","MNTH","","","","3","","","","UFRO","EUR","","","","","false","1","","","","","","","","","","FALSE","","","","","","","","","QZ3HM9KVK2WL","NA/CDS Corp Idx","ITRAXX EUROPE CROSSOVER"
"3685956131000000101","3685209288000000101","TERM","ETRM","2026-06-15T19:33:00Z","","CR","","N","","2026-06-15T18:47:08Z","2024-09-20","2029-12-20","","FALSE","BILT","FALSE","","FALSE","35,000,000","","USD","","","","","","","","","","","","","","","","","","","","","","","","","0.05","","","","","","","","","","","","false","","","","","","","","","","","","","","4120277.78000","","","","","","","","","UFRO","USD","USD","","","","true","0.98","","","","","","","","","","FALSE","","","","","","","","","QZCSGQZZML3P","NA/CDS Corp Idx Tra","CDX.NA.HY"
"3685957142000000101","","NEWT","TRAD","2026-06-15T19:34:34Z","","CR","","N","TRUE","2026-06-15T19:34:34Z","2024-09-20","2029-12-20","","FALSE","BILT","FALSE","FALSE","TRUE","53,000,000","","USD","","","","","","","","","","","","","","","","","","","","","","","","","0.05","","","","","","","","","","","","false","","","","","","A004","","","","","","","","4984778.40830","MNTH","","","","3","","","","UFRO","USD","","","","","false","0.98","","","","","","","","","","FALSE","","","","","","","","","QZ74TPX36LBH","NA/CDS Corp Idx","CDX.NA.HY"
"3671597958000000201","","NEWT","TRAD","2026-06-15T07:27:37Z","","CR","","I","TRUE","2026-06-15T07:27:37Z","2026-06-16","2031-06-20","","FALSE","BBSF","FALSE","FALSE","","50,000,000","","EUR","","","","","","","","","","","","","","","","","","","","","","","","","0.01","","","","","","0.005114","","","","","","false","","","3","","","A004","","","","","","","","1260516.25000","MNTH","","","","3","","","","UFRO","EUR","","","","","false","1","","","","","","","","","","FALSE","","","","","","","","","QZTQ4GTC5QMF","NA/CDS Corp Idx","ITRAXX EUROPE"
"3681770533000000701","","NEWT","TRAD","2026-06-15T15:24:14Z","","CR","","N","FALSE","2026-05-19T21:07:17Z","2026-03-20","2026-07-15","2031-06-20","FALSE","BILT","FALSE","FALSE","TRUE","250,000,000","","USD","","","","","","","","","","","","","","","","","","","","","","","","2026-07-15","0.01","","0","","","","","","","","0.0055","","false","","","","","3","A004","","","","","","","","","MNTH","","","","3","","","","","","","","","","false","1","","","","","","","","","","FALSE","","","","","","","","","QZT4QS79CCTS","NA/CDS Idx Swt","NA/CDS Corp Idx"
"3679970922000000201","","NEWT","TRAD","2026-06-15T11:35:11Z","","CR","","I","TRUE","2026-06-15T11:35:11Z","2026-06-16","2031-06-20","","FALSE","BBSF","FALSE","FALSE","","20,000,000","","USD","","","","","","","","","","","","","","","","","","","","","","","","","0.05","","","","","","0.0108443","","","","","","false","","","3","","","A004","","","","","","","","1913714.00000","MNTH","","","","3","","","","UFRO","USD","","","","","false","0.99","","","","","","","","","","FALSE","","","","","","","","","QZHH8NT767RX","NA/CDS Corp Idx","CDX.NA.HY"
"3679981216000000201","","NEWT","TRAD","2026-06-15T11:37:27Z","","CR","","I","TRUE","2026-06-15T11:37:27Z","2026-06-16","2031-06-20","","FALSE","BBSF","FALSE","FALSE","","100,000,000","","USD","","","","","","","","","","","","","","","","","","","","","","","","","0.01","","","","","","0.0049943","","","","","","false","","","3","","","A004","","","","","","","","2499848.52000","MNTH","","","","3","","","","UFRO","USD","","","","","false","1","","","","","","","","","","FALSE","","","","","","","","","QZ3WVVQG5T8K","NA/CDS Corp Idx","CDX.NA.IG"
"3679849706000000101","","NEWT","TRAD","2026-06-15T11:14:06Z","","CR","","I","TRUE","2026-06-15T11:14:06Z","2026-06-16","2031-06-20","","","TWSF","FALSE","TRUE","","71,000,000","","USD","","","","","","","","","","","","","","","","","","","","","","","","","0.05","","","","","","0.01084644","","","","","","false","","","3","","","A004","","","","","","","","6808716.45134","MNTH","","","","3","","","","UFRO","USD","","","","","false","0.99","","","","","","","","","","FALSE","","","","","","","","","QZHH8NT767RX","NA/CDS Corp Idx","CDX.NA.HY"
"3679910435000000301","","NEWT","TRAD","2026-06-15T11:25:35Z","","CR","","I","TRUE","2026-06-15T11:25:35Z","2026-06-16","2031-06-20","","FALSE","BBSF","FALSE","FALSE","","50,000,000","","USD","","","","","","","","","","","","","","","","","","","","","","","","","0.01","","","","","","0.004972","","","","","","false","","","3","","","A004","","","","","","","","1255050.32000","MNTH","","","","3","","","","UFRO","USD","","","","","false","1","","","","","","","","","","FALSE","","","","","","","","","QZ3WVVQG5T8K","NA/CDS Corp Idx","CDX.NA.IG"
"3681374426000000201","","NEWT","TRAD","2026-06-15T14:38:32Z","","CR","","I","TRUE","2026-06-15T14:38:32Z","2026-06-16","2031-06-20","","","TWSF","FALSE","FALSE","","20,000,000","","EUR","","","","","","","","","","","","","","","","","","","","","","","","","0.05","","","","","","0.0248552","","","","","","false","","","3","","","A004","","","","","","","","2407989.36000","MNTH","","","","3","","","","UFRO","EUR","","","","","false","1","","","","","","","","","","FALSE","","","","","","","","","QZ3HM9KVK2WL","NA/CDS Corp Idx","ITRAXX EUROPE CROSSOVER"
"3681505064000000201","","NEWT","TRAD","2026-06-15T15:06:22Z","","CR","","N","FALSE","2026-06-15T15:06:22Z","2026-06-16","2026-09-20","2026-09-20","FALSE","BILT","FALSE","FALSE","TRUE","29,000,000","","USD","","","","","","","","","","","","","","","","","","","","","","","","","","","","","","","","","","","","","false","","","","","","A004","","","","","","","","257571.62351","MNTH","","","","3","","","","UFRO","USD","","","","","false","1","","","","","","","","","","FALSE","","","","","","","","","QZ5ND0SMQQL4","NA/Cr Sw Idx TRtn Corp Ph",""
"3681653014000000201","","NEWT","TRAD","2026-06-15T15:36:13Z","","CR","","I","TRUE","2026-06-15T15:36:13Z","2026-06-16","2031-06-20","","FALSE","BBSF","FALSE","FALSE","","15,000,000","","EUR","","","","","","","","","","","","","","","","","","","","","","","","","0.05","","","","","","0.024874","","","","","","false","","","3","","","A004","","","","","","","","1804657.42000","MNTH","","","","3","","","","UFRO","EUR","","","","","false","1","","","","","","","","","","FALSE","","","","","","","","","QZ3HM9KVK2WL","NA/CDS Corp Idx","ITRAXX EUROPE CROSSOVER"
"3681656703000000101","","NEWT","TRAD","2026-06-15T15:36:46Z","","CR","","I","TRUE","2026-06-15T15:36:46Z","2026-03-20","2031-06-20","","FALSE","TPSE","FALSE","FALSE","","5,000,000","","USD","","","","","","","","","","","","","","","","","","","","","","","","","0.05","","","","","","108.385","","USD","","","","false","","","1","","","A004","","","","","","","","","MNTH","","","","3","","","","","","USD","","","","false","0.99","","","","","","","OTHR","","","FALSE","","","","","","","","","QZHH8NT767RX","NA/CDS Corp Idx","CDX.NA.HY"
"3681568251000000401","","NEWT","TRAD","2026-06-15T15:15:23Z","","CR","","N","FALSE","2026-06-15T15:15:23Z","2026-06-15","2026-08-19","2031-06-20","FALSE","BILT","FALSE","FALSE","TRUE","330,000,000","","EUR","","","","","","","","","","","","","","","","","","","","","","","","2026-08-19","0.01","","412,498.125","EUR","","","","","","","0.0055","","false","","","","","3","A004","","","","","","","","","MNTH","","","","3","","","","","","","","","","false","1","","","","","","","","","","FALSE","","","","","","","","","QZ2L66CGCV9J","NA/CDS Idx Swt","NA/CDS Corp Idx"
"3681665495000000101","","NEWT","TRAD","2026-06-15T15:38:46Z","","CR","","I","FALSE","2026-06-15T15:38:46Z","2026-06-16","2031-06-20","","FALSE","BBSF","FALSE","FALSE","","5,000,000","","EUR","","","","","","","","","","","","","","","","","","","","","","","","","0.01","","","","","","0.0053841","","","","","","false","","","3","","","A004","","","","","","","","119640.12000","MNTH","","","","3","","","","UFRO","EUR","","","","","false","1","","","","","","","","","","FALSE","","","","","","","","","QZTB38W3WJ98","NA/CDS Corp Idx","ITRAXX EUROPE SENIOR FINANCIALS"
"3681685624000000201","","NEWT","NOVA","2026-06-15T15:37:13Z","","CR","","N","FALSE","2026-06-15T15:37:13Z","2023-07-12","2065-04-17","2065-04-17","FALSE","BILT","FALSE","FALSE","FALSE","10,000","","USD","","","","","","","","","","","","","","","","","","","","","","","","","0.03","","","","","","","","","","","","true","","","","","","A004","","","","","","","","","","","","","","","","","","","","","","","false","1","","","","","","","","","","FALSE","","","","","","","","","QZ0G1LJBPFZQ","NA/CDS Corp Idx","CMBX.NA.BBB-"
"3681635186000000101","","NEWT","TRAD","2026-06-15T15:33:05Z","","CR","","I","TRUE","2026-06-15T15:33:05Z","2026-06-16","2031-06-20","","FALSE","BBSF","FALSE","TRUE","","250,000,000+","","USD","","","","","","","","","","","","","","","","","","","","","","","","","0.01","","","","","","0.0049841","","","","","","false","","","3","","","A004","","","","","","","","6261334.26763","MNTH","","","","3","","","","UFRO","USD","","","","","false","1","","","","","","","","","","FALSE","","","","","","","","","QZ3WVVQG5T8K","NA/CDS Corp Idx","CDX.NA.IG"
"3681750935000000201","","NEWT","TRAD","2026-06-15T15:50:03Z","","CR","","I","TRUE","2026-06-15T15:50:03Z","2026-06-16","2031-06-20","","FALSE","BBSF","FALSE","FALSE","","10,000,000","","EUR","","","","","","","","","","","","","","","","","","","","","","","","","0.05","","","","","","0.0247805","","","","","","false","","","3","","","A004","","","","","","","","1207531.24000","MNTH","","","","3","","","","UFRO","EUR","","","","","false","1","","","","","","","","","","FALSE","","","","","","","","","QZ3HM9KVK2WL","NA/CDS Corp Idx","ITRAXX EUROPE CROSSOVER"
"3679987539000000201","","NEWT","TRAD","2026-06-15T11:38:09Z","","CR","","I","TRUE","2026-06-15T11:38:09Z","2026-06-16","2031-06-20","","","TWSF","FALSE","FALSE","","20,000,000","","USD","","","","","","","","","","","","","","","","","","","","","","","","","0.05","","","","","","0.01084201","","","","","","false","","","3","","","A004","","","","","","","","1909179.80000","MNTH","","","","3","","","","UFRO","USD","","","","","false","0.99","","","","","","","","","","FALSE","","","","","","","","","QZHH8NT767RX","NA/CDS Corp Idx","CDX.NA.HY"
"3681762928000000201","","NEWT","TRAD","2026-06-15T15:51:25Z","","CR","","I","TRUE","2026-06-15T15:51:25Z","2026-06-16","2031-06-20","","FALSE","BBSF","FALSE","FALSE","","5,000,000","","EUR","","","","","","","","","","","","","","","","","","","","","","","","","0.05","","","","","","0.02485","","","","","","false","","","3","","","A004","","","","","","","","602120.40000","MNTH","","","","3","","","","UFRO","EUR","","","","","false","1","","","","","","","","","","FALSE","","","","","","","","","QZ3HM9KVK2WL","NA/CDS Corp Idx","ITRAXX EUROPE CROSSOVER"
"3681792189000000401","","NEWT","TRAD","2026-06-15T15:53:19Z","","CR","","I","TRUE","2026-06-15T15:53:19Z","2026-06-16","2031-06-20","","FALSE","BBSF","FALSE","FALSE","","9,000,000","","EUR","","","","","","","","","","","","","","","","","","","","","","","","","0.05","","","","","","0.02484","","","","","","false","","","3","","","A004","","","","","","","","1084242.72000","MNTH","","","","3","","","","UFRO","EUR","","","","","false","1","","","","","","","","","","TRUE","","","","0.009325","","3","","","QZ3HM9KVK2WL","NA/CDS Corp Idx","ITRAXX EUROPE CROSSOVER"
"3681613308000000101","3629077747000000101","MODI","NOVA","2026-06-15T15:29:30Z","TRUE","CR","","N","FALSE","2026-06-11T15:40:00Z","2026-06-12","2026-07-15","2031-06-20","FALSE","BILT","FALSE","FALSE","TRUE","400,000,000+","","USD","","","","","","","","","","","","","","","","","","","","","","","","2026-07-15","0.01","","199,998.5","USD","","","","","","","50","USD","false","","","","","1","A004","","","","","","","","","MNTH","","","","3","","","","","","","","","","false","","","","","","","","","","","TRUE","9.9999999999","","3","","","","","","QZT4QS79CCTS","NA/CDS Idx Swt","NA/CDS Corp Idx"
"3681635603000000101","","NEWT","TRAD","2026-06-15T15:31:29Z","","CR","","N","FALSE","2026-06-15T15:31:29Z","2026-06-15","2026-09-16","2031-06-20","FALSE","BILT","FALSE","FALSE","TRUE","200,000,000","","EUR","","","","","","","","","","","","","","","","","","","","","","","","2026-09-16","0.01","","192,000","EUR","","","","","","","0.0065","","false","","","","","3","A004","","","","","","","","","MNTH","","","","3","","","","","","","","","","false","1","","","","","","","","","","FALSE","","","","","","","","","QZ2L66CGCV9J","NA/CDS Idx Swt","NA/CDS Corp Idx"
"3681847005000000501","","NEWT","TRAD","2026-06-15T15:57:44Z","","CR","","I","TRUE","2026-06-15T15:57:44Z","2026-06-16","2031-06-20","","FALSE","BBSF","FALSE","FALSE","","180,000,000","","USD","","","","","","","","","","","","","","","","","","","","","","","","","0.01","","","","","","0.004969","","","","","","false","","","3","","","A004","","","","","","","","4520643.15974","MNTH","","","","3","","","","UFRO","USD","","","","","false","1","","","","","","","","","","FALSE","","","","","","","","","QZ3WVVQG5T8K","NA/CDS Corp Idx","CDX.NA.IG"
"3681866412000000301","","NEWT","NOVA","2026-06-15T15:58:48Z","FALSE","CR","","N","FALSE","2026-06-15T15:58:48Z","2023-10-31","2065-04-17","","FALSE","BILT","FALSE","FALSE","FALSE","680,000","","USD","","","","","","","","","","","","","","","","","","","","","","","","","0.03","","","","","","","","","","","","false","","","","","","A004","","","","","","","","","MNTH","","","","1","","","","","","","","","","false","1","","","","","","","","","","FALSE","","","","","","","","","QZHBKJ2TZ8LR","NA/CDS Corp Idx","CMBX.NA.BBB-"
"3681866413000000401","3681857696000000201","MODI","TRAD","2026-06-15T15:58:58Z","TRUE","CR","","I","TRUE","2026-06-15T15:58:07Z","2026-03-20","2031-06-20","","FALSE","TPSE","FALSE","FALSE","","10,000,000","","USD","","","","","","","","","","","","","","","","","","","","","","","","","0.05","","","","","","108.41","","USD","","","","false","","","1","","","A004","","","","","","","","","MNTH","","","","3","","","","","","USD","","","","false","0.99","","","","","","","OTHR","","","FALSE","","","","","","","","","QZHH8NT767RX","NA/CDS Corp Idx","CDX.NA.HY"
"3681875551000000101","3681857698000000401","MODI","TRAD","2026-06-15T15:59:10Z","TRUE","CR","","I","TRUE","2026-06-15T15:58:22Z","2026-03-20","2031-06-20","","FALSE","TPSE","FALSE","FALSE","","10,000,000","","USD","","","","","","","","","","","","","","","","","","","","","","","","","0.05","","","","","","108.41","","USD","","","","false","","","1","","","A004","","","","","","","","","MNTH","","","","3","","","","","","USD","","","","false","0.99","","","","","","","OTHR","","","FALSE","","","","","","","","","QZHH8NT767RX","NA/CDS Corp Idx","CDX.NA.HY"
"3681893383000000301","","NEWT","TRAD","2026-06-15T16:00:45Z","","CR","","I","TRUE","2026-06-15T16:00:45Z","2026-06-16","2031-06-20","","FALSE","BBSF","FALSE","FALSE","","5,000,000","","USD","","","","","","","","","","","","","","","","","","","","","","","","","0.01","","","","","","0.0049662","","","","","","false","","","3","","","A004","","","","","","","","125638.50379","MNTH","","","","3","","","","UFRO","USD","","","","","false","1","","","","","","","","","","FALSE","","","","","","","","","QZ3WVVQG5T8K","NA/CDS Corp Idx","CDX.NA.IG"
"3682020326000000101","","NEWT","TRAD","2026-06-15T16:04:25Z","","CR","","I","TRUE","2026-06-15T16:04:25Z","2026-03-20","2031-06-20","","FALSE","BGCD","FALSE","FALSE","","10,000,000","","EUR","","","","","","","","","","","","","","","","","","","","","","","","","","","","","","","0.0248","","","","","","false","","","3","","","A004","","","","","","","","","MNTH","","","","3","","","","","","","","","","false","1","","","","","","","","","","FALSE","","","","","","","","","QZ3HM9KVK2WL","NA/CDS Corp Idx","ITRAXX EUROPE CROSSOVER"
"3681995204000000201","","NEWT","TRAD","2026-06-15T16:03:23Z","","CR","","I","TRUE","2026-06-15T16:03:23Z","2026-06-16","2031-06-20","","FALSE","BBSF","FALSE","FALSE","","50,000,000","","USD","","","","","","","","","","","","","","","","","","","","","","","","","0.01","","","","","","0.00496705","","","","","","false","","","3","","","A004","","","","","","","","1256188.29000","MNTH","","","","3","","","","UFRO","USD","","","","","false","1","","","","","","","","","","FALSE","","","","","","","","","QZ3WVVQG5T8K","NA/CDS Corp Idx","CDX.NA.IG"
"3682031594000000201","","NEWT","TRAD","2026-06-15T16:04:33Z","","CR","","I","TRUE","2026-06-15T16:04:33Z","2026-06-16","2031-06-20","","FALSE","BBSF","FALSE","FALSE","","25,000,000","","USD","","","","","","","","","","","","","","","","","","","","","","","","","0.01","","","","","","0.004965","","","","","","false","","","3","","","A004","","","","","","","","628329.79000","MNTH","","","","3","","","","UFRO","USD","","","","","false","1","","","","","","","","","","FALSE","","","","","","","","","QZ3WVVQG5T8K","NA/CDS Corp Idx","CDX.NA.IG"
"3680104043000000301","3680097656000000201","MODI","TRAD","2026-06-15T11:57:49Z","TRUE","CR","","I","TRUE","2026-06-15T11:56:38Z","2026-03-20","2031-06-20","","FALSE","TPSE","FALSE","FALSE","","5,000,000","","USD","","","","","","","","","","","","","","","","","","","","","","","","","0.05","","","","","","108.405","","USD","","","","false","","","1","","","A004","","","","","","","","","MNTH","","","","3","","","","","","USD","","","","false","0.99","","","","","","","OTHR","","","FALSE","","","","","","","","","QZHH8NT767RX","NA/CDS Corp Idx","CDX.NA.HY"
"3681206037000000101","","NEWT","TRAD","2026-06-15T14:04:52Z","","CR","","I","TRUE","2026-06-15T14:04:52Z","2026-06-16","2031-06-20","","FALSE","BBSF","FALSE","FALSE","","98,000","","USD","","","","","","","","","","","","","","","","","","","","","","","","","0.05","","","","","","0.01084141","","","","","","false","","","3","","","A004","","","","","","","","9349.17510","MNTH","","","","3","","","","UFRO","USD","","","","","false","0.99","","","","","","","","","","FALSE","","","","","","","","","QZHH8NT767RX","NA/CDS Corp Idx","CDX.NA.HY"
"3681327122000000201","","NEWT","TRAD","2026-06-15T14:29:29Z","","CR","","I","FALSE","2026-06-15T14:29:29Z","2026-06-16","2031-06-20","","","TWSF","FALSE","FALSE","","10,000,000","","USD","","","","","","","","","","","","","","","","","","","","","","","","","0.01","","","","","","0.0098299","","","","","","false","","","3","","","A004","","","","","","","","145655.79074","MNTH","","","","3","","","","UFRO","USD","","","","","false","1","","","","","","","","","","FALSE","","","","","","","","","QZ4JMQKL3P03","NA/CDS Corp Idx","CDX.EM"
"3687513124000000101","2989029501000000101","TERM","ETRM","2026-06-15T21:33:16Z","","CR","","N","","2026-05-06T18:52:23Z","2026-05-06","2057-12-17","","FALSE","BILT","FALSE","","FALSE","10,000,000","","USD","","","","","","","","","","","","","","","","","","","","","","","","","0.03","","","","","","","","","","","","false","","","","","","","","","","","","","","","","","","","","","","","","","USD","","","","false","1","","","","","","","","","","FALSE","","","","","","","","","QZJRXK09Z9CF","NA/CDS Corp Idx","CMBX.NA.BBB-"
"3687630958000000101","","NEWT","TRAD","2026-06-15T15:58:48Z","FALSE","CR","","N","FALSE","2026-06-15T15:58:48Z","2023-10-31","2065-04-17","","FALSE","BILT","FALSE","FALSE","FALSE","680,000","","USD","","","","","","","","","","","","","","","","","","","","","","","","","0.03","","","","","","","","","","","","false","","","","","","A004","","","","","","","","","MNTH","","","","1","","","","","","","","","","false","1","","","","","","","","","","FALSE","","","","","","","","","QZHBKJ2TZ8LR","NA/CDS Corp Idx","CMBX.NA.BBB-"
"3680274088000000101","3654577936000000101","EROR","","2026-06-15T12:21:19Z","","CR","","","","2026-06-12T16:07:13Z","2026-06-12","2026-08-19","","","","","","FALSE","","","","","","","","","","","","","","","","","","","","","","","","","","","","0.05","","","","","","","","","","","","","","","","","","","","","","","","","","","","","","","","","","","","","","","","","","","","","","","","","","","","","","","","","","","","","QZWDX55NJN4V","NA/CDS Idx Swt","NA/CDS Corp Idx"
"3680304192000000201","3654600706000000301","EROR","","2026-06-15T12:21:38Z","","CR","","","","2026-06-12T16:07:14Z","2026-06-12","2026-08-19","","","","","","FALSE","","","","","","","","","","","","","","","","","","","","","","","","","","","","0.01","","","","","","","","","","","","","","","","","","","","","","","","","","","","","","","","","","","","","","","","","","","","","","","","","","","","","","","","","","","","","QZ2L66CGCV9J","NA/CDS Idx Swt","NA/CDS Corp Idx"
"3680167292000000101","","NEWT","TRAD","2026-06-15T12:06:28Z","","CR","","I","TRUE","2026-06-15T12:06:28Z","2026-06-16","2031-06-20","","FALSE","BBSF","FALSE","TRUE","","200,000,000","","USD","","","","","","","","","","","","","","","","","","","","","","","","","0.01","","","","","","0.00498732","","","","","","false","","","3","","","A004","","","","","","","","5006114.56000","MNTH","","","","3","","","","UFRO","USD","","","","","false","1","","","","","","","","","","FALSE","","","","","","","","","QZ3WVVQG5T8K","NA/CDS Corp Idx","CDX.NA.IG"
"3680254112000000201","","NEWT","TRAD","2026-06-15T12:18:36Z","","CR","","I","TRUE","2026-06-15T12:18:36Z","2026-06-16","2031-06-20","","FALSE","BBSF","FALSE","FALSE","","50,000,000","","USD","","","","","","","","","","","","","","","","","","","","","","","","","0.01","","","","","","0.005003","","","","","","false","","","3","","","A004","","","","","","","","1247924.65000","MNTH","","","","3","","","","UFRO","USD","","","","","false","1","","","","","","","","","","FALSE","","","","","","","","","QZ3WVVQG5T8K","NA/CDS Corp Idx","CDX.NA.IG"
"3680224979000000201","","NEWT","TRAD","2026-06-15T12:14:03Z","","CR","","I","TRUE","2026-06-15T12:14:03Z","2026-06-16","2031-06-20","","FALSE","BBSF","FALSE","FALSE","","25,000,000","","EUR","","","","","","","","","","","","","","","","","","","","","","","","","0.01","","","","","","0.0050975","","","","","","false","","","3","","","A004","","","","","","","","632218.76000","MNTH","","","","3","","","","UFRO","EUR","","","","","false","1","","","","","","","","","","FALSE","","","","","","","","","QZTQ4GTC5QMF","NA/CDS Corp Idx","ITRAXX EUROPE"
"3680117975000000501","","NEWT","TRAD","2026-06-15T12:00:40Z","","CR","","I","TRUE","2026-06-15T12:00:40Z","2026-03-20","2031-06-20","","FALSE","BGCD","FALSE","FALSE","","50,000,000","","EUR","","","","","","","","","","","","","","","","","","","","","","","","","","","","","","","0.0051","","","","","","false","","","3","","","A004","","","","","","","","","MNTH","","","","3","","","","","","","","","","false","1","","","","","","","","","","FALSE","","","","","","","","","QZTQ4GTC5QMF","NA/CDS Corp Idx","ITRAXX EUROPE"
"3680122015000000301","3680117974000000401","MODI","TRAD","2026-06-15T12:01:16Z","TRUE","CR","","I","TRUE","2026-06-15T12:00:38Z","2026-03-20","2031-06-20","","FALSE","TPSE","FALSE","FALSE","","50,000,000","","USD","","","","","","","","","","","","","","","","","","","","","","","","","0.01","","","","","","0.0049875","","","","","","false","","","3","","","A004","","","","","","","","","MNTH","","","","3","","","","","","USD","","","","false","1","","","","","","","OTHR","","","FALSE","","","","","","","","","QZ3WVVQG5T8K","NA/CDS Corp Idx","CDX.NA.IG"
"3679973613000000101","","NEWT","TRAD","2026-06-15T11:35:43Z","","CR","","I","TRUE","2026-06-15T11:35:43Z","2026-06-16","2028-12-20","","FALSE","BBSF","FALSE","TRUE","","88,000,000","","EUR","","","","","","","","","","","","","","","","","","","","","","","","","0.01","","","","","","0.0023084","","","","","","false","","","3","","","A004","","","","","","","","1876394.93444","MNTH","","","","3","","","","UFRO","EUR","","","","","false","1","","","","","","","","","","FALSE","","","","","","","","","QZXFTDJ137RW","NA/CDS Corp Idx","ITRAXX EUROPE"
"3680027008000000301","","NEWT","TRAD","2026-06-15T11:45:21Z","","CR","","I","TRUE","2026-06-15T11:45:21Z","2026-06-16","2031-06-20","","FALSE","BBSF","FALSE","FALSE","","100,000,000","","USD","","","","","","","","","","","","","","","","","","","","","","","","","0.01","","","","","","0.004993662","","","","","","false","","","3","","","A004","","","","","","","","2500141.80000","MNTH","","","","3","","","","UFRO","USD","","","","","false","1","","","","","","","","","","FALSE","","","","","","","","","QZ3WVVQG5T8K","NA/CDS Corp Idx","CDX.NA.IG"
"3681365222000000101","","NEWT","TRAD","2026-06-15T14:35:13Z","","CR","","I","TRUE","2026-06-15T14:35:13Z","2026-06-16","2031-06-20","","FALSE","BBSF","FALSE","FALSE","","25,000,000","","USD","","","","","","","","","","","","","","","","","","","","","","","","","0.05","","","","","","0.01083725","","","","","","false","","","3","","","A004","","","","","","","","2374693.75000","MNTH","","","","3","","","","UFRO","USD","","","","","false","0.99","","","","","","","","","","FALSE","","","","","","","","","QZHH8NT767RX","NA/CDS Corp Idx","CDX.NA.HY"
"3680162577000000101","","NEWT","TRAD","2026-06-15T12:05:50Z","","CR","","I","FALSE","2026-06-15T12:05:50Z","2026-06-16","2031-06-20","","","TWSF","FALSE","FALSE","","5,000,000","","EUR","","","","","","","","","","","","","","","","","","","","","","","","","0.05","","","","","","0.024729","","","","","","false","","","3","","","A004","","","","","","","","604985.31000","MNTH","","","","3","","","","UFRO","EUR","","","","","false","1","","","","","","","","","","FALSE","","","","","","","","","QZ3HM9KVK2WL","NA/CDS Corp Idx","ITRAXX EUROPE CROSSOVER"
"3680162381000000101","","NEWT","TRAD","2026-06-15T12:00:00Z","","CR","","N","FALSE","2026-06-15T12:00:00Z","2026-03-20","2031-06-20","","FALSE","BILT","FALSE","FALSE","FALSE","25,000,000","","EUR","","","","","","","","","","","","","","","","","","","","","","","","","0.01","","","","","","","","","","","","false","","","","","","A004","","","","","","","","631922.00000","MNTH","","","","3","","","","UFRO","EUR","","","","","false","1","","","","","","","","","","FALSE","","","","","","","","","QZTQ4GTC5QMF","NA/CDS Corp Idx","ITRAXX EUROPE"
"3680090442000000101","","NEWT","TRAD","2026-06-15T11:54:55Z","","CR","","I","TRUE","2026-06-15T11:54:55Z","2026-06-16","2031-06-20","","FALSE","BBSF","FALSE","FALSE","","10,000,000","","EUR","","","","","","","","","","","","","","","","","","","","","","","","","0.05","","","","","","0.024696","","","","","","false","","","3","","","A004","","","","","","","","1211534.24000","MNTH","","","","3","","","","UFRO","EUR","","","","","false","1","","","","","","","","","","FALSE","","","","","","","","","QZ3HM9KVK2WL","NA/CDS Corp Idx","ITRAXX EUROPE CROSSOVER"
"3680138158000000201","","NEWT","TRAD","2026-06-15T12:02:58Z","","CR","","I","TRUE","2026-06-15T12:02:58Z","2026-06-16","2031-06-20","","FALSE","BBSF","FALSE","FALSE","","100,000,000","","USD","","","","","","","","","","","","","","","","","","","","","","","","","0.01","","","","","","0.004995","","","","","","false","","","3","","","A004","","","","","","","","2499526.73000","MNTH","","","","3","","","","UFRO","USD","","","","","false","1","","","","","","","","","","TRUE","","","","0.004995","","3","","","QZ3WVVQG5T8K","NA/CDS Corp Idx","CDX.NA.IG"
"3680452694000000101","3677710975000000201","EROR","","2026-06-15T12:30:59Z","","CR","","","","2026-06-15T09:24:09Z","2026-06-16","2031-06-20","","","","","","FALSE","","","","","","","","","","","","","","","","","","","","","","","","","","","","0.01","","","","","","","","","","","","","","","","","","","","","","","","","","559343.61000","","","","","","","","","UFRO","EUR","","","","","","","","","","","","","","","","","","","","","","","","","QZTQ4GTC5QMF","NA/CDS Corp Idx","ITRAXX EUROPE"
"3680460509000000201","","NEWT","TRAD","2026-06-15T12:34:39Z","","CR","","I","TRUE","2026-06-15T12:34:39Z","2026-06-16","2031-06-20","","","TWSF","FALSE","FALSE","","10,000,000","","USD","","","","","","","","","","","","","","","","","","","","","","","","","0.01","","","","","","0.0049954","","","","","","false","","","3","","","A004","","","","","","","","249934.29000","MNTH","","","","3","","","","UFRO","USD","","","","","false","1","","","","","","","","","","FALSE","","","","","","","","","QZ3WVVQG5T8K","NA/CDS Corp Idx","CDX.NA.IG"
"3680419201000000101","","NEWT","TRAD","2026-06-15T12:31:07Z","","CR","","I","FALSE","2026-06-15T12:31:07Z","2026-06-16","2031-06-20","","FALSE","BBSF","FALSE","FALSE","","1,000,000","","USD","","","","","","","","","","","","","","","","","","","","","","","","","0.01","","","","","","0.00982639","","","","","","false","","","3","","","A004","","","","","","","","14916.56000","MNTH","","","","3","","","","UFRO","USD","","","","","false","1","","","","","","","","","","FALSE","","","","","","","","","QZ4JMQKL3P03","NA/CDS Corp Idx","CDX.EM"
"3680388922000000101","","NEWT","TRAD","2026-06-15T12:28:20Z","","CR","","I","TRUE","2026-06-15T12:28:20Z","2026-06-16","2031-06-20","","FALSE","BBSF","FALSE","FALSE","","20,000,000","","USD","","","","","","","","","","","","","","","","","","","","","","","","","0.05","","","","","","0.01083881","","","","","","false","","","3","","","A004","","","","","","","","1902843.80000","MNTH","","","","3","","","","UFRO","USD","","","","","false","0.99","","","","","","","","","","FALSE","","","","","","","","","QZHH8NT767RX","NA/CDS Corp Idx","CDX.NA.HY"
"3680388923000000201","","NEWT","TRAD","2026-06-15T12:28:29Z","","CR","","I","TRUE","2026-06-15T12:28:29Z","2026-06-16","2031-06-20","","FALSE","BBSF","FALSE","FALSE","","550,000","","USD","","","","","","","","","","","","","","","","","","","","","","","","","0.01","","","","","","0.004995","","","","","","false","","","3","","","A004","","","","","","","","13747.46270","MNTH","","","","3","","","","UFRO","USD","","","","","false","1","","","","","","","","","","FALSE","","","","","","","","","QZ3WVVQG5T8K","NA/CDS Corp Idx","CDX.NA.IG"
"3680466653000000101","","NEWT","TRAD","2026-06-15T12:35:27Z","","CR","","I","FALSE","2026-06-15T12:35:27Z","2026-06-16","2031-06-20","","FALSE","BBSF","FALSE","FALSE","","50,000,000","","EUR","","","","","","","","","","","","","","","","","","","","","","","","","0.01","","","","","","0.0087145","","","","","","false","","","3","","","A004","","","","","","","","419967.21000","MNTH","","","","3","","","","UFRO","EUR","","","","","false","1","","","","","","","","","","FALSE","","","","","","","","","QZ5GD86QBKCC","NA/CDS Corp Idx","ITRAXX EUROPE SUB FINANCIALS"
"3680341338000000101","","NEWT","TRAD","2026-06-15T12:25:47Z","","CR","","I","TRUE","2026-06-15T12:25:47Z","2026-06-16","2031-06-20","","FALSE","BBSF","FALSE","FALSE","","30,000,000","","USD","","","","","","","","","","","","","","","","","","","","","","","","","0.05","","","","","","0.0108389","","","","","","false","","","3","","","A004","","","","","","","","2854533.00000","MNTH","","","","3","","","","UFRO","USD","","","","","false","0.99","","","","","","","","","","FALSE","","","","","","","","","QZHH8NT767RX","NA/CDS Corp Idx","CDX.NA.HY"
"3679882824000000101","","NEWT","TRAD","2026-06-15T11:20:21Z","","CR","","I","TRUE","2026-06-15T11:20:21Z","2026-06-16","2031-06-20","","FALSE","BBSF","FALSE","FALSE","","20,000,000","","USD","","","","","","","","","","","","","","","","","","","","","","","","","0.05","","","","","","0.0108464","","","","","","false","","","3","","","A004","","","","","","","","1917872.00000","MNTH","","","","3","","","","UFRO","USD","","","","","false","0.99","","","","","","","","","","FALSE","","","","","","","","","QZHH8NT767RX","NA/CDS Corp Idx","CDX.NA.HY"
"3681262579000000101","","NEWT","TRAD","2026-06-15T14:12:54Z","","CR","","I","TRUE","2026-06-15T14:12:54Z","2026-06-16","2031-06-20","","FALSE","BBSF","FALSE","TRUE","","164,216,996+","","EUR","","","","","","","","","","","","","","","","","","","","","","","","","0.01","","","","","","0.0051356","","","","","","false","","","3","","","A004","","","","","","","","4123097.05138","MNTH","","","","3","","","","UFRO","EUR","","","","","false","1","","","","","","","","","","FALSE","","","","","","","","","QZTQ4GTC5QMF","NA/CDS Corp Idx","ITRAXX EUROPE"
"3679809940000000301","","NEWT","TRAD","2026-06-15T11:09:51Z","","CR","","I","TRUE","2026-06-15T11:09:51Z","2026-06-16","2031-06-20","","","TWSF","FALSE","FALSE","","47,000,000","","USD","","","","","","","","","","","","","","","","","","","","","","","","","0.01","","","","","","0.004975","","","","","","false","","","3","","","A004","","","","","","","","1179099.02000","MNTH","","","","3","","","","UFRO","USD","","","","","false","1","","","","","","","","","","FALSE","","","","","","","","","QZ3WVVQG5T8K","NA/CDS Corp Idx","CDX.NA.IG"
"3680588197000000101","2758956832000000101","CORR","","2026-06-15T12:38:30Z","","CR","","N","FALSE","2026-04-16T19:52:07Z","2026-06-17","2064-06-28","2064-06-28","TRUE","BILT","FALSE","FALSE","TRUE","57,000,000","","USD","","","","","","","","","","","","","","","","","","","","","","","","","","","","","","","","","","","","","false","","","","","","","","A004","","DAIL","","1","","469.89828","","","","","","","","","UFRO","USD","USD","","","","true","","","","","","","","OPET","","","FALSE","","","","","","","","","QZWBC8GZ8TBN","NA/CDS Corp Oth","Basket"
"3680705814000000101","","NEWT","TRAD","2026-06-15T12:54:37Z","","CR","","I","TRUE","2026-06-15T12:54:37Z","2026-06-16","2031-06-20","","FALSE","BBSF","FALSE","TRUE","","46,672,199+","","EUR","","","","","","","","","","","","","","","","","","","","","","","","","0.05","","","","","","0.02478","","","","","","false","","","3","","","A004","","","","","","","","5635960.71904","MNTH","","","","3","","","","UFRO","EUR","","","","","false","1","","","","","","","","","","FALSE","","","","","","","","","QZ3HM9KVK2WL","NA/CDS Corp Idx","ITRAXX EUROPE CROSSOVER"
"3681186938000000401","","NEWT","TRAD","2026-06-15T14:00:34Z","","CR","","I","TRUE","2026-06-15T14:00:34Z","2026-06-16","2027-12-20","","FALSE","BBSF","FALSE","TRUE","","64,000,000","","USD","","","","","","","","","","","","","","","","","","","","","","","","","0.05","","","","","","0.0105","","","","","","false","","","3","","","A004","","","","","","","","3822933.33000","MNTH","","","","3","","","","UFRO","USD","","","","","false","0.96","","","","","","","","","","FALSE","","","","","","","","","QZRDHL02S85Z","NA/CDS Corp Idx","CDX.NA.HY"
"3681243179000000301","","NEWT","TRAD","2026-06-15T14:08:25Z","","CR","","I","TRUE","2026-06-15T14:08:25Z","2026-06-16","2031-06-20","","FALSE","BBSF","FALSE","FALSE","","50,000,000","","USD","","","","","","","","","","","","","","","","","","","","","","","","","0.01","","","","","","0.00497688","","","","","","false","","","3","","","A004","","","","","","","","1253928.48000","MNTH","","","","3","","","","UFRO","USD","","","","","false","1","","","","","","","","","","FALSE","","","","","","","","","QZ3WVVQG5T8K","NA/CDS Corp Idx","CDX.NA.IG"
"3681203836000000201","","NEWT","TRAD","2026-06-15T14:04:14Z","","CR","","I","TRUE","2026-06-15T14:04:14Z","2026-06-16","2036-06-20","","FALSE","BBSF","FALSE","TRUE","","25,000,000","","USD","","","","","","","","","","","","","","","","","","","","","","","","","0.01","","","","","","0.00896795","","","","","","false","","","3","","","A004","","","","","","","","261952.07000","MNTH","","","","3","","","","UFRO","USD","","","","","false","1","","","","","","","","","","FALSE","","","","","","","","","QZ21S8101WKL","NA/CDS Corp Idx","CDX.NA.IG"
"3681276325000000301","3681273229000000201","MODI","TRAD","2026-06-15T14:16:34Z","TRUE","CR","","I","TRUE","2026-06-15T14:16:11Z","2026-03-20","2031-06-20","","FALSE","TPSE","FALSE","FALSE","","25,000,000","","EUR","","","","","","","","","","","","","","","","","","","","","","","","","0.01","","","","","","0.0051375","","","","","","false","","","3","","","A004","","","","","","","","","MNTH","","","","3","","","","","","EUR","","","","false","1","","","","","","","OTHR","","","FALSE","","","","","","","","","QZTQ4GTC5QMF","NA/CDS Corp Idx","ITRAXX EUROPE"
"3681286558000000301","","NEWT","TRAD","2026-06-15T14:20:20Z","","CR","","I","TRUE","2026-06-15T14:20:20Z","2026-06-16","2031-06-20","","","TWSF","FALSE","FALSE","","80,000,000","","USD","","","","","","","","","","","","","","","","","","","","","","","","","0.01","","","","","","0.004987","","","","","","false","","","3","","","A004","","","","","","","","2002563.51000","MNTH","","","","3","","","","UFRO","USD","","","","","false","1","","","","","","","","","","FALSE","","","","","","","","","QZ3WVVQG5T8K","NA/CDS Corp Idx","CDX.NA.IG"
"3681297520000000201","","NEWT","TRAD","2026-06-15T14:23:07Z","","CR","","I","TRUE","2026-06-15T14:23:07Z","2026-06-16","2031-06-20","","FALSE","BBSF","FALSE","FALSE","","3,000,000","","USD","","","","","","","","","","","","","","","","","","","","","","","","","0.01","","","","","","0.004991","","","","","","false","","","3","","","A004","","","","","","","","75040.97000","MNTH","","","","3","","","","UFRO","USD","","","","","false","1","","","","","","","","","","FALSE","","","","","","","","","QZ3WVVQG5T8K","NA/CDS Corp Idx","CDX.NA.IG"
"3681288561000000101","","NEWT","TRAD","2026-06-15T14:20:27Z","","CR","","I","TRUE","2026-06-15T14:20:27Z","2026-06-16","2031-06-20","","FALSE","BBSF","FALSE","FALSE","","110,000,000","","USD","","","","","","","","","","","","","","","","","","","","","","","","","0.01","","","","","","0.004989","","","","","","false","","","3","","","A004","","","","","","","","2752513.45000","MNTH","","","","3","","","","UFRO","USD","","","","","false","1","","","","","","","","","","FALSE","","","","","","","","","QZ3WVVQG5T8K","NA/CDS Corp Idx","CDX.NA.IG"
"3681208265000000301","","NEWT","TRAD","2026-06-15T14:05:14Z","","CR","","I","TRUE","2026-06-15T14:05:14Z","2026-06-16","2031-06-20","","","TWSF","FALSE","TRUE","","250,000,000+","","USD","","","","","","","","","","","","","","","","","","","","","","","","","0.01","","","","","","0.00497","","","","","","false","","","3","","","A004","","","","","","","","6277588.17245","MNTH","","","","3","","","","UFRO","USD","","","","","false","1","","","","","","","","","","FALSE","","","","","","","","","QZ3WVVQG5T8K","NA/CDS Corp Idx","CDX.NA.IG"
"3679830195000000101","","NEWT","TRAD","2026-06-15T11:10:48Z","","CR","","I","TRUE","2026-06-15T11:10:48Z","2026-06-16","2031-06-20","","","BTFE","FALSE","FALSE","FALSE","18,000,000","","USD","","","","","","","","","","","","","","","","","","","","","","","","","","","","","","","","","","","","","false","","","","","","A004","","","","","","","","451735.36000","MNTH","","","","3","","","","UFRO","USD","","","","","false","1","","","","","","","","","","FALSE","","","","","","","","","QZ3WVVQG5T8K","NA/CDS Corp Idx","CDX.NA.IG"
"3685080525000000101","","NEWT","TRAD","2026-06-15T18:09:54Z","","CR","","N","FALSE","2026-06-15T18:09:54Z","2026-06-16","2026-09-20","2026-09-20","FALSE","BILT","FALSE","FALSE","TRUE","75,000,000","","USD","","","","","","","","","","","","","","","","","","","","","","","","","","","","","","","","","","","","","false","","","","","","A004","","","","","","","","666136.49000","MNTH","","","","3","","","","UFRO","USD","","","","","false","1","","","","","","","","","","FALSE","","","","","","","","","QZ9206MF0QMZ","NA/CDS Corp Idx","IBOXX USD LIQUID IG"
"3684863940000000301","3628681031000000101","CORR","","2026-06-11T14:46:01Z","","CR","","N","FALSE","2026-06-10T14:46:15Z","2026-03-20","2026-08-19","2031-06-20","FALSE","BILT","FALSE","FALSE","TRUE","180,000,000","","USD","","","","","","","","","","","","","","","","","","","","","","","","2026-08-19","0.05","","383,130","USD","","","","","","","102","USD","false","","","","","1","A004","","","","","","","","","MNTH","","","","3","","","","","","","","","","false","1","","","","","","","","","","FALSE","","","","","","","","","QZVK9BCP48T0","NA/CDS Idx Swt","NA/CDS Corp Idx"
"3677163344000000101","","NEWT","TRAD","2026-06-15T09:17:29Z","","CR","","N","FALSE","2026-06-15T09:17:29Z","2026-03-20","2031-06-20","2031-06-20","TRUE","BILT","FALSE","TRUE","TRUE","250,000,000","","EUR","","","","","","","","","","","","","","","","","","","","","","","","2026-09-16","0.01","","550,000","EUR","","","","","","","0.0055","","false","","","","","3","A004","","","","","","","","","MNTH","","","","3","","","","","","","","","","false","1","","","","","","","","","","FALSE","","","","","","","","","QZQ9RDJP4641","NA/CDS Idx Swt","NA/CDS Corp Idx"
"3685989722000000201","","NEWT","TRAD","2026-06-15T19:49:07Z","","CR","","I","TRUE","2026-06-15T19:49:07Z","2026-03-20","2031-06-20","","FALSE","TPSE","FALSE","FALSE","","15,000,000","","USD","","","","","","","","","","","","","","","","","","","","","","","","","0.05","","","","","","108.365","","USD","","","","false","","","1","","","A004","","","","","","","","","MNTH","","","","3","","","","","","USD","","","","false","0.99","","","","","","","OTHR","","","FALSE","","","","","","","","","QZHH8NT767RX","NA/CDS Corp Idx","CDX.NA.HY"
"3685994799000000101","","NEWT","TRAD","2026-06-15T19:52:00Z","","CR","","I","TRUE","2026-06-15T19:52:00Z","2026-03-20","2031-06-20","","FALSE","TPSE","FALSE","FALSE","","75,000,000","","USD","","","","","","","","","","","","","","","","","","","","","","","","","0.01","","","","","","0.00499","","","","","","false","","","3","","","A004","","","","","","","","","MNTH","","","","3","","","","","","USD","","","","false","1","","","","","","","OTHR","","","FALSE","","","","","","","","","QZ3WVVQG5T8K","NA/CDS Corp Idx","CDX.NA.IG"
"3685968572000000101","","NEWT","TRAD","2026-06-15T19:41:21Z","","CR","","I","TRUE","2026-06-15T19:41:21Z","2026-06-16","2031-06-20","","FALSE","BBSF","FALSE","TRUE","","250,000,000+","","USD","","","","","","","","","","","","","","","","","","","","","","","","","0.01","","","","","","0.004985","","","","","","false","","","3","","","A004","","","","","","","","6260309.61000","MNTH","","","","3","","","","UFRO","USD","","","","","false","1","","","","","","","","","","FALSE","","","","","","","","","QZ3WVVQG5T8K","NA/CDS Corp Idx","CDX.NA.IG"
"3686009170000000101","","NEWT","TRAD","2026-06-15T19:54:57Z","","CR","","I","TRUE","2026-06-15T19:54:57Z","2026-06-16","2031-06-20","","FALSE","BILT","FALSE","FALSE","FALSE","13,000,000","","USD","","","","","","","","","","","","","","","","","","","","","","","","","0.05","","","","","","","","","","","","false","","","","","","A004","","","","","","","","1233103.30000","MNTH","","","","3","","","","UFRO","USD","","","","","false","0.99","","","","","","","","","","FALSE","","","","","","","","","QZHH8NT767RX","NA/CDS Corp Idx","CDX.NA.HY"
"3685954634000000101","","NEWT","TRAD","2026-06-15T19:30:01Z","","CR","","N","FALSE","2026-06-15T19:30:01Z","2026-06-16","2026-09-20","2026-09-20","FALSE","BILT","FALSE","FALSE","TRUE","87,000,000","","USD","","","","","","","","","","","","","","","","","","","","","","","","","","","","","","","","","","","","","false","","","","","","A004","","","","","","","","772715.36717","MNTH","","","","3","","","","UFRO","USD","","","","","false","1","","","","","","","","","","FALSE","","","","","","","","","QZ9206MF0QMZ","NA/CDS Corp Idx","IBOXX USD LIQUID IG"
"3686014233000000401","","NEWT","TRAD","2026-06-15T19:59:36Z","","CR","","I","TRUE","2026-06-15T19:59:36Z","2026-06-16","2031-06-20","","FALSE","BBSF","FALSE","FALSE","","6,000,000","","USD","","","","","","","","","","","","","","","","","","","","","","","","","0.01","","","","","","0.004988606","","","","","","false","","","3","","","A004","","","","","","","","150147.96000","MNTH","","","","3","","","","UFRO","USD","","","","","false","1","","","","","","","","","","FALSE","","","","","","","","","QZ3WVVQG5T8K","NA/CDS Corp Idx","CDX.NA.IG"
"3685998967000000101","","NEWT","TRAD","2026-06-15T19:52:54Z","","CR","","I","TRUE","2026-06-15T19:52:54Z","2026-06-16","2031-06-20","","FALSE","BBSF","FALSE","TRUE","","200,000,000","","USD","","","","","","","","","","","","","","","","","","","","","","","","","0.01","","","","","","0.00499","","","","","","false","","","3","","","A004","","","","","","","","5003650.48000","MNTH","","","","3","","","","UFRO","USD","","","","","false","1","","","","","","","","","","FALSE","","","","","","","","","QZ3WVVQG5T8K","NA/CDS Corp Idx","CDX.NA.IG"
"3677912465000000101","3677536992000000201","MODI","TRAD","2026-06-15T09:13:09Z","TRUE","CR","","I","TRUE","2026-06-15T09:08:21Z","2026-03-20","2031-06-20","","","BILT","FALSE","FALSE","FALSE","10,000,000","","EUR","","","","","","","","","","","","","","","","","","","","","","","","","0.01","","","","","","","","","","","","false","","","","","","A004","","","","","","","","83505.00000","MNTH","","","","3","","","","UFRO","EUR","","","","","false","1","","","","","","","","","","FALSE","","","","","","","","","QZ5GD86QBKCC","NA/CDS Corp Idx","ITRAXX EUROPE SUB FINANCIALS"
"3680001426000000901","","NEWT","TRAD","2026-06-15T11:41:24Z","","CR","","I","TRUE","2026-06-15T11:41:24Z","2026-06-16","2031-06-20","","FALSE","BBSF","FALSE","FALSE","","8,000,000","","EUR","","","","","","","","","","","","","","","","","","","","","","","","","0.05","","","","","","0.02474026","","","","","","false","","","3","","","A004","","","","","","","","967552.78359","MNTH","","","","3","","","","UFRO","EUR","","","","","false","1","","","","","","","","","","FALSE","","","","","","","","","QZ3HM9KVK2WL","NA/CDS Corp Idx","ITRAXX EUROPE CROSSOVER"
"3680063876000000101","3604740581000000101","CORR","","2026-06-10T15:22:39Z","","CR","","N","FALSE","2026-06-10T07:49:20Z","2026-06-12","2026-09-14","","FALSE","BILT","FALSE","FALSE","TRUE","220,000,000,000","","IDR","","","","","","","","","","","","","","","","","","","","","","","","","0","","","","","","0.0065","","","","","","false","","","3","","3","A008","","","","","","","","","MNTH","","","","6","","","","","","USD","USD","","","false","","","","","","","","","","","FALSE","","","","","","","","","QZ470DJST5W6","NA/CDS Corp SN","STB 2025 04\REGISTERED\TREASURY BOND\2500004"
"3680012626000000101","","NEWT","TRAD","2026-06-15T11:43:24Z","","CR","","I","TRUE","2026-06-15T11:43:24Z","2026-06-16","2031-06-20","","FALSE","BBSF","FALSE","FALSE","","150,000,000","","USD","","","","","","","","","","","","","","","","","","","","","","","","","0.01","","","","","","0.004993","","","","","","false","","","3","","","A004","","","","","","","","3750669.19000","MNTH","","","","3","","","","UFRO","USD","","","","","false","1","","","","","","","","","","FALSE","","","","","","","","","QZ3WVVQG5T8K","NA/CDS Corp Idx","CDX.NA.IG"
"3680067199000000401","","NEWT","TRAD","2026-06-15T11:50:55Z","","CR","","I","TRUE","2026-06-15T11:50:55Z","2026-06-16","2031-06-20","","FALSE","BBSF","FALSE","FALSE","","25,000,000","","USD","","","","","","","","","","","","","","","","","","","","","","","","","0.01","","","","","","0.0049942","","","","","","false","","","3","","","A004","","","","","","","","624973.62000","MNTH","","","","3","","","","UFRO","USD","","","","","false","1","","","","","","","","","","FALSE","","","","","","","","","QZ3WVVQG5T8K","NA/CDS Corp Idx","CDX.NA.IG"
"3676303174000000101","","NEWT","TRAD","2026-06-15T08:59:13Z","","CR","","I","TRUE","2026-06-15T08:59:13Z","2026-06-16","2031-06-20","","FALSE","BBSF","FALSE","TRUE","","46,672,199+","","EUR","","","","","","","","","","","","","","","","","","","","","","","","","0.05","","","","","","0.02489","","","","","","false","","","3","","","A004","","","","","","","","5611597.75951","MNTH","","","","3","","","","UFRO","EUR","","","","","false","1","","","","","","","","","","FALSE","","","","","","","","","QZ3HM9KVK2WL","NA/CDS Corp Idx","ITRAXX EUROPE CROSSOVER"
"3676999068000000101","","NEWT","TRAD","2026-06-15T09:13:47Z","","CR","","I","TRUE","2026-06-15T09:13:47Z","2026-06-16","2031-06-20","","FALSE","BBSF","FALSE","FALSE","","5,000,000","","EUR","","","","","","","","","","","","","","","","","","","","","","","","","0.05","","","","","","0.0248641","","","","","","false","","","3","","","A004","","","","","","","","601786.73000","MNTH","","","","3","","","","UFRO","EUR","","","","","false","1","","","","","","","","","","FALSE","","","","","","","","","QZ3HM9KVK2WL","NA/CDS Corp Idx","ITRAXX EUROPE CROSSOVER"
"3677057024000000101","","NEWT","TRAD","2026-06-15T09:15:15Z","","CR","","I","TRUE","2026-06-15T09:15:15Z","2026-06-16","2031-06-20","","","TWSF","FALSE","FALSE","","32,000,000","","EUR","","","","","","","","","","","","","","","","","","","","","","","","","0.01","","","","","","0.005119","","","","","","false","","","3","","","A004","","","","","","","","805971.55370","MNTH","","","","3","","","","UFRO","EUR","","","","","false","1","","","","","","","","","","FALSE","","","","","","","","","QZTQ4GTC5QMF","NA/CDS Corp Idx","ITRAXX EUROPE"
"3677111998000000101","","NEWT","TRAD","2026-06-15T09:16:40Z","","CR","","I","TRUE","2026-06-15T09:16:40Z","2026-06-16","2031-06-20","","","TWSF","FALSE","FALSE","","32,000,000","","EUR","","","","","","","","","","","","","","","","","","","","","","","","","0.01","","","","","","0.005121","","","","","","false","","","3","","","A004","","","","","","","","805667.39930","MNTH","","","","3","","","","UFRO","EUR","","","","","false","1","","","","","","","","","","TRUE","","","","0.005121","","3","","","QZTQ4GTC5QMF","NA/CDS Corp Idx","ITRAXX EUROPE"
"3677482124000000201","3676171325000000101","EROR","","2026-06-15T08:52:51Z","","CR","","I","","2026-06-15T08:52:51Z","2026-03-20","2031-06-20","","","","FALSE","","FALSE","10,000,000","","EUR","","","","","","","","","","","","","","","","","","","","","","","","","0.01","","","","","","","","","","","","false","","","","","","","","","","","","","","83505.14000","","","","","","","","","UFRO","EUR","","","","","false","1","","","","","","","","","","FALSE","","","","","","","","","QZ5GD86QBKCC","NA/CDS Corp Idx","ITRAXX EUROPE SUB FINANCIALS"
"3677536991000000101","","NEWT","TRAD","2026-06-15T09:11:36Z","","CR","","I","TRUE","2026-06-15T09:08:33Z","2025-09-22","2030-12-20","","","BILT","FALSE","FALSE","FALSE","11,000,000","","EUR","","","","","","","","","","","","","","","","","","","","","","","","","0.01","","","","","","","","","","","","false","","","","","","A004","","","","","","","","139078.69822","MNTH","","","","3","","","","UFRO","EUR","","","","","false","1","","","","","","","","","","FALSE","","","","","","","","","QZJT1J212HR2","NA/CDS Corp Idx","ITRAXX EUROPE SUB FINANCIALS"
"3677898608000000201","","NEWT","TRAD","2026-06-15T09:28:23Z","","CR","","I","TRUE","2026-06-15T09:28:23Z","2026-06-16","2031-06-20","","FALSE","BBSF","FALSE","FALSE","","5,000,000","","EUR","","","","","","","","","","","","","","","","","","","","","","","","","0.01","","","","","","0.00513693","","","","","","false","","","3","","","A004","","","","","","","","125506.78000","MNTH","","","","3","","","","UFRO","EUR","","","","","false","1","","","","","","","","","","FALSE","","","","","","","","","QZTQ4GTC5QMF","NA/CDS Corp Idx","ITRAXX EUROPE"
"3686165372000000301","","NEWT","TRAD","2026-06-15T20:09:39Z","","CR","","I","TRUE","2026-06-15T20:09:39Z","2026-06-16","2031-06-20","","FALSE","BBSF","FALSE","FALSE","","15,000,000","","USD","","","","","","","","","","","","","","","","","","","","","","","","","0.01","","","","","","0.0049864","","","","","","false","","","3","","","A004","","","","","","","","375522.03000","MNTH","","","","3","","","","UFRO","USD","","","","","false","1","","","","","","","","","","FALSE","","","","","","","","","QZ3WVVQG5T8K","NA/CDS Corp Idx","CDX.NA.IG"
"3681683225000000201","","NEWT","TRAD","2026-06-15T15:42:14Z","FALSE","CR","","I","TRUE","2026-06-15T15:42:14Z","2026-06-15","2026-09-16","","","BILT","FALSE","FALSE","TRUE","345,719,991+","","EUR","","","","","","","","","","","","","","","","","","","","","","","","2026-09-16","","","197,060.4","EUR","","","0.00775","","","","0.00775","","false","","","3","","3","","","","","","","","","","","","","","","","","","","","","","","","false","1","","","","","","","","","","FALSE","","","","","","","","","QZS1WNR5R2ND","NA/CDS Idx Swt","NA/CDS Corp Idx"
"3681616192000000301","3680440136000000101","MODI","TRAD","2026-06-15T15:28:07Z","FALSE","CR","","N","FALSE","2026-06-15T12:24:09Z","2026-06-15","2026-06-16","","FALSE","BILT","FALSE","FALSE","TRUE","109,282,427","110,000,000","USD","USD","","","","","","","","","","","","","","","","","","","","","","","","0.037804","0.037804","","","","","","","","","","","false","","","","","","","","","","","","","","","EXPI","","","","1","","","","","","","USD","","","false","","","","","","","","","","","FALSE","","","","","","","","","QZ57DSB64DNJ","NA/CDS Corp SN","DTD 03/15/2025"
"3681809063000000301","","NEWT","TRAD","2026-06-15T15:52:10Z","","CR","","I","TRUE","2026-06-15T15:52:10Z","2026-06-16","2031-06-20","","","BTFE","FALSE","FALSE","FALSE","30,000,000","","USD","","","","","","","","","","","","","","","","","","","","","","","","","","","","","","","","","","","","","false","","","","","","A004","","","","","","","","750547.57000","MNTH","","","","3","","","","UFRO","USD","","","","","false","1","","","","","","","","","","FALSE","","","","","","","","","QZ3WVVQG5T8K","NA/CDS Corp Idx","CDX.NA.IG"
"3681642720000000201","","NEWT","TRAD","2026-06-15T15:31:27Z","","CR","","N","FALSE","2026-06-15T15:31:27Z","2026-06-15","2026-09-16","2031-06-20","FALSE","BILT","FALSE","FALSE","TRUE","200,000,000","","EUR","","","","","","","","","","","","","","","","","","","","","","","","2026-09-16","0.01","","365,000","EUR","","","","","","","0.0055","","false","","","","","3","A004","","","","","","","","","MNTH","","","","3","","","","","","","","","","false","1","","","","","","","","","","FALSE","","","","","","","","","QZ2L66CGCV9J","NA/CDS Idx Swt","NA/CDS Corp Idx"
"3681783529000000301","2368909588000000301","TERM","ETRM","2026-06-15T15:32:58Z","","CR","","N","FALSE","2026-03-13T15:23:19Z","2026-03-16","2026-06-16","","TRUE","XOFF","FALSE","FALSE","TRUE","130,000,000","","USD","","","","","","","","","","","","","","","","","","","","","","","","","","","","","","","0.0012","","","","","","false","","","3","","","","","A004","","","","","","4221650.85687","","YEAR","","","","1","","","UWIN","USD","USD","","","","false","","","","","","","","","","","FALSE","","","","","","","","","QZDN47PB1KF5","NA/CDS Corp SN","DTD 00314"
"3681882356000000401","","NEWT","TRAD","2026-06-15T16:00:12Z","","CR","","I","TRUE","2026-06-15T16:00:12Z","2026-06-16","2031-06-20","","FALSE","BBSF","FALSE","FALSE","","25,000,000","","USD","","","","","","","","","","","","","","","","","","","","","","","","","0.01","","","","","","0.004965","","","","","","false","","","3","","","A004","","","","","","","","628329.79000","MNTH","","","","3","","","","UFRO","USD","","","","","false","1","","","","","","","","","","FALSE","","","","","","","","","QZ3WVVQG5T8K","NA/CDS Corp Idx","CDX.NA.IG"
"3681975357000000101","","NEWT","TRAD","2026-06-15T16:03:10Z","","CR","","I","TRUE","2026-06-15T16:03:10Z","2026-06-16","2031-06-20","","FALSE","BBSF","FALSE","FALSE","","120,000,000","","USD","","","","","","","","","","","","","","","","","","","","","","","","","0.01","","","","","","0.0049614","","","","","","false","","","3","","","A004","","","","","","","","3017965.63642","MNTH","","","","3","","","","UFRO","USD","","","","","false","1","","","","","","","","","","FALSE","","","","","","","","","QZ3WVVQG5T8K","NA/CDS Corp Idx","CDX.NA.IG"
"3682038436000000101","","NEWT","TRAD","2026-06-15T16:05:12Z","","CR","","I","TRUE","2026-06-15T16:05:12Z","2026-03-20","2031-06-20","","FALSE","BGCD","FALSE","FALSE","","10,000,000","","EUR","","","","","","","","","","","","","","","","","","","","","","","","","","","","","","","0.0248","","","","","","false","","","3","","","A004","","","","","","","","","MNTH","","","","3","","","","","","","","","","false","1","","","","","","","","","","FALSE","","","","","","","","","QZ3HM9KVK2WL","NA/CDS Corp Idx","ITRAXX EUROPE CROSSOVER"
"3681995203000000101","","NEWT","TRAD","2026-06-15T16:03:24Z","","CR","","I","TRUE","2026-06-15T16:03:24Z","2026-06-16","2031-06-20","","","TWSF","FALSE","TRUE","","250,000,000+","","USD","","","","","","","","","","","","","","","","","","","","","","","","","0.01","","","","","","0.004965","","","","","","false","","","3","","","A004","","","","","","","","6283272.80014","MNTH","","","","3","","","","UFRO","USD","","","","","false","1","","","","","","","","","","FALSE","","","","","","","","","QZ3WVVQG5T8K","NA/CDS Corp Idx","CDX.NA.IG"
"3682263533000000401","","NEWT","TRAD","2026-06-15T16:19:28Z","","CR","","N","FALSE","2026-06-15T16:19:28Z","2025-09-22","2030-12-20","","FALSE","BILT","FALSE","FALSE","FALSE","15,000,000","","EUR","","","","","","","","","","","","","","","","","","","","","","","","","0.05","","","","","","","","","","","","false","","","","","","A004","","","","","","","","2288283.33000","MNTH","","","","3","","","","UFRO","EUR","EUR","","","","true","1","","","","","","","","","","FALSE","","","","","","","","","QZMGS84TQL5T","NA/CDS Corp Idx Tra","ITRAXX EUROPE CROSSOVER"
"3680952467000000101","","NEWT","TRAD","2026-06-15T13:24:14Z","","CR","","I","TRUE","2026-06-15T13:24:14Z","2026-06-16","2031-06-20","","FALSE","BBSF","FALSE","FALSE","","15,000,000","","EUR","","","","","","","","","","","","","","","","","","","","","","","","","0.01","","","","","","0.005124","","","","","","false","","","3","","","A004","","","","","","","","377442.00000","MNTH","","","","3","","","","UFRO","EUR","","","","","false","1","","","","","","","","","","FALSE","","","","","","","","","QZTQ4GTC5QMF","NA/CDS Corp Idx","ITRAXX EUROPE"
"3682411626000000101","3682380836000000201","MODI","TRAD","2026-06-15T16:26:29Z","TRUE","CR","","I","TRUE","2026-06-15T16:25:37Z","2026-03-20","2031-06-20","","FALSE","TPSE","FALSE","FALSE","","76,000,000+","","USD","","","","","","","","","","","","","","","","","","","","","","","","","0.05","","","","","","108.42","","USD","","","","false","","","1","","","A004","","","","","","","","","MNTH","","","","3","","","","","","USD","","","","false","0.99","","","","","","","OTHR","","","FALSE","","","","","","","","","QZHH8NT767RX","NA/CDS Corp Idx","CDX.NA.HY"
"3679566084000000101","","NEWT","TRAD","2026-06-15T10:42:11Z","","CR","","I","TRUE","2026-06-15T10:42:11Z","2026-06-16","2026-12-20","","FALSE","BBSF","FALSE","TRUE","","150,000,000","","EUR","","","","","","","","","","","","","","","","","","","","","","","","","0.01","","","","","","0.000498","","","","","","false","","","3","","","A004","","","","","","","","1104324.75000","MNTH","","","","3","","","","UFRO","EUR","","","","","false","1","","","","","","","","","","FALSE","","","","","","","","","QZVGDQ9GN00T","NA/CDS Corp Idx","ITRAXX EUROPE"
"3682432922000000401","","NEWT","TRAD","2026-06-15T16:28:34Z","","CR","","I","TRUE","2026-06-15T16:28:34Z","2026-06-16","2031-06-20","","","TWSF","FALSE","TRUE","","50,000,000","","USD","","","","","","","","","","","","","","","","","","","","","","","","","0.05","","","","","","0.0108425","","","","","","false","","","3","","","A004","","","","","","","","4775375.00000","MNTH","","","","3","","","","UFRO","USD","","","","","false","0.99","","","","","","","","","","FALSE","","","","","","","","","QZHH8NT767RX","NA/CDS Corp Idx","CDX.NA.HY"
"3679842203000000101","","NEWT","TRAD","2026-06-15T11:12:23Z","","CR","","I","TRUE","2026-06-15T11:12:23Z","2026-06-16","2031-06-20","","FALSE","BBSF","FALSE","FALSE","","10,000,000","","USD","","","","","","","","","","","","","","","","","","","","","","","","","0.05","","","","","","0.01084499","","","","","","false","","","3","","","A004","","","","","","","","957540.10000","MNTH","","","","3","","","","UFRO","USD","","","","","false","0.99","","","","","","","","","","FALSE","","","","","","","","","QZHH8NT767RX","NA/CDS Corp Idx","CDX.NA.HY"
"3682815751000000101","","NEWT","TRAD","2026-06-15T16:41:24Z","","CR","","I","TRUE","2026-06-15T16:41:24Z","2026-06-16","2031-06-20","","FALSE","BBSF","FALSE","FALSE","","25,000,000","","USD","","","","","","","","","","","","","","","","","","","","","","","","","0.05","","","","","","0.0108415","","","","","","false","","","3","","","A004","","","","","","","","2385212.50000","MNTH","","","","3","","","","UFRO","USD","","","","","false","0.99","","","","","","","","","","FALSE","","","","","","","","","QZHH8NT767RX","NA/CDS Corp Idx","CDX.NA.HY"
"3679523814000000101","","NEWT","TRAD","2026-06-15T10:39:25Z","","CR","","I","TRUE","2026-06-15T10:39:25Z","2026-06-16","2031-06-20","","FALSE","BBSF","FALSE","FALSE","","10,000,000","","EUR","","","","","","","","","","","","","","","","","","","","","","","","","0.01","","","","","","0.00512","","","","","","false","","","3","","","A004","","","","","","","","251818.09000","MNTH","","","","3","","","","UFRO","EUR","","","","","false","1","","","","","","","","","","FALSE","","","","","","","","","QZTQ4GTC5QMF","NA/CDS Corp Idx","ITRAXX EUROPE"
"3679386829000000101","","NEWT","TRAD","2026-06-15T10:18:07Z","","CR","","N","FALSE","2026-06-15T10:04:00Z","2026-07-15","2026-07-15","2031-06-20","FALSE","BILT","FALSE","FALSE","FALSE","300,000,000","","EUR","","","","","","","","","","","","","","","","","","","","","","","","2026-07-15","0.01","","36,000","EUR","","","","","","","0.0075","","false","","","","","3","A004","","","","","","","","","MNTH","","","","3","","","","","","","","","","false","","","","","","","","","","","TRUE","0.0001275","","3","","","","","","QZ8Z2HV2KGSW","NA/CDS Idx Swt","NA/CDS Corp Idx"
"3679013166000000201","","NEWT","TRAD","2026-06-15T10:03:22Z","","CR","","I","TRUE","2026-06-15T10:03:22Z","2026-03-20","2031-06-20","","FALSE","BGCD","FALSE","FALSE","","20,000,000","","EUR","","","","","","","","","","","","","","","","","","","","","","","","","","","","","","","0.0248375","","","","","","false","","","3","","","A004","","","","","","","","","MNTH","","","","3","","","","","","","","","","false","1","","","","","","","","","","TRUE","","","","0.001775","","3","","","QZ3HM9KVK2WL","NA/CDS Corp Idx","ITRAXX EUROPE CROSSOVER"
"3679021371000000101","","NEWT","TRAD","2026-06-15T10:03:50Z","","CR","","I","TRUE","2026-06-15T10:03:50Z","2026-06-16","2031-06-20","","FALSE","BBSF","FALSE","FALSE","","58,000,000","","EUR","","","","","","","","","","","","","","","","","","","","","","","","","0.01","","","","","","0.00512","","","","","","false","","","3","","","A004","","","","","","","","1460547.65468","MNTH","","","","3","","","","UFRO","EUR","","","","","false","1","","","","","","","","","","FALSE","","","","","","","","","QZTQ4GTC5QMF","NA/CDS Corp Idx","ITRAXX EUROPE"
"3679226684000000101","","NEWT","TRAD","2026-06-15T10:04:00Z","","CR","","N","FALSE","2026-06-15T10:04:00Z","2026-07-15","2026-07-15","2031-06-20","FALSE","BILT","FALSE","FALSE","FALSE","300,000,000","","EUR","","","","","","","","","","","","","","","","","","","","","","","","2026-07-15","0.01","","36,000","EUR","","","","","","","0.0075","","false","","","","","3","A004","","","","","","","","","MNTH","","","","3","","","","","","","","","","false","","","","","","","","","","","TRUE","0.0001275","","3","","","","","","QZ8Z2HV2KGSW","NA/CDS Idx Swt","NA/CDS Corp Idx"
"3680894791000000101","3680844774000000101","MODI","TRAD","2026-06-15T13:10:54Z","TRUE","CR","","I","FALSE","2026-06-15T07:50:00Z","2026-03-20","2031-06-20","","","BILT","FALSE","FALSE","TRUE","50,000,000+","","USD","","","","","","","","","","","","","","","","","","","","","","","","","0.01","","","","","","","","","","","","false","","","","","","A004","","","","","","","","757777.77600","MNTH","","","","3","","","","UFRO","USD","","","","","false","1","","","","","","","","","","FALSE","","","","","","","","","QZ39BZSFH68L","NA/CDS Sov Idx","CDX.EM"
"3682380836000000201","","NEWT","TRAD","2026-06-15T16:25:37Z","","CR","","I","TRUE","2026-06-15T16:25:37Z","2026-03-20","2031-06-20","","FALSE","TPSE","FALSE","FALSE","","76,000,000+","","USD","","","","","","","","","","","","","","","","","","","","","","","","","0.05","","","","","","108.42","","USD","","","","false","","","1","","","A004","","","","","","","","","MNTH","","","","3","","","","","","USD","","","","false","0.99","","","","","","","OTHR","","","FALSE","","","","","","","","","QZHH8NT767RX","NA/CDS Corp Idx","CDX.NA.HY"
"3680992672000000201","","NEWT","TRAD","2026-06-15T13:29:11Z","","CR","","I","TRUE","2026-06-15T13:29:11Z","2026-06-16","2031-06-20","","FALSE","BBSF","FALSE","FALSE","","93,000,000","","EUR","","","","","","","","","","","","","","","","","","","","","","","","","0.01","","","","","","0.005125","","","","","","false","","","3","","","A004","","","","","","","","2339698.41000","MNTH","","","","3","","","","UFRO","EUR","","","","","false","1","","","","","","","","","","FALSE","","","","","","","","","QZTQ4GTC5QMF","NA/CDS Corp Idx","ITRAXX EUROPE"
"3681010736000000201","","NEWT","TRAD","2026-06-15T13:31:01Z","","CR","","I","TRUE","2026-06-15T13:31:01Z","2026-06-16","2031-06-20","","","TWSF","FALSE","FALSE","","18,000,000","","EUR","","","","","","","","","","","","","","","","","","","","","","","","","0.01","","","","","","0.005123","","","","","","false","","","3","","","A004","","","","","","","","453016.56250","MNTH","","","","3","","","","UFRO","EUR","","","","","false","1","","","","","","","","","","FALSE","","","","","","","","","QZTQ4GTC5QMF","NA/CDS Corp Idx","ITRAXX EUROPE"
"3680792904000000101","3651818900000000101","CORR","","2026-06-15T13:05:27Z","","CR","","N","FALSE","2026-06-12T12:21:00Z","2026-03-20","2031-06-20","","FALSE","BILT","FALSE","TRUE","TRUE","120,000,000","","EUR","","","","","","","","","","","","","","","","","","","","","","","","","0.01","","","","","","","","","","","","false","","","","","","A004","","","","","","","","","MNTH","","","","3","","","","","","EUR","","","","false","1","","","","","","","","","","FALSE","","","","","","","","","QZ5GD86QBKCC","NA/CDS Corp Idx","ITRAXX EUROPE SUB FINANCIALS"
"3681047280000000301","","NEWT","TRAD","2026-06-15T13:33:53Z","","CR","","I","TRUE","2026-06-15T13:33:53Z","2026-06-16","2031-06-20","","FALSE","BBSF","FALSE","FALSE","","25,000,000","","USD","","","","","","","","","","","","","","","","","","","","","","","","","0.05","","","","","","0.01084304","","","","","","false","","","3","","","A004","","","","","","","","2389024.00000","MNTH","","","","3","","","","UFRO","USD","","","","","false","0.99","","","","","","","","","","FALSE","","","","","","","","","QZHH8NT767RX","NA/CDS Corp Idx","CDX.NA.HY"
"3681049180000000101","","NEWT","TRAD","2026-06-15T13:34:12Z","","CR","","N","FALSE","2026-06-15T13:34:12Z","2026-06-15","2031-06-20","","FALSE","BILT","FALSE","FALSE","FALSE","15,000,000","","EUR","","","","","","","","","","","","","","","","","","","","","","","","","0.01","","","","","","","","","","","","false","","","","","","A004","","","","","","","","2810333.33000","MNTH","","","","3","","","","UFRO","EUR","","","","","false","1","","","","","","","","","","FALSE","","","","","","","","","QZK147RW4P3W","NA/CDS Corp Idx Tra","ITRAXX EUROPE"
"3670059969000000101","","NEWT","TRAD","2026-06-15T06:44:02Z","","CR","","I","TRUE","2026-06-15T06:44:02Z","2026-06-16","2031-06-20","","FALSE","BBSF","FALSE","FALSE","","5,000,000","","EUR","","","","","","","","","","","","","","","","","","","","","","","","","0.01","","","","","","0.0051123","","","","","","false","","","3","","","A004","","","","","","","","126092.02000","MNTH","","","","3","","","","UFRO","EUR","","","","","false","1","","","","","","","","","","FALSE","","","","","","","","","QZTQ4GTC5QMF","NA/CDS Corp Idx","ITRAXX EUROPE"
"3671363920000000201","","NEWT","TRAD","2026-06-15T07:20:44Z","","CR","","I","TRUE","2026-06-15T07:20:44Z","2026-06-16","2031-06-20","","","TWSF","FALSE","FALSE","","50,000,000","","EUR","","","","","","","","","","","","","","","","","","","","","","","","","0.01","","","","","","0.005103","","","","","","false","","","3","","","A004","","","","","","","","1263130.37000","MNTH","","","","3","","","","UFRO","EUR","","","","","false","1","","","","","","","","","","FALSE","","","","","","","","","QZTQ4GTC5QMF","NA/CDS Corp Idx","ITRAXX EUROPE"
"3671363919000000101","","NEWT","TRAD","2026-06-15T07:20:20Z","","CR","","I","TRUE","2026-06-15T07:20:20Z","2026-06-16","2031-06-20","","FALSE","BBSF","FALSE","FALSE","","5,000,000","","EUR","","","","","","","","","","","","","","","","","","","","","","","","","0.05","","","","","","0.024776","","","","","","false","","","3","","","A004","","","","","","","","603872.18000","MNTH","","","","3","","","","UFRO","EUR","","","","","false","1","","","","","","","","","","FALSE","","","","","","","","","QZ3HM9KVK2WL","NA/CDS Corp Idx","ITRAXX EUROPE CROSSOVER"
"3671947381000000101","","NEWT","TRAD","2026-06-15T07:38:13Z","","CR","","I","TRUE","2026-06-15T07:38:13Z","2026-06-16","2030-12-20","","","TWSF","FALSE","FALSE","","10,000","","EUR","","","","","","","","","","","","","","","","","","","","","","","","","0.01","","","","","","0.00462","","","","","","false","","","3","","","A004","","","","","","","","252.55000","MNTH","","","","3","","","","UFRO","EUR","","","","","false","1","","","","","","","","","","FALSE","","","","","","","","","QZFB31MBHLT9","NA/CDS Corp Idx","ITRAXX EUROPE"
"3671991848000000101","","NEWT","TRAD","2026-06-15T07:40:56Z","","CR","","I","TRUE","2026-06-15T07:40:56Z","2026-06-16","2031-06-20","","FALSE","BBSF","FALSE","FALSE","","23,000,000","","EUR","","","","","","","","","","","","","","","","","","","","","","","","","0.05","","","","","","0.02476695","","","","","","false","","","3","","","A004","","","","","","","","2778797.83000","MNTH","","","","3","","","","UFRO","EUR","","","","","false","1","","","","","","","","","","FALSE","","","","","","","","","QZ3HM9KVK2WL","NA/CDS Corp Idx","ITRAXX EUROPE CROSSOVER"
"3681519793000000301","3681517162000000101","MODI","TRAD","2026-06-15T15:10:16Z","TRUE","CR","","I","TRUE","2026-06-15T15:09:31Z","2026-03-20","2031-06-20","","FALSE","TPSE","FALSE","FALSE","","50,000,000","","USD","","","","","","","","","","","","","","","","","","","","","","","","","0.01","","","","","","0.0049888","","","","","","false","","","3","","","A004","","","","","","","","","MNTH","","","","3","","","","","","USD","","","","false","1","","","","","","","OTHR","","","FALSE","","","","","","","","","QZ3WVVQG5T8K","NA/CDS Corp Idx","CDX.NA.IG"
"3686165370000000101","","NEWT","TRAD","2026-06-15T20:09:16Z","","CR","","I","TRUE","2026-06-15T20:09:16Z","2026-06-16","2031-06-20","","FALSE","BBSF","FALSE","FALSE","","4,000,000","","USD","","","","","","","","","","","","","","","","","","","","","","","","","0.01","","","","","","0.004984803","","","","","","false","","","3","","","A004","","","","","","","","100168.58000","MNTH","","","","3","","","","UFRO","USD","","","","","false","1","","","","","","","","","","FALSE","","","","","","","","","QZ3WVVQG5T8K","NA/CDS Corp Idx","CDX.NA.IG"
"3686392604000000101","","NEWT","TRAD","2026-06-15T20:23:37Z","","CR","","I","TRUE","2026-06-15T20:23:37Z","2026-03-20","2031-06-20","","FALSE","TPSE","FALSE","FALSE","","10,000,000","","USD","","","","","","","","","","","","","","","","","","","","","","","","","0.05","","","","","","108.3675","","USD","","","","false","","","1","","","A004","","","","","","","","","MNTH","","","","3","","","","","","USD","","","","false","0.99","","","","","","","OTHR","","","FALSE","","","","","","","","","QZHH8NT767RX","NA/CDS Corp Idx","CDX.NA.HY"
"3686033069000000201","","NEWT","TRAD","2026-06-15T20:00:17Z","","CR","","N","FALSE","2026-06-15T20:00:17Z","2026-06-16","2026-06-20","2026-06-20","FALSE","BILT","FALSE","FALSE","TRUE","50,000,000","","USD","","","","","","","","","","","","","","","","","","","","","","","","","","","","","","","","","","","","","false","","","","","","A004","","","","","","","","444090.99000","MNTH","","","","3","","","","UFRO","USD","","","","","false","1","","","","","","","","","","FALSE","","","","","","","","","QZ9206MF0QMZ","NA/CDS Corp Idx","IBOXX USD LIQUID IG"
"3686551747000000101","","NEWT","TRAD","2026-06-15T20:28:58Z","","CR","","I","TRUE","2026-06-15T20:28:58Z","2026-06-16","2031-06-20","","FALSE","BBSF","FALSE","FALSE","","35,000,000","","USD","","","","","","","","","","","","","","","","","","","","","","","","","0.05","","","","","","0.010838","","","","","","false","","","3","","","A004","","","","","","","","3327170.00000","MNTH","","","","3","","","","UFRO","USD","","","","","false","0.99","","","","","","","","","","FALSE","","","","","","","","","QZHH8NT767RX","NA/CDS Corp Idx","CDX.NA.HY"
"3681418583000000101","","NEWT","TRAD","2026-06-15T14:45:55Z","","CR","","I","TRUE","2026-06-15T14:45:55Z","2026-03-20","2031-06-20","","","TREU","FALSE","FALSE","FALSE","7,000,000","","USD","","","","","","","","","","","","","","","","","","","","","","","","","0.01","","","","","","","","","","","","false","","","","","","A004","","","","","","","","175160.60503","MNTH","","","","3","","","","UFRO","USD","","","","","false","1","","","","","","","","","","FALSE","","","","","","","","","QZ3WVVQG5T8K","NA/CDS Corp Idx","CDX.NA.IG"
"3681436927000000101","","NEWT","TRAD","2026-06-15T14:52:51Z","","CR","","I","TRUE","2026-06-15T14:52:51Z","2026-06-16","2031-06-20","","FALSE","BBSF","FALSE","FALSE","","50,000,000","","USD","","","","","","","","","","","","","","","","","","","","","","","","","0.01","","","","","","0.004991","","","","","","false","","","3","","","A004","","","","","","","","1250682.77000","MNTH","","","","3","","","","UFRO","USD","","","","","false","1","","","","","","","","","","FALSE","","","","","","","","","QZ3WVVQG5T8K","NA/CDS Corp Idx","CDX.NA.IG"
"3681324202000000101","","NEWT","TRAD","2026-06-15T14:27:55Z","","CR","","I","FALSE","2026-06-15T14:27:55Z","2024-09-20","2029-12-20","","","BGCO","FALSE","FALSE","TRUE","14,000,000","","EUR","","","","","","","","","","","","","","","","","","","","","","","","","0.05","","","","","","","","","","","","false","","","","","","A004","","","","","","","","1513114.06880","MNTH","","","","3","","","","UFRO","EUR","","","","","false","0.95999","","","","","","","","","","TRUE","","","","60","","4","","","QZC9WN4TPTDV","NA/CDS Corp Idx","ITRAXX EUROPE CROSSOVER"
"3681343367000000801","","NEWT","TRAD","2026-06-15T14:27:58Z","","CR","","N","FALSE","2026-06-15T14:27:58Z","2026-07-15","2026-07-15","","FALSE","BILT","FALSE","FALSE","TRUE","345,719,991+","","EUR","","","","","","","","","","","","","","","","","","","","","","","","2026-07-15","","","103,716","EUR","","","","","","","0.05","","false","","","","","3","A004","","","","","","","","0.00000","MNTH","","","","3","","","","UFRO","EUR","","","","","false","","","","","","","","","","","FALSE","","","","","","","","","QZWDX55NJN4V","NA/CDS Idx Swt","NA/CDS Corp Idx"
"3681422138000000101","","NEWT","TRAD","2026-06-15T14:49:46Z","","CR","","I","TRUE","2026-06-15T14:49:46Z","2026-06-16","2030-06-20","","FALSE","BBSF","FALSE","TRUE","","100,000,000","","EUR","","","","","","","","","","","","","","","","","","","","","","","","","0.05","","","","","","0.018425","","","","","","false","","","3","","","A004","","","","","","","","12354308.63000","MNTH","","","","3","","","","UFRO","EUR","","","","","false","0.97332","","","","","","","","","","TRUE","","","","0.0064","","3","","","QZ4NJT4ZGXSR","NA/CDS Corp Idx","ITRAXX EUROPE CROSSOVER"
"3681383063000000101","","NEWT","TRAD","2026-06-15T14:39:05Z","","CR","","N","FALSE","2026-06-15T14:39:05Z","2026-06-15","2026-09-16","2031-06-20","FALSE","BILT","FALSE","FALSE","TRUE","200,000,000","","USD","","","","","","","","","","","","","","","","","","","","","","","","2026-09-16","0.05","","565,488","USD","","","","","","","0.01025","","false","","","","","3","A004","","","","","","","","","MNTH","","","","3","","","","","","","","","","false","0.99","","","","","","","","","","FALSE","","","","","","","","","QZHJMSG8W2ZX","NA/CDS Idx Swt","NA/CDS Corp Idx"
"3681369858000000301","","NEWT","TRAD","2026-06-15T14:36:37Z","","CR","","N","FALSE","2026-06-12T14:34:13Z","2026-06-12","2026-08-19","2031-06-20","TRUE","BILT","FALSE","FALSE","TRUE","38,000,000","","USD","","","","","","","","","","","","","","","","","","","","","","","","2026-08-19","0.01","","36,859.87875","USD","","","","","","","0.00575","","false","","","","","3","A004","","","","","","","","","MNTH","","","","3","","","","","","","","","","false","1","","","","","","","","","","FALSE","","","","","","","","","QZDRFGQM4073","NA/CDS Idx Swt","NA/CDS Corp Idx"
"3679892686000000301","","NEWT","TRAD","2026-06-15T11:21:58Z","","CR","","I","TRUE","2026-06-15T11:21:58Z","2026-06-16","2031-06-20","","FALSE","BBSF","FALSE","TRUE","","130,000,000","","EUR","","","","","","","","","","","","","","","","","","","","","","","","","0.01","","","","","","0.0051035","","","","","","false","","","3","","","A004","","","","","","","","3283830.01440","MNTH","","","","3","","","","UFRO","EUR","","","","","false","1","","","","","","","","","","FALSE","","","","","","","","","QZTQ4GTC5QMF","NA/CDS Corp Idx","ITRAXX EUROPE"
"3681513703000000101","","NEWT","TRAD","2026-06-15T15:08:44Z","","CR","","I","TRUE","2026-06-15T15:08:44Z","2026-06-16","2031-06-20","","FALSE","BBSF","FALSE","FALSE","","20,000,000","","USD","","","","","","","","","","","","","","","","","","","","","","","","","0.01","","","","","","0.00498833","","","","","","false","","","3","","","A004","","","","","","","","500518.59000","MNTH","","","","3","","","","UFRO","USD","","","","","false","1","","","","","","","","","","FALSE","","","","","","","","","QZ3WVVQG5T8K","NA/CDS Corp Idx","CDX.NA.IG"
"3681559662000000101","","NEWT","TRAD","2026-06-15T15:15:56Z","","CR","","I","TRUE","2026-06-15T15:15:56Z","2026-06-16","2031-06-20","","FALSE","BBSF","FALSE","FALSE","","330,000","","USD","","","","","","","","","","","","","","","","","","","","","","","","","0.05","","","","","","0.01083775","","","","","","false","","","3","","","A004","","","","","","","","31362.29000","MNTH","","","","3","","","","UFRO","USD","","","","","false","0.99","","","","","","","","","","FALSE","","","","","","","","","QZHH8NT767RX","NA/CDS Corp Idx","CDX.NA.HY"
"3681556635000000201","","NEWT","TRAD","2026-06-15T15:15:04Z","","CR","","I","TRUE","2026-06-15T15:15:04Z","2026-06-16","2031-06-20","","FALSE","BBSF","FALSE","FALSE","","2,000,000","","USD","","","","","","","","","","","","","","","","","","","","","","","","","0.01","","","","","","0.004986","","","","","","false","","","3","","","A004","","","","","","","","50073.08114","MNTH","","","","3","","","","UFRO","USD","","","","","false","1","","","","","","","","","","FALSE","","","","","","","","","QZ3WVVQG5T8K","NA/CDS Corp Idx","CDX.NA.IG"
"3681572259000000201","696175605","TERM","ETRM","2026-06-15T14:49:25Z","","CR","","N","FALSE","2023-06-15T14:23:50Z","2023-06-16","2026-06-16","","TRUE","XOFF","FALSE","FALSE","TRUE","400,000,000+","","USD","","","","","","","","","","","","","","","","","","","","","","","","","","","","","","","0.002","","","","","","false","","","3","","","","","A004","","","","","","130393814.20666","","EXPI","","","","1","","","UWIN","USD","USD","","","","false","","","","","","","","","","","FALSE","","","","","","","","","QZHCK9H50D1C","NA/CDS Corp SN","DTD 05/15/2022"
"3681582733000000501","","NEWT","TRAD","2026-06-15T15:21:50Z","","CR","","I","TRUE","2026-06-15T15:21:50Z","2026-06-16","2031-06-20","","FALSE","BBSF","FALSE","FALSE","","10,000,000","","USD","","","","","","","","","","","","","","","","","","","","","","","","","0.05","","","","","","0.010837785","","","","","","false","","","3","","","A004","","","","","","","","950407.15000","MNTH","","","","3","","","","UFRO","USD","","","","","false","0.99","","","","","","","","","","FALSE","","","","","","","","","QZHH8NT767RX","NA/CDS Corp Idx","CDX.NA.HY"
"3681605714000000501","","NEWT","TRAD","2026-06-15T15:27:47Z","","CR","","I","TRUE","2026-06-15T15:27:47Z","2026-06-16","2031-06-20","","FALSE","BBSF","FALSE","FALSE","","140,000,000","","USD","","","","","","","","","","","","","","","","","","","","","","","","","0.01","","","","","","0.0049898","","","","","","false","","","3","","","A004","","","","","","","","3502684.06000","MNTH","","","","3","","","","UFRO","USD","","","","","false","1","","","","","","","","","","FALSE","","","","","","","","","QZ3WVVQG5T8K","NA/CDS Corp Idx","CDX.NA.IG"
"3681608128000000101","","NEWT","TRAD","2026-06-15T15:27:00Z","","CR","","I","FALSE","2026-06-15T15:27:00Z","2026-03-20","2031-06-20","2031-06-20","FALSE","BMTF","FALSE","FALSE","FALSE","5,000,000","","USD","","","","","","","","","","","","","","","","","","","","","","","","","0.01","","","","","","","","","","","","false","","","","","","A004","","","","","","","","125102.82000","MNTH","","","","3","","","","UFRO","USD","","","","","false","1","","","","","","","","","","FALSE","","","","","","","","","QZ3WVVQG5T8K","NA/CDS Corp Idx","CDX.NA.IG"
"3681556634000000101","","NEWT","TRAD","2026-06-15T15:15:02Z","","CR","","I","TRUE","2026-06-15T15:15:02Z","2026-06-16","2031-06-20","","FALSE","BBSF","FALSE","TRUE","","39,000,000","","EUR","","","","","","","","","","","","","","","","","","","","","","","","","0.05","","","","","","0.02480465","","","","","","false","","","3","","","A004","","","","","","","","4704907.22438","MNTH","","","","3","","","","UFRO","EUR","","","","","false","1","","","","","","","","","","FALSE","","","","","","","","","QZ3HM9KVK2WL","NA/CDS Corp Idx","ITRAXX EUROPE CROSSOVER"
"3669769181000000101","","NEWT","TRAD","2026-06-15T06:30:16Z","","CR","","I","TRUE","2026-06-15T06:30:16Z","2026-06-16","2031-06-20","","FALSE","BBSF","FALSE","TRUE","","46,672,199+","","EUR","","","","","","","","","","","","","","","","","","","","","","","","","0.05","","","","","","0.024725","","","","","","false","","","3","","","A004","","","","","","","","5648059.38674","MNTH","","","","3","","","","UFRO","EUR","","","","","false","1","","","","","","","","","","FALSE","","","","","","","","","QZ3HM9KVK2WL","NA/CDS Corp Idx","ITRAXX EUROPE CROSSOVER"
"3670137719000000101","","NEWT","TRAD","2026-06-15T06:46:47Z","","CR","","I","FALSE","2026-06-15T06:46:47Z","2026-03-20","2031-06-20","","","BGCO","FALSE","FALSE","FALSE","25,000,000","","EUR","","","","","","","","","","","","","","","","","","","","","","","","","0.01","","","","","","","","","","","","false","","","","","","A004","","","","","","","","628951.00000","MNTH","","","","3","","","","UFRO","EUR","","","","","false","1","","","","","","","","","","FALSE","","","","","","","","","QZTQ4GTC5QMF","NA/CDS Corp Idx","ITRAXX EUROPE"
"3680086088000000101","","NEWT","TRAD","2026-06-15T11:54:05Z","","CR","","I","TRUE","2026-06-15T11:54:05Z","2026-06-16","2031-06-20","","FALSE","BBSF","FALSE","FALSE","","75,000,000","","EUR","","","","","","","","","","","","","","","","","","","","","","","","","0.01","","","","","","0.005104","","","","","","false","","","3","","","A004","","","","","","","","1894339.07000","MNTH","","","","3","","","","UFRO","EUR","","","","","false","1","","","","","","","","","","FALSE","","","","","","","","","QZTQ4GTC5QMF","NA/CDS Corp Idx","ITRAXX EUROPE"
"3670059971000000301","","NEWT","TRAD","2026-06-15T06:44:20Z","","CR","","I","TRUE","2026-06-15T06:44:20Z","2026-06-16","2031-06-20","","FALSE","BBSF","FALSE","TRUE","","46,672,199+","","EUR","","","","","","","","","","","","","","","","","","","","","","","","","0.05","","","","","","0.0249125","","","","","","false","","","3","","","A004","","","","","","","","5606629.32442","MNTH","","","","3","","","","UFRO","EUR","","","","","false","1","","","","","","","","","","FALSE","","","","","","","","","QZ3HM9KVK2WL","NA/CDS Corp Idx","ITRAXX EUROPE CROSSOVER"
"3682542419000000101","","NEWT","TRAD","2026-06-15T16:32:35Z","","CR","","I","TRUE","2026-06-15T16:32:35Z","2026-06-16","2031-06-20","","FALSE","BBSF","FALSE","FALSE","","6,000,000","","USD","","","","","","","","","","","","","","","","","","","","","","","","","0.05","","","","","","0.0108425","","","","","","false","","","3","","","A004","","","","","","","","573045.00000","MNTH","","","","3","","","","UFRO","USD","","","","","false","0.99","","","","","","","","","","FALSE","","","","","","","","","QZHH8NT767RX","NA/CDS Corp Idx","CDX.NA.HY"
"3680535220000000101","","NEWT","TRAD","2026-06-15T12:40:23Z","","CR","","I","TRUE","2026-06-15T12:40:23Z","2026-06-16","2031-06-20","","","TWSF","FALSE","FALSE","","67,000,000","","EUR","","","","","","","","","","","","","","","","","","","","","","","","","0.01","","","","","","0.0051133","","","","","","false","","","3","","","A004","","","","","","","","1689314.68000","MNTH","","","","3","","","","UFRO","EUR","","","","","false","1","","","","","","","","","","FALSE","","","","","","","","","QZTQ4GTC5QMF","NA/CDS Corp Idx","ITRAXX EUROPE"
"3679677319000000101","","NEWT","TRAD","2026-06-15T10:50:30Z","","CR","","I","TRUE","2026-06-15T10:50:30Z","2026-06-16","2031-06-20","","","TWSF","FALSE","FALSE","","4,000,000","","EUR","","","","","","","","","","","","","","","","","","","","","","","","","0.05","","","","","","0.0248074","","","","","","false","","","3","","","A004","","","","","","","","482503.28016","MNTH","","","","3","","","","UFRO","EUR","","","","","false","1","","","","","","","","","","FALSE","","","","","","","","","QZ3HM9KVK2WL","NA/CDS Corp Idx","ITRAXX EUROPE CROSSOVER"
"3672866527000000101","","NEWT","TRAD","2026-06-15T08:00:32Z","","CR","","I","FALSE","2026-06-15T08:00:32Z","2026-06-16","2031-06-20","","","TWSF","FALSE","TRUE","","140,000,000","","EUR","","","","","","","","","","","","","","","","","","","","","","","","","0.01","","","","","","0.0051125","","","","","","false","","","3","","","A004","","","","","","","","3530443.59000","MNTH","","","","3","","","","UFRO","EUR","","","","","false","1","","","","","","","","","","TRUE","","","","0.0051125","","3","","","QZTQ4GTC5QMF","NA/CDS Corp Idx","ITRAXX EUROPE"
"3680288358000000101","3680274089000000201","MODI","TRAD","2026-06-15T12:22:35Z","TRUE","CR","","I","TRUE","2026-06-15T12:22:15Z","2026-03-20","2031-06-20","","FALSE","TPSE","FALSE","FALSE","","50,000,000","","USD","","","","","","","","","","","","","","","","","","","","","","","","","0.01","","","","","","0.004995","","","","","","false","","","3","","","A004","","","","","","","","","MNTH","","","","3","","","","","","USD","","","","false","1","","","","","","","OTHR","","","FALSE","","","","","","","","","QZ3WVVQG5T8K","NA/CDS Corp Idx","CDX.NA.IG"
"3680265771000000201","","NEWT","TRAD","2026-06-15T12:20:27Z","","CR","","I","TRUE","2026-06-15T12:20:27Z","2026-06-16","2031-06-20","","FALSE","BBSF","FALSE","FALSE","","130,000,000","","USD","","","","","","","","","","","","","","","","","","","","","","","","","0.01","","","","","","0.004996","","","","","","false","","","3","","","A004","","","","","","","","3248787.15200","MNTH","","","","3","","","","UFRO","USD","","","","","false","1","","","","","","","","","","FALSE","","","","","","","","","QZ3WVVQG5T8K","NA/CDS Corp Idx","CDX.NA.IG"
"3680236352000000101","","NEWT","TRAD","2026-06-15T12:15:18Z","","CR","","I","TRUE","2026-06-15T12:15:18Z","2026-06-16","2031-06-20","","FALSE","BBSF","FALSE","FALSE","","5,000,000","","USD","","","","","","","","","","","","","","","","","","","","","","","","","0.01","","","","","","0.004988","","","","","","false","","","3","","","A004","","","","","","","","125137.04387","MNTH","","","","3","","","","UFRO","USD","","","","","false","1","","","","","","","","","","FALSE","","","","","","","","","QZ3WVVQG5T8K","NA/CDS Corp Idx","CDX.NA.IG"
"3680171368000000201","","NEWT","TRAD","2026-06-15T12:07:07Z","","CR","","I","TRUE","2026-06-15T12:07:07Z","2026-06-16","2031-06-20","","FALSE","BBSF","FALSE","TRUE","","164,216,996+","","EUR","","","","","","","","","","","","","","","","","","","","","","","","","0.01","","","","","","0.0050937","","","","","","false","","","3","","","A004","","","","","","","","4155821.64265","MNTH","","","","3","","","","UFRO","EUR","","","","","false","1","","","","","","","","","","TRUE","","","","0.002379","","3","","","QZTQ4GTC5QMF","NA/CDS Corp Idx","ITRAXX EUROPE"
"3680046032000000101","","NEWT","TRAD","2026-06-15T11:35:18Z","","CR","","N","FALSE","2026-06-15T11:35:18Z","2026-08-19","2026-08-19","2031-06-20","FALSE","BILT","FALSE","FALSE","FALSE","150,000,000","","EUR","","","","","","","","","","","","","","","","","","","","","","","","2026-08-19","0.05","","2,439,000","EUR","","","","","","","0.02875","","false","","","","","3","A004","","","","","","","","","MNTH","","","","3","","","","","","","","","","false","","","","","","","","","","","FALSE","","","","","","","","","QZ3DGP47G9ZX","NA/CDS Idx Swt","NA/CDS Corp Idx"
"3680027006000000101","","NEWT","TRAD","2026-06-15T11:45:20Z","","CR","","I","FALSE","2026-06-15T11:45:20Z","2026-06-16","2031-06-20","","","TWSF","FALSE","FALSE","","25,000,000","","USD","","","","","","","","","","","","","","","","","","","","","","","","","0.01","","","","","","0.009826","","","","","","false","","","3","","","A004","","","","","","","","373888.89000","MNTH","","","","3","","","","UFRO","USD","","","","","false","1","","","","","","","","","","FALSE","","","","","","","","","QZ4JMQKL3P03","NA/CDS Corp Idx","CDX.EM"
"3673932734000000101","","NEWT","TRAD","2026-06-15T08:14:29Z","","CR","","I","TRUE","2026-06-15T08:14:29Z","2026-06-16","2031-06-20","","FALSE","BBSF","FALSE","FALSE","","25,000,000","","EUR","","","","","","","","","","","","","","","","","","","","","","","","","0.05","","","","","","0.0248423","","","","","","false","","","3","","","A004","","","","","","","","3011513.17000","MNTH","","","","3","","","","UFRO","EUR","","","","","false","1","","","","","","","","","","FALSE","","","","","","","","","QZ3HM9KVK2WL","NA/CDS Corp Idx","ITRAXX EUROPE CROSSOVER"
"3680585697000000101","","NEWT","TRAD","2026-06-15T12:44:13Z","","CR","","I","TRUE","2026-06-15T12:44:13Z","2026-06-16","2031-06-20","","FALSE","BBSF","FALSE","FALSE","","5,000,000","","USD","","","","","","","","","","","","","","","","","","","","","","","","","0.05","","","","","","0.010839","","","","","","false","","","3","","","A004","","","","","","","","475805.00000","MNTH","","","","3","","","","UFRO","USD","","","","","false","0.99","","","","","","","","","","FALSE","","","","","","","","","QZHH8NT767RX","NA/CDS Corp Idx","CDX.NA.HY"
"3680645726000000201","","NEWT","TRAD","2026-06-15T12:48:15Z","","CR","","I","TRUE","2026-06-15T12:48:15Z","2026-06-16","2031-06-20","","FALSE","BBSF","FALSE","TRUE","","46,672,199+","","EUR","","","","","","","","","","","","","","","","","","","","","","","","","0.05","","","","","","0.0248107","","","","","","false","","","3","","","A004","","","","","","","","5629139.75214","MNTH","","","","3","","","","UFRO","EUR","","","","","false","1","","","","","","","","","","FALSE","","","","","","","","","QZ3HM9KVK2WL","NA/CDS Corp Idx","ITRAXX EUROPE CROSSOVER"
"3680759153000000101","","NEWT","TRAD","2026-06-15T13:01:04Z","","CR","","I","TRUE","2026-06-15T13:01:04Z","2026-06-16","2031-06-20","","FALSE","BBSF","FALSE","FALSE","","10,000,000","","USD","","","","","","","","","","","","","","","","","","","","","","","","","0.05","","","","","","0.01083902","","","","","","false","","","3","","","A004","","","","","","","","951629.80000","MNTH","","","","3","","","","UFRO","USD","","","","","false","0.99","","","","","","","","","","FALSE","","","","","","","","","QZHH8NT767RX","NA/CDS Corp Idx","CDX.NA.HY"
"3680729833000000301","","NEWT","TRAD","2026-06-15T12:57:53Z","","CR","","I","TRUE","2026-06-15T12:57:53Z","2026-06-16","2031-06-20","","","TWSF","FALSE","FALSE","","5,000,000","","EUR","","","","","","","","","","","","","","","","","","","","","","","","","0.05","","","","","","0.024788","","","","","","false","","","3","","","A004","","","","","","","","603588.04000","MNTH","","","","3","","","","UFRO","EUR","","","","","false","1","","","","","","","","","","FALSE","","","","","","","","","QZ3HM9KVK2WL","NA/CDS Corp Idx","ITRAXX EUROPE CROSSOVER"
"3680297484000000201","","NEWT","TRAD","2026-06-15T12:23:32Z","","CR","","I","TRUE","2026-06-15T12:23:32Z","2026-06-16","2031-06-20","","FALSE","BBSF","FALSE","TRUE","","200,000,000","","USD","","","","","","","","","","","","","","","","","","","","","","","","","0.01","","","","","","0.004994","","","","","","false","","","3","","","A004","","","","","","","","4999972.85000","MNTH","","","","3","","","","UFRO","USD","","","","","false","1","","","","","","","","","","FALSE","","","","","","","","","QZ3WVVQG5T8K","NA/CDS Corp Idx","CDX.NA.IG"
"3680452695000000201","","NEWT","TRAD","2026-06-15T12:34:23Z","","CR","","I","TRUE","2026-06-15T12:34:23Z","2026-06-16","2031-06-20","","FALSE","BBSF","FALSE","FALSE","","100,000,000","","EUR","","","","","","","","","","","","","","","","","","","","","","","","","0.01","","","","","","0.0051032","","","","","","false","","","3","","","A004","","","","","","","","2526165.68000","MNTH","","","","3","","","","UFRO","EUR","","","","","false","1","","","","","","","","","","FALSE","","","","","","","","","QZTQ4GTC5QMF","NA/CDS Corp Idx","ITRAXX EUROPE"
"3679897854000000301","","NEWT","TRAD","2026-06-15T11:23:10Z","","CR","","I","TRUE","2026-06-15T11:23:10Z","2026-06-16","2031-06-20","","FALSE","BBSF","FALSE","FALSE","","5,000,000","","USD","","","","","","","","","","","","","","","","","","","","","","","","","0.05","","","","","","0.01084775","","","","","","false","","","3","","","A004","","","","","","","","480136.25000","MNTH","","","","3","","","","UFRO","USD","","","","","false","0.99","","","","","","","","","","FALSE","","","","","","","","","QZHH8NT767RX","NA/CDS Corp Idx","CDX.NA.HY"
"3679897852000000101","","NEWT","TRAD","2026-06-15T11:23:09Z","","CR","","I","TRUE","2026-06-15T11:23:09Z","2026-06-16","2031-06-20","","","TWSF","FALSE","FALSE","","50,000,000","","USD","","","","","","","","","","","","","","","","","","","","","","","","","0.01","","","","","","0.004978","","","","","","false","","","3","","","A004","","","","","","","","1253671.02000","MNTH","","","","3","","","","UFRO","USD","","","","","false","1","","","","","","","","","","FALSE","","","","","","","","","QZ3WVVQG5T8K","NA/CDS Corp Idx","CDX.NA.IG"
"3679886312000000101","","NEWT","TRAD","2026-06-15T11:20:32Z","","CR","","I","TRUE","2026-06-15T11:20:32Z","2026-06-16","2031-06-20","","FALSE","BBSF","FALSE","FALSE","","20,000,000","","EUR","","","","","","","","","","","","","","","","","","","","","","","","","0.01","","","","","","0.005105","","","","","","false","","","3","","","A004","","","","","","","","505062.02000","MNTH","","","","3","","","","UFRO","EUR","","","","","false","1","","","","","","","","","","FALSE","","","","","","","","","QZTQ4GTC5QMF","NA/CDS Corp Idx","ITRAXX EUROPE"
"3679901300000000301","","NEWT","TRAD","2026-06-15T11:23:40Z","","CR","","I","TRUE","2026-06-15T11:23:40Z","2026-06-16","2031-06-20","","","TWSF","FALSE","FALSE","","10,000,000","","USD","","","","","","","","","","","","","","","","","","","","","","","","","0.05","","","","","","0.01084798","","","","","","false","","","3","","","A004","","","","","","","","960500.20000","MNTH","","","","3","","","","UFRO","USD","","","","","false","0.99","","","","","","","","","","FALSE","","","","","","","","","QZHH8NT767RX","NA/CDS Corp Idx","CDX.NA.HY"
"3669728519000000101","","NEWT","TRAD","2026-06-15T06:10:36Z","","CR","","I","FALSE","2026-06-15T06:10:36Z","2026-03-20","2031-06-20","","FALSE","BILT","FALSE","FALSE","TRUE","4,000,000","","USD","","","","","","","","","","","","","","","","","","","","","","","","","0.01","","","","","","","","","","","","false","","","","","","A004","","","","","","","","","MNTH","","","","3","","","","","","USD","","","","false","1","","","","","","","","","","FALSE","","","","","","","","","QZ1F7JZSZZ7M","NA/CDS Corp Idx","ITRAXX AUSTRALIA"
"3684087659000000201","","NEWT","TRAD","2026-06-15T17:17:16Z","","CR","","I","TRUE","2026-06-15T17:17:16Z","2026-06-16","2031-06-20","","FALSE","BBSF","FALSE","FALSE","","50,000,000","","USD","","","","","","","","","","","","","","","","","","","","","","","","","0.01","","","","","","0.004965","","","","","","false","","","3","","","A004","","","","","","","","1256659.59000","MNTH","","","","3","","","","UFRO","USD","","","","","false","1","","","","","","","","","","FALSE","","","","","","","","","QZ3WVVQG5T8K","NA/CDS Corp Idx","CDX.NA.IG"
"3676332403000000101","","NEWT","TRAD","2026-06-15T08:56:23Z","","CR","","I","TRUE","2026-06-15T08:56:23Z","2026-03-20","2031-06-20","","","BILT","FALSE","FALSE","FALSE","10,000,000","","EUR","","","","","","","","","","","","","","","","","","","","","","","","","0.05","","","","","","","","","","","","false","","","","","","A004","","","","","","","","1205424.00000","MNTH","","","","3","","","","UFRO","EUR","","","","","false","1","","","","","","","","","","FALSE","","","","","","","","","QZ3HM9KVK2WL","NA/CDS Corp Idx","ITRAXX EUROPE CROSSOVER"
"3681144003000000201","","NEWT","TRAD","2026-06-15T13:48:17Z","","CR","","I","TRUE","2026-06-15T13:48:17Z","2026-06-16","2031-06-20","","FALSE","BBSF","FALSE","TRUE","","50,000,000","","USD","","","","","","","","","","","","","","","","","","","","","","","","","0.05","","","","","","0.010842","","","","","","false","","","3","","","A004","","","","","","","","4772900.00000","MNTH","","","","3","","","","UFRO","USD","","","","","false","0.99","","","","","","","","","","FALSE","","","","","","","","","QZHH8NT767RX","NA/CDS Corp Idx","CDX.NA.HY"
"3683675747000000201","","NEWT","TRAD","2026-06-15T16:59:34Z","","CR","","N","FALSE","2026-06-15T16:59:34Z","2026-06-16","2057-10-17","","FALSE","BILT","FALSE","FALSE","TRUE","50,000,000+","","USD","","","","","","","","","","","","","","","","","","","","","","","","","0.02","","","","","","","","","","","","false","","","","","","A004","","","","","","","","1539092.10500","MNTH","","","","1","","","","UFRO","USD","USD","","","","false","0.496815205","","","","","","","","","","FALSE","","","","","","","","","QZMGWK11NC42","NA/CDS Corp Idx","CMBX.NA.A"
"3683112776000000101","","NEWT","TRAD","2026-06-15T17:01:48Z","","CR","","N","FALSE","2026-06-15T17:01:48Z","2026-06-16","2026-06-17","2031-06-20","FALSE","BILT","FALSE","FALSE","TRUE","50,000,000","","USD","","","","","","","","","","","","","","","","","","","","","","","","2026-06-17","0.01","","10,750","USD","","","","","","","50","USD","false","","","","","1","A004","","","","","","","","","MNTH","","","","3","","","","","","","","","","false","","","","","","","","","","","FALSE","","","","","","","","","QZT4QS79CCTS","NA/CDS Idx Swt","NA/CDS Corp Idx"
"3681362584000000401","","NEWT","TRAD","2026-06-15T14:35:07Z","","CR","","I","TRUE","2026-06-15T14:35:07Z","2026-06-16","2031-06-20","","FALSE","BBSF","FALSE","TRUE","","76,000,000+","","USD","","","","","","","","","","","","","","","","","","","","","","","","","0.05","","","","","","0.01083675","","","","","","false","","","3","","","A004","","","","","","","","7215307.00000","MNTH","","","","3","","","","UFRO","USD","","","","","false","0.99","","","","","","","","","","FALSE","","","","","","","","","QZHH8NT767RX","NA/CDS Corp Idx","CDX.NA.HY"
"3685217661000000402","","NEWT","TRAD","2026-06-15T18:49:53Z","","CR","","I","TRUE","2026-06-15T18:49:53Z","2026-03-20","2031-06-20","","FALSE","TPSE","FALSE","FALSE","","50,000,000","","USD","","","","","","","","","","","","","","","","","","","","","","","","","0.01","","","","","","0.00498","","","","","","false","","","3","","","A004","","","","","","","","","MNTH","","","","3","","","","","","USD","","","","false","1","","","","","","","OTHR","","","FALSE","","","","","","","","","QZ3WVVQG5T8K","NA/CDS Corp Idx","CDX.NA.IG"
"3685197601000000101","","NEWT","TRAD","2026-06-15T18:43:42Z","","CR","","I","TRUE","2026-06-15T18:43:42Z","2026-06-16","2031-06-20","","","TWSF","FALSE","TRUE","","200,000,000","","USD","","","","","","","","","","","","","","","","","","","","","","","","","0.01","","","","","","0.004981","","","","","","false","","","3","","","A004","","","","","","","","5011925.58000","MNTH","","","","3","","","","UFRO","USD","","","","","false","1","","","","","","","","","","FALSE","","","","","","","","","QZ3WVVQG5T8K","NA/CDS Corp Idx","CDX.NA.IG"
"3685969455000000101","","NEWT","TRAD","2026-06-15T19:42:35Z","","CR","","I","TRUE","2026-06-15T19:42:35Z","2026-06-16","2031-06-20","","FALSE","BBSF","FALSE","FALSE","","40,000,000","","USD","","","","","","","","","","","","","","","","","","","","","","","","","0.01","","","","","","0.00498855","","","","","","false","","","3","","","A004","","","","","","","","1000996.73000","MNTH","","","","3","","","","UFRO","USD","","","","","false","1","","","","","","","","","","FALSE","","","","","","","","","QZ3WVVQG5T8K","NA/CDS Corp Idx","CDX.NA.IG"
"3685191821000000301","3685017662000000601","EROR","","2026-06-15T18:33:45Z","","CR","","","","2026-06-15T17:58:48Z","2026-06-15","2026-08-19","","","","","","FALSE","","","","","","","","","","","","","","","","","","","","","","","","","","","","0.05","","","","","","","","","","","","","","","","","","","","","","","","","","","","","","","","","","","","","","","","","","","","","","","","","","","","","","","","","","","","","QZVK9BCP48T0","NA/CDS Idx Swt","NA/CDS Corp Idx"
"3685195690000000101","","NEWT","TRAD","2026-06-15T18:41:29Z","","CR","","N","FALSE","2026-06-15T18:41:29Z","2026-06-15","2026-09-16","2031-06-20","FALSE","BILT","FALSE","FALSE","TRUE","20,000,000","","USD","","","","","","","","","","","","","","","","","","","","","","","","2026-09-16","0.05","","98,010","USD","","","","","","","0.0105","","false","","","","","3","A004","","","","","","","","","MNTH","","","","3","","","","","","","","","","false","0.99","","","","","","","","","","FALSE","","","","","","","","","QZHJMSG8W2ZX","NA/CDS Idx Swt","NA/CDS Corp Idx"
"3679846018000000301","","NEWT","TRAD","2026-06-15T11:13:14Z","","CR","","I","TRUE","2026-06-15T11:13:14Z","2026-06-16","2031-06-20","","FALSE","BBSF","FALSE","TRUE","","150,000,000","","EUR","","","","","","","","","","","","","","","","","","","","","","","","","0.01","","","","","","0.00512","","","","","","false","","","3","","","A004","","","","","","","","3777258.31424","MNTH","","","","3","","","","UFRO","EUR","","","","","false","1","","","","","","","","","","TRUE","","","","0.0001","","3","","","QZTQ4GTC5QMF","NA/CDS Corp Idx","ITRAXX EUROPE"
"3685942779000000301","","NEWT","TRAD","2026-06-15T19:23:07Z","","CR","","I","TRUE","2026-06-15T19:23:07Z","2026-06-16","2031-06-20","","","TWSF","FALSE","FALSE","","8,000,000","","USD","","","","","","","","","","","","","","","","","","","","","","","","","0.05","","","","","","0.01083755","","","","","","false","","","3","","","A004","","","","","","","","760139.57008","MNTH","","","","3","","","","UFRO","USD","","","","","false","0.99","","","","","","","","","","FALSE","","","","","","","","","QZHH8NT767RX","NA/CDS Corp Idx","CDX.NA.HY"
"3685942777000000101","3685089788000000101","TERM","ETRM","2026-06-15T19:22:51Z","","CR","","N","","2026-06-15T18:13:11Z","2026-06-16","2026-06-20","","FALSE","BILT","FALSE","","FALSE","25,000,000","25,000,000","USD","USD","","","","","","","","","","","","","","","","","","","","","","","","0","","","","","","","","","","","","false","","","","","","","","","","","DAIL","","1","222045.11000","","","MNTH","","","","3","","UFRO","USD","USD","USD","","","false","1","","","","","","","","","","FALSE","","","","","","","","","QZWXPJXW9QF5","NA/CDS Corp Idx","IBOXX USD LIQUID LEVERAGED LOANS INDEX"
"3685943967000000101","","NEWT","TRAD","2026-06-15T19:23:17Z","","CR","","I","TRUE","2026-06-15T19:23:17Z","2026-03-20","2031-06-20","","FALSE","TPSE","FALSE","FALSE","","50,000,000","","USD","","","","","","","","","","","","","","","","","","","","","","","","","0.01","","","","","","0.004985","","","","","","false","","","3","","","A004","","","","","","","","","MNTH","","","","3","","","","","","USD","","","","false","1","","","","","","","OTHR","","","FALSE","","","","","","","","","QZ3WVVQG5T8K","NA/CDS Corp Idx","CDX.NA.IG"
"3685954718000000101","","NEWT","TRAD","2026-06-15T19:31:47Z","","CR","","I","TRUE","2026-06-15T19:31:47Z","2026-06-16","2031-06-20","","FALSE","BBSF","FALSE","FALSE","","130,000,000","","USD","","","","","","","","","","","","","","","","","","","","","","","","","0.01","","","","","","0.004982","","","","","","false","","","3","","","A004","","","","","","","","3257153.96240","MNTH","","","","3","","","","UFRO","USD","","","","","false","1","","","","","","","","","","FALSE","","","","","","","","","QZ3WVVQG5T8K","NA/CDS Corp Idx","CDX.NA.IG"
"3685964322000000101","","NEWT","TRAD","2026-06-15T19:37:00Z","","CR","","I","TRUE","2026-06-15T19:37:00Z","2026-06-16","2031-06-20","","","TWSF","FALSE","FALSE","","10,000,000","","USD","","","","","","","","","","","","","","","","","","","","","","","","","0.05","","","","","","0.0108366","","","","","","false","","","3","","","A004","","","","","","","","949234.00000","MNTH","","","","3","","","","UFRO","USD","","","","","false","0.99","","","","","","","","","","FALSE","","","","","","","","","QZHH8NT767RX","NA/CDS Corp Idx","CDX.NA.HY"
"3685968234000000101","","NEWT","TRAD","2026-06-15T19:40:28Z","","CR","","I","TRUE","2026-06-15T19:40:28Z","2026-06-16","2031-06-20","","FALSE","BBSF","FALSE","FALSE","","5,000,000","","USD","","","","","","","","","","","","","","","","","","","","","","","","","0.05","","","","","","0.0108358","","","","","","false","","","3","","","A004","","","","","","","","474221.00000","MNTH","","","","3","","","","UFRO","USD","","","","","false","0.99","","","","","","","","","","FALSE","","","","","","","","","QZHH8NT767RX","NA/CDS Corp Idx","CDX.NA.HY"
"3685956132000000201","","NEWT","TRAD","2026-06-15T19:33:14Z","","CR","","I","TRUE","2026-06-15T19:33:14Z","2026-06-16","2031-06-20","","FALSE","BBSF","FALSE","FALSE","","25,000,000","","USD","","","","","","","","","","","","","","","","","","","","","","","","","0.05","","","","","","0.010837","","","","","","false","","","3","","","A004","","","","","","","","2374075.00000","MNTH","","","","3","","","","UFRO","USD","","","","","false","0.99","","","","","","","","","","FALSE","","","","","","","","","QZHH8NT767RX","NA/CDS Corp Idx","CDX.NA.HY"
"3685975741000000101","","NEWT","TRAD","2026-06-15T19:45:07Z","","CR","","I","TRUE","2026-06-15T19:45:07Z","2026-06-16","2031-06-20","","FALSE","BBSF","FALSE","FALSE","","50,000,000","","USD","","","","","","","","","","","","","","","","","","","","","","","","","0.01","","","","","","0.00499","","","","","","false","","","3","","","A004","","","","","","","","1250912.62000","MNTH","","","","3","","","","UFRO","USD","","","","","false","1","","","","","","","","","","FALSE","","","","","","","","","QZ3WVVQG5T8K","NA/CDS Corp Idx","CDX.NA.IG"
"3685956605000000501","","NEWT","TRAD","2026-06-15T19:34:03Z","","CR","","I","TRUE","2026-06-15T19:34:03Z","2026-06-16","2031-06-20","","","TWSF","FALSE","TRUE","","76,000,000+","","USD","","","","","","","","","","","","","","","","","","","","","","","","","0.05","","","","","","0.010835","","","","","","false","","","3","","","A004","","","","","","","","7202158.95300","MNTH","","","","3","","","","UFRO","USD","","","","","false","0.99","","","","","","","","","","TRUE","","","","0.010835","","3","","","QZHH8NT767RX","NA/CDS Corp Idx","CDX.NA.HY"
"3672192241000000101","","NEWT","TRAD","2026-06-15T07:46:57Z","","CR","","I","TRUE","2026-06-15T07:46:57Z","2026-06-16","2031-06-20","","FALSE","BBSF","FALSE","FALSE","","77,000,000","","EUR","","","","","","","","","","","","","","","","","","","","","","","","","0.01","","","","","","0.0051","","","","","","false","","","3","","","A004","","","","","","","","1946318.77000","MNTH","","","","3","","","","UFRO","EUR","","","","","false","1","","","","","","","","","","TRUE","","","","0.0001","","3","","","QZTQ4GTC5QMF","NA/CDS Corp Idx","ITRAXX EUROPE"
"3681665496000000201","2385774539000000301","EROR","","2026-06-15T15:38:23Z","","CR","","","","2026-03-16T14:46:53Z","2026-03-18","2026-06-15","","","","","","FALSE","","","","","","","","","","","","","","","","","","","","","","","","","","","","1.1582462123","","","","","","","","","","","","","","","","","","","","","","","","","","","","","","","","","","","","","","","","","","","","","","","","","","","","","","","","","","","","","QZSJQPXN872D","NA/CDS Corp SN","No name obtainable"
"3681096788000000301","","NEWT","TRAD","2026-06-15T13:39:37Z","","CR","","I","TRUE","2026-06-15T13:39:37Z","2026-06-16","2031-06-20","","FALSE","BBSF","FALSE","FALSE","","46,672,199+","","EUR","","","","","","","","","","","","","","","","","","","","","","","","","0.05","","","","","","0.02483","","","","","","false","","","3","","","A004","","","","","","","","5624851.14667","MNTH","","","","3","","","","UFRO","EUR","","","","","false","1","","","","","","","","","","FALSE","","","","","","","","","QZ3HM9KVK2WL","NA/CDS Corp Idx","ITRAXX EUROPE CROSSOVER"
"3681150829000000401","","NEWT","TRAD","2026-06-15T13:50:34Z","","CR","","I","FALSE","2026-06-15T13:50:34Z","2026-06-16","2031-06-20","","FALSE","BBSF","FALSE","FALSE","","23,000,000","","USD","","","","","","","","","","","","","","","","","","","","","","","","","0.01","","","","","","0.00983","","","","","","false","","","3","","","A004","","","","","","","","334777.78000","MNTH","","","","3","","","","UFRO","USD","","","","","false","1","","","","","","","","","","FALSE","","","","","","","","","QZ4JMQKL3P03","NA/CDS Corp Idx","CDX.EM"
"3681136401000000301","","NEWT","TRAD","2026-06-15T13:45:54Z","","CR","","I","TRUE","2026-06-15T13:45:54Z","2026-06-16","2031-06-20","","FALSE","BBSF","FALSE","FALSE","","90,000,000","","USD","","","","","","","","","","","","","","","","","","","","","","","","","0.01","","","","","","0.004975","","","","","","false","","","3","","","A004","","","","","","","","2257849.19000","MNTH","","","","3","","","","UFRO","USD","","","","","false","1","","","","","","","","","","TRUE","","","","-0.000977","","3","","","QZ3WVVQG5T8K","NA/CDS Corp Idx","CDX.NA.IG"
"3681327121000000101","","NEWT","TRAD","2026-06-15T14:29:27Z","","CR","","I","TRUE","2026-06-15T14:29:27Z","2026-06-16","2031-06-20","","FALSE","BBSF","FALSE","FALSE","","65,000,000","","USD","","","","","","","","","","","","","","","","","","","","","","","","","0.01","","","","","","0.004987","","","","","","false","","","3","","","A004","","","","","","","","1627082.85000","MNTH","","","","3","","","","UFRO","USD","","","","","false","1","","","","","","","","","","FALSE","","","","","","","","","QZ3WVVQG5T8K","NA/CDS Corp Idx","CDX.NA.IG"
"3681330214000000201","","NEWT","TRAD","2026-06-15T14:30:12Z","","CR","","I","TRUE","2026-06-15T14:30:12Z","2026-06-16","2031-06-20","","FALSE","BBSF","FALSE","FALSE","","150,000,000","","USD","","","","","","","","","","","","","","","","","","","","","","","","","0.01","","","","","","0.004987","","","","","","false","","","3","","","A004","","","","","","","","3754806.59000","MNTH","","","","3","","","","UFRO","USD","","","","","false","1","","","","","","","","","","FALSE","","","","","","","","","QZ3WVVQG5T8K","NA/CDS Corp Idx","CDX.NA.IG"
"3681330216000000401","","NEWT","TRAD","2026-06-15T14:30:16Z","","CR","","I","TRUE","2026-06-15T14:30:16Z","2026-06-16","2031-06-20","","","TWSF","FALSE","FALSE","","25,000,000","","USD","","","","","","","","","","","","","","","","","","","","","","","","","0.05","","","","","","0.01083677","","","","","","false","","","3","","","A004","","","","","","","","2373505.75000","MNTH","","","","3","","","","UFRO","USD","","","","","false","0.99","","","","","","","","","","FALSE","","","","","","","","","QZHH8NT767RX","NA/CDS Corp Idx","CDX.NA.HY"
"3681291347000000201","","NEWT","TRAD","2026-06-15T14:21:29Z","","CR","","I","TRUE","2026-06-15T14:21:29Z","2026-06-16","2031-06-20","","FALSE","BBSF","FALSE","TRUE","","164,216,996+","","EUR","","","","","","","","","","","","","","","","","","","","","","","","","0.01","","","","","","0.00514","","","","","","false","","","3","","","A004","","","","","","","","4119665.14236","MNTH","","","","3","","","","UFRO","EUR","","","","","false","1","","","","","","","","","","FALSE","","","","","","","","","QZTQ4GTC5QMF","NA/CDS Corp Idx","ITRAXX EUROPE"
"3681585765000000101","","NEWT","TRAD","2026-06-15T15:22:53Z","","CR","","I","FALSE","2026-06-15T15:22:53Z","2026-06-16","2029-06-20","","FALSE","BBSF","FALSE","TRUE","","3,000,000","","EUR","","","","","","","","","","","","","","","","","","","","","","","","","0.01","","","","","","0.002741","","","","","","false","","","3","","","A004","","","","","","","","70833.78000","MNTH","","","","3","","","","UFRO","EUR","","","","","false","1","","","","","","","","","","FALSE","","","","","","","","","QZZJPQHTHRC0","NA/CDS Corp Idx","ITRAXX EUROPE"
"3681540679000000101","","NEWT","TRAD","2026-06-15T15:09:21Z","","CR","","N","FALSE","2026-06-15T15:09:21Z","2026-03-20","2026-06-22","","FALSE","BILT","FALSE","FALSE","TRUE","130,000,000","","USD","","","","","","","","","","","","","","","","","","","","","","","","","4.0105","","","","","","","","","","","","false","","","","","","A001","","","","","","","","1154632.50670","MNTH","","","","3","","","","UFRO","USD","","","","","false","1","","","","","","","","","","FALSE","","","","","","","","","QZMF6M7G77VQ","NA/CDS Corp Idx","IBOXX USD LIQUID HIGH YIELD INDEX"
"3681653477000000801","","NEWT","NOVA","2026-06-15T15:35:51Z","","CR","","N","FALSE","2026-06-15T15:35:51Z","2023-05-15","2065-04-17","2065-04-17","FALSE","BILT","FALSE","FALSE","FALSE","1,000,000","","USD","","","","","","","","","","","","","","","","","","","","","","","","","0.03","","","","","","","","","","","","true","","","","","","A004","","","","","","","","","","","","","","","","","","","","","","","false","1","","","","","","","","","","FALSE","","","","","","","","","QZ0G1LJBPFZQ","NA/CDS Corp Idx","CMBX.NA.BBB-"
"3681596756000000201","","NEWT","TRAD","2026-06-15T15:25:47Z","","CR","","I","TRUE","2026-06-15T15:25:47Z","2026-06-16","2031-06-20","","","TWSF","FALSE","TRUE","","164,216,996+","","EUR","","","","","","","","","","","","","","","","","","","","","","","","","0.01","","","","","","0.00512","","","","","","false","","","3","","","A004","","","","","","","","4135315.18858","MNTH","","","","3","","","","UFRO","EUR","","","","","false","1","","","","","","","","","","FALSE","","","","","","","","","QZTQ4GTC5QMF","NA/CDS Corp Idx","ITRAXX EUROPE"
"3681144002000000101","","NEWT","TRAD","2026-06-15T13:48:12Z","","CR","","I","TRUE","2026-06-15T13:48:12Z","2026-03-20","2031-06-20","","FALSE","TPSE","FALSE","FALSE","","25,000,000","","USD","","","","","","","","","","","","","","","","","","","","","","","","","0.01","","","","","","0.0049816","","","","","","false","","","3","","","A004","","","","","","","","","MNTH","","","","3","","","","","","USD","","","","false","1","","","","","","","OTHR","","","FALSE","","","","","","","","","QZ3WVVQG5T8K","NA/CDS Corp Idx","CDX.NA.IG"
"3681632192000000301","","NEWT","TRAD","2026-06-15T15:32:20Z","","CR","","I","TRUE","2026-06-15T15:32:20Z","2026-06-16","2031-06-20","","FALSE","BBSF","FALSE","TRUE","","240,000,000","","USD","","","","","","","","","","","","","","","","","","","","","","","","","0.01","","","","","","0.0049867","","","","","","false","","","3","","","A004","","","","","","","","6008026.54906","MNTH","","","","3","","","","UFRO","USD","","","","","false","1","","","","","","","","","","FALSE","","","","","","","","","QZ3WVVQG5T8K","NA/CDS Corp Idx","CDX.NA.IG"
"3681685382000000101","","NEWT","TRAD","2026-06-15T15:43:10Z","","CR","","I","TRUE","2026-06-15T15:43:10Z","2026-06-16","2031-06-20","","FALSE","BBSF","FALSE","FALSE","","62,000,000","","USD","","","","","","","","","","","","","","","","","","","","","","","","","0.01","","","","","","0.0049788","","","","","","false","","","3","","","A004","","","","","","","","1554330.99362","MNTH","","","","3","","","","UFRO","USD","","","","","false","1","","","","","","","","","","FALSE","","","","","","","","","QZ3WVVQG5T8K","NA/CDS Corp Idx","CDX.NA.IG"
"3681570270000000301","","NEWT","TRAD","2026-06-15T15:18:08Z","","CR","","N","FALSE","2026-06-15T15:15:53Z","2026-06-15","2026-08-19","2031-06-20","TRUE","BILT","FALSE","FALSE","TRUE","300,000,000","","USD","","","","","","","","","","","","","","","","","","","","","","","","2026-08-19","0.01","","246,000","USD","","","","","","","0.00575","","false","","","","","3","A004","","","","","","","","","MNTH","","","","3","","","","","","","","","","false","1","","","","","","","","","","FALSE","","","","","","","","","QZDRFGQM4073","NA/CDS Idx Swt","NA/CDS Corp Idx"
"3681710768000000101","","NEWT","NOVA","2026-06-15T15:45:44Z","","CR","","N","FALSE","2026-06-15T15:45:44Z","2023-07-12","2065-04-17","2065-04-17","FALSE","BILT","FALSE","FALSE","FALSE","200,000","","USD","","","","","","","","","","","","","","","","","","","","","","","","","0.03","","","","","","","","","","","","true","","","","","","A004","","","","","","","","","","","","","","","","","","","","","","","false","1","","","","","","","","","","FALSE","","","","","","","","","QZ0G1LJBPFZQ","NA/CDS Corp Idx","CMBX.NA.BBB-"
"3681745501000000201","","NEWT","TRAD","2026-06-15T15:49:31Z","","CR","","I","FALSE","2026-06-15T15:49:31Z","2026-06-16","2031-06-20","","","TWSF","FALSE","FALSE","","50,000,000","","EUR","","","","","","","","","","","","","","","","","","","","","","","","","0.01","","","","","","0.0051233","","","","","","false","","","3","","","A004","","","","","","","","1258306.32000","MNTH","","","","3","","","","UFRO","EUR","","","","","false","1","","","","","","","","","","FALSE","","","","","","","","","QZTQ4GTC5QMF","NA/CDS Corp Idx","ITRAXX EUROPE"
"3680660737000000101","","NEWT","TRAD","2026-06-15T12:48:51Z","","CR","","N","FALSE","2026-06-15T12:48:51Z","2026-06-15","2033-06-20","","FALSE","BILT","FALSE","FALSE","TRUE","71,000,000","","EUR","","","","","","","","","","","","","","","","","","","","","","","","","0.01","","","","","","","","","","","","false","","","","","","A004","","","","","","","","1464633.87292","MNTH","","","","3","","","","UFRO","EUR","","","","","false","1","","","","","","","","","","FALSE","","","","","","","","","QZMS3C1SS9J9","NA/CDS Corp Idx","ITRAXX EUROPE"
"3679866156000000101","","NEWT","TRAD","2026-06-15T11:16:49Z","","CR","","I","TRUE","2026-06-15T11:16:49Z","2026-06-16","2031-06-20","","","TWSF","FALSE","FALSE","","10,000,000","","USD","","","","","","","","","","","","","","","","","","","","","","","","","0.05","","","","","","0.0108475","","","","","","false","","","3","","","A004","","","","","","","","960025.00000","MNTH","","","","3","","","","UFRO","USD","","","","","false","0.99","","","","","","","","","","FALSE","","","","","","","","","QZHH8NT767RX","NA/CDS Corp Idx","CDX.NA.HY"
"3680711062000000201","3680705815000000201","MODI","TRAD","2026-06-15T12:53:54Z","TRUE","CR","","N","FALSE","2026-06-15T12:53:02Z","2026-06-16","2026-07-07","","FALSE","BILT","FALSE","FALSE","TRUE","260,000,000","","EGP","","","","","","","","","","","","","","","","","","","","","","","","","0","","","","","","0.007","","","","","","false","","","3","","3","A005","","","","","","","","","DAIL","","","","1","","","","","","USD","USD","","","false","","","","","","","","","","","FALSE","","","","","","","","","QZXTBVFZH77X","NA/CDS Corp SN","No name obtainable"
"3680824985000000201","","NEWT","TRAD","2026-06-15T13:09:30Z","","CR","","I","TRUE","2026-06-15T13:09:30Z","2026-06-16","2031-06-20","","FALSE","BBSF","FALSE","TRUE","","46,672,199+","","EUR","","","","","","","","","","","","","","","","","","","","","","","","","0.05","","","","","","0.02485","","","","","","false","","","3","","","A004","","","","","","","","5620432.67109","MNTH","","","","3","","","","UFRO","EUR","","","","","false","1","","","","","","","","","","TRUE","","","","0.0097","","3","","","QZ3HM9KVK2WL","NA/CDS Corp Idx","ITRAXX EUROPE CROSSOVER"
"3680927479000000201","","NEWT","TRAD","2026-06-15T13:21:20Z","","CR","","I","TRUE","2026-06-15T13:21:20Z","2026-03-20","2031-06-20","","FALSE","BGCD","FALSE","FALSE","","10,000,000","","EUR","","","","","","","","","","","","","","","","","","","","","","","","","","","","","","","0.0248","","","","","","false","","","3","","","A004","","","","","","","","","MNTH","","","","3","","","","","","","","","","false","1","","","","","","","","","","FALSE","","","","","","","","","QZ3HM9KVK2WL","NA/CDS Corp Idx","ITRAXX EUROPE CROSSOVER"
"3673081540000000201","","NEWT","TRAD","2026-06-15T08:03:02Z","","CR","","I","TRUE","2026-06-15T08:03:02Z","2026-06-16","2031-06-20","","","TWSF","FALSE","FALSE","","30,000,000","","EUR","","","","","","","","","","","","","","","","","","","","","","","","","0.01","","","","","","0.005115","","","","","","false","","","3","","","A004","","","","","","","","756164.65255","MNTH","","","","3","","","","UFRO","EUR","","","","","false","1","","","","","","","","","","FALSE","","","","","","","","","QZTQ4GTC5QMF","NA/CDS Corp Idx","ITRAXX EUROPE"
"3679994600000000101","","NEWT","TRAD","2026-06-15T11:39:52Z","","CR","","I","TRUE","2026-06-15T11:39:52Z","2026-06-16","2031-06-20","","FALSE","BBSF","FALSE","FALSE","","10,000,000","","USD","","","","","","","","","","","","","","","","","","","","","","","","","0.05","","","","","","0.010843","","","","","","false","","","3","","","A004","","","","","","","","955570.00000","MNTH","","","","3","","","","UFRO","USD","","","","","false","0.99","","","","","","","","","","FALSE","","","","","","","","","QZHH8NT767RX","NA/CDS Corp Idx","CDX.NA.HY"
"3679988310000000101","","NEWT","TRAD","2026-06-15T11:38:39Z","","CR","","I","FALSE","2026-06-15T11:38:39Z","2026-06-16","2031-06-20","","","TWSF","FALSE","FALSE","","30,000,000","","EUR","","","","","","","","","","","","","","","","","","","","","","","","","0.05","","","","","","0.024735","","","","","","false","","","3","","","A004","","","","","","","","3629059.14000","MNTH","","","","3","","","","UFRO","EUR","","","","","false","1","","","","","","","","","","FALSE","","","","","","","","","QZ3HM9KVK2WL","NA/CDS Corp Idx","ITRAXX EUROPE CROSSOVER"
"3679991379000000101","","NEWT","NOVA","2026-06-15T11:39:22Z","","CR","","N","FALSE","2026-06-15T11:39:22Z","2026-06-12","2031-06-20","","FALSE","BILT","FALSE","FALSE","FALSE","560,000","","USD","","","","","","","","","","","","","","","","","","","","","","","","","0.01","","","","","","","","","","","","false","","","","","","A004","","","","","","","","","MNTH","","","","3","","","","","","","","","","false","1","","","","","","","","","","FALSE","","","","","","","","","QZ39BZSFH68L","NA/CDS Sov Idx","CDX.EM"
"3679974205000000101","","NEWT","TRAD","2026-06-15T11:36:18Z","","CR","","I","TRUE","2026-06-15T11:36:18Z","2026-06-16","2031-06-20","","FALSE","BBSF","FALSE","FALSE","","20,000,000","","USD","","","","","","","","","","","","","","","","","","","","","","","","","0.01","","","","","","0.004991","","","","","","false","","","3","","","A004","","","","","","","","500273.11000","MNTH","","","","3","","","","UFRO","USD","","","","","false","1","","","","","","","","","","FALSE","","","","","","","","","QZ3WVVQG5T8K","NA/CDS Corp Idx","CDX.NA.IG"
"3679910434000000201","","NEWT","TRAD","2026-06-15T11:25:04Z","","CR","","I","TRUE","2026-06-15T11:25:04Z","2026-03-20","2031-06-20","","FALSE","GSEF","FALSE","FALSE","","10,000,000","","EUR","","","","","","","","","","","","","","","","","","","","","","","","","","","","","","","0.0247","","","","","","false","","","3","","","A004","","","","","","","","","MNTH","","","","3","","","","","","","","","","false","1","","","","","","","","","","TRUE","","","","0.00175","","3","","","QZ3HM9KVK2WL","NA/CDS Corp Idx","ITRAXX EUROPE CROSSOVER"
"3679914094000000101","","NEWT","TRAD","2026-06-15T11:25:46Z","","CR","","I","TRUE","2026-06-15T11:25:46Z","2026-06-16","2031-06-20","","FALSE","BBSF","FALSE","FALSE","","6,000,000","","USD","","","","","","","","","","","","","","","","","","","","","","","","","0.01","","","","","","0.0049748","","","","","","false","","","3","","","A004","","","","","","","","150528.80000","MNTH","","","","3","","","","UFRO","USD","","","","","false","1","","","","","","","","","","FALSE","","","","","","","","","QZ3WVVQG5T8K","NA/CDS Corp Idx","CDX.NA.IG"
"3679853071000000201","","NEWT","TRAD","2026-06-15T11:14:56Z","","CR","","I","TRUE","2026-06-15T11:14:56Z","2026-06-16","2031-06-20","","FALSE","BBSF","FALSE","FALSE","","15,000,000","","USD","","","","","","","","","","","","","","","","","","","","","","","","","0.01","","","","","","0.004968","","","","","","false","","","3","","","A004","","","","","","","","376790.97000","MNTH","","","","3","","","","UFRO","USD","","","","","false","1","","","","","","","","","","FALSE","","","","","","","","","QZ3WVVQG5T8K","NA/CDS Corp Idx","CDX.NA.IG"
"3680845407000000101","","NEWT","TRAD","2026-06-15T13:12:12Z","","CR","","I","TRUE","2026-06-15T13:12:12Z","2026-06-16","2031-06-20","","","TWSF","FALSE","FALSE","","9,000,000","","USD","","","","","","","","","","","","","","","","","","","","","","","","","0.05","","","","","","0.0108389","","","","","","false","","","3","","","A004","","","","","","","","856356.51313","MNTH","","","","3","","","","UFRO","USD","","","","","false","0.99","","","","","","","","","","FALSE","","","","","","","","","QZHH8NT767RX","NA/CDS Corp Idx","CDX.NA.HY"
"3680854880000000101","","NEWT","TRAD","2026-06-15T13:13:09Z","","CR","","I","TRUE","2026-06-15T13:13:09Z","2026-06-16","2031-06-20","","","TWSF","FALSE","FALSE","","8,000,000","","EUR","","","","","","","","","","","","","","","","","","","","","","","","","0.01","","","","","","0.00871","","","","","","false","","","3","","","A004","","","","","","","","67361.93742","MNTH","","","","3","","","","UFRO","EUR","","","","","false","1","","","","","","","","","","FALSE","","","","","","","","","QZ5GD86QBKCC","NA/CDS Corp Idx","ITRAXX EUROPE SUB FINANCIALS"
"3679797403000000101","","NEWT","TRAD","2026-06-15T11:08:34Z","","CR","","I","TRUE","2026-06-15T11:08:34Z","2026-06-16","2031-06-20","","FALSE","BBSF","FALSE","TRUE","","40,000,000","","EUR","","","","","","","","","","","","","","","","","","","","","","","","","0.05","","","","","","0.024725","","","","","","false","","","3","","","A004","","","","","","","","4840640.54000","MNTH","","","","3","","","","UFRO","EUR","","","","","false","1","","","","","","","","","","FALSE","","","","","","","","","QZ3HM9KVK2WL","NA/CDS Corp Idx","ITRAXX EUROPE CROSSOVER"
"3679880851000000201","","NEWT","TRAD","2026-06-15T11:19:51Z","","CR","","I","TRUE","2026-06-15T11:19:51Z","2026-06-16","2031-06-20","","FALSE","BBSF","FALSE","FALSE","","15,000,000","","EUR","","","","","","","","","","","","","","","","","","","","","","","","","0.01","","","","","","0.0051035","","","","","","false","","","3","","","A004","","","","","","","","378903.46000","MNTH","","","","3","","","","UFRO","EUR","","","","","false","1","","","","","","","","","","FALSE","","","","","","","","","QZTQ4GTC5QMF","NA/CDS Corp Idx","ITRAXX EUROPE"
"3681396334000000201","","NEWT","TRAD","2026-06-15T14:43:50Z","","CR","","I","TRUE","2026-06-15T14:43:50Z","2026-06-16","2031-06-20","","FALSE","BBSF","FALSE","FALSE","","25,000,000","","USD","","","","","","","","","","","","","","","","","","","","","","","","","0.05","","","","","","0.01083625","","","","","","false","","","3","","","A004","","","","","","","","2372218.75000","MNTH","","","","3","","","","UFRO","USD","","","","","false","0.99","","","","","","","","","","FALSE","","","","","","","","","QZHH8NT767RX","NA/CDS Corp Idx","CDX.NA.HY"
"3675086144000000201","","NEWT","TRAD","2026-06-15T08:33:35Z","","CR","","I","FALSE","2026-06-15T08:33:35Z","2026-06-16","2031-06-20","","","TWSF","FALSE","FALSE","","9,000,000","","EUR","","","","","","","","","","","","","","","","","","","","","","","","","0.01","","","","","","0.005114","","","","","","false","","","3","","","A004","","","","","","","","226892.57729","MNTH","","","","3","","","","UFRO","EUR","","","","","false","1","","","","","","","","","","FALSE","","","","","","","","","QZTQ4GTC5QMF","NA/CDS Corp Idx","ITRAXX EUROPE"
"3674938934000000101","","NEWT","TRAD","2026-06-15T08:29:01Z","","CR","","I","TRUE","2026-06-15T08:29:01Z","2026-06-16","2031-06-20","","FALSE","BBSF","FALSE","TRUE","","164,216,996+","","EUR","","","","","","","","","","","","","","","","","","","","","","","","","0.01","","","","","","0.0051089","","","","","","false","","","3","","","A004","","","","","","","","4143957.09906","MNTH","","","","3","","","","UFRO","EUR","","","","","false","1","","","","","","","","","","FALSE","","","","","","","","","QZTQ4GTC5QMF","NA/CDS Corp Idx","ITRAXX EUROPE"
"3685111731000000101","","NEWT","TRAD","2026-06-15T18:17:37Z","","CR","","I","TRUE","2026-06-15T18:17:37Z","2026-06-16","2031-06-20","","FALSE","BBSF","FALSE","FALSE","","10,000,000","","USD","","","","","","","","","","","","","","","","","","","","","","","","","0.05","","","","","","0.0108385","","","","","","false","","","3","","","A004","","","","","","","","951115.00000","MNTH","","","","3","","","","UFRO","USD","","","","","false","0.99","","","","","","","","","","FALSE","","","","","","","","","QZHH8NT767RX","NA/CDS Corp Idx","CDX.NA.HY"
"3685017657000000101","","NEWT","TRAD","2026-06-15T17:57:24Z","","CR","","N","FALSE","2026-06-15T17:57:24Z","2026-06-15","2026-06-17","2031-06-20","FALSE","BILT","FALSE","FALSE","TRUE","17,000,000","","USD","","","","","","","","","","","","","","","","","","","","","","","","2026-06-17","0.05","","1,189.99524","USD","","","","","","","0.01065","","false","","","","","3","A004","","","","","","","","","MNTH","","","","3","","","","","","","","","","false","1","","","","","","","","","","FALSE","","","","","","","","","QZHRHKT5ZH3K","NA/CDS Idx Swt","NA/CDS Corp Idx"
"3683034222000000101","3682118278000000101","EROR","","2026-06-15T16:50:31Z","","CR","","N","FALSE","2026-06-15T16:07:03Z","2026-06-15","2059-11-17","2059-11-17","FALSE","BILT","FALSE","FALSE","FALSE","5","","USD","","","","","","","","","","","","","","","","","","","","","","","","","0.05","","","","","","","","","","","","true","","","","","","A004","","","","","","","","2798647.53000","","","","","","","","","UFRO","USD","","","","","false","1","","","","","","","","","","FALSE","","","","","","","","","QZX891WSV298","NA/CDS Corp Idx","CMBX.NA.BB"
"3681266289000000301","","NEWT","TRAD","2026-06-15T14:14:29Z","","CR","","I","TRUE","2026-06-15T14:14:29Z","2026-06-16","2028-12-20","","FALSE","BBSF","FALSE","TRUE","","25,000,000","","USD","","","","","","","","","","","","","","","","","","","","","","","","","0.01","","","","","","0.002476","","","","","","false","","","3","","","A004","","","","","","","","514068.33000","MNTH","","","","3","","","","UFRO","USD","","","","","false","1","","","","","","","","","","FALSE","","","","","","","","","QZKV15J8S8XX","NA/CDS Corp Idx","CDX.NA.IG"
"3681089303000000101","","NEWT","TRAD","2026-06-15T13:37:58Z","","CR","","I","TRUE","2026-06-15T13:37:58Z","2026-06-16","2031-06-20","","FALSE","BBSF","FALSE","FALSE","","25,000,000","","USD","","","","","","","","","","","","","","","","","","","","","","","","","0.01","","","","","","0.00497385","","","","","","false","","","3","","","A004","","","","","","","","627312.51000","MNTH","","","","3","","","","UFRO","USD","","","","","false","1","","","","","","","","","","FALSE","","","","","","","","","QZ3WVVQG5T8K","NA/CDS Corp Idx","CDX.NA.IG"
"3681084502000000101","","NEWT","TRAD","2026-06-15T13:37:15Z","","CR","","I","TRUE","2026-06-15T13:37:15Z","2026-06-16","2031-06-20","","FALSE","BBSF","FALSE","FALSE","","25,000,000","","EUR","","","","","","","","","","","","","","","","","","","","","","","","","0.05","","","","","","0.0248","","","","","","false","","","3","","","A004","","","","","","","","3016519.62000","MNTH","","","","3","","","","UFRO","EUR","","","","","false","1","","","","","","","","","","FALSE","","","","","","","","","QZ3HM9KVK2WL","NA/CDS Corp Idx","ITRAXX EUROPE CROSSOVER"
"3685380954000000301","","NEWT","TRAD","2026-06-15T19:04:26Z","","CR","","I","TRUE","2026-06-15T19:04:26Z","2026-03-20","2031-06-20","","FALSE","TPSE","FALSE","FALSE","","50,000,000","","USD","","","","","","","","","","","","","","","","","","","","","","","","","0.05","","","","","","108.37","","USD","","","","false","","","1","","","A004","","","","","","","","","MNTH","","","","3","","","","","","USD","","","","false","0.99","","","","","","","OTHR","","","FALSE","","","","","","","","","QZHH8NT767RX","NA/CDS Corp Idx","CDX.NA.HY"
"3682929167000000201","","NEWT","TRAD","2026-06-15T16:49:54Z","","CR","","I","TRUE","2026-06-15T16:49:54Z","2026-06-16","2031-06-20","","FALSE","BBSF","FALSE","TRUE","","50,000,000","","USD","","","","","","","","","","","","","","","","","","","","","","","","","0.05","","","","","","0.0108415","","","","","","false","","","3","","","A004","","","","","","","","4770425.00000","MNTH","","","","3","","","","UFRO","USD","","","","","false","0.99","","","","","","","","","","FALSE","","","","","","","","","QZHH8NT767RX","NA/CDS Corp Idx","CDX.NA.HY"
"3681333373000000201","","NEWT","TRAD","2026-06-15T14:29:20Z","","CR","","I","FALSE","2026-06-15T14:29:20Z","2026-06-16","2031-06-20","","FALSE","BILT","FALSE","FALSE","TRUE","45,000,000","","USD","","","","","","","","","","","","","","","","","","","","","","","","","0.01","","","","","","","","","","","","false","","","","","","A004","","","","","","","","655000.00000","MNTH","","","","3","","","","UFRO","USD","","","","","false","1","","","","","","","","","","FALSE","","","","","","","","","QZ4JMQKL3P03","NA/CDS Corp Idx","CDX.EM"
"3686063364000000401","","NEWT","TRAD","2026-06-15T20:02:52Z","","CR","","I","TRUE","2026-06-15T20:02:52Z","2026-06-16","2031-06-20","","FALSE","BBSF","FALSE","FALSE","","50,000,000","","USD","","","","","","","","","","","","","","","","","","","","","","","","","0.01","","","","","","0.00498915","","","","","","false","","","3","","","A004","","","","","","","","1251108.00000","MNTH","","","","3","","","","UFRO","USD","","","","","false","1","","","","","","","","","","FALSE","","","","","","","","","QZ3WVVQG5T8K","NA/CDS Corp Idx","CDX.NA.IG"
"3686108577000000101","","NEWT","TRAD","2026-06-15T20:05:40Z","","CR","","I","TRUE","2026-06-15T20:05:40Z","2026-06-16","2031-06-20","","FALSE","BBSF","FALSE","TRUE","","200,000,000","","USD","","","","","","","","","","","","","","","","","","","","","","","","","0.01","","","","","","0.004992","","","","","","false","","","3","","","A004","","","","","","","","5001811.65000","MNTH","","","","3","","","","UFRO","USD","","","","","false","1","","","","","","","","","","FALSE","","","","","","","","","QZ3WVVQG5T8K","NA/CDS Corp Idx","CDX.NA.IG"
"3686243319000000101","3685989804000000301","EROR","","2026-06-15T20:15:57Z","","CR","","I","TRUE","2026-06-15T19:47:15Z","2026-03-20","2031-06-20","","","BILT","FALSE","FALSE","FALSE","75,000,000","","USD","","","","","","","","","","","","","","","","","","","","","","","","","0.01","","","","","","","","","","","","false","","","","","","A004","","","","","","","","1876369.00000","MNTH","","","","3","","","","UFRO","USD","","","","","false","1","","","","","","","","","","FALSE","","","","","","","","","QZ3WVVQG5T8K","NA/CDS Corp Idx","CDX.NA.IG"
"3669560265000000201","3336162665000000201","MODI","TRAD","2026-06-15T01:13:42Z","FALSE","CR","","N","FALSE","2026-05-27T06:32:26Z","2026-05-28","2035-08-15","","FALSE","BILT","FALSE","FALSE","FALSE","400,000,000+","","USD","","","","","","","","","","","","","","","","","","","","","","","","","0.0425","","","","","","","","","","","","false","","","","","","A006","","","","","","","","3846010.18000","MNTH","","","","6","","","","PEXH","USD","USD","","","","false","","","","","","","","","","","FALSE","","","","","","","","","QZFPPRFS915J","NA/CDS Corp SN","No name obtainable"
"3669585573000000101","","NEWT","TRAD","2026-06-15T02:28:14Z","","CR","","I","FALSE","2026-06-15T02:28:14Z","2026-06-16","2031-06-20","","FALSE","BILT","FALSE","FALSE","TRUE","25,000,000","","USD","","","","","","","","","","","","","","","","","","","","","","","","","0.01","","","","","","","","","","","","false","","","","","","A004","","","","","","","","416112.30000","MNTH","","","","3","","","","UFRO","USD","","","","","false","1","","","","","","","","","","FALSE","","","","","","","","","QZD2VPNQ9ZFX","NA/CDS Corp Idx","ITRAXX ASIA EX-JAPAN IG"
"3669594255000000101","","NEWT","TRAD","2026-06-15T02:39:21Z","","CR","","I","FALSE","2026-06-15T02:39:21Z","2026-03-20","2031-06-20","","","BILT","FALSE","FALSE","TRUE","10,000,000","","USD","","","","","","","","","","","","","","","","","","","","","","","","","0.01","","","","","","","","","","","","false","","","","","","A004","","","","","","","","166444.92000","MNTH","","","","3","","","","UFRO","USD","","","","","false","1","","","","","","","","","","FALSE","","","","","","","","","QZD2VPNQ9ZFX","NA/CDS Corp Idx","ITRAXX ASIA EX-JAPAN IG"
"3681418547000000201","","NEWT","TRAD","2026-06-15T14:48:28Z","","CR","","I","TRUE","2026-06-15T14:48:28Z","2026-06-16","2031-06-20","","FALSE","BBSF","FALSE","FALSE","","30,000,000","","EUR","","","","","","","","","","","","","","","","","","","","","","","","","0.01","","","","","","0.00513","","","","","","false","","","3","","","A004","","","","","","","","754028.59000","MNTH","","","","3","","","","UFRO","EUR","","","","","false","1","","","","","","","","","","FALSE","","","","","","","","","QZTQ4GTC5QMF","NA/CDS Corp Idx","ITRAXX EUROPE"
"3681420472000000301","","NEWT","TRAD","2026-06-15T14:49:01Z","","CR","","I","TRUE","2026-06-15T14:49:01Z","2026-06-16","2031-06-20","","FALSE","BBSF","FALSE","FALSE","","100,000,000","","EUR","","","","","","","","","","","","","","","","","","","","","","","","","0.01","","","","","","0.00513","","","","","","false","","","3","","","A004","","","","","","","","2513428.64000","MNTH","","","","3","","","","UFRO","EUR","","","","","false","1","","","","","","","","","","FALSE","","","","","","","","","QZTQ4GTC5QMF","NA/CDS Corp Idx","ITRAXX EUROPE"
"3681416625000000101","3681049180000000101","EROR","","2026-06-15T14:47:29Z","","CR","","N","FALSE","2026-06-15T13:34:12Z","2026-06-15","2031-06-20","","FALSE","BILT","FALSE","FALSE","FALSE","15,000,000","","EUR","","","","","","","","","","","","","","","","","","","","","","","","","0.01","","","","","","","","","","","","false","","","","","","A004","","","","","","","","2810333.33000","MNTH","","","","3","","","","UFRO","EUR","","","","","false","1","","","","","","","","","","FALSE","","","","","","","","","QZK147RW4P3W","NA/CDS Corp Idx Tra","ITRAXX EUROPE"
"3681425323000000401","","NEWT","TRAD","2026-06-15T14:50:22Z","","CR","","I","TRUE","2026-06-15T14:50:22Z","2026-06-16","2031-06-20","","FALSE","BBSF","FALSE","FALSE","","42,000,000","","USD","","","","","","","","","","","","","","","","","","","","","","","","","0.05","","","","","","0.01083611","","","","","","false","","","3","","","A004","","","","","","","","3984752.49056","MNTH","","","","3","","","","UFRO","USD","","","","","false","0.99","","","","","","","","","","FALSE","","","","","","","","","QZHH8NT767RX","NA/CDS Corp Idx","CDX.NA.HY"
"3681301770000000101","3680816014000000201","MODI","TRAD","2026-06-15T14:24:16Z","TRUE","CR","","I","FALSE","2026-06-15T14:24:16Z","2025-09-22","2030-12-20","","FALSE","BILT","FALSE","FALSE","TRUE","50,000,000+","","USD","","","","","","","","","","","","","","","","","","","","","","","","","0.01","","","","","","","","","","","","false","","","","","","A004","","","","","","","","","MNTH","","","","3","","","","","","USD","","","","false","1","","","","","","","","","","FALSE","","","","","","","","","QZ1VHXZP8T9T","NA/CDS Corp Idx","CDX.EM"
"3681435240000000201","","NEWT","TRAD","2026-06-15T14:52:51Z","","CR","","I","TRUE","2026-06-15T14:52:51Z","2026-06-16","2031-06-20","","FALSE","BBSF","FALSE","FALSE","","1,000,000","","USD","","","","","","","","","","","","","","","","","","","","","","","","","0.01","","","","","","0.00499065","","","","","","false","","","3","","","A004","","","","","","","","25015.22672","MNTH","","","","3","","","","UFRO","USD","","","","","false","1","","","","","","","","","","FALSE","","","","","","","","","QZ3WVVQG5T8K","NA/CDS Corp Idx","CDX.NA.IG"
"3686015684000000101","","NEWT","TRAD","2026-06-15T19:59:42Z","","CR","","I","TRUE","2026-06-15T19:59:42Z","2026-06-16","2031-06-20","","FALSE","BBSF","FALSE","FALSE","","50,000,000","","USD","","","","","","","","","","","","","","","","","","","","","","","","","0.01","","","","","","0.004988","","","","","","false","","","3","","","A004","","","","","","","","1251372.34000","MNTH","","","","3","","","","UFRO","USD","","","","","false","1","","","","","","","","","","FALSE","","","","","","","","","QZ3WVVQG5T8K","NA/CDS Corp Idx","CDX.NA.IG"
"3681443299000000301","3679886314000000301","EROR","","2026-06-15T14:51:44Z","","CR","","N","FALSE","2026-06-15T11:19:33Z","2026-06-17","2026-09-15","","FALSE","BILT","FALSE","FALSE","TRUE","270,000,000","","EGP","","","","","","","","","","","","","","","","","","","","","","","","","0","","","","","","0.0075","","","","","","false","","","3","","3","A005","","","","","","","","","DAIL","","","","1","","","","","","USD","USD","","","false","","","","","","","","","","","FALSE","","","","","","","","","QZ8L2ZPSHS69","NA/CDS Corp SN","No name obtainable"
"3681422139000000201","","NEWT","TRAD","2026-06-15T14:49:46Z","","CR","","I","TRUE","2026-06-15T14:49:46Z","2026-06-16","2031-06-20","","FALSE","BBSF","FALSE","TRUE","","46,672,199+","","EUR","","","","","","","","","","","","","","","","","","","","","","","","","0.05","","","","","","0.024825","","","","","","false","","","3","","","A004","","","","","","","","5625943.82291","MNTH","","","","3","","","","UFRO","EUR","","","","","false","1","","","","","","","","","","TRUE","","","","0.0064","","3","","","QZ3HM9KVK2WL","NA/CDS Corp Idx","ITRAXX EUROPE CROSSOVER"
"3681425321000000201","","NEWT","TRAD","2026-06-15T14:49:59Z","","CR","","I","TRUE","2026-06-15T14:49:59Z","2026-06-16","2031-06-20","","FALSE","BBSF","FALSE","TRUE","","46,672,199+","","EUR","","","","","","","","","","","","","","","","","","","","","","","","","0.05","","","","","","0.024825","","","","","","false","","","3","","","A004","","","","","","","","5625944.30144","MNTH","","","","3","","","","UFRO","EUR","","","","","false","1","","","","","","","","","","TRUE","","","","0.00333","","3","","","QZ3HM9KVK2WL","NA/CDS Corp Idx","ITRAXX EUROPE CROSSOVER"
"3681524360000000201","","NEWT","TRAD","2026-06-15T15:10:34Z","","CR","","I","TRUE","2026-06-15T15:10:34Z","2026-06-16","2031-06-20","","FALSE","BBSF","FALSE","FALSE","","15,000,000","","USD","","","","","","","","","","","","","","","","","","","","","","","","","0.05","","","","","","0.0108379","","","","","","false","","","3","","","A004","","","","","","","","1425781.50000","MNTH","","","","3","","","","UFRO","USD","","","","","false","0.99","","","","","","","","","","FALSE","","","","","","","","","QZHH8NT767RX","NA/CDS Corp Idx","CDX.NA.HY"
"3681524362000000401","","NEWT","TRAD","2026-06-15T15:10:47Z","","CR","","I","TRUE","2026-06-15T15:10:47Z","2026-06-16","2031-06-20","","","TWSF","FALSE","FALSE","","2,000,000","","EUR","","","","","","","","","","","","","","","","","","","","","","","","","0.05","","","","","","0.02484271","","","","","","false","","","3","","","A004","","","","","","","","240916.93051","MNTH","","","","3","","","","UFRO","EUR","","","","","false","1","","","","","","","","","","FALSE","","","","","","","","","QZ3HM9KVK2WL","NA/CDS Corp Idx","ITRAXX EUROPE CROSSOVER"
"3681546412000000301","3681338784000000201","EROR","","2026-06-15T14:31:10Z","","CR","","I","","2026-06-15T14:31:10Z","2024-03-20","2029-06-20","","","","FALSE","","FALSE","16,000,000","","EUR","","","","","","","","","","","","","","","","","","","","","","","","","0.05","","","","","","","","","","","","false","","","","","","","","","","","","","","1644752.96496","","","","","","","","","UFRO","EUR","","","","","false","0.95999","","","","","","","","","","TRUE","","","","85","","4","","","QZ4Z1V489CPL","NA/CDS Corp Idx","ITRAXX EUROPE CROSSOVER"
"3681608098000000101","","NEWT","TRAD","2026-06-15T15:28:04Z","","CR","","I","TRUE","2026-06-15T15:28:04Z","2026-06-16","2031-06-20","","FALSE","BBSF","FALSE","FALSE","","1,000,000","","USD","","","","","","","","","","","","","","","","","","","","","","","","","0.05","","","","","","0.0108395","","","","","","false","","","3","","","A004","","","","","","","","95210.50000","MNTH","","","","3","","","","UFRO","USD","","","","","false","0.99","","","","","","","","","","FALSE","","","","","","","","","QZHH8NT767RX","NA/CDS Corp Idx","CDX.NA.HY"
"3681481820000000101","","NEWT","TRAD","2026-06-15T15:01:48Z","FALSE","CR","","I","FALSE","2026-06-15T15:01:48Z","2022-09-20","2027-12-20","","","BILT","FALSE","FALSE","TRUE","345,719,991+","","EUR","","","","","","","","","","","","","","","","","","","","","","","","","0.01","","","","","","","","","","","","false","","","","","","A004","","","","","","","","5398513.44920","MNTH","","","","3","","","","UFRO","EUR","","","","","false","1","","","","","","","","","","FALSE","","","","","","","","","QZCGTH8X0JRL","NA/CDS Corp Idx","ITRAXX EUROPE SENIOR FINANCIALS"
"3681596755000000101","","NEWT","TRAD","2026-06-15T15:25:32Z","","CR","","I","TRUE","2026-06-15T15:25:32Z","2026-06-16","2031-06-20","","FALSE","BBSF","FALSE","FALSE","","20,000,000","","EUR","","","","","","","","","","","","","","","","","","","","","","","","","0.05","","","","","","0.024868","","","","","","false","","","3","","","A004","","","","","","","","2406777.78000","MNTH","","","","3","","","","UFRO","EUR","","","","","false","1","","","","","","","","","","FALSE","","","","","","","","","QZ3HM9KVK2WL","NA/CDS Corp Idx","ITRAXX EUROPE CROSSOVER"
"3681444203000000301","","NEWT","TRAD","2026-06-15T14:54:59Z","","CR","","I","TRUE","2026-06-15T14:54:59Z","2026-03-20","2031-06-20","","FALSE","TPSE","FALSE","FALSE","","100,000,000","","USD","","","","","","","","","","","","","","","","","","","","","","","","","0.01","","","","","","0.0049911","","","","","","false","","","3","","","A004","","","","","","","","","MNTH","","","","3","","","","","","USD","","","","false","1","","","","","","","OTHR","","","FALSE","","","","","","","","","QZ3WVVQG5T8K","NA/CDS Corp Idx","CDX.NA.IG"
"3681338784000000201","","NEWT","TRAD","2026-06-15T14:31:10Z","","CR","","I","FALSE","2026-06-15T14:31:10Z","2024-03-20","2029-06-20","","","BGCO","FALSE","FALSE","TRUE","16,000,000","","EUR","","","","","","","","","","","","","","","","","","","","","","","","","0.05","","","","","","","","","","","","false","","","","","","A004","","","","","","","","1644752.96496","MNTH","","","","3","","","","UFRO","EUR","","","","","false","0.95999","","","","","","","","","","TRUE","","","","85","","4","","","QZ4Z1V489CPL","NA/CDS Corp Idx","ITRAXX EUROPE CROSSOVER"
"3678329408000000101","","NEWT","TRAD","2026-06-15T09:38:01Z","","CR","","I","TRUE","2026-06-15T09:38:01Z","2026-06-16","2031-06-20","","FALSE","BBSF","FALSE","FALSE","","20,000,000","","EUR","","","","","","","","","","","","","","","","","","","","","","","","","0.05","","","","","","0.024887","","","","","","false","","","3","","","A004","","","","","","","","2404979.55000","MNTH","","","","3","","","","UFRO","EUR","","","","","false","1","","","","","","","","","","FALSE","","","","","","","","","QZ3HM9KVK2WL","NA/CDS Corp Idx","ITRAXX EUROPE CROSSOVER"
"3680110119000000201","","NEWT","TRAD","2026-06-15T11:58:41Z","","CR","","I","TRUE","2026-06-15T11:58:41Z","2026-06-16","2031-06-20","","","TWSF","FALSE","TRUE","","250,000,000+","","USD","","","","","","","","","","","","","","","","","","","","","","","","","0.01","","","","","","0.004985","","","","","","false","","","3","","","A004","","","","","","","","6260309.60500","MNTH","","","","3","","","","UFRO","USD","","","","","false","1","","","","","","","","","","FALSE","","","","","","","","","QZ3WVVQG5T8K","NA/CDS Corp Idx","CDX.NA.IG"
"3679769416000000101","","NEWT","TRAD","2026-06-15T11:01:30Z","","CR","","N","FALSE","2026-06-15T11:01:30Z","2026-06-17","2026-08-11","","FALSE","BILT","FALSE","FALSE","TRUE","7,000,000,000","","NGN","","","","","","","","","","","","","","","","","","","","","","","","","0","","","","","","0.008","","","","","","false","","","3","","3","A008","","","","","","","","","DAIL","","","","1","","","","","","USD","USD","","","false","","","","","","","","","","","FALSE","","","","","","","","","QZNSFBW64F4C","NA/CDS Corp SN","THE FEDERAL REPUBLIC OF NIGERIA"
"3680057390000000201","","NEWT","TRAD","2026-06-15T11:49:34Z","","CR","","I","TRUE","2026-06-15T11:49:34Z","2026-06-16","2031-06-20","","FALSE","BBSF","FALSE","FALSE","","100,000,000","","EUR","","","","","","","","","","","","","","","","","","","","","","","","","0.01","","","","","","0.0051066","","","","","","false","","","3","","","A004","","","","","","","","2524549.63000","MNTH","","","","3","","","","UFRO","EUR","","","","","false","1","","","","","","","","","","FALSE","","","","","","","","","QZTQ4GTC5QMF","NA/CDS Corp Idx","ITRAXX EUROPE"
"3680009239000000201","","NEWT","TRAD","2026-06-15T11:42:57Z","","CR","","I","TRUE","2026-06-15T11:42:57Z","2026-06-16","2031-06-20","","","TWSF","FALSE","FALSE","","7,000,000","","USD","","","","","","","","","","","","","","","","","","","","","","","","","0.05","","","","","","0.01084264","","","","","","false","","","3","","","A004","","","","","","","","668651.43043","MNTH","","","","3","","","","UFRO","USD","","","","","false","0.99","","","","","","","","","","FALSE","","","","","","","","","QZHH8NT767RX","NA/CDS Corp Idx","CDX.NA.HY"
"3680016525000000101","","NEWT","TRAD","2026-06-15T11:43:40Z","","CR","","I","TRUE","2026-06-15T11:43:40Z","2026-06-16","2031-06-20","","FALSE","BBSF","FALSE","FALSE","","25,000,000","","USD","","","","","","","","","","","","","","","","","","","","","","","","","0.05","","","","","","0.01084175","","","","","","false","","","3","","","A004","","","","","","","","2385831.25000","MNTH","","","","3","","","","UFRO","USD","","","","","false","0.99","","","","","","","","","","FALSE","","","","","","","","","QZHH8NT767RX","NA/CDS Corp Idx","CDX.NA.HY"
"3680067198000000301","","NEWT","TRAD","2026-06-15T11:50:54Z","","CR","","I","TRUE","2026-06-15T11:50:54Z","2026-06-16","2031-06-20","","FALSE","BBSF","FALSE","FALSE","","58,000,000","","EUR","","","","","","","","","","","","","","","","","","","","","","","","","0.01","","","","","","0.0051","","","","","","false","","","3","","","A004","","","","","","","","1466057.99010","MNTH","","","","3","","","","UFRO","EUR","","","","","false","1","","","","","","","","","","FALSE","","","","","","","","","QZTQ4GTC5QMF","NA/CDS Corp Idx","ITRAXX EUROPE"
"3680067197000000201","","NEWT","TRAD","2026-06-15T11:50:37Z","","CR","","I","TRUE","2026-06-15T11:50:37Z","2026-06-16","2031-06-20","","","TWSF","FALSE","FALSE","","99,000,000","","USD","","","","","","","","","","","","","","","","","","","","","","","","","0.01","","","","","","0.0049946","","","","","","false","","","3","","","A004","","","","","","","","2474713.50000","MNTH","","","","3","","","","UFRO","USD","","","","","false","1","","","","","","","","","","FALSE","","","","","","","","","QZ3WVVQG5T8K","NA/CDS Corp Idx","CDX.NA.IG"
"3680067196000000101","3604740581000000101","CORR","","2026-06-10T15:25:37Z","","CR","","N","FALSE","2026-06-10T07:49:20Z","2026-06-12","2026-09-14","","FALSE","BILT","FALSE","FALSE","TRUE","220,000,000,000","","IDR","","","","","","","","","","","","","","","","","","","","","","","","","0","","","","","","0.0065","","","","","","false","","","3","","3","A008","","","","","","","","","MNTH","","","","6","","","","","","USD","USD","","","false","","","","","","","","","","","FALSE","","","","","","","","","QZ470DJST5W6","NA/CDS Corp SN","STB 2025 04\REGISTERED\TREASURY BOND\2500004"
"3675916254000000101","","NEWT","TRAD","2026-06-15T08:49:44Z","","CR","","N","FALSE","2026-06-15T08:49:44Z","2026-03-20","2026-07-15","2031-06-20","FALSE","BILT","FALSE","FALSE","TRUE","345,719,991+","","EUR","","","","","","","","","","","","","","","","","","","","","","","","2026-07-15","0.01","","48,400.8","EUR","","","","","","","0.007","","false","","","","","3","A004","","","","","","","","","MNTH","","","","3","","","","","","","","","","false","1","","","","","","","","","","FALSE","","","","","","","","","QZS61NHV7CQ9","NA/Cr Op Swps EuPt Van Ph",""
"3677571013000000101","","NEWT","TRAD","2026-06-15T09:23:13Z","","CR","","I","TRUE","2026-06-15T09:23:13Z","2026-06-16","2031-06-20","","FALSE","BBSF","FALSE","FALSE","","87,000,000","","EUR","","","","","","","","","","","","","","","","","","","","","","","","","0.01","","","","","","0.005133","","","","","","false","","","3","","","A004","","","","","","","","2185435.29287","MNTH","","","","3","","","","UFRO","EUR","","","","","false","1","","","","","","","","","","TRUE","","","","0.004139","","3","","","QZTQ4GTC5QMF","NA/CDS Corp Idx","ITRAXX EUROPE"
"3677710974000000101","","NEWT","TRAD","2026-06-15T09:25:09Z","","CR","","I","TRUE","2026-06-15T09:25:09Z","2026-06-16","2031-06-20","","FALSE","BBSF","FALSE","FALSE","","30,000,000","","EUR","","","","","","","","","","","","","","","","","","","","","","","","","0.01","","","","","","0.005141","","","","","","false","","","3","","","A004","","","","","","","","752460.47000","MNTH","","","","3","","","","UFRO","EUR","","","","","false","1","","","","","","","","","","FALSE","","","","","","","","","QZTQ4GTC5QMF","NA/CDS Corp Idx","ITRAXX EUROPE"
"3677898607000000101","","NEWT","TRAD","2026-06-15T09:28:14Z","","CR","","I","TRUE","2026-06-15T09:28:14Z","2026-06-16","2031-06-20","","FALSE","BBSF","FALSE","FALSE","","100,000,000","","EUR","","","","","","","","","","","","","","","","","","","","","","","","","0.01","","","","","","0.00513593","","","","","","false","","","3","","","A004","","","","","","","","2510610.70000","MNTH","","","","3","","","","UFRO","EUR","","","","","false","1","","","","","","","","","","FALSE","","","","","","","","","QZTQ4GTC5QMF","NA/CDS Corp Idx","ITRAXX EUROPE"
"3670152393000000101","","NEWT","TRAD","2026-06-15T06:48:22Z","","CR","","I","FALSE","2026-06-15T06:48:22Z","2026-06-16","2031-06-20","","","TWSF","FALSE","FALSE","","50,000,000","","EUR","","","","","","","","","","","","","","","","","","","","","","","","","0.01","","","","","","0.0051299","","","","","","false","","","3","","","A004","","","","","","","","1256738.08000","MNTH","","","","3","","","","UFRO","EUR","","","","","false","1","","","","","","","","","","FALSE","","","","","","","","","QZTQ4GTC5QMF","NA/CDS Corp Idx","ITRAXX EUROPE"
"3677348375000000101","3652458717000000201","MODI","TRAD","2026-06-15T09:14:53Z","TRUE","CR","","N","FALSE","2026-06-12T13:14:18Z","2026-06-13","2026-06-20","","TRUE","BILT","FALSE","FALSE","TRUE","50,000,000","50,000,000","EUR","EUR","","","","","","","","","","","","","","","","","","","","","","","","0","","","","","","","","","","","","false","","","","","","A004","","","","","","","","","MNTH","","","","3","","","","","","EUR","","","","false","1","","","","","","","","","","FALSE","","","","","","","","","QZBQ3C47WQJ0","NA/CDS Corp SN","MARKIT IBOXX EUR LIQUID HIGH YIELD IDX"
"3678458634000000101","","NEWT","TRAD","2026-06-15T09:42:11Z","","CR","","I","TRUE","2026-06-15T09:42:11Z","2026-06-16","2030-12-20","","","TWSF","FALSE","FALSE","","30,000,000","","EUR","","","","","","","","","","","","","","","","","","","","","","","","","0.05","","","","","","0.0215212","","","","","","false","","","3","","","A004","","","","","","","","3771548.68879","MNTH","","","","3","","","","UFRO","EUR","","","","","false","1","","","","","","","","","","FALSE","","","","","","","","","QZ5F5FRS4TR9","NA/CDS Corp Idx","ITRAXX EUROPE CROSSOVER"
"3677142492000000201","","NEWT","TRAD","2026-06-15T09:17:04Z","","CR","","N","FALSE","2026-06-15T09:17:04Z","2026-03-20","2031-06-20","2031-06-20","TRUE","BILT","FALSE","TRUE","TRUE","345,719,991+","","EUR","","","","","","","","","","","","","","","","","","","","","","","","2026-09-16","0.01","","528,951.6","EUR","","","","","","","0.00575","","false","","","","","3","A004","","","","","","","","","MNTH","","","","3","","","","","","","","","","false","1","","","","","","","","","","FALSE","","","","","","","","","QZX75BBR2PZH","NA/CDS Idx Swt","NA/CDS Corp Idx"
"3678548867000000201","","NEWT","TRAD","2026-06-15T09:44:21Z","","CR","","I","TRUE","2026-06-15T09:44:21Z","2026-06-16","2031-06-20","","FALSE","BBSF","FALSE","FALSE","","1,000,000","","EUR","","","","","","","","","","","","","","","","","","","","","","","","","0.01","","","","","","0.00513615","","","","","","false","","","3","","","A004","","","","","","","","25105.06000","MNTH","","","","3","","","","UFRO","EUR","","","","","false","1","","","","","","","","","","FALSE","","","","","","","","","QZTQ4GTC5QMF","NA/CDS Corp Idx","ITRAXX EUROPE"
"3678579836000000101","","NEWT","TRAD","2026-06-15T09:45:07Z","","CR","","I","TRUE","2026-06-15T09:45:07Z","2026-06-16","2031-06-20","","FALSE","BBSF","FALSE","FALSE","","60,000,000","","EUR","","","","","","","","","","","","","","","","","","","","","","","","","0.01","","","","","","0.005135","","","","","","false","","","3","","","A004","","","","","","","","1506631.58000","MNTH","","","","3","","","","UFRO","EUR","","","","","false","1","","","","","","","","","","FALSE","","","","","","","","","QZTQ4GTC5QMF","NA/CDS Corp Idx","ITRAXX EUROPE"
"3678603323000000101","","NEWT","TRAD","2026-06-15T09:46:17Z","","CR","","I","TRUE","2026-06-15T09:46:17Z","2026-06-16","2031-06-20","","FALSE","BBSF","FALSE","FALSE","","15,000,000","","EUR","","","","","","","","","","","","","","","","","","","","","","","","","0.01","","","","","","0.005133","","","","","","false","","","3","","","A004","","","","","","","","376800.45000","MNTH","","","","3","","","","UFRO","EUR","","","","","false","1","","","","","","","","","","FALSE","","","","","","","","","QZTQ4GTC5QMF","NA/CDS Corp Idx","ITRAXX EUROPE"
"3685941068000000101","","NEWT","TRAD","2026-06-15T19:21:34Z","","CR","","I","FALSE","2026-06-15T19:11:18Z","2026-06-15","2026-11-18","2031-06-20","","BILT","FALSE","FALSE","TRUE","300,000,000","","USD","","","","","","","","","","","","","","","","","","","","","","","","2026-11-18","0.01","","577,500","USD","","","","","","","0.00625","","false","","","","","3","A004","","","","","","","","","MNTH","","","","3","","","","","","","","","","false","1","","","","","","","","","","FALSE","","","","","","","","","QZDRFGQM4073","NA/CDS Idx Swt","NA/CDS Corp Idx"
"3685989723000000301","3685989721000000101","MODI","TRAD","2026-06-15T19:49:20Z","TRUE","CR","","I","TRUE","2026-06-15T19:48:51Z","2026-03-20","2031-06-20","","FALSE","TPSE","FALSE","FALSE","","15,000,000","","USD","","","","","","","","","","","","","","","","","","","","","","","","","0.05","","","","","","108.365","","USD","","","","false","","","1","","","A004","","","","","","","","","MNTH","","","","3","","","","","","USD","","","","false","0.99","","","","","","","OTHR","","","FALSE","","","","","","","","","QZHH8NT767RX","NA/CDS Corp Idx","CDX.NA.HY"
"3685969070000000201","","NEWT","TRAD","2026-06-15T19:42:05Z","","CR","","I","TRUE","2026-06-15T19:42:05Z","2026-06-16","2031-06-20","","FALSE","BBSF","FALSE","TRUE","","250,000,000+","","USD","","","","","","","","","","","","","","","","","","","","","","","","","0.01","","","","","","0.004984","","","","","","false","","","3","","","A004","","","","","","","","6261496.50447","MNTH","","","","3","","","","UFRO","USD","","","","","false","1","","","","","","","","","","FALSE","","","","","","","","","QZ3WVVQG5T8K","NA/CDS Corp Idx","CDX.NA.IG"
"3685969844000000201","","NEWT","TRAD","2026-06-15T19:39:17Z","","CR","","I","TRUE","2026-06-15T19:39:17Z","2026-03-20","2026-08-19","","FALSE","BILT","FALSE","FALSE","TRUE","200,000,000","","USD","","","","","","","","","","","","","","","","","","","","","","","","2026-08-19","1.07","","1,106,424","USD","","","5","","","","107","USD","false","","","3","","1","A004","","","","","","","","","MNTH","","","","3","","","","","","","","","","false","","","","","","","","","","","FALSE","","","","","","","","","QZVK9BCP48T0","NA/CDS Idx Swt","NA/CDS Corp Idx"
"3686005889000000101","","NEWT","TRAD","2026-06-15T19:48:38Z","","CR","","I","TRUE","2026-06-15T19:48:38Z","2026-06-16","2031-06-20","","FALSE","BILT","FALSE","FALSE","FALSE","32,000,000","","USD","","","","","","","","","","","","","","","","","","","","","","","","","0.01","","","","","","","","","","","","false","","","","","","A004","","","","","","","","800944.49000","MNTH","","","","3","","","","UFRO","USD","","","","","false","1","","","","","","","","","","FALSE","","","","","","","","","QZ3WVVQG5T8K","NA/CDS Corp Idx","CDX.NA.IG"
"3685193624000000101","","NEWT","TRAD","2026-06-15T18:42:19Z","","CR","","I","TRUE","2026-06-15T18:42:19Z","2026-06-16","2031-06-20","","FALSE","BBSF","FALSE","TRUE","","200,000,000","","USD","","","","","","","","","","","","","","","","","","","","","","","","","0.01","","","","","","0.004981","","","","","","false","","","3","","","A004","","","","","","","","5011925.58000","MNTH","","","","3","","","","UFRO","USD","","","","","false","1","","","","","","","","","","FALSE","","","","","","","","","QZ3WVVQG5T8K","NA/CDS Corp Idx","CDX.NA.IG"
"3681346896000000301","","NEWT","TRAD","2026-06-15T14:33:13Z","","CR","","I","FALSE","2026-06-15T14:33:13Z","2026-06-16","2031-06-20","","","TWSF","FALSE","TRUE","","50,000,000+","","USD","","","","","","","","","","","","","","","","","","","","","","","","","0.01","","","","","","0.009828","","","","","","false","","","3","","","A004","","","","","","","","737777.66195","MNTH","","","","3","","","","UFRO","USD","","","","","false","1","","","","","","","","","","FALSE","","","","","","","","","QZ4JMQKL3P03","NA/CDS Corp Idx","CDX.EM"
"3681396333000000101","","NEWT","TRAD","2026-06-15T14:43:50Z","","CR","","I","TRUE","2026-06-15T14:43:50Z","2026-06-16","2031-06-20","","FALSE","BBSF","FALSE","FALSE","","3,000,000","","USD","","","","","","","","","","","","","","","","","","","","","","","","","0.01","","","","","","0.004992","","","","","","false","","","3","","","A004","","","","","","","","75027.17000","MNTH","","","","3","","","","UFRO","USD","","","","","false","1","","","","","","","","","","FALSE","","","","","","","","","QZ3WVVQG5T8K","NA/CDS Corp Idx","CDX.NA.IG"
"3681396336000000401","","NEWT","TRAD","2026-06-15T14:44:09Z","","CR","","I","TRUE","2026-06-15T14:44:09Z","2026-06-16","2030-12-20","","","TWSF","FALSE","FALSE","","13,000,000","","EUR","","","","","","","","","","","","","","","","","","","","","","","","","0.05","","","","","","0.0215456","","","","","","false","","","3","","","A004","","","","","","","","1632946.52515","MNTH","","","","3","","","","UFRO","EUR","","","","","false","1","","","","","","","","","","FALSE","","","","","","","","","QZ5F5FRS4TR9","NA/CDS Corp Idx","ITRAXX EUROPE CROSSOVER"
"3683344578000000301","","NEWT","TRAD","2026-06-15T17:05:37Z","","CR","","I","TRUE","2026-06-15T17:05:37Z","2026-06-16","2031-06-20","","FALSE","BBSF","FALSE","TRUE","","50,000,000","","USD","","","","","","","","","","","","","","","","","","","","","","","","","0.05","","","","","","0.010841","","","","","","false","","","3","","","A004","","","","","","","","4767950.00000","MNTH","","","","3","","","","UFRO","USD","","","","","false","0.99","","","","","","","","","","FALSE","","","","","","","","","QZHH8NT767RX","NA/CDS Corp Idx","CDX.NA.HY"
"3683610782000000101","","NEWT","TRAD","2026-06-15T17:09:05Z","","CR","","I","TRUE","2026-06-15T17:09:05Z","2026-06-16","2030-12-20","","FALSE","BBSF","FALSE","FALSE","","8,000,000","","USD","","","","","","","","","","","","","","","","","","","","","","","","","0.05","","","","","","0.010848","","","","","","false","","","3","","","A004","","","","","","","","760657.83961","MNTH","","","","3","","","","UFRO","USD","","","","","false","0.98","","","","","","","","","","FALSE","","","","","","","","","QZMD5JCHG48C","NA/CDS Corp Idx","CDX.NA.HY"
"3684821090000000201","","NEWT","TRAD","2026-06-15T17:31:02Z","","CR","","I","TRUE","2026-06-15T17:31:02Z","2026-06-16","2031-06-20","","FALSE","BBSF","FALSE","FALSE","","5,000,000","","USD","","","","","","","","","","","","","","","","","","","","","","","","","0.05","","","","","","0.0108407","","","","","","false","","","3","","","A004","","","","","","","","476646.50000","MNTH","","","","3","","","","UFRO","USD","","","","","false","0.99","","","","","","","","","","FALSE","","","","","","","","","QZHH8NT767RX","NA/CDS Corp Idx","CDX.NA.HY"
"3681382294000000101","","NEWT","TRAD","2026-06-15T14:39:31Z","","CR","","N","FALSE","2026-06-15T14:39:31Z","2025-09-22","2030-12-20","2030-12-20","FALSE","BILT","FALSE","FALSE","FALSE","10,000,000","","EUR","","","","","","","","","","","","","","","","","","","","","","","","","0.01","","","","","","","","","","","","false","","","","","","A004","","","","","","","","349389.55000","MNTH","","","","3","","","","UFRO","EUR","","","","","false","1","","","","","","","","","","FALSE","","","","","","","","","QZ9GDBQDH8LN","NA/CDS Corp Idx Tra","ITRAXX EUROPE"
"3684282664000000101","","NEWT","TRAD","2026-06-15T17:19:46Z","","CR","","I","TRUE","2026-06-15T17:19:46Z","2026-06-16","2031-06-20","","FALSE","BBSF","FALSE","FALSE","","15,000,000","","USD","","","","","","","","","","","","","","","","","","","","","","","","","0.05","","","","","","0.0108415","","","","","","false","","","3","","","A004","","","","","","","","1431127.50000","MNTH","","","","3","","","","UFRO","USD","","","","","false","0.99","","","","","","","","","","FALSE","","","","","","","","","QZHH8NT767RX","NA/CDS Corp Idx","CDX.NA.HY"
"3684381621000000101","","NEWT","TRAD","2026-06-15T17:18:15Z","","CR","","I","TRUE","2026-06-15T17:18:15Z","2026-03-20","2026-10-21","","FALSE","BILT","FALSE","FALSE","TRUE","25,000,000","","USD","","","","","","","","","","","","","","","","","","","","","","","","2026-10-21","1","","72,393.75","USD","","","5","","","","100","USD","false","","","3","","1","A004","","","","","","","","","MNTH","","","","3","","","","","","","","","","false","","","","","","","","","","","FALSE","","","","","","","","","QZVK9BCP48T0","NA/CDS Idx Swt","NA/CDS Corp Idx"
"3681362583000000301","","NEWT","TRAD","2026-06-15T14:35:05Z","","CR","","I","TRUE","2026-06-15T14:35:05Z","2026-06-16","2031-06-20","","FALSE","BBSF","FALSE","TRUE","","250,000,000+","","USD","","","","","","","","","","","","","","","","","","","","","","","","","0.01","","","","","","0.004989","","","","","","false","","","3","","","A004","","","","","","","","6255712.38500","MNTH","","","","3","","","","UFRO","USD","","","","","false","1","","","","","","","","","","FALSE","","","","","","","","","QZ3WVVQG5T8K","NA/CDS Corp Idx","CDX.NA.IG"
"3685219444000000101","","NEWT","TRAD","2026-06-15T18:50:21Z","","CR","","I","TRUE","2026-06-15T18:50:21Z","2026-06-16","2031-06-20","","FALSE","BBSF","FALSE","FALSE","","42,000,000","","USD","","","","","","","","","","","","","","","","","","","","","","","","","0.05","","","","","","0.01083727","","","","","","false","","","3","","","A004","","","","","","","","3989561.75599","MNTH","","","","3","","","","UFRO","USD","","","","","false","0.99","","","","","","","","","","FALSE","","","","","","","","","QZHH8NT767RX","NA/CDS Corp Idx","CDX.NA.HY"
"3685277078000000101","","NEWT","TRAD","2026-06-15T18:53:42Z","","CR","","I","TRUE","2026-06-15T18:53:42Z","2026-06-16","2031-06-20","","FALSE","BBSF","FALSE","FALSE","","10,000,000","","USD","","","","","","","","","","","","","","","","","","","","","","","","","0.05","","","","","","0.0108375","","","","","","false","","","3","","","A004","","","","","","","","950125.00000","MNTH","","","","3","","","","UFRO","USD","","","","","false","0.99","","","","","","","","","","FALSE","","","","","","","","","QZHH8NT767RX","NA/CDS Corp Idx","CDX.NA.HY"
"3681346895000000201","","NEWT","TRAD","2026-06-15T14:33:08Z","","CR","","I","TRUE","2026-06-15T14:33:08Z","2026-06-16","2031-06-20","","","TWSF","FALSE","TRUE","","70,000,000","","USD","","","","","","","","","","","","","","","","","","","","","","","","","0.05","","","","","","0.0108369","","","","","","false","","","3","","","A004","","","","","","","","6646717.00000","MNTH","","","","3","","","","UFRO","USD","","","","","false","0.99","","","","","","","","","","FALSE","","","","","","","","","QZHH8NT767RX","NA/CDS Corp Idx","CDX.NA.HY"
"3685943969000000301","","NEWT","TRAD","2026-06-15T19:23:33Z","","CR","","I","TRUE","2026-06-15T19:23:33Z","2026-03-20","2031-06-20","","FALSE","TPSE","FALSE","FALSE","","50,000,000","","USD","","","","","","","","","","","","","","","","","","","","","","","","","0.01","","","","","","0.004985","","","","","","false","","","3","","","A004","","","","","","","","","MNTH","","","","3","","","","","","USD","","","","false","1","","","","","","","OTHR","","","FALSE","","","","","","","","","QZ3WVVQG5T8K","NA/CDS Corp Idx","CDX.NA.IG"
"3685941069000000201","","NEWT","TRAD","2026-06-15T19:21:52Z","","CR","","I","TRUE","2026-06-15T19:21:52Z","2026-06-16","2031-06-20","","FALSE","BBSF","FALSE","FALSE","","110,000,000","","USD","","","","","","","","","","","","","","","","","","","","","","","","","0.01","","","","","","0.004978","","","","","","false","","","3","","","A004","","","","","","","","2758078.74925","MNTH","","","","3","","","","UFRO","USD","","","","","false","1","","","","","","","","","","FALSE","","","","","","","","","QZ3WVVQG5T8K","NA/CDS Corp Idx","CDX.NA.IG"
"3685942778000000201","","NEWT","TRAD","2026-06-15T19:22:57Z","","CR","","I","TRUE","2026-06-15T19:22:57Z","2026-06-16","2031-06-20","","FALSE","BBSF","FALSE","FALSE","","10,000,000","","USD","","","","","","","","","","","","","","","","","","","","","","","","","0.05","","","","","","0.01083725","","","","","","false","","","3","","","A004","","","","","","","","949877.50000","MNTH","","","","3","","","","UFRO","USD","","","","","false","0.99","","","","","","","","","","FALSE","","","","","","","","","QZHH8NT767RX","NA/CDS Corp Idx","CDX.NA.HY"
"3685930926000000101","3685811033000000101","EROR","","2026-06-15T19:13:14Z","","CR","","","","2026-06-15T19:10:22Z","2026-06-15","2026-09-16","","","","","","FALSE","","","","","","","","","","","","","","","","","","","","","","","","","","","","0.01","","","","","","","","","","","","","","","","","","","","","","","","","","","","","","","","","","","","","","","","","","","","","","","","","","","","","","","","","","","","","QZT4QS79CCTS","NA/CDS Idx Swt","NA/CDS Corp Idx"
"3685968235000000201","","NEWT","TRAD","2026-06-15T19:40:39Z","","CR","","I","TRUE","2026-06-15T19:40:39Z","2026-06-16","2031-06-20","","FALSE","BBSF","FALSE","FALSE","","7,000,000","","USD","","","","","","","","","","","","","","","","","","","","","","","","","0.05","","","","","","0.01083615","","","","","","false","","","3","","","A004","","","","","","","","664154.41163","MNTH","","","","3","","","","UFRO","USD","","","","","false","0.99","","","","","","","","","","FALSE","","","","","","","","","QZHH8NT767RX","NA/CDS Corp Idx","CDX.NA.HY"
"3670651163000000501","2387777615000000701","MODI","TRAD","2026-06-15T07:02:51Z","TRUE","CR","","N","FALSE","2026-01-20T20:48:02Z","2026-01-20","2026-12-10","","FALSE","BILT","FALSE","FALSE","TRUE","59,000,000","","USD","","","","","","","","","","","","","","","","","","","","","","","","","","","","","","","","","","","","","false","","","","","","","","","","","","","","0.00000","","","","","","","","","UFRO","USD","USD","","","","true","","","","","","","","","","","FALSE","","","","","","","","","QZRR0D5S3SHF","NA/CDS Corp Basket","Basket"
"3672166534000000101","","NEWT","TRAD","2026-06-15T07:46:06Z","","CR","","I","TRUE","2026-06-15T07:46:06Z","2026-06-16","2031-06-20","","","TWSF","FALSE","FALSE","","25,000,000","","EUR","","","","","","","","","","","","","","","","","","","","","","","","","0.05","","","","","","0.024782","","","","","","false","","","3","","","A004","","","","","","","","3018650.52000","MNTH","","","","3","","","","UFRO","EUR","","","","","false","1","","","","","","","","","","FALSE","","","","","","","","","QZ3HM9KVK2WL","NA/CDS Corp Idx","ITRAXX EUROPE CROSSOVER"
"3672485370000000101","","NEWT","TRAD","2026-06-15T07:52:12Z","","CR","","I","TRUE","2026-06-15T07:52:12Z","2026-06-16","2031-06-20","","FALSE","BBSF","FALSE","FALSE","","10,000,000","","EUR","","","","","","","","","","","","","","","","","","","","","","","","","0.05","","","","","","0.02483222","","","","","","false","","","3","","","A004","","","","","","","","1205082.42000","MNTH","","","","3","","","","UFRO","EUR","","","","","false","1","","","","","","","","","","FALSE","","","","","","","","","QZ3HM9KVK2WL","NA/CDS Corp Idx","ITRAXX EUROPE CROSSOVER"
"3670240041000000101","","NEWT","TRAD","2026-06-15T06:52:40Z","","CR","","I","FALSE","2026-06-15T06:52:40Z","2026-06-16","2031-06-20","","","TWSF","FALSE","FALSE","","28,000,000","","EUR","","","","","","","","","","","","","","","","","","","","","","","","","0.05","","","","","","0.0248518","","","","","","false","","","3","","","A004","","","","","","","","3371635.69000","MNTH","","","","3","","","","UFRO","EUR","","","","","false","1","","","","","","","","","","FALSE","","","","","","","","","QZ3HM9KVK2WL","NA/CDS Corp Idx","ITRAXX EUROPE CROSSOVER"
"3682317667000000101","","NEWT","TRAD","2026-06-15T16:03:31Z","","CR","","N","FALSE","2026-06-15T16:03:31Z","2026-03-20","2026-09-16","2031-06-20","FALSE","BILT","FALSE","FALSE","TRUE","400,000,000+","","USD","","","","","","","","","","","","","","","","","","","","","","","","2026-09-16","0.01","","634,000","USD","","","","","","","0.0055","","false","","","","","3","A004","","","","","","","","","MNTH","","","","3","","","","","","","","","","false","1","","","","","","","","","","FALSE","","","","","","","","","QZ7WW76RFHN3","NA/CDS Idx Swt","NA/CDS Corp Idx"
"3671651692000000201","","NEWT","TRAD","2026-06-15T07:29:04Z","","CR","","I","TRUE","2026-06-15T07:29:04Z","2026-06-16","2031-06-20","","FALSE","BBSF","FALSE","TRUE","","164,216,996+","","EUR","","","","","","","","","","","","","","","","","","","","","","","","","0.01","","","","","","0.005115","","","","","","false","","","3","","","A004","","","","","","","","4139198.60433","MNTH","","","","3","","","","UFRO","EUR","","","","","false","1","","","","","","","","","","TRUE","","","","0.000485","","3","","","QZTQ4GTC5QMF","NA/CDS Corp Idx","ITRAXX EUROPE"
"3678085536000000301","","NEWT","TRAD","2026-06-15T09:32:30Z","","CR","","N","FALSE","2026-06-15T09:32:30Z","2026-06-17","2026-09-15","","FALSE","BILT","FALSE","FALSE","TRUE","1,000,000,000","","EGP","","","","","","","","","","","","","","","","","","","","","","","","","0","","","","","","0.0075","","","","","","false","","","3","","3","A005","","","","","","","","","DAIL","","","","1","","","","","","USD","USD","","","false","","","","","","","","","","","FALSE","","","","","","","","","QZ8L2ZPSHS69","NA/CDS Corp SN","No name obtainable"
"3679846019000000401","","NEWT","TRAD","2026-06-15T11:13:21Z","","CR","","I","TRUE","2026-06-15T11:13:21Z","2026-06-16","2031-06-20","","FALSE","BBSF","FALSE","FALSE","","8,000,000","","USD","","","","","","","","","","","","","","","","","","","","","","","","","0.05","","","","","","0.010843345","","","","","","false","","","3","","","A004","","","","","","","","764731.62711","MNTH","","","","3","","","","UFRO","USD","","","","","false","0.99","","","","","","","","","","FALSE","","","","","","","","","QZHH8NT767RX","NA/CDS Corp Idx","CDX.NA.HY"
"3682478107000000601","","NEWT","TRAD","2026-06-15T16:30:24Z","","CR","","I","TRUE","2026-06-15T16:30:24Z","2026-06-16","2031-06-20","","FALSE","BBSF","FALSE","TRUE","","210,000,000","","USD","","","","","","","","","","","","","","","","","","","","","","","","","0.01","","","","","","0.004966","","","","","","false","","","3","","","A004","","","","","","","","5277003.42211","MNTH","","","","3","","","","UFRO","USD","","","","","false","1","","","","","","","","","","FALSE","","","","","","","","","QZ3WVVQG5T8K","NA/CDS Corp Idx","CDX.NA.IG"
"3686710429000000101","","NEWT","TRAD","2026-06-15T20:30:11Z","","CR","","N","FALSE","2026-06-15T20:30:11Z","2026-03-20","2031-06-20","","FALSE","BILT","FALSE","FALSE","TRUE","1,500,000,000","","JPY","","","","","","","","","","","","","","","","","","","","","","","","","0.01","","","","","","","","","","","","false","","","","","","A004","","","","","","","","","MNTH","","","","3","","","","","","JPY","","","","true","","","","","","","","","","","FALSE","","","","","","","","","QZ2989D7H87S","NA/CDS Corp Basket","Basket"
"3687420620000000201","3555341580000000901","CORR","","2026-06-15T21:05:22Z","","CR","","N","FALSE","2026-06-05T21:28:11Z","2026-06-07","2064-09-27","2064-09-27","TRUE","BILT","FALSE","FALSE","TRUE","250,000,000","","USD","","","","","","","","","","","","","","","","","","","","","","","","","","","","","","","1","","","","","","false","","","4","","","","","A004","","DAIL","","1","","","","","","","","","","","","","USD","","","","true","","","","","","","","OPET","","","FALSE","","","","","","","","","QZWBC8GZ8TBN","NA/CDS Corp Oth","Basket"
"3687411334000000101","3555328370000000601","CORR","","2026-06-15T21:05:09Z","","CR","","N","FALSE","2026-06-05T21:28:49Z","2026-06-07","2034-05-15","2034-05-15","TRUE","BILT","FALSE","FALSE","TRUE","140,000,000","","USD","","","","","","","","","","","","","","","","","","","","","","","","","","","","","","","1","","","","","","false","","","4","","","","","A004","","DAIL","","1","","","","","","","","","","","","","USD","","","","true","","","","","","","","OPET","","","FALSE","","","","","","","","","QZWBC8GZ8TBN","NA/CDS Corp Oth","Basket"
"3687505047000000101","3681809062000000201","TERM","ETRM","2026-06-15T21:31:37Z","","CR","","N","","2026-06-15T15:54:12Z","2026-06-15","2057-12-17","","FALSE","BILT","FALSE","","FALSE","5,000,000","","USD","","","","","","","","","","","","","","","","","","","","","","","","","0.03","","","","","","","","","","","","false","","","","","","","","","","","","","","400625.00000","","","","","","","","","UFRO","USD","USD","","","","false","1","","","","","","","","","","FALSE","","","","","","","","","QZJRXK09Z9CF","NA/CDS Corp Idx","CMBX.NA.BBB-"
"3679269788000000101","","NEWT","TRAD","2026-06-15T10:20:38Z","","CR","","I","TRUE","2026-06-15T10:20:38Z","2026-06-16","2031-06-20","","FALSE","BBSF","FALSE","FALSE","","85,000,000","","EUR","","","","","","","","","","","","","","","","","","","","","","","","","0.01","","","","","","0.005125","","","","","","false","","","3","","","A004","","","","","","","","2138434.03000","MNTH","","","","3","","","","UFRO","EUR","","","","","false","1","","","","","","","","","","TRUE","","","","0.005125","","3","","","QZTQ4GTC5QMF","NA/CDS Corp Idx","ITRAXX EUROPE"
"3679284751000000101","","NEWT","TRAD","2026-06-15T10:17:55Z","","CR","","I","TRUE","2026-06-15T10:17:55Z","2026-03-20","2031-06-20","","","TREU","FALSE","FALSE","FALSE","30,000,000","","EUR","","","","","","","","","","","","","","","","","","","","","","","","","0.01","","","","","","","","","","","","false","","","","","","A004","","","","","","","","755953.30000","MNTH","","","","3","","","","UFRO","EUR","","","","","false","1","","","","","","","","","","FALSE","","","","","","","","","QZTQ4GTC5QMF","NA/CDS Corp Idx","ITRAXX EUROPE"
"3679299653000000101","3679226684000000101","TERM","ETRM","2026-06-15T10:18:07Z","","CR","","N","FALSE","2026-06-15T10:04:00Z","2026-07-15","2026-07-15","2031-06-20","FALSE","BILT","FALSE","FALSE","FALSE","300,000,000","","EUR","","","","","","","","","","","","","","","","","","","","","","","","2026-07-15","0.01","","36,000","EUR","","","","","","","0.0075","","false","","","","","3","A004","","","","","","","","","MNTH","","","","3","","","","","","","","","","false","","","","","","","","","","","TRUE","0.0001275","","3","","","","","","QZ8Z2HV2KGSW","NA/CDS Idx Swt","NA/CDS Corp Idx"
"3679125824000000201","3652580495000000201","MODI","TRAD","2026-06-15T09:57:58Z","TRUE","CR","","N","FALSE","2026-06-12T12:55:36Z","2026-06-13","2026-09-20","","TRUE","BILT","FALSE","FALSE","TRUE","50,000,000","50,000,000","EUR","EUR","","","","","","","","","","","","","","","","","","","","","","","","0","","","","","","","","","","","","false","","","","","","A004","","","","","","","","","MNTH","","","","3","","","","","","EUR","","","","false","1","","","","","","","","","","FALSE","","","","","","","","","QZBQ3C47WQJ0","NA/CDS Corp SN","MARKIT IBOXX EUR LIQUID HIGH YIELD IDX"
"3678866471000000101","","NEWT","TRAD","2026-06-15T09:56:33Z","","CR","","I","TRUE","2026-06-15T09:56:33Z","2026-06-16","2031-06-20","","FALSE","BBSF","FALSE","FALSE","","10,000,000","","EUR","","","","","","","","","","","","","","","","","","","","","","","","","0.01","","","","","","0.0051266","","","","","","false","","","3","","","A004","","","","","","","","251504.44000","MNTH","","","","3","","","","UFRO","EUR","","","","","false","1","","","","","","","","","","FALSE","","","","","","","","","QZTQ4GTC5QMF","NA/CDS Corp Idx","ITRAXX EUROPE"
"3680920911000000101","","NEWT","TRAD","2026-06-15T13:20:33Z","","CR","","I","FALSE","2026-06-15T13:20:33Z","2026-06-16","2031-06-20","","","TWSF","FALSE","FALSE","","4,000,000","","EUR","","","","","","","","","","","","","","","","","","","","","","","","","0.01","","","","","","0.005121","","","","","","false","","","3","","","A004","","","","","","","","100708.23000","MNTH","","","","3","","","","UFRO","EUR","","","","","false","1","","","","","","","","","","FALSE","","","","","","","","","QZTQ4GTC5QMF","NA/CDS Corp Idx","ITRAXX EUROPE"
"3679003702000000401","","NEWT","TRAD","2026-06-15T10:03:00Z","","CR","","I","TRUE","2026-06-15T10:03:00Z","2026-03-20","2031-06-20","","FALSE","BGCD","FALSE","FALSE","","10,000,000","","EUR","","","","","","","","","","","","","","","","","","","","","","","","","","","","","","","0.0248375","","","","","","false","","","3","","","A004","","","","","","","","","MNTH","","","","3","","","","","","","","","","false","1","","","","","","","","","","TRUE","","","","0.001775","","3","","","QZ3HM9KVK2WL","NA/CDS Corp Idx","ITRAXX EUROPE CROSSOVER"
"3681075628000000101","","NEWT","TRAD","2026-06-15T13:36:00Z","","CR","","I","TRUE","2026-06-15T13:36:00Z","2026-06-16","2031-06-20","","FALSE","BBSF","FALSE","FALSE","","30,000,000","","USD","","","","","","","","","","","","","","","","","","","","","","","","","0.05","","","","","","0.0108421","","","","","","false","","","3","","","A004","","","","","","","","2864037.00000","MNTH","","","","3","","","","UFRO","USD","","","","","false","0.99","","","","","","","","","","FALSE","","","","","","","","","QZHH8NT767RX","NA/CDS Corp Idx","CDX.NA.HY"
"3680957109000000201","","NEWT","TRAD","2026-06-15T13:24:44Z","","CR","","I","TRUE","2026-06-15T13:24:44Z","2026-06-16","2031-06-20","","","TWSF","FALSE","FALSE","","110,000,000","","USD","","","","","","","","","","","","","","","","","","","","","","","","","0.01","","","","","","0.004977","","","","","","false","","","3","","","A004","","","","","","","","2758581.98000","MNTH","","","","3","","","","UFRO","USD","","","","","false","1","","","","","","","","","","FALSE","","","","","","","","","QZ3WVVQG5T8K","NA/CDS Corp Idx","CDX.NA.IG"
"3680991329000000101","","NEWT","TRAD","2026-06-15T13:28:26Z","","CR","","I","TRUE","2026-06-15T13:28:26Z","2026-06-16","2031-06-20","","FALSE","BBSF","FALSE","FALSE","","5,000,000","","EUR","","","","","","","","","","","","","","","","","","","","","","","","","0.05","","","","","","0.0247899","","","","","","false","","","3","","","A004","","","","","","","","603543.05000","MNTH","","","","3","","","","UFRO","EUR","","","","","false","1","","","","","","","","","","FALSE","","","","","","","","","QZ3HM9KVK2WL","NA/CDS Corp Idx","ITRAXX EUROPE CROSSOVER"
"3681016527000000101","","NEWT","TRAD","2026-06-15T13:31:18Z","","CR","","I","TRUE","2026-06-15T13:31:18Z","2026-06-16","2030-12-20","","FALSE","BBSF","FALSE","FALSE","","190,000,000","","USD","","","","","","","","","","","","","","","","","","","","","","","","","0.01","","","","","","0.004549","","","","","","false","","","3","","","A004","","","","","","","","4722250.97000","MNTH","","","","3","","","","UFRO","USD","","","","","false","1","","","","","","","","","","TRUE","","","","0.000415","","3","","","QZN3HTTN5303","NA/CDS Corp Idx","CDX.NA.IG"
"3681016534000000801","","NEWT","TRAD","2026-06-15T13:31:40Z","","CR","","I","TRUE","2026-06-15T13:31:40Z","2026-06-16","2031-06-20","","FALSE","BBSF","FALSE","FALSE","","1,000,000","","USD","","","","","","","","","","","","","","","","","","","","","","","","","0.05","","","","","","0.01084228","","","","","","false","","","3","","","A004","","","","","","","","95485.72000","MNTH","","","","3","","","","UFRO","USD","","","","","false","0.99","","","","","","","","","","FALSE","","","","","","","","","QZHH8NT767RX","NA/CDS Corp Idx","CDX.NA.HY"
"3671173577000000101","","NEWT","TRAD","2026-06-15T07:14:42Z","","CR","","I","TRUE","2026-06-15T07:14:42Z","2026-03-20","2031-06-20","","","BMTF","FALSE","FALSE","FALSE","5,000,000","","EUR","","","","","","","","","","","","","","","","","","","","","","","","","0.05","","","","","","","","","","","","false","","","","","","A004","","","","","","","","602454.11000","MNTH","","","","3","","","","UFRO","EUR","","","","","false","1","","","","","","","","","","FALSE","","","","","","","","","QZ3HM9KVK2WL","NA/CDS Corp Idx","ITRAXX EUROPE CROSSOVER"
"3671204790000000101","","NEWT","TRAD","2026-06-15T07:18:30Z","","CR","","I","TRUE","2026-06-15T07:18:30Z","2026-06-16","2031-06-20","","FALSE","BBSF","FALSE","FALSE","","20,000,000","","EUR","","","","","","","","","","","","","","","","","","","","","","","","","0.05","","","","","","0.0247575","","","","","","false","","","3","","","A004","","","","","","","","2417241.12000","MNTH","","","","3","","","","UFRO","EUR","","","","","false","1","","","","","","","","","","FALSE","","","","","","","","","QZ3HM9KVK2WL","NA/CDS Corp Idx","ITRAXX EUROPE CROSSOVER"
"3671396092000000101","","NEWT","TRAD","2026-06-15T07:20:48Z","","CR","","I","TRUE","2026-06-15T07:20:48Z","2026-06-16","2031-06-20","","FALSE","BBSF","FALSE","FALSE","","15,000,000","","EUR","","","","","","","","","","","","","","","","","","","","","","","","","0.01","","","","","","0.00510595","","","","","","false","","","3","","","A004","","","","","","","","378728.79000","MNTH","","","","3","","","","UFRO","EUR","","","","","false","1","","","","","","","","","","FALSE","","","","","","","","","QZTQ4GTC5QMF","NA/CDS Corp Idx","ITRAXX EUROPE"
"3681365226000000501","","NEWT","TRAD","2026-06-15T14:35:46Z","","CR","","I","TRUE","2026-06-15T14:35:46Z","2026-06-16","2031-06-20","","FALSE","BBSF","FALSE","FALSE","","15,000,000","","USD","","","","","","","","","","","","","","","","","","","","","","","","","0.05","","","","","","0.01083724","","","","","","false","","","3","","","A004","","","","","","","","1424801.40000","MNTH","","","","3","","","","UFRO","USD","","","","","false","0.99","","","","","","","","","","FALSE","","","","","","","","","QZHH8NT767RX","NA/CDS Corp Idx","CDX.NA.HY"
"3681264940000000101","","NEWT","TRAD","2026-06-15T14:13:33Z","","CR","","N","FALSE","2026-06-15T14:13:33Z","2026-06-16","2026-09-16","2031-06-20","FALSE","BILT","FALSE","FALSE","TRUE","345,719,991+","","EUR","","","","","","","","","","","","","","","","","","","","","","","","2026-09-16","0.01","","41,486.4","EUR","","","","","","","150","EUR","false","","","","","1","A004","","","","","","","","","MNTH","","","","3","","","","","","","","","","false","","","","","","","","","","","FALSE","","","","","","","","","QZS1WNR5R2ND","NA/CDS Idx Swt","NA/CDS Corp Idx"
"3680242364000000101","","NEWT","TRAD","2026-06-15T12:12:00Z","","CR","","N","FALSE","2026-06-15T12:12:00Z","2026-03-20","2031-06-20","","FALSE","BILT","FALSE","FALSE","FALSE","50,000,000","","EUR","","","","","","","","","","","","","","","","","","","","","","","","","0.01","","","","","","","","","","","","false","","","","","","A004","","","","","","","","1263843.00000","MNTH","","","","3","","","","UFRO","EUR","","","","","false","1","","","","","","","","","","FALSE","","","","","","","","","QZTQ4GTC5QMF","NA/CDS Corp Idx","ITRAXX EUROPE"
"3681166448000000101","","NEWT","TRAD","2026-06-15T13:54:40Z","","CR","","I","FALSE","2026-06-15T13:54:40Z","2026-06-16","2031-06-20","","","TWSF","FALSE","FALSE","","4,000,000","","USD","","","","","","","","","","","","","","","","","","","","","","","","","0.01","","","","","","0.00983","","","","","","false","","","3","","","A004","","","","","","","","58222.22038","MNTH","","","","3","","","","UFRO","USD","","","","","false","1","","","","","","","","","","FALSE","","","","","","","","","QZ4JMQKL3P03","NA/CDS Corp Idx","CDX.EM"
"3682751204000000201","","NEWT","TRAD","2026-06-15T16:37:38Z","","CR","","N","FALSE","2026-06-15T16:37:38Z","2026-06-16","2026-09-20","2026-09-20","FALSE","BILT","FALSE","FALSE","TRUE","450,000","","USD","","","","","","","","","","","","","","","","","","","","","","","","","","","","","","","","","","","","","false","","","","","","A004","","","","","","","","3996.80984","MNTH","","","","3","","","","UFRO","USD","","","","","false","1","","","","","","","","","","FALSE","","","","","","","","","QZ5ND0SMQQL4","NA/Cr Sw Idx TRtn Corp Ph",""
"3683407966000000101","808870402","EROR","","2026-06-15T17:01:47Z","","CR","","N","FALSE","2023-08-30T16:16:51Z","2023-08-30","2072-12-16","2072-12-16","FALSE","BILT","FALSE","FALSE","FALSE","15","","USD","","","","","","","","","","","","","","","","","","","","","","","","","0.05","","","","","","","","","","","","true","","","","","","A004","","","","","","","","6.02000","","","","","","","","","UFRO","USD","","","","","false","1","","","","","","","","","","FALSE","","","","","","","","","QZ3P1P6N32PC","NA/CDS Corp Idx","CMBX.NA.BB"
"3687510385000000101","3681253202000000201","TERM","ETRM","2026-06-15T21:33:04Z","","CR","","N","","2026-06-15T14:10:43Z","2026-06-15","2057-12-17","","FALSE","BILT","FALSE","","FALSE","10,000,000","","USD","","","","","","","","","","","","","","","","","","","","","","","","","0.03","","","","","","","","","","","","false","","","","","","","","","","","","","","807500.00000","","","","","","","","","UFRO","USD","USD","","","","false","1","","","","","","","","","","FALSE","","","","","","","","","QZJRXK09Z9CF","NA/CDS Corp Idx","CMBX.NA.BBB-"
"3680274090000000301","","NEWT","TRAD","2026-06-15T12:22:21Z","","CR","","I","TRUE","2026-06-15T12:22:21Z","2026-06-16","2031-06-20","","FALSE","BBSF","FALSE","FALSE","","20,000,000","","EUR","","","","","","","","","","","","","","","","","","","","","","","","","0.05","","","","","","0.02475495","","","","","","false","","","3","","","A004","","","","","","","","2417482.68000","MNTH","","","","3","","","","UFRO","EUR","","","","","false","1","","","","","","","","","","FALSE","","","","","","","","","QZ3HM9KVK2WL","NA/CDS Corp Idx","ITRAXX EUROPE CROSSOVER"
"3680288359000000201","","NEWT","TRAD","2026-06-15T12:23:03Z","","CR","","I","FALSE","2026-06-15T12:23:03Z","2026-06-16","2031-06-20","","","TWSF","FALSE","FALSE","","27,000,000","","USD","","","","","","","","","","","","","","","","","","","","","","","","","0.01","","","","","","0.0098255","","","","","","false","","","3","","","A004","","","","","","","","405148.07224","MNTH","","","","3","","","","UFRO","USD","","","","","false","1","","","","","","","","","","FALSE","","","","","","","","","QZ4JMQKL3P03","NA/CDS Corp Idx","CDX.EM"
"3680304193000000301","3654600708000000501","EROR","","2026-06-15T12:22:02Z","","CR","","","","2026-06-12T16:07:12Z","2026-06-12","2026-08-19","","","","","","FALSE","","","","","","","","","","","","","","","","","","","","","","","","","","","","0.05","","","","","","","","","","","","","","","","","","","","","","","","","","","","","","","","","","","","","","","","","","","","","","","","","","","","","","","","","","","","","QZWDX55NJN4V","NA/CDS Idx Swt","NA/CDS Corp Idx"
"3680274089000000201","","NEWT","TRAD","2026-06-15T12:22:15Z","","CR","","I","TRUE","2026-06-15T12:22:15Z","2026-03-20","2031-06-20","","FALSE","TPSE","FALSE","FALSE","","50,000,000","","USD","","","","","","","","","","","","","","","","","","","","","","","","","0.01","","","","","","0.004995","","","","","","false","","","3","","","A004","","","","","","","","","MNTH","","","","3","","","","","","USD","","","","false","1","","","","","","","OTHR","","","FALSE","","","","","","","","","QZ3WVVQG5T8K","NA/CDS Corp Idx","CDX.NA.IG"
"3680311639000000301","","NEWT","TRAD","2026-06-15T12:24:28Z","","CR","","I","TRUE","2026-06-15T12:24:28Z","2026-06-16","2031-06-20","","","TWSF","FALSE","FALSE","","3,000,000","","USD","","","","","","","","","","","","","","","","","","","","","","","","","0.05","","","","","","0.0108381","","","","","","false","","","3","","","A004","","","","","","","","285213.92590","MNTH","","","","3","","","","UFRO","USD","","","","","false","0.99","","","","","","","","","","FALSE","","","","","","","","","QZHH8NT767RX","NA/CDS Corp Idx","CDX.NA.HY"
"3680630867000000101","","NEWT","TRAD","2026-06-15T12:45:01Z","","CR","","N","FALSE","2026-06-15T12:45:01Z","2026-06-15","2026-08-19","2031-06-20","FALSE","BILT","FALSE","FALSE","TRUE","400,000,000+","","USD","","","","","","","","","","","","","","","","","","","","","","","","2026-08-19","0.01","","150,400","USD","","","","","","","0.00475","","false","","","","","3","A004","","","","","","","","","MNTH","","","","3","","","","","","","","","","false","1","","","","","","","","","","FALSE","","","","","","","","","QZ7WW76RFHN3","NA/CDS Idx Swt","NA/CDS Corp Idx"
"3680101278000000201","3680083386000000101","MODI","TRAD","2026-06-15T11:57:11Z","TRUE","CR","","I","TRUE","2026-06-15T11:53:15Z","2026-03-20","2031-06-20","","FALSE","TPSE","FALSE","FALSE","","10,000,000","","USD","","","","","","","","","","","","","","","","","","","","","","","","","0.05","","","","","","108.405","","USD","","","","false","","","1","","","A004","","","","","","","","","MNTH","","","","3","","","","","","USD","","","","false","0.99","","","","","","","OTHR","","","FALSE","","","","","","","","","QZHH8NT767RX","NA/CDS Corp Idx","CDX.NA.HY"
"3680245856000000101","","NEWT","TRAD","2026-06-15T12:16:39Z","","CR","","I","TRUE","2026-06-15T12:16:39Z","2026-06-16","2030-12-20","","","TWSF","FALSE","FALSE","","6,000,000","","USD","","","","","","","","","","","","","","","","","","","","","","","","","0.05","","","","","","0.01084785","","","","","","false","","","3","","","A004","","","","","","","","570402.99563","MNTH","","","","3","","","","UFRO","USD","","","","","false","0.98","","","","","","","","","","FALSE","","","","","","","","","QZMD5JCHG48C","NA/CDS Corp Idx","CDX.NA.HY"
"3681127367000000201","","NEWT","TRAD","2026-06-15T13:43:46Z","","CR","","I","TRUE","2026-06-15T13:43:46Z","2026-06-16","2031-06-20","","FALSE","BBSF","FALSE","TRUE","","250,000,000+","","USD","","","","","","","","","","","","","","","","","","","","","","","","","0.01","","","","","","0.004979","","","","","","false","","","3","","","A004","","","","","","","","6267205.72000","MNTH","","","","3","","","","UFRO","USD","","","","","false","1","","","","","","","","","","FALSE","","","","","","","","","QZ3WVVQG5T8K","NA/CDS Corp Idx","CDX.NA.IG"
"3680236355000000401","","NEWT","TRAD","2026-06-15T12:15:47Z","","CR","","I","TRUE","2026-06-15T12:15:47Z","2026-06-16","2031-06-20","","FALSE","BBSF","FALSE","FALSE","","50,000,000","","EUR","","","","","","","","","","","","","","","","","","","","","","","","","0.01","","","","","","0.0051045","","","","","","false","","","3","","","A004","","","","","","","","1262773.89000","MNTH","","","","3","","","","UFRO","EUR","","","","","false","1","","","","","","","","","","FALSE","","","","","","","","","QZTQ4GTC5QMF","NA/CDS Corp Idx","ITRAXX EUROPE"
"3679886314000000301","","NEWT","TRAD","2026-06-15T11:19:33Z","","CR","","N","FALSE","2026-06-15T11:19:33Z","2026-06-17","2026-09-15","","FALSE","BILT","FALSE","FALSE","TRUE","270,000,000","","EGP","","","","","","","","","","","","","","","","","","","","","","","","","0","","","","","","0.0075","","","","","","false","","","3","","3","A005","","","","","","","","","DAIL","","","","1","","","","","","USD","USD","","","false","","","","","","","","","","","FALSE","","","","","","","","","QZ8L2ZPSHS69","NA/CDS Corp SN","No name obtainable"
"3680104041000000101","","NEWT","TRAD","2026-06-15T11:57:19Z","","CR","","I","FALSE","2026-06-15T11:57:19Z","2026-06-16","2031-06-20","","","TWSF","FALSE","FALSE","","5,000,000","","USD","","","","","","","","","","","","","","","","","","","","","","","","","0.01","","","","","","0.0098271","","","","","","false","","","3","","","A004","","","","","","","","74227.78000","MNTH","","","","3","","","","UFRO","USD","","","","","false","1","","","","","","","","","","FALSE","","","","","","","","","QZ4JMQKL3P03","NA/CDS Corp Idx","CDX.EM"
"3680424362000000201","","NEWT","TRAD","2026-06-15T12:31:46Z","","CR","","I","TRUE","2026-06-15T12:31:46Z","2026-06-16","2031-06-20","","","TWSF","FALSE","TRUE","","250,000,000+","","USD","","","","","","","","","","","","","","","","","","","","","","","","","0.01","","","","","","0.004995","","","","","","false","","","3","","","A004","","","","","","","","6248834.19736","MNTH","","","","3","","","","UFRO","USD","","","","","false","1","","","","","","","","","","FALSE","","","","","","","","","QZ3WVVQG5T8K","NA/CDS Corp Idx","CDX.NA.IG"
"3680740368000000201","","NEWT","TRAD","2026-06-15T12:58:38Z","","CR","","I","FALSE","2026-06-15T12:58:38Z","2026-06-16","2031-06-20","","","TWSF","FALSE","FALSE","","25,000,000","","USD","","","","","","","","","","","","","","","","","","","","","","","","","0.01","","","","","","0.009828","","","","","","false","","","3","","","A004","","","","","","","","368888.89000","MNTH","","","","3","","","","UFRO","USD","","","","","false","1","","","","","","","","","","FALSE","","","","","","","","","QZ4JMQKL3P03","NA/CDS Corp Idx","CDX.EM"
"3680734851000000101","","NEWT","TRAD","2026-06-15T12:58:09Z","","CR","","I","TRUE","2026-06-15T12:58:09Z","2026-06-16","2031-06-20","","","TWSF","FALSE","FALSE","","100,000,000","","EUR","","","","","","","","","","","","","","","","","","","","","","","","","0.01","","","","","","0.005121","","","","","","false","","","3","","","A004","","","","","","","","2517705.69000","MNTH","","","","3","","","","UFRO","EUR","","","","","false","1","","","","","","","","","","FALSE","","","","","","","","","QZTQ4GTC5QMF","NA/CDS Corp Idx","ITRAXX EUROPE"
"3680236354000000301","","NEWT","TRAD","2026-06-15T12:15:44Z","","CR","","I","TRUE","2026-06-15T12:15:44Z","2026-06-16","2031-06-20","","FALSE","BBSF","FALSE","TRUE","","46,672,199+","","EUR","","","","","","","","","","","","","","","","","","","","","","","","","0.05","","","","","","0.024775","","","","","","false","","","3","","","A004","","","","","","","","5637005.49692","MNTH","","","","3","","","","UFRO","EUR","","","","","false","1","","","","","","","","","","TRUE","","","","0.00333","","3","","","QZ3HM9KVK2WL","NA/CDS Corp Idx","ITRAXX EUROPE CROSSOVER"
"3680355454000000201","","NEWT","TRAD","2026-06-15T12:26:31Z","","CR","","I","TRUE","2026-06-15T12:26:31Z","2026-06-16","2031-06-20","","FALSE","BBSF","FALSE","FALSE","","100,000,000","","USD","","","","","","","","","","","","","","","","","","","","","","","","","0.01","","","","","","0.00499385","","","","","","false","","","3","","","A004","","","","","","","","2500055.38000","MNTH","","","","3","","","","UFRO","USD","","","","","false","1","","","","","","","","","","FALSE","","","","","","","","","QZ3WVVQG5T8K","NA/CDS Corp Idx","CDX.NA.IG"
"3679901298000000101","","NEWT","TRAD","2026-06-15T11:23:36Z","","CR","","I","TRUE","2026-06-15T11:23:36Z","2026-06-16","2031-06-20","","FALSE","BBSF","FALSE","FALSE","","50,000,000","","USD","","","","","","","","","","","","","","","","","","","","","","","","","0.01","","","","","","0.0049772","","","","","","false","","","3","","","A004","","","","","","","","1253854.92000","MNTH","","","","3","","","","UFRO","USD","","","","","false","1","","","","","","","","","","FALSE","","","","","","","","","QZ3WVVQG5T8K","NA/CDS Corp Idx","CDX.NA.IG"
"3679997939000000101","","NEWT","TRAD","2026-06-15T11:40:39Z","","CR","","I","FALSE","2026-06-15T11:40:39Z","2026-06-16","2031-06-20","","FALSE","BBSF","FALSE","FALSE","","25,000,000","","USD","","","","","","","","","","","","","","","","","","","","","","","","","0.01","","","","","","0.00982504","","","","","","false","","","3","","","A004","","","","","","","","376288.89000","MNTH","","","","3","","","","UFRO","USD","","","","","false","1","","","","","","","","","","FALSE","","","","","","","","","QZ4JMQKL3P03","NA/CDS Corp Idx","CDX.EM"
"3679928227000000101","","NEWT","TRAD","2026-06-15T11:28:10Z","","CR","","I","TRUE","2026-06-15T11:28:10Z","2026-06-16","2031-06-20","","FALSE","BBSF","FALSE","TRUE","","230,000,000","","USD","","","","","","","","","","","","","","","","","","","","","","","","","0.01","","","","","","0.0049775","","","","","","false","","","3","","","A004","","","","","","","","5767402.87814","MNTH","","","","3","","","","UFRO","USD","","","","","false","1","","","","","","","","","","FALSE","","","","","","","","","QZ3WVVQG5T8K","NA/CDS Corp Idx","CDX.NA.IG"
"3681310529000000201","","NEWT","TRAD","2026-06-15T14:25:45Z","","CR","","I","TRUE","2026-06-15T14:25:45Z","2026-06-16","2031-06-20","","","TWSF","FALSE","FALSE","","9,000,000","","USD","","","","","","","","","","","","","","","","","","","","","","","","","0.05","","","","","","0.0108378","","","","","","false","","","3","","","A004","","","","","","","","855377.18634","MNTH","","","","3","","","","UFRO","USD","","","","","false","0.99","","","","","","","","","","FALSE","","","","","","","","","QZHH8NT767RX","NA/CDS Corp Idx","CDX.NA.HY"
"3688442691000000101","","NEWT","TRAD","2026-06-15T22:58:30Z","","CR","","N","FALSE","2026-06-15T22:58:30Z","2026-06-16","2026-08-14","","TRUE","BILT","FALSE","FALSE","TRUE","400,000,000+","397,125,000","USD","USD","","","","","","","","","","","","","","","","","","","","","","","","","","","","","","0.0012","","","","","","false","","","3","","","","","A004","A020","EXPI","EXPI","1","1","","","EXPI","","EXPI","","1","","1","","","USD","USD","","","false","","","","","","","","","","","FALSE","","","","","","","","","QZ83CSB7MMB2","NA/CDS Corp SN","DTD 02/28/2025"
"3672902519000000101","","NEWT","TRAD","2026-06-15T08:01:23Z","","CR","","I","TRUE","2026-06-15T08:01:23Z","2026-06-16","2031-06-20","","FALSE","BBSF","FALSE","FALSE","","30,000,000","","EUR","","","","","","","","","","","","","","","","","","","","","","","","","0.01","","","","","","0.00512085","","","","","","false","","","3","","","A004","","","","","","","","755333.09000","MNTH","","","","3","","","","UFRO","EUR","","","","","false","1","","","","","","","","","","FALSE","","","","","","","","","QZTQ4GTC5QMF","NA/CDS Corp Idx","ITRAXX EUROPE"
"3673856463000000101","","NEWT","TRAD","2026-06-15T08:13:21Z","","CR","","I","TRUE","2026-06-15T08:13:21Z","2026-06-16","2031-06-20","","FALSE","BBSF","FALSE","TRUE","","164,216,996+","","EUR","","","","","","","","","","","","","","","","","","","","","","","","","0.01","","","","","","0.005122","","","","","","false","","","3","","","A004","","","","","","","","4133732.91094","MNTH","","","","3","","","","UFRO","EUR","","","","","false","1","","","","","","","","","","FALSE","","","","","","","","","QZTQ4GTC5QMF","NA/CDS Corp Idx","ITRAXX EUROPE"
"3675086143000000101","","NEWT","TRAD","2026-06-15T08:33:25Z","","CR","","I","FALSE","2026-06-15T08:33:25Z","2026-06-16","2031-06-20","","","TWSF","FALSE","FALSE","","11,000,000","","EUR","","","","","","","","","","","","","","","","","","","","","","","","","0.05","","","","","","0.0247961","","","","","","false","","","3","","","A004","","","","","","","","1327466.09321","MNTH","","","","3","","","","UFRO","EUR","","","","","false","1","","","","","","","","","","FALSE","","","","","","","","","QZ3HM9KVK2WL","NA/CDS Corp Idx","ITRAXX EUROPE CROSSOVER"
"3684863938000000101","3608750830000000101","CORR","","2026-06-10T20:15:43Z","","CR","","I","TRUE","2026-06-10T20:14:27Z","2026-03-20","2031-06-20","2031-06-20","FALSE","BMTF","FALSE","FALSE","FALSE","10,000,000","","USD","","","","","","","","","","","","","","","","","","","","","","","","","0.01","","","","","","","","","","","","false","","","","","","A004","","","","","","","","237004.15000","MNTH","","","","3","","","","UFRO","USD","","","","","false","1","","","","","","","","","","FALSE","","","","","","","","","QZ3WVVQG5T8K","NA/CDS Corp Idx","CDX.NA.IG"
"3684883264000000101","","NEWT","TRAD","2026-06-15T17:40:27Z","","CR","","I","TRUE","2026-06-15T17:40:27Z","2026-06-16","2031-06-20","","FALSE","BBSF","FALSE","FALSE","","6,000,000","","USD","","","","","","","","","","","","","","","","","","","","","","","","","0.05","","","","","","0.01084035","","","","","","false","","","3","","","A004","","","","","","","","571767.90000","MNTH","","","","3","","","","UFRO","USD","","","","","false","0.99","","","","","","","","","","FALSE","","","","","","","","","QZHH8NT767RX","NA/CDS Corp Idx","CDX.NA.HY"
"3684965405000000201","","NEWT","TRAD","2026-06-15T17:51:24Z","","CR","","I","TRUE","2026-06-15T17:51:24Z","2026-06-16","2031-06-20","","","TWSF","FALSE","FALSE","","6,000,000","","USD","","","","","","","","","","","","","","","","","","","","","","","","","0.05","","","","","","0.01083875","","","","","","false","","","3","","","A004","","","","","","","","570817.50000","MNTH","","","","3","","","","UFRO","USD","","","","","false","0.99","","","","","","","","","","FALSE","","","","","","","","","QZHH8NT767RX","NA/CDS Corp Idx","CDX.NA.HY"
"3684980988000000101","","NEWT","TRAD","2026-06-15T17:54:14Z","","CR","","I","TRUE","2026-06-15T17:54:14Z","2026-06-16","2031-06-20","","FALSE","BBSF","FALSE","FALSE","","100,000,000","","USD","","","","","","","","","","","","","","","","","","","","","","","","","0.01","","","","","","0.004979447","","","","","","false","","","3","","","A004","","","","","","","","2506676.78000","MNTH","","","","3","","","","UFRO","USD","","","","","false","1","","","","","","","","","","FALSE","","","","","","","","","QZ3WVVQG5T8K","NA/CDS Corp Idx","CDX.NA.IG"
"3685022297000000301","","NEWT","TRAD","2026-06-15T18:00:52Z","","CR","","I","TRUE","2026-06-15T18:00:52Z","2026-06-16","2031-06-20","","FALSE","BBSF","FALSE","FALSE","","50,000,000","","USD","","","","","","","","","","","","","","","","","","","","","","","","","0.01","","","","","","0.004983","","","","","","false","","","3","","","A004","","","","","","","","1252521.65000","MNTH","","","","3","","","","UFRO","USD","","","","","false","1","","","","","","","","","","FALSE","","","","","","","","","QZ3WVVQG5T8K","NA/CDS Corp Idx","CDX.NA.IG"
"3685007618000000101","","NEWT","TRAD","2026-06-15T17:55:47Z","","CR","","N","FALSE","2026-06-15T17:55:47Z","2026-03-20","2026-06-17","","FALSE","BILT","FALSE","FALSE","TRUE","50,000,000","","USD","","","","","","","","","","","","","","","","","","","","","","","","2026-06-17","0.005","","10,000","USD","","","1","","","","0.5","USD","false","","","3","","3","A004","","","","","","","","","MNTH","","","","3","","","","","","","","","","false","","","","","","","","","","","FALSE","","","","","","","","","QZT4QS79CCTS","NA/CDS Idx Swt","NA/CDS Corp Idx"
"3685010295000000201","","NEWT","TRAD","2026-06-15T17:57:09Z","","CR","","N","FALSE","2026-06-15T17:57:09Z","2026-06-15","2026-06-17","2031-06-20","FALSE","BILT","FALSE","FALSE","TRUE","17,000,000","","USD","","","","","","","","","","","","","","","","","","","","","","","","2026-06-17","0.05","","9,519.96192","USD","","","","","","","0.01075","","false","","","","","3","A004","","","","","","","","","MNTH","","","","3","","","","","","","","","","false","1","","","","","","","","","","FALSE","","","","","","","","","QZ8V3P8GM5FP","NA/CDS Idx Swt","NA/CDS Corp Idx"
"3685102488000000501","","NEWT","TRAD","2026-06-15T18:15:48Z","","CR","","N","FALSE","2026-06-15T18:15:48Z","2026-06-16","2027-03-20","","FALSE","BILT","FALSE","FALSE","TRUE","50,000,000","50,000,000","USD","USD","","","","","","","","","","","","","","","","","","","","","","","","0","","","","","","","","","","","","false","","","","","","A004","","","A004","","DAIL","","1","444089.43000","EXPI","","","MNTH","1","","","3","UFRO","USD","USD","USD","","","false","1","","","","","","","","","","FALSE","","","","","","","","","QZ113B6LZ1G5","NA/CDS Corp Idx","IBOXX USD LIQUID HIGH YIELD INDEX"
"3679849709000000401","","NEWT","TRAD","2026-06-15T11:14:23Z","","CR","","I","TRUE","2026-06-15T11:14:23Z","2026-06-16","2031-06-20","","FALSE","BBSF","FALSE","TRUE","","46,672,199+","","EUR","","","","","","","","","","","","","","","","","","","","","","","","","0.05","","","","","","0.02492485","","","","","","false","","","3","","","A004","","","","","","","","5603902.57816","MNTH","","","","3","","","","UFRO","EUR","","","","","false","1","","","","","","","","","","TRUE","","","","0.003335","","3","","","QZ3HM9KVK2WL","NA/CDS Corp Idx","ITRAXX EUROPE CROSSOVER"
"3681318440000000101","","NEWT","TRAD","2026-06-15T14:27:24Z","","CR","","I","TRUE","2026-06-15T14:27:24Z","2026-06-16","2031-06-20","","","TWSF","FALSE","FALSE","","83,000,000","","USD","","","","","","","","","","","","","","","","","","","","","","","","","0.01","","","","","","0.00498919","","","","","","false","","","3","","","A004","","","","","","","","2076832.02182","MNTH","","","","3","","","","UFRO","USD","","","","","false","1","","","","","","","","","","FALSE","","","","","","","","","QZ3WVVQG5T8K","NA/CDS Corp Idx","CDX.NA.IG"
"3681319335000000301","","NEWT","TRAD","2026-06-15T14:28:00Z","","CR","","I","TRUE","2026-06-15T14:28:00Z","2026-06-16","2031-06-20","","","TWSF","FALSE","FALSE","","42,000,000","","USD","","","","","","","","","","","","","","","","","","","","","","","","","0.01","","","","","","0.0049865","","","","","","false","","","3","","","A004","","","","","","","","1051443.91245","MNTH","","","","3","","","","UFRO","USD","","","","","false","1","","","","","","","","","","FALSE","","","","","","","","","QZ3WVVQG5T8K","NA/CDS Corp Idx","CDX.NA.IG"
"3681138527000000201","","NEWT","TRAD","2026-06-15T13:46:41Z","","CR","","I","FALSE","2026-06-15T13:46:41Z","2026-06-16","2031-06-20","","","TWSF","FALSE","TRUE","","50,000,000+","","USD","","","","","","","","","","","","","","","","","","","","","","","","","0.01","","","","","","0.0098272","","","","","","false","","","3","","","A004","","","","","","","","741773.49700","MNTH","","","","3","","","","UFRO","USD","","","","","false","1","","","","","","","","","","FALSE","","","","","","","","","QZ4JMQKL3P03","NA/CDS Corp Idx","CDX.EM"
"3681080221000000301","","NEWT","TRAD","2026-06-15T13:36:47Z","","CR","","I","TRUE","2026-06-15T13:36:47Z","2026-06-16","2031-06-20","","FALSE","BBSF","FALSE","FALSE","","2,000,000","","USD","","","","","","","","","","","","","","","","","","","","","","","","","0.01","","","","","","0.004974","","","","","","false","","","3","","","A004","","","","","","","","50183.57204","MNTH","","","","3","","","","UFRO","USD","","","","","false","1","","","","","","","","","","FALSE","","","","","","","","","QZ3WVVQG5T8K","NA/CDS Corp Idx","CDX.NA.IG"
"3681172959000000101","","NEWT","TRAD","2026-06-15T13:56:25Z","","CR","","I","TRUE","2026-06-15T13:56:25Z","2026-06-16","2031-06-20","","FALSE","BBSF","FALSE","FALSE","","150,000,000","","USD","","","","","","","","","","","","","","","","","","","","","","","","","0.01","","","","","","0.0049755","","","","","","false","","","3","","","A004","","","","","","","","3762737.16000","MNTH","","","","3","","","","UFRO","USD","","","","","false","1","","","","","","","","","","FALSE","","","","","","","","","QZ3WVVQG5T8K","NA/CDS Corp Idx","CDX.NA.IG"
"3681130596000000101","3233518574000000101","EROR","","2026-06-15T13:42:29Z","","CR","","N","","2026-05-13T13:56:55Z","2022-03-21","2027-06-20","","FALSE","BILT","FALSE","","FALSE","5,000,000","","EUR","","","","","","","","","","","","","","","","","","","","","","","","","0.01","","","","","","","","","","","","false","","","","","","","","","","","","","","84913.00000","","","","","","","","","UFRO","EUR","EUR","","","","false","1","","","","","","","","","","FALSE","","","","","","","","","QZC4GDL7MCZD","NA/CDS Corp Idx","ITRAXX EUROPE"
"3681127374000000901","","NEWT","TRAD","2026-06-15T13:43:55Z","","CR","","I","TRUE","2026-06-15T13:43:55Z","2026-06-16","2031-06-20","","","TWSF","FALSE","FALSE","","45,000,000","","EUR","","","","","","","","","","","","","","","","","","","","","","","","","0.01","","","","","","0.0051275","","","","","","false","","","3","","","A004","","","","","","","","1131577.50000","MNTH","","","","3","","","","UFRO","EUR","","","","","false","1","","","","","","","","","","FALSE","","","","","","","","","QZTQ4GTC5QMF","NA/CDS Corp Idx","ITRAXX EUROPE"
"3681091061000000101","","NEWT","TRAD","2026-06-15T13:38:31Z","","CR","","I","TRUE","2026-06-15T13:38:31Z","2026-06-16","2031-06-20","","","TWSF","FALSE","TRUE","","130,000,000","","EUR","","","","","","","","","","","","","","","","","","","","","","","","","0.01","","","","","","0.00512325","","","","","","false","","","3","","","A004","","","","","","","","3271627.32000","MNTH","","","","3","","","","UFRO","EUR","","","","","false","1","","","","","","","","","","FALSE","","","","","","","","","QZTQ4GTC5QMF","NA/CDS Corp Idx","ITRAXX EUROPE"
"3680944412000000301","","NEWT","TRAD","2026-06-15T13:23:18Z","","CR","","N","FALSE","2026-06-15T13:23:18Z","2022-03-21","2027-06-20","","FALSE","BILT","FALSE","FALSE","TRUE","5,000,000","","EUR","","","","","","","","","","","","","","","","","","","","","","","","","0.01","","","","","","","","","","","","false","","","","","","A004","","","","","","","","84913.00000","MNTH","","","","3","","","","UFRO","EUR","EUR","","","","false","1","","","","","","","","","","FALSE","","","","","","","","","QZC4GDL7MCZD","NA/CDS Corp Idx","ITRAXX EUROPE"
"3681091062000000201","","NEWT","TRAD","2026-06-15T13:38:48Z","","CR","","I","TRUE","2026-06-15T13:38:48Z","2026-06-16","2030-12-20","","FALSE","BBSF","FALSE","TRUE","","160,000,000","","EUR","","","","","","","","","","","","","","","","","","","","","","","","","0.01","","","","","","0.0046","","","","","","false","","","3","","","A004","","","","","","","","4054691.09402","MNTH","","","","3","","","","UFRO","EUR","","","","","false","1","","","","","","","","","","TRUE","","","","0.0046","","3","","","QZFB31MBHLT9","NA/CDS Corp Idx","ITRAXX EUROPE"
"3680952469000000301","","NEWT","NOVA","2026-06-15T13:24:31Z","","CR","","N","FALSE","2026-06-15T13:24:11Z","2026-06-13","2026-06-17","2031-06-20","FALSE","BILT","FALSE","FALSE","TRUE","345,719,991+","","EUR","","","","","","","","","","","","","","","","","","","","","","","","2026-06-17","0.05","","812,445.8775","EUR","","","","","","","275","EUR","false","","","","","1","A004","","","","","","","","","MNTH","","","","3","","","","","","","","","","false","","","","","","","","","","","TRUE","9.9999999999","","3","","","","","","QZWDX55NJN4V","NA/CDS Idx Swt","NA/CDS Corp Idx"
"3681276323000000101","","NEWT","TRAD","2026-06-15T14:16:27Z","","CR","","I","TRUE","2026-06-15T14:16:27Z","2026-03-20","2031-06-20","","FALSE","TPSE","FALSE","FALSE","","25,000,000","","EUR","","","","","","","","","","","","","","","","","","","","","","","","","0.01","","","","","","0.0051375","","","","","","false","","","3","","","A004","","","","","","","","","MNTH","","","","3","","","","","","EUR","","","","false","1","","","","","","","OTHR","","","FALSE","","","","","","","","","QZTQ4GTC5QMF","NA/CDS Corp Idx","ITRAXX EUROPE"
"3682031593000000101","","NEWT","TRAD","2026-06-15T16:04:35Z","","CR","","I","TRUE","2026-06-15T16:04:35Z","2026-03-20","2031-06-20","","FALSE","BGCD","FALSE","FALSE","","10,000,000","","EUR","","","","","","","","","","","","","","","","","","","","","","","","","","","","","","","0.0248","","","","","","false","","","3","","","A004","","","","","","","","","MNTH","","","","3","","","","","","","","","","false","1","","","","","","","","","","FALSE","","","","","","","","","QZ3HM9KVK2WL","NA/CDS Corp Idx","ITRAXX EUROPE CROSSOVER"
"3681683224000000101","","NEWT","TRAD","2026-06-15T15:42:35Z","","CR","","N","FALSE","2026-06-15T15:42:35Z","2026-06-16","2026-07-15","2031-06-20","FALSE","BILT","FALSE","FALSE","TRUE","400,000,000+","","USD","","","","","","","","","","","","","","","","","","","","","","","","2026-07-15","0.01","","129,999.1875","USD","","","","","","","57.5","USD","false","","","","","1","A004","","","","","","","","","MNTH","","","","3","","","","","","","","","","false","","","","","","","","","","","FALSE","","","","","","","","","QZ7WW76RFHN3","NA/CDS Idx Swt","NA/CDS Corp Idx"
"3680556432000000101","3555341580000000901","CORR","","2026-06-15T12:38:15Z","","CR","","N","FALSE","2026-06-05T21:28:11Z","2026-06-17","2064-09-27","2064-09-27","TRUE","BILT","FALSE","FALSE","TRUE","250,000,000","","USD","","","","","","","","","","","","","","","","","","","","","","","","","","","","","","","1","","","","","","false","","","4","","","","","A004","","DAIL","","1","","","","","","","","","","","","","USD","","","","true","","","","","","","","OPET","","","FALSE","","","","","","","","","QZWBC8GZ8TBN","NA/CDS Corp Oth","Basket"
"3680495048000000101","","NEWT","TRAD","2026-06-15T12:37:08Z","","CR","","N","FALSE","2026-06-15T12:37:08Z","2026-03-20","2031-06-20","2031-06-20","TRUE","BILT","FALSE","TRUE","TRUE","250,000,000","","EUR","","","","","","","","","","","","","","","","","","","","","","","","2026-09-16","0.01","","343,750","EUR","","","","","","","0.006","","false","","","","","3","A004","","","","","","","","","MNTH","","","","3","","","","","","","","","","false","1","","","","","","","","","","FALSE","","","","","","","","","QZX75BBR2PZH","NA/CDS Idx Swt","NA/CDS Corp Idx"
"3680696450000000201","","NEWT","TRAD","2026-06-15T12:53:35Z","","CR","","I","TRUE","2026-06-15T12:53:35Z","2026-06-16","2031-06-20","","","TWSF","FALSE","TRUE","","250,000,000+","","USD","","","","","","","","","","","","","","","","","","","","","","","","","0.01","","","","","","0.004991","","","","","","false","","","3","","","A004","","","","","","","","6253413.83000","MNTH","","","","3","","","","UFRO","USD","","","","","false","1","","","","","","","","","","FALSE","","","","","","","","","QZ3WVVQG5T8K","NA/CDS Corp Idx","CDX.NA.IG"
"3680547457000000201","2956434524000000301","CORR","","2026-06-15T12:37:37Z","","CR","","N","FALSE","2026-05-04T21:00:45Z","2026-06-17","2064-08-15","2064-08-15","TRUE","BILT","FALSE","FALSE","TRUE","73,000,000","","USD","","","","","","","","","","","","","","","","","","","","","","","","","","","","","","","1","","","","","","false","","","4","","","","","A004","","DAIL","","1","","","","","","","","","","","","","USD","","","","true","","","","","","","","OPET","","","FALSE","","","","","","","","","QZWBC8GZ8TBN","NA/CDS Corp Oth","Basket"
"3680592792000000101","","NEWT","TRAD","2026-06-15T12:44:39Z","","CR","","N","FALSE","2026-06-15T12:44:39Z","2026-06-16","2026-09-16","2031-06-20","FALSE","BILT","FALSE","FALSE","TRUE","270,000,000","","USD","","","","","","","","","","","","","","","","","","","","","","","","2026-09-16","0.05","","1,577,074.27548","USD","","","","","","","105.5","USD","false","","","","","1","A004","","","","","","","","","MNTH","","","","3","","","","","","","","","","false","","","","","","","","","","","FALSE","","","","","","","","","QZVK9BCP48T0","NA/CDS Idx Swt","NA/CDS Corp Idx"
"3680734852000000201","","NEWT","TRAD","2026-06-15T12:58:22Z","","CR","","I","FALSE","2026-06-15T12:58:22Z","2026-06-16","2031-06-20","","","TWSF","FALSE","TRUE","","50,000,000+","","USD","","","","","","","","","","","","","","","","","","","","","","","","","0.01","","","","","","0.009826","","","","","","false","","","3","","","A004","","","","","","","","747781.09321","MNTH","","","","3","","","","UFRO","USD","","","","","false","1","","","","","","","","","","FALSE","","","","","","","","","QZ4JMQKL3P03","NA/CDS Corp Idx","CDX.EM"
"3680802710000000201","","NEWT","TRAD","2026-06-15T13:06:37Z","","CR","","I","FALSE","2026-06-15T13:06:37Z","2026-06-16","2031-06-20","","","TWSF","FALSE","FALSE","","9,000,000","","USD","","","","","","","","","","","","","","","","","","","","","","","","","0.05","","","","","","0.01083775","","","","","","false","","","3","","","A004","","","","","","","","855334.38972","MNTH","","","","3","","","","UFRO","USD","","","","","false","0.99","","","","","","","","","","FALSE","","","","","","","","","QZHH8NT767RX","NA/CDS Corp Idx","CDX.NA.HY"
"3681253201000000101","","NEWT","TRAD","2026-06-15T14:10:44Z","","CR","","I","TRUE","2026-06-15T14:10:44Z","2026-06-16","2031-06-20","","FALSE","BBSF","FALSE","FALSE","","2,000,000","","USD","","","","","","","","","","","","","","","","","","","","","","","","","0.05","","","","","","0.010839","","","","","","false","","","3","","","A004","","","","","","","","190321.52420","MNTH","","","","3","","","","UFRO","USD","","","","","false","0.99","","","","","","","","","","FALSE","","","","","","","","","QZHH8NT767RX","NA/CDS Corp Idx","CDX.NA.HY"
"3681241158000000101","","NEWT","TRAD","2026-06-15T14:08:00Z","","CR","","I","TRUE","2026-06-15T14:08:00Z","2026-06-16","2031-06-20","","","TWSF","FALSE","FALSE","","100,000,000","","USD","","","","","","","","","","","","","","","","","","","","","","","","","0.01","","","","","","0.004975","","","","","","false","","","3","","","A004","","","","","","","","2508711.53638","MNTH","","","","3","","","","UFRO","USD","","","","","false","1","","","","","","","","","","FALSE","","","","","","","","","QZ3WVVQG5T8K","NA/CDS Corp Idx","CDX.NA.IG"
"3681273229000000201","","NEWT","TRAD","2026-06-15T14:16:11Z","","CR","","I","TRUE","2026-06-15T14:16:11Z","2026-03-20","2031-06-20","","FALSE","TPSE","FALSE","FALSE","","25,000,000","","EUR","","","","","","","","","","","","","","","","","","","","","","","","","0.01","","","","","","0.0051375","","","","","","false","","","3","","","A004","","","","","","","","","MNTH","","","","3","","","","","","EUR","","","","false","1","","","","","","","OTHR","","","FALSE","","","","","","","","","QZTQ4GTC5QMF","NA/CDS Corp Idx","ITRAXX EUROPE"
"3681951445000000201","","NEWT","TRAD","2026-06-15T16:02:31Z","","CR","","I","TRUE","2026-06-15T16:02:31Z","2026-06-16","2031-06-20","","FALSE","BBSF","FALSE","FALSE","","25,000,000","","USD","","","","","","","","","","","","","","","","","","","","","","","","","0.05","","","","","","0.0108425","","","","","","false","","","3","","","A004","","","","","","","","2387687.50000","MNTH","","","","3","","","","UFRO","USD","","","","","false","0.99","","","","","","","","","","FALSE","","","","","","","","","QZHH8NT767RX","NA/CDS Corp Idx","CDX.NA.HY"
"3681210026000000301","","NEWT","TRAD","2026-06-15T14:06:14Z","","CR","","I","TRUE","2026-06-15T14:06:14Z","2026-06-16","2031-06-20","","FALSE","BBSF","FALSE","TRUE","","150,000,000","","EUR","","","","","","","","","","","","","","","","","","","","","","","","","0.01","","","","","","0.00513","","","","","","false","","","3","","","A004","","","","","","","","3770142.96000","MNTH","","","","3","","","","UFRO","EUR","","","","","false","1","","","","","","","","","","FALSE","","","","","","","","","QZTQ4GTC5QMF","NA/CDS Corp Idx","ITRAXX EUROPE"
"3681278138000000101","","NEWT","TRAD","2026-06-15T14:17:16Z","","CR","","I","TRUE","2026-06-15T14:17:16Z","2026-06-16","2031-06-20","","","TWSF","FALSE","FALSE","","7,000,000","","USD","","","","","","","","","","","","","","","","","","","","","","","","","0.01","","","","","","0.0049917","","","","","","false","","","3","","","A004","","","","","","","","175073.06000","MNTH","","","","3","","","","UFRO","USD","","","","","false","1","","","","","","","","","","FALSE","","","","","","","","","QZ3WVVQG5T8K","NA/CDS Corp Idx","CDX.NA.IG"
"3681294466000000301","","NEWT","TRAD","2026-06-15T14:22:11Z","","CR","","I","TRUE","2026-06-15T14:22:11Z","2026-06-16","2031-06-20","","FALSE","BBSF","FALSE","FALSE","","15,000,000","","EUR","","","","","","","","","","","","","","","","","","","","","","","","","0.05","","","","","","0.024866","","","","","","false","","","3","","","A004","","","","","","","","1805225.31000","MNTH","","","","3","","","","UFRO","EUR","","","","","false","1","","","","","","","","","","FALSE","","","","","","","","","QZ3HM9KVK2WL","NA/CDS Corp Idx","ITRAXX EUROPE CROSSOVER"
"3681294464000000101","","NEWT","TRAD","2026-06-15T14:22:10Z","","CR","","I","TRUE","2026-06-15T14:22:10Z","2026-06-16","2031-06-20","","FALSE","BBSF","FALSE","FALSE","","5,000,000","","USD","","","","","","","","","","","","","","","","","","","","","","","","","0.01","","","","","","0.004986","","","","","","false","","","3","","","A004","","","","","","","","125183.21000","MNTH","","","","3","","","","UFRO","USD","","","","","false","1","","","","","","","","","","FALSE","","","","","","","","","QZ3WVVQG5T8K","NA/CDS Corp Idx","CDX.NA.IG"
"3682361715000000101","","NEWT","TRAD","2026-06-15T16:23:17Z","","CR","","N","FALSE","2026-06-15T16:23:17Z","2026-03-20","2026-12-16","2031-06-20","FALSE","BILT","FALSE","FALSE","TRUE","345,719,991+","","EUR","","","","","","","","","","","","","","","","","","","","","","","","2026-12-16","0.05","","3,775,276.596","EUR","","","","","","","0.0325","","false","","","","","3","A004","","","","","","","","","MNTH","","","","3","","","","","","","","","","false","1","","","","","","","","","","FALSE","","","","","","","","","QZTL0V3X916X","NA/CDS Idx Swt","NA/CDS Corp Idx"
"3681273228000000101","","NEWT","TRAD","2026-06-15T14:05:47Z","","CR","","N","FALSE","2026-06-15T14:05:47Z","2026-06-16","2061-08-17","","FALSE","BILT","FALSE","FALSE","FALSE","5,000,000","","USD","","","","","","","","","","","","","","","","","","","","","","","","","0.03","","","","","","","","","","","","false","","","","","","A004","","","","","","","","994375.00000","MNTH","","","","1","","","","UFRO","USD","USD","","","","false","1","","","","","","","","","","FALSE","","","","","","","","","QZCWPQFXSZRW","NA/CDS Corp Idx","CMBX.NA.BBB-"
"3685173112000000101","","NEWT","TRAD","2026-06-15T18:33:25Z","","CR","","I","TRUE","2026-06-15T18:33:25Z","2026-06-16","2031-06-20","","","TWSF","FALSE","FALSE","","17,000,000","","USD","","","","","","","","","","","","","","","","","","","","","","","","","0.05","","","","","","0.01083629","","","","","","false","","","3","","","A004","","","","","","","","1613172.17457","MNTH","","","","3","","","","UFRO","USD","","","","","false","0.99","","","","","","","","","","FALSE","","","","","","","","","QZHH8NT767RX","NA/CDS Corp Idx","CDX.NA.HY"
"3685171719000000101","3685010295000000201","EROR","","2026-06-15T18:31:51Z","","CR","","","","2026-06-15T17:57:09Z","2026-06-15","2026-06-17","","","","","","FALSE","","","","","","","","","","","","","","","","","","","","","","","","","","","","0.05","","","","","","","","","","","","","","","","","","","","","","","","","","","","","","","","","","","","","","","","","","","","","","","","","","","","","","","","","","","","","QZ8V3P8GM5FP","NA/CDS Idx Swt","NA/CDS Corp Idx"
"3685065524000000201","","NEWT","NOVA","2026-06-15T18:08:54Z","","CR","","N","FALSE","2026-06-15T18:08:54Z","2026-03-20","2026-07-15","2031-06-20","FALSE","BILT","FALSE","FALSE","TRUE","5,000,000","","USD","","","","","","","","","","","","","","","","","","","","","","","","2026-07-15","0.05","","0","","","","","","","","104.5","USD","false","","","","","1","A004","","","","","","","","","MNTH","","","","3","","","","","","","","","","false","1","","","","","","","","","","FALSE","","","","","","","","","QZ8V3P8GM5FP","NA/CDS Idx Swt","NA/CDS Corp Idx"
"3685080525000000201","","NEWT","TRAD","2026-06-15T18:09:29Z","","CR","","N","FALSE","2026-06-15T18:09:29Z","2026-06-16","2026-06-20","2026-06-20","FALSE","BILT","FALSE","FALSE","TRUE","25,000,000","","USD","","","","","","","","","","","","","","","","","","","","","","","","","","","","","","","","","","","","","false","","","","","","A004","","","","","","","","222045.50000","MNTH","","","","3","","","","UFRO","USD","","","","","false","1","","","","","","","","","","FALSE","","","","","","","","","QZ9206MF0QMZ","NA/CDS Corp Idx","IBOXX USD LIQUID IG"
"3685082617000000101","","NEWT","NOVA","2026-06-15T18:11:00Z","","CR","","N","FALSE","2026-06-15T18:11:00Z","2026-03-20","2026-07-15","2031-06-20","FALSE","BILT","FALSE","FALSE","TRUE","12,000,000","","USD","","","","","","","","","","","","","","","","","","","","","","","","2026-07-15","0.05","","0","","","","","","","","104.5","USD","false","","","","","1","A004","","","","","","","","","MNTH","","","","3","","","","","","","","","","false","1","","","","","","","","","","FALSE","","","","","","","","","QZ8V3P8GM5FP","NA/CDS Idx Swt","NA/CDS Corp Idx"
"3681546411000000201","","NEWT","TRAD","2026-06-15T15:05:04Z","","CR","","I","FALSE","2026-06-15T15:05:04Z","2026-03-20","2031-06-20","","","GFSO","FALSE","FALSE","TRUE","46,672,199+","","EUR","","","","","","","","","","","","","","","","","","","","","","","","","0.05","","","","","","","","","","","","false","","","","","","A004","","","","","","","","5642592.36478","MNTH","","","","3","","","","UFRO","EUR","","","","","false","1","","","","","","","","","","TRUE","","","","1,045","","4","","","QZ3HM9KVK2WL","NA/CDS Corp Idx","ITRAXX EUROPE CROSSOVER"
"3679910433000000101","","NEWT","TRAD","2026-06-15T11:25:04Z","","CR","","I","TRUE","2026-06-15T11:25:04Z","2026-03-20","2031-06-20","","FALSE","GSEF","FALSE","FALSE","","45,000,000","","EUR","","","","","","","","","","","","","","","","","","","","","","","","","","","","","","","0.0051","","","","","","false","","","3","","","A004","","","","","","","","","MNTH","","","","3","","","","","","","","","","false","1","","","","","","","","","","TRUE","","","","0.00175","","3","","","QZTQ4GTC5QMF","NA/CDS Corp Idx","ITRAXX EUROPE"
"3679914098000000501","","NEWT","TRAD","2026-06-15T11:25:50Z","","CR","","I","TRUE","2026-06-15T11:25:50Z","2026-03-20","2031-06-20","","FALSE","GSEF","FALSE","FALSE","","10,000,000","","EUR","","","","","","","","","","","","","","","","","","","","","","","","","","","","","","","0.0247","","","","","","false","","","3","","","A004","","","","","","","","","MNTH","","","","3","","","","","","","","","","false","1","","","","","","","","","","TRUE","","","","0.00175","","3","","","QZ3HM9KVK2WL","NA/CDS Corp Idx","ITRAXX EUROPE CROSSOVER"
"3679772049000000101","","NEWT","TRAD","2026-06-15T11:03:17Z","","CR","","I","TRUE","2026-06-15T11:03:17Z","2026-06-16","2036-06-20","","FALSE","BBSF","FALSE","TRUE","","25,000,000","","EUR","","","","","","","","","","","","","","","","","","","","","","","","","0.01","","","","","","0.00926","","","","","","false","","","3","","","A004","","","","","","","","213691.13000","MNTH","","","","3","","","","UFRO","EUR","","","","","false","1","","","","","","","","","","FALSE","","","","","","","","","QZ4LNL81ZBTS","NA/CDS Corp Idx","ITRAXX EUROPE"
"3679857502000000101","","NEWT","TRAD","2026-06-15T11:15:39Z","","CR","","I","TRUE","2026-06-15T11:15:39Z","2026-06-16","2031-06-20","","FALSE","BBSF","FALSE","FALSE","","20,000,000","","USD","","","","","","","","","","","","","","","","","","","","","","","","","0.05","","","","","","0.01084775","","","","","","false","","","3","","","A004","","","","","","","","1920545.00000","MNTH","","","","3","","","","UFRO","USD","","","","","false","0.99","","","","","","","","","","FALSE","","","","","","","","","QZHH8NT767RX","NA/CDS Corp Idx","CDX.NA.HY"
"3680874740000000201","","NEWT","TRAD","2026-06-15T13:15:27Z","","CR","","I","TRUE","2026-06-15T13:15:27Z","2026-06-16","2031-06-20","","FALSE","BBSF","FALSE","FALSE","","10,000,000","","USD","","","","","","","","","","","","","","","","","","","","","","","","","0.05","","","","","","0.01083892","","","","","","false","","","3","","","A004","","","","","","","","951530.80000","MNTH","","","","3","","","","UFRO","USD","","","","","false","0.99","","","","","","","","","","FALSE","","","","","","","","","QZHH8NT767RX","NA/CDS Corp Idx","CDX.NA.HY"
"3680768994000000201","","NEWT","TRAD","2026-06-15T13:02:53Z","","CR","","I","TRUE","2026-06-15T13:02:53Z","2026-06-16","2031-06-20","","","TWSF","FALSE","TRUE","","150,000,000","","EUR","","","","","","","","","","","","","","","","","","","","","","","","","0.01","","","","","","0.005119","","","","","","false","","","3","","","A004","","","","","","","","3777984.29000","MNTH","","","","3","","","","UFRO","EUR","","","","","false","1","","","","","","","","","","FALSE","","","","","","","","","QZTQ4GTC5QMF","NA/CDS Corp Idx","ITRAXX EUROPE"
"3680824986000000301","","NEWT","TRAD","2026-06-15T13:09:34Z","","CR","","I","TRUE","2026-06-15T13:09:34Z","2026-06-16","2036-06-20","","FALSE","BBSF","FALSE","TRUE","","20,000,000","","USD","","","","","","","","","","","","","","","","","","","","","","","","","0.01","","","","","","0.008966","","","","","","false","","","3","","","A004","","","","","","","","209867.64000","MNTH","","","","3","","","","UFRO","USD","","","","","false","1","","","","","","","","","","FALSE","","","","","","","","","QZ21S8101WKL","NA/CDS Corp Idx","CDX.NA.IG"
"3682785047000000101","","NEWT","TRAD","2026-06-15T16:39:42Z","","CR","","N","FALSE","2026-06-15T16:39:42Z","2026-06-16","2026-09-20","2026-09-20","FALSE","BILT","FALSE","FALSE","TRUE","74,000,000","","USD","","","","","","","","","","","","","","","","","","","","","","","","","","","","","","","","","","","","","false","","","","","","A004","","","","","","","","657255.58523","MNTH","","","","3","","","","UFRO","USD","","","","","false","1","","","","","","","","","","FALSE","","","","","","","","","QZ5ND0SMQQL4","NA/Cr Sw Idx TRtn Corp Ph",""
"3681184915000000301","","NEWT","TRAD","2026-06-15T14:00:17Z","","CR","","I","TRUE","2026-06-15T14:00:17Z","2026-06-16","2031-06-20","","FALSE","BBSF","FALSE","FALSE","","25,000,000","","EUR","","","","","","","","","","","","","","","","","","","","","","","","","0.05","","","","","","0.02486","","","","","","false","","","3","","","A004","","","","","","","","3009418.75000","MNTH","","","","3","","","","UFRO","EUR","","","","","false","1","","","","","","","","","","FALSE","","","","","","","","","QZ3HM9KVK2WL","NA/CDS Corp Idx","ITRAXX EUROPE CROSSOVER"
"3681276328000000601","","NEWT","TRAD","2026-06-15T14:16:49Z","","CR","","I","TRUE","2026-06-15T14:16:49Z","2026-06-16","2031-06-20","","FALSE","BBSF","FALSE","TRUE","","60,000,000","","USD","","","","","","","","","","","","","","","","","","","","","","","","","0.05","","","","","","0.010838","","","","","","false","","","3","","","A004","","","","","","","","5703720.00000","MNTH","","","","3","","","","UFRO","USD","","","","","false","0.99","","","","","","","","","","FALSE","","","","","","","","","QZHH8NT767RX","NA/CDS Corp Idx","CDX.NA.HY"
"3681211634000000101","","NEWT","TRAD","2026-06-15T14:06:37Z","","CR","","I","TRUE","2026-06-15T14:06:37Z","2026-06-16","2031-06-20","","FALSE","BBSF","FALSE","FALSE","","10,000,000","","EUR","","","","","","","","","","","","","","","","","","","","","","","","","0.05","","","","","","0.0248395","","","","","","false","","","3","","","A004","","","","","","","","1204737.81000","MNTH","","","","3","","","","UFRO","EUR","","","","","false","1","","","","","","","","","","FALSE","","","","","","","","","QZ3HM9KVK2WL","NA/CDS Corp Idx","ITRAXX EUROPE CROSSOVER"
"3688248886000000101","","NEWT","TRAD","2026-06-15T17:58:29Z","","CR","","N","FALSE","2026-06-15T17:58:29Z","2026-06-15","2026-06-17","2031-06-20","FALSE","BILT","FALSE","FALSE","TRUE","18,000,000","","USD","","","","","","","","","","","","","","","","","","","","","","","","2026-06-17","0.05","","450.0018","USD","","","","","","","0.01045","","false","","","","","3","A004","","","","","","","","","MNTH","","","","3","","","","","","","","","","false","1","","","","","","","","","","FALSE","","","","","","","","","QZHRHKT5ZH3K","NA/CDS Idx Swt","NA/CDS Corp Idx"
"3681570272000000501","3681527089000000101","EROR","","2026-06-15T15:04:44Z","","CR","","I","","2026-06-15T15:04:44Z","2026-03-20","2031-06-20","","","","FALSE","","FALSE","164,216,996+","","EUR","","","","","","","","","","","","","","","","","","","","","","","","","0.01","","","","","","","","","","","","false","","","","","","","","","","","","","","4150967.09874","","","","","","","","","UFRO","EUR","","","","","false","1","","","","","","","","","","TRUE","","","","220","","4","","","QZTQ4GTC5QMF","NA/CDS Corp Idx","ITRAXX EUROPE"
"3681665499000000501","","NEWT","TRAD","2026-06-15T15:38:50Z","","CR","","N","FALSE","2026-06-15T15:38:50Z","2026-06-15","2057-12-17","","FALSE","BILT","FALSE","FALSE","FALSE","10,000,000","","USD","","","","","","","","","","","","","","","","","","","","","","","","","0.03","","","","","","","","","","","","false","","","","","","A004","","","","","","","","795000.00000","MNTH","","","","1","","","","UFRO","USD","USD","","","","false","1","","","","","","","","","","FALSE","","","","","","","","","QZJRXK09Z9CF","NA/CDS Corp Idx","CMBX.NA.BBB-"
"3681680473000000301","","NEWT","TRAD","2026-06-15T15:42:20Z","","CR","","I","TRUE","2026-06-15T15:42:20Z","2026-06-16","2031-06-20","","FALSE","BBSF","FALSE","FALSE","","25,000,000","","EUR","","","","","","","","","","","","","","","","","","","","","","","","","0.01","","","","","","0.0051286","","","","","","false","","","3","","","A004","","","","","","","","628523.48000","MNTH","","","","3","","","","UFRO","EUR","","","","","false","1","","","","","","","","","","FALSE","","","","","","","","","QZTQ4GTC5QMF","NA/CDS Corp Idx","ITRAXX EUROPE"
"3681669774000000201","","NEWT","TRAD","2026-06-15T15:39:52Z","","CR","","I","TRUE","2026-06-15T15:39:52Z","2026-06-16","2030-12-20","","FALSE","BBSF","FALSE","FALSE","","10,000,000","","EUR","","","","","","","","","","","","","","","","","","","","","","","","","0.05","","","","","","0.02145885","","","","","","false","","","3","","","A004","","","","","","","","1259930.42000","MNTH","","","","3","","","","UFRO","EUR","","","","","false","1","","","","","","","","","","FALSE","","","","","","","","","QZ5F5FRS4TR9","NA/CDS Corp Idx","ITRAXX EUROPE CROSSOVER"
"3681642719000000101","","NEWT","TRAD","2026-06-15T15:34:31Z","","CR","","I","TRUE","2026-06-15T15:34:31Z","2026-06-16","2031-06-20","","FALSE","BBSF","FALSE","TRUE","","76,000,000+","","USD","","","","","","","","","","","","","","","","","","","","","","","","","0.05","","","","","","0.0108387","","","","","","false","","","3","","","A004","","","","","","","","7229997.82626","MNTH","","","","3","","","","UFRO","USD","","","","","false","0.99","","","","","","","","","","FALSE","","","","","","","","","QZHH8NT767RX","NA/CDS Corp Idx","CDX.NA.HY"
"3681648869000000301","","NEWT","TRAD","2026-06-15T15:35:56Z","","CR","","I","TRUE","2026-06-15T15:35:56Z","2026-06-16","2031-06-20","","","TWSF","FALSE","TRUE","","200,000,000","","USD","","","","","","","","","","","","","","","","","","","","","","","","","0.01","","","","","","0.00499","","","","","","false","","","3","","","A004","","","","","","","","5003641.97655","MNTH","","","","3","","","","UFRO","USD","","","","","false","1","","","","","","","","","","TRUE","","","","0.00499","","3","","","QZ3WVVQG5T8K","NA/CDS Corp Idx","CDX.NA.IG"
"3681602602000000101","","NEWT","TRAD","2026-06-15T15:24:27Z","","CR","","N","FALSE","2026-06-15T15:24:27Z","2024-09-20","2029-12-20","2029-12-20","FALSE","BILT","FALSE","FALSE","TRUE","10,000,000","","EUR","","","","","","","","","","","","","","","","","","","","","","","","","0.05","","","","","","","","","","","","false","","","","","","A004","","","","","","","","953222.22000","MNTH","","","","3","","","","UFRO","EUR","","","","","false","0.95999","","","","","","","","","","FALSE","","","","","","","","","QZX67T7KBNBB","NA/CDS Corp Idx Tra","ITRAXX EUROPE CROSSOVER"
"3681750934000000101","","NEWT","TRAD","2026-06-15T15:49:47Z","","CR","","N","FALSE","2026-06-15T15:49:47Z","2026-06-15","2057-12-17","","FALSE","BILT","FALSE","FALSE","FALSE","5,000,000","","USD","","","","","","","","","","","","","","","","","","","","","","","","","0.03","","","","","","","","","","","","false","","","","","","A004","","","","","","","","400625.00000","MNTH","","","","1","","","","UFRO","USD","USD","","","","false","1","","","","","","","","","","FALSE","","","","","","","","","QZJRXK09Z9CF","NA/CDS Corp Idx","CMBX.NA.BBB-"
"3681857698000000401","","NEWT","TRAD","2026-06-15T15:58:22Z","","CR","","I","TRUE","2026-06-15T15:58:22Z","2026-03-20","2031-06-20","","FALSE","TPSE","FALSE","FALSE","","10,000,000","","USD","","","","","","","","","","","","","","","","","","","","","","","","","0.05","","","","","","108.41","","USD","","","","false","","","1","","","A004","","","","","","","","","MNTH","","","","3","","","","","","USD","","","","false","0.99","","","","","","","OTHR","","","FALSE","","","","","","","","","QZHH8NT767RX","NA/CDS Corp Idx","CDX.NA.HY"
"3681882353000000101","","NEWT","TRAD","2026-06-15T16:00:05Z","","CR","","I","TRUE","2026-06-15T16:00:05Z","2026-06-16","2031-06-20","","FALSE","BBSF","FALSE","FALSE","","120,000,000","","EUR","","","","","","","","","","","","","","","","","","","","","","","","","0.01","","","","","","0.0051215","","","","","","false","","","3","","","A004","","","","","","","","3020961.68000","MNTH","","","","3","","","","UFRO","EUR","","","","","false","1","","","","","","","","","","FALSE","","","","","","","","","QZTQ4GTC5QMF","NA/CDS Corp Idx","ITRAXX EUROPE"
"3681783530000000401","","NEWT","TRAD","2026-06-15T15:36:57Z","","CR","","N","FALSE","2026-06-15T15:36:57Z","2026-06-16","2026-08-17","","TRUE","XOFF","FALSE","FALSE","TRUE","120,000,000","","USD","","","","","","","","","","","","","","","","","","","","","","","","","","","","","","","0.001","","","","","","false","","","3","","","","","A004","","","","","","","","YEAR","","","","1","","","","","USD","","","","false","","","","","","","","","","","FALSE","","","","","","","","","QZDN47PB1KF5","NA/CDS Corp SN","DTD 00314"
