"Dissemination Identifier","Original Dissemination Identifier","Action type","Event type","Event timestamp","Amendment indicator","Asset Class","Product name","Cleared","Mandatory clearing indicator","Execution Timestamp","Effective Date","Expiration Date","Maturity date of the underlier","Non-standardized term indicator","Platform identifier","Prime brokerage transaction indicator","Block trade election indicator","Large notional off-facility swap election indicator","Notional amount-Leg 1","Notional amount-Leg 2","Notional currency-Leg 1","Notional currency-Leg 2","Notional quantity-Leg 1","Notional quantity-Leg 2","Total notional quantity-Leg 1","Total notional quantity-Leg 2","Quantity frequency multiplier-Leg 1","Quantity frequency multiplier-Leg 2","Quantity unit of measure-Leg 1","Quantity unit of measure-Leg 2","Quantity frequency-Leg 1","Quantity frequency-Leg 2","Notional amount in effect on associated effective date-Leg 1","Notional amount in effect on associated effective date-Leg 2","Effective date of the notional amount-Leg 1","Effective date of the notional amount-Leg 2","End date of the notional amount-Leg 1","End date of the notional amount-Leg 2","Call amount","Call currency","Put amount","Put currency","Exchange rate","Exchange rate basis","First exercise date","Fixed rate-Leg 1","Fixed rate-Leg 2","Option Premium Amount","Option Premium Currency","Price","Price unit of measure","Spread-Leg 1","Spread-Leg 2","Spread currency-Leg 1","Spread currency-Leg 2","Strike Price","Strike price currency/currency pair","Post-priced swap indicator","Price currency","Price notation","Spread notation-Leg 1","Spread notation-Leg 2","Strike price notation","Fixed rate day count convention-leg 1","Fixed rate day count convention-leg 2","Floating rate day count convention-leg 1","Floating rate day count convention-leg 2","Floating rate reset frequency period-leg 1","Floating rate reset frequency period-leg 2","Floating rate reset frequency period multiplier-leg 1","Floating rate reset frequency period multiplier-leg 2","Other payment amount","Fixed rate payment frequency period-Leg 1","Floating rate payment frequency period-Leg 1","Fixed rate payment frequency period-Leg 2","Floating rate payment frequency period-Leg 2","Fixed rate payment frequency period multiplier-Leg 1","Floating rate payment frequency period multiplier-Leg 1","Fixed rate payment frequency period multiplier-Leg 2","Floating rate payment frequency period multiplier-Leg 2","Other payment type","Other payment currency","Settlement currency-Leg 1","Settlement currency-Leg 2","Settlement location","Collateralisation category","Custom basket indicator","Index factor","Underlier ID-Leg 1","Underlier ID-Leg 2","Underlier ID source-Leg 1","Underlying Asset Name","Underlying asset subtype or underlying contract subtype-Leg 1","Underlying asset subtype or underlying contract subtype-Leg 2","Embedded Option type","Option Type","Option Style","Package indicator","Package transaction price","Package transaction price currency","Package transaction price notation","Package transaction spread","Package transaction spread currency","Package transaction spread notation","Physical delivery location-Leg 1","Delivery Type","Unique Product Identifier","UPI FISN","UPI Underlier Name"
"3938204817000000101","","NEWT","TRAD","2026-06-30T12:16:00Z","","CR","","N","FALSE","2026-06-30T12:16:00Z","2026-07-15","2026-07-15","2031-06-20","FALSE","BILT","FALSE","FALSE","FALSE","180,000,000","","EUR","","","","","","","","","","","","","","","","","","","","","","","","2026-07-15","0.05","","96,299.86625","EUR","","","","","","","0.02875","","false","","","","","3","A004","","","","","","","","","MNTH","","","","3","","","","","","","","","","false","","","","","","","","","","","TRUE","0.002365","","3","","","","","","QZN6X938ZWQ4","NA/CDS Idx Swt","NA/CDS Corp Idx"
"3939752943000000301","","NEWT","TRAD","2026-06-30T14:20:44Z","","CR","","I","TRUE","2026-06-30T14:20:44Z","2026-03-20","2031-06-20","","FALSE","BGCD","FALSE","FALSE","","10,000,000","","EUR","","","","","","","","","","","","","","","","","","","","","","","","","","","","","","","0.024403125","","","","","","false","","","3","","","A004","","","","","","","","","MNTH","","","","3","","","","","","","","","","false","1","","","","","","","","","","TRUE","","","","0.0012","","3","","","QZ3HM9KVK2WL","NA/CDS Corp Idx","ITRAXX EUROPE CROSSOVER"
"3939806185000000201","","NEWT","TRAD","2026-06-30T14:26:09Z","","CR","","I","TRUE","2026-06-30T14:26:09Z","2026-07-01","2031-06-20","","FALSE","BBSF","FALSE","FALSE","","3,000,000","","USD","","","","","","","","","","","","","","","","","","","","","","","","","0.05","","","","","","0.01081495","","","","","","false","","","3","","","A004","","","","","","","","245752.65600","MNTH","","","","3","","","","UFRO","USD","","","","","false","0.99","","","","","","","","","","FALSE","","","","","","","","","QZHH8NT767RX","NA/CDS Corp Idx","CDX.NA.HY"
"3939831836000000101","3939827263000001101","MODI","TRAD","2026-06-30T14:28:41Z","TRUE","CR","","I","TRUE","2026-06-30T14:28:08Z","2026-03-20","2031-06-20","","FALSE","TPSE","FALSE","FALSE","","10,000,000","","USD","","","","","","","","","","","","","","","","","","","","","","","","","0.05","","","","","","108.15","","USD","","","","false","","","1","","","A004","","","","","","","","","MNTH","","","","3","","","","","","USD","","","","false","0.99","","","","","","","OTHR","","","FALSE","","","","","","","","","QZHH8NT767RX","NA/CDS Corp Idx","CDX.NA.HY"
"3937592934000000301","","NEWT","TRAD","2026-06-30T11:32:22Z","","CR","","I","TRUE","2026-06-30T11:32:22Z","2026-07-01","2031-06-20","","FALSE","BBSF","FALSE","TRUE","","250,000,000+","","USD","","","","","","","","","","","","","","","","","","","","","","","","","0.01","","","","","","0.005069","","","","","","false","","","3","","","A004","","","","","","","","5580687.59000","MNTH","","","","3","","","","UFRO","USD","","","","","false","1","","","","","","","","","","FALSE","","","","","","","","","QZ3WVVQG5T8K","NA/CDS Corp Idx","CDX.NA.IG"
"3937648771000000101","","NEWT","TRAD","2026-06-30T11:36:40Z","","CR","","I","FALSE","2026-06-30T11:36:40Z","2026-07-01","2031-06-20","","FALSE","BBSF","FALSE","TRUE","","50,000,000","","USD","","","","","","","","","","","","","","","","","","","","","","","","","0.01","","","","","","0.0093","","","","","","false","","","3","","","A004","","","","","","","","166537.42000","MNTH","","","","3","","","","UFRO","USD","","","","","false","1","","","","","","","","","","FALSE","","","","","","","","","QZM3MHZDLX1M","NA/CDS Corp Idx","CDX.FINANCIALS"
"3938159847000000101","","NEWT","TRAD","2026-06-30T12:20:20Z","","CR","","I","TRUE","2026-06-30T12:20:20Z","2026-07-01","2031-06-20","","FALSE","BBSF","FALSE","FALSE","","30,000,000","","USD","","","","","","","","","","","","","","","","","","","","","","","","","0.05","","","","","","0.01081265","","","","","","false","","","3","","","A004","","","","","","","","2450695.50000","MNTH","","","","3","","","","UFRO","USD","","","","","false","0.99","","","","","","","","","","FALSE","","","","","","","","","QZHH8NT767RX","NA/CDS Corp Idx","CDX.NA.HY"
"3938167391000000101","","NEWT","TRAD","2026-06-30T12:21:41Z","","CR","","I","TRUE","2026-06-30T12:21:41Z","2026-07-01","2031-06-20","","","TWSF","FALSE","FALSE","","25,000,000","","USD","","","","","","","","","","","","","","","","","","","","","","","","","0.01","","","","","","0.005079","","","","","","false","","","3","","","A004","","","","","","","","556927.54000","MNTH","","","","3","","","","UFRO","USD","","","","","false","1","","","","","","","","","","FALSE","","","","","","","","","QZ3WVVQG5T8K","NA/CDS Corp Idx","CDX.NA.IG"
"3938175100000000301","","NEWT","TRAD","2026-06-30T12:22:39Z","","CR","","I","TRUE","2026-06-30T12:22:39Z","2026-03-20","2031-06-20","","FALSE","TPSE","FALSE","FALSE","","10,000,000","","EUR","","","","","","","","","","","","","","","","","","","","","","","","","0.05","","","","","","0.0244","","","","","","false","","","3","","","A004","","","","","","","","","MNTH","","","","3","","","","","","EUR","","","","false","1","","","","","","","OTHR","","","FALSE","","","","","","","","","QZ3HM9KVK2WL","NA/CDS Corp Idx","ITRAXX EUROPE CROSSOVER"
"3939800735000000301","","NEWT","TRAD","2026-06-30T14:24:56Z","","CR","","I","TRUE","2026-06-30T14:24:56Z","2026-07-01","2030-12-20","","FALSE","BBSF","FALSE","TRUE","","41,000,000","","EUR","","","","","","","","","","","","","","","","","","","","","","","","","0.05","","","","","","0.021","","","","","","false","","","3","","","A004","","","","","","","","4773944.57000","MNTH","","","","3","","","","UFRO","EUR","","","","","false","1","","","","","","","","","","TRUE","","","","0.021","","3","","","QZ5F5FRS4TR9","NA/CDS Corp Idx","ITRAXX EUROPE CROSSOVER"
"3938269482000000201","","NEWT","TRAD","2026-06-30T12:33:08Z","","CR","","I","TRUE","2026-06-30T12:33:08Z","2026-07-01","2031-06-20","","FALSE","BBSF","FALSE","FALSE","","20,000,000","","USD","","","","","","","","","","","","","","","","","","","","","","","","","0.05","","","","","","0.01080981","","","","","","false","","","3","","","A004","","","","","","","","1628173.80000","MNTH","","","","3","","","","UFRO","USD","","","","","false","0.99","","","","","","","","","","FALSE","","","","","","","","","QZHH8NT767RX","NA/CDS Corp Idx","CDX.NA.HY"
"3937905622000000101","","NEWT","TRAD","2026-06-30T11:55:54Z","","CR","","I","TRUE","2026-06-30T11:55:54Z","2026-07-01","2031-06-20","","FALSE","BBSF","FALSE","FALSE","","25,000,000","","USD","","","","","","","","","","","","","","","","","","","","","","","","","0.05","","","","","","0.010817","","","","","","false","","","3","","","A004","","","","","","","","2053012.50000","MNTH","","","","3","","","","UFRO","USD","","","","","false","0.99","","","","","","","","","","FALSE","","","","","","","","","QZHH8NT767RX","NA/CDS Corp Idx","CDX.NA.HY"
"3937982791000000101","","NEWT","TRAD","2026-06-30T12:01:52Z","","CR","","I","TRUE","2026-06-30T12:01:52Z","2026-07-01","2031-06-20","","","TWSF","FALSE","FALSE","","2,000,000","","EUR","","","","","","","","","","","","","","","","","","","","","","","","","0.05","","","","","","0.024355","","","","","","false","","","3","","","A004","","","","","","","","222738.36738","MNTH","","","","3","","","","UFRO","EUR","","","","","false","1","","","","","","","","","","FALSE","","","","","","","","","QZ3HM9KVK2WL","NA/CDS Corp Idx","ITRAXX EUROPE CROSSOVER"
"3926663031000000101","","NEWT","TRAD","2026-06-30T07:05:16Z","","CR","","I","TRUE","2026-06-30T07:05:16Z","2026-07-01","2031-06-20","","FALSE","BBSF","FALSE","TRUE","","166,287,997+","","EUR","","","","","","","","","","","","","","","","","","","","","","","","","0.01","","","","","","0.0051625","","","","","","false","","","3","","","A004","","","","","","","","3772525.30856","MNTH","","","","3","","","","UFRO","EUR","","","","","false","1","","","","","","","","","","TRUE","","","","0.0193625","","3","","","QZTQ4GTC5QMF","NA/CDS Corp Idx","ITRAXX EUROPE"
"3938021628000000201","","NEWT","TRAD","2026-06-30T12:07:21Z","","CR","","I","TRUE","2026-06-30T12:07:21Z","2026-07-01","2031-06-20","","FALSE","BBSF","FALSE","FALSE","","18,000,000","","USD","","","","","","","","","","","","","","","","","","","","","","","","","0.01","","","","","","0.00507323","","","","","","false","","","3","","","A004","","","","","","","","401461.93000","MNTH","","","","3","","","","UFRO","USD","","","","","false","1","","","","","","","","","","FALSE","","","","","","","","","QZ3WVVQG5T8K","NA/CDS Corp Idx","CDX.NA.IG"
"3937962623000000201","","NEWT","TRAD","2026-06-30T12:00:22Z","","CR","","I","TRUE","2026-06-30T12:00:22Z","2026-07-01","2031-06-20","","FALSE","BBSF","FALSE","TRUE","","47,260,799+","","EUR","","","","","","","","","","","","","","","","","","","","","","","","","0.05","","","","","","0.02435","","","","","","false","","","3","","","A004","","","","","","","","5264593.08832","MNTH","","","","3","","","","UFRO","EUR","","","","","false","1","","","","","","","","","","TRUE","","","","0.003344","","3","","","QZ3HM9KVK2WL","NA/CDS Corp Idx","ITRAXX EUROPE CROSSOVER"
"3937792243000000101","","NEWT","TRAD","2026-06-30T11:46:00Z","","CR","","N","FALSE","2026-06-30T11:46:00Z","2026-11-18","2026-11-18","","FALSE","BILT","FALSE","FALSE","TRUE","150,000,000","","EUR","","","","","","","","","","","","","","","","","","","","","","","","2026-11-18","","","262,500","EUR","","","","","","","0.0065","","false","","","","","3","A004","","","","","","","","0.00000","MNTH","","","","3","","","","UFRO","EUR","","","","","false","","","","","","","","","","","FALSE","","","","","","","","","QZ2L66CGCV9J","NA/CDS Idx Swt","NA/CDS Corp Idx"
"3938390954000000102","","NEWT","TRAD","2026-06-30T12:43:07Z","","CR","","I","TRUE","2026-06-30T12:43:07Z","2026-03-20","2031-06-20","","FALSE","TPSE","FALSE","FALSE","","10,000,000","","USD","","","","","","","","","","","","","","","","","","","","","","","","","0.05","","","","","","108.13","","USD","","","","false","","","1","","","A004","","","","","","","","","MNTH","","","","3","","","","","","USD","","","","false","0.99","","","","","","","OTHR","","","FALSE","","","","","","","","","QZHH8NT767RX","NA/CDS Corp Idx","CDX.NA.HY"
"3939797178000000301","","NEWT","TRAD","2026-06-30T14:24:18Z","","CR","","I","TRUE","2026-06-30T14:24:18Z","2026-07-01","2029-12-20","","FALSE","BBSF","FALSE","TRUE","","50,000,000","","EUR","","","","","","","","","","","","","","","","","","","","","","","","","0.01","","","","","","0.0035","","","","","","false","","","3","","","A004","","","","","","","","1097110.68000","MNTH","","","","3","","","","UFRO","EUR","","","","","false","1","","","","","","","","","","TRUE","","","","0.0016625","","3","","","QZ6V7C19H15T","NA/CDS Corp Idx","ITRAXX EUROPE"
"3939887877000000201","","NEWT","TRAD","2026-06-30T14:34:26Z","","CR","","I","TRUE","2026-06-30T14:34:26Z","2026-07-01","2031-06-20","","FALSE","BBSF","FALSE","FALSE","","50,000,000","","USD","","","","","","","","","","","","","","","","","","","","","","","","","0.01","","","","","","0.005064","","","","","","false","","","3","","","A004","","","","","","","","1117278.80000","MNTH","","","","3","","","","UFRO","USD","","","","","false","1","","","","","","","","","","FALSE","","","","","","","","","QZ3WVVQG5T8K","NA/CDS Corp Idx","CDX.NA.IG"
"3939883670000000101","","NEWT","TRAD","2026-06-30T14:33:23Z","","CR","","I","TRUE","2026-06-30T14:33:23Z","2026-07-01","2031-06-20","","","TWSF","FALSE","FALSE","","200,000,000","","USD","","","","","","","","","","","","","","","","","","","","","","","","","0.01","","","","","","0.005059","","","","","","false","","","3","","","A004","","","","","","","","4473687.46212","MNTH","","","","3","","","","UFRO","USD","","","","","false","1","","","","","","","","","","FALSE","","","","","","","","","QZ3WVVQG5T8K","NA/CDS Corp Idx","CDX.NA.IG"
"3939410819000000401","","NEWT","TRAD","2026-06-30T13:52:42Z","","CR","","N","FALSE","2026-06-30T13:04:53Z","2026-03-20","2031-06-20","2031-06-20","TRUE","BILT","FALSE","TRUE","TRUE","100,000,000","","EUR","","","","","","","","","","","","","","","","","","","","","","","","2026-08-19","0.05","","315,000","EUR","","","","","","","0.0275","","false","","","","","3","A004","","","","","","","","","MNTH","","","","3","","","","","","","","","","false","1","","","","","","","","","","FALSE","","","","","","","","","QZX75BBR2PZH","NA/CDS Idx Swt","NA/CDS Corp Idx"
"3944589436000000101","3943816860000000301","MODI","TRAD","2026-06-30T20:26:32Z","TRUE","CR","","N","FALSE","2026-06-30T20:08:48Z","2026-03-20","2031-06-20","2031-06-20","TRUE","BILT","FALSE","FALSE","TRUE","20,000,000","","USD","","","","","","","","","","","","","","","","","","","","","","","","2026-08-19","0.05","","128,700","USD","","","","","","","107.5","USD","false","","","","","1","A004","","","","","","","","","MNTH","","","","3","","","","","","","","","","false","1","","","","","","","","","","FALSE","","","","","","","","","QZX75BBR2PZH","NA/CDS Idx Swt","NA/CDS Corp Idx"
"3943816862000000501","","NEWT","TRAD","2026-06-30T20:16:22Z","","CR","","N","FALSE","2026-06-30T20:08:48Z","2026-03-20","2031-06-20","2031-06-20","TRUE","BILT","FALSE","FALSE","TRUE","20,000,000","","USD","","","","","","","","","","","","","","","","","","","","","","","","2026-08-19","0.05","","66,330","USD","","","","","","","106","USD","false","","","","","1","A004","","","","","","","","","MNTH","","","","3","","","","","","","","","","false","0.99","","","","","","","","","","FALSE","","","","","","","","","QZX75BBR2PZH","NA/CDS Idx Swt","NA/CDS Corp Idx"
"3943300828000000201","","NEWT","TRAD","2026-06-30T19:53:37Z","","CR","","I","TRUE","2026-06-30T19:53:37Z","2026-07-01","2031-06-20","","FALSE","BBSF","FALSE","FALSE","","60,000,000","","USD","","","","","","","","","","","","","","","","","","","","","","","","","0.01","","","","","","0.005083","","","","","","false","","","3","","","A004","","","","","","","","1335530.60000","MNTH","","","","3","","","","UFRO","USD","","","","","false","1","","","","","","","","","","FALSE","","","","","","","","","QZ3WVVQG5T8K","NA/CDS Corp Idx","CDX.NA.IG"
"3943243201000000101","","NEWT","TRAD","2026-06-30T19:42:33Z","","CR","","I","TRUE","2026-06-30T19:42:33Z","2026-07-01","2036-06-20","","FALSE","BBSF","FALSE","TRUE","","100,000","","USD","","","","","","","","","","","","","","","","","","","","","","","","","0.01","","","","","","0.009081","","","","","","false","","","3","","","A004","","","","","","","","740.84000","MNTH","","","","3","","","","UFRO","USD","","","","","false","1","","","","","","","","","","FALSE","","","","","","","","","QZ21S8101WKL","NA/CDS Corp Idx","CDX.NA.IG"
"3943280576000000101","","NEWT","TRAD","2026-06-30T19:49:36Z","","CR","","I","TRUE","2026-06-30T19:49:36Z","2026-07-01","2031-06-20","","","TWSF","FALSE","FALSE","","42,000,000","","USD","","","","","","","","","","","","","","","","","","","","","","","","","0.05","","","","","","0.01080965","","","","","","false","","","3","","","A004","","","","","","","","3418499.70000","MNTH","","","","3","","","","UFRO","USD","","","","","false","0.99","","","","","","","","","","FALSE","","","","","","","","","QZHH8NT767RX","NA/CDS Corp Idx","CDX.NA.HY"
"3943144567000000101","3942788402000000101","MODI","NOVA","2026-06-30T19:16:20Z","FALSE","CR","","N","FALSE","2026-06-30T19:15:12Z","2026-06-30","2026-09-16","2031-06-20","FALSE","BILT","FALSE","FALSE","TRUE","400,000,000+","","USD","","","","","","","","","","","","","","","","","","","","","","","","2026-09-16","0.01","","0","","","","","","","","0.0085","","false","","","","","3","A004","","","","","","","","","MNTH","","","","3","","","","","","","","","","false","1","","","","","","","","","","FALSE","","","","","","","","","QZT4QS79CCTS","NA/CDS Idx Swt","NA/CDS Corp Idx"
"3943272023000000101","","NEWT","TRAD","2026-06-30T19:48:12Z","","CR","","I","TRUE","2026-06-30T19:48:12Z","2026-07-01","2031-06-20","","","TWSF","FALSE","FALSE","","20,000,000","","USD","","","","","","","","","","","","","","","","","","","","","","","","","0.05","","","","","","0.010809","","","","","","false","","","3","","","A004","","","","","","","","1626570.00000","MNTH","","","","3","","","","UFRO","USD","","","","","false","0.99","","","","","","","","","","FALSE","","","","","","","","","QZHH8NT767RX","NA/CDS Corp Idx","CDX.NA.HY"
"3942788402000000101","","NEWT","NOVA","2026-06-30T19:15:12Z","","CR","","N","FALSE","2026-06-30T19:15:12Z","2026-06-30","2026-09-16","2031-06-20","FALSE","BILT","FALSE","FALSE","TRUE","400,000,000+","","USD","","","","","","","","","","","","","","","","","","","","","","","","2026-09-16","0.01","","0","","","","","","","","0.0085","","false","","","","","3","A004","","","","","","","","","MNTH","","","","3","","","","","","","","","","false","1","","","","","","","","","","FALSE","","","","","","","","","QZT4QS79CCTS","NA/CDS Idx Swt","NA/CDS Corp Idx"
"3942803708000000101","3939853900000000101","CORR","","2026-06-30T19:15:21Z","","CR","","N","FALSE","2026-06-30T14:28:27Z","2026-06-30","2026-09-16","2031-06-20","FALSE","BILT","FALSE","FALSE","TRUE","400,000,000+","","USD","","","","","","","","","","","","","","","","","","","","","","","","2026-09-16","0.01","","495,000","USD","","","","","","","0.00575","","false","","","","","3","A004","","","","","","","","","MNTH","","","","3","","","","","","","","","","false","1","","","","","","","","","","FALSE","","","","","","","","","QZT4QS79CCTS","NA/CDS Idx Swt","NA/CDS Corp Idx"
"3943076645000000201","","NEWT","TRAD","2026-06-30T19:29:01Z","","CR","","I","TRUE","2026-06-30T19:29:01Z","2026-07-01","2031-06-20","","FALSE","BBSF","FALSE","FALSE","","10,000,000","","USD","","","","","","","","","","","","","","","","","","","","","","","","","0.05","","","","","","0.01081075","","","","","","false","","","3","","","A004","","","","","","","","815017.50000","MNTH","","","","3","","","","UFRO","USD","","","","","false","0.99","","","","","","","","","","FALSE","","","","","","","","","QZHH8NT767RX","NA/CDS Corp Idx","CDX.NA.HY"
"3943076644000000101","","NEWT","TRAD","2026-06-30T19:28:59Z","","CR","","I","TRUE","2026-06-30T19:28:59Z","2026-07-01","2031-06-20","","FALSE","BBSF","FALSE","FALSE","","6,000,000","","USD","","","","","","","","","","","","","","","","","","","","","","","","","0.01","","","","","","0.005079","","","","","","false","","","3","","","A004","","","","","","","","133662.61000","MNTH","","","","3","","","","UFRO","USD","","","","","false","1","","","","","","","","","","FALSE","","","","","","","","","QZ3WVVQG5T8K","NA/CDS Corp Idx","CDX.NA.IG"
"3943911986000000101","","NEWT","TRAD","2026-06-30T20:18:37Z","","CR","","I","TRUE","2026-06-30T20:18:37Z","2026-07-01","2031-06-20","","FALSE","BBSF","FALSE","FALSE","","20,000,000","","USD","","","","","","","","","","","","","","","","","","","","","","","","","0.01","","","","","","0.005094","","","","","","false","","","3","","","A004","","","","","","","","444172.71000","MNTH","","","","3","","","","UFRO","USD","","","","","false","1","","","","","","","","","","FALSE","","","","","","","","","QZ3WVVQG5T8K","NA/CDS Corp Idx","CDX.NA.IG"
"3938600895000000201","","NEWT","TRAD","2026-06-30T12:56:32Z","","CR","","I","TRUE","2026-06-30T12:56:32Z","2026-03-20","2031-06-20","","FALSE","BGCD","FALSE","FALSE","","10,000,000","","EUR","","","","","","","","","","","","","","","","","","","","","","","","","","","","","","","0.0242875","","","","","","false","","","3","","","A004","","","","","","","","","MNTH","","","","3","","","","","","","","","","false","1","","","","","","","","","","TRUE","","","","-0.0014","","3","","","QZ3HM9KVK2WL","NA/CDS Corp Idx","ITRAXX EUROPE CROSSOVER"
"3931240152000000101","","NEWT","TRAD","2026-06-30T08:49:52Z","","CR","","I","FALSE","2026-06-30T08:49:52Z","2026-07-01","2031-06-20","","","TWSF","FALSE","FALSE","","18,000,000","","EUR","","","","","","","","","","","","","","","","","","","","","","","","","0.01","","","","","","0.00516715","","","","","","false","","","3","","","A004","","","","","","","","407967.53636","MNTH","","","","3","","","","UFRO","EUR","","","","","false","1","","","","","","","","","","FALSE","","","","","","","","","QZTQ4GTC5QMF","NA/CDS Corp Idx","ITRAXX EUROPE"
"3943336779000000301","","NEWT","TRAD","2026-06-30T20:00:33Z","","CR","","I","TRUE","2026-06-30T20:00:33Z","2026-07-01","2031-06-20","","FALSE","BBSF","FALSE","FALSE","","15,000,000","","USD","","","","","","","","","","","","","","","","","","","","","","","","","0.05","","","","","","0.010806","","","","","","false","","","3","","","A004","","","","","","","","1215472.50000","MNTH","","","","3","","","","UFRO","USD","","","","","false","0.99","","","","","","","","","","FALSE","","","","","","","","","QZHH8NT767RX","NA/CDS Corp Idx","CDX.NA.HY"
"3943460912000000301","","NEWT","TRAD","2026-06-30T20:02:13Z","","CR","","I","TRUE","2026-06-30T20:02:13Z","2026-07-01","2031-06-20","","","TWSF","FALSE","FALSE","","25,000,000","","USD","","","","","","","","","","","","","","","","","","","","","","","","","0.05","","","","","","0.0108069","","","","","","false","","","3","","","A004","","","","","","","","2028015.00000","MNTH","","","","3","","","","UFRO","USD","","","","","false","0.99","","","","","","","","","","FALSE","","","","","","","","","QZHH8NT767RX","NA/CDS Corp Idx","CDX.NA.HY"
"3943489968000000101","","NEWT","TRAD","2026-06-30T20:05:53Z","","CR","","I","TRUE","2026-06-30T20:05:53Z","2026-07-01","2031-06-20","","FALSE","BBSF","FALSE","FALSE","","50,000,000","","USD","","","","","","","","","","","","","","","","","","","","","","","","","0.01","","","","","","0.0051013","","","","","","false","","","3","","","A004","","","","","","","","1108765.92000","MNTH","","","","3","","","","UFRO","USD","","","","","false","1","","","","","","","","","","FALSE","","","","","","","","","QZ3WVVQG5T8K","NA/CDS Corp Idx","CDX.NA.IG"
"3943319520000000101","","NEWT","TRAD","2026-06-30T19:57:03Z","","CR","","I","TRUE","2026-06-30T19:57:03Z","2026-07-01","2031-06-20","","FALSE","BBSF","FALSE","TRUE","","69,000,000","","USD","","","","","","","","","","","","","","","","","","","","","","","","","0.05","","","","","","0.010809","","","","","","false","","","3","","","A004","","","","","","","","5611666.50000","MNTH","","","","3","","","","UFRO","USD","","","","","false","0.99","","","","","","","","","","FALSE","","","","","","","","","QZHH8NT767RX","NA/CDS Corp Idx","CDX.NA.HY"
"3943568031000000101","","NEWT","TRAD","2026-06-30T20:08:16Z","","CR","","I","TRUE","2026-06-30T20:08:16Z","2026-03-20","2031-06-20","","FALSE","TPSE","FALSE","FALSE","","160,000,000","","USD","","","","","","","","","","","","","","","","","","","","","","","","","0.01","","","","","","0.0051","","","","","","false","","","3","","","A004","","","","","","","","","MNTH","","","","3","","","","","","USD","","","","false","1","","","","","","","OTHR","","","FALSE","","","","","","","","","QZ3WVVQG5T8K","NA/CDS Corp Idx","CDX.NA.IG"
"3943816858000000102","3943755022000000202","MODI","TRAD","2026-06-30T20:16:00Z","TRUE","CR","","I","TRUE","2026-06-30T20:14:26Z","2026-03-20","2031-06-20","","FALSE","TPSE","FALSE","FALSE","","5,000,000","","USD","","","","","","","","","","","","","","","","","","","","","","","","","0.05","","","","","","108.06","","USD","","","","false","","","1","","","A004","","","","","","","","","MNTH","","","","3","","","","","","USD","","","","false","0.99","","","","","","","OTHR","","","FALSE","","","","","","","","","QZHH8NT767RX","NA/CDS Corp Idx","CDX.NA.HY"
"3938407143000000101","","NEWT","TRAD","2026-06-30T12:44:12Z","","CR","","I","TRUE","2026-06-30T12:44:12Z","2026-07-01","2031-06-20","","FALSE","BBSF","FALSE","FALSE","","10,000,000","","USD","","","","","","","","","","","","","","","","","","","","","","","","","0.01","","","","","","0.005076","","","","","","false","","","3","","","A004","","","","","","","","222907.96000","MNTH","","","","3","","","","UFRO","USD","","","","","false","1","","","","","","","","","","FALSE","","","","","","","","","QZ3WVVQG5T8K","NA/CDS Corp Idx","CDX.NA.IG"
"3941812680000000101","","NEWT","TRAD","2026-06-30T17:43:36Z","","CR","","I","TRUE","2026-06-30T17:43:36Z","2026-07-01","2031-06-20","","FALSE","BBSF","FALSE","TRUE","","57,000,000","","USD","","","","","","","","","","","","","","","","","","","","","","","","","0.05","","","","","","0.010812","","","","","","false","","","3","","","A004","","","","","","","","4652653.50000","MNTH","","","","3","","","","UFRO","USD","","","","","false","0.99","","","","","","","","","","FALSE","","","","","","","","","QZHH8NT767RX","NA/CDS Corp Idx","CDX.NA.HY"
"3939971241000000101","","NEWT","TRAD","2026-06-30T14:43:12Z","","CR","","I","TRUE","2026-06-30T14:43:12Z","2026-07-01","2031-06-20","","FALSE","BBSF","FALSE","FALSE","","13,000,000","","EUR","","","","","","","","","","","","","","","","","","","","","","","","","0.05","","","","","","0.024445","","","","","","false","","","3","","","A004","","","","","","","","1442272.84240","MNTH","","","","3","","","","UFRO","EUR","","","","","false","1","","","","","","","","","","FALSE","","","","","","","","","QZ3HM9KVK2WL","NA/CDS Corp Idx","ITRAXX EUROPE CROSSOVER"
"3940027873000000501","","NEWT","TRAD","2026-06-30T14:49:32Z","","CR","","I","TRUE","2026-06-30T14:49:32Z","2026-07-01","2031-06-20","","FALSE","BBSF","FALSE","FALSE","","40,000,000","","USD","","","","","","","","","","","","","","","","","","","","","","","","","0.01","","","","","","0.00507255","","","","","","false","","","3","","","A004","","","","","","","","892265.53410","MNTH","","","","3","","","","UFRO","USD","","","","","false","1","","","","","","","","","","FALSE","","","","","","","","","QZ3WVVQG5T8K","NA/CDS Corp Idx","CDX.NA.IG"
"3940048358000000101","","NEWT","TRAD","2026-06-30T14:50:23Z","","CR","","I","TRUE","2026-06-30T14:50:23Z","2026-07-01","2031-06-20","","FALSE","BBSF","FALSE","FALSE","","25,000,000","","USD","","","","","","","","","","","","","","","","","","","","","","","","","0.05","","","","","","0.01081324","","","","","","false","","","3","","","A004","","","","","","","","2043706.50000","MNTH","","","","3","","","","UFRO","USD","","","","","false","0.99","","","","","","","","","","FALSE","","","","","","","","","QZHH8NT767RX","NA/CDS Corp Idx","CDX.NA.HY"
"3940057179000000901","3940057173000000301","TERM","ETRM","2026-06-29T21:29:07Z","","CR","","N","FALSE","2012-06-07T13:53:13Z","2012-06-07","2049-03-15","2049-03-15","FALSE","BILT","FALSE","FALSE","FALSE","5,000,000","","USD","","","","","","","","","","","","","","","","","","","","","","","","","0.0109","","","","","","","","","","","","false","","","","","","A004","","","","","","","","","","","","","","","","","","","","","","","false","1","","","","","","","","","","FALSE","","","","","","","","","QZ4STD00VNWR","NA/CDS Corp Idx","CMBX.NA.AJ"
"3940546224000000101","","NEWT","TRAD","2026-06-30T15:50:17Z","","CR","","I","TRUE","2026-06-30T15:50:17Z","2026-07-01","2031-06-20","","FALSE","BBSF","FALSE","FALSE","","10,000,000","","USD","","","","","","","","","","","","","","","","","","","","","","","","","0.05","","","","","","0.01081304","","","","","","false","","","3","","","A004","","","","","","","","817284.60000","MNTH","","","","3","","","","UFRO","USD","","","","","false","0.99","","","","","","","","","","FALSE","","","","","","","","","QZHH8NT767RX","NA/CDS Corp Idx","CDX.NA.HY"
"3940570736000000401","","NEWT","TRAD","2026-06-30T15:52:10Z","","CR","","I","TRUE","2026-06-30T15:52:10Z","2026-07-01","2031-06-20","","FALSE","BBSF","FALSE","FALSE","","20,000,000","","USD","","","","","","","","","","","","","","","","","","","","","","","","","0.05","","","","","","0.01081326","","","","","","false","","","3","","","A004","","","","","","","","1635004.80000","MNTH","","","","3","","","","UFRO","USD","","","","","false","0.99","","","","","","","","","","FALSE","","","","","","","","","QZHH8NT767RX","NA/CDS Corp Idx","CDX.NA.HY"
"3938126449000000101","","NEWT","TRAD","2026-06-30T12:16:27Z","","CR","","I","FALSE","2026-06-30T12:16:27Z","2026-07-01","2031-06-20","","","TWSF","FALSE","FALSE","","5,000,000","","USD","","","","","","","","","","","","","","","","","","","","","","","","","0.01","","","","","","0.00982125","","","","","","false","","","3","","","A004","","","","","","","","88125.00000","MNTH","","","","3","","","","UFRO","USD","","","","","false","1","","","","","","","","","","FALSE","","","","","","","","","QZ4JMQKL3P03","NA/CDS Corp Idx","CDX.EM"
"3938269481000000101","","NEWT","TRAD","2026-06-30T12:32:48Z","","CR","","I","TRUE","2026-06-30T12:32:48Z","2026-07-01","2031-06-20","","FALSE","BBSF","FALSE","TRUE","","47,260,799+","","EUR","","","","","","","","","","","","","","","","","","","","","","","","","0.05","","","","","","0.02447","","","","","","false","","","3","","","A004","","","","","","","","5237743.08675","MNTH","","","","3","","","","UFRO","EUR","","","","","false","1","","","","","","","","","","FALSE","","","","","","","","","QZ3HM9KVK2WL","NA/CDS Corp Idx","ITRAXX EUROPE CROSSOVER"
"3941852466000000101","","NEWT","TRAD","2026-06-30T17:53:47Z","","CR","","I","TRUE","2026-06-30T17:53:47Z","2026-07-01","2031-06-20","","FALSE","BBSF","FALSE","FALSE","","40,000,000","","USD","","","","","","","","","","","","","","","","","","","","","","","","","0.01","","","","","","0.00507968","","","","","","false","","","3","","","A004","","","","","","","","890959.91000","MNTH","","","","3","","","","UFRO","USD","","","","","false","1","","","","","","","","","","FALSE","","","","","","","","","QZ3WVVQG5T8K","NA/CDS Corp Idx","CDX.NA.IG"
"3941815849000000201","","NEWT","TRAD","2026-06-30T17:44:12Z","","CR","","I","TRUE","2026-06-30T17:44:12Z","2026-07-01","2031-06-20","","FALSE","BBSF","FALSE","FALSE","","25,000,000","","USD","","","","","","","","","","","","","","","","","","","","","","","","","0.05","","","","","","0.01081205","","","","","","false","","","3","","","A004","","","","","","","","2040761.25000","MNTH","","","","3","","","","UFRO","USD","","","","","false","0.99","","","","","","","","","","FALSE","","","","","","","","","QZHH8NT767RX","NA/CDS Corp Idx","CDX.NA.HY"
"3941789005000000101","","NEWT","TRAD","2026-06-30T17:40:53Z","","CR","","I","TRUE","2026-06-30T17:40:53Z","2025-09-22","2030-12-20","","FALSE","TPSE","FALSE","FALSE","","76,000,000+","","USD","","","","","","","","","","","","","","","","","","","","","","","","","0.05","","","","","","108.2","","USD","","","","false","","","1","","","A004","","","","","","","","","MNTH","","","","3","","","","","","USD","","","","false","0.98","","","","","","","OTHR","","","FALSE","","","","","","","","","QZMD5JCHG48C","NA/CDS Corp Idx","CDX.NA.HY"
"3941806150000000101","","NEWT","TRAD","2026-06-30T17:42:51Z","","CR","","N","FALSE","2026-06-30T17:42:51Z","2026-06-30","2058-12-17","","FALSE","BILT","FALSE","FALSE","FALSE","5,000,000","","USD","","","","","","","","","","","","","","","","","","","","","","","","","0.03","","","","","","","","","","","","false","","","","","","A004","","","","","","","","347916.67000","MNTH","","","","1","","","","UFRO","USD","USD","","","","false","1","","","","","","","","","","FALSE","","","","","","","","","QZ5PSNZ23199","NA/CDS Corp Idx","CMBX.NA.BBB-"
"3941800340000000401","","NEWT","TRAD","2026-06-30T17:42:33Z","","CR","","I","TRUE","2026-06-30T17:42:33Z","2026-03-20","2031-06-20","","FALSE","TPSE","FALSE","FALSE","","25,000,000","","USD","","","","","","","","","","","","","","","","","","","","","","","","","0.01","","","","","","0.00508","","","","","","false","","","3","","","A004","","","","","","","","","MNTH","","","","3","","","","","","USD","","","","false","1","","","","","","","OTHR","","","FALSE","","","","","","","","","QZ3WVVQG5T8K","NA/CDS Corp Idx","CDX.NA.IG"
"3941717409000000101","","NEWT","TRAD","2026-06-30T17:21:25Z","","CR","","I","TRUE","2026-06-30T17:21:25Z","2026-07-01","2031-06-20","","","TWSF","FALSE","TRUE","","250,000,000+","","USD","","","","","","","","","","","","","","","","","","","","","","","","","0.01","","","","","","0.0050715","","","","","","false","","","3","","","A004","","","","","","","","5577862.35584","MNTH","","","","3","","","","UFRO","USD","","","","","false","1","","","","","","","","","","FALSE","","","","","","","","","QZ3WVVQG5T8K","NA/CDS Corp Idx","CDX.NA.IG"
"3941634743000000101","","NEWT","TRAD","2026-06-30T17:05:36Z","","CR","","N","FALSE","2026-06-30T17:05:36Z","2026-07-01","2026-09-20","","FALSE","BILT","FALSE","FALSE","TRUE","49,000,000","49,000,000","USD","USD","","","","","","","","","","","","","","","","","","","","","","","","0","","","","","","","","","","","","false","","","","","","A004","","","A004","","DAIL","","1","44386.80877","EXPI","","","MNTH","1","","","3","UFRO","USD","USD","USD","","","false","1","","","","","","","","","","FALSE","","","","","","","","","QZBQ8SHHWNP6","NA/CDS Corp Idx","IBOXX USD LIQUID HIGH YIELD INDEX"
"3941717410000000201","3941634743000000101","TERM","ETRM","2026-06-30T17:21:19Z","","CR","","N","","2026-06-30T17:05:36Z","2026-07-01","2026-09-20","","FALSE","BILT","FALSE","","FALSE","49,000,000","49,000,000","USD","USD","","","","","","","","","","","","","","","","","","","","","","","","0","","","","","","","","","","","","false","","","","","","","","","","","DAIL","","1","44386.80877","","","MNTH","","","","3","","UFRO","USD","USD","USD","","","false","1","","","","","","","","","","FALSE","","","","","","","","","QZBQ8SHHWNP6","NA/CDS Corp Idx","IBOXX USD LIQUID HIGH YIELD INDEX"
"3941459029000000401","","NEWT","TRAD","2026-06-30T16:47:29Z","","CR","","N","FALSE","2026-06-30T16:47:29Z","2026-06-30","2026-10-21","2031-06-20","FALSE","BILT","FALSE","FALSE","TRUE","400,000,000+","","USD","","","","","","","","","","","","","","","","","","","","","","","","2026-10-21","0.05","","2,209,680","USD","","","","","","","0.0104","","false","","","","","3","A004","","","","","","","","","MNTH","","","","3","","","","","","","","","","false","0.99","","","","","","","","","","FALSE","","","","","","","","","QZHJMSG8W2ZX","NA/CDS Idx Swt","NA/CDS Corp Idx"
"3941383483000000101","","NEWT","TRAD","2026-06-30T16:41:01Z","","CR","","N","FALSE","2026-06-30T16:41:01Z","2026-07-01","2026-12-20","2026-12-20","FALSE","BILT","FALSE","FALSE","TRUE","2,000,000","","USD","","","","","","","","","","","","","","","","","","","","","","","","","","","","","","","","","","","","","false","","","","","","A004","","","","","","","","1811.69819","MNTH","","","","3","","","","UFRO","USD","","","","","false","1","","","","","","","","","","FALSE","","","","","","","","","QZ9206MF0QMZ","NA/CDS Corp Idx","IBOXX USD LIQUID IG"
"3941534445000000201","","NEWT","TRAD","2026-06-30T16:53:50Z","","CR","","I","TRUE","2026-06-30T16:53:50Z","2026-07-01","2031-06-20","","","TWSF","FALSE","TRUE","","250,000,000+","","USD","","","","","","","","","","","","","","","","","","","","","","","","","0.01","","","","","","0.00507","","","","","","false","","","3","","","A004","","","","","","","","5579565.97884","MNTH","","","","3","","","","UFRO","USD","","","","","false","1","","","","","","","","","","TRUE","","","","0.00507","","3","","","QZ3WVVQG5T8K","NA/CDS Corp Idx","CDX.NA.IG"
"3941828424000000101","","NEWT","TRAD","2026-06-30T17:47:26Z","","CR","","I","TRUE","2026-06-30T17:47:26Z","2026-07-01","2031-06-20","","FALSE","BBSF","FALSE","TRUE","","166,287,997+","","EUR","","","","","","","","","","","","","","","","","","","","","","","","","0.01","","","","","","0.0051625","","","","","","false","","","3","","","A004","","","","","","","","3772557.07026","MNTH","","","","3","","","","UFRO","EUR","","","","","false","1","","","","","","","","","","TRUE","","","","0.0051625","","3","","","QZTQ4GTC5QMF","NA/CDS Corp Idx","ITRAXX EUROPE"
"3941754969000000201","","NEWT","TRAD","2026-06-30T17:30:04Z","","CR","","N","FALSE","2026-06-30T17:30:04Z","2026-06-30","2026-07-31","","FALSE","BILT","FALSE","FALSE","TRUE","45,000,000","","EUR","","","","","","","","","","","","","","","","","","","","","","","","","0","","","","","","","","","","","","false","","","","","","A020","","","","","","","","","YEAR","","","","1","","","","","","EUR","","","","true","","","","","","","","","","","FALSE","","","","","","","","","QZ06XKC3VCD6","NA/CDS Corp Oth Sr","SOCIETE GENERALE"
"3942968656000000101","","NEWT","TRAD","2026-06-30T19:23:49Z","","CR","","I","TRUE","2026-06-30T19:23:49Z","2026-03-20","2031-06-20","","FALSE","TPSE","FALSE","FALSE","","30,000,000","","USD","","","","","","","","","","","","","","","","","","","","","","","","","0.05","","","","","","108.1","","USD","","","","false","","","1","","","A004","","","","","","","","","MNTH","","","","3","","","","","","USD","","","","false","0.99","","","","","","","OTHR","","","FALSE","","","","","","","","","QZHH8NT767RX","NA/CDS Corp Idx","CDX.NA.HY"
"3942067187000000901","3840532905000000201","MODI","TRAD","2026-06-30T18:25:02Z","FALSE","CR","","N","FALSE","2026-06-24T13:34:21Z","2026-06-24","2026-07-01","","FALSE","BILT","FALSE","FALSE","TRUE","400,000,000+","393,504,028","USD","USD","","","","","","","","","","","","","","","","","","","","","","","","0.038227","0.038227","","","","","","","","","","","false","","","","","","","","","","","","","","","EXPI","","","","1","","","","","","","USD","","","false","","","","","","","","","","","FALSE","","","","","","","","","QZW6JMD69LC6","NA/CDS Corp SN","DTD 05/15/2025"
"3938748667000000101","","NEWT","TRAD","2026-06-30T13:08:26Z","","CR","","I","TRUE","2026-06-30T13:08:26Z","2026-07-01","2030-12-20","","FALSE","BBSF","FALSE","TRUE","","47,260,799+","","EUR","","","","","","","","","","","","","","","","","","","","","","","","","0.05","","","","","","0.0209725","","","","","","false","","","3","","","A004","","","","","","","","5508639.33608","MNTH","","","","3","","","","UFRO","EUR","","","","","false","1","","","","","","","","","","TRUE","","","","0.00344","","3","","","QZ5F5FRS4TR9","NA/CDS Corp Idx","ITRAXX EUROPE CROSSOVER"
"3938746412000000101","","NEWT","TRAD","2026-06-30T13:07:00Z","","CR","","I","FALSE","2026-06-30T13:07:00Z","2026-03-20","2031-06-20","2031-06-20","FALSE","BMTF","FALSE","FALSE","FALSE","130,000","","USD","","","","","","","","","","","","","","","","","","","","","","","","","0.05","","","","","","","","","","","","false","","","","","","A004","","","","","","","","10606.81953","MNTH","","","","3","","","","UFRO","USD","","","","","false","0.99","","","","","","","","","","FALSE","","","","","","","","","QZHH8NT767RX","NA/CDS Corp Idx","CDX.NA.HY"
"3938790107000000101","","NEWT","TRAD","2026-06-30T13:12:28Z","","CR","","I","TRUE","2026-06-30T13:12:28Z","2026-07-01","2031-06-20","","","TWSF","FALSE","FALSE","","130,000,000","","USD","","","","","","","","","","","","","","","","","","","","","","","","","0.01","","","","","","0.0050758","","","","","","false","","","3","","","A004","","","","","","","","2897922.15440","MNTH","","","","3","","","","UFRO","USD","","","","","false","1","","","","","","","","","","FALSE","","","","","","","","","QZ3WVVQG5T8K","NA/CDS Corp Idx","CDX.NA.IG"
"3933979141000000101","","NEWT","TRAD","2026-06-30T09:41:19Z","","CR","","I","TRUE","2026-06-30T09:41:19Z","2026-07-01","2031-06-20","","FALSE","BBSF","FALSE","FALSE","","20,000,000","","EUR","","","","","","","","","","","","","","","","","","","","","","","","","0.05","","","","","","0.0243572","","","","","","false","","","3","","","A004","","","","","","","","2227184.49000","MNTH","","","","3","","","","UFRO","EUR","","","","","false","1","","","","","","","","","","FALSE","","","","","","","","","QZ3HM9KVK2WL","NA/CDS Corp Idx","ITRAXX EUROPE CROSSOVER"
"3944311517000000101","3940394253000000101","CORR","","2026-06-30T15:34:15Z","","CR","","N","FALSE","2026-06-30T15:34:15Z","2025-09-22","2030-12-20","","FALSE","BILT","FALSE","FALSE","FALSE","20,000,000","","USD","","","","","","","","","","","","","","","","","","","","","","","","","0.05","","","","","","","","","","","","false","","","","","","A004","","","","","","","","2945000.00000","MNTH","","","","3","","","","UFRO","USD","USD","","","","true","0.98","","","","","","","","","","FALSE","","","","","","","","","QZ4VMR67VL60","NA/CDS Corp Idx Tra","CDX.NA.HY"
"3942180629000000101","","NEWT","TRAD","2026-06-30T18:47:08Z","","CR","","I","TRUE","2026-06-30T18:47:08Z","2026-07-01","2031-06-20","","FALSE","BBSF","FALSE","FALSE","","830,000","","USD","","","","","","","","","","","","","","","","","","","","","","","","","0.01","","","","","","0.005082","","","","","","false","","","3","","","A004","","","","","","","","18478.63000","MNTH","","","","3","","","","UFRO","USD","","","","","false","1","","","","","","","","","","FALSE","","","","","","","","","QZ3WVVQG5T8K","NA/CDS Corp Idx","CDX.NA.IG"
"3941999235000000301","","NEWT","TRAD","2026-06-30T18:22:17Z","","CR","","N","FALSE","2026-06-30T18:22:17Z","2026-07-01","2026-09-16","2031-06-20","FALSE","BILT","FALSE","FALSE","TRUE","50,000,000","","USD","","","","","","","","","","","","","","","","","","","","","","","","2026-09-16","0.01","","51,750","USD","","","","","","","60","USD","false","","","","","1","A004","","","","","","","","","MNTH","","","","3","","","","","","","","","","false","","","","","","","","","","","FALSE","","","","","","","","","QZ7WW76RFHN3","NA/CDS Idx Swt","NA/CDS Corp Idx"
"3942201303000000101","","NEWT","TRAD","2026-06-30T18:48:13Z","","CR","","I","TRUE","2026-06-30T18:48:13Z","2026-07-01","2031-06-20","","FALSE","BBSF","FALSE","FALSE","","18,000,000","","USD","","","","","","","","","","","","","","","","","","","","","","","","","0.05","","","","","","0.01080995","","","","","","false","","","3","","","A004","","","","","","","","1465603.07693","MNTH","","","","3","","","","UFRO","USD","","","","","false","0.99","","","","","","","","","","FALSE","","","","","","","","","QZHH8NT767RX","NA/CDS Corp Idx","CDX.NA.HY"
"3939638260000000101","","NEWT","TRAD","2026-06-30T14:09:00Z","","CR","","I","TRUE","2026-06-30T14:09:00Z","2026-07-01","2031-06-20","","FALSE","BBSF","FALSE","FALSE","","10,000,000","","EUR","","","","","","","","","","","","","","","","","","","","","","","","","0.05","","","","","","0.02444","","","","","","false","","","3","","","A004","","","","","","","","1109677.00000","MNTH","","","","3","","","","UFRO","EUR","","","","","false","1","","","","","","","","","","FALSE","","","","","","","","","QZ3HM9KVK2WL","NA/CDS Corp Idx","ITRAXX EUROPE CROSSOVER"
"3942462541000000101","","NEWT","TRAD","2026-06-30T19:00:50Z","","CR","","I","TRUE","2026-06-30T19:00:50Z","2026-07-01","2031-06-20","","","TWSF","FALSE","FALSE","","67,000,000","","USD","","","","","","","","","","","","","","","","","","","","","","","","","0.01","","","","","","0.00508006","","","","","","false","","","3","","","A004","","","","","","","","1492241.64000","MNTH","","","","3","","","","UFRO","USD","","","","","false","1","","","","","","","","","","FALSE","","","","","","","","","QZ3WVVQG5T8K","NA/CDS Corp Idx","CDX.NA.IG"
"3943343205000000401","","NEWT","TRAD","2026-06-30T20:00:57Z","","CR","","I","TRUE","2026-06-30T20:00:57Z","2026-03-20","2031-06-20","","FALSE","TPSE","FALSE","FALSE","","150,000,000","","USD","","","","","","","","","","","","","","","","","","","","","","","","","0.01","","","","","","0.00508","","","","","","false","","","3","","","A004","","","","","","","","","MNTH","","","","3","","","","","","USD","","","","false","1","","","","","","","OTHR","","","FALSE","","","","","","","","","QZ3WVVQG5T8K","NA/CDS Corp Idx","CDX.NA.IG"
"3929545863000000201","","NEWT","TRAD","2026-06-30T08:17:37Z","","CR","","I","TRUE","2026-06-30T08:17:37Z","2026-07-01","2031-06-20","","","TWSF","FALSE","FALSE","","10,000,000","","EUR","","","","","","","","","","","","","","","","","","","","","","","","","0.01","","","","","","0.005434","","","","","","false","","","3","","","A004","","","","","","","","214041.26000","MNTH","","","","3","","","","UFRO","EUR","","","","","false","1","","","","","","","","","","FALSE","","","","","","","","","QZTB38W3WJ98","NA/CDS Corp Idx","ITRAXX EUROPE SENIOR FINANCIALS"
"3937343865000000101","","NEWT","TRAD","2026-06-30T11:13:59Z","","CR","","I","TRUE","2026-06-30T11:13:59Z","2026-07-01","2031-06-20","","","TWSF","FALSE","FALSE","","17,000,000","","EUR","","","","","","","","","","","","","","","","","","","","","","","","","0.05","","","","","","0.0243","","","","","","false","","","3","","","A004","","","","","","","","1897707.69970","MNTH","","","","3","","","","UFRO","EUR","","","","","false","1","","","","","","","","","","FALSE","","","","","","","","","QZ3HM9KVK2WL","NA/CDS Corp Idx","ITRAXX EUROPE CROSSOVER"
"3937375632000000101","","NEWT","TRAD","2026-06-30T11:15:53Z","","CR","","I","TRUE","2026-06-30T11:15:53Z","2026-07-01","2031-06-20","","FALSE","BBSF","FALSE","TRUE","","60,000,000","","USD","","","","","","","","","","","","","","","","","","","","","","","","","0.05","","","","","","0.01081825","","","","","","false","","","3","","","A004","","","","","","","","4934655.00000","MNTH","","","","3","","","","UFRO","USD","","","","","false","0.99","","","","","","","","","","FALSE","","","","","","","","","QZHH8NT767RX","NA/CDS Corp Idx","CDX.NA.HY"
"3937527371000000101","","NEWT","TRAD","2026-06-30T11:27:30Z","","CR","","I","TRUE","2026-06-30T11:27:30Z","2026-07-01","2031-06-20","","","TWSF","FALSE","FALSE","","110,000,000","","USD","","","","","","","","","","","","","","","","","","","","","","","","","0.01","","","","","","0.0050723","","","","","","false","","","3","","","A004","","","","","","","","2453834.63400","MNTH","","","","3","","","","UFRO","USD","","","","","false","1","","","","","","","","","","FALSE","","","","","","","","","QZ3WVVQG5T8K","NA/CDS Corp Idx","CDX.NA.IG"
"3936751531000000101","","NEWT","TRAD","2026-06-30T10:42:33Z","","CR","","I","TRUE","2026-06-30T10:42:33Z","2026-07-01","2031-06-20","","","TWSF","FALSE","FALSE","","3,000,000","","EUR","","","","","","","","","","","","","","","","","","","","","","","","","0.01","","","","","","0.0088826","","","","","","false","","","3","","","A004","","","","","","","","16203.28277","MNTH","","","","3","","","","UFRO","EUR","","","","","false","1","","","","","","","","","","FALSE","","","","","","","","","QZ5GD86QBKCC","NA/CDS Corp Idx","ITRAXX EUROPE SUB FINANCIALS"
"3939677132000000101","","NEWT","TRAD","2026-06-30T14:13:32Z","","CR","","I","TRUE","2026-06-30T14:13:32Z","2026-07-01","2031-06-20","","FALSE","BBSF","FALSE","FALSE","","25,000,000","","EUR","","","","","","","","","","","","","","","","","","","","","","","","","0.01","","","","","","0.0051565","","","","","","false","","","3","","","A004","","","","","","","","567877.40755","MNTH","","","","3","","","","UFRO","EUR","","","","","false","1","","","","","","","","","","FALSE","","","","","","","","","QZTQ4GTC5QMF","NA/CDS Corp Idx","ITRAXX EUROPE"
"3939156244000000401","","NEWT","TRAD","2026-06-30T13:34:40Z","","CR","","I","TRUE","2026-06-30T13:34:40Z","2026-07-01","2031-06-20","","","TWSF","FALSE","FALSE","","20,000,000","","EUR","","","","","","","","","","","","","","","","","","","","","","","","","0.05","","","","","","0.024344","","","","","","false","","","3","","","A004","","","","","","","","2228433.29000","MNTH","","","","3","","","","UFRO","EUR","","","","","false","1","","","","","","","","","","FALSE","","","","","","","","","QZ3HM9KVK2WL","NA/CDS Corp Idx","ITRAXX EUROPE CROSSOVER"
"3939211281000000401","","NEWT","TRAD","2026-06-30T13:38:40Z","","CR","","I","TRUE","2026-06-30T13:38:40Z","2026-07-01","2031-06-20","","","TWSF","FALSE","FALSE","","46,000,000","","EUR","","","","","","","","","","","","","","","","","","","","","","","","","0.01","","","","","","0.00514624","","","","","","false","","","3","","","A004","","","","","","","","1047128.83000","MNTH","","","","3","","","","UFRO","EUR","","","","","false","1","","","","","","","","","","FALSE","","","","","","","","","QZTQ4GTC5QMF","NA/CDS Corp Idx","ITRAXX EUROPE"
"3939261595000000401","","NEWT","TRAD","2026-06-30T13:42:59Z","","CR","","I","TRUE","2026-06-30T13:42:59Z","2026-07-01","2031-06-20","","FALSE","BBSF","FALSE","TRUE","","250,000,000+","","USD","","","","","","","","","","","","","","","","","","","","","","","","","0.01","","","","","","0.005089","","","","","","false","","","3","","","A004","","","","","","","","5557808.61469","MNTH","","","","3","","","","UFRO","USD","","","","","false","1","","","","","","","","","","FALSE","","","","","","","","","QZ3WVVQG5T8K","NA/CDS Corp Idx","CDX.NA.IG"
"3939127723000000101","","NEWT","TRAD","2026-06-30T13:32:51Z","","CR","","I","TRUE","2026-06-30T13:32:51Z","2026-07-01","2031-06-20","","FALSE","BBSF","FALSE","FALSE","","10,000,000","","EUR","","","","","","","","","","","","","","","","","","","","","","","","","0.05","","","","","","0.02434","","","","","","false","","","3","","","A004","","","","","","","","1114405.87000","MNTH","","","","3","","","","UFRO","EUR","","","","","false","1","","","","","","","","","","FALSE","","","","","","","","","QZ3HM9KVK2WL","NA/CDS Corp Idx","ITRAXX EUROPE CROSSOVER"
"3939307056000000201","","NEWT","TRAD","2026-06-30T13:44:52Z","","CR","","I","FALSE","2026-06-30T13:44:52Z","2026-07-01","2031-06-20","","","TWSF","FALSE","TRUE","","166,287,997+","","EUR","","","","","","","","","","","","","","","","","","","","","","","","","0.01","","","","","","0.005148","","","","","","false","","","3","","","A004","","","","","","","","3783929.49758","MNTH","","","","3","","","","UFRO","EUR","","","","","false","1","","","","","","","","","","FALSE","","","","","","","","","QZTQ4GTC5QMF","NA/CDS Corp Idx","ITRAXX EUROPE"
"3939376865000000301","","NEWT","TRAD","2026-06-30T13:50:38Z","","CR","","I","TRUE","2026-06-30T13:50:38Z","2026-07-01","2031-06-20","","","TWSF","FALSE","FALSE","","70,000,000","","USD","","","","","","","","","","","","","","","","","","","","","","","","","0.01","","","","","","0.0050756","","","","","","false","","","3","","","A004","","","","","","","","1560483.53000","MNTH","","","","3","","","","UFRO","USD","","","","","false","1","","","","","","","","","","FALSE","","","","","","","","","QZ3WVVQG5T8K","NA/CDS Corp Idx","CDX.NA.IG"
"3939204016000000201","","NEWT","TRAD","2026-06-30T13:38:21Z","","CR","","I","TRUE","2026-06-30T13:38:21Z","2026-07-01","2031-06-20","","","TWSF","FALSE","TRUE","","250,000,000+","","USD","","","","","","","","","","","","","","","","","","","","","","","","","0.01","","","","","","0.005075","","","","","","false","","","3","","","A004","","","","","","","","5573768.33022","MNTH","","","","3","","","","UFRO","USD","","","","","false","1","","","","","","","","","","FALSE","","","","","","","","","QZ3WVVQG5T8K","NA/CDS Corp Idx","CDX.NA.IG"
"3939352319000000101","","NEWT","TRAD","2026-06-30T13:42:00Z","","CR","","N","FALSE","2026-06-30T13:42:00Z","2026-10-21","2026-10-21","2031-06-20","FALSE","BILT","FALSE","FALSE","FALSE","120,000,000","","EUR","","","","","","","","","","","","","","","","","","","","","","","","2026-10-21","0.05","","771,600","EUR","","","","","","","0.03","","false","","","","","3","A004","","","","","","","","","MNTH","","","","3","","","","","","","","","","false","","","","","","","","","","","TRUE","0.001425","","3","","","","","","QZN6X938ZWQ4","NA/CDS Idx Swt","NA/CDS Corp Idx"
"3928621550000000101","","NEWT","TRAD","2026-06-30T07:59:20Z","","CR","","I","FALSE","2026-06-30T07:59:20Z","2026-07-01","2031-06-20","","","TWSF","FALSE","FALSE","","4,000,000","","EUR","","","","","","","","","","","","","","","","","","","","","","","","","0.05","","","","","","0.02451862","","","","","","false","","","3","","","A004","","","","","","","","442384.69000","MNTH","","","","3","","","","UFRO","EUR","","","","","false","1","","","","","","","","","","FALSE","","","","","","","","","QZ3HM9KVK2WL","NA/CDS Corp Idx","ITRAXX EUROPE CROSSOVER"
"3939617192000000201","","NEWT","TRAD","2026-06-30T14:06:15Z","","CR","","I","TRUE","2026-06-30T14:06:15Z","2026-07-01","2031-06-20","","FALSE","BBSF","FALSE","FALSE","","100,000,000","","USD","","","","","","","","","","","","","","","","","","","","","","","","","0.01","","","","","","0.00506513","","","","","","false","","","3","","","A004","","","","","","","","2234041.74000","MNTH","","","","3","","","","UFRO","USD","","","","","false","1","","","","","","","","","","FALSE","","","","","","","","","QZ3WVVQG5T8K","NA/CDS Corp Idx","CDX.NA.IG"
"3938975617000000301","","NEWT","TRAD","2026-06-30T13:25:10Z","","CR","","I","TRUE","2026-06-30T13:25:10Z","2026-07-01","2031-06-20","","","TWSF","FALSE","FALSE","","15,000,000","","EUR","","","","","","","","","","","","","","","","","","","","","","","","","0.01","","","","","","0.005426","","","","","","false","","","3","","","A004","","","","","","","","321628.20000","MNTH","","","","3","","","","UFRO","EUR","","","","","false","1","","","","","","","","","","FALSE","","","","","","","","","QZTB38W3WJ98","NA/CDS Corp Idx","ITRAXX EUROPE SENIOR FINANCIALS"
"3939020247000000201","","NEWT","TRAD","2026-06-30T13:27:10Z","","CR","","I","TRUE","2026-06-30T13:27:10Z","2026-07-01","2031-06-20","","","TWSF","FALSE","FALSE","","8,000,000","","USD","","","","","","","","","","","","","","","","","","","","","","","","","0.05","","","","","","0.01081132","","","","","","false","","","3","","","A004","","","","","","","","652465.44000","MNTH","","","","3","","","","UFRO","USD","","","","","false","0.99","","","","","","","","","","FALSE","","","","","","","","","QZHH8NT767RX","NA/CDS Corp Idx","CDX.NA.HY"
"3939565118000000101","","NEWT","TRAD","2026-06-30T14:02:01Z","","CR","","I","TRUE","2026-06-30T14:02:01Z","2026-07-01","2031-06-20","","","TWSF","FALSE","FALSE","","46,000,000","","EUR","","","","","","","","","","","","","","","","","","","","","","","","","0.01","","","","","","0.0051505","","","","","","false","","","3","","","A004","","","","","","","","1046201.94000","MNTH","","","","3","","","","UFRO","EUR","","","","","false","1","","","","","","","","","","FALSE","","","","","","","","","QZTQ4GTC5QMF","NA/CDS Corp Idx","ITRAXX EUROPE"
"3939582243000000201","","NEWT","TRAD","2026-06-30T14:02:25Z","","CR","","I","FALSE","2026-06-30T14:02:25Z","2026-07-01","2031-06-20","","","TWSF","FALSE","FALSE","","25,000,000","","USD","","","","","","","","","","","","","","","","","","","","","","","","","0.01","","","","","","0.0098235","","","","","","false","","","3","","","A004","","","","","","","","435000.00000","MNTH","","","","3","","","","UFRO","USD","","","","","false","1","","","","","","","","","","FALSE","","","","","","","","","QZ4JMQKL3P03","NA/CDS Corp Idx","CDX.EM"
"3938890468000000301","","NEWT","TRAD","2026-06-30T13:19:45Z","","CR","","I","TRUE","2026-06-30T13:19:45Z","2026-07-01","2030-12-20","","","TWSF","FALSE","TRUE","","47,260,799+","","EUR","","","","","","","","","","","","","","","","","","","","","","","","","0.05","","","","","","0.02085","","","","","","false","","","3","","","A004","","","","","","","","5534021.66288","MNTH","","","","3","","","","UFRO","EUR","","","","","false","1","","","","","","","","","","FALSE","","","","","","","","","QZ5F5FRS4TR9","NA/CDS Corp Idx","ITRAXX EUROPE CROSSOVER"
"3939301290000000401","","NEWT","TRAD","2026-06-30T13:44:35Z","","CR","","I","TRUE","2026-06-30T13:44:35Z","2026-03-20","2031-06-20","","FALSE","TPSE","FALSE","FALSE","","76,000,000+","","USD","","","","","","","","","","","","","","","","","","","","","","","","","0.05","","","","","","108.115","","USD","","","","false","","","1","","","A004","","","","","","","","","MNTH","","","","3","","","","","","USD","","","","false","0.99","","","","","","","OTHR","","","FALSE","","","","","","","","","QZHH8NT767RX","NA/CDS Corp Idx","CDX.NA.HY"
"3940139281000000501","","NEWT","TRAD","2026-06-30T15:01:55Z","","CR","","I","TRUE","2026-06-30T15:01:55Z","2026-07-01","2031-06-20","","FALSE","BBSF","FALSE","FALSE","","20,000,000","","EUR","","","","","","","","","","","","","","","","","","","","","","","","","0.05","","","","","","0.024444","","","","","","false","","","3","","","A004","","","","","","","","2218975.84000","MNTH","","","","3","","","","UFRO","EUR","","","","","false","1","","","","","","","","","","FALSE","","","","","","","","","QZ3HM9KVK2WL","NA/CDS Corp Idx","ITRAXX EUROPE CROSSOVER"
"3940263596000000101","","NEWT","TRAD","2026-06-30T15:15:43Z","FALSE","CR","","N","FALSE","2026-06-30T15:15:43Z","2026-06-30","2057-12-17","","FALSE","BILT","FALSE","FALSE","FALSE","5,000,000","","USD","","","","","","","","","","","","","","","","","","","","","","","","","0.03","","","","","","","","","","","","false","","","","","","A004","","","","","","","","394791.67000","MNTH","","","","1","","","","UFRO","USD","","","","","false","1","","","","","","","","","","FALSE","","","","","","","","","QZQSFL8FRCZZ","NA/CDS Corp Idx","CMBX.NA.BBB-"
"3940291241000000201","","NEWT","TRAD","2026-06-30T15:21:42Z","","CR","","I","TRUE","2026-06-30T15:21:42Z","2026-07-01","2031-06-20","","FALSE","BBSF","FALSE","FALSE","","440,000","","EUR","","","","","","","","","","","","","","","","","","","","","","","","","0.05","","","","","","0.024483","","","","","","false","","","3","","","A004","","","","","","","","48736.37000","MNTH","","","","3","","","","UFRO","EUR","","","","","false","1","","","","","","","","","","FALSE","","","","","","","","","QZ3HM9KVK2WL","NA/CDS Corp Idx","ITRAXX EUROPE CROSSOVER"
"3940139280000000401","","NEWT","TRAD","2026-06-30T15:01:35Z","","CR","","I","FALSE","2026-06-30T15:01:35Z","2026-07-01","2031-06-20","","","TWSF","FALSE","TRUE","","166,287,997+","","EUR","","","","","","","","","","","","","","","","","","","","","","","","","0.01","","","","","","0.0051605","","","","","","false","","","3","","","A004","","","","","","","","3774098.22290","MNTH","","","","3","","","","UFRO","EUR","","","","","false","1","","","","","","","","","","FALSE","","","","","","","","","QZTQ4GTC5QMF","NA/CDS Corp Idx","ITRAXX EUROPE"
"3940359645000000301","","NEWT","TRAD","2026-06-30T15:30:07Z","","CR","","I","FALSE","2026-06-30T15:30:07Z","2026-07-01","2031-06-20","","","TWSF","FALSE","FALSE","","10,000,000","","USD","","","","","","","","","","","","","","","","","","","","","","","","","0.01","","","","","","0.0098231","","","","","","false","","","3","","","A004","","","","","","","","174400.00000","MNTH","","","","3","","","","UFRO","USD","","","","","false","1","","","","","","","","","","FALSE","","","","","","","","","QZ4JMQKL3P03","NA/CDS Corp Idx","CDX.EM"
"3940386599000000101","","NEWT","TRAD","2026-06-30T15:33:32Z","","CR","","I","TRUE","2026-06-30T15:33:32Z","2026-07-01","2031-06-20","","FALSE","BBSF","FALSE","FALSE","","600,000","","EUR","","","","","","","","","","","","","","","","","","","","","","","","","0.05","","","","","","0.024486","","","","","","false","","","3","","","A004","","","","","","","","66450.18000","MNTH","","","","3","","","","UFRO","EUR","","","","","false","1","","","","","","","","","","FALSE","","","","","","","","","QZ3HM9KVK2WL","NA/CDS Corp Idx","ITRAXX EUROPE CROSSOVER"
"3940406012000000201","","NEWT","TRAD","2026-06-30T15:34:37Z","FALSE","CR","","I","TRUE","2026-06-30T15:34:37Z","2026-06-30","2026-08-19","","","BILT","FALSE","FALSE","TRUE","350,079,993+","","EUR","","","","","","","","","","","","","","","","","","","","","","","","2026-08-19","","","0","EUR","","","0.0055","","","","0.0055","","false","","","3","","3","","","","","","","","","","","","","","","","","","","","","","","","false","1","","","","","","","","","","FALSE","","","","","","","","","QZS1WNR5R2ND","NA/CDS Idx Swt","NA/CDS Corp Idx"
"3940095144000000301","","NEWT","TRAD","2026-06-30T14:56:37Z","","CR","","I","TRUE","2026-06-30T14:56:37Z","2026-07-01","2031-06-20","","FALSE","BBSF","FALSE","FALSE","","12,000,000","","EUR","","","","","","","","","","","","","","","","","","","","","","","","","0.01","","","","","","0.0051625","","","","","","false","","","3","","","A004","","","","","","","","272241.17000","MNTH","","","","3","","","","UFRO","EUR","","","","","false","1","","","","","","","","","","FALSE","","","","","","","","","QZTQ4GTC5QMF","NA/CDS Corp Idx","ITRAXX EUROPE"
"3940099122000000101","","NEWT","TRAD","2026-06-30T14:57:10Z","","CR","","I","TRUE","2026-06-30T14:57:10Z","2026-07-01","2031-06-20","","","TWSF","FALSE","FALSE","","66,000,000","","USD","","","","","","","","","","","","","","","","","","","","","","","","","0.01","","","","","","0.00507111","","","","","","false","","","3","","","A004","","","","","","","","1472667.03150","MNTH","","","","3","","","","UFRO","USD","","","","","false","1","","","","","","","","","","FALSE","","","","","","","","","QZ3WVVQG5T8K","NA/CDS Corp Idx","CDX.NA.IG"
"3940228822000000101","","NEWT","TRAD","2026-06-30T15:12:52Z","","CR","","I","FALSE","2026-06-30T15:12:52Z","2026-03-20","2031-06-20","","","BGCO","FALSE","FALSE","FALSE","20,000,000","","EUR","","","","","","","","","","","","","","","","","","","","","","","","","0.05","","","","","","","","","","","","false","","","","","","A004","","","","","","","","2220772.00000","MNTH","","","","3","","","","UFRO","EUR","","","","","false","1","","","","","","","","","","FALSE","","","","","","","","","QZ3HM9KVK2WL","NA/CDS Corp Idx","ITRAXX EUROPE CROSSOVER"
"3940187053000000301","","NEWT","TRAD","2026-06-30T15:07:25Z","","CR","","I","TRUE","2026-06-30T15:07:25Z","2026-07-01","2031-06-20","","FALSE","BBSF","FALSE","FALSE","","25,000,000","","USD","","","","","","","","","","","","","","","","","","","","","","","","","0.05","","","","","","0.01081425","","","","","","false","","","3","","","A004","","","","","","","","2046206.25000","MNTH","","","","3","","","","UFRO","USD","","","","","false","0.99","","","","","","","","","","FALSE","","","","","","","","","QZHH8NT767RX","NA/CDS Corp Idx","CDX.NA.HY"
"3940772486000000101","","NEWT","TRAD","2026-06-30T16:03:32Z","","CR","","I","TRUE","2026-06-30T16:03:32Z","2026-07-01","2031-06-20","","FALSE","BBSF","FALSE","FALSE","","75,000,000","","USD","","","","","","","","","","","","","","","","","","","","","","","","","0.01","","","","","","0.0050712","","","","","","false","","","3","","","A004","","","","","","","","1673453.05000","MNTH","","","","3","","","","UFRO","USD","","","","","false","1","","","","","","","","","","FALSE","","","","","","","","","QZ3WVVQG5T8K","NA/CDS Corp Idx","CDX.NA.IG"
"3940450700000000101","","NEWT","TRAD","2026-06-30T15:40:19Z","","CR","","N","FALSE","2026-06-30T15:40:19Z","2026-03-20","2026-07-15","2031-06-20","FALSE","BILT","FALSE","FALSE","TRUE","350,079,993+","","EUR","","","","","","","","","","","","","","","","","","","","","","","","2026-07-15","0.01","","49,011.2","EUR","","","","","","","0.006","","false","","","","","3","A004","","","","","","","","","MNTH","","","","3","","","","","","","","","","false","1","","","","","","","","","","FALSE","","","","","","","","","QZS61NHV7CQ9","NA/Cr Op Swps EuPt Van Ph",""
"3940672517000000201","","NEWT","TRAD","2026-06-30T15:58:48Z","","CR","","I","TRUE","2026-06-30T15:58:48Z","2026-07-01","2031-06-20","","FALSE","BBSF","FALSE","TRUE","","76,000,000+","","USD","","","","","","","","","","","","","","","","","","","","","","","","","0.05","","","","","","0.0108125","","","","","","false","","","3","","","A004","","","","","","","","6207300.00000","MNTH","","","","3","","","","UFRO","USD","","","","","false","0.99","","","","","","","","","","TRUE","","","","0.00000605","","3","","","QZHH8NT767RX","NA/CDS Corp Idx","CDX.NA.HY"
"3940932910000000101","","NEWT","TRAD","2026-06-30T16:10:43Z","","CR","","I","TRUE","2026-06-30T16:10:43Z","2026-03-20","2031-06-20","","FALSE","BGCD","FALSE","FALSE","","40,000,000","","EUR","","","","","","","","","","","","","","","","","","","","","","","","","","","","","","","0.00515","","","","","","false","","","3","","","A004","","","","","","","","","MNTH","","","","3","","","","","","","","","","false","1","","","","","","","","","","TRUE","","","","0.0038125","","3","","","QZTQ4GTC5QMF","NA/CDS Corp Idx","ITRAXX EUROPE"
"3940950810000000501","","NEWT","TRAD","2026-06-30T16:11:47Z","","CR","","I","TRUE","2026-06-30T16:11:47Z","2026-03-20","2031-06-20","","FALSE","BGCD","FALSE","FALSE","","10,000,000","","EUR","","","","","","","","","","","","","","","","","","","","","","","","","","","","","","","0.0244125","","","","","","false","","","3","","","A004","","","","","","","","","MNTH","","","","3","","","","","","","","","","false","1","","","","","","","","","","TRUE","","","","0.0038125","","3","","","QZ3HM9KVK2WL","NA/CDS Corp Idx","ITRAXX EUROPE CROSSOVER"
"3942507425000000101","","NEWT","TRAD","2026-06-30T19:02:58Z","","CR","","I","TRUE","2026-06-30T19:02:58Z","2026-07-01","2031-06-20","","FALSE","BBSF","FALSE","FALSE","","12,000,000","","USD","","","","","","","","","","","","","","","","","","","","","","","","","0.05","","","","","","0.01081065","","","","","","false","","","3","","","A004","","","","","","","","977902.20000","MNTH","","","","3","","","","UFRO","USD","","","","","false","0.99","","","","","","","","","","FALSE","","","","","","","","","QZHH8NT767RX","NA/CDS Corp Idx","CDX.NA.HY"
"3939156246000000601","","NEWT","TRAD","2026-06-30T13:34:55Z","","CR","","I","TRUE","2026-06-30T13:34:55Z","2026-07-01","2031-06-20","","FALSE","BBSF","FALSE","FALSE","","40,000,000","","EUR","","","","","","","","","","","","","","","","","","","","","","","","","0.01","","","","","","0.0051515","","","","","","false","","","3","","","A004","","","","","","","","909551.62000","MNTH","","","","3","","","","UFRO","EUR","","","","","false","1","","","","","","","","","","FALSE","","","","","","","","","QZTQ4GTC5QMF","NA/CDS Corp Idx","ITRAXX EUROPE"
"3940221110000000101","","NEWT","TRAD","2026-06-30T15:12:28Z","","CR","","I","TRUE","2026-06-30T15:12:28Z","2026-07-01","2031-06-20","","FALSE","BBSF","FALSE","FALSE","","50,000,000","","USD","","","","","","","","","","","","","","","","","","","","","","","","","0.01","","","","","","0.0050717","","","","","","false","","","3","","","A004","","","","","","","","1115521.24000","MNTH","","","","3","","","","UFRO","USD","","","","","false","1","","","","","","","","","","FALSE","","","","","","","","","QZ3WVVQG5T8K","NA/CDS Corp Idx","CDX.NA.IG"
"3937273110000000101","","NEWT","TRAD","2026-06-30T11:08:07Z","","CR","","I","TRUE","2026-06-30T11:08:07Z","2026-07-01","2031-06-20","","FALSE","BBSF","FALSE","FALSE","","50,000,000","","EUR","","","","","","","","","","","","","","","","","","","","","","","","","0.01","","","","","","0.00514","","","","","","false","","","3","","","A004","","","","","","","","1139659.34000","MNTH","","","","3","","","","UFRO","EUR","","","","","false","1","","","","","","","","","","FALSE","","","","","","","","","QZTQ4GTC5QMF","NA/CDS Corp Idx","ITRAXX EUROPE"
"3937268396000000101","","NEWT","TRAD","2026-06-30T11:07:57Z","","CR","","I","TRUE","2026-06-30T11:07:57Z","2026-07-01","2031-06-20","","FALSE","BBSF","FALSE","FALSE","","60,000,000","","USD","","","","","","","","","","","","","","","","","","","","","","","","","0.01","","","","","","0.0050559","","","","","","false","","","3","","","A004","","","","","","","","1342953.34000","MNTH","","","","3","","","","UFRO","USD","","","","","false","1","","","","","","","","","","FALSE","","","","","","","","","QZ3WVVQG5T8K","NA/CDS Corp Idx","CDX.NA.IG"
"3926358814000000101","","NEWT","TRAD","2026-06-30T06:24:14Z","","CR","","I","FALSE","2026-06-30T06:24:14Z","2026-03-20","2031-06-20","2031-06-20","FALSE","BILT","FALSE","FALSE","TRUE","25,000,000","","USD","","","","","","","","","","","","","","","","","","","","","","","","","0.01","","","","","","","","","","","","false","","","","","","A004","","","","","","","","364690.25000","MNTH","","","","3","","","","UFRO","USD","","","","","false","1","","","","","","","","","","FALSE","","","","","","","","","QZD2VPNQ9ZFX","NA/CDS Corp Idx","ITRAXX ASIA EX-JAPAN IG"
"3937252934000000101","","NEWT","TRAD","2026-06-30T11:05:49Z","","CR","","I","TRUE","2026-06-30T11:05:49Z","2026-07-01","2031-06-20","","","TWSF","FALSE","FALSE","","50,000,000","","USD","","","","","","","","","","","","","","","","","","","","","","","","","0.01","","","","","","0.00505888","","","","","","false","","","3","","","A004","","","","","","","","1118447.52000","MNTH","","","","3","","","","UFRO","USD","","","","","false","1","","","","","","","","","","FALSE","","","","","","","","","QZ3WVVQG5T8K","NA/CDS Corp Idx","CDX.NA.IG"
"3936448916000000101","","NEWT","TRAD","2026-06-30T10:36:30Z","","CR","","I","FALSE","2026-06-30T10:36:30Z","2026-07-01","2031-06-20","","FALSE","BBSF","FALSE","FALSE","","900,000","","EUR","","","","","","","","","","","","","","","","","","","","","","","","","0.01","","","","","","0.00889","","","","","","false","","","3","","","A004","","","","","","","","4830.17000","MNTH","","","","3","","","","UFRO","EUR","","","","","false","1","","","","","","","","","","FALSE","","","","","","","","","QZ5GD86QBKCC","NA/CDS Corp Idx","ITRAXX EUROPE SUB FINANCIALS"
"3936352428000000101","","NEWT","TRAD","2026-06-30T10:33:56Z","","CR","","I","TRUE","2026-06-30T10:33:56Z","2026-07-01","2031-06-20","","FALSE","BBSF","FALSE","FALSE","","15,000,000","","EUR","","","","","","","","","","","","","","","","","","","","","","","","","0.05","","","","","","0.0243375","","","","","","false","","","3","","","A004","","","","","","","","1671786.20000","MNTH","","","","3","","","","UFRO","EUR","","","","","false","1","","","","","","","","","","FALSE","","","","","","","","","QZ3HM9KVK2WL","NA/CDS Corp Idx","ITRAXX EUROPE CROSSOVER"
"3946169216000000101","","NEWT","TRAD","2026-06-30T21:21:31Z","","CR","","N","FALSE","2026-06-30T21:21:31Z","2026-07-01","2026-07-15","2030-12-20","FALSE","BILT","FALSE","FALSE","TRUE","400,000,000+","","USD","","","","","","","","","","","","","","","","","","","","","","","","2026-07-15","0.01","","11,999.88","USD","","","","","","","100","USD","false","","","","","1","A004","","","","","","","","","MNTH","","","","3","","","","","","","","","","false","","","","","","","","","","","FALSE","","","","","","","","","QZ0WHZN406MJ","NA/CDS Idx Swt","NA/CDS Corp Idx"
"3945890565000000201","3920960213000000301","MODI","TRAD","2026-06-30T21:10:19Z","TRUE","CR","","N","FALSE","2026-06-29T18:44:41Z","2026-03-20","2031-06-20","2031-06-20","TRUE","BILT","FALSE","TRUE","TRUE","200,000,000","","USD","","","","","","","","","","","","","","","","","","","","","","","","2026-11-18","0.05","","2,435,400","USD","","","","","","","106","USD","false","","","","","1","A004","","","","","","","","","MNTH","","","","3","","","","","","","","","","false","0.99","","","","","","","","","","FALSE","","","","","","","","","QZX75BBR2PZH","NA/CDS Idx Swt","NA/CDS Corp Idx"
"3926883250000000101","","NEWT","TRAD","2026-06-30T07:14:46Z","","CR","","I","FALSE","2026-06-30T07:14:46Z","2026-07-01","2030-12-20","","","TWSF","FALSE","TRUE","","47,260,799+","","EUR","","","","","","","","","","","","","","","","","","","","","","","","","0.05","","","","","","0.02105","","","","","","false","","","3","","","A004","","","","","","","","5492579.76087","MNTH","","","","3","","","","UFRO","EUR","","","","","false","1","","","","","","","","","","FALSE","","","","","","","","","QZ5F5FRS4TR9","NA/CDS Corp Idx","ITRAXX EUROPE CROSSOVER"
"3927215624000000201","","NEWT","TRAD","2026-06-30T07:25:17Z","","CR","","I","FALSE","2026-06-30T07:25:17Z","2026-07-01","2031-06-20","","","TWSF","FALSE","FALSE","","55,000,000","","EUR","","","","","","","","","","","","","","","","","","","","","","","","","0.01","","","","","","0.0051483","","","","","","false","","","3","","","A004","","","","","","","","1251465.95000","MNTH","","","","3","","","","UFRO","EUR","","","","","false","1","","","","","","","","","","FALSE","","","","","","","","","QZTQ4GTC5QMF","NA/CDS Corp Idx","ITRAXX EUROPE"
"3934460117000000101","","NEWT","TRAD","2026-06-30T09:57:38Z","","CR","","I","TRUE","2026-06-30T09:57:38Z","2026-07-01","2031-06-20","","FALSE","BBSF","FALSE","FALSE","","15,000,000","","EUR","","","","","","","","","","","","","","","","","","","","","","","","","0.05","","","","","","0.024335","","","","","","false","","","3","","","A004","","","","","","","","1671963.61000","MNTH","","","","3","","","","UFRO","EUR","","","","","false","1","","","","","","","","","","FALSE","","","","","","","","","QZ3HM9KVK2WL","NA/CDS Corp Idx","ITRAXX EUROPE CROSSOVER"
"3938581950000000101","","NEWT","TRAD","2026-06-30T12:55:17Z","","CR","","I","TRUE","2026-06-30T12:55:17Z","2026-07-01","2029-12-20","","FALSE","BBSF","FALSE","TRUE","","56,000,000","","EUR","","","","","","","","","","","","","","","","","","","","","","","","","0.05","","","","","","0.0185","","","","","","false","","","3","","","A004","","","","","","","","5481829.94000","MNTH","","","","3","","","","UFRO","EUR","","","","","false","0.95999","","","","","","","","","","TRUE","","","","0.0185","","3","","","QZC9WN4TPTDV","NA/CDS Corp Idx","ITRAXX EUROPE CROSSOVER"
"3928947782000000101","","NEWT","TRAD","2026-06-30T08:03:58Z","","CR","","I","TRUE","2026-06-30T08:03:58Z","2026-07-01","2031-06-20","","","TWSF","FALSE","FALSE","","7,000,000","","EUR","","","","","","","","","","","","","","","","","","","","","","","","","0.05","","","","","","0.0245","","","","","","false","","","3","","","A004","","","","","","","","774791.87033","MNTH","","","","3","","","","UFRO","EUR","","","","","false","1","","","","","","","","","","TRUE","","","","0.0245","","3","","","QZ3HM9KVK2WL","NA/CDS Corp Idx","ITRAXX EUROPE CROSSOVER"
"3928935432000000101","","NEWT","TRAD","2026-06-30T07:53:01Z","","CR","","I","TRUE","2026-06-30T07:53:01Z","2026-03-20","2031-06-20","","","BILT","FALSE","FALSE","FALSE","100,000,000","","EUR","","","","","","","","","","","","","","","","","","","","","","","","","0.01","","","","","","","","","","","","false","","","","","","A004","","","","","","","","2268676.00000","MNTH","","","","3","","","","UFRO","EUR","","","","","false","1","","","","","","","","","","FALSE","","","","","","","","","QZTQ4GTC5QMF","NA/CDS Corp Idx","ITRAXX EUROPE"
"3938458300000000101","","NEWT","TRAD","2026-06-30T12:46:46Z","","CR","","I","TRUE","2026-06-30T12:46:46Z","2026-07-01","2031-06-20","","FALSE","BBSF","FALSE","FALSE","","25,000,000","","USD","","","","","","","","","","","","","","","","","","","","","","","","","0.05","","","","","","0.0108145","","","","","","false","","","3","","","A004","","","","","","","","2046825.00000","MNTH","","","","3","","","","UFRO","USD","","","","","false","0.99","","","","","","","","","","FALSE","","","","","","","","","QZHH8NT767RX","NA/CDS Corp Idx","CDX.NA.HY"
"3937634980000000101","","NEWT","TRAD","2026-06-30T11:35:46Z","","CR","","I","TRUE","2026-06-30T11:35:46Z","2026-07-01","2031-06-20","","FALSE","BBSF","FALSE","FALSE","","30,000,000","","EUR","","","","","","","","","","","","","","","","","","","","","","","","","0.05","","","","","","0.0243213","","","","","","false","","","3","","","A004","","","","","","","","3345871.71000","MNTH","","","","3","","","","UFRO","EUR","","","","","false","1","","","","","","","","","","FALSE","","","","","","","","","QZ3HM9KVK2WL","NA/CDS Corp Idx","ITRAXX EUROPE CROSSOVER"
"3926623316000000101","","NEWT","TRAD","2026-06-30T07:01:41Z","","CR","","I","TRUE","2026-06-30T07:01:41Z","2026-07-01","2031-06-20","","FALSE","BBSF","FALSE","FALSE","","100,000,000","","EUR","","","","","","","","","","","","","","","","","","","","","","","","","0.01","","","","","","0.005168","","","","","","false","","","3","","","A004","","","","","","","","2266075.28000","MNTH","","","","3","","","","UFRO","EUR","","","","","false","1","","","","","","","","","","FALSE","","","","","","","","","QZTQ4GTC5QMF","NA/CDS Corp Idx","ITRAXX EUROPE"
"3938146032000000201","","NEWT","TRAD","2026-06-30T12:19:06Z","","CR","","I","TRUE","2026-06-30T12:19:06Z","2026-07-01","2031-06-20","","FALSE","BBSF","FALSE","FALSE","","75,000,000","","EUR","","","","","","","","","","","","","","","","","","","","","","","","","0.01","","","","","","0.0051587","","","","","","false","","","3","","","A004","","","","","","","","1702855.23000","MNTH","","","","3","","","","UFRO","EUR","","","","","false","1","","","","","","","","","","FALSE","","","","","","","","","QZTQ4GTC5QMF","NA/CDS Corp Idx","ITRAXX EUROPE"
"3938146033000000301","","NEWT","TRAD","2026-06-30T12:19:08Z","","CR","","I","TRUE","2026-06-30T12:19:08Z","2026-07-01","2031-06-20","","FALSE","BBSF","FALSE","FALSE","","7,000,000","","USD","","","","","","","","","","","","","","","","","","","","","","","","","0.01","","","","","","0.005075","","","","","","false","","","3","","","A004","","","","","","","","156067.53000","MNTH","","","","3","","","","UFRO","USD","","","","","false","1","","","","","","","","","","FALSE","","","","","","","","","QZ3WVVQG5T8K","NA/CDS Corp Idx","CDX.NA.IG"
"3938175099000000201","","NEWT","TRAD","2026-06-30T12:22:20Z","","CR","","I","TRUE","2026-06-30T12:22:20Z","2026-07-01","2031-06-20","","FALSE","BBSF","FALSE","FALSE","","20,000,000","","EUR","","","","","","","","","","","","","","","","","","","","","","","","","0.05","","","","","","0.02440495","","","","","","false","","","3","","","A004","","","","","","","","2222668.11000","MNTH","","","","3","","","","UFRO","EUR","","","","","false","1","","","","","","","","","","FALSE","","","","","","","","","QZ3HM9KVK2WL","NA/CDS Corp Idx","ITRAXX EUROPE CROSSOVER"
"3938263751000000101","","NEWT","NOVA","2026-06-30T12:32:09Z","","CR","","N","FALSE","2026-06-29T18:13:49Z","2026-06-29","2064-11-18","","FALSE","BILT","FALSE","FALSE","FALSE","5,000,000","","USD","","","","","","","","","","","","","","","","","","","","","","","","","0.03","","","","","","","","","","","","false","","","","","","A004","","","","","","","","701458.33000","MNTH","","","","1","","","","UFRO","USD","USD","","","","false","1","","","","","","","","","","FALSE","","","","","","","","","QZP3QHB99WQJ","NA/CDS Corp Idx","CMBX.NA.BBB-"
"3937830222000000101","","NEWT","TRAD","2026-06-30T11:49:59Z","","CR","","I","TRUE","2026-06-30T11:49:59Z","2026-07-01","2031-06-20","","FALSE","BBSF","FALSE","FALSE","","110,000,000","","EUR","","","","","","","","","","","","","","","","","","","","","","","","","0.01","","","","","","0.0051415","","","","","","false","","","3","","","A004","","","","","","","","2506471.44667","MNTH","","","","3","","","","UFRO","EUR","","","","","false","1","","","","","","","","","","FALSE","","","","","","","","","QZTQ4GTC5QMF","NA/CDS Corp Idx","ITRAXX EUROPE"
"3937940401000000101","","NEWT","TRAD","2026-06-30T11:58:55Z","","CR","","I","TRUE","2026-06-30T11:58:55Z","2026-07-01","2031-06-20","","FALSE","BBSF","FALSE","FALSE","","5,000,000","","EUR","","","","","","","","","","","","","","","","","","","","","","","","","0.05","","","","","","0.024328","","","","","","false","","","3","","","A004","","","","","","","","557486.79000","MNTH","","","","3","","","","UFRO","EUR","","","","","false","1","","","","","","","","","","FALSE","","","","","","","","","QZ3HM9KVK2WL","NA/CDS Corp Idx","ITRAXX EUROPE CROSSOVER"
"3926861647000000101","","NEWT","TRAD","2026-06-30T06:49:43Z","","CR","","N","FALSE","2026-06-30T06:49:43Z","2026-03-23","2031-06-20","","FALSE","UTSL","FALSE","FALSE","TRUE","2,000,000,000","","JPY","","","","","","","","","","","","","","","","","","","","","","","","","0.01","","","","","","","","","","","","false","","","","","","A004","","","","","","","","37828085.00000","MNTH","","","","3","","","","UFRO","JPY","","","","","false","1","","","","","","","","","","FALSE","","","","","","","","","QZ9P5KKVF7M5","NA/CDS Corp Idx","ITRAXX JAPAN"
"3937714984000000201","","NEWT","TRAD","2026-06-30T11:40:31Z","","CR","","N","FALSE","2026-06-30T11:40:31Z","2026-03-20","2026-09-16","2031-06-20","FALSE","BILT","FALSE","FALSE","TRUE","40,000,000","","EUR","","","","","","","","","","","","","","","","","","","","","","","","2026-09-16","0.05","","348,000","EUR","","","","","","","0.025","","false","","","","","3","A004","","","","","","","","","MNTH","","","","3","","","","","","","","","","false","1","","","","","","","","","","FALSE","","","","","","","","","QZS61NHV7CQ9","NA/Cr Op Swps EuPt Van Ph",""
"3937977514000000201","","NEWT","TRAD","2026-06-30T12:01:35Z","","CR","","I","TRUE","2026-06-30T12:01:35Z","2026-07-01","2031-06-20","","FALSE","BBSF","FALSE","TRUE","","47,260,799+","","EUR","","","","","","","","","","","","","","","","","","","","","","","","","0.05","","","","","","0.02435","","","","","","false","","","3","","","A004","","","","","","","","5264593.08832","MNTH","","","","3","","","","UFRO","EUR","","","","","false","1","","","","","","","","","","TRUE","","","","0.003444","","3","","","QZ3HM9KVK2WL","NA/CDS Corp Idx","ITRAXX EUROPE CROSSOVER"
"3937844168000000101","","NEWT","TRAD","2026-06-30T11:49:30Z","","CR","","N","FALSE","2026-06-30T11:49:30Z","2026-07-02","2026-11-03","","FALSE","BILT","FALSE","FALSE","TRUE","14,800,000,000","","NGN","","","","","","","","","","","","","","","","","","","","","","","","","0","","","","","","0.009","","","","","","false","","","3","","3","A008","","","","","","","","","DAIL","","","","1","","","","","","USD","USD","","","false","","","","","","","","","","","FALSE","","","","","","","","","QZNSFBW64F4C","NA/CDS Corp SN","THE FEDERAL REPUBLIC OF NIGERIA"
"3938109480000000101","","NEWT","TRAD","2026-06-30T12:15:43Z","","CR","","I","FALSE","2026-06-30T12:15:43Z","2026-07-01","2031-06-20","","","TWSF","FALSE","FALSE","","20,000,000","","USD","","","","","","","","","","","","","","","","","","","","","","","","","0.01","","","","","","0.0098211","","","","","","false","","","3","","","A004","","","","","","","","352800.00000","MNTH","","","","3","","","","UFRO","USD","","","","","false","1","","","","","","","","","","FALSE","","","","","","","","","QZ4JMQKL3P03","NA/CDS Corp Idx","CDX.EM"
"3939782049000000101","","NEWT","TRAD","2026-06-30T14:22:33Z","","CR","","I","TRUE","2026-06-30T14:22:33Z","2026-07-01","2031-06-20","","FALSE","BBSF","FALSE","FALSE","","25,000,000","","USD","","","","","","","","","","","","","","","","","","","","","","","","","0.05","","","","","","0.01081305","","","","","","false","","","3","","","A004","","","","","","","","2043236.25000","MNTH","","","","3","","","","UFRO","USD","","","","","false","0.99","","","","","","","","","","FALSE","","","","","","","","","QZHH8NT767RX","NA/CDS Corp Idx","CDX.NA.HY"
"3938499988000000101","","NEWT","TRAD","2026-06-30T12:49:10Z","","CR","","I","TRUE","2026-06-30T12:49:10Z","2026-07-01","2031-06-20","","FALSE","BBSF","FALSE","FALSE","","25,000,000","","USD","","","","","","","","","","","","","","","","","","","","","","","","","0.05","","","","","","0.0108135","","","","","","false","","","3","","","A004","","","","","","","","2044350.00000","MNTH","","","","3","","","","UFRO","USD","","","","","false","0.99","","","","","","","","","","FALSE","","","","","","","","","QZHH8NT767RX","NA/CDS Corp Idx","CDX.NA.HY"
"3938694410000000101","","NEWT","TRAD","2026-06-30T13:02:47Z","","CR","","I","TRUE","2026-06-30T13:02:47Z","2026-07-01","2031-06-20","","FALSE","XXXX","FALSE","FALSE","FALSE","100,000,000","","USD","","","","","","","","","","","","","","","","","","","","","","","","","1","","","","","","","","","","","","false","","","","","","A004","","","","","","","","","MNTH","","","","3","","","","","","USD","","","","false","1","","","","","","","","","","FALSE","","","","","","","","","QZ3WVVQG5T8K","NA/CDS Corp Idx","CDX.NA.IG"
"3930233673000000101","","NEWT","TRAD","2026-06-30T08:33:35Z","","CR","","I","TRUE","2026-06-30T08:33:35Z","2026-07-01","2031-06-20","","FALSE","BBSF","FALSE","FALSE","","1,000,000","","EUR","","","","","","","","","","","","","","","","","","","","","","","","","0.01","","","","","","0.0051593","","","","","","false","","","3","","","A004","","","","","","","","22701.90000","MNTH","","","","3","","","","UFRO","EUR","","","","","false","1","","","","","","","","","","FALSE","","","","","","","","","QZTQ4GTC5QMF","NA/CDS Corp Idx","ITRAXX EUROPE"
"3930337637000000101","","NEWT","TRAD","2026-06-30T08:35:16Z","","CR","","I","TRUE","2026-06-30T08:35:16Z","2026-07-01","2031-06-20","","","TWSF","FALSE","FALSE","","27,000,000","","EUR","","","","","","","","","","","","","","","","","","","","","","","","","0.01","","","","","","0.0051612","","","","","","false","","","3","","","A004","","","","","","","","612708.64000","MNTH","","","","3","","","","UFRO","EUR","","","","","false","1","","","","","","","","","","FALSE","","","","","","","","","QZTQ4GTC5QMF","NA/CDS Corp Idx","ITRAXX EUROPE"
"3929587237000000201","","NEWT","TRAD","2026-06-30T08:17:26Z","","CR","","N","FALSE","2026-06-30T08:17:26Z","2026-03-20","2026-09-16","2031-06-20","FALSE","BILT","FALSE","FALSE","TRUE","150,000,000","","EUR","","","","","","","","","","","","","","","","","","","","","","","","2026-09-16","0.05","","341,250","EUR","","","","","","","0.035","","false","","","","","3","A004","","","","","","","","","MNTH","","","","3","","","","","","","","","","false","1","","","","","","","","","","FALSE","","","","","","","","","QZTL0V3X916X","NA/CDS Idx Swt","NA/CDS Corp Idx"
"3931273072000000101","","NEWT","TRAD","2026-06-30T08:50:32Z","","CR","","I","TRUE","2026-06-30T08:50:32Z","2026-07-01","2031-06-20","","FALSE","BBSF","FALSE","FALSE","","10,000,000","","EUR","","","","","","","","","","","","","","","","","","","","","","","","","0.05","","","","","","0.0244743","","","","","","false","","","3","","","A004","","","","","","","","1108055.83000","MNTH","","","","3","","","","UFRO","EUR","","","","","false","1","","","","","","","","","","FALSE","","","","","","","","","QZ3HM9KVK2WL","NA/CDS Corp Idx","ITRAXX EUROPE CROSSOVER"
"3928377732000000101","","NEWT","TRAD","2026-06-30T07:53:27Z","","CR","","I","TRUE","2026-06-30T07:53:27Z","2026-03-20","2031-06-20","","FALSE","GSEF","FALSE","FALSE","","100,000,000","","EUR","","","","","","","","","","","","","","","","","","","","","","","","","","","","","","","0.0051625","","","","","","false","","","3","","","A004","","","","","","","","","MNTH","","","","3","","","","","","","","","","false","1","","","","","","","","","","FALSE","","","","","","","","","QZTQ4GTC5QMF","NA/CDS Corp Idx","ITRAXX EUROPE"
"3938826821000000101","","NEWT","TRAD","2026-06-30T13:15:13Z","","CR","","I","TRUE","2026-06-30T13:15:13Z","2026-07-01","2031-06-20","","FALSE","BBSF","FALSE","FALSE","","30,000,000","","EUR","","","","","","","","","","","","","","","","","","","","","","","","","0.01","","","","","","0.00515097","","","","","","false","","","3","","","A004","","","","","","","","682238.92000","MNTH","","","","3","","","","UFRO","EUR","","","","","false","1","","","","","","","","","","FALSE","","","","","","","","","QZTQ4GTC5QMF","NA/CDS Corp Idx","ITRAXX EUROPE"
"3934023904000000201","","NEWT","TRAD","2026-06-30T09:43:12Z","","CR","","I","TRUE","2026-06-30T09:43:12Z","2026-07-01","2031-06-20","","FALSE","BBSF","FALSE","FALSE","","12,000,000","","EUR","","","","","","","","","","","","","","","","","","","","","","","","","0.05","","","","","","0.02436","","","","","","false","","","3","","","A004","","","","","","","","1336151.76000","MNTH","","","","3","","","","UFRO","EUR","","","","","false","1","","","","","","","","","","FALSE","","","","","","","","","QZ3HM9KVK2WL","NA/CDS Corp Idx","ITRAXX EUROPE CROSSOVER"
"3931480610000000101","","NEWT","TRAD","2026-06-30T08:54:24Z","","CR","","I","TRUE","2026-06-30T08:54:24Z","2026-07-01","2031-06-20","","FALSE","BBSF","FALSE","FALSE","","4,000,000","","EUR","","","","","","","","","","","","","","","","","","","","","","","","","0.01","","","","","","0.005164","","","","","","false","","","3","","","A004","","","","","","","","90718.68000","MNTH","","","","3","","","","UFRO","EUR","","","","","false","1","","","","","","","","","","FALSE","","","","","","","","","QZTQ4GTC5QMF","NA/CDS Corp Idx","ITRAXX EUROPE"
"3929627644000000101","","NEWT","TRAD","2026-06-30T08:19:24Z","","CR","","I","FALSE","2026-06-30T08:19:24Z","2026-07-01","2031-06-20","","FALSE","BBSF","FALSE","TRUE","","10,000,000","","USD","","","","","","","","","","","","","","","","","","","","","","","","","0.01","","","","","","0.006755","","","","","","false","","","3","","","A004","","","","","","","","146776.83000","MNTH","","","","3","","","","UFRO","USD","","","","","false","1","","","","","","","","","","FALSE","","","","","","","","","QZ1F7JZSZZ7M","NA/CDS Corp Idx","ITRAXX AUSTRALIA"
"3932984486000000101","","NEWT","TRAD","2026-06-30T09:21:30Z","","CR","","I","TRUE","2026-06-30T09:21:30Z","2026-07-01","2031-06-20","","FALSE","BBSF","FALSE","FALSE","","2,000,000","","EUR","","","","","","","","","","","","","","","","","","","","","","","","","0.05","","","","","","0.02440778","","","","","","false","","","3","","","A004","","","","","","","","222240.05000","MNTH","","","","3","","","","UFRO","EUR","","","","","false","1","","","","","","","","","","FALSE","","","","","","","","","QZ3HM9KVK2WL","NA/CDS Corp Idx","ITRAXX EUROPE CROSSOVER"
"3934576128000000101","","NEWT","TRAD","2026-06-30T10:01:07Z","","CR","","I","FALSE","2026-06-30T10:01:07Z","2026-07-01","2027-12-20","","FALSE","BBSF","FALSE","TRUE","","100,000,000","","EUR","","","","","","","","","","","","","","","","","","","","","","","","","0.01","","","","","","0.001235","","","","","","false","","","3","","","A004","","","","","","","","1306359.48000","MNTH","","","","3","","","","UFRO","EUR","","","","","false","1","","","","","","","","","","FALSE","","","","","","","","","QZT07VVHDZ2B","NA/CDS Corp Idx","ITRAXX EUROPE"
"3939940273000000201","","NEWT","TRAD","2026-06-30T14:39:18Z","","CR","","I","TRUE","2026-06-30T14:39:18Z","2026-07-01","2030-12-20","","","TWSF","FALSE","TRUE","","47,260,799+","","EUR","","","","","","","","","","","","","","","","","","","","","","","","","0.05","","","","","","0.021","","","","","","false","","","3","","","A004","","","","","","","","5502923.57302","MNTH","","","","3","","","","UFRO","EUR","","","","","false","1","","","","","","","","","","TRUE","","","","0.021","","3","","","QZ5F5FRS4TR9","NA/CDS Corp Idx","ITRAXX EUROPE CROSSOVER"
"3940041891000000701","3940027872000000401","MODI","TRAD","2026-06-30T14:49:54Z","TRUE","CR","","I","TRUE","2026-06-30T14:49:23Z","2026-03-20","2031-06-20","","FALSE","TPSE","FALSE","FALSE","","20,000,000","","USD","","","","","","","","","","","","","","","","","","","","","","","","","0.05","","","","","","108.13","","USD","","","","false","","","1","","","A004","","","","","","","","","MNTH","","","","3","","","","","","USD","","","","false","0.99","","","","","","","OTHR","","","FALSE","","","","","","","","","QZHH8NT767RX","NA/CDS Corp Idx","CDX.NA.HY"
"3940057169000000201","","NEWT","TRAD","2026-06-30T14:51:37Z","","CR","","I","TRUE","2026-06-30T14:51:37Z","2026-03-20","2031-06-20","","FALSE","BGCD","FALSE","FALSE","","10,000,000","","EUR","","","","","","","","","","","","","","","","","","","","","","","","","","","","","","","0.0244","","","","","","false","","","3","","","A004","","","","","","","","","MNTH","","","","3","","","","","","","","","","false","1","","","","","","","","","","TRUE","","","","0.0038","","3","","","QZ3HM9KVK2WL","NA/CDS Corp Idx","ITRAXX EUROPE CROSSOVER"
"3940553643000000301","","NEWT","TRAD","2026-06-30T15:50:51Z","","CR","","I","TRUE","2026-06-30T15:50:51Z","2026-07-01","2031-06-20","","FALSE","BBSF","FALSE","FALSE","","120,000,000","","EUR","","","","","","","","","","","","","","","","","","","","","","","","","0.01","","","","","","0.0051659","","","","","","false","","","3","","","A004","","","","","","","","2720486.64544","MNTH","","","","3","","","","UFRO","EUR","","","","","false","1","","","","","","","","","","FALSE","","","","","","","","","QZTQ4GTC5QMF","NA/CDS Corp Idx","ITRAXX EUROPE"
"3940570733000000101","","NEWT","TRAD","2026-06-30T15:51:48Z","","CR","","I","TRUE","2026-06-30T15:51:48Z","2026-07-01","2031-06-20","","","TWSF","FALSE","FALSE","","9,000,000","","EUR","","","","","","","","","","","","","","","","","","","","","","","","","0.01","","","","","","0.005166","","","","","","false","","","3","","","A004","","","","","","","","204031.90000","MNTH","","","","3","","","","UFRO","EUR","","","","","false","1","","","","","","","","","","FALSE","","","","","","","","","QZTQ4GTC5QMF","NA/CDS Corp Idx","ITRAXX EUROPE"
"3940350502000000201","","NEWT","TRAD","2026-06-30T15:28:25Z","","CR","","N","FALSE","2026-06-30T14:17:07Z","2026-06-30","2026-07-15","2031-06-20","TRUE","BILT","FALSE","FALSE","TRUE","160,000,000","","USD","","","","","","","","","","","","","","","","","","","","","","","","2026-07-15","0.05","","2,772","USD","","","","","","","0.01","","false","","","","","3","A004","","","","","","","","","MNTH","","","","3","","","","","","","","","","false","0.99","","","","","","","","","","FALSE","","","","","","","","","QZ50LQCQ9CJW","NA/CDS Idx Swt","NA/CDS Corp Idx"
"3940627086000000201","","NEWT","TRAD","2026-06-30T15:55:46Z","","CR","","I","TRUE","2026-06-30T15:55:46Z","2026-07-01","2030-12-20","","FALSE","BBSF","FALSE","FALSE","","8,000,000","","EUR","","","","","","","","","","","","","","","","","","","","","","","","","0.05","","","","","","0.0209575","","","","","","false","","","3","","","A004","","","","","","","","932992.13367","MNTH","","","","3","","","","UFRO","EUR","","","","","false","1","","","","","","","","","","FALSE","","","","","","","","","QZ5F5FRS4TR9","NA/CDS Corp Idx","ITRAXX EUROPE CROSSOVER"
"3940654016000000301","","NEWT","TRAD","2026-06-30T15:57:40Z","","CR","","I","TRUE","2026-06-30T15:57:40Z","2026-07-01","2031-06-20","","FALSE","BBSF","FALSE","FALSE","","50,000,000","","USD","","","","","","","","","","","","","","","","","","","","","","","","","0.01","","","","","","0.0050722","","","","","","false","","","3","","","A004","","","","","","","","1115407.12000","MNTH","","","","3","","","","UFRO","USD","","","","","false","1","","","","","","","","","","FALSE","","","","","","","","","QZ3WVVQG5T8K","NA/CDS Corp Idx","CDX.NA.IG"
"3940794403000000101","","NEWT","TRAD","2026-06-30T16:04:15Z","","CR","","I","TRUE","2026-06-30T16:04:15Z","2026-07-01","2031-06-20","","FALSE","BBSF","FALSE","TRUE","","150,000,000","","EUR","","","","","","","","","","","","","","","","","","","","","","","","","0.01","","","","","","0.0051542","","","","","","false","","","3","","","A004","","","","","","","","3408903.01000","MNTH","","","","3","","","","UFRO","EUR","","","","","false","1","","","","","","","","","","FALSE","","","","","","","","","QZTQ4GTC5QMF","NA/CDS Corp Idx","ITRAXX EUROPE"
"3940999159000000101","","NEWT","TRAD","2026-06-30T16:16:23Z","","CR","","N","FALSE","2026-06-30T16:16:23Z","2026-06-30","2056-12-15","","FALSE","BILT","FALSE","FALSE","FALSE","6,000,000","","USD","","","","","","","","","","","","","","","","","","","","","","","","","0.03","","","","","","","","","","","","false","","","","","","A004","","","","","","","","919997.01786","MNTH","","","","1","","","","UFRO","USD","USD","","","","false","1","","","","","","","","","","FALSE","","","","","","","","","QZ46ZHDWL44D","NA/CDS Corp Idx","CMBX.NA.BBB-"
"3945026340000000101","","NEWT","TRAD","2026-06-30T20:43:50Z","","CR","","I","TRUE","2026-06-30T20:43:50Z","2026-07-01","2031-06-20","","FALSE","BBSF","FALSE","FALSE","","50,000,000","","USD","","","","","","","","","","","","","","","","","","","","","","","","","0.01","","","","","","0.005102362","","","","","","false","","","3","","","A004","","","","","","","","1108523.58000","MNTH","","","","3","","","","UFRO","USD","","","","","false","1","","","","","","","","","","FALSE","","","","","","","","","QZ3WVVQG5T8K","NA/CDS Corp Idx","CDX.NA.IG"
"3927096872000000101","","NEWT","TRAD","2026-06-30T07:22:11Z","","CR","","I","TRUE","2026-06-30T07:22:11Z","2026-07-01","2031-06-20","","","TWSF","FALSE","TRUE","","35,000,000","","EUR","","","","","","","","","","","","","","","","","","","","","","","","","0.05","","","","","","0.0245","","","","","","false","","","3","","","A004","","","","","","","","3873944.98000","MNTH","","","","3","","","","UFRO","EUR","","","","","false","1","","","","","","","","","","FALSE","","","","","","","","","QZ3HM9KVK2WL","NA/CDS Corp Idx","ITRAXX EUROPE CROSSOVER"
"3932521153000000201","","NEWT","TRAD","2026-06-30T09:14:20Z","","CR","","I","TRUE","2026-06-30T09:14:20Z","2026-07-01","2031-06-20","","FALSE","BBSF","FALSE","TRUE","","47,260,799+","","EUR","","","","","","","","","","","","","","","","","","","","","","","","","0.05","","","","","","0.024429","","","","","","false","","","3","","","A004","","","","","","","","5246902.02280","MNTH","","","","3","","","","UFRO","EUR","","","","","false","1","","","","","","","","","","TRUE","","","","0.003446","","3","","","QZ3HM9KVK2WL","NA/CDS Corp Idx","ITRAXX EUROPE CROSSOVER"
"3934241326000000401","","NEWT","TRAD","2026-06-30T09:49:59Z","","CR","","N","FALSE","2026-06-30T09:49:59Z","2026-07-01","2033-11-15","","FALSE","BILT","FALSE","FALSE","TRUE","250,000,000","","USD","","","","","","","","","","","","","","","","","","","","","","","","","0.045","","","","","","","","","","","","false","","","","","","A006","","","","","","","","","MNTH","","","","6","","","","","","USD","","","","false","","","","","","","","","","","FALSE","","","","","","","","","QZRTNZPPBZV6","NA/CDS Corp SN","DTD 11/15/2023"
"3935511368000000101","","NEWT","TRAD","2026-06-30T10:18:52Z","","CR","","I","TRUE","2026-06-30T10:18:52Z","2026-07-01","2031-06-20","","","TWSF","FALSE","FALSE","","15,000,000","","EUR","","","","","","","","","","","","","","","","","","","","","","","","","0.05","","","","","","0.024314","","","","","","false","","","3","","","A004","","","","","","","","1673453.95000","MNTH","","","","3","","","","UFRO","EUR","","","","","false","1","","","","","","","","","","FALSE","","","","","","","","","QZ3HM9KVK2WL","NA/CDS Corp Idx","ITRAXX EUROPE CROSSOVER"
"3927762786000000101","","NEWT","TRAD","2026-06-30T07:42:13Z","","CR","","I","TRUE","2026-06-30T07:42:13Z","2026-07-01","2031-06-20","","","TWSF","FALSE","FALSE","","26,000,000","","EUR","","","","","","","","","","","","","","","","","","","","","","","","","0.05","","","","","","0.02445837","","","","","","false","","","3","","","A004","","","","","","","","2882893.41590","MNTH","","","","3","","","","UFRO","EUR","","","","","false","1","","","","","","","","","","FALSE","","","","","","","","","QZ3HM9KVK2WL","NA/CDS Corp Idx","ITRAXX EUROPE CROSSOVER"
"3926352229000000101","","NEWT","TRAD","2026-06-30T06:21:04Z","","CR","","I","TRUE","2026-06-30T06:21:04Z","2026-07-01","2031-06-20","","FALSE","BBSF","FALSE","FALSE","","10,000,000","","EUR","","","","","","","","","","","","","","","","","","","","","","","","","0.01","","","","","","0.0051632","","","","","","false","","","3","","","A004","","","","","","","","226834.54000","MNTH","","","","3","","","","UFRO","EUR","","","","","false","1","","","","","","","","","","FALSE","","","","","","","","","QZTQ4GTC5QMF","NA/CDS Corp Idx","ITRAXX EUROPE"
"3940086811000000101","3940083145000000101","MODI","TRAD","2026-06-30T14:55:08Z","TRUE","CR","","I","TRUE","2026-06-30T14:54:24Z","2026-03-20","2031-06-20","","FALSE","TPSE","FALSE","FALSE","","76,000,000+","","USD","","","","","","","","","","","","","","","","","","","","","","","","","0.05","","","","","","108.1","","USD","","","","false","","","1","","","A004","","","","","","","","","MNTH","","","","3","","","","","","USD","","","","false","0.99","","","","","","","OTHR","","","FALSE","","","","","","","","","QZHH8NT767RX","NA/CDS Corp Idx","CDX.NA.HY"
"3939686367000000201","","NEWT","TRAD","2026-06-30T14:06:05Z","","CR","","N","FALSE","2026-06-30T13:54:56Z","2026-03-20","2031-06-20","2031-06-20","TRUE","BILT","FALSE","TRUE","TRUE","400,000,000+","","USD","","","","","","","","","","","","","","","","","","","","","","","","2026-12-16","0.01","","551,994.48","USD","","","","","","","0.008","","false","","","","","3","A004","","","","","","","","","MNTH","","","","3","","","","","","","","","","false","1","","","","","","","","","","FALSE","","","","","","","","","QZX75BBR2PZH","NA/CDS Idx Swt","NA/CDS Corp Idx"
"3939858378000000101","","NEWT","TRAD","2026-06-30T14:31:42Z","","CR","","I","TRUE","2026-06-30T14:31:42Z","2026-07-01","2031-06-20","","FALSE","BBSF","FALSE","FALSE","","100,000,000","","USD","","","","","","","","","","","","","","","","","","","","","","","","","0.01","","","","","","0.005063","","","","","","false","","","3","","","A004","","","","","","","","2235014.13000","MNTH","","","","3","","","","UFRO","USD","","","","","false","1","","","","","","","","","","FALSE","","","","","","","","","QZ3WVVQG5T8K","NA/CDS Corp Idx","CDX.NA.IG"
"3939853882000000101","","NEWT","TRAD","2026-06-30T14:31:05Z","","CR","","I","TRUE","2026-06-30T14:31:05Z","2026-07-01","2031-06-20","","FALSE","BBSF","FALSE","FALSE","","5,000,000","","EUR","","","","","","","","","","","","","","","","","","","","","","","","","0.05","","","","","","0.024405","","","","","","false","","","3","","","A004","","","","","","","","555665.84000","MNTH","","","","3","","","","UFRO","EUR","","","","","false","1","","","","","","","","","","FALSE","","","","","","","","","QZ3HM9KVK2WL","NA/CDS Corp Idx","ITRAXX EUROPE CROSSOVER"
"3939877519000000401","","NEWT","TRAD","2026-06-30T14:33:10Z","","CR","","I","TRUE","2026-06-30T14:33:10Z","2026-07-01","2031-06-20","","FALSE","BBSF","FALSE","FALSE","","25,000,000","","USD","","","","","","","","","","","","","","","","","","","","","","","","","0.01","","","","","","0.0050617","","","","","","false","","","3","","","A004","","","","","","","","558901.90000","MNTH","","","","3","","","","UFRO","USD","","","","","false","1","","","","","","","","","","FALSE","","","","","","","","","QZ3WVVQG5T8K","NA/CDS Corp Idx","CDX.NA.IG"
"3939867378000000301","","NEWT","TRAD","2026-06-30T14:32:48Z","","CR","","I","TRUE","2026-06-30T14:32:48Z","2026-07-01","2031-06-20","","FALSE","BBSF","FALSE","FALSE","","1,000,000","","USD","","","","","","","","","","","","","","","","","","","","","","","","","0.05","","","","","","0.0108165","","","","","","false","","","3","","","A004","","","","","","","","82071.00000","MNTH","","","","3","","","","UFRO","USD","","","","","false","0.99","","","","","","","","","","FALSE","","","","","","","","","QZHH8NT767RX","NA/CDS Corp Idx","CDX.NA.HY"
"3939908707000000101","","NEWT","TRAD","2026-06-30T14:36:03Z","","CR","","I","TRUE","2026-06-30T14:36:03Z","2026-07-01","2030-12-20","","FALSE","BBSF","FALSE","FALSE","","10,000,000","","EUR","","","","","","","","","","","","","","","","","","","","","","","","","0.05","","","","","","0.021","","","","","","false","","","3","","","A004","","","","","","","","1164377.01305","MNTH","","","","3","","","","UFRO","EUR","","","","","false","1","","","","","","","","","","TRUE","","","","0.021","","3","","","QZ5F5FRS4TR9","NA/CDS Corp Idx","ITRAXX EUROPE CROSSOVER"
"3939578803000000101","","NEWT","TRAD","2026-06-30T13:56:48Z","","CR","","N","FALSE","2026-06-30T13:56:48Z","2026-06-30","2026-09-16","2031-06-20","FALSE","BILT","FALSE","FALSE","TRUE","400,000,000+","","USD","","","","","","","","","","","","","","","","","","","","","","","","2026-09-16","0.01","","367,600","USD","","","","","","","0.005","","false","","","","","3","A004","","","","","","","","","MNTH","","","","3","","","","","","","","","","false","1","","","","","","","","","","FALSE","","","","","","","","","QZ7WW76RFHN3","NA/CDS Idx Swt","NA/CDS Corp Idx"
"3942003422000000101","","NEWT","TRAD","2026-06-30T18:22:48Z","","CR","","I","TRUE","2026-06-30T18:22:48Z","2026-07-01","2031-06-20","","FALSE","BBSF","FALSE","FALSE","","4,000,000","","USD","","","","","","","","","","","","","","","","","","","","","","","","","0.05","","","","","","0.01081121","","","","","","false","","","3","","","A004","","","","","","","","326189.16000","MNTH","","","","3","","","","UFRO","USD","","","","","false","0.99","","","","","","","","","","FALSE","","","","","","","","","QZHH8NT767RX","NA/CDS Corp Idx","CDX.NA.HY"
"3941737507000000101","","NEWT","TRAD","2026-06-30T17:28:28Z","","CR","","I","TRUE","2026-06-30T17:28:28Z","2026-07-01","2031-06-20","","FALSE","BBSF","FALSE","FALSE","","3,000,000","","USD","","","","","","","","","","","","","","","","","","","","","","","","","0.05","","","","","","0.01081174","","","","","","false","","","3","","","A004","","","","","","","","244799.28000","MNTH","","","","3","","","","UFRO","USD","","","","","false","0.99","","","","","","","","","","FALSE","","","","","","","","","QZHH8NT767RX","NA/CDS Corp Idx","CDX.NA.HY"
"3941736663000000101","","NEWT","TRAD","2026-06-30T17:07:15Z","","CR","","I","FALSE","2026-06-30T17:07:15Z","2026-12-16","2026-12-16","2031-06-20","","BILT","FALSE","FALSE","TRUE","400,000,000+","","USD","","","","","","","","","","","","","","","","","","","","","","","","2026-12-16","0.05","","2,455,200","USD","","","","","","","1.015","","false","","","","","3","A004","","","","","","","","","MNTH","","","","3","","","","","","","","","","false","","","","","","","","","","","FALSE","","","","","","","","","QZ9LPD3ZB1KR","NA/CDS Idx Swt","NA/CDS Corp Idx"
"3941732416000000201","","NEWT","TRAD","2026-06-30T17:07:15Z","","CR","","I","FALSE","2026-06-30T17:07:15Z","2026-12-16","2026-12-16","2031-06-20","","BILT","FALSE","FALSE","TRUE","400,000,000+","","USD","","","","","","","","","","","","","","","","","","","","","","","","2026-12-16","0.05","","3,643,200","USD","","","","","","","1.0675","","false","","","","","3","A004","","","","","","","","","MNTH","","","","3","","","","","","","","","","false","","","","","","","","","","","FALSE","","","","","","","","","QZ50LQCQ9CJW","NA/CDS Idx Swt","NA/CDS Corp Idx"
"3941736664000000201","","NEWT","TRAD","2026-06-30T17:07:15Z","","CR","","I","FALSE","2026-06-30T17:07:15Z","2026-12-16","2026-12-16","2031-06-20","","BILT","FALSE","FALSE","TRUE","400,000,000+","","USD","","","","","","","","","","","","","","","","","","","","","","","","2026-12-16","0.05","","5,860,800","USD","","","","","","","1.06","","false","","","","","3","A004","","","","","","","","","MNTH","","","","3","","","","","","","","","","false","","","","","","","","","","","FALSE","","","","","","","","","QZ9LPD3ZB1KR","NA/CDS Idx Swt","NA/CDS Corp Idx"
"3941825370000000101","","NEWT","TRAD","2026-06-30T17:46:29Z","","CR","","N","FALSE","2026-06-30T17:46:29Z","2026-06-30","2065-04-17","","FALSE","TPSE","FALSE","FALSE","","5,000,000","","USD","","","","","","","","","","","","","","","","","","","","","","","","","0.01","","","","","","0.0075","","","","","","false","","","3","","","A004","","","","","","","","","MNTH","","","","1","","","","","","USD","","","","false","1","","","","","","","OTHR","","","FALSE","","","","","","","","","QZ82HHTQ6ZX7","NA/CDS Corp Idx","CMBX.NA.AS"
"3941834414000000201","","NEWT","TRAD","2026-06-30T17:48:25Z","","CR","","N","FALSE","2026-06-30T17:48:25Z","2026-06-30","2063-05-11","","FALSE","BILT","FALSE","FALSE","FALSE","10,000,000","","USD","","","","","","","","","","","","","","","","","","","","","","","","","0.05","","","","","","","","","","","","false","","","","","","A004","","","","","","","","1240071.31000","MNTH","","","","1","","","","UFRO","USD","USD","","","","false","1","","","","","","","","","","FALSE","","","","","","","","","QZZ7XRCSW9TT","NA/CDS Corp Idx","CMBX.NA.BB"
"3941830611000000101","","NEWT","TRAD","2026-06-30T17:47:51Z","","CR","","I","TRUE","2026-06-30T17:47:51Z","2026-07-01","2031-06-20","","FALSE","BBSF","FALSE","FALSE","","25,000,000","","USD","","","","","","","","","","","","","","","","","","","","","","","","","0.01","","","","","","0.0050812","","","","","","false","","","3","","","A004","","","","","","","","556676.49000","MNTH","","","","3","","","","UFRO","USD","","","","","false","1","","","","","","","","","","FALSE","","","","","","","","","QZ3WVVQG5T8K","NA/CDS Corp Idx","CDX.NA.IG"
"3941834415000000301","","NEWT","TRAD","2026-06-30T17:48:36Z","","CR","","I","TRUE","2026-06-30T17:48:36Z","2026-07-01","2029-12-20","","","TWSF","FALSE","FALSE","","8,000,000","","USD","","","","","","","","","","","","","","","","","","","","","","","","","0.05","","","","","","0.0107976","","","","","","false","","","3","","","A004","","","","","","","","635118.55878","MNTH","","","","3","","","","UFRO","USD","","","","","false","0.98","","","","","","","","","","FALSE","","","","","","","","","QZ74TPX36LBH","NA/CDS Corp Idx","CDX.NA.HY"
"3941830612000000201","","NEWT","TRAD","2026-06-30T17:48:02Z","","CR","","I","TRUE","2026-06-30T17:48:02Z","2026-07-01","2030-06-20","","","TWSF","FALSE","FALSE","","8,000,000","","USD","","","","","","","","","","","","","","","","","","","","","","","","","0.05","","","","","","0.01084001","","","","","","false","","","3","","","A004","","","","","","","","668369.92865","MNTH","","","","3","","","","UFRO","USD","","","","","false","0.98","","","","","","","","","","FALSE","","","","","","","","","QZ6X04W07THP","NA/CDS Corp Idx","CDX.NA.HY"
"3941844115000000201","","NEWT","TRAD","2026-06-30T17:51:00Z","","CR","","I","TRUE","2026-06-30T17:51:00Z","2026-07-01","2031-06-20","","FALSE","BBSF","FALSE","FALSE","","20,000,000","","USD","","","","","","","","","","","","","","","","","","","","","","","","","0.01","","","","","","0.005082","","","","","","false","","","3","","","A004","","","","","","","","445268.16000","MNTH","","","","3","","","","UFRO","USD","","","","","false","1","","","","","","","","","","FALSE","","","","","","","","","QZ3WVVQG5T8K","NA/CDS Corp Idx","CDX.NA.IG"
"3941933468000000801","","NEWT","TRAD","2026-06-30T18:10:15Z","","CR","","I","TRUE","2026-06-30T18:10:15Z","2026-07-01","2031-06-20","","FALSE","BBSF","FALSE","FALSE","","3,000,000","","USD","","","","","","","","","","","","","","","","","","","","","","","","","0.01","","","","","","0.00509215","","","","","","false","","","3","","","A004","","","","","","","","66651.05734","MNTH","","","","3","","","","UFRO","USD","","","","","false","1","","","","","","","","","","FALSE","","","","","","","","","QZ3WVVQG5T8K","NA/CDS Corp Idx","CDX.NA.IG"
"3941999233000000101","","NEWT","TRAD","2026-06-30T18:22:19Z","","CR","","I","TRUE","2026-06-30T18:22:19Z","2026-07-01","2031-06-20","","FALSE","BBSF","FALSE","FALSE","","50,000,000","","USD","","","","","","","","","","","","","","","","","","","","","","","","","0.01","","","","","","0.0050826","","","","","","false","","","3","","","A004","","","","","","","","1113033.46000","MNTH","","","","3","","","","UFRO","USD","","","","","false","1","","","","","","","","","","FALSE","","","","","","","","","QZ3WVVQG5T8K","NA/CDS Corp Idx","CDX.NA.IG"
"3941731529000000101","","NEWT","TRAD","2026-06-30T17:26:24Z","","CR","","I","TRUE","2026-06-30T17:26:24Z","2026-07-01","2031-06-20","","","TWSF","FALSE","FALSE","","8,000,000","","USD","","","","","","","","","","","","","","","","","","","","","","","","","0.05","","","","","","0.0108126","","","","","","false","","","3","","","A004","","","","","","","","653481.24212","MNTH","","","","3","","","","UFRO","USD","","","","","false","0.99","","","","","","","","","","FALSE","","","","","","","","","QZHH8NT767RX","NA/CDS Corp Idx","CDX.NA.HY"
"3941018625000000201","3940228822000000101","EROR","","2026-06-30T15:12:52Z","","CR","","I","","2026-06-30T15:12:52Z","2026-03-20","2031-06-20","","","","FALSE","","FALSE","20,000,000","","EUR","","","","","","","","","","","","","","","","","","","","","","","","","0.05","","","","","","","","","","","","false","","","","","","","","","","","","","","2220772.00000","","","","","","","","","UFRO","EUR","","","","","false","1","","","","","","","","","","FALSE","","","","","","","","","QZ3HM9KVK2WL","NA/CDS Corp Idx","ITRAXX EUROPE CROSSOVER"
"3940866175000000201","","NEWT","TRAD","2026-06-30T16:07:11Z","","CR","","I","TRUE","2026-06-30T16:07:11Z","2026-07-01","2031-06-20","","FALSE","BBSF","FALSE","TRUE","","56,000,000","","USD","","","","","","","","","","","","","","","","","","","","","","","","","0.05","","","","","","0.010813","","","","","","false","","","3","","","A004","","","","","","","","4576572.00000","MNTH","","","","3","","","","UFRO","USD","","","","","false","0.99","","","","","","","","","","TRUE","0.010813","","3","","","","","","QZHH8NT767RX","NA/CDS Corp Idx","CDX.NA.HY"
"3941076577000000301","","NEWT","TRAD","2026-06-30T16:20:42Z","","CR","","I","TRUE","2026-06-30T16:20:42Z","2026-07-01","2031-06-20","","FALSE","BBSF","FALSE","FALSE","","75,000,000","","EUR","","","","","","","","","","","","","","","","","","","","","","","","","0.01","","","","","","0.005148","","","","","","false","","","3","","","A004","","","","","","","","1706650.90000","MNTH","","","","3","","","","UFRO","EUR","","","","","false","1","","","","","","","","","","FALSE","","","","","","","","","QZTQ4GTC5QMF","NA/CDS Corp Idx","ITRAXX EUROPE"
"3941234281000000101","","NEWT","TRAD","2026-06-30T16:30:56Z","","CR","","I","TRUE","2026-06-30T16:30:56Z","2026-07-01","2031-06-20","","FALSE","BBSF","FALSE","FALSE","","5,000,000","","USD","","","","","","","","","","","","","","","","","","","","","","","","","0.05","","","","","","0.01081361","","","","","","false","","","3","","","A004","","","","","","","","408924.45000","MNTH","","","","3","","","","UFRO","USD","","","","","false","0.99","","","","","","","","","","FALSE","","","","","","","","","QZHH8NT767RX","NA/CDS Corp Idx","CDX.NA.HY"
"3941313220000002801","","NEWT","TRAD","2026-06-30T16:35:52Z","","CR","","I","TRUE","2026-06-30T16:35:52Z","2026-07-01","2031-06-20","","FALSE","BBSF","FALSE","FALSE","","25,000,000","","USD","","","","","","","","","","","","","","","","","","","","","","","","","0.05","","","","","","0.01081325","","","","","","false","","","3","","","A004","","","","","","","","2043731.25000","MNTH","","","","3","","","","UFRO","USD","","","","","false","0.99","","","","","","","","","","FALSE","","","","","","","","","QZHH8NT767RX","NA/CDS Corp Idx","CDX.NA.HY"
"3940958870000000101","","NEWT","TRAD","2026-06-30T16:12:52Z","","CR","","I","TRUE","2026-06-30T16:12:52Z","2026-07-01","2030-06-20","","FALSE","BBSF","FALSE","TRUE","","350,079,993+","","EUR","","","","","","","","","","","","","","","","","","","","","","","","","0.05","","","","","","0.0179758","","","","","","false","","","3","","","A004","","","","","","","","39856403.26240","MNTH","","","","3","","","","UFRO","EUR","","","","","false","0.97332","","","","","","","","","","TRUE","","","","0.006485","","3","","","QZ4NJT4ZGXSR","NA/CDS Corp Idx","ITRAXX EUROPE CROSSOVER"
"3940974216000000201","","NEWT","TRAD","2026-06-30T16:13:42Z","","CR","","I","TRUE","2026-06-30T16:13:42Z","2026-07-01","2031-06-20","","FALSE","BBSF","FALSE","TRUE","","47,260,799+","","EUR","","","","","","","","","","","","","","","","","","","","","","","","","0.05","","","","","","0.0244414","","","","","","false","","","3","","","A004","","","","","","","","5243743.33577","MNTH","","","","3","","","","UFRO","EUR","","","","","false","1","","","","","","","","","","TRUE","","","","0.00349","","3","","","QZ3HM9KVK2WL","NA/CDS Corp Idx","ITRAXX EUROPE CROSSOVER"
"3941328468000000101","3941321583000001601","CORR","","2026-06-30T16:36:01Z","","CR","","N","FALSE","2026-06-30T16:36:01Z","2026-03-20","2031-06-20","","FALSE","BILT","FALSE","FALSE","FALSE","29,000,000","","USD","","","","","","","","","","","","","","","","","","","","","","","","","0.01","","","","","","","","","","","","false","","","","","","A004","","","","","","","","503147.77920","MNTH","","","","3","","","","UFRO","USD","","","","","false","1","","","","","","","","","","FALSE","","","","","","","","","QZ39BZSFH68L","NA/CDS Sov Idx","CDX.EM"
"3941355135000000101","","NEWT","TRAD","2026-06-30T16:38:44Z","","CR","","I","TRUE","2026-06-30T16:38:44Z","2026-07-01","2031-06-20","","","TWSF","FALSE","FALSE","","5,000,000","","USD","","","","","","","","","","","","","","","","","","","","","","","","","0.01","","","","","","0.005077","","","","","","false","","","3","","","A004","","","","","","","","111431.16000","MNTH","","","","3","","","","UFRO","USD","","","","","false","1","","","","","","","","","","FALSE","","","","","","","","","QZ3WVVQG5T8K","NA/CDS Corp Idx","CDX.NA.IG"
"3941041297000000101","","NEWT","TRAD","2026-06-30T16:18:20Z","","CR","","N","FALSE","2026-06-30T16:18:20Z","2026-07-15","2026-07-15","","FALSE","BILT","FALSE","FALSE","TRUE","250,000,000","","EUR","","","","","","","","","","","","","","","","","","","","","","","","2026-07-15","","","75,000","EUR","","","","","","","0.0055","","false","","","","","3","A004","","","","","","","","0.00000","MNTH","","","","3","","","","UFRO","EUR","","","","","false","","","","","","","","","","","FALSE","","","","","","","","","QZ2L66CGCV9J","NA/CDS Idx Swt","NA/CDS Corp Idx"
"3941445049000000201","","NEWT","TRAD","2026-06-30T16:47:01Z","FALSE","CR","","N","FALSE","2026-06-30T16:47:01Z","2026-06-30","2056-12-15","","FALSE","BILT","FALSE","FALSE","FALSE","10,000,000","","USD","","","","","","","","","","","","","","","","","","","","","","","","","0.01","","","","","","","","","","","","false","","","","","","A004","","","","","","","","97834.43000","MNTH","","","","1","","","","UFRO","USD","","","","","false","1","","","","","","","","","","FALSE","","","","","","","","","QZ6HGDJVRVN6","NA/CDS Corp Idx","CMBX.NA.AS"
"3941539429000000201","","NEWT","TRAD","2026-06-30T16:54:32Z","","CR","","I","TRUE","2026-06-30T16:54:32Z","2026-07-01","2031-06-20","","FALSE","BBSF","FALSE","FALSE","","3,000,000","","USD","","","","","","","","","","","","","","","","","","","","","","","","","0.05","","","","","","0.01081525","","","","","","false","","","3","","","A004","","","","","","","","245841.75000","MNTH","","","","3","","","","UFRO","USD","","","","","false","0.99","","","","","","","","","","FALSE","","","","","","","","","QZHH8NT767RX","NA/CDS Corp Idx","CDX.NA.HY"
"3943612448000000101","","NEWT","TRAD","2026-06-30T20:09:50Z","","CR","","I","TRUE","2026-06-30T20:09:50Z","2026-07-01","2031-06-20","","","TWSF","FALSE","FALSE","","150,000,000","","USD","","","","","","","","","","","","","","","","","","","","","","","","","0.01","","","","","","0.0050986","","","","","","false","","","3","","","A004","","","","","","","","3328146.15000","MNTH","","","","3","","","","UFRO","USD","","","","","false","1","","","","","","","","","","FALSE","","","","","","","","","QZ3WVVQG5T8K","NA/CDS Corp Idx","CDX.NA.IG"
"3931790420000000301","","NEWT","TRAD","2026-06-30T08:59:15Z","","CR","","N","FALSE","2026-06-30T08:52:09Z","2026-03-20","2031-06-20","2031-06-20","TRUE","BILT","FALSE","FALSE","TRUE","25,000,000","","EUR","","","","","","","","","","","","","","","","","","","","","","","","2026-09-16","0.01","","28,750","EUR","","","","","","","0.006","","false","","","","","3","A004","","","","","","","","","MNTH","","","","3","","","","","","","","","","false","1","","","","","","","","","","FALSE","","","","","","","","","QZX75BBR2PZH","NA/CDS Idx Swt","NA/CDS Corp Idx"
"3933331190000000101","","NEWT","TRAD","2026-06-30T09:26:35Z","","CR","","I","TRUE","2026-06-30T09:26:35Z","2026-07-01","2031-06-20","","","TWSF","FALSE","FALSE","","100,000,000","","EUR","","","","","","","","","","","","","","","","","","","","","","","","","0.01","","","","","","0.0051489","","","","","","false","","","3","","","A004","","","","","","","","2275119.80664","MNTH","","","","3","","","","UFRO","EUR","","","","","false","1","","","","","","","","","","FALSE","","","","","","","","","QZTQ4GTC5QMF","NA/CDS Corp Idx","ITRAXX EUROPE"
"3942095539000000101","","NEWT","TRAD","2026-06-30T18:33:47Z","","CR","","I","FALSE","2026-06-30T18:33:47Z","2026-07-01","2031-06-20","","FALSE","BBSF","FALSE","FALSE","","1,000,000","","USD","","","","","","","","","","","","","","","","","","","","","","","","","0.01","","","","","","0.009821","","","","","","false","","","3","","","A004","","","","","","","","17649.88704","MNTH","","","","3","","","","UFRO","USD","","","","","false","1","","","","","","","","","","FALSE","","","","","","","","","QZ4JMQKL3P03","NA/CDS Corp Idx","CDX.EM"
"3942027419000000101","","NEWT","TRAD","2026-06-30T18:26:01Z","","CR","","I","TRUE","2026-06-30T18:26:01Z","2026-07-01","2031-06-20","","FALSE","BBSF","FALSE","TRUE","","76,000,000+","","USD","","","","","","","","","","","","","","","","","","","","","","","","","0.05","","","","","","0.010809","","","","","","false","","","3","","","A004","","","","","","","","6180966.00000","MNTH","","","","3","","","","UFRO","USD","","","","","false","0.99","","","","","","","","","","FALSE","","","","","","","","","QZHH8NT767RX","NA/CDS Corp Idx","CDX.NA.HY"
"3941965323000000301","2589057301000000101","CORR","","2026-06-30T18:15:37Z","","CR","","N","FALSE","2026-04-01T15:43:11Z","2026-06-27","2065-11-20","2065-11-20","TRUE","BILT","FALSE","FALSE","TRUE","61,000,000","","USD","","","","","","","","","","","","","","","","","","","","","","","","","","","","","","","","","","","","","false","","","","","","","","A004","","DAIL","","1","","963179.69048;965155.56473","","","","","","","","","UFRO;UWIN","USD;USD","USD","","","","true","","","","","","","","OPET","","","FALSE","","","","","","","","","QZWBC8GZ8TBN","NA/CDS Corp Oth","Basket"
"3942173855000000401","","NEWT","TRAD","2026-06-30T18:46:20Z","","CR","","I","TRUE","2026-06-30T18:46:20Z","2026-07-01","2031-06-20","","FALSE","BBSF","FALSE","FALSE","","8,000,000","","USD","","","","","","","","","","","","","","","","","","","","","","","","","0.05","","","","","","0.01081","","","","","","false","","","3","","","A004","","","","","","","","651420.00000","MNTH","","","","3","","","","UFRO","USD","","","","","false","0.99","","","","","","","","","","FALSE","","","","","","","","","QZHH8NT767RX","NA/CDS Corp Idx","CDX.NA.HY"
"3942178776000000101","3942173852000000101","MODI","TRAD","2026-06-30T18:46:23Z","TRUE","CR","","I","TRUE","2026-06-30T18:45:46Z","2026-03-20","2031-06-20","","FALSE","TPSE","FALSE","FALSE","","50,000,000","","USD","","","","","","","","","","","","","","","","","","","","","","","","","0.05","","","","","","108.1","","USD","","","","false","","","1","","","A004","","","","","","","","","MNTH","","","","3","","","","","","USD","","","","false","0.99","","","","","","","OTHR","","","FALSE","","","","","","","","","QZHH8NT767RX","NA/CDS Corp Idx","CDX.NA.HY"
"3942268197000000101","","NEWT","TRAD","2026-06-30T18:51:43Z","","CR","","I","TRUE","2026-06-30T18:51:43Z","2026-07-01","2031-06-20","","FALSE","BBSF","FALSE","FALSE","","120,000,000","","USD","","","","","","","","","","","","","","","","","","","","","","","","","0.01","","","","","","0.005084","","","","","","false","","","3","","","A004","","","","","","","","2670508.11381","MNTH","","","","3","","","","UFRO","USD","","","","","false","1","","","","","","","","","","FALSE","","","","","","","","","QZ3WVVQG5T8K","NA/CDS Corp Idx","CDX.NA.IG"
"3943290962000000301","","NEWT","TRAD","2026-06-30T19:48:45Z","FALSE","CR","","I","TRUE","2026-06-30T19:48:45Z","2026-06-30","2026-07-08","","","BILT","FALSE","FALSE","TRUE","400,000,000+","","USD","","","","","","","","","","","","","","","","","","","","","","","","2026-07-08","","","5,000.01875","USD","","","0.01","","","","0.01","","false","","","3","","3","","","","","","","","","","","","","","","","","","","","","","","","false","1","","","","","","","","","","FALSE","","","","","","","","","QZ7WW76RFHN3","NA/CDS Idx Swt","NA/CDS Corp Idx"
"3943343207000000601","","NEWT","TRAD","2026-06-30T20:01:03Z","","CR","","I","TRUE","2026-06-30T20:01:03Z","2026-07-01","2031-06-20","","FALSE","BBSF","FALSE","FALSE","","6,000,000","","USD","","","","","","","","","","","","","","","","","","","","","","","","","0.05","","","","","","0.01080566","","","","","","false","","","3","","","A004","","","","","","","","485987.04000","MNTH","","","","3","","","","UFRO","USD","","","","","false","0.99","","","","","","","","","","FALSE","","","","","","","","","QZHH8NT767RX","NA/CDS Corp Idx","CDX.NA.HY"
"3943378552000000301","","NEWT","TRAD","2026-06-30T20:00:43Z","","CR","","I","TRUE","2026-06-30T20:00:43Z","2026-07-01","2031-06-20","","","TWSF","FALSE","TRUE","","230,000,000","","USD","","","","","","","","","","","","","","","","","","","","","","","","","0.01","","","","","","0.005104","","","","","","false","","","3","","","A004","","","","","","","","5097479.36056","MNTH","","","","3","","","","UFRO","USD","","","","","false","1","","","","","","","","","","FALSE","","","","","","","","","QZ3WVVQG5T8K","NA/CDS Corp Idx","CDX.NA.IG"
"3943293927000000101","","NEWT","TRAD","2026-06-30T19:52:17Z","","CR","","I","TRUE","2026-06-30T19:52:17Z","2026-07-01","2031-06-20","","","TWSF","FALSE","TRUE","","50,000,000","","USD","","","","","","","","","","","","","","","","","","","","","","","","","0.05","","","","","","0.0108085","","","","","","false","","","3","","","A004","","","","","","","","4063950.00000","MNTH","","","","3","","","","UFRO","USD","","","","","false","0.99","","","","","","","","","","FALSE","","","","","","","","","QZHH8NT767RX","NA/CDS Corp Idx","CDX.NA.HY"
"3940041886000000201","","NEWT","TRAD","2026-06-30T14:49:38Z","","CR","","I","TRUE","2026-06-30T14:49:38Z","2026-03-20","2031-06-20","","FALSE","TPSE","FALSE","FALSE","","5,000,000","","USD","","","","","","","","","","","","","","","","","","","","","","","","","0.05","","","","","","108.13","","USD","","","","false","","","1","","","A004","","","","","","","","","MNTH","","","","3","","","","","","USD","","","","false","0.99","","","","","","","OTHR","","","FALSE","","","","","","","","","QZHH8NT767RX","NA/CDS Corp Idx","CDX.NA.HY"
"3943755021000000101","","NEWT","TRAD","2026-06-30T20:14:10Z","","CR","","I","TRUE","2026-06-30T20:14:10Z","2026-03-20","2031-06-20","","FALSE","TPSE","FALSE","FALSE","","15,000,000","","USD","","","","","","","","","","","","","","","","","","","","","","","","","0.05","","","","","","108.06","","USD","","","","false","","","1","","","A004","","","","","","","","","MNTH","","","","3","","","","","","USD","","","","false","0.99","","","","","","","OTHR","","","FALSE","","","","","","","","","QZHH8NT767RX","NA/CDS Corp Idx","CDX.NA.HY"
"3943568032000000201","","NEWT","TRAD","2026-06-30T20:08:20Z","","CR","","I","TRUE","2026-06-30T20:08:20Z","2026-07-01","2031-06-20","","FALSE","BBSF","FALSE","FALSE","","17,000,000","","USD","","","","","","","","","","","","","","","","","","","","","","","","","0.05","","","","","","0.01080625","","","","","","false","","","3","","","A004","","","","","","","","1377956.25000","MNTH","","","","3","","","","UFRO","USD","","","","","false","0.99","","","","","","","","","","FALSE","","","","","","","","","QZHH8NT767RX","NA/CDS Corp Idx","CDX.NA.HY"
"3938333131000000101","","NEWT","TRAD","2026-06-30T12:38:01Z","","CR","","I","TRUE","2026-06-30T12:38:01Z","2026-07-01","2031-06-20","","FALSE","BBSF","FALSE","FALSE","","100,000,000","","EUR","","","","","","","","","","","","","","","","","","","","","","","","","0.01","","","","","","0.0051588853","","","","","","false","","","3","","","A004","","","","","","","","2270386.15000","MNTH","","","","3","","","","UFRO","EUR","","","","","false","1","","","","","","","","","","FALSE","","","","","","","","","QZTQ4GTC5QMF","NA/CDS Corp Idx","ITRAXX EUROPE"
"3932662548000000101","","NEWT","TRAD","2026-06-30T09:15:48Z","","CR","","I","TRUE","2026-06-30T09:15:48Z","2026-07-01","2031-06-20","","","TWSF","FALSE","FALSE","","19,000,000","","EUR","","","","","","","","","","","","","","","","","","","","","","","","","0.01","","","","","","0.00542429","","","","","","false","","","3","","","A004","","","","","","","","407549.06000","MNTH","","","","3","","","","UFRO","EUR","","","","","false","1","","","","","","","","","","FALSE","","","","","","","","","QZTB38W3WJ98","NA/CDS Corp Idx","ITRAXX EUROPE SENIOR FINANCIALS"
"3941880513000000101","","NEWT","TRAD","2026-06-30T17:51:46Z","","CR","","N","FALSE","2026-06-30T17:51:46Z","2025-09-22","2026-07-15","","TRUE","TPSE","FALSE","FALSE","","80,000,000","","USD","","","","","","","","","","","","","","","","","","","","","","","","2026-07-15","0","","1,960","USD","","","","","","","100","","false","","","","","3","A001","","","","","","","","","MNTH","","","","1","","","","","","","","","","false","0.98","","","","","","","","","","FALSE","","","","","","","","","QZJ2WJS6W8K9","NA/CDS Idx Swt","NA/CDS Corp Idx"
"3941886143000000201","","NEWT","TRAD","2026-06-30T17:59:48Z","","CR","","I","TRUE","2026-06-30T17:59:48Z","2026-07-01","2031-06-20","","FALSE","BBSF","FALSE","FALSE","","33,000,000","","USD","","","","","","","","","","","","","","","","","","","","","","","","","0.01","","","","","","0.00508","","","","","","false","","","3","","","A004","","","","","","","","734993.72000","MNTH","","","","3","","","","UFRO","USD","","","","","false","1","","","","","","","","","","TRUE","","","","0.00508","","3","","","QZ3WVVQG5T8K","NA/CDS Corp Idx","CDX.NA.IG"
"3941545507000002501","","NEWT","TRAD","2026-06-30T16:55:13Z","","CR","","I","FALSE","2026-06-30T16:55:13Z","2026-03-20","2031-06-20","","FALSE","TPSE","FALSE","FALSE","","35,000,000","","USD","","","","","","","","","","","","","","","","","","","","","","","","","0.01","","","","","","98.24","","USD","","","","false","","","1","","","A004","","","","","","","","","MNTH","","","","3","","","","","","USD","","","","false","1","","","","","","","OTHR","","","FALSE","","","","","","","","","QZ4JMQKL3P03","NA/CDS Corp Idx","CDX.EM"
"3941555888000000101","","NEWT","TRAD","2026-06-30T16:55:58Z","","CR","","I","TRUE","2026-06-30T16:55:58Z","2026-07-01","2031-06-20","","","TWSF","FALSE","FALSE","","20,000,000","","USD","","","","","","","","","","","","","","","","","","","","","","","","","0.05","","","","","","0.01081404","","","","","","false","","","3","","","A004","","","","","","","","1636545.59567","MNTH","","","","3","","","","UFRO","USD","","","","","false","0.99","","","","","","","","","","FALSE","","","","","","","","","QZHH8NT767RX","NA/CDS Corp Idx","CDX.NA.HY"
"3941413427000000101","","NEWT","TRAD","2026-06-30T16:41:30Z","","CR","","N","FALSE","2026-06-30T16:41:30Z","2026-07-01","2026-09-20","2026-09-20","FALSE","BILT","FALSE","FALSE","TRUE","10,000,000","","USD","","","","","","","","","","","","","","","","","","","","","","","","","","","","","","","","","","","","","false","","","","","","A004","","","","","","","","9058.49000","MNTH","","","","3","","","","UFRO","USD","","","","","false","1","","","","","","","","","","FALSE","","","","","","","","","QZ5ND0SMQQL4","NA/Cr Sw Idx TRtn Corp Ph",""
"3941669212000000101","","NEWT","TRAD","2026-06-30T17:12:42Z","","CR","","I","TRUE","2026-06-30T17:12:42Z","2026-07-01","2031-06-20","","FALSE","BBSF","FALSE","FALSE","","3,000,000","","USD","","","","","","","","","","","","","","","","","","","","","","","","","0.05","","","","","","0.0108135","","","","","","false","","","3","","","A004","","","","","","","","245322.00000","MNTH","","","","3","","","","UFRO","USD","","","","","false","0.99","","","","","","","","","","FALSE","","","","","","","","","QZHH8NT767RX","NA/CDS Corp Idx","CDX.NA.HY"
"3941672449000000101","","NEWT","TRAD","2026-06-30T17:12:58Z","","CR","","I","TRUE","2026-06-30T17:12:58Z","2026-07-01","2030-06-20","","FALSE","BBSF","FALSE","TRUE","","30,000,000","","USD","","","","","","","","","","","","","","","","","","","","","","","","","0.05","","","","","","0.010844","","","","","","false","","","3","","","A004","","","","","","","","2518110.00000","MNTH","","","","3","","","","UFRO","USD","","","","","false","0.98","","","","","","","","","","TRUE","","","","0.00003","","3","","","QZ6X04W07THP","NA/CDS Corp Idx","CDX.NA.HY"
"3941734152000000101","","NEWT","TRAD","2026-06-30T16:40:46Z","","CR","","N","FALSE","2026-06-30T16:40:46Z","2026-12-16","2026-12-16","2031-06-20","FALSE","BILT","FALSE","FALSE","TRUE","400,000,000+","","USD","","","","","","","","","","","","","","","","","","","","","","","","2026-12-16","0.05","","3,484,800","USD","","","","","","","1.0675","","false","","","","","3","A004","","","","","","","","","MNTH","","","","3","","","","","","","","","","false","","","","","","","","","","","FALSE","","","","","","","","","QZ50LQCQ9CJW","NA/CDS Idx Swt","NA/CDS Corp Idx"
"3940943802000000201","","NEWT","TRAD","2026-06-30T16:11:22Z","","CR","","I","TRUE","2026-06-30T16:11:22Z","2026-03-20","2031-06-20","","FALSE","BGCD","FALSE","FALSE","","80,000,000","","EUR","","","","","","","","","","","","","","","","","","","","","","","","","","","","","","","0.00515","","","","","","false","","","3","","","A004","","","","","","","","","MNTH","","","","3","","","","","","","","","","false","1","","","","","","","","","","TRUE","","","","0.0038125","","3","","","QZTQ4GTC5QMF","NA/CDS Corp Idx","ITRAXX EUROPE"
"3938882825000000201","","NEWT","TRAD","2026-06-30T13:19:24Z","","CR","","I","TRUE","2026-06-30T13:19:24Z","2026-07-01","2031-06-20","","FALSE","BBSF","FALSE","FALSE","","100,000,000","","EUR","","","","","","","","","","","","","","","","","","","","","","","","","0.01","","","","","","0.0051505","","","","","","false","","","3","","","A004","","","","","","","","2274354.09000","MNTH","","","","3","","","","UFRO","EUR","","","","","false","1","","","","","","","","","","FALSE","","","","","","","","","QZTQ4GTC5QMF","NA/CDS Corp Idx","ITRAXX EUROPE"
"3938795930000000101","","NEWT","TRAD","2026-06-30T13:12:49Z","","CR","","I","TRUE","2026-06-30T13:12:49Z","2026-07-01","2031-06-20","","FALSE","BBSF","FALSE","FALSE","","10,000,000","","EUR","","","","","","","","","","","","","","","","","","","","","","","","","0.05","","","","","","0.024364","","","","","","false","","","3","","","A004","","","","","","","","1113270.61000","MNTH","","","","3","","","","UFRO","EUR","","","","","false","1","","","","","","","","","","FALSE","","","","","","","","","QZ3HM9KVK2WL","NA/CDS Corp Idx","ITRAXX EUROPE CROSSOVER"
"3940104980000000301","","NEWT","TRAD","2026-06-30T14:57:50Z","","CR","","I","FALSE","2026-06-30T14:57:50Z","2026-07-01","2031-06-20","","","TWSF","FALSE","FALSE","","15,000,000","","USD","","","","","","","","","","","","","","","","","","","","","","","","","0.05","","","","","","0.01081283","","","","","","false","","","3","","","A004","","","","","","","","1225615.05000","MNTH","","","","3","","","","UFRO","USD","","","","","false","0.99","","","","","","","","","","FALSE","","","","","","","","","QZHH8NT767RX","NA/CDS Corp Idx","CDX.NA.HY"
"3940023074000000101","","NEWT","TRAD","2026-06-30T14:48:26Z","","CR","","I","FALSE","2026-06-30T14:48:26Z","2026-07-01","2031-06-20","","","TWSF","FALSE","TRUE","","47,260,799+","","EUR","","","","","","","","","","","","","","","","","","","","","","","","","0.05","","","","","","0.024455","","","","","","false","","","3","","","A004","","","","","","","","5241093.57973","MNTH","","","","3","","","","UFRO","EUR","","","","","false","1","","","","","","","","","","FALSE","","","","","","","","","QZ3HM9KVK2WL","NA/CDS Corp Idx","ITRAXX EUROPE CROSSOVER"
"3940161757000000101","","NEWT","TRAD","2026-06-30T15:04:04Z","","CR","","I","TRUE","2026-06-30T15:04:04Z","2026-07-01","2031-06-20","","FALSE","BBSF","FALSE","FALSE","","10,000,000","","EUR","","","","","","","","","","","","","","","","","","","","","","","","","0.01","","","","","","0.005162","","","","","","false","","","3","","","A004","","","","","","","","226891.29000","MNTH","","","","3","","","","UFRO","EUR","","","","","false","1","","","","","","","","","","FALSE","","","","","","","","","QZTQ4GTC5QMF","NA/CDS Corp Idx","ITRAXX EUROPE"
"3940182796000000101","","NEWT","TRAD","2026-06-30T15:02:13Z","","CR","","N","FALSE","2026-06-30T15:02:13Z","2026-03-20","2031-06-20","","FALSE","BILT","FALSE","FALSE","FALSE","50,000,000","","EUR","","","","","","","","","","","","","","","","","","","","","","","","","0.01","","","","","","","","","","","","false","","","","","","A004","","","","","","","","1134338.00000","MNTH","","","","3","","","","UFRO","EUR","","","","","false","1","","","","","","","","","","FALSE","","","","","","","","","QZTQ4GTC5QMF","NA/CDS Corp Idx","ITRAXX EUROPE"
"3940179215000000301","","NEWT","TRAD","2026-06-30T15:06:13Z","","CR","","I","FALSE","2026-06-30T15:06:13Z","2026-03-20","2031-06-20","","FALSE","TPSE","FALSE","FALSE","","15,000,000","","USD","","","","","","","","","","","","","","","","","","","","","","","","","0.01","","","","","","98.23","","USD","","","","false","","","1","","","A004","","","","","","","","","MNTH","","","","3","","","","","","USD","","","","false","1","","","","","","","OTHR","","","FALSE","","","","","","","","","QZ4JMQKL3P03","NA/CDS Corp Idx","CDX.EM"
"3940187054000000401","","NEWT","TRAD","2026-06-30T15:07:25Z","","CR","","I","TRUE","2026-06-30T15:07:25Z","2026-07-01","2031-06-20","","","TWSF","FALSE","FALSE","","250,000","","EUR","","","","","","","","","","","","","","","","","","","","","","","","","0.05","","","","","","0.024437","","","","","","false","","","3","","","A004","","","","","","","","27745.47000","MNTH","","","","3","","","","UFRO","EUR","","","","","false","1","","","","","","","","","","FALSE","","","","","","","","","QZ3HM9KVK2WL","NA/CDS Corp Idx","ITRAXX EUROPE CROSSOVER"
"3939979559000000201","","NEWT","TRAD","2026-06-30T14:42:36Z","","CR","","N","FALSE","2026-06-30T14:42:36Z","2026-06-30","2026-09-16","2031-06-20","FALSE","BILT","FALSE","FALSE","TRUE","400,000,000+","","USD","","","","","","","","","","","","","","","","","","","","","","","","2026-09-16","0.01","","265,000","USD","","","","","","","0.00675","","false","","","","","3","A004","","","","","","","","","MNTH","","","","3","","","","","","","","","","false","1","","","","","","","","","","FALSE","","","","","","","","","QZT4QS79CCTS","NA/CDS Idx Swt","NA/CDS Corp Idx"
"3940692165000000101","3940681778000000101","MODI","TRAD","2026-06-30T15:59:51Z","TRUE","CR","","I","TRUE","2026-06-30T15:59:11Z","2024-09-20","2029-12-20","","FALSE","TPSE","FALSE","FALSE","","12,000,000","","USD","","","","","","","","","","","","","","","","","","","","","","","","","0.05","","","","","","108.125","","USD","","","","false","","","1","","","A004","","","","","","","","","MNTH","","","","3","","","","","","USD","","","","false","0.98","","","","","","","OTHR","","","FALSE","","","","","","","","","QZ74TPX36LBH","NA/CDS Corp Idx","CDX.NA.HY"
"3940708231000000501","","NEWT","TRAD","2026-06-30T16:01:03Z","","CR","","I","TRUE","2026-06-30T16:01:03Z","2026-07-01","2031-06-20","","FALSE","BBSF","FALSE","FALSE","","75,000,000","","USD","","","","","","","","","","","","","","","","","","","","","","","","","0.01","","","","","","0.0050716","","","","","","false","","","3","","","A004","","","","","","","","1673316.10000","MNTH","","","","3","","","","UFRO","USD","","","","","false","1","","","","","","","","","","FALSE","","","","","","","","","QZ3WVVQG5T8K","NA/CDS Corp Idx","CDX.NA.IG"
"3940872311000000101","","NEWT","TRAD","2026-06-30T16:07:25Z","","CR","","I","TRUE","2026-06-30T16:07:25Z","2026-07-01","2031-06-20","","FALSE","BBSF","FALSE","FALSE","","25,000,000","","USD","","","","","","","","","","","","","","","","","","","","","","","","","0.05","","","","","","0.01081475","","","","","","false","","","3","","","A004","","","","","","","","2047443.75000","MNTH","","","","3","","","","UFRO","USD","","","","","false","0.99","","","","","","","","","","FALSE","","","","","","","","","QZHH8NT767RX","NA/CDS Corp Idx","CDX.NA.HY"
"3940889697000000201","","NEWT","TRAD","2026-06-30T16:08:55Z","","CR","","I","TRUE","2026-06-30T16:08:55Z","2026-07-01","2030-12-20","","FALSE","BBSF","FALSE","FALSE","","690,000","","EUR","","","","","","","","","","","","","","","","","","","","","","","","","0.05","","","","","","0.021","","","","","","false","","","3","","","A004","","","","","","","","80342.23754","MNTH","","","","3","","","","UFRO","EUR","","","","","false","1","","","","","","","","","","FALSE","","","","","","","","","QZ5F5FRS4TR9","NA/CDS Corp Idx","ITRAXX EUROPE CROSSOVER"
"3939319652000000301","","NEWT","TRAD","2026-06-30T13:46:21Z","","CR","","I","TRUE","2026-06-30T13:46:21Z","2026-07-01","2031-06-20","","FALSE","BBSF","FALSE","FALSE","","130,000,000","","USD","","","","","","","","","","","","","","","","","","","","","","","","","0.01","","","","","","0.0050788","","","","","","false","","","3","","","A004","","","","","","","","2896141.91360","MNTH","","","","3","","","","UFRO","USD","","","","","false","1","","","","","","","","","","FALSE","","","","","","","","","QZ3WVVQG5T8K","NA/CDS Corp Idx","CDX.NA.IG"
"3940967773000000101","","NEWT","TRAD","2026-06-30T16:13:32Z","","CR","","I","TRUE","2026-06-30T16:13:32Z","2026-07-01","2031-06-20","","FALSE","BBSF","FALSE","FALSE","","70,000,000","","EUR","","","","","","","","","","","","","","","","","","","","","","","","","0.01","","","","","","0.00515","","","","","","false","","","3","","","A004","","","","","","","","1592211.98000","MNTH","","","","3","","","","UFRO","EUR","","","","","false","1","","","","","","","","","","FALSE","","","","","","","","","QZTQ4GTC5QMF","NA/CDS Corp Idx","ITRAXX EUROPE"
"3931926652000000201","","NEWT","TRAD","2026-06-30T09:01:53Z","","CR","","I","TRUE","2026-06-30T09:01:53Z","2026-07-01","2031-06-20","","","TWSF","FALSE","FALSE","","9,000,000","","EUR","","","","","","","","","","","","","","","","","","","","","","","","","0.01","","","","","","0.005158","","","","","","false","","","3","","","A004","","","","","","","","204372.70535","MNTH","","","","3","","","","UFRO","EUR","","","","","false","1","","","","","","","","","","FALSE","","","","","","","","","QZTQ4GTC5QMF","NA/CDS Corp Idx","ITRAXX EUROPE"
"3942370905000000101","","NEWT","TRAD","2026-06-30T18:56:07Z","","CR","","I","TRUE","2026-06-30T18:56:07Z","2026-07-01","2031-06-20","","FALSE","BBSF","FALSE","TRUE","","250,000,000+","","USD","","","","","","","","","","","","","","","","","","","","","","","","","0.01","","","","","","0.0050831","","","","","","false","","","3","","","A004","","","","","","","","5564615.86163","MNTH","","","","3","","","","UFRO","USD","","","","","false","1","","","","","","","","","","FALSE","","","","","","","","","QZ3WVVQG5T8K","NA/CDS Corp Idx","CDX.NA.IG"
"3942658874000000101","","NEWT","TRAD","2026-06-30T19:09:54Z","","CR","","I","TRUE","2026-06-30T19:09:54Z","2026-07-01","2031-06-20","","FALSE","BBSF","FALSE","FALSE","","20,000,000","","USD","","","","","","","","","","","","","","","","","","","","","","","","","0.05","","","","","","0.010811","","","","","","false","","","3","","","A004","","","","","","","","1630530.00000","MNTH","","","","3","","","","UFRO","USD","","","","","false","0.99","","","","","","","","","","FALSE","","","","","","","","","QZHH8NT767RX","NA/CDS Corp Idx","CDX.NA.HY"
"3942701408000000201","","NEWT","TRAD","2026-06-30T19:11:42Z","","CR","","I","TRUE","2026-06-30T19:11:42Z","2026-07-01","2031-06-20","","FALSE","BBSF","FALSE","FALSE","","2,000,000","","USD","","","","","","","","","","","","","","","","","","","","","","","","","0.05","","","","","","0.01081075","","","","","","false","","","3","","","A004","","","","","","","","163003.50000","MNTH","","","","3","","","","UFRO","USD","","","","","false","0.99","","","","","","","","","","FALSE","","","","","","","","","QZHH8NT767RX","NA/CDS Corp Idx","CDX.NA.HY"
"3942925936000000401","","NEWT","TRAD","2026-06-30T19:21:42Z","","CR","","I","TRUE","2026-06-30T19:21:42Z","2026-07-01","2031-06-20","","FALSE","BBSF","FALSE","FALSE","","85,000,000","","USD","","","","","","","","","","","","","","","","","","","","","","","","","0.01","","","","","","0.005074","","","","","","false","","","3","","","A004","","","","","","","","1895493.68000","MNTH","","","","3","","","","UFRO","USD","","","","","false","1","","","","","","","","","","FALSE","","","","","","","","","QZ3WVVQG5T8K","NA/CDS Corp Idx","CDX.NA.IG"
"3942995164000000101","3942968656000000101","MODI","TRAD","2026-06-30T19:24:40Z","TRUE","CR","","I","TRUE","2026-06-30T19:23:49Z","2026-03-20","2031-06-20","","FALSE","TPSE","FALSE","FALSE","","30,000,000","","USD","","","","","","","","","","","","","","","","","","","","","","","","","0.05","","","","","","108.1","","USD","","","","false","","","1","","","A004","","","","","","","","","MNTH","","","","3","","","","","","USD","","","","false","0.99","","","","","","","OTHR","","","FALSE","","","","","","","","","QZHH8NT767RX","NA/CDS Corp Idx","CDX.NA.HY"
"3942736684000000201","3942566266000000101","EROR","","2026-06-30T19:06:38Z","","CR","","","","2026-06-30T19:03:30Z","2026-06-30","2026-08-19","","","","","","FALSE","","","","","","","","","","","","","","","","","","","","","","","","","","","","0.01","","","","","","","","","","","","","","","","","","","","","","","","","","","","","","","","","","","","","","","","","","","","","","","","","","","","","","","","","","","","","QZ7WW76RFHN3","NA/CDS Idx Swt","NA/CDS Corp Idx"
"3943157801000000201","","NEWT","TRAD","2026-06-30T19:33:26Z","","CR","","I","TRUE","2026-06-30T19:33:26Z","2026-07-01","2031-06-20","","FALSE","BBSF","FALSE","FALSE","","5,000,000","","USD","","","","","","","","","","","","","","","","","","","","","","","","","0.05","","","","","","0.01081","","","","","","false","","","3","","","A004","","","","","","","","407137.50000","MNTH","","","","3","","","","UFRO","USD","","","","","false","0.99","","","","","","","","","","FALSE","","","","","","","","","QZHH8NT767RX","NA/CDS Corp Idx","CDX.NA.HY"
"3942566266000000101","","NEWT","TRAD","2026-06-30T19:03:30Z","","CR","","N","FALSE","2026-06-30T19:03:30Z","2026-06-30","2026-08-19","2031-06-20","FALSE","BILT","FALSE","FALSE","TRUE","230,000,000","","USD","","","","","","","","","","","","","","","","","","","","","","","","2026-08-19","0.01","","137,999.7","USD","","","","","","","0.005","","false","","","","","3","A004","","","","","","","","","MNTH","","","","3","","","","","","","","","","false","1","","","","","","","","","","FALSE","","","","","","","","","QZ7WW76RFHN3","NA/CDS Idx Swt","NA/CDS Corp Idx"
"3943219063000000501","","NEWT","TRAD","2026-06-30T19:38:27Z","","CR","","I","TRUE","2026-06-30T19:38:27Z","2026-07-01","2031-06-20","","FALSE","BBSF","FALSE","FALSE","","120,000,000","","USD","","","","","","","","","","","","","","","","","","","","","","","","","0.01","","","","","","0.00508","","","","","","false","","","3","","","A004","","","","","","","","2672704.45000","MNTH","","","","3","","","","UFRO","USD","","","","","false","1","","","","","","","","","","TRUE","","","","0.00508","","3","","","QZ3WVVQG5T8K","NA/CDS Corp Idx","CDX.NA.IG"
"3943229544000000101","","NEWT","TRAD","2026-06-30T19:40:02Z","","CR","","I","TRUE","2026-06-30T19:40:02Z","2026-07-01","2030-06-20","","","TWSF","FALSE","FALSE","","13,000,000","","USD","","","","","","","","","","","","","","","","","","","","","","","","","0.05","","","","","","0.01083541","","","","","","false","","","3","","","A004","","","","","","","","1080237.34000","MNTH","","","","3","","","","UFRO","USD","","","","","false","0.98","","","","","","","","","","FALSE","","","","","","","","","QZ6X04W07THP","NA/CDS Corp Idx","CDX.NA.HY"
"3939379559000000301","","NEWT","TRAD","2026-06-30T13:51:04Z","","CR","","I","TRUE","2026-06-30T13:51:04Z","2026-07-01","2031-06-20","","","TWSF","FALSE","TRUE","","75,000,000","","USD","","","","","","","","","","","","","","","","","","","","","","","","","0.05","","","","","","0.010812","","","","","","false","","","3","","","A004","","","","","","","","6121886.47478","MNTH","","","","3","","","","UFRO","USD","","","","","false","0.99","","","","","","","","","","FALSE","","","","","","","","","QZHH8NT767RX","NA/CDS Corp Idx","CDX.NA.HY"
"3939138372000000101","","NEWT","TRAD","2026-06-30T13:31:42Z","","CR","","I","FALSE","2026-06-30T13:31:42Z","2026-03-20","2031-06-20","2031-06-20","FALSE","BMTF","FALSE","FALSE","FALSE","7,000,000","","EUR","","","","","","","","","","","","","","","","","","","","","","","","","0.05","","","","","","","","","","","","false","","","","","","A004","","","","","","","","779752.97000","MNTH","","","","3","","","","UFRO","EUR","","","","","false","1","","","","","","","","","","FALSE","","","","","","","","","QZ3HM9KVK2WL","NA/CDS Corp Idx","ITRAXX EUROPE CROSSOVER"
"3939219516000000101","","NEWT","TRAD","2026-06-30T13:39:08Z","","CR","","I","TRUE","2026-06-30T13:39:08Z","2026-07-01","2031-06-20","","FALSE","BBSF","FALSE","FALSE","","4,000,000","","EUR","","","","","","","","","","","","","","","","","","","","","","","","","0.05","","","","","","0.024334","","","","","","false","","","3","","","A004","","","","","","","","445875.43984","MNTH","","","","3","","","","UFRO","EUR","","","","","false","1","","","","","","","","","","FALSE","","","","","","","","","QZ3HM9KVK2WL","NA/CDS Corp Idx","ITRAXX EUROPE CROSSOVER"
"3939237441000000101","","NEWT","TRAD","2026-06-30T13:40:18Z","","CR","","I","TRUE","2026-06-30T13:40:18Z","2026-07-01","2031-06-20","","","TWSF","FALSE","FALSE","","70,000,000","","USD","","","","","","","","","","","","","","","","","","","","","","","","","0.01","","","","","","0.0050823","","","","","","false","","","3","","","A004","","","","","","","","1558342.70000","MNTH","","","","3","","","","UFRO","USD","","","","","false","1","","","","","","","","","","FALSE","","","","","","","","","QZ3WVVQG5T8K","NA/CDS Corp Idx","CDX.NA.IG"
"3939261594000000301","","NEWT","TRAD","2026-06-30T13:42:46Z","","CR","","I","TRUE","2026-06-30T13:42:46Z","2026-07-01","2031-06-20","","FALSE","BBSF","FALSE","FALSE","","54,000,000","","USD","","","","","","","","","","","","","","","","","","","","","","","","","0.01","","","","","","0.00508505","","","","","","false","","","3","","","A004","","","","","","","","1201470.36018","MNTH","","","","3","","","","UFRO","USD","","","","","false","1","","","","","","","","","","FALSE","","","","","","","","","QZ3WVVQG5T8K","NA/CDS Corp Idx","CDX.NA.IG"
"3939355037000000101","","NEWT","TRAD","2026-06-30T13:48:32Z","","CR","","I","TRUE","2026-06-30T13:48:32Z","2026-07-01","2031-06-20","","FALSE","BBSF","FALSE","TRUE","","45,000,000","","EUR","","","","","","","","","","","","","","","","","","","","","","","","","0.05","","","","","","0.0243614","","","","","","false","","","3","","","A004","","","","","","","","5010271.13000","MNTH","","","","3","","","","UFRO","EUR","","","","","false","1","","","","","","","","","","FALSE","","","","","","","","","QZ3HM9KVK2WL","NA/CDS Corp Idx","ITRAXX EUROPE CROSSOVER"
"3939496867000000301","","NEWT","TRAD","2026-06-30T13:57:42Z","","CR","","I","FALSE","2026-06-30T13:57:42Z","2026-03-20","2031-06-20","","FALSE","TPSE","FALSE","FALSE","","10,000,000","","USD","","","","","","","","","","","","","","","","","","","","","","","","","0.01","","","","","","98.23","","USD","","","","false","","","1","","","A004","","","","","","","","","MNTH","","","","3","","","","","","USD","","","","false","1","","","","","","","OTHR","","","FALSE","","","","","","","","","QZ4JMQKL3P03","NA/CDS Corp Idx","CDX.EM"
"3939472750000000101","","NEWT","TRAD","2026-06-30T13:48:00Z","","CR","","N","FALSE","2026-06-30T13:48:00Z","2026-07-01","2030-12-20","","FALSE","BILT","FALSE","FALSE","FALSE","10,000,000","","USD","","","","","","","","","","","","","","","","","","","","","","","","","0.05","","","","","","","","","","","","false","","","","","","A004","","","","","","","","1477500.00000","MNTH","","","","3","","","","UFRO","USD","","","","","false","0.98","","","","","","","","","","FALSE","","","","","","","","","QZ06GXH0PXP1","NA/CDS Mun Idx Tra","CDX.NA.HY"
"3939071173000000101","","NEWT","TRAD","2026-06-30T13:29:49Z","","CR","","I","TRUE","2026-06-30T13:29:49Z","2026-07-01","2031-06-20","","FALSE","BBSF","FALSE","FALSE","","20,000,000","","USD","","","","","","","","","","","","","","","","","","","","","","","","","0.05","","","","","","0.01081175","","","","","","false","","","3","","","A004","","","","","","","","1632015.00000","MNTH","","","","3","","","","UFRO","USD","","","","","false","0.99","","","","","","","","","","FALSE","","","","","","","","","QZHH8NT767RX","NA/CDS Corp Idx","CDX.NA.HY"
"3939428529000000301","","NEWT","TRAD","2026-06-30T12:56:40Z","FALSE","CR","","N","TRUE","2026-06-30T12:56:40Z","2026-06-30","2026-09-16","","FALSE","BILT","FALSE","FALSE","TRUE","40,000,000","","EUR","","","","","","","","","","","","","","","","","","","","","","","","2026-09-16","","","279,999.5625","EUR","","","0.02625","","","","0.02625","","false","","","3","","3","","","","","","","","","","","","","","","","","","","","","","","","false","1","","","","","","","","","","FALSE","","","","","","","","","QZTL0V3X916X","NA/CDS Idx Swt","NA/CDS Corp Idx"
"3939371529000000101","","NEWT","TRAD","2026-06-30T13:42:00Z","","CR","","N","FALSE","2026-06-30T13:42:00Z","2026-10-21","2026-10-21","2031-06-20","FALSE","BILT","FALSE","FALSE","FALSE","80,000,000","","EUR","","","","","","","","","","","","","","","","","","","","","","","","2026-10-21","0.05","","685,600","EUR","","","","","","","0.0275","","false","","","","","3","A004","","","","","","","","","MNTH","","","","3","","","","","","","","","","false","","","","","","","","","","","TRUE","0.001425","","3","","","","","","QZN6X938ZWQ4","NA/CDS Idx Swt","NA/CDS Corp Idx"
"3939338855000000201","3939319650000000101","MODI","TRAD","2026-06-30T13:47:34Z","TRUE","CR","","I","TRUE","2026-06-30T13:46:01Z","2026-03-20","2031-06-20","","FALSE","TPSE","FALSE","FALSE","","15,000,000","","USD","","","","","","","","","","","","","","","","","","","","","","","","","0.05","","","","","","108.115","","USD","","","","false","","","1","","","A004","","","","","","","","","MNTH","","","","3","","","","","","USD","","","","false","0.99","","","","","","","OTHR","","","FALSE","","","","","","","","","QZHH8NT767RX","NA/CDS Corp Idx","CDX.NA.HY"
"3939338854000000101","3939319651000000201","MODI","TRAD","2026-06-30T13:47:16Z","TRUE","CR","","I","TRUE","2026-06-30T13:46:08Z","2026-03-20","2031-06-20","","FALSE","TPSE","FALSE","FALSE","","75,000,000","","USD","","","","","","","","","","","","","","","","","","","","","","","","","0.01","","","","","","0.005085","","","","","","false","","","3","","","A004","","","","","","","","","MNTH","","","","3","","","","","","USD","","","","false","1","","","","","","","OTHR","","","FALSE","","","","","","","","","QZ3WVVQG5T8K","NA/CDS Corp Idx","CDX.NA.IG"
"3943253691000000201","","NEWT","TRAD","2026-06-30T19:44:36Z","","CR","","I","TRUE","2026-06-30T19:44:36Z","2026-07-01","2031-06-20","","FALSE","BBSF","FALSE","FALSE","","39,000,000","","USD","","","","","","","","","","","","","","","","","","","","","","","","","0.01","","","","","","0.005084697","","","","","","false","","","3","","","A004","","","","","","","","867790.66415","MNTH","","","","3","","","","UFRO","USD","","","","","false","1","","","","","","","","","","FALSE","","","","","","","","","QZ3WVVQG5T8K","NA/CDS Corp Idx","CDX.NA.IG"
"3939716888000000401","","NEWT","TRAD","2026-06-30T14:17:35Z","","CR","","I","TRUE","2026-06-30T14:17:35Z","2026-07-01","2031-06-20","","","TWSF","FALSE","FALSE","","45,000,000","","USD","","","","","","","","","","","","","","","","","","","","","","","","","0.01","","","","","","0.0050777","","","","","","false","","","3","","","A004","","","","","","","","1002736.61000","MNTH","","","","3","","","","UFRO","USD","","","","","false","1","","","","","","","","","","FALSE","","","","","","","","","QZ3WVVQG5T8K","NA/CDS Corp Idx","CDX.NA.IG"
"3939716885000000101","","NEWT","TRAD","2026-06-30T14:17:00Z","","CR","","I","TRUE","2026-06-30T14:17:00Z","2026-07-01","2031-06-20","","","TWSF","FALSE","FALSE","","5,000,000","","USD","","","","","","","","","","","","","","","","","","","","","","","","","0.01","","","","","","0.0050786","","","","","","false","","","3","","","A004","","","","","","","","111394.64000","MNTH","","","","3","","","","UFRO","USD","","","","","false","1","","","","","","","","","","FALSE","","","","","","","","","QZ3WVVQG5T8K","NA/CDS Corp Idx","CDX.NA.IG"
"3939490088000000101","","NEWT","TRAD","2026-06-30T13:56:34Z","","CR","","I","TRUE","2026-06-30T13:56:34Z","2026-07-01","2030-12-20","","FALSE","BBSF","FALSE","TRUE","","250,000,000+","","USD","","","","","","","","","","","","","","","","","","","","","","","","","0.01","","","","","","0.0046512","","","","","","false","","","3","","","A004","","","","","","","","5516745.22500","MNTH","","","","3","","","","UFRO","USD","","","","","false","1","","","","","","","","","","TRUE","","","","0.0004158","","3","","","QZN3HTTN5303","NA/CDS Corp Idx","CDX.NA.IG"
"3938836762000000201","","NEWT","TRAD","2026-06-30T13:16:04Z","","CR","","I","TRUE","2026-06-30T13:16:04Z","2026-07-01","2031-06-20","","","TWSF","FALSE","TRUE","","210,000,000","","USD","","","","","","","","","","","","","","","","","","","","","","","","","0.01","","","","","","0.005082","","","","","","false","","","3","","","A004","","","","","","","","4675312.53526","MNTH","","","","3","","","","UFRO","USD","","","","","false","1","","","","","","","","","","FALSE","","","","","","","","","QZ3WVVQG5T8K","NA/CDS Corp Idx","CDX.NA.IG"
"3938966313000000101","","NEWT","TRAD","2026-06-30T13:24:15Z","","CR","","I","FALSE","2026-06-30T13:24:15Z","2026-07-01","2031-06-20","","FALSE","BBSF","FALSE","FALSE","","900,000","","EUR","","","","","","","","","","","","","","","","","","","","","","","","","0.01","","","","","","0.005414","","","","","","false","","","3","","","A004","","","","","","","","19348.66000","MNTH","","","","3","","","","UFRO","EUR","","","","","false","1","","","","","","","","","","FALSE","","","","","","","","","QZTB38W3WJ98","NA/CDS Corp Idx","ITRAXX EUROPE SENIOR FINANCIALS"
"3939594327000000201","","NEWT","TRAD","2026-06-30T14:03:42Z","","CR","","I","TRUE","2026-06-30T14:03:42Z","2026-07-01","2030-12-20","","FALSE","BBSF","FALSE","FALSE","","7,000,000","","EUR","","","","","","","","","","","","","","","","","","","","","","","","","0.01","","","","","","0.004671","","","","","","false","","","3","","","A004","","","","","","","","158986.24329","MNTH","","","","3","","","","UFRO","EUR","","","","","false","1","","","","","","","","","","FALSE","","","","","","","","","QZFB31MBHLT9","NA/CDS Corp Idx","ITRAXX EUROPE"
"3939598407000000201","","NEWT","TRAD","2026-06-30T14:04:26Z","","CR","","I","TRUE","2026-06-30T14:04:26Z","2026-07-01","2031-06-20","","","TWSF","FALSE","FALSE","","50,000,000","","USD","","","","","","","","","","","","","","","","","","","","","","","","","0.01","","","","","","0.0050677","","","","","","false","","","3","","","A004","","","","","","","","1116434.93000","MNTH","","","","3","","","","UFRO","USD","","","","","false","1","","","","","","","","","","FALSE","","","","","","","","","QZ3WVVQG5T8K","NA/CDS Corp Idx","CDX.NA.IG"
"3939634696000000601","","NEWT","TRAD","2026-06-30T14:08:41Z","","CR","","I","TRUE","2026-06-30T14:08:41Z","2026-07-01","2031-06-20","","","TWSF","FALSE","FALSE","","8,000,000","","USD","","","","","","","","","","","","","","","","","","","","","","","","","0.01","","","","","","0.00507415","","","","","","false","","","3","","","A004","","","","","","","","178394.28236","MNTH","","","","3","","","","UFRO","USD","","","","","false","1","","","","","","","","","","FALSE","","","","","","","","","QZ3WVVQG5T8K","NA/CDS Corp Idx","CDX.NA.IG"
"3939634698000000801","","NEWT","TRAD","2026-06-30T14:08:45Z","","CR","","I","TRUE","2026-06-30T14:08:45Z","2026-03-20","2031-06-20","","FALSE","BGCD","FALSE","FALSE","","20,000,000","","EUR","","","","","","","","","","","","","","","","","","","","","","","","","","","","","","","0.02443125","","","","","","false","","","3","","","A004","","","","","","","","","MNTH","","","","3","","","","","","","","","","false","1","","","","","","","","","","TRUE","","","","0.0012","","3","","","QZ3HM9KVK2WL","NA/CDS Corp Idx","ITRAXX EUROPE CROSSOVER"
"3939582242000000101","","NEWT","TRAD","2026-06-30T14:02:16Z","","CR","","I","TRUE","2026-06-30T14:02:16Z","2026-07-01","2031-06-20","","","TWSF","FALSE","FALSE","","38,000,000","","USD","","","","","","","","","","","","","","","","","","","","","","","","","0.05","","","","","","0.01081425","","","","","","false","","","3","","","A004","","","","","","","","3110248.58212","MNTH","","","","3","","","","UFRO","USD","","","","","false","0.99","","","","","","","","","","FALSE","","","","","","","","","QZHH8NT767RX","NA/CDS Corp Idx","CDX.NA.HY"
"3938890467000000201","","NEWT","TRAD","2026-06-30T13:19:47Z","","CR","","I","TRUE","2026-06-30T13:19:47Z","2026-07-01","2030-12-20","","","TWSF","FALSE","TRUE","","76,000,000+","","USD","","","","","","","","","","","","","","","","","","","","","","","","","0.05","","","","","","0.01081614","","","","","","false","","","3","","","A004","","","","","","","","6171727.22526","MNTH","","","","3","","","","UFRO","USD","","","","","false","0.98","","","","","","","","","","FALSE","","","","","","","","","QZMD5JCHG48C","NA/CDS Corp Idx","CDX.NA.HY"
"3939301291000000501","","NEWT","TRAD","2026-06-30T13:44:39Z","","CR","","I","TRUE","2026-06-30T13:44:39Z","2026-03-20","2031-06-20","","FALSE","TPSE","FALSE","FALSE","","250,000,000+","","USD","","","","","","","","","","","","","","","","","","","","","","","","","0.01","","","","","","0.005085","","","","","","false","","","3","","","A004","","","","","","","","","MNTH","","","","3","","","","","","USD","","","","false","1","","","","","","","OTHR","","","FALSE","","","","","","","","","QZ3WVVQG5T8K","NA/CDS Corp Idx","CDX.NA.IG"
"3940511622000000301","","NEWT","TRAD","2026-02-11T17:47:41Z","","CR","","N","FALSE","2026-02-11T17:39:04Z","2026-02-12","2026-07-30","","FALSE","BILT","FALSE","FALSE","TRUE","47,000,000","","USD","","","","","","","","","","","","","","","","","","","","","","","","","0","","","","","","","","","","","","false","","","","","","A020","","","","","","","","","YEAR","","","","1","","","","","","USD","","","","true","","","","","","","","","","","FALSE","","","","","","","","","QZ06XKC3VCD6","NA/CDS Corp Oth Sr","SOCIETE GENERALE"
"3940240554000000201","","NEWT","TRAD","2026-06-30T15:15:18Z","","CR","","I","FALSE","2026-06-30T15:15:18Z","2026-07-01","2031-06-20","","FALSE","BBSF","FALSE","FALSE","","200,000","","USD","","","","","","","","","","","","","","","","","","","","","","","","","0.01","","","","","","0.0098231","","","","","","false","","","3","","","A004","","","","","","","","3488.00000","MNTH","","","","3","","","","UFRO","USD","","","","","false","1","","","","","","","","","","FALSE","","","","","","","","","QZ4JMQKL3P03","NA/CDS Corp Idx","CDX.EM"
"3940333710000000301","","NEWT","TRAD","2026-06-30T15:05:28Z","","CR","","I","FALSE","2026-06-30T15:05:28Z","2022-09-20","2027-12-20","","","GFSO","FALSE","FALSE","TRUE","16,000,000","","EUR","","","","","","","","","","","","","","","","","","","","","","","","","0.05","","","","","","","","","","","","false","","","","","","A004","","","","","","","","872197.29000","MNTH","","","","3","","","","UFRO","EUR","","","","","false","0.94665","","","","","","","","","","TRUE","","","","500","","4","","","QZPZWK3GVJC1","NA/CDS Corp Idx","ITRAXX EUROPE CROSSOVER"
"3940295612000000201","","NEWT","TRAD","2026-06-30T15:22:09Z","","CR","","I","TRUE","2026-06-30T15:22:09Z","2026-07-01","2031-06-20","","FALSE","BBSF","FALSE","FALSE","","2,000,000","","USD","","","","","","","","","","","","","","","","","","","","","","","","","0.05","","","","","","0.01081325","","","","","","false","","","3","","","A004","","","","","","","","163499.38082","MNTH","","","","3","","","","UFRO","USD","","","","","false","0.99","","","","","","","","","","FALSE","","","","","","","","","QZHH8NT767RX","NA/CDS Corp Idx","CDX.NA.HY"
"3940295613000000301","","NEWT","TRAD","2026-06-30T15:22:23Z","","CR","","I","FALSE","2026-06-30T15:22:23Z","2026-07-01","2031-06-20","","","TWSF","FALSE","FALSE","","45,000,000","","USD","","","","","","","","","","","","","","","","","","","","","","","","","0.01","","","","","","0.0050752","","","","","","false","","","3","","","A004","","","","","","","","1003250.15000","MNTH","","","","3","","","","UFRO","USD","","","","","false","1","","","","","","","","","","FALSE","","","","","","","","","QZ3WVVQG5T8K","NA/CDS Corp Idx","CDX.NA.IG"
"3940311677000000201","","NEWT","TRAD","2026-06-30T15:24:11Z","","CR","","I","TRUE","2026-06-30T15:24:11Z","2026-07-01","2031-06-20","","","TWSF","FALSE","FALSE","","6,000,000","","EUR","","","","","","","","","","","","","","","","","","","","","","","","","0.05","","","","","","0.0245","","","","","","false","","","3","","","A004","","","","","","","","664104.85000","MNTH","","","","3","","","","UFRO","EUR","","","","","false","1","","","","","","","","","","TRUE","","","","0.0245","","3","","","QZ3HM9KVK2WL","NA/CDS Corp Idx","ITRAXX EUROPE CROSSOVER"
"3940286786000000101","","NEWT","TRAD","2026-06-30T15:20:41Z","","CR","","I","TRUE","2026-06-30T15:20:41Z","2026-07-01","2031-06-20","","FALSE","BBSF","FALSE","FALSE","","1,000,000","","USD","","","","","","","","","","","","","","","","","","","","","","","","","0.05","","","","","","0.01081325","","","","","","false","","","3","","","A004","","","","","","","","81749.25000","MNTH","","","","3","","","","UFRO","USD","","","","","false","0.99","","","","","","","","","","FALSE","","","","","","","","","QZHH8NT767RX","NA/CDS Corp Idx","CDX.NA.HY"
"3940345892000000301","","NEWT","TRAD","2026-06-30T15:28:19Z","","CR","","I","TRUE","2026-06-30T15:28:19Z","2026-07-01","2031-06-20","","FALSE","BBSF","FALSE","FALSE","","30,000,000","","EUR","","","","","","","","","","","","","","","","","","","","","","","","","0.05","","","","","","0.02448","","","","","","false","","","3","","","A004","","","","","","","","3323359.41000","MNTH","","","","3","","","","UFRO","EUR","","","","","false","1","","","","","","","","","","FALSE","","","","","","","","","QZ3HM9KVK2WL","NA/CDS Corp Idx","ITRAXX EUROPE CROSSOVER"
"3940385549000000101","","NEWT","TRAD","2026-06-30T15:28:25Z","","CR","","N","FALSE","2026-06-30T15:28:25Z","2026-03-20","2026-07-15","","TRUE","TPSE","FALSE","FALSE","","120,000,000","","USD","","","","","","","","","","","","","","","","","","","","","","","","2026-07-15","0","","9,378,385.02192","USD","","","","","","","100","","false","","","","","3","A001","","","","","","","","","MNTH","","","","1","","","","","","","","","","false","0.99","","","","","","","","","","FALSE","","","","","","","","","QZHJMSG8W2ZX","NA/CDS Idx Swt","NA/CDS Corp Idx"
"3940394253000000101","","NEWT","TRAD","2026-06-30T15:34:15Z","","CR","","N","FALSE","2026-06-30T15:34:15Z","2025-09-22","2030-12-20","","FALSE","BILT","FALSE","FALSE","FALSE","20,000,000","","USD","","","","","","","","","","","","","","","","","","","","","","","","","0.05","","","","","","","","","","","","false","","","","","","A004","","","","","","","","2945000.00000","MNTH","","","","3","","","","UFRO","USD","USD","","","","true","0.98","","","","","","","","","","FALSE","","","","","","","","","QZ4VMR67VL60","NA/CDS Corp Idx Tra","CDX.NA.HY"
"3940228825000000401","","NEWT","TRAD","2026-06-30T15:13:35Z","","CR","","N","FALSE","2026-06-30T14:54:50Z","2026-06-30","2026-08-19","2031-06-20","TRUE","BILT","FALSE","FALSE","TRUE","350,079,993+","","EUR","","","","","","","","","","","","","","","","","","","","","","","","2026-08-19","0.01","","19,254.4","EUR","","","","","","","0.0045","","false","","","","","3","A004","","","","","","","","","MNTH","","","","3","","","","","","","","","","false","1","","","","","","","","","","FALSE","","","","","","","","","QZJSB7DN86TJ","NA/CDS Idx Swt","NA/CDS Corp Idx"
"3940458519000000101","","NEWT","TRAD","2026-06-30T15:42:28Z","","CR","","I","TRUE","2026-06-30T15:42:28Z","2025-09-22","2030-12-20","","FALSE","TPSE","FALSE","FALSE","","18,000,000","","USD","","","","","","","","","","","","","","","","","","","","","","","","","0.05","","","","","","108.25","","USD","","","","false","","","1","","","A004","","","","","","","","","MNTH","","","","3","","","","","","USD","","","","false","0.98","","","","","","","OTHR","","","FALSE","","","","","","","","","QZMD5JCHG48C","NA/CDS Corp Idx","CDX.NA.HY"
"3940491645000000101","","NEWT","TRAD","2026-06-30T15:41:31Z","","CR","","N","FALSE","2026-06-30T15:41:31Z","2026-03-20","2026-07-15","","TRUE","TPSE","FALSE","FALSE","","120,000,000","","USD","","","","","","","","","","","","","","","","","","","","","","","","2026-07-15","0","","2,078.61216","USD","","","","","","","100","","false","","","","","3","A001","","","","","","","","","MNTH","","","","1","","","","","","","","","","false","0.99","","","","","","","","","","FALSE","","","","","","","","","QZVK9BCP48T0","NA/CDS Idx Swt","NA/CDS Corp Idx"
"3940166457000000101","","NEWT","TRAD","2026-06-30T15:04:44Z","","CR","","I","FALSE","2026-06-30T15:04:44Z","2026-07-01","2031-06-20","","","TWSF","FALSE","TRUE","","250,000,000+","","USD","","","","","","","","","","","","","","","","","","","","","","","","","0.01","","","","","","0.005067","","","","","","false","","","3","","","A004","","","","","","","","5582947.80145","MNTH","","","","3","","","","UFRO","USD","","","","","false","1","","","","","","","","","","FALSE","","","","","","","","","QZ3WVVQG5T8K","NA/CDS Corp Idx","CDX.NA.IG"
"3940511620000000101","","NEWT","TRAD","2026-04-01T13:34:38Z","","CR","","N","FALSE","2026-02-09T19:25:17Z","2026-02-11","2026-04-01","","FALSE","BILT","FALSE","FALSE","TRUE","140,000,000","","USD","","","","","","","","","","","","","","","","","","","","","","","","","0.03728","0.03728","","","","","","","","","","","false","","","","","","A020","","","","","","","","","YEAR","","","","1","","","","","","USD","","","","true","","","","","","","","","","","FALSE","","","","","","","","","QZ06XKC3VCD6","NA/CDS Corp Oth Sr","SOCIETE GENERALE"
"3940511625000000601","","NEWT","TRAD","2026-04-30T16:23:40Z","","CR","","N","FALSE","2026-04-01T19:27:07Z","2026-04-02","2026-04-30","","FALSE","BILT","FALSE","FALSE","TRUE","370,000,000","","USD","","","","","","","","","","","","","","","","","","","","","","","","","0","","","","","","","","","","","","false","","","","","","A020","","","","","","","","","YEAR","","","","1","","","","","","USD","","","","true","","","","","","","","","","","FALSE","","","","","","","","","QZJGVSKNBN14","NA/CDS Corp SN","DTD 08/15/2024"
"3940511627000000801","","NEWT","TRAD","2026-04-30T18:50:07Z","","CR","","N","FALSE","2026-03-31T19:01:01Z","2026-03-31","2026-04-30","","FALSE","BILT","FALSE","FALSE","TRUE","45,000,000","","EUR","","","","","","","","","","","","","","","","","","","","","","","","","0","","","","","","","","","","","","false","","","","","","A020","","","","","","","","","YEAR","","","","1","","","","","","EUR","","","","true","","","","","","","","","","","FALSE","","","","","","","","","QZ06XKC3VCD6","NA/CDS Corp Oth Sr","SOCIETE GENERALE"
"3939937457000000101","","NEWT","TRAD","2026-06-30T14:38:38Z","","CR","","I","TRUE","2026-06-30T14:38:38Z","2026-07-01","2031-06-20","","FALSE","BBSF","FALSE","FALSE","","870,000","","USD","","","","","","","","","","","","","","","","","","","","","","","","","0.05","","","","","","0.01081523","","","","","","false","","","3","","","A004","","","","","","","","71292.38000","MNTH","","","","3","","","","UFRO","USD","","","","","false","0.99","","","","","","","","","","FALSE","","","","","","","","","QZHH8NT767RX","NA/CDS Corp Idx","CDX.NA.HY"
"3939940272000000101","","NEWT","TRAD","2026-06-30T14:39:15Z","","CR","","I","TRUE","2026-06-30T14:39:15Z","2026-07-01","2031-06-20","","FALSE","BBSF","FALSE","FALSE","","2,000,000","","EUR","","","","","","","","","","","","","","","","","","","","","","","","","0.01","","","","","","0.005162","","","","","","false","","","3","","","A004","","","","","","","","45378.21018","MNTH","","","","3","","","","UFRO","EUR","","","","","false","1","","","","","","","","","","FALSE","","","","","","","","","QZTQ4GTC5QMF","NA/CDS Corp Idx","ITRAXX EUROPE"
"3939945238000000101","","NEWT","TRAD","2026-06-30T14:39:51Z","","CR","","I","TRUE","2026-06-30T14:39:51Z","2026-07-01","2031-06-20","","","TWSF","FALSE","FALSE","","18,000,000","","USD","","","","","","","","","","","","","","","","","","","","","","","","","0.05","","","","","","0.01081333","","","","","","false","","","3","","","A004","","","","","","","","1471613.77475","MNTH","","","","3","","","","UFRO","USD","","","","","false","0.99","","","","","","","","","","FALSE","","","","","","","","","QZHH8NT767RX","NA/CDS Corp Idx","CDX.NA.HY"
"3939727208000000101","","NEWT","TRAD","2026-06-30T14:15:26Z","","CR","","I","FALSE","2026-06-30T14:15:26Z","2024-09-20","2029-12-20","","","BTFE","FALSE","FALSE","TRUE","190,000,000","","EUR","","","","","","","","","","","","","","","","","","","","","","","","","0.05","","","","","","","","","","","","false","","","","","","A004","","","","","","","","18694328.81516","MNTH","","","","3","","","","UFRO","EUR","","","","","false","0.95999","","","","","","","","","","FALSE","","","","","","","","","QZC9WN4TPTDV","NA/CDS Corp Idx","ITRAXX EUROPE CROSSOVER"
"3939979546000000401","","NEWT","TRAD","2026-06-30T14:44:11Z","","CR","","I","FALSE","2026-06-30T14:44:11Z","2026-07-01","2031-06-20","","","TWSF","FALSE","FALSE","","20,000,000","","USD","","","","","","","","","","","","","","","","","","","","","","","","","0.01","","","","","","0.009824","","","","","","false","","","3","","","A004","","","","","","","","347000.00000","MNTH","","","","3","","","","UFRO","USD","","","","","false","1","","","","","","","","","","FALSE","","","","","","","","","QZ4JMQKL3P03","NA/CDS Corp Idx","CDX.EM"
"3939979543000000101","","NEWT","TRAD","2026-06-30T14:43:55Z","","CR","","I","TRUE","2026-06-30T14:43:55Z","2026-07-01","2031-06-20","","FALSE","BBSF","FALSE","FALSE","","5,000,000","","USD","","","","","","","","","","","","","","","","","","","","","","","","","0.05","","","","","","0.01081398","","","","","","false","","","3","","","A004","","","","","","","","409107.60000","MNTH","","","","3","","","","UFRO","USD","","","","","false","0.99","","","","","","","","","","FALSE","","","","","","","","","QZHH8NT767RX","NA/CDS Corp Idx","CDX.NA.HY"
"3939890865000000101","","NEWT","TRAD","2026-06-30T14:34:54Z","","CR","","I","TRUE","2026-06-30T14:34:54Z","2026-07-01","2031-06-20","","FALSE","BBSF","FALSE","TRUE","","130,000,000","","EUR","","","","","","","","","","","","","","","","","","","","","","","","","0.01","","","","","","0.0051491","","","","","","false","","","3","","","A004","","","","","","","","2957518.51200","MNTH","","","","3","","","","UFRO","EUR","","","","","false","1","","","","","","","","","","TRUE","","","","0.0002729","","3","","","QZTQ4GTC5QMF","NA/CDS Corp Idx","ITRAXX EUROPE"
"3940023075000000201","","NEWT","TRAD","2026-06-30T14:48:29Z","","CR","","I","TRUE","2026-06-30T14:48:29Z","2026-07-01","2031-06-20","","FALSE","BBSF","FALSE","FALSE","","70,000,000","","USD","","","","","","","","","","","","","","","","","","","","","","","","","0.01","","","","","","0.0050725","","","","","","false","","","3","","","A004","","","","","","","","1561474.11000","MNTH","","","","3","","","","UFRO","USD","","","","","false","1","","","","","","","","","","FALSE","","","","","","","","","QZ3WVVQG5T8K","NA/CDS Corp Idx","CDX.NA.IG"
"3940018028000000101","","NEWT","TRAD","2026-06-30T14:48:06Z","","CR","","I","TRUE","2026-06-30T14:48:06Z","2026-07-01","2031-06-20","","FALSE","BBSF","FALSE","FALSE","","32,000,000","","EUR","","","","","","","","","","","","","","","","","","","","","","","","","0.05","","","","","","0.024445","","","","","","false","","","3","","","A004","","","","","","","","3550215.51904","MNTH","","","","3","","","","UFRO","EUR","","","","","false","1","","","","","","","","","","FALSE","","","","","","","","","QZ3HM9KVK2WL","NA/CDS Corp Idx","ITRAXX EUROPE CROSSOVER"
"3928739013000000201","","NEWT","TRAD","2026-06-30T08:01:22Z","","CR","","I","TRUE","2026-06-30T08:01:22Z","2026-03-20","2031-06-20","","FALSE","BGCD","FALSE","FALSE","","25,000,000","","EUR","","","","","","","","","","","","","","","","","","","","","","","","","","","","","","","0.0051625","","","","","","false","","","3","","","A004","","","","","","","","","MNTH","","","","3","","","","","","","","","","false","1","","","","","","","","","","FALSE","","","","","","","","","QZTQ4GTC5QMF","NA/CDS Corp Idx","ITRAXX EUROPE"
"3943256784000000101","","NEWT","TRAD","2026-06-30T19:44:55Z","","CR","","I","TRUE","2026-06-30T19:44:55Z","2026-07-01","2031-06-20","","","TWSF","FALSE","FALSE","","68,000,000","","USD","","","","","","","","","","","","","","","","","","","","","","","","","0.01","","","","","","0.0050805","","","","","","false","","","3","","","A004","","","","","","","","1514377.32000","MNTH","","","","3","","","","UFRO","USD","","","","","false","1","","","","","","","","","","FALSE","","","","","","","","","QZ3WVVQG5T8K","NA/CDS Corp Idx","CDX.NA.IG"
"3943260815000000201","","NEWT","TRAD","2026-06-30T19:45:47Z","","CR","","I","TRUE","2026-06-30T19:45:47Z","2026-07-01","2031-06-20","","","TWSF","FALSE","FALSE","","20,000,000","","USD","","","","","","","","","","","","","","","","","","","","","","","","","0.01","","","","","","0.0050816","","","","","","false","","","3","","","A004","","","","","","","","445303.64081","MNTH","","","","3","","","","UFRO","USD","","","","","false","1","","","","","","","","","","FALSE","","","","","","","","","QZ3WVVQG5T8K","NA/CDS Corp Idx","CDX.NA.IG"
"3943287906000000101","","NEWT","TRAD","2026-06-30T19:50:58Z","","CR","","I","TRUE","2026-06-30T19:50:58Z","2026-07-01","2031-06-20","","FALSE","BBSF","FALSE","FALSE","","90,000,000","","USD","","","","","","","","","","","","","","","","","","","","","","","","","0.01","","","","","","0.0050787","","","","","","false","","","3","","","A004","","","","","","","","2005068.06296","MNTH","","","","3","","","","UFRO","USD","","","","","false","1","","","","","","","","","","FALSE","","","","","","","","","QZ3WVVQG5T8K","NA/CDS Corp Idx","CDX.NA.IG"
"3943816860000000301","","NEWT","TRAD","2026-06-30T20:16:22Z","","CR","","N","FALSE","2026-06-30T20:08:48Z","2026-03-20","2031-06-20","2031-06-20","TRUE","BILT","FALSE","FALSE","TRUE","20,000,000","","USD","","","","","","","","","","","","","","","","","","","","","","","","2026-08-19","0.05","","128,700","USD","","","","","","","107.5","USD","false","","","","","1","A004","","","","","","","","","MNTH","","","","3","","","","","","","","","","false","0.99","","","","","","","","","","FALSE","","","","","","","","","QZX75BBR2PZH","NA/CDS Idx Swt","NA/CDS Corp Idx"
"3937327254000000101","","NEWT","TRAD","2026-06-30T11:12:27Z","","CR","","I","TRUE","2026-06-30T11:12:27Z","2026-07-01","2031-06-20","","FALSE","BBSF","FALSE","FALSE","","20,000,000","","EUR","","","","","","","","","","","","","","","","","","","","","","","","","0.05","","","","","","0.0243","","","","","","false","","","3","","","A004","","","","","","","","2232596.87000","MNTH","","","","3","","","","UFRO","EUR","","","","","false","1","","","","","","","","","","FALSE","","","","","","","","","QZ3HM9KVK2WL","NA/CDS Corp Idx","ITRAXX EUROPE CROSSOVER"
"3937031467000000101","","NEWT","TRAD","2026-06-30T10:48:50Z","","CR","","I","TRUE","2026-06-30T10:48:50Z","2026-07-01","2031-06-20","","FALSE","BBSF","FALSE","FALSE","","100,000,000","","EUR","","","","","","","","","","","","","","","","","","","","","","","","","0.01","","","","","","0.0051475","","","","","","false","","","3","","","A004","","","","","","","","2275771.04000","MNTH","","","","3","","","","UFRO","EUR","","","","","false","1","","","","","","","","","","FALSE","","","","","","","","","QZTQ4GTC5QMF","NA/CDS Corp Idx","ITRAXX EUROPE"
"3937114836000000101","3937038209000000101","EROR","","2026-06-30T10:47:54Z","","CR","","I","","2026-06-30T10:47:54Z","2026-03-20","2031-06-20","","","","FALSE","","FALSE","75,000,000","","EUR","","","","","","","","","","","","","","","","","","","","","","","","","0.01","","","","","","","","","","","","false","","","","","","","","","","","","","","1705941.00000","","","","","","","","","UFRO","EUR","","","","","false","1","","","","","","","","","","TRUE","","","","3","","4","","","QZTQ4GTC5QMF","NA/CDS Corp Idx","ITRAXX EUROPE"
"3928465945000000101","","NEWT","TRAD","2026-06-30T07:53:29Z","FALSE","CR","","N","FALSE","2026-06-30T07:53:29Z","2026-06-30","2026-09-30","","FALSE","BILT","FALSE","FALSE","TRUE","11,137,622","1,000,000","GHS","USD","","","","","","","","","","","","","","","","","","","","","","","","0.0835","","","","","","","","","","","","false","","","","","","A005","","","A004","","DAIL","","1","","MNTH","","","EXPI","1","","","1","","","USD","","","","false","","","","","","","","","","","FALSE","","","","","","","","","QZLRF2M480J0","NA/CDS Corp SN","GOG-BD-16/02/27-A6143-1838-8.35"
"3929676989000000101","","NEWT","TRAD","2026-06-30T08:20:57Z","","CR","","I","TRUE","2026-06-30T08:20:57Z","2026-07-01","2031-06-20","","FALSE","BBSF","FALSE","FALSE","","10,000,000","","EUR","","","","","","","","","","","","","","","","","","","","","","","","","0.05","","","","","","0.02446","","","","","","false","","","3","","","A004","","","","","","","","1108731.66000","MNTH","","","","3","","","","UFRO","EUR","","","","","false","1","","","","","","","","","","FALSE","","","","","","","","","QZ3HM9KVK2WL","NA/CDS Corp Idx","ITRAXX EUROPE CROSSOVER"
"3936301468000000101","2093243114000000701","REVI","","2026-06-30T10:33:33Z","","CR","","N","FALSE","2023-03-16T19:38:16Z","2023-03-16","2026-12-20","","FALSE","BILT","FALSE","FALSE","TRUE","16,000,000","","USD","","","","","","","","","","","","","","","","","","","","","","","","","0.05","","","","","","","","","","","","false","","","","","","A004","","","","","","","","0.00000","MNTH","","","","3","","","","UFRO","USD","","","","","false","0.95","","","","","","","","","","FALSE","","","","","","","","","QZ68KRHJVV05","NA/CDS Corp Idx Tra","CDX.NA.HY"
"3937592932000000101","","NEWT","TRAD","2026-06-30T11:31:53Z","","CR","","N","FALSE","2026-06-30T11:31:53Z","2025-09-22","2030-12-20","","FALSE","BILT","FALSE","FALSE","FALSE","15,000,000","","EUR","","","","","","","","","","","","","","","","","","","","","","","","","0.05","","","","","","","","","","","","false","","","","","","A004","","","","","","","","2139075.00000","MNTH","","","","3","","","","UFRO","EUR","EUR","","","","true","1","","","","","","","","","","FALSE","","","","","","","","","QZMGS84TQL5T","NA/CDS Corp Idx Tra","ITRAXX EUROPE CROSSOVER"
"3928571776000000101","","NEWT","TRAD","2026-06-30T07:58:07Z","","CR","","I","TRUE","2026-06-30T07:58:07Z","2026-07-01","2031-06-20","","","TWSF","FALSE","FALSE","","34,000,000","","EUR","","","","","","","","","","","","","","","","","","","","","","","","","0.01","","","","","","0.0051656","","","","","","false","","","3","","","A004","","","","","","","","770855.01567","MNTH","","","","3","","","","UFRO","EUR","","","","","false","1","","","","","","","","","","FALSE","","","","","","","","","QZTQ4GTC5QMF","NA/CDS Corp Idx","ITRAXX EUROPE"
"3939156243000000301","","NEWT","TRAD","2026-06-30T13:34:47Z","","CR","","I","TRUE","2026-06-30T13:34:47Z","2026-07-01","2031-06-20","","","TWSF","FALSE","FALSE","","5,000,000","","USD","","","","","","","","","","","","","","","","","","","","","","","","","0.05","","","","","","0.01081079","","","","","","false","","","3","","","A004","","","","","","","","407528.55000","MNTH","","","","3","","","","UFRO","USD","","","","","false","0.99","","","","","","","","","","FALSE","","","","","","","","","QZHH8NT767RX","NA/CDS Corp Idx","CDX.NA.HY"
"3928867091000000201","","NEWT","TRAD","2026-06-30T08:03:06Z","","CR","","I","TRUE","2026-06-30T08:03:06Z","2026-07-01","2031-06-20","","","TWSF","FALSE","FALSE","","34,000,000","","EUR","","","","","","","","","","","","","","","","","","","","","","","","","0.01","","","","","","0.00515","","","","","","false","","","3","","","A004","","","","","","","","773360.11000","MNTH","","","","3","","","","UFRO","EUR","","","","","false","1","","","","","","","","","","TRUE","","","","0.00515","","3","","","QZTQ4GTC5QMF","NA/CDS Corp Idx","ITRAXX EUROPE"
"3948513414000000101","2491166782000000101","MODI","TRAD","2026-06-30T22:53:15Z","TRUE","CR","","N","FALSE","2024-02-26T18:03:03Z","2024-02-26","2026-12-07","","FALSE","BILT","FALSE","FALSE","TRUE","390,000,000","","USD","","","","","","","","","","","","","","","","","","","","","","","","","","","","","","","","","","","","","false","","","","","","","","","","","","","","0.00000","","","","","","","","","UFRO","USD","USD","","","","true","","","","","","","","","","","FALSE","","","","","","","","","QZRR0D5S3SHF","NA/CDS Corp Basket","Basket"
"3934690390000000101","","NEWT","TRAD","2026-06-30T10:04:16Z","","CR","","I","TRUE","2026-06-30T10:04:16Z","2026-07-01","2031-06-20","","","TWSF","FALSE","FALSE","","22,000,000","","EUR","","","","","","","","","","","","","","","","","","","","","","","","","0.01","","","","","","0.005148","","","","","","false","","","3","","","A004","","","","","","","","500617.60000","MNTH","","","","3","","","","UFRO","EUR","","","","","false","1","","","","","","","","","","FALSE","","","","","","","","","QZTQ4GTC5QMF","NA/CDS Corp Idx","ITRAXX EUROPE"
"3926417539000000101","","NEWT","TRAD","2026-06-30T06:36:16Z","","CR","","I","TRUE","2026-06-30T06:36:16Z","2026-07-01","2031-06-20","","FALSE","BBSF","FALSE","FALSE","","10,000,000","","EUR","","","","","","","","","","","","","","","","","","","","","","","","","0.05","","","","","","0.02454","","","","","","false","","","3","","","A004","","","","","","","","1104951.77000","MNTH","","","","3","","","","UFRO","EUR","","","","","false","1","","","","","","","","","","FALSE","","","","","","","","","QZ3HM9KVK2WL","NA/CDS Corp Idx","ITRAXX EUROPE CROSSOVER"
"3935975120000000101","","NEWT","TRAD","2026-06-30T10:26:51Z","","CR","","I","TRUE","2026-06-30T10:26:51Z","2026-07-01","2031-06-20","","FALSE","BBSF","FALSE","FALSE","","30,000,000","","EUR","","","","","","","","","","","","","","","","","","","","","","","","","0.01","","","","","","0.0051426","","","","","","false","","","3","","","A004","","","","","","","","683426.64000","MNTH","","","","3","","","","UFRO","EUR","","","","","false","1","","","","","","","","","","FALSE","","","","","","","","","QZTQ4GTC5QMF","NA/CDS Corp Idx","ITRAXX EUROPE"
"3936183681000000101","3936152779000000101","MODI","TRAD","2026-06-30T10:30:39Z","TRUE","CR","","I","TRUE","2026-06-30T10:30:33Z","2026-03-20","2031-06-20","","FALSE","TPSE","FALSE","FALSE","","10,000,000","","EUR","","","","","","","","","","","","","","","","","","","","","","","","","0.05","","","","","","0.0243","","","","","","false","","","3","","","A004","","","","","","","","","MNTH","","","","3","","","","","","EUR","","","","false","1","","","","","","","OTHR","","","FALSE","","","","","","","","","QZ3HM9KVK2WL","NA/CDS Corp Idx","ITRAXX EUROPE CROSSOVER"
"3929464177000000101","","NEWT","TRAD","2026-06-30T08:15:05Z","","CR","","I","TRUE","2026-06-30T08:15:05Z","2026-07-01","2031-06-20","","","TWSF","FALSE","FALSE","","12,000,000","","EUR","","","","","","","","","","","","","","","","","","","","","","","","","0.05","","","","","","0.0244889","","","","","","false","","","3","","","A004","","","","","","","","1328839.09000","MNTH","","","","3","","","","UFRO","EUR","","","","","false","1","","","","","","","","","","FALSE","","","","","","","","","QZ3HM9KVK2WL","NA/CDS Corp Idx","ITRAXX EUROPE CROSSOVER"
"3937288539000000201","","NEWT","TRAD","2026-06-30T11:10:14Z","","CR","","I","TRUE","2026-06-30T11:10:14Z","2026-07-01","2036-06-20","","","TWSF","FALSE","FALSE","","4,000,000","","USD","","","","","","","","","","","","","","","","","","","","","","","","","0.01","","","","","","0.0090457","","","","","","false","","","3","","","A004","","","","","","","","30741.76106","MNTH","","","","3","","","","UFRO","USD","","","","","false","1","","","","","","","","","","FALSE","","","","","","","","","QZ21S8101WKL","NA/CDS Corp Idx","CDX.NA.IG"
"3940251005000000601","","NEWT","TRAD","2026-06-30T15:16:22Z","","CR","","I","TRUE","2026-06-30T15:16:22Z","2026-07-01","2031-06-20","","FALSE","BBSF","FALSE","FALSE","","130,000,000","","USD","","","","","","","","","","","","","","","","","","","","","","","","","0.01","","","","","","0.005077","","","","","","false","","","3","","","A004","","","","","","","","2897210.05600","MNTH","","","","3","","","","UFRO","USD","","","","","false","1","","","","","","","","","","FALSE","","","","","","","","","QZ3WVVQG5T8K","NA/CDS Corp Idx","CDX.NA.IG"
"3940119888000000201","","NEWT","TRAD","2026-06-30T15:00:21Z","","CR","","I","TRUE","2026-06-30T15:00:21Z","2026-07-01","2031-06-20","","FALSE","BBSF","FALSE","TRUE","","50,000,000","","USD","","","","","","","","","","","","","","","","","","","","","","","","","0.05","","","","","","0.01081375","","","","","","false","","","3","","","A004","","","","","","","","4089937.50000","MNTH","","","","3","","","","UFRO","USD","","","","","false","0.99","","","","","","","","","","FALSE","","","","","","","","","QZHH8NT767RX","NA/CDS Corp Idx","CDX.NA.HY"
"3940213621000000101","","NEWT","TRAD","2026-06-30T15:10:48Z","","CR","","I","FALSE","2026-06-30T15:10:48Z","2026-03-20","2031-06-20","","","BGCO","FALSE","FALSE","FALSE","10,000,000","","EUR","","","","","","","","","","","","","","","","","","","","","","","","","0.05","","","","","","","","","","","","false","","","","","","A004","","","","","","","","1110386.00000","MNTH","","","","3","","","","UFRO","EUR","","","","","false","1","","","","","","","","","","FALSE","","","","","","","","","QZ3HM9KVK2WL","NA/CDS Corp Idx","ITRAXX EUROPE CROSSOVER"
"3940018030000000301","3940018029000000201","TERM","ETRM","2026-06-30T14:48:01Z","","CR","","N","","2026-06-30T14:48:01Z","2026-03-20","2031-06-20","","FALSE","BILT","FALSE","","FALSE","50,000,000+","","USD","","","","","","","","","","","","","","","","","","","","","","","","","0.01","","","","","","","","","","","","false","","","","","","","","","","","","","","868000.00000","","","","","","","","","UFRO","USD","","","","","false","1","","","","","","","","","","FALSE","","","","","","","","","QZ39BZSFH68L","NA/CDS Sov Idx","CDX.EM"
"3941950070000000101","","NEWT","TRAD","2026-06-30T18:13:38Z","","CR","","N","FALSE","2026-06-30T18:13:38Z","2024-09-20","2029-12-20","2029-12-20","FALSE","BILT","FALSE","FALSE","TRUE","20,000,000","","USD","","","","","","","","","","","","","","","","","","","","","","","","","0.05","","","","","","","","","","","","false","","","","","","A004","","","","","","","","2835000.00000","MNTH","","","","3","","","","UFRO","USD","","","","","false","0.98","","","","","","","","","","FALSE","","","","","","","","","QZXZSGW62G18","NA/CDS Corp Idx Tra","CDX.NA.HY"
"3932388140000000101","","NEWT","TRAD","2026-06-30T09:12:20Z","","CR","","N","FALSE","2026-06-30T09:10:49Z","2026-06-30","2026-08-19","2031-06-20","TRUE","BILT","FALSE","FALSE","TRUE","100,000,000","","EUR","","","","","","","","","","","","","","","","","","","","","","","","2026-08-19","0.05","","330,000","EUR","","","","","","","0.03625","","false","","","","","3","A004","","","","","","","","","MNTH","","","","3","","","","","","","","","","false","1","","","","","","","","","","FALSE","","","","","","","","","QZ3DGP47G9ZX","NA/CDS Idx Swt","NA/CDS Corp Idx"
"3938447571000000101","","NEWT","TRAD","2026-06-30T12:46:05Z","","CR","","I","TRUE","2026-06-30T12:46:05Z","2026-07-01","2031-06-20","","FALSE","BBSF","FALSE","FALSE","","25,000,000","","USD","","","","","","","","","","","","","","","","","","","","","","","","","0.05","","","","","","0.010814","","","","","","false","","","3","","","A004","","","","","","","","2045587.50000","MNTH","","","","3","","","","UFRO","USD","","","","","false","0.99","","","","","","","","","","FALSE","","","","","","","","","QZHH8NT767RX","NA/CDS Corp Idx","CDX.NA.HY"
"3938487827000000101","","NEWT","TRAD","2026-06-30T12:48:26Z","","CR","","I","TRUE","2026-06-30T12:48:26Z","2026-07-01","2031-06-20","","FALSE","BBSF","FALSE","FALSE","","100,000,000","","USD","","","","","","","","","","","","","","","","","","","","","","","","","0.01","","","","","","0.0050777","","","","","","false","","","3","","","A004","","","","","","","","2228303.59000","MNTH","","","","3","","","","UFRO","USD","","","","","false","1","","","","","","","","","","FALSE","","","","","","","","","QZ3WVVQG5T8K","NA/CDS Corp Idx","CDX.NA.IG"
"3933829904000000201","","NEWT","TRAD","2026-06-30T09:38:42Z","","CR","","I","TRUE","2026-06-30T09:38:42Z","2026-03-20","2031-06-20","","FALSE","BGCD","FALSE","FALSE","","20,000,000","","EUR","","","","","","","","","","","","","","","","","","","","","","","","","","","","","","","0.02435","","","","","","false","","","3","","","A004","","","","","","","","","MNTH","","","","3","","","","","","","","","","false","1","","","","","","","","","","FALSE","","","","","","","","","QZ3HM9KVK2WL","NA/CDS Corp Idx","ITRAXX EUROPE CROSSOVER"
"3938671815000000101","","NEWT","TRAD","2026-06-30T13:02:00Z","","CR","","I","TRUE","2026-06-30T13:02:00Z","2026-07-01","2031-06-20","","","TWSF","FALSE","FALSE","","4,000,000","","EUR","","","","","","","","","","","","","","","","","","","","","","","","","0.01","","","","","","0.008895","","","","","","false","","","3","","","A004","","","","","","","","21374.82064","MNTH","","","","3","","","","UFRO","EUR","","","","","false","1","","","","","","","","","","FALSE","","","","","","","","","QZ5GD86QBKCC","NA/CDS Corp Idx","ITRAXX EUROPE SUB FINANCIALS"
"3930482650000000101","","NEWT","TRAD","2026-06-30T08:37:35Z","","CR","","I","TRUE","2026-06-30T08:37:35Z","2026-07-01","2031-06-20","","FALSE","BBSF","FALSE","FALSE","","10,000,000","","EUR","","","","","","","","","","","","","","","","","","","","","","","","","0.05","","","","","","0.0244656","","","","","","false","","","3","","","A004","","","","","","","","1108466.99000","MNTH","","","","3","","","","UFRO","EUR","","","","","false","1","","","","","","","","","","FALSE","","","","","","","","","QZ3HM9KVK2WL","NA/CDS Corp Idx","ITRAXX EUROPE CROSSOVER"
"3931126470000000101","","NEWT","TRAD","2026-06-30T08:47:52Z","","CR","","I","FALSE","2026-06-30T08:47:52Z","2026-07-01","2030-12-20","","FALSE","BBSF","FALSE","FALSE","","120,000,000","","EUR","","","","","","","","","","","","","","","","","","","","","","","","","0.01","","","","","","0.0078","","","","","","false","","","3","","","A004","","","","","","","","1137983.81000","MNTH","","","","3","","","","UFRO","EUR","","","","","false","1","","","","","","","","","","TRUE","","","","0.0002","","3","","","QZJT1J212HR2","NA/CDS Corp Idx","ITRAXX EUROPE SUB FINANCIALS"
"3930059241000000101","","NEWT","TRAD","2026-06-30T08:28:53Z","","CR","","I","TRUE","2026-06-30T08:28:53Z","2026-07-01","2031-06-20","","","BTFE","FALSE","FALSE","FALSE","5,000,000","","EUR","","","","","","","","","","","","","","","","","","","","","","","","","","","","","","","","","","","","","false","","","","","","A004","","","","","","","","554748.69000","MNTH","","","","3","","","","UFRO","EUR","","","","","false","1","","","","","","","","","","FALSE","","","","","","","","","QZ3HM9KVK2WL","NA/CDS Corp Idx","ITRAXX EUROPE CROSSOVER"
"3928394579000000101","","NEWT","TRAD","2026-06-30T07:54:18Z","","CR","","I","TRUE","2026-06-30T07:54:18Z","2026-07-01","2031-06-20","","FALSE","BBSF","FALSE","FALSE","","10,000,000","","EUR","","","","","","","","","","","","","","","","","","","","","","","","","0.05","","","","","","0.024514","","","","","","false","","","3","","","A004","","","","","","","","1106179.98000","MNTH","","","","3","","","","UFRO","EUR","","","","","false","1","","","","","","","","","","FALSE","","","","","","","","","QZ3HM9KVK2WL","NA/CDS Corp Idx","ITRAXX EUROPE CROSSOVER"
"3943671899000000101","","NEWT","TRAD","2026-06-30T20:12:29Z","","CR","","I","TRUE","2026-06-30T20:12:29Z","2026-07-01","2031-06-20","","","TWSF","FALSE","TRUE","","76,000,000+","","USD","","","","","","","","","","","","","","","","","","","","","","","","","0.05","","","","","","0.01080375","","","","","","false","","","3","","","A004","","","","","","","","6141482.07377","MNTH","","","","3","","","","UFRO","USD","","","","","false","0.99","","","","","","","","","","FALSE","","","","","","","","","QZHH8NT767RX","NA/CDS Corp Idx","CDX.NA.HY"
"3944268156000000101","","NEWT","TRAD","2026-06-30T20:25:52Z","","CR","","I","TRUE","2026-06-30T20:25:52Z","2026-07-01","2031-06-20","","FALSE","BBSF","FALSE","FALSE","","20,000,000","","USD","","","","","","","","","","","","","","","","","","","","","","","","","0.01","","","","","","0.005075","","","","","","false","","","3","","","A004","","","","","","","","445907.22000","MNTH","","","","3","","","","UFRO","USD","","","","","false","1","","","","","","","","","","TRUE","","","","0.005075","","3","","","QZ3WVVQG5T8K","NA/CDS Corp Idx","CDX.NA.IG"
"3938333132000000201","","NEWT","TRAD","2026-06-30T12:38:13Z","","CR","","I","FALSE","2026-06-30T12:38:13Z","2026-07-01","2031-06-20","","FALSE","BBSF","FALSE","FALSE","","10,000,000","","EUR","","","","","","","","","","","","","","","","","","","","","","","","","0.01","","","","","","0.0089122","","","","","","false","","","3","","","A004","","","","","","","","52641.83000","MNTH","","","","3","","","","UFRO","EUR","","","","","false","1","","","","","","","","","","FALSE","","","","","","","","","QZ5GD86QBKCC","NA/CDS Corp Idx","ITRAXX EUROPE SUB FINANCIALS"
"3942157284000000101","","NEWT","TRAD","2026-06-30T18:43:50Z","","CR","","I","TRUE","2026-06-30T18:43:50Z","2026-07-01","2031-06-20","","FALSE","BBSF","FALSE","FALSE","","2,000,000","","USD","","","","","","","","","","","","","","","","","","","","","","","","","0.05","","","","","","0.01081","","","","","","false","","","3","","","A004","","","","","","","","162855.00000","MNTH","","","","3","","","","UFRO","USD","","","","","false","0.99","","","","","","","","","","FALSE","","","","","","","","","QZHH8NT767RX","NA/CDS Corp Idx","CDX.NA.HY"
"3942341095000000501","","NEWT","TRAD","2026-06-30T18:55:18Z","","CR","","I","TRUE","2026-06-30T18:55:18Z","2026-03-20","2031-06-20","","FALSE","TPSE","FALSE","FALSE","","50,000,000","","USD","","","","","","","","","","","","","","","","","","","","","","","","","0.05","","","","","","108.105","","USD","","","","false","","","1","","","A004","","","","","","","","","MNTH","","","","3","","","","","","USD","","","","false","0.99","","","","","","","OTHR","","","FALSE","","","","","","","","","QZHH8NT767RX","NA/CDS Corp Idx","CDX.NA.HY"
"3943333112000000401","","NEWT","TRAD","2026-06-30T20:00:01Z","","CR","","I","TRUE","2026-06-30T20:00:01Z","2026-07-01","2031-06-20","","FALSE","BBSF","FALSE","FALSE","","28,000,000","","USD","","","","","","","","","","","","","","","","","","","","","","","","","0.05","","","","","","0.01080575","","","","","","false","","","3","","","A004","","","","","","","","2268189.00000","MNTH","","","","3","","","","UFRO","USD","","","","","false","0.99","","","","","","","","","","FALSE","","","","","","","","","QZHH8NT767RX","NA/CDS Corp Idx","CDX.NA.HY"
"3943333111000000301","","NEWT","TRAD","2026-06-30T19:59:58Z","","CR","","I","TRUE","2026-06-30T19:59:58Z","2026-07-01","2031-06-20","","","TWSF","FALSE","FALSE","","9,000,000","","USD","","","","","","","","","","","","","","","","","","","","","","","","","0.05","","","","","","0.01080725","","","","","","false","","","3","","","A004","","","","","","","","730399.58727","MNTH","","","","3","","","","UFRO","USD","","","","","false","0.99","","","","","","","","","","FALSE","","","","","","","","","QZHH8NT767RX","NA/CDS Corp Idx","CDX.NA.HY"
"3943326320000000301","","NEWT","TRAD","2026-06-30T19:58:15Z","","CR","","I","TRUE","2026-06-30T19:58:15Z","2026-07-01","2031-06-20","","FALSE","BBSF","FALSE","FALSE","","10,000,000","","USD","","","","","","","","","","","","","","","","","","","","","","","","","0.05","","","","","","0.01080885","","","","","","false","","","3","","","A004","","","","","","","","813136.50000","MNTH","","","","3","","","","UFRO","USD","","","","","false","0.99","","","","","","","","","","FALSE","","","","","","","","","QZHH8NT767RX","NA/CDS Corp Idx","CDX.NA.HY"
"3943343203000000201","","NEWT","TRAD","2026-06-30T20:00:20Z","","CR","","I","TRUE","2026-06-30T20:00:20Z","2026-07-01","2031-06-20","","","TWSF","FALSE","FALSE","","1,000,000","","USD","","","","","","","","","","","","","","","","","","","","","","","","","0.01","","","","","","0.00509475","","","","","","false","","","3","","","A004","","","","","","","","22205.21000","MNTH","","","","3","","","","UFRO","USD","","","","","false","1","","","","","","","","","","FALSE","","","","","","","","","QZ3WVVQG5T8K","NA/CDS Corp Idx","CDX.NA.IG"
"3943343206000000501","","NEWT","TRAD","2026-06-30T20:01:01Z","","CR","","I","TRUE","2026-06-30T20:01:01Z","2026-03-20","2031-06-20","","FALSE","TPSE","FALSE","FALSE","","30,000,000","","USD","","","","","","","","","","","","","","","","","","","","","","","","","0.05","","","","","","108.095","","USD","","","","false","","","1","","","A004","","","","","","","","","MNTH","","","","3","","","","","","USD","","","","false","0.99","","","","","","","OTHR","","","FALSE","","","","","","","","","QZHH8NT767RX","NA/CDS Corp Idx","CDX.NA.HY"
"3943343202000000101","","NEWT","TRAD","2026-06-30T20:00:19Z","","CR","","I","TRUE","2026-06-30T20:00:19Z","2026-07-01","2031-06-20","","","TWSF","FALSE","FALSE","","1,000,000","","USD","","","","","","","","","","","","","","","","","","","","","","","","","0.01","","","","","","0.0050978","","","","","","false","","","3","","","A004","","","","","","","","22191.31663","MNTH","","","","3","","","","UFRO","USD","","","","","false","1","","","","","","","","","","FALSE","","","","","","","","","QZ3WVVQG5T8K","NA/CDS Corp Idx","CDX.NA.IG"
"3943290964000000501","","NEWT","TRAD","2026-06-30T19:51:47Z","","CR","","I","TRUE","2026-06-30T19:51:47Z","2026-07-01","2031-06-20","","","TWSF","FALSE","TRUE","","250,000,000+","","USD","","","","","","","","","","","","","","","","","","","","","","","","","0.01","","","","","","0.00508","","","","","","false","","","3","","","A004","","","","","","","","5568134.27000","MNTH","","","","3","","","","UFRO","USD","","","","","false","1","","","","","","","","","","FALSE","","","","","","","","","QZ3WVVQG5T8K","NA/CDS Corp Idx","CDX.NA.IG"
"3943460913000000401","","NEWT","TRAD","2026-06-30T20:02:15Z","","CR","","I","FALSE","2026-06-30T20:02:15Z","2026-07-01","2031-06-20","","","TWSF","FALSE","FALSE","","9,000,000","","USD","","","","","","","","","","","","","","","","","","","","","","","","","0.01","","","","","","0.005095","","","","","","false","","","3","","","A004","","","","","","","","199837.17722","MNTH","","","","3","","","","UFRO","USD","","","","","false","1","","","","","","","","","","FALSE","","","","","","","","","QZ3WVVQG5T8K","NA/CDS Corp Idx","CDX.NA.IG"
"3943507789000000101","3943341447000000101","EROR","","2026-06-30T20:01:28Z","","CR","","","","2026-06-30T19:59:45Z","2026-07-01","2031-06-20","","","","","","FALSE","","","","","","","","","","","","","","","","","","","","","","","","","","","","0.05","","","","","","","","","","","","","","","","","","","","","","","","","","81368.10000","","","","","","","","","UFRO","USD","","","","","","","","","","","","","","","","","","","","","","","","","QZHH8NT767RX","NA/CDS Corp Idx","CDX.NA.HY"
"3938175098000000101","","NEWT","TRAD","2026-06-30T12:22:09Z","","CR","","I","TRUE","2026-06-30T12:22:09Z","2026-07-01","2031-06-20","","FALSE","BBSF","FALSE","TRUE","","200,000,000","","USD","","","","","","","","","","","","","","","","","","","","","","","","","0.01","","","","","","0.005077","","","","","","false","","","3","","","A004","","","","","","","","4457246.24000","MNTH","","","","3","","","","UFRO","USD","","","","","false","1","","","","","","","","","","FALSE","","","","","","","","","QZ3WVVQG5T8K","NA/CDS Corp Idx","CDX.NA.IG"
"3939664550000000201","","NEWT","TRAD","2026-06-30T14:12:10Z","","CR","","I","TRUE","2026-06-30T14:12:10Z","2026-07-01","2031-06-20","","","TWSF","FALSE","TRUE","","200,000,000","","USD","","","","","","","","","","","","","","","","","","","","","","","","","0.01","","","","","","0.0050776","","","","","","false","","","3","","","A004","","","","","","","","4456698.47000","MNTH","","","","3","","","","UFRO","USD","","","","","false","1","","","","","","","","","","FALSE","","","","","","","","","QZ3WVVQG5T8K","NA/CDS Corp Idx","CDX.NA.IG"
"3939797177000000201","","NEWT","TRAD","2026-06-30T14:24:08Z","","CR","","I","TRUE","2026-06-30T14:24:08Z","2026-07-01","2031-06-20","","","TWSF","FALSE","FALSE","","72,000,000","","EUR","","","","","","","","","","","","","","","","","","","","","","","","","0.01","","","","","","0.005151","","","","","","false","","","3","","","A004","","","","","","","","1637363.20000","MNTH","","","","3","","","","UFRO","EUR","","","","","false","1","","","","","","","","","","FALSE","","","","","","","","","QZTQ4GTC5QMF","NA/CDS Corp Idx","ITRAXX EUROPE"
"3939797176000000101","","NEWT","TRAD","2026-06-30T14:24:11Z","","CR","","I","TRUE","2026-06-30T14:24:11Z","2026-03-20","2031-06-20","","FALSE","BGCD","FALSE","FALSE","","50,000,000","","EUR","","","","","","","","","","","","","","","","","","","","","","","","","","","","","","","0.00515","","","","","","false","","","3","","","A004","","","","","","","","","MNTH","","","","3","","","","","","","","","","false","1","","","","","","","","","","FALSE","","","","","","","","","QZTQ4GTC5QMF","NA/CDS Corp Idx","ITRAXX EUROPE"
"3939800734000000201","","NEWT","TRAD","2026-06-30T14:24:50Z","","CR","","I","TRUE","2026-06-30T14:24:50Z","2026-07-01","2031-06-20","","FALSE","BBSF","FALSE","FALSE","","20,000,000","","EUR","","","","","","","","","","","","","","","","","","","","","","","","","0.01","","","","","","0.005154","","","","","","false","","","3","","","A004","","","","","","","","454539.32000","MNTH","","","","3","","","","UFRO","EUR","","","","","false","1","","","","","","","","","","FALSE","","","","","","","","","QZTQ4GTC5QMF","NA/CDS Corp Idx","ITRAXX EUROPE"
"3939827263000001101","","NEWT","TRAD","2026-06-30T14:28:08Z","","CR","","I","TRUE","2026-06-30T14:28:08Z","2026-03-20","2031-06-20","","FALSE","TPSE","FALSE","FALSE","","10,000,000","","USD","","","","","","","","","","","","","","","","","","","","","","","","","0.05","","","","","","108.15","","USD","","","","false","","","1","","","A004","","","","","","","","","MNTH","","","","3","","","","","","USD","","","","false","0.99","","","","","","","OTHR","","","FALSE","","","","","","","","","QZHH8NT767RX","NA/CDS Corp Idx","CDX.NA.HY"
"3938285982000000201","","NEWT","TRAD","2026-06-30T12:34:25Z","","CR","","I","TRUE","2026-06-30T12:34:25Z","2026-07-01","2031-06-20","","FALSE","BBSF","FALSE","TRUE","","50,000,000","","USD","","","","","","","","","","","","","","","","","","","","","","","","","0.05","","","","","","0.01081075","","","","","","false","","","3","","","A004","","","","","","","","4075087.50000","MNTH","","","","3","","","","UFRO","USD","","","","","false","0.99","","","","","","","","","","FALSE","","","","","","","","","QZHH8NT767RX","NA/CDS Corp Idx","CDX.NA.HY"
"3937598520000000101","","NEWT","TRAD","2026-06-30T11:33:00Z","","CR","","I","TRUE","2026-06-30T11:33:00Z","2026-07-01","2031-06-20","","FALSE","BBSF","FALSE","TRUE","","50,000,000","","USD","","","","","","","","","","","","","","","","","","","","","","","","","0.05","","","","","","0.01081625","","","","","","false","","","3","","","A004","","","","","","","","4102312.50000","MNTH","","","","3","","","","UFRO","USD","","","","","false","0.99","","","","","","","","","","FALSE","","","","","","","","","QZHH8NT767RX","NA/CDS Corp Idx","CDX.NA.HY"
"3938231462000000101","","NEWT","TRAD","2026-06-30T12:28:54Z","","CR","","I","TRUE","2026-06-30T12:28:54Z","2026-07-01","2031-06-20","","","TWSF","FALSE","FALSE","","26,000,000","","USD","","","","","","","","","","","","","","","","","","","","","","","","","0.05","","","","","","0.010811","","","","","","false","","","3","","","A004","","","","","","","","2119689.00000","MNTH","","","","3","","","","UFRO","USD","","","","","false","0.99","","","","","","","","","","FALSE","","","","","","","","","QZHH8NT767RX","NA/CDS Corp Idx","CDX.NA.HY"
"3938095546000000101","","NEWT","TRAD","2026-06-30T12:14:07Z","","CR","","I","TRUE","2026-06-30T12:14:07Z","2026-07-01","2031-06-20","","FALSE","BBSF","FALSE","TRUE","","250,000,000+","","USD","","","","","","","","","","","","","","","","","","","","","","","","","0.01","","","","","","0.005065","","","","","","false","","","3","","","A004","","","","","","","","5585196.85747","MNTH","","","","3","","","","UFRO","USD","","","","","false","1","","","","","","","","","","FALSE","","","","","","","","","QZ3WVVQG5T8K","NA/CDS Corp Idx","CDX.NA.IG"
"3938095547000000201","","NEWT","TRAD","2026-06-30T12:14:08Z","","CR","","I","TRUE","2026-06-30T12:14:08Z","2026-07-01","2031-06-20","","FALSE","BBSF","FALSE","TRUE","","40,000,000","","EUR","","","","","","","","","","","","","","","","","","","","","","","","","0.05","","","","","","0.024368","","","","","","false","","","3","","","A004","","","","","","","","4452325.67000","MNTH","","","","3","","","","UFRO","EUR","","","","","false","1","","","","","","","","","","FALSE","","","","","","","","","QZ3HM9KVK2WL","NA/CDS Corp Idx","ITRAXX EUROPE CROSSOVER"
"3926736368000000101","","NEWT","TRAD","2026-06-30T07:08:43Z","","CR","","I","TRUE","2026-06-30T07:08:43Z","2026-07-01","2031-06-20","","FALSE","BBSF","FALSE","FALSE","","2,000,000","","EUR","","","","","","","","","","","","","","","","","","","","","","","","","0.05","","","","","","0.024525","","","","","","false","","","3","","","A004","","","","","","","","221132.06000","MNTH","","","","3","","","","UFRO","EUR","","","","","false","1","","","","","","","","","","FALSE","","","","","","","","","QZ3HM9KVK2WL","NA/CDS Corp Idx","ITRAXX EUROPE CROSSOVER"
"3943838367000000301","3943772317000001501","MODI","TRAD","2026-06-30T20:16:55Z","TRUE","CR","","I","TRUE","2026-06-30T20:14:57Z","2026-03-20","2031-06-20","","FALSE","TPSE","FALSE","FALSE","","5,000,000","","USD","","","","","","","","","","","","","","","","","","","","","","","","","0.05","","","","","","108.06","","USD","","","","false","","","1","","","A004","","","","","","","","","MNTH","","","","3","","","","","","USD","","","","false","0.99","","","","","","","OTHR","","","FALSE","","","","","","","","","QZHH8NT767RX","NA/CDS Corp Idx","CDX.NA.HY"
"3937561365000000101","3937494860000000101","MODI","TRAD","2026-06-30T11:24:59Z","TRUE","CR","","I","FALSE","2026-06-30T11:24:40Z","2026-03-20","2031-06-20","","FALSE","BILT","FALSE","FALSE","TRUE","37,000,000","","USD","","","","","","","","","","","","","","","","","","","","","","","","","0.01","","","","","","","","","","","","false","","","","","","A004","","","","","","","","","MNTH","","","","3","","","","","","USD","","","","false","1","","","","","","","","","","FALSE","","","","","","","","","QZ4JMQKL3P03","NA/CDS Corp Idx","CDX.EM"
"3937747669000000301","","NEWT","TRAD","2026-06-30T11:44:01Z","","CR","","I","TRUE","2026-06-30T11:44:01Z","2026-07-01","2031-06-20","","FALSE","BBSF","FALSE","TRUE","","47,260,799+","","EUR","","","","","","","","","","","","","","","","","","","","","","","","","0.05","","","","","","0.0244","","","","","","false","","","3","","","A004","","","","","","","","5253346.47356","MNTH","","","","3","","","","UFRO","EUR","","","","","false","1","","","","","","","","","","TRUE","","","","0.0029125","","3","","","QZ3HM9KVK2WL","NA/CDS Corp Idx","ITRAXX EUROPE CROSSOVER"
"3937913642000000301","","NEWT","TRAD","2026-06-30T11:56:43Z","","CR","","I","TRUE","2026-06-30T11:56:43Z","2026-07-01","2031-06-20","","FALSE","BBSF","FALSE","FALSE","","25,000,000","","USD","","","","","","","","","","","","","","","","","","","","","","","","","0.05","","","","","","0.01081625","","","","","","false","","","3","","","A004","","","","","","","","2051156.25000","MNTH","","","","3","","","","UFRO","USD","","","","","false","0.99","","","","","","","","","","FALSE","","","","","","","","","QZHH8NT767RX","NA/CDS Corp Idx","CDX.NA.HY"
"3937991344000000101","","NEWT","TRAD","2026-06-30T12:03:34Z","","CR","","I","FALSE","2026-06-30T12:03:34Z","2026-07-01","2031-06-20","","FALSE","BBSF","FALSE","FALSE","","3,000,000","","EUR","","","","","","","","","","","","","","","","","","","","","","","","","0.01","","","","","","0.00888","","","","","","false","","","3","","","A004","","","","","","","","16239.34000","MNTH","","","","3","","","","UFRO","EUR","","","","","false","1","","","","","","","","","","FALSE","","","","","","","","","QZ5GD86QBKCC","NA/CDS Corp Idx","ITRAXX EUROPE SUB FINANCIALS"
"3937995572000000201","","NEWT","TRAD","2026-06-30T12:03:40Z","","CR","","I","TRUE","2026-06-30T12:03:40Z","2026-07-01","2031-06-20","","FALSE","BBSF","FALSE","FALSE","","5,000,000","","EUR","","","","","","","","","","","","","","","","","","","","","","","","","0.05","","","","","","0.02437","","","","","","false","","","3","","","A004","","","","","","","","556493.41000","MNTH","","","","3","","","","UFRO","EUR","","","","","false","1","","","","","","","","","","FALSE","","","","","","","","","QZ3HM9KVK2WL","NA/CDS Corp Idx","ITRAXX EUROPE CROSSOVER"
"3938000094000000101","","NEWT","TRAD","2026-06-30T12:04:24Z","","CR","","I","FALSE","2026-06-30T12:04:24Z","2026-03-20","2031-06-20","","FALSE","TPSE","FALSE","FALSE","","10,000,000","","USD","","","","","","","","","","","","","","","","","","","","","","","","","0.01","","","","","","98.23","","USD","","","","false","","","1","","","A004","","","","","","","","","MNTH","","","","3","","","","","","USD","","","","false","1","","","","","","","OTHR","","","FALSE","","","","","","","","","QZ4JMQKL3P03","NA/CDS Corp Idx","CDX.EM"
"3937792244000000201","","NEWT","TRAD","2026-06-30T11:46:00Z","","CR","","N","FALSE","2026-06-30T11:46:00Z","2026-08-19","2026-08-19","","FALSE","BILT","FALSE","FALSE","TRUE","150,000,000","","EUR","","","","","","","","","","","","","","","","","","","","","","","","2026-08-19","","","97,500","EUR","","","","","","","0.006","","false","","","","","3","A004","","","","","","","","0.00000","MNTH","","","","3","","","","UFRO","EUR","","","","","false","","","","","","","","","","","FALSE","","","","","","","","","QZ2L66CGCV9J","NA/CDS Idx Swt","NA/CDS Corp Idx"
"3926978768000000101","","NEWT","TRAD","2026-06-30T07:17:41Z","","CR","","I","TRUE","2026-06-30T07:17:41Z","2026-07-01","2031-06-20","","","TWSF","FALSE","FALSE","","13,000,000","","EUR","","","","","","","","","","","","","","","","","","","","","","","","","0.05","","","","","","0.024492","","","","","","false","","","3","","","A004","","","","","","","","1439378.84531","MNTH","","","","3","","","","UFRO","EUR","","","","","false","1","","","","","","","","","","FALSE","","","","","","","","","QZ3HM9KVK2WL","NA/CDS Corp Idx","ITRAXX EUROPE CROSSOVER"
"3938309583000000201","","NEWT","TRAD","2026-06-30T12:36:46Z","","CR","","I","TRUE","2026-06-30T12:36:46Z","2026-07-01","2031-06-20","","FALSE","BBSF","FALSE","FALSE","","50,000,000","","EUR","","","","","","","","","","","","","","","","","","","","","","","","","0.01","","","","","","0.0051615","","","","","","false","","","3","","","A004","","","","","","","","1134574.69000","MNTH","","","","3","","","","UFRO","EUR","","","","","false","1","","","","","","","","","","FALSE","","","","","","","","","QZTQ4GTC5QMF","NA/CDS Corp Idx","ITRAXX EUROPE"
"3938309582000000101","3938300283000000201","MODI","TRAD","2026-06-30T12:36:27Z","TRUE","CR","","I","TRUE","2026-06-30T12:36:09Z","2026-03-20","2031-06-20","","FALSE","TPSE","FALSE","FALSE","","150,000,000","","USD","","","","","","","","","","","","","","","","","","","","","","","","","0.01","","","","","","0.005085","","","","","","false","","","3","","","A004","","","","","","","","","MNTH","","","","3","","","","","","USD","","","","false","1","","","","","","","OTHR","","","FALSE","","","","","","","","","QZ3WVVQG5T8K","NA/CDS Corp Idx","CDX.NA.IG"
"3939853901000000201","","NEWT","TRAD","2026-06-30T14:28:42Z","","CR","","N","FALSE","2026-06-30T14:28:42Z","2026-06-30","2026-09-16","2031-06-20","FALSE","BILT","FALSE","FALSE","TRUE","400,000,000+","","USD","","","","","","","","","","","","","","","","","","","","","","","","2026-09-16","0.01","","560,400","USD","","","","","","","0.00525","","false","","","","","3","A004","","","","","","","","","MNTH","","","","3","","","","","","","","","","false","1","","","","","","","","","","FALSE","","","","","","","","","QZ7WW76RFHN3","NA/CDS Idx Swt","NA/CDS Corp Idx"
"3940332166000000101","3921087419000000101","MODI","TRAD","2026-06-30T15:23:01Z","TRUE","CR","","N","FALSE","2026-05-29T18:50:54Z","2026-12-16","2026-12-16","2031-06-20","FALSE","BILT","FALSE","FALSE","TRUE","400,000,000+","","USD","","","","","","","","","","","","","","","","","","","","","","","","2026-12-16","0.01","","550,006.875","USD","","","","","","","0.0051","","false","","","","","3","A004","","","","","","","","","MNTH","","","","3","","","","","","","","","","false","","","","","","","","","","","FALSE","","","","","","","","","QZDRFGQM4073","NA/CDS Idx Swt","NA/CDS Corp Idx"
"3940511629000001001","","NEWT","TRAD","2026-03-09T18:51:53Z","","CR","","N","FALSE","2026-03-04T15:16:49Z","2026-03-05","2026-09-09","","FALSE","BILT","FALSE","FALSE","TRUE","50,000,000","","USD","","","","","","","","","","","","","","","","","","","","","","","","","0.03683","0.03683","","","","","","","","","","","false","","","","","","A020","","","","","","","","","YEAR","","","","1","","","","","","USD","","","","true","","","","","","","","","","","FALSE","","","","","","","","","QZ06XKC3VCD6","NA/CDS Corp Oth Sr","SOCIETE GENERALE"
"3940511630000001101","","NEWT","TRAD","2026-02-23T21:54:01Z","","CR","","N","FALSE","2026-02-19T14:27:33Z","2026-02-19","2026-08-13","","FALSE","BILT","FALSE","FALSE","TRUE","120,000,000","","USD","","","","","","","","","","","","","","","","","","","","","","","","","0.03649","0.03649","","","","","","","","","","","false","","","","","","A020","","","","","","","","","YEAR","","","","1","","","","","","USD","","","","true","","","","","","","","","","","FALSE","","","","","","","","","QZ06XKC3VCD6","NA/CDS Corp Oth Sr","SOCIETE GENERALE"
"3939940275000000401","","NEWT","TRAD","2026-06-30T14:39:41Z","","CR","","I","TRUE","2026-06-30T14:39:41Z","2026-07-01","2031-06-20","","FALSE","BBSF","FALSE","FALSE","","650,000","","EUR","","","","","","","","","","","","","","","","","","","","","","","","","0.05","","","","","","0.024435","","","","","","false","","","3","","","A004","","","","","","","","72144.37000","MNTH","","","","3","","","","UFRO","EUR","","","","","false","1","","","","","","","","","","FALSE","","","","","","","","","QZ3HM9KVK2WL","NA/CDS Corp Idx","ITRAXX EUROPE CROSSOVER"
"3939834568000000101","","NEWT","TRAD","2026-06-30T14:29:01Z","","CR","","I","FALSE","2026-06-30T14:29:01Z","2026-07-01","2031-06-20","","","TWSF","FALSE","TRUE","","35,000,000","","EUR","","","","","","","","","","","","","","","","","","","","","","","","","0.05","","","","","","0.024411","","","","","","false","","","3","","","A004","","","","","","","","3888667.99000","MNTH","","","","3","","","","UFRO","EUR","","","","","false","1","","","","","","","","","","FALSE","","","","","","","","","QZ3HM9KVK2WL","NA/CDS Corp Idx","ITRAXX EUROPE CROSSOVER"
"3939954594000000101","","NEWT","TRAD","2026-06-30T14:29:57Z","","CR","","N","FALSE","2026-06-30T13:48:00Z","2026-07-01","2030-12-20","","FALSE","BILT","FALSE","FALSE","FALSE","25,000,000","","USD","","","","","","","","","","","","","","","","","","","","","","","","","0.05","","","","","","","","","","","","false","","","","","","A004","","","","","","","","4538180.60000","MNTH","","","","3","","","","UFRO","USD","","","","","false","0.98","","","","","","","","","","FALSE","","","","","","","","","QZ06GXH0PXP1","NA/CDS Mun Idx Tra","CDX.NA.HY"
"3939858379000000201","","NEWT","TRAD","2026-06-30T14:31:59Z","","CR","","I","TRUE","2026-06-30T14:31:59Z","2026-07-01","2031-06-20","","FALSE","BBSF","FALSE","TRUE","","250,000,000+","","USD","","","","","","","","","","","","","","","","","","","","","","","","","0.01","","","","","","0.005063","","","","","","false","","","3","","","A004","","","","","","","","5587535.32000","MNTH","","","","3","","","","UFRO","USD","","","","","false","1","","","","","","","","","","FALSE","","","","","","","","","QZ3WVVQG5T8K","NA/CDS Corp Idx","CDX.NA.IG"
"3939883671000000201","","NEWT","TRAD","2026-06-30T14:33:31Z","","CR","","I","TRUE","2026-06-30T14:33:31Z","2026-07-01","2031-06-20","","FALSE","BBSF","FALSE","TRUE","","50,000,000","","USD","","","","","","","","","","","","","","","","","","","","","","","","","0.05","","","","","","0.01081625","","","","","","false","","","3","","","A004","","","","","","","","4102312.50000","MNTH","","","","3","","","","UFRO","USD","","","","","false","0.99","","","","","","","","","","FALSE","","","","","","","","","QZHH8NT767RX","NA/CDS Corp Idx","CDX.NA.HY"
"3940051493000000201","","NEWT","TRAD","2026-06-30T14:51:05Z","","CR","","I","TRUE","2026-06-30T14:51:05Z","2026-03-20","2031-06-20","","FALSE","BGCD","FALSE","FALSE","","120,000,000","","EUR","","","","","","","","","","","","","","","","","","","","","","","","","","","","","","","0.00515","","","","","","false","","","3","","","A004","","","","","","","","","MNTH","","","","3","","","","","","","","","","false","1","","","","","","","","","","TRUE","","","","0.0038","","3","","","QZTQ4GTC5QMF","NA/CDS Corp Idx","ITRAXX EUROPE"
"3940051492000000101","","NEWT","TRAD","2026-06-30T14:50:52Z","","CR","","I","FALSE","2026-06-30T14:50:52Z","2026-07-01","2031-06-20","","FALSE","BBSF","FALSE","FALSE","","100,000","","USD","","","","","","","","","","","","","","","","","","","","","","","","","0.01","","","","","","0.00982435","","","","","","false","","","3","","","A004","","","","","","","","1731.50000","MNTH","","","","3","","","","UFRO","USD","","","","","false","1","","","","","","","","","","FALSE","","","","","","","","","QZ4JMQKL3P03","NA/CDS Corp Idx","CDX.EM"
"3939838466000001501","","NEWT","TRAD","2026-06-30T14:28:04Z","","CR","","N","FALSE","2026-06-30T14:28:04Z","2026-06-30","2026-09-16","2031-06-20","FALSE","BILT","FALSE","FALSE","TRUE","400,000,000+","","USD","","","","","","","","","","","","","","","","","","","","","","","","2026-09-16","0.01","","265,000","USD","","","","","","","0.00675","","false","","","","","3","A004","","","","","","","","","MNTH","","","","3","","","","","","","","","","false","1","","","","","","","","","","FALSE","","","","","","","","","QZT4QS79CCTS","NA/CDS Idx Swt","NA/CDS Corp Idx"
"3940315487000000101","3921088971000000201","MODI","TRAD","2026-06-30T15:22:05Z","TRUE","CR","","N","FALSE","2026-06-29T18:50:54Z","2026-12-16","2026-12-16","2031-06-20","FALSE","BILT","FALSE","FALSE","TRUE","400,000,000+","","USD","","","","","","","","","","","","","","","","","","","","","","","","2026-12-16","0.01","","540,006.75","USD","","","","","","","0.008","","false","","","","","3","A004","","","","","","","","","MNTH","","","","3","","","","","","","","","","false","","","","","","","","","","","FALSE","","","","","","","","","QZ9Z7H8JV03N","NA/CDS Idx Swt","NA/CDS Corp Idx"
"3940471098000000101","","NEWT","TRAD","2026-06-30T15:43:49Z","","CR","","I","TRUE","2026-06-30T15:43:49Z","2026-07-01","2031-06-20","","FALSE","BBSF","FALSE","TRUE","","250,000,000+","","USD","","","","","","","","","","","","","","","","","","","","","","","","","0.01","","","","","","0.005077","","","","","","false","","","3","","","A004","","","","","","","","5571557.80000","MNTH","","","","3","","","","UFRO","USD","","","","","false","1","","","","","","","","","","FALSE","","","","","","","","","QZ3WVVQG5T8K","NA/CDS Corp Idx","CDX.NA.IG"
"3941018624000000101","3940213621000000101","EROR","","2026-06-30T15:10:48Z","","CR","","I","","2026-06-30T15:10:48Z","2026-03-20","2031-06-20","","","","FALSE","","FALSE","10,000,000","","EUR","","","","","","","","","","","","","","","","","","","","","","","","","0.05","","","","","","","","","","","","false","","","","","","","","","","","","","","1110386.00000","","","","","","","","","UFRO","EUR","","","","","false","1","","","","","","","","","","FALSE","","","","","","","","","QZ3HM9KVK2WL","NA/CDS Corp Idx","ITRAXX EUROPE CROSSOVER"
"3940595141000000101","","NEWT","TRAD","2026-06-30T15:53:03Z","","CR","","N","FALSE","2026-06-30T15:53:03Z","2026-07-15","2026-07-15","","FALSE","BILT","FALSE","FALSE","TRUE","100,000,000","","EUR","","","","","","","","","","","","","","","","","","","","","","","","2026-07-15","","","67,500","EUR","","","","","","","0.0275","","false","","","","","3","A004","","","","","","","","0.00000","MNTH","","","","3","","","","UFRO","EUR","","","","","false","","","","","","","","","","","FALSE","","","","","","","","","QZWDX55NJN4V","NA/CDS Idx Swt","NA/CDS Corp Idx"
"3941042034000000301","","NEWT","TRAD","2026-06-30T16:19:10Z","","CR","","I","TRUE","2026-06-30T16:19:10Z","2026-07-01","2031-06-20","","FALSE","BBSF","FALSE","FALSE","","10,000,000","","USD","","","","","","","","","","","","","","","","","","","","","","","","","0.05","","","","","","0.010814","","","","","","false","","","3","","","A004","","","","","","","","818235.00000","MNTH","","","","3","","","","UFRO","USD","","","","","false","0.99","","","","","","","","","","FALSE","","","","","","","","","QZHH8NT767RX","NA/CDS Corp Idx","CDX.NA.HY"
"3941122035000000201","","NEWT","TRAD","2026-06-30T16:22:53Z","","CR","","I","TRUE","2026-06-30T16:22:53Z","2026-07-01","2031-06-20","","FALSE","BBSF","FALSE","FALSE","","17,000,000","","EUR","","","","","","","","","","","","","","","","","","","","","","","","","0.05","","","","","","0.024392","","","","","","false","","","3","","","A004","","","","","","","","1890308.88000","MNTH","","","","3","","","","UFRO","EUR","","","","","false","1","","","","","","","","","","FALSE","","","","","","","","","QZ3HM9KVK2WL","NA/CDS Corp Idx","ITRAXX EUROPE CROSSOVER"
"3941413036000000201","","NEWT","TRAD","2026-05-22T13:39:16Z","FALSE","CR","","N","FALSE","2026-05-22T13:39:16Z","2026-05-26","2026-08-18","","FALSE","BILT","FALSE","FALSE","TRUE","42,000,000","2,030,870","ZMW","USD","","","","","","","","","","","","","","","","","","","","","","","","0.13","","","","","","","","","","","","false","","","","","","A005","","","A004","","DAIL","","1","","MNTH","","","EXPI","1","","","1","","","USD","","","","false","","","","","","","","","","","FALSE","","","","","","","","","QZQ0219T39ZV","NA/CDS Corp SN","REGISTEREDGOVTBONDS"
"3941446190000000101","","NEWT","TRAD","2026-06-30T16:29:43Z","","CR","","N","FALSE","2026-06-30T16:29:43Z","2026-07-01","2056-12-15","","FALSE","BILT","FALSE","FALSE","FALSE","2,000,000","","USD","","","","","","","","","","","","","","","","","","","","","","","","","0.03","","","","","","","","","","","","false","","","","","","A004","","","","","","","","306667.80785","MNTH","","","","1","","","","UFRO","USD","USD","","","","false","1","","","","","","","","","","FALSE","","","","","","","","","QZ51QNNKSSZL","NA/CDS Corp Idx","CMBX.NA.BBB-"
"3941468894000001201","","NEWT","TRAD","2026-06-30T16:49:32Z","","CR","","I","TRUE","2026-06-30T16:49:32Z","2026-07-01","2031-06-20","","","TWSF","FALSE","FALSE","","10,000,000","","USD","","","","","","","","","","","","","","","","","","","","","","","","","0.05","","","","","","0.01081509","","","","","","false","","","3","","","A004","","","","","","","","819314.10000","MNTH","","","","3","","","","UFRO","USD","","","","","false","0.99","","","","","","","","","","FALSE","","","","","","","","","QZHH8NT767RX","NA/CDS Corp Idx","CDX.NA.HY"
"3941493923000000101","","NEWT","TRAD","2026-06-30T16:41:24Z","","CR","","N","FALSE","2026-06-30T16:41:24Z","2026-07-01","2056-12-15","","FALSE","BILT","FALSE","FALSE","FALSE","10,000,000","","USD","","","","","","","","","","","","","","","","","","","","","","","","","0.01","","","","","","","","","","","","false","","","","","","A004","","","","","","","","94982.70000","MNTH","","","","1","","","","UFRO","USD","USD","","","","false","1","","","","","","","","","","FALSE","","","","","","","","","QZ7NFRHJVPRL","NA/CDS Corp Idx","CMBX.NA.AS"
"3941504312000000101","","NEWT","TRAD","2026-06-30T16:51:59Z","","CR","","I","TRUE","2026-06-30T16:51:59Z","2026-07-01","2031-06-20","","","TWSF","FALSE","FALSE","","4,000,000","","USD","","","","","","","","","","","","","","","","","","","","","","","","","0.05","","","","","","0.0108145","","","","","","false","","","3","","","A004","","","","","","","","327491.67251","MNTH","","","","3","","","","UFRO","USD","","","","","false","0.99","","","","","","","","","","FALSE","","","","","","","","","QZHH8NT767RX","NA/CDS Corp Idx","CDX.NA.HY"
"3941847291000000101","","NEWT","TRAD","2026-06-30T17:51:49Z","","CR","","N","FALSE","2026-06-30T17:51:49Z","2026-06-30","2063-05-11","","FALSE","BILT","FALSE","FALSE","FALSE","10,000,000","","USD","","","","","","","","","","","","","","","","","","","","","","","","","0.05","","","","","","","","","","","","false","","","","","","A004","","","","","","","","1242773.65000","MNTH","","","","1","","","","UFRO","USD","USD","","","","false","1","","","","","","","","","","FALSE","","","","","","","","","QZZ7XRCSW9TT","NA/CDS Corp Idx","CMBX.NA.BB"
"3943849052000000101","","NEWT","TRAD","2026-06-30T20:13:13Z","","CR","","N","FALSE","2026-06-30T20:13:13Z","2026-03-20","2026-08-19","","TRUE","TPSE","FALSE","FALSE","","400,000,000+","","USD","","","","","","","","","","","","","","","","","","","","","","","","2026-08-19","0","","280,000","USD","","","","","","","57.5","","false","","","","","3","A001","","","","","","","","","MNTH","","","","1","","","","","","","","","","false","1","","","","","","","","","","FALSE","","","","","","","","","QZ7WW76RFHN3","NA/CDS Idx Swt","NA/CDS Corp Idx"
"3938399093000000101","","NEWT","TRAD","2026-06-30T12:43:28Z","","CR","","I","TRUE","2026-06-30T12:43:28Z","2026-07-01","2031-06-20","","FALSE","BBSF","FALSE","FALSE","","7,000,000","","USD","","","","","","","","","","","","","","","","","","","","","","","","","0.01","","","","","","0.00507617","","","","","","false","","","3","","","A004","","","","","","","","156030.14000","MNTH","","","","3","","","","UFRO","USD","","","","","false","1","","","","","","","","","","FALSE","","","","","","","","","QZ3WVVQG5T8K","NA/CDS Corp Idx","CDX.NA.IG"
"3941294088000000101","","NEWT","TRAD","2026-06-30T16:31:55Z","","CR","","N","FALSE","2026-06-30T16:31:55Z","2026-06-30","2026-10-21","2031-06-20","FALSE","BILT","FALSE","FALSE","TRUE","200,000,000","","USD","","","","","","","","","","","","","","","","","","","","","","","","2026-10-21","0.05","","1,104,840","USD","","","","","","","0.0104","","false","","","","","3","A004","","","","","","","","","MNTH","","","","3","","","","","","","","","","false","0.99","","","","","","","","","","FALSE","","","","","","","","","QZHJMSG8W2ZX","NA/CDS Idx Swt","NA/CDS Corp Idx"
"3941584866000000201","","NEWT","TRAD","2026-06-30T16:59:49Z","","CR","","I","TRUE","2026-06-30T16:59:49Z","2026-07-01","2031-06-20","","FALSE","BBSF","FALSE","FALSE","","17,000,000","","USD","","","","","","","","","","","","","","","","","","","","","","","","","0.05","","","","","","0.0108149","","","","","","false","","","3","","","A004","","","","","","","","1392514.20000","MNTH","","","","3","","","","UFRO","USD","","","","","false","0.99","","","","","","","","","","FALSE","","","","","","","","","QZHH8NT767RX","NA/CDS Corp Idx","CDX.NA.HY"
"3941555889000000201","","NEWT","TRAD","2026-06-30T16:56:22Z","","CR","","I","TRUE","2026-06-30T16:56:22Z","2026-07-01","2031-06-20","","FALSE","BBSF","FALSE","TRUE","","200,000,000","","USD","","","","","","","","","","","","","","","","","","","","","","","","","0.01","","","","","","0.005064","","","","","","false","","","3","","","A004","","","","","","","","4469115.21000","MNTH","","","","3","","","","UFRO","USD","","","","","false","1","","","","","","","","","","FALSE","","","","","","","","","QZ3WVVQG5T8K","NA/CDS Corp Idx","CDX.NA.IG"
"3941702833000000101","","NEWT","TRAD","2026-06-30T17:17:24Z","","CR","","I","FALSE","2026-06-30T17:17:24Z","2026-03-20","2031-06-20","","FALSE","TPSE","FALSE","FALSE","","15,000,000","","USD","","","","","","","","","","","","","","","","","","","","","","","","","0.01","","","","","","98.23","","USD","","","","false","","","1","","","A004","","","","","","","","","MNTH","","","","3","","","","","","USD","","","","false","1","","","","","","","OTHR","","","FALSE","","","","","","","","","QZ4JMQKL3P03","NA/CDS Corp Idx","CDX.EM"
"3941732415000000101","","NEWT","TRAD","2026-06-30T16:40:46Z","","CR","","N","FALSE","2026-06-30T16:40:46Z","2026-12-16","2026-12-16","2031-06-20","FALSE","BILT","FALSE","FALSE","TRUE","400,000,000+","","USD","","","","","","","","","","","","","","","","","","","","","","","","2026-12-16","0.05","","2,455,200","USD","","","","","","","1.015","","false","","","","","3","A004","","","","","","","","","MNTH","","","","3","","","","","","","","","","false","","","","","","","","","","","FALSE","","","","","","","","","QZ9LPD3ZB1KR","NA/CDS Idx Swt","NA/CDS Corp Idx"
"3941743171000000201","","NEWT","TRAD","2026-06-30T17:30:25Z","","CR","","I","TRUE","2026-06-30T17:30:25Z","2026-07-01","2031-06-20","","FALSE","BBSF","FALSE","FALSE","","10,000,000","","USD","","","","","","","","","","","","","","","","","","","","","","","","","0.05","","","","","","0.01081175","","","","","","false","","","3","","","A004","","","","","","","","816007.50000","MNTH","","","","3","","","","UFRO","USD","","","","","false","0.99","","","","","","","","","","FALSE","","","","","","","","","QZHH8NT767RX","NA/CDS Corp Idx","CDX.NA.HY"
"3941725217000000101","","NEWT","TRAD","2026-06-30T17:22:42Z","FALSE","CR","","I","TRUE","2026-06-30T17:22:42Z","2026-06-30","2026-07-08","","","BILT","FALSE","FALSE","TRUE","350,079,993+","","EUR","","","","","","","","","","","","","","","","","","","","","","","","2026-07-08","","","52,511.46","EUR","","","0.05","","","","0.05","","false","","","3","","3","","","","","","","","","","","","","","","","","","","","","","","","false","1","","","","","","","","","","FALSE","","","","","","","","","QZTL0V3X916X","NA/CDS Idx Swt","NA/CDS Corp Idx"
"3941800339000000301","3941789005000000101","MODI","TRAD","2026-06-30T17:42:26Z","TRUE","CR","","I","TRUE","2026-06-30T17:40:53Z","2025-09-22","2030-12-20","","FALSE","TPSE","FALSE","FALSE","","76,000,000+","","USD","","","","","","","","","","","","","","","","","","","","","","","","","0.05","","","","","","108.2","","USD","","","","false","","","1","","","A004","","","","","","","","","MNTH","","","","3","","","","","","USD","","","","false","0.98","","","","","","","OTHR","","","FALSE","","","","","","","","","QZMD5JCHG48C","NA/CDS Corp Idx","CDX.NA.HY"
"3941793122000000101","","NEWT","TRAD","2026-06-30T17:41:13Z","","CR","","I","TRUE","2026-06-30T17:41:13Z","2026-07-01","2031-06-20","","FALSE","BBSF","FALSE","FALSE","","20,000,000","","USD","","","","","","","","","","","","","","","","","","","","","","","","","0.01","","","","","","0.005083513","","","","","","false","","","3","","","A004","","","","","","","","445130.03000","MNTH","","","","3","","","","UFRO","USD","","","","","false","1","","","","","","","","","","FALSE","","","","","","","","","QZ3WVVQG5T8K","NA/CDS Corp Idx","CDX.NA.IG"
"3939765439000000101","","NEWT","TRAD","2026-06-30T14:21:39Z","","CR","","I","TRUE","2026-06-30T14:21:39Z","2026-03-20","2031-06-20","","FALSE","BGCD","FALSE","FALSE","","45,000,000","","EUR","","","","","","","","","","","","","","","","","","","","","","","","","","","","","","","0.00515625","","","","","","false","","","3","","","A004","","","","","","","","","MNTH","","","","3","","","","","","","","","","false","1","","","","","","","","","","TRUE","","","","0.0012","","3","","","QZTQ4GTC5QMF","NA/CDS Corp Idx","ITRAXX EUROPE"
"3941915379000000201","","NEWT","TRAD","2026-06-30T18:05:39Z","","CR","","I","TRUE","2026-06-30T18:05:39Z","2026-07-01","2031-06-20","","FALSE","BBSF","FALSE","FALSE","","25,000,000","","USD","","","","","","","","","","","","","","","","","","","","","","","","","0.01","","","","","","0.00507962","","","","","","false","","","3","","","A004","","","","","","","","556856.79000","MNTH","","","","3","","","","UFRO","USD","","","","","false","1","","","","","","","","","","FALSE","","","","","","","","","QZ3WVVQG5T8K","NA/CDS Corp Idx","CDX.NA.IG"
"3941943597000000101","","NEWT","TRAD","2026-06-30T18:12:45Z","","CR","","I","TRUE","2026-06-30T18:12:45Z","2026-07-01","2031-06-20","","FALSE","BBSF","FALSE","FALSE","","140,000","","USD","","","","","","","","","","","","","","","","","","","","","","","","","0.05","","","","","","0.01081074","","","","","","false","","","3","","","A004","","","","","","","","11410.11000","MNTH","","","","3","","","","UFRO","USD","","","","","false","0.99","","","","","","","","","","FALSE","","","","","","","","","QZHH8NT767RX","NA/CDS Corp Idx","CDX.NA.HY"
"3942020049000000101","","NEWT","TRAD","2026-06-30T18:24:57Z","","CR","","I","TRUE","2026-06-30T18:24:57Z","2026-07-01","2031-06-20","","FALSE","BBSF","FALSE","FALSE","","15,000,000","","USD","","","","","","","","","","","","","","","","","","","","","","","","","0.05","","","","","","0.01081046","","","","","","false","","","3","","","A004","","","","","","","","1222095.60000","MNTH","","","","3","","","","UFRO","USD","","","","","false","0.99","","","","","","","","","","FALSE","","","","","","","","","QZHH8NT767RX","NA/CDS Corp Idx","CDX.NA.HY"
"3942024829000000101","","NEWT","TRAD","2026-06-30T18:25:18Z","","CR","","I","TRUE","2026-06-30T18:25:18Z","2026-07-01","2031-06-20","","FALSE","BBSF","FALSE","FALSE","","43,000,000","","USD","","","","","","","","","","","","","","","","","","","","","","","","","0.05","","","","","","0.01081085","","","","","","false","","","3","","","A004","","","","","","","","3505001.60708","MNTH","","","","3","","","","UFRO","USD","","","","","false","0.99","","","","","","","","","","FALSE","","","","","","","","","QZHH8NT767RX","NA/CDS Corp Idx","CDX.NA.HY"
"3940350501000000101","","NEWT","TRAD","2026-06-30T15:28:31Z","","CR","","I","TRUE","2026-06-30T15:28:31Z","2026-07-01","2031-06-20","","","TWSF","FALSE","FALSE","","7,000,000","","EUR","","","","","","","","","","","","","","","","","","","","","","","","","0.05","","","","","","0.0244509","","","","","","false","","","3","","","A004","","","","","","","","776413.24000","MNTH","","","","3","","","","UFRO","EUR","","","","","false","1","","","","","","","","","","FALSE","","","","","","","","","QZ3HM9KVK2WL","NA/CDS Corp Idx","ITRAXX EUROPE CROSSOVER"
"3940373924000000101","","NEWT","TRAD","2026-06-30T15:32:02Z","","CR","","I","TRUE","2026-06-30T15:32:02Z","2026-07-01","2031-06-20","","FALSE","BBSF","FALSE","FALSE","","38,000,000","","USD","","","","","","","","","","","","","","","","","","","","","","","","","0.05","","","","","","0.01081295","","","","","","false","","","3","","","A004","","","","","","","","3105332.67999","MNTH","","","","3","","","","UFRO","USD","","","","","false","0.99","","","","","","","","","","FALSE","","","","","","","","","QZHH8NT767RX","NA/CDS Corp Idx","CDX.NA.HY"
"3940401597000000101","","NEWT","TRAD","2026-06-30T15:35:22Z","","CR","","I","TRUE","2026-06-30T15:35:22Z","2026-07-01","2031-06-20","","FALSE","BBSF","FALSE","FALSE","","10,000,000","","EUR","","","","","","","","","","","","","","","","","","","","","","","","","0.01","","","","","","0.00516975","","","","","","false","","","3","","","A004","","","","","","","","226524.77000","MNTH","","","","3","","","","UFRO","EUR","","","","","false","1","","","","","","","","","","FALSE","","","","","","","","","QZTQ4GTC5QMF","NA/CDS Corp Idx","ITRAXX EUROPE"
"3940410042000000101","3940406013000000301","MODI","TRAD","2026-06-30T15:37:01Z","TRUE","CR","","I","TRUE","2026-06-30T15:36:17Z","2026-03-20","2031-06-20","","FALSE","TPSE","FALSE","FALSE","","25,000,000","","USD","","","","","","","","","","","","","","","","","","","","","","","","","0.01","","","","","","0.005075","","","","","","false","","","3","","","A004","","","","","","","","","MNTH","","","","3","","","","","","USD","","","","false","1","","","","","","","OTHR","","","FALSE","","","","","","","","","QZ3WVVQG5T8K","NA/CDS Corp Idx","CDX.NA.IG"
"3940444473000000301","","NEWT","TRAD","2026-06-30T15:40:49Z","","CR","","I","TRUE","2026-06-30T15:40:49Z","2026-07-01","2030-12-20","","FALSE","BBSF","FALSE","FALSE","","18,000,000","","USD","","","","","","","","","","","","","","","","","","","","","","","","","0.05","","","","","","0.010825","","","","","","false","","","3","","","A004","","","","","","","","1477347.94813","MNTH","","","","3","","","","UFRO","USD","","","","","false","0.98","","","","","","","","","","TRUE","","","","0.010825","","3","","","QZMD5JCHG48C","NA/CDS Corp Idx","CDX.NA.HY"
"3940484372000000501","","NEWT","TRAD","2026-06-30T15:45:09Z","","CR","","I","TRUE","2026-06-30T15:45:09Z","2026-07-01","2031-06-20","","FALSE","BBSF","FALSE","FALSE","","100,000,000","","USD","","","","","","","","","","","","","","","","","","","","","","","","","0.01","","","","","","0.00508","","","","","","false","","","3","","","A004","","","","","","","","2227257.27514","MNTH","","","","3","","","","UFRO","USD","","","","","false","1","","","","","","","","","","TRUE","","","","0.00508","","3","","","QZ3WVVQG5T8K","NA/CDS Corp Idx","CDX.NA.IG"
"3937206495000000201","","NEWT","TRAD","2026-06-30T11:01:43Z","","CR","","I","FALSE","2026-06-30T11:01:43Z","2026-07-01","2031-06-20","","FALSE","BBSF","FALSE","FALSE","","13,000,000","","USD","","","","","","","","","","","","","","","","","","","","","","","","","0.01","","","","","","0.009824","","","","","","false","","","3","","","A004","","","","","","","","225550.00000","MNTH","","","","3","","","","UFRO","USD","","","","","false","1","","","","","","","","","","FALSE","","","","","","","","","QZ4JMQKL3P03","NA/CDS Corp Idx","CDX.EM"
"3938617524000000101","","NEWT","TRAD","2026-06-30T12:57:59Z","","CR","","I","FALSE","2026-06-30T12:57:59Z","2026-07-01","2029-06-20","","FALSE","BBSF","FALSE","TRUE","","100,000","","USD","","","","","","","","","","","","","","","","","","","","","","","","","0.01","","","","","","0.010065","","","","","","false","","","3","","","A004","","","","","","","","675.00000","MNTH","","","","3","","","","UFRO","USD","","","","","false","1","","","","","","","","","","FALSE","","","","","","","","","QZ369RNTXXCM","NA/CDS Corp Idx","CDX.EM"
"3938882824000000101","","NEWT","TRAD","2026-06-30T13:19:00Z","","CR","","I","TRUE","2026-06-30T13:19:00Z","2026-07-01","2031-06-20","","FALSE","BBSF","FALSE","FALSE","","2,000,000","","EUR","","","","","","","","","","","","","","","","","","","","","","","","","0.05","","","","","","0.0243626","","","","","","false","","","3","","","A004","","","","","","","","222667.33057","MNTH","","","","3","","","","UFRO","EUR","","","","","false","1","","","","","","","","","","FALSE","","","","","","","","","QZ3HM9KVK2WL","NA/CDS Corp Idx","ITRAXX EUROPE CROSSOVER"
"3933994902000000101","","NEWT","TRAD","2026-06-30T09:31:00Z","","CR","","I","TRUE","2026-06-30T09:31:00Z","2026-06-30","2030-12-20","","","GFSO","FALSE","FALSE","FALSE","17,000,000","","EUR","","","","","","","","","","","","","","","","","","","","","","","","","0.05","","","","","","","","","","","","false","","","","","","A004","","","","","","","","1979434.61448","MNTH","","","","3","","","","UFRO","EUR","","","","","false","1","","","","","","","","","","FALSE","","","","","","","","","QZ5F5FRS4TR9","NA/CDS Corp Idx","ITRAXX EUROPE CROSSOVER"
"3929649999000000101","","NEWT","TRAD","2026-06-30T08:20:17Z","","CR","","I","TRUE","2026-06-30T08:20:17Z","2026-07-01","2031-06-20","","","TWSF","FALSE","TRUE","","35,000,000","","EUR","","","","","","","","","","","","","","","","","","","","","","","","","0.05","","","","","","0.02445","","","","","","false","","","3","","","A004","","","","","","","","3882215.09000","MNTH","","","","3","","","","UFRO","EUR","","","","","false","1","","","","","","","","","","FALSE","","","","","","","","","QZ3HM9KVK2WL","NA/CDS Corp Idx","ITRAXX EUROPE CROSSOVER"
"3943648869000000101","","NEWT","TRAD","2026-06-30T20:10:57Z","","CR","","I","TRUE","2026-06-30T20:10:57Z","2026-07-01","2031-06-20","","FALSE","BBSF","FALSE","TRUE","","76,000,000+","","USD","","","","","","","","","","","","","","","","","","","","","","","","","0.05","","","","","","0.01080725","","","","","","false","","","3","","","A004","","","","","","","","6167824.32044","MNTH","","","","3","","","","UFRO","USD","","","","","false","0.99","","","","","","","","","","FALSE","","","","","","","","","QZHH8NT767RX","NA/CDS Corp Idx","CDX.NA.HY"
"3937509668000000101","","NEWT","TRAD","2026-06-30T11:25:32Z","","CR","","I","TRUE","2026-06-30T11:25:32Z","2026-07-01","2031-06-20","","FALSE","BBSF","FALSE","FALSE","","5,000,000","","EUR","","","","","","","","","","","","","","","","","","","","","","","","","0.05","","","","","","0.02432297","","","","","","false","","","3","","","A004","","","","","","","","557605.78000","MNTH","","","","3","","","","UFRO","EUR","","","","","false","1","","","","","","","","","","FALSE","","","","","","","","","QZ3HM9KVK2WL","NA/CDS Corp Idx","ITRAXX EUROPE CROSSOVER"
"3937539054000000101","","NEWT","TRAD","2026-06-30T11:28:12Z","","CR","","I","TRUE","2026-06-30T11:28:12Z","2026-03-20","2031-06-20","","FALSE","TPSE","FALSE","FALSE","","10,000,000","","USD","","","","","","","","","","","","","","","","","","","","","","","","","0.05","","","","","","108.155","","USD","","","","false","","","1","","","A004","","","","","","","","","MNTH","","","","3","","","","","","USD","","","","false","0.99","","","","","","","OTHR","","","FALSE","","","","","","","","","QZHH8NT767RX","NA/CDS Corp Idx","CDX.NA.HY"
"3926376829000000101","","NEWT","TRAD","2026-06-30T06:29:47Z","","CR","","I","FALSE","2026-06-30T06:29:47Z","2026-03-20","2031-06-20","","FALSE","XXXX","FALSE","FALSE","TRUE","10,000,000","","USD","","","","","","","","","","","","","","","","","","","","","","","","","0.01","","","","","","","","","","","","false","","","","","","A004","","","","","","","","","MNTH","","","","3","","","","","","USD","","","","false","1","","","","","","","","","","FALSE","","","","","","","","","QZD2VPNQ9ZFX","NA/CDS Corp Idx","ITRAXX ASIA EX-JAPAN IG"
"3937038209000000101","","NEWT","TRAD","2026-06-30T10:47:54Z","","CR","","I","FALSE","2026-06-30T10:47:54Z","2026-03-20","2031-06-20","","","BGCO","FALSE","FALSE","FALSE","75,000,000","","EUR","","","","","","","","","","","","","","","","","","","","","","","","","0.01","","","","","","","","","","","","false","","","","","","A004","","","","","","","","1705941.00000","MNTH","","","","3","","","","UFRO","EUR","","","","","false","1","","","","","","","","","","TRUE","","","","3","","4","","","QZTQ4GTC5QMF","NA/CDS Corp Idx","ITRAXX EUROPE"
"3936704931000000101","","NEWT","TRAD","2026-06-30T10:41:56Z","","CR","","I","TRUE","2026-06-30T10:41:56Z","2026-07-01","2031-06-20","","FALSE","BBSF","FALSE","TRUE","","166,287,997+","","EUR","","","","","","","","","","","","","","","","","","","","","","","","","0.01","","","","","","0.0051575","","","","","","false","","","3","","","A004","","","","","","","","3776450.25457","MNTH","","","","3","","","","UFRO","EUR","","","","","false","1","","","","","","","","","","TRUE","","","","-0.001405","","3","","","QZTQ4GTC5QMF","NA/CDS Corp Idx","ITRAXX EUROPE"
"3937206494000000101","","NEWT","TRAD","2026-06-30T09:45:58Z","FALSE","CR","","I","FALSE","2026-06-30T09:45:58Z","2025-09-22","2030-12-20","","","GFSO","FALSE","FALSE","FALSE","17,000,000","","EUR","","","","","","","","","","","","","","","","","","","","","","","","","0.05","","","","","","","","","","","","false","","","","","","A004","","","","","","","","1979434.61448","MNTH","","","","3","","","","UFRO","EUR","","","","","false","1","","","","","","","","","","FALSE","","","","","","","","","QZ5F5FRS4TR9","NA/CDS Corp Idx","ITRAXX EUROPE CROSSOVER"
"3938868759000000201","","NEWT","TRAD","2026-06-30T13:18:11Z","","CR","","I","TRUE","2026-06-30T13:18:11Z","2026-07-01","2026-12-20","","FALSE","BBSF","FALSE","TRUE","","130,000,000","","EUR","","","","","","","","","","","","","","","","","","","","","","","","","0.01","","","","","","0.00056841","","","","","","false","","","3","","","A004","","","","","","","","616692.94960","MNTH","","","","3","","","","UFRO","EUR","","","","","false","1","","","","","","","","","","FALSE","","","","","","","","","QZVGDQ9GN00T","NA/CDS Corp Idx","ITRAXX EUROPE"
"3937479899000000101","","NEWT","TRAD","2026-06-30T11:23:43Z","","CR","","I","TRUE","2026-06-30T11:23:43Z","2026-07-01","2031-06-20","","FALSE","BBSF","FALSE","TRUE","","140,000,000","","EUR","","","","","","","","","","","","","","","","","","","","","","","","","0.01","","","","","","0.00514","","","","","","false","","","3","","","A004","","","","","","","","3191046.14000","MNTH","","","","3","","","","UFRO","EUR","","","","","false","1","","","","","","","","","","FALSE","","","","","","","","","QZTQ4GTC5QMF","NA/CDS Corp Idx","ITRAXX EUROPE"
"3928739014000000301","","NEWT","TRAD","2026-06-30T08:01:32Z","","CR","","I","FALSE","2026-06-30T08:01:32Z","2026-07-01","2031-06-20","","FALSE","BBSF","FALSE","FALSE","","27,000,000","","EUR","","","","","","","","","","","","","","","","","","","","","","","","","0.01","","","","","","0.005427","","","","","","false","","","3","","","A004","","","","","","","","578803.34000","MNTH","","","","3","","","","UFRO","EUR","","","","","false","1","","","","","","","","","","FALSE","","","","","","","","","QZTB38W3WJ98","NA/CDS Corp Idx","ITRAXX EUROPE SENIOR FINANCIALS"
"3928792968000000101","","NEWT","TRAD","2026-06-30T08:01:51Z","","CR","","I","TRUE","2026-06-30T08:01:51Z","2026-07-01","2031-06-20","","FALSE","BBSF","FALSE","FALSE","","19,000,000","","EUR","","","","","","","","","","","","","","","","","","","","","","","","","0.05","","","","","","0.0245","","","","","","false","","","3","","","A004","","","","","","","","2102998.70000","MNTH","","","","3","","","","UFRO","EUR","","","","","false","1","","","","","","","","","","TRUE","","","","0.0245","","3","","","QZ3HM9KVK2WL","NA/CDS Corp Idx","ITRAXX EUROPE CROSSOVER"
"3928821589000000101","","NEWT","TRAD","2026-06-30T08:02:15Z","","CR","","I","TRUE","2026-06-30T08:02:15Z","2026-07-01","2031-06-20","","","TWSF","FALSE","FALSE","","6,000,000","","EUR","","","","","","","","","","","","","","","","","","","","","","","","","0.01","","","","","","0.0054255","","","","","","false","","","3","","","A004","","","","","","","","128664.99315","MNTH","","","","3","","","","UFRO","EUR","","","","","false","1","","","","","","","","","","FALSE","","","","","","","","","QZTB38W3WJ98","NA/CDS Corp Idx","ITRAXX EUROPE SENIOR FINANCIALS"
"3948388894000000101","2507302826000000101","MODI","TRAD","2026-06-30T22:49:16Z","TRUE","CR","","N","FALSE","2023-12-08T00:00:00Z","2023-11-10","2027-01-11","","FALSE","BILT","FALSE","FALSE","TRUE","40,000,000","","EUR","","","","","","","","","","","","","","","","","","","","","","","","","","","","","","","","","","","","","false","","","","","","","","","","","","","","0.00000","","","","","","","","","UFRO","EUR","EUR","","","","true","","","","","","","","","","","FALSE","","","","","","","","","QZRR0D5S3SHF","NA/CDS Corp Basket","Basket"
"3946202355000000101","","NEWT","TRAD","2026-06-30T21:22:28Z","","CR","","N","FALSE","2026-06-30T21:22:28Z","2026-07-01","2026-07-15","2031-06-20","FALSE","BILT","FALSE","FALSE","TRUE","400,000,000+","","USD","","","","","","","","","","","","","","","","","","","","","","","","2026-07-15","0.01","","8,639,991.36","USD","","","","","","","100","USD","false","","","","","1","A004","","","","","","","","","MNTH","","","","3","","","","","","","","","","false","","","","","","","","","","","FALSE","","","","","","","","","QZT4QS79CCTS","NA/CDS Idx Swt","NA/CDS Corp Idx"
"3934670706000000101","","NEWT","TRAD","2026-06-30T10:04:06Z","","CR","","I","TRUE","2026-06-30T10:04:06Z","2026-07-01","2031-06-20","","","TWSF","FALSE","FALSE","","7,000,000","","EUR","","","","","","","","","","","","","","","","","","","","","","","","","0.01","","","","","","0.0054208","","","","","","false","","","3","","","A004","","","","","","","","150265.19235","MNTH","","","","3","","","","UFRO","EUR","","","","","false","1","","","","","","","","","","FALSE","","","","","","","","","QZTB38W3WJ98","NA/CDS Corp Idx","ITRAXX EUROPE SENIOR FINANCIALS"
"3927907834000000101","","NEWT","TRAD","2026-06-30T07:44:58Z","","CR","","I","FALSE","2026-06-30T07:44:58Z","2026-07-01","2031-06-20","","","TWSF","FALSE","FALSE","","25,000,000","","EUR","","","","","","","","","","","","","","","","","","","","","","","","","0.05","","","","","","0.0244842","","","","","","false","","","3","","","A004","","","","","","","","2768969.99000","MNTH","","","","3","","","","UFRO","EUR","","","","","false","1","","","","","","","","","","FALSE","","","","","","","","","QZ3HM9KVK2WL","NA/CDS Corp Idx","ITRAXX EUROPE CROSSOVER"
"3935068430000000101","","NEWT","TRAD","2026-06-30T10:12:21Z","","CR","","I","TRUE","2026-06-30T10:12:21Z","2026-07-01","2031-06-20","","FALSE","BBSF","FALSE","TRUE","","37,000,000","","EUR","","","","","","","","","","","","","","","","","","","","","","","","","0.05","","","","","","0.0244","","","","","","false","","","3","","","A004","","","","","","","","4112802.01000","MNTH","","","","3","","","","UFRO","EUR","","","","","false","1","","","","","","","","","","TRUE","","","","0.0244","","3","","","QZ3HM9KVK2WL","NA/CDS Corp Idx","ITRAXX EUROPE CROSSOVER"
"3936301470000000101","","NEWT","TRAD","2026-06-30T10:33:41Z","","CR","","I","TRUE","2026-06-30T10:33:41Z","2026-07-01","2031-06-20","","FALSE","BBSF","FALSE","FALSE","","10,000,000","","EUR","","","","","","","","","","","","","","","","","","","","","","","","","0.01","","","","","","0.005145","","","","","","false","","","3","","","A004","","","","","","","","227695.36000","MNTH","","","","3","","","","UFRO","EUR","","","","","false","1","","","","","","","","","","FALSE","","","","","","","","","QZTQ4GTC5QMF","NA/CDS Corp Idx","ITRAXX EUROPE"
"3939186943000000101","","NEWT","TRAD","2026-06-30T13:37:07Z","","CR","","I","FALSE","2026-06-30T13:37:07Z","2026-07-01","2031-06-20","","","TWSF","FALSE","TRUE","","70,000,000","","USD","","","","","","","","","","","","","","","","","","","","","","","","","0.05","","","","","","0.01081111","","","","","","false","","","3","","","A004","","","","","","","","5707617.30000","MNTH","","","","3","","","","UFRO","USD","","","","","false","0.99","","","","","","","","","","FALSE","","","","","","","","","QZHH8NT767RX","NA/CDS Corp Idx","CDX.NA.HY"
"3939156242000000201","","NEWT","TRAD","2026-06-30T13:34:30Z","","CR","","I","TRUE","2026-06-30T13:34:30Z","2026-07-01","2031-06-20","","","TWSF","FALSE","FALSE","","5,000,000","","USD","","","","","","","","","","","","","","","","","","","","","","","","","0.01","","","","","","0.00507934","","","","","","false","","","3","","","A004","","","","","","","","111377.75000","MNTH","","","","3","","","","UFRO","USD","","","","","false","1","","","","","","","","","","FALSE","","","","","","","","","QZ3WVVQG5T8K","NA/CDS Corp Idx","CDX.NA.IG"
"3939162016000000201","","NEWT","TRAD","2026-06-30T13:35:25Z","","CR","","I","TRUE","2026-06-30T13:35:25Z","2026-07-01","2031-06-20","","","TWSF","FALSE","FALSE","","200,000,000","","USD","","","","","","","","","","","","","","","","","","","","","","","","","0.01","","","","","","0.005075","","","","","","false","","","3","","","A004","","","","","","","","4459079.06385","MNTH","","","","3","","","","UFRO","USD","","","","","false","1","","","","","","","","","","TRUE","","","","0.005075","","3","","","QZ3WVVQG5T8K","NA/CDS Corp Idx","CDX.NA.IG"
"3939171124000000301","","NEWT","TRAD","2026-06-30T13:35:50Z","","CR","","I","TRUE","2026-06-30T13:35:50Z","2026-07-01","2031-06-20","","FALSE","BBSF","FALSE","FALSE","","90,000,000","","USD","","","","","","","","","","","","","","","","","","","","","","","","","0.01","","","","","","0.0050804","","","","","","false","","","3","","","A004","","","","","","","","2004364.01000","MNTH","","","","3","","","","UFRO","USD","","","","","false","1","","","","","","","","","","FALSE","","","","","","","","","QZ3WVVQG5T8K","NA/CDS Corp Idx","CDX.NA.IG"
"3938882827000000101","","NEWT","TRAD","2026-06-30T13:14:52Z","","CR","","N","FALSE","2026-06-30T13:14:52Z","2026-06-30","2026-09-16","2031-06-20","FALSE","BILT","FALSE","FALSE","TRUE","92,000,000","","USD","","","","","","","","","","","","","","","","","","","","","","","","2026-09-16","0.01","","17,295.92292","USD","","","","","","","0.01","","false","","","","","3","A004","","","","","","","","","MNTH","","","","3","","","","","","","","","","false","1","","","","","","","","","","FALSE","","","","","","","","","QZT4QS79CCTS","NA/CDS Idx Swt","NA/CDS Corp Idx"
"3939250003000000101","","NEWT","TRAD","2026-06-30T13:41:24Z","","CR","","I","TRUE","2026-06-30T13:41:24Z","2026-07-01","2031-06-20","","FALSE","BBSF","FALSE","FALSE","","10,000,000","","USD","","","","","","","","","","","","","","","","","","","","","","","","","0.05","","","","","","0.0108118","","","","","","false","","","3","","","A004","","","","","","","","816057.00000","MNTH","","","","3","","","","UFRO","USD","","","","","false","0.99","","","","","","","","","","FALSE","","","","","","","","","QZHH8NT767RX","NA/CDS Corp Idx","CDX.NA.HY"
"3939261592000000101","","NEWT","TRAD","2026-06-30T13:42:39Z","","CR","","I","TRUE","2026-06-30T13:42:39Z","2026-07-01","2031-06-20","","FALSE","BBSF","FALSE","TRUE","","76,000,000+","","USD","","","","","","","","","","","","","","","","","","","","","","","","","0.05","","","","","","0.01081225","","","","","","false","","","3","","","A004","","","","","","","","6205459.82513","MNTH","","","","3","","","","UFRO","USD","","","","","false","0.99","","","","","","","","","","FALSE","","","","","","","","","QZHH8NT767RX","NA/CDS Corp Idx","CDX.NA.HY"
"3939327708000000101","","NEWT","TRAD","2026-06-30T13:46:53Z","","CR","","I","TRUE","2026-06-30T13:46:53Z","2026-07-01","2031-06-20","","FALSE","BBSF","FALSE","TRUE","","130,000,000","","EUR","","","","","","","","","","","","","","","","","","","","","","","","","0.01","","","","","","0.0051475","","","","","","false","","","3","","","A004","","","","","","","","2958502.35200","MNTH","","","","3","","","","UFRO","EUR","","","","","false","1","","","","","","","","","","FALSE","","","","","","","","","QZTQ4GTC5QMF","NA/CDS Corp Idx","ITRAXX EUROPE"
"3939472814000000201","","NEWT","TRAD","2026-06-30T13:56:28Z","","CR","","I","TRUE","2026-06-30T13:56:28Z","2026-07-01","2031-06-20","","FALSE","BBSF","FALSE","FALSE","","10,000,000","","USD","","","","","","","","","","","","","","","","","","","","","","","","","0.01","","","","","","0.005057","","","","","","false","","","3","","","A004","","","","","","","","223775.34000","MNTH","","","","3","","","","UFRO","USD","","","","","false","1","","","","","","","","","","FALSE","","","","","","","","","QZ3WVVQG5T8K","NA/CDS Corp Idx","CDX.NA.IG"
"3939428532000000601","","NEWT","TRAD","2026-06-30T13:54:35Z","","CR","","I","TRUE","2026-06-30T13:54:35Z","2026-07-01","2031-06-20","","FALSE","BBSF","FALSE","FALSE","","2,000,000","","USD","","","","","","","","","","","","","","","","","","","","","","","","","0.05","","","","","","0.01081592","","","","","","false","","","3","","","A004","","","","","","","","164027.16000","MNTH","","","","3","","","","UFRO","USD","","","","","false","0.99","","","","","","","","","","FALSE","","","","","","","","","QZHH8NT767RX","NA/CDS Corp Idx","CDX.NA.HY"
"3939301288000000201","","NEWT","TRAD","2026-06-30T13:44:35Z","","CR","","I","TRUE","2026-06-30T13:44:35Z","2026-07-01","2031-06-20","","FALSE","BBSF","FALSE","TRUE","","76,000,000+","","USD","","","","","","","","","","","","","","","","","","","","","","","","","0.05","","","","","","0.01081125","","","","","","false","","","3","","","A004","","","","","","","","6197895.00000","MNTH","","","","3","","","","UFRO","USD","","","","","false","0.99","","","","","","","","","","FALSE","","","","","","","","","QZHH8NT767RX","NA/CDS Corp Idx","CDX.NA.HY"
"3939447641000000301","","NEWT","TRAD","2026-06-30T13:55:21Z","","CR","","I","FALSE","2026-06-30T13:55:21Z","2026-07-01","2031-06-20","","","TWSF","FALSE","FALSE","","3,000,000","","USD","","","","","","","","","","","","","","","","","","","","","","","","","0.01","","","","","","0.009823","","","","","","false","","","3","","","A004","","","","","","","","52349.86040","MNTH","","","","3","","","","UFRO","USD","","","","","false","1","","","","","","","","","","FALSE","","","","","","","","","QZ4JMQKL3P03","NA/CDS Corp Idx","CDX.EM"
"3936430017000000101","","NEWT","TRAD","2026-06-30T10:35:39Z","","CR","","I","TRUE","2026-06-30T10:35:39Z","2026-03-20","2031-06-20","","FALSE","BGCD","FALSE","FALSE","","25,000,000","","EUR","","","","","","","","","","","","","","","","","","","","","","","","","","","","","","","0.00515","","","","","","false","","","3","","","A004","","","","","","","","","MNTH","","","","3","","","","","","","","","","false","1","","","","","","","","","","FALSE","","","","","","","","","QZTQ4GTC5QMF","NA/CDS Corp Idx","ITRAXX EUROPE"
"3939410818000000301","","NEWT","TRAD","2026-06-30T13:52:47Z","","CR","","I","TRUE","2026-06-30T13:52:47Z","2026-07-01","2031-06-20","","","TWSF","FALSE","FALSE","","19,000,000","","USD","","","","","","","","","","","","","","","","","","","","","","","","","0.05","","","","","","0.01081425","","","","","","false","","","3","","","A004","","","","","","","","1555109.86977","MNTH","","","","3","","","","UFRO","USD","","","","","false","0.99","","","","","","","","","","FALSE","","","","","","","","","QZHH8NT767RX","NA/CDS Corp Idx","CDX.NA.HY"
"3939659074000000101","","NEWT","TRAD","2026-06-30T14:11:10Z","","CR","","I","TRUE","2026-06-30T14:11:10Z","2026-07-01","2031-06-20","","FALSE","BBSF","FALSE","FALSE","","2,000,000","","EUR","","","","","","","","","","","","","","","","","","","","","","","","","0.05","","","","","","0.024469","","","","","","false","","","3","","","A004","","","","","","","","221661.26000","MNTH","","","","3","","","","UFRO","EUR","","","","","false","1","","","","","","","","","","FALSE","","","","","","","","","QZ3HM9KVK2WL","NA/CDS Corp Idx","ITRAXX EUROPE CROSSOVER"
"3939558881000000301","","NEWT","TRAD","2026-06-30T14:01:32Z","","CR","","I","TRUE","2026-06-30T14:01:32Z","2026-07-01","2031-06-20","","FALSE","BBSF","FALSE","TRUE","","50,000,000","","USD","","","","","","","","","","","","","","","","","","","","","","","","","0.05","","","","","","0.01081375","","","","","","false","","","3","","","A004","","","","","","","","4089937.50000","MNTH","","","","3","","","","UFRO","USD","","","","","false","0.99","","","","","","","","","","FALSE","","","","","","","","","QZHH8NT767RX","NA/CDS Corp Idx","CDX.NA.HY"
"3939669424000000101","","NEWT","TRAD","2026-06-30T14:12:40Z","","CR","","I","TRUE","2026-06-30T14:12:40Z","2026-07-01","2031-06-20","","FALSE","BBSF","FALSE","FALSE","","5,000,000","","USD","","","","","","","","","","","","","","","","","","","","","","","","","0.05","","","","","","0.010812","","","","","","false","","","3","","","A004","","","","","","","","408127.50000","MNTH","","","","3","","","","UFRO","USD","","","","","false","0.99","","","","","","","","","","FALSE","","","","","","","","","QZHH8NT767RX","NA/CDS Corp Idx","CDX.NA.HY"
"3939626901000000101","","NEWT","TRAD","2026-06-30T14:07:32Z","","CR","","I","TRUE","2026-06-30T14:07:32Z","2026-07-01","2031-06-20","","FALSE","BBSF","FALSE","FALSE","","3,000,000","","EUR","","","","","","","","","","","","","","","","","","","","","","","","","0.05","","","","","","0.02442763","","","","","","false","","","3","","","A004","","","","","","","","333079.86439","MNTH","","","","3","","","","UFRO","EUR","","","","","false","1","","","","","","","","","","FALSE","","","","","","","","","QZ3HM9KVK2WL","NA/CDS Corp Idx","ITRAXX EUROPE CROSSOVER"
"3939015448000000101","","NEWT","TRAD","2026-06-30T13:26:28Z","","CR","","I","TRUE","2026-06-30T13:26:28Z","2026-07-01","2031-06-20","","FALSE","BBSF","FALSE","FALSE","","5,000,000","","USD","","","","","","","","","","","","","","","","","","","","","","","","","0.05","","","","","","0.01081125","","","","","","false","","","3","","","A004","","","","","","","","407757.55482","MNTH","","","","3","","","","UFRO","USD","","","","","false","0.99","","","","","","","","","","FALSE","","","","","","","","","QZHH8NT767RX","NA/CDS Corp Idx","CDX.NA.HY"
"3938939076000000301","","NEWT","TRAD","2026-06-30T13:23:17Z","","CR","","I","TRUE","2026-06-30T13:23:17Z","2026-07-01","2031-06-20","","FALSE","BBSF","FALSE","FALSE","","7,000,000","","EUR","","","","","","","","","","","","","","","","","","","","","","","","","0.01","","","","","","0.0051525","","","","","","false","","","3","","","A004","","","","","","","","159139.15143","MNTH","","","","3","","","","UFRO","EUR","","","","","false","1","","","","","","","","","","FALSE","","","","","","","","","QZTQ4GTC5QMF","NA/CDS Corp Idx","ITRAXX EUROPE"
"3938975616000000201","","NEWT","TRAD","2026-06-30T13:25:08Z","","CR","","I","TRUE","2026-06-30T13:25:08Z","2026-07-01","2031-06-20","","FALSE","BBSF","FALSE","FALSE","","10,000,000","","EUR","","","","","","","","","","","","","","","","","","","","","","","","","0.01","","","","","","0.005151","","","","","","false","","","3","","","A004","","","","","","","","227411.56000","MNTH","","","","3","","","","UFRO","EUR","","","","","false","1","","","","","","","","","","FALSE","","","","","","","","","QZTQ4GTC5QMF","NA/CDS Corp Idx","ITRAXX EUROPE"
"3939603601000000301","","NEWT","TRAD","2026-06-30T14:05:02Z","","CR","","I","TRUE","2026-06-30T14:05:02Z","2026-07-01","2031-06-20","","","TWSF","FALSE","FALSE","","13,000,000","","USD","","","","","","","","","","","","","","","","","","","","","","","","","0.05","","","","","","0.01081511","","","","","","false","","","3","","","A004","","","","","","","","1065135.36000","MNTH","","","","3","","","","UFRO","USD","","","","","false","0.99","","","","","","","","","","FALSE","","","","","","","","","QZHH8NT767RX","NA/CDS Corp Idx","CDX.NA.HY"
"3939634697000000701","","NEWT","TRAD","2026-06-30T14:08:45Z","","CR","","I","TRUE","2026-06-30T14:08:45Z","2026-03-20","2031-06-20","","FALSE","BGCD","FALSE","FALSE","","90,000,000","","EUR","","","","","","","","","","","","","","","","","","","","","","","","","","","","","","","0.0051625","","","","","","false","","","3","","","A004","","","","","","","","","MNTH","","","","3","","","","","","","","","","false","1","","","","","","","","","","TRUE","","","","0.0012","","3","","","QZTQ4GTC5QMF","NA/CDS Corp Idx","ITRAXX EUROPE"
"3943247066000001701","","NEWT","TRAD","2026-06-30T19:43:20Z","","CR","","I","FALSE","2026-06-30T19:43:20Z","2026-03-20","2031-06-20","","FALSE","TPSE","FALSE","FALSE","","25,000,000","","USD","","","","","","","","","","","","","","","","","","","","","","","","","0.01","","","","","","98.23","","USD","","","","false","","","1","","","A004","","","","","","","","","MNTH","","","","3","","","","","","USD","","","","false","1","","","","","","","OTHR","","","FALSE","","","","","","","","","QZ4JMQKL3P03","NA/CDS Corp Idx","CDX.EM"
"3940521080000000501","","NEWT","TRAD","2026-06-30T15:48:39Z","","CR","","I","TRUE","2026-06-30T15:48:39Z","2026-07-01","2031-06-20","","FALSE","BBSF","FALSE","TRUE","","76,000,000+","","USD","","","","","","","","","","","","","","","","","","","","","","","","","0.05","","","","","","0.0108136","","","","","","false","","","3","","","A004","","","","","","","","6215595.45565","MNTH","","","","3","","","","UFRO","USD","","","","","false","0.99","","","","","","","","","","FALSE","","","","","","","","","QZHH8NT767RX","NA/CDS Corp Idx","CDX.NA.HY"
"3940932911000000201","","NEWT","TRAD","2026-06-30T16:10:43Z","","CR","","I","TRUE","2026-06-30T16:10:43Z","2026-03-20","2031-06-20","","FALSE","BGCD","FALSE","FALSE","","10,000,000","","EUR","","","","","","","","","","","","","","","","","","","","","","","","","","","","","","","0.0244125","","","","","","false","","","3","","","A004","","","","","","","","","MNTH","","","","3","","","","","","","","","","false","1","","","","","","","","","","TRUE","","","","0.0038125","","3","","","QZ3HM9KVK2WL","NA/CDS Corp Idx","ITRAXX EUROPE CROSSOVER"
"3931982682000000301","","NEWT","TRAD","2026-06-30T09:03:02Z","","CR","","I","FALSE","2026-06-30T09:03:02Z","2026-07-01","2031-06-20","","","TWSF","FALSE","FALSE","","3,000,000","","EUR","","","","","","","","","","","","","","","","","","","","","","","","","0.05","","","","","","0.024432","","","","","","false","","","3","","","A004","","","","","","","","333016.55000","MNTH","","","","3","","","","UFRO","EUR","","","","","false","1","","","","","","","","","","FALSE","","","","","","","","","QZ3HM9KVK2WL","NA/CDS Corp Idx","ITRAXX EUROPE CROSSOVER"
"3933250444000000101","2748589892000000101","MODI","TRAD","2026-06-30T09:22:38Z","TRUE","CR","","N","FALSE","2026-04-16T08:54:49Z","2026-04-21","2026-08-11","","FALSE","BILT","FALSE","FALSE","TRUE","1,000,000,000","","EGP","","","","","","","","","","","","","","","","","","","","","","","","","0","","","","","","0.0075","","","","","","false","","","3","","3","A005","","","","","","","","","DAIL","","","","1","","","","","","USD","USD","","","false","","","","","","","","","","","FALSE","","","","","","","","","QZV1H0TSQJHJ","NA/CDS Corp SN","No name obtainable"
"3942160596000000101","","NEWT","TRAD","2026-06-30T18:42:25Z","","CR","","N","FALSE","2026-06-30T18:42:25Z","2026-06-30","2026-07-31","","FALSE","BILT","FALSE","FALSE","TRUE","380,000,000","","USD","","","","","","","","","","","","","","","","","","","","","","","","","0","","","","","","","","","","","","false","","","","","","A020","","","","","","","","","YEAR","","","","1","","","","","","USD","","","","true","","","","","","","","","","","FALSE","","","","","","","","","QZ06XKC3VCD6","NA/CDS Corp Oth Sr","SOCIETE GENERALE"
"3942701407000000101","","NEWT","TRAD","2026-06-30T19:11:37Z","","CR","","I","FALSE","2026-06-30T19:11:37Z","2026-07-01","2031-06-20","","FALSE","BBSF","FALSE","FALSE","","20,000,000","","USD","","","","","","","","","","","","","","","","","","","","","","","","","0.01","","","","","","0.0098235","","","","","","false","","","3","","","A004","","","","","","","","348000.00000","MNTH","","","","3","","","","UFRO","USD","","","","","false","1","","","","","","","","","","FALSE","","","","","","","","","QZ4JMQKL3P03","NA/CDS Corp Idx","CDX.EM"
"3942644265000000101","","NEWT","TRAD","2026-06-30T19:09:45Z","","CR","","I","TRUE","2026-06-30T19:09:45Z","2026-07-01","2031-06-20","","FALSE","BBSF","FALSE","TRUE","","250,000,000+","","USD","","","","","","","","","","","","","","","","","","","","","","","","","0.01","","","","","","0.00507619","","","","","","false","","","3","","","A004","","","","","","","","5572482.16000","MNTH","","","","3","","","","UFRO","USD","","","","","false","1","","","","","","","","","","FALSE","","","","","","","","","QZ3WVVQG5T8K","NA/CDS Corp Idx","CDX.NA.IG"
"3942995165000000201","","NEWT","TRAD","2026-06-30T19:24:46Z","","CR","","I","TRUE","2026-06-30T19:24:46Z","2026-07-01","2031-06-20","","FALSE","BBSF","FALSE","FALSE","","10,000,000","","USD","","","","","","","","","","","","","","","","","","","","","","","","","0.05","","","","","","0.01081125","","","","","","false","","","3","","","A004","","","","","","","","815512.50000","MNTH","","","","3","","","","UFRO","USD","","","","","false","0.99","","","","","","","","","","FALSE","","","","","","","","","QZHH8NT767RX","NA/CDS Corp Idx","CDX.NA.HY"
"3943050402000000201","","NEWT","TRAD","2026-06-30T19:23:29Z","","CR","","N","FALSE","2026-06-30T19:23:29Z","2026-07-01","2063-05-11","","FALSE","BILT","FALSE","FALSE","FALSE","33,000,000","","USD","","","","","","","","","","","","","","","","","","","","","","","","","0.05","","","","","","","","","","","","false","","","","","","A004","","","","","","","","","MNTH","","","","1","","","","","","USD","","","","false","0.432373533","","","","","","","","","","FALSE","","","","","","","","","QZQFT1PB3140","NA/CDS Corp Idx","CMBX.NA.BB"
"3943063119000000101","","NEWT","TRAD","2026-06-30T19:28:41Z","","CR","","I","TRUE","2026-06-30T19:28:41Z","2026-07-01","2031-06-20","","FALSE","BBSF","FALSE","FALSE","","63,000,000","","USD","","","","","","","","","","","","","","","","","","","","","","","","","0.01","","","","","","0.005078697","","","","","","false","","","3","","","A004","","","","","","","","1403551.26962","MNTH","","","","3","","","","UFRO","USD","","","","","false","1","","","","","","","","","","FALSE","","","","","","","","","QZ3WVVQG5T8K","NA/CDS Corp Idx","CDX.NA.IG"
"3943183753000000101","","NEWT","TRAD","2026-06-30T19:35:00Z","","CR","","I","TRUE","2026-06-30T19:35:00Z","2026-07-01","2031-06-20","","FALSE","BBSF","FALSE","FALSE","","10,000,000","","USD","","","","","","","","","","","","","","","","","","","","","","","","","0.05","","","","","","0.01080944","","","","","","false","","","3","","","A004","","","","","","","","813720.60000","MNTH","","","","3","","","","UFRO","USD","","","","","false","0.99","","","","","","","","","","FALSE","","","","","","","","","QZHH8NT767RX","NA/CDS Corp Idx","CDX.NA.HY"
"3940834566000000101","","NEWT","TRAD","2026-06-30T16:05:27Z","","CR","","I","TRUE","2026-06-30T16:05:27Z","2026-07-01","2031-06-20","","FALSE","BBSF","FALSE","FALSE","","73,000,000","","USD","","","","","","","","","","","","","","","","","","","","","","","","","0.01","","","","","","0.005075","","","","","","false","","","3","","","A004","","","","","","","","1627566.91425","MNTH","","","","3","","","","UFRO","USD","","","","","false","1","","","","","","","","","","TRUE","","","","0.005075","","3","","","QZ3WVVQG5T8K","NA/CDS Corp Idx","CDX.NA.IG"
"3943293930000000401","","NEWT","TRAD","2026-06-30T19:52:40Z","","CR","","I","TRUE","2026-06-30T19:52:40Z","2026-07-01","2031-06-20","","FALSE","BBSF","FALSE","FALSE","","1,000,000","","USD","","","","","","","","","","","","","","","","","","","","","","","","","0.05","","","","","","0.0108085","","","","","","false","","","3","","","A004","","","","","","","","81278.91872","MNTH","","","","3","","","","UFRO","USD","","","","","false","0.99","","","","","","","","","","FALSE","","","","","","","","","QZHH8NT767RX","NA/CDS Corp Idx","CDX.NA.HY"
"3943302224000000101","","NEWT","TRAD","2026-06-30T19:53:58Z","","CR","","I","TRUE","2026-06-30T19:53:58Z","2026-07-01","2031-06-20","","FALSE","BBSF","FALSE","FALSE","","10,000,000","","USD","","","","","","","","","","","","","","","","","","","","","","","","","0.05","","","","","","0.01080885","","","","","","false","","","3","","","A004","","","","","","","","813136.50000","MNTH","","","","3","","","","UFRO","USD","","","","","false","0.99","","","","","","","","","","FALSE","","","","","","","","","QZHH8NT767RX","NA/CDS Corp Idx","CDX.NA.HY"
"3944526008000000101","3943816862000000501","MODI","TRAD","2026-06-30T20:26:18Z","TRUE","CR","","N","FALSE","2026-06-30T20:08:48Z","2026-03-20","2031-06-20","2031-06-20","TRUE","BILT","FALSE","FALSE","TRUE","20,000,000","","USD","","","","","","","","","","","","","","","","","","","","","","","","2026-08-19","0.05","","66,330","USD","","","","","","","106","USD","false","","","","","1","A004","","","","","","","","","MNTH","","","","3","","","","","","","","","","false","1","","","","","","","","","","FALSE","","","","","","","","","QZX75BBR2PZH","NA/CDS Idx Swt","NA/CDS Corp Idx"
"3927679137000000101","","NEWT","TRAD","2026-06-30T07:40:26Z","","CR","","I","FALSE","2026-06-30T07:40:26Z","2026-07-01","2031-06-20","","FALSE","BBSF","FALSE","FALSE","","10,000,000","","EUR","","","","","","","","","","","","","","","","","","","","","","","","","0.01","","","","","","0.0054142","","","","","","false","","","3","","","A004","","","","","","","","214975.71000","MNTH","","","","3","","","","UFRO","EUR","","","","","false","1","","","","","","","","","","FALSE","","","","","","","","","QZTB38W3WJ98","NA/CDS Corp Idx","ITRAXX EUROPE SENIOR FINANCIALS"
"3939834291000000101","3939498277000000101","TERM","ETRM","2026-06-30T14:25:24Z","","CR","","N","FALSE","2026-06-30T13:48:00Z","2026-07-01","2030-12-20","","FALSE","BILT","FALSE","FALSE","FALSE","25,000,000","","USD","","","","","","","","","","","","","","","","","","","","","","","","","0.05","","","","","","","","","","","","false","","","","","","A004","","","","","","","","4538180.60000","MNTH","","","","3","","","","UFRO","USD","","","","","false","0.98","","","","","","","","","","FALSE","","","","","","","","","QZ06GXH0PXP1","NA/CDS Mun Idx Tra","CDX.NA.HY"
"3939743483000000101","","NEWT","TRAD","2026-06-30T14:18:43Z","","CR","","I","FALSE","2026-06-30T14:18:43Z","2026-07-01","2031-06-20","","","TWSF","FALSE","TRUE","","76,000,000+","","USD","","","","","","","","","","","","","","","","","","","","","","","","","0.05","","","","","","0.01081295","","","","","","false","","","3","","","A004","","","","","","","","6210685.80000","MNTH","","","","3","","","","UFRO","USD","","","","","false","0.99","","","","","","","","","","FALSE","","","","","","","","","QZHH8NT767RX","NA/CDS Corp Idx","CDX.NA.HY"
"3939633198000000101","2672558277000000101","CORR","","2026-06-30T14:04:40Z","","CR","","N","FALSE","2026-04-09T17:26:52Z","2026-03-20","2026-09-21","","FALSE","BILT","FALSE","FALSE","TRUE","5,000,000","","USD","","","","","","","","","","","","","","","","","","","","","","","","","3.455","","","","","","","","","","","","false","","","","","","A001","","","","","","","","9.36000","MNTH","","","","3","","","","UFRO","USD","","","","","false","1","","","","","","","","","","FALSE","","","","","","","","","QZ9206MF0QMZ","NA/CDS Corp Idx","IBOXX USD LIQUID IG"
"3939686368000000301","","NEWT","TRAD","2026-06-30T14:06:05Z","","CR","","N","FALSE","2026-06-30T13:54:56Z","2026-03-20","2031-06-20","2031-06-20","TRUE","BILT","FALSE","TRUE","TRUE","400,000,000+","","USD","","","","","","","","","","","","","","","","","","","","","","","","2026-12-16","0.01","","1,009,989.9","USD","","","","","","","0.006","","false","","","","","3","A004","","","","","","","","","MNTH","","","","3","","","","","","","","","","false","1","","","","","","","","","","FALSE","","","","","","","","","QZX75BBR2PZH","NA/CDS Idx Swt","NA/CDS Corp Idx"
"3939867414000000601","","NEWT","TRAD","2026-06-30T14:32:22Z","","CR","","I","TRUE","2026-06-30T14:32:22Z","2026-03-20","2031-06-20","2031-06-20","FALSE","BMTF","FALSE","FALSE","FALSE","20,000,000","","USD","","","","","","","","","","","","","","","","","","","","","","","","","0.05","","","","","","","","","","","","false","","","","","","A004","","","","","","","","1643399.99000","MNTH","","","","3","","","","UFRO","USD","","","","","false","0.99","","","","","","","","","","FALSE","","","","","","","","","QZHH8NT767RX","NA/CDS Corp Idx","CDX.NA.HY"
"3939914961000000101","","NEWT","TRAD","2026-06-30T14:37:08Z","","CR","","I","TRUE","2026-06-30T14:37:08Z","2026-07-01","2031-06-20","","FALSE","BBSF","FALSE","FALSE","","40,000,000","","USD","","","","","","","","","","","","","","","","","","","","","","","","","0.05","","","","","","0.01081625","","","","","","false","","","3","","","A004","","","","","","","","3281850.00000","MNTH","","","","3","","","","UFRO","USD","","","","","false","0.99","","","","","","","","","","FALSE","","","","","","","","","QZHH8NT767RX","NA/CDS Corp Idx","CDX.NA.HY"
"3940104979000000201","","NEWT","TRAD","2026-06-30T14:57:50Z","","CR","","I","TRUE","2026-06-30T14:57:50Z","2026-07-01","2031-06-20","","FALSE","BBSF","FALSE","FALSE","","45,000,000","","USD","","","","","","","","","","","","","","","","","","","","","","","","","0.01","","","","","","0.005071","","","","","","false","","","3","","","A004","","","","","","","","1004112.92000","MNTH","","","","3","","","","UFRO","USD","","","","","false","1","","","","","","","","","","FALSE","","","","","","","","","QZ3WVVQG5T8K","NA/CDS Corp Idx","CDX.NA.IG"
"3937230153000000201","","NEWT","TRAD","2026-06-30T11:04:20Z","","CR","","I","TRUE","2026-06-30T11:04:20Z","2026-07-01","2031-06-20","","FALSE","BBSF","FALSE","FALSE","","20,000,000","","USD","","","","","","","","","","","","","","","","","","","","","","","","","0.05","","","","","","0.01081888","","","","","","false","","","3","","","A004","","","","","","","","1646132.40000","MNTH","","","","3","","","","UFRO","USD","","","","","false","0.99","","","","","","","","","","FALSE","","","","","","","","","QZHH8NT767RX","NA/CDS Corp Idx","CDX.NA.HY"
"3940256268000000101","","NEWT","TRAD","2026-06-30T15:16:32Z","","CR","","I","TRUE","2026-06-30T15:16:32Z","2026-07-01","2031-06-20","","","TWSF","FALSE","FALSE","","2,000,000","","EUR","","","","","","","","","","","","","","","","","","","","","","","","","0.01","","","","","","0.005165","","","","","","false","","","3","","","A004","","","","","","","","45349.76521","MNTH","","","","3","","","","UFRO","EUR","","","","","false","1","","","","","","","","","","FALSE","","","","","","","","","QZTQ4GTC5QMF","NA/CDS Corp Idx","ITRAXX EUROPE"
"3940496368000000201","","NEWT","TRAD","2026-06-30T15:46:18Z","","CR","","I","TRUE","2026-06-30T15:46:18Z","2026-07-01","2031-06-20","","","TWSF","FALSE","FALSE","","18,000,000","","EUR","","","","","","","","","","","","","","","","","","","","","","","","","0.05","","","","","","0.0244988","","","","","","false","","","3","","","A004","","","","","","","","1992424.83690","MNTH","","","","3","","","","UFRO","EUR","","","","","false","1","","","","","","","","","","FALSE","","","","","","","","","QZ3HM9KVK2WL","NA/CDS Corp Idx","ITRAXX EUROPE CROSSOVER"
"3940061993000000101","","NEWT","TRAD","2026-06-30T14:45:09Z","FALSE","CR","","N","FALSE","2026-06-30T14:45:09Z","2026-06-30","2056-12-15","","FALSE","BILT","FALSE","FALSE","TRUE","50,000,000+","","USD","","","","","","","","","","","","","","","","","","","","","","","","","0.005","","","","","","","","","","","","false","","","","","","A004","","","","","","","","459552.22442","MNTH","","","","1","","","","UFRO","USD","","","","","false","1","","","","","","","","","","FALSE","","","","","","","","","QZ20C7NLTMMP","NA/CDS Corp Idx","CMBX.NA.AAA"
"3940226302000000101","","NEWT","TRAD","2026-06-30T15:12:59Z","","CR","","I","TRUE","2026-06-30T15:12:59Z","2026-07-01","2031-06-20","","FALSE","BBSF","FALSE","FALSE","","50,000,000","","USD","","","","","","","","","","","","","","","","","","","","","","","","","0.01","","","","","","0.005069","","","","","","false","","","3","","","A004","","","","","","","","1116137.52000","MNTH","","","","3","","","","UFRO","USD","","","","","false","1","","","","","","","","","","FALSE","","","","","","","","","QZ3WVVQG5T8K","NA/CDS Corp Idx","CDX.NA.IG"
"3940205536000001201","","NEWT","TRAD","2026-06-30T15:09:54Z","","CR","","I","TRUE","2026-06-30T15:09:54Z","2026-07-01","2031-06-20","","FALSE","BBSF","FALSE","FALSE","","5,000,000","","EUR","","","","","","","","","","","","","","","","","","","","","","","","","0.01","","","","","","0.005155","","","","","","false","","","3","","","A004","","","","","","","","113611.18000","MNTH","","","","3","","","","UFRO","EUR","","","","","false","1","","","","","","","","","","FALSE","","","","","","","","","QZTQ4GTC5QMF","NA/CDS Corp Idx","ITRAXX EUROPE"
"3940282527000000201","","NEWT","TRAD","2026-06-30T15:20:29Z","","CR","","I","TRUE","2026-06-30T15:20:29Z","2026-07-01","2031-06-20","","FALSE","BBSF","FALSE","FALSE","","55,000,000","","USD","","","","","","","","","","","","","","","","","","","","","","","","","0.01","","","","","","0.0050766","","","","","","false","","","3","","","A004","","","","","","","","1225843.14000","MNTH","","","","3","","","","UFRO","USD","","","","","false","1","","","","","","","","","","FALSE","","","","","","","","","QZ3WVVQG5T8K","NA/CDS Corp Idx","CDX.NA.IG"
"3940305544000000201","","NEWT","TRAD","2026-06-30T15:23:33Z","","CR","","I","TRUE","2026-06-30T15:23:33Z","2026-07-01","2031-06-20","","FALSE","BBSF","FALSE","FALSE","","25,000,000","","USD","","","","","","","","","","","","","","","","","","","","","","","","","0.05","","","","","","0.01081325","","","","","","false","","","3","","","A004","","","","","","","","2043731.25000","MNTH","","","","3","","","","UFRO","USD","","","","","false","0.99","","","","","","","","","","FALSE","","","","","","","","","QZHH8NT767RX","NA/CDS Corp Idx","CDX.NA.HY"
"3940339379000000201","","NEWT","TRAD","2026-06-30T15:27:34Z","","CR","","I","TRUE","2026-06-30T15:27:34Z","2026-07-01","2031-06-20","","","TWSF","FALSE","FALSE","","36,000,000","","USD","","","","","","","","","","","","","","","","","","","","","","","","","0.01","","","","","","0.0050717","","","","","","false","","","3","","","A004","","","","","","","","803173.75550","MNTH","","","","3","","","","UFRO","USD","","","","","false","1","","","","","","","","","","FALSE","","","","","","","","","QZ3WVVQG5T8K","NA/CDS Corp Idx","CDX.NA.IG"
"3940256270000000301","","NEWT","TRAD","2026-06-30T15:16:58Z","","CR","","I","TRUE","2026-06-30T15:16:58Z","2026-07-01","2031-06-20","","FALSE","BBSF","FALSE","TRUE","","47,260,799+","","EUR","","","","","","","","","","","","","","","","","","","","","","","","","0.05","","","","","","0.0245","","","","","","false","","","3","","","A004","","","","","","","","5231043.24451","MNTH","","","","3","","","","UFRO","EUR","","","","","false","1","","","","","","","","","","TRUE","","","","0.00345","","3","","","QZ3HM9KVK2WL","NA/CDS Corp Idx","ITRAXX EUROPE CROSSOVER"
"3940359644000000201","","NEWT","TRAD","2026-06-30T15:29:43Z","","CR","","I","TRUE","2026-06-30T15:29:43Z","2026-07-01","2031-06-20","","FALSE","BBSF","FALSE","FALSE","","25,000,000","","EUR","","","","","","","","","","","","","","","","","","","","","","","","","0.05","","","","","","0.024504","","","","","","false","","","3","","","A004","","","","","","","","2766631.08000","MNTH","","","","3","","","","UFRO","EUR","","","","","false","1","","","","","","","","","","TRUE","","","","0.0034495","","3","","","QZ3HM9KVK2WL","NA/CDS Corp Idx","ITRAXX EUROPE CROSSOVER"
"3939148416000000101","","NEWT","TRAD","2026-06-30T13:32:41Z","FALSE","CR","","I","FALSE","2026-06-30T13:32:41Z","2026-03-20","2031-06-20","","","BILT","FALSE","FALSE","FALSE","200,000","","USD","","","","","","","","","","","","","","","","","","","","","","","","","0.01","","","","","","","","","","","","false","","","","","","A004","","","","","","","","3540.00000","MNTH","","","","3","","","","UFRO","USD","","","","","false","1","","","","","","","","","","FALSE","","","","","","","","","QZ4JMQKL3P03","NA/CDS Corp Idx","CDX.EM"
"3940104981000000401","","NEWT","TRAD","2026-06-30T14:58:06Z","","CR","","I","TRUE","2026-06-30T14:58:06Z","2026-07-01","2031-06-20","","FALSE","BBSF","FALSE","FALSE","","25,000,000","","USD","","","","","","","","","","","","","","","","","","","","","","","","","0.05","","","","","","0.010812","","","","","","false","","","3","","","A004","","","","","","","","2040637.50000","MNTH","","","","3","","","","UFRO","USD","","","","","false","0.99","","","","","","","","","","FALSE","","","","","","","","","QZHH8NT767RX","NA/CDS Corp Idx","CDX.NA.HY"
"3940108330000000201","","NEWT","TRAD","2026-06-30T14:58:44Z","","CR","","I","TRUE","2026-06-30T14:58:44Z","2026-07-01","2031-06-20","","FALSE","BBSF","FALSE","FALSE","","25,000,000","","EUR","","","","","","","","","","","","","","","","","","","","","","","","","0.01","","","","","","0.00516379","","","","","","false","","","3","","","A004","","","","","","","","567016.58000","MNTH","","","","3","","","","UFRO","EUR","","","","","false","1","","","","","","","","","","FALSE","","","","","","","","","QZTQ4GTC5QMF","NA/CDS Corp Idx","ITRAXX EUROPE"
"3940110859000000301","","NEWT","TRAD","2026-06-30T14:59:22Z","","CR","","I","TRUE","2026-06-30T14:59:22Z","2026-07-01","2031-06-20","","FALSE","BBSF","FALSE","FALSE","","20,000,000","","USD","","","","","","","","","","","","","","","","","","","","","","","","","0.05","","","","","","0.01081245","","","","","","false","","","3","","","A004","","","","","","","","1633401.00000","MNTH","","","","3","","","","UFRO","USD","","","","","false","0.99","","","","","","","","","","FALSE","","","","","","","","","QZHH8NT767RX","NA/CDS Corp Idx","CDX.NA.HY"
"3940153336000000101","","NEWT","TRAD","2026-06-30T15:03:34Z","","CR","","I","TRUE","2026-06-30T15:03:34Z","2026-07-01","2031-06-20","","FALSE","BBSF","FALSE","FALSE","","100,000,000","","EUR","","","","","","","","","","","","","","","","","","","","","","","","","0.01","","","","","","0.00516","","","","","","false","","","3","","","A004","","","","","","","","2269858.80000","MNTH","","","","3","","","","UFRO","EUR","","","","","false","1","","","","","","","","","","FALSE","","","","","","","","","QZTQ4GTC5QMF","NA/CDS Corp Idx","ITRAXX EUROPE"
"3940179214000000201","","NEWT","TRAD","2026-06-30T15:06:17Z","","CR","","I","TRUE","2026-06-30T15:06:17Z","2026-07-01","2031-06-20","","","TWSF","FALSE","FALSE","","42,000,000","","USD","","","","","","","","","","","","","","","","","","","","","","","","","0.01","","","","","","0.0050722","","","","","","false","","","3","","","A004","","","","","","","","936941.98000","MNTH","","","","3","","","","UFRO","USD","","","","","false","1","","","","","","","","","","FALSE","","","","","","","","","QZ3WVVQG5T8K","NA/CDS Corp Idx","CDX.NA.IG"
"3939979558000000101","","NEWT","TRAD","2026-06-30T14:41:24Z","","CR","","N","FALSE","2026-06-30T14:41:24Z","2026-06-30","2026-09-16","2031-06-20","FALSE","BILT","FALSE","FALSE","TRUE","400,000,000+","","USD","","","","","","","","","","","","","","","","","","","","","","","","2026-09-16","0.01","","1,184,000","USD","","","","","","","0.00575","","false","","","","","3","A004","","","","","","","","","MNTH","","","","3","","","","","","","","","","false","1","","","","","","","","","","FALSE","","","","","","","","","QZ7WW76RFHN3","NA/CDS Idx Swt","NA/CDS Corp Idx"
"3940681779000000201","","NEWT","TRAD","2026-06-30T15:59:19Z","","CR","","I","TRUE","2026-06-30T15:59:19Z","2026-07-01","2031-06-20","","FALSE","BBSF","FALSE","FALSE","","20,000,000","","USD","","","","","","","","","","","","","","","","","","","","","","","","","0.05","","","","","","0.0108136","","","","","","false","","","3","","","A004","","","","","","","","1635678.00000","MNTH","","","","3","","","","UFRO","USD","","","","","false","0.99","","","","","","","","","","FALSE","","","","","","","","","QZHH8NT767RX","NA/CDS Corp Idx","CDX.NA.HY"
"3940541262000000201","","NEWT","TRAD","2026-06-30T15:49:54Z","","CR","","I","TRUE","2026-06-30T15:49:54Z","2026-07-01","2031-06-20","","FALSE","BBSF","FALSE","TRUE","","40,000,000","","EUR","","","","","","","","","","","","","","","","","","","","","","","","","0.05","","","","","","0.024485","","","","","","false","","","3","","","A004","","","","","","","","4430200.78000","MNTH","","","","3","","","","UFRO","EUR","","","","","false","1","","","","","","","","","","FALSE","","","","","","","","","QZ3HM9KVK2WL","NA/CDS Corp Idx","ITRAXX EUROPE CROSSOVER"
"3940432865000000101","","NEWT","TRAD","2026-06-30T15:39:05Z","","CR","","N","FALSE","2026-06-30T15:39:05Z","2026-03-20","2026-07-15","2031-06-20","FALSE","BILT","FALSE","FALSE","TRUE","100,000,000","","EUR","","","","","","","","","","","","","","","","","","","","","","","","2026-07-15","0.05","","45,000","EUR","","","","","","","0.03","","false","","","","","3","A004","","","","","","","","","MNTH","","","","3","","","","","","","","","","false","1","","","","","","","","","","FALSE","","","","","","","","","QZS61NHV7CQ9","NA/Cr Op Swps EuPt Van Ph",""
"3940845248000000101","","NEWT","TRAD","2026-06-30T16:06:13Z","","CR","","I","TRUE","2026-06-30T16:06:13Z","2026-07-01","2031-06-20","","FALSE","BBSF","FALSE","FALSE","","5,000,000","","USD","","","","","","","","","","","","","","","","","","","","","","","","","0.05","","","","","","0.01081375","","","","","","false","","","3","","","A004","","","","","","","","408993.75000","MNTH","","","","3","","","","UFRO","USD","","","","","false","0.99","","","","","","","","","","FALSE","","","","","","","","","QZHH8NT767RX","NA/CDS Corp Idx","CDX.NA.HY"
"3941837205000000101","","NEWT","TRAD","2026-06-30T17:49:23Z","","CR","","I","FALSE","2026-06-30T17:49:23Z","2026-07-01","2031-06-20","","FALSE","BBSF","FALSE","TRUE","","96,271,998+","","EUR","","","","","","","","","","","","","","","","","","","","","","","","","0.01","","","","","","0.0054375","","","","","","false","","","3","","","A004","","","","","","","","2059044.00217","MNTH","","","","3","","","","UFRO","EUR","","","","","false","1","","","","","","","","","","TRUE","","","","0.0054375","","3","","","QZTB38W3WJ98","NA/CDS Corp Idx","ITRAXX EUROPE SENIOR FINANCIALS"
"3938285981000000101","","NEWT","TRAD","2026-06-30T12:34:22Z","","CR","","I","TRUE","2026-06-30T12:34:22Z","2026-07-01","2031-06-20","","FALSE","BBSF","FALSE","TRUE","","47,260,799+","","EUR","","","","","","","","","","","","","","","","","","","","","","","","","0.05","","","","","","0.0244368","","","","","","false","","","3","","","A004","","","","","","","","5245159.36794","MNTH","","","","3","","","","UFRO","EUR","","","","","false","1","","","","","","","","","","FALSE","","","","","","","","","QZ3HM9KVK2WL","NA/CDS Corp Idx","ITRAXX EUROPE CROSSOVER"
"3937806413000000101","","NEWT","TRAD","2026-06-30T11:47:23Z","","CR","","I","TRUE","2026-06-30T11:47:23Z","2026-07-01","2031-06-20","","FALSE","BBSF","FALSE","TRUE","","150,000,000","","EUR","","","","","","","","","","","","","","","","","","","","","","","","","0.01","","","","","","0.00514","","","","","","false","","","3","","","A004","","","","","","","","3418978.01000","MNTH","","","","3","","","","UFRO","EUR","","","","","false","1","","","","","","","","","","FALSE","","","","","","","","","QZTQ4GTC5QMF","NA/CDS Corp Idx","ITRAXX EUROPE"
"3937947715000000101","","NEWT","TRAD","2026-06-30T11:59:27Z","","CR","","I","TRUE","2026-06-30T11:59:27Z","2026-07-01","2031-06-20","","FALSE","BBSF","FALSE","FALSE","","100,000,000","","USD","","","","","","","","","","","","","","","","","","","","","","","","","0.01","","","","","","0.005066","","","","","","false","","","3","","","A004","","","","","","","","2233644.57000","MNTH","","","","3","","","","UFRO","USD","","","","","false","1","","","","","","","","","","FALSE","","","","","","","","","QZ3WVVQG5T8K","NA/CDS Corp Idx","CDX.NA.IG"
"3926491832000000101","","NEWT","TRAD","2026-06-30T06:48:17Z","","CR","","I","FALSE","2026-06-30T06:48:11Z","2026-03-20","2031-06-20","","FALSE","TWEM","FALSE","FALSE","TRUE","1,000,000","","USD","","","","","","","","","","","","","","","","","","","","","","","","","0.01","","","","","","","","","","","","false","","","","","","A004","","","","","","","","","MNTH","","","","3","","","","","","USD","","","","false","1","","","","","","","","","","FALSE","","","","","","","","","QZ1F7JZSZZ7M","NA/CDS Corp Idx","ITRAXX AUSTRALIA"
"3937690469000000201","","NEWT","TRAD","2026-06-30T11:38:52Z","","CR","","N","FALSE","2026-06-30T11:38:52Z","2026-03-20","2026-08-19","2031-06-20","FALSE","BILT","FALSE","FALSE","TRUE","40,000,000","","EUR","","","","","","","","","","","","","","","","","","","","","","","","2026-08-19","0.05","","20,000","EUR","","","","","","","0.0225","","false","","","","","3","A004","","","","","","","","","MNTH","","","","3","","","","","","","","","","false","1","","","","","","","","","","FALSE","","","","","","","","","QZ77RJ03VMTV","NA/Cr Op Swps EuCl Van Ph",""
"3938021627000000101","","NEWT","TRAD","2026-06-30T12:07:05Z","","CR","","I","TRUE","2026-06-30T12:07:05Z","2026-07-01","2031-06-20","","FALSE","BBSF","FALSE","FALSE","","25,000,000","","USD","","","","","","","","","","","","","","","","","","","","","","","","","0.05","","","","","","0.0108135","","","","","","false","","","3","","","A004","","","","","","","","2044350.00000","MNTH","","","","3","","","","UFRO","USD","","","","","false","0.99","","","","","","","","","","FALSE","","","","","","","","","QZHH8NT767RX","NA/CDS Corp Idx","CDX.NA.HY"
"3937932624000000201","","NEWT","TRAD","2026-06-30T11:57:55Z","","CR","","I","TRUE","2026-06-30T11:57:55Z","2026-07-01","2031-06-20","","FALSE","BBSF","FALSE","TRUE","","47,260,799+","","EUR","","","","","","","","","","","","","","","","","","","","","","","","","0.05","","","","","","0.02435","","","","","","false","","","3","","","A004","","","","","","","","5264593.08832","MNTH","","","","3","","","","UFRO","EUR","","","","","false","1","","","","","","","","","","TRUE","","","","0.003344","","3","","","QZ3HM9KVK2WL","NA/CDS Corp Idx","ITRAXX EUROPE CROSSOVER"
"3938341143000000101","","NEWT","TRAD","2026-06-30T12:32:21Z","","CR","","N","FALSE","2026-06-30T12:32:21Z","2026-07-15","2026-07-15","2031-06-20","FALSE","BILT","FALSE","FALSE","FALSE","150,000,000","","EUR","","","","","","","","","","","","","","","","","","","","","","","","2026-07-15","0.05","","105,000","EUR","","","","","","","0.02375","","false","","","","","3","A004","","","","","","","","","MNTH","","","","3","","","","","","","","","","false","","","","","","","","","","","TRUE","0.0001","","3","","","","","","QZ3DGP47G9ZX","NA/CDS Idx Swt","NA/CDS Corp Idx"
"3941834413000000101","","NEWT","TRAD","2026-06-30T17:48:29Z","","CR","","I","TRUE","2026-06-30T17:48:29Z","2026-07-01","2031-06-20","","FALSE","BBSF","FALSE","TRUE","","47,260,799+","","EUR","","","","","","","","","","","","","","","","","","","","","","","","","0.05","","","","","","0.024475","","","","","","false","","","3","","","A004","","","","","","","","5236584.23539","MNTH","","","","3","","","","UFRO","EUR","","","","","false","1","","","","","","","","","","TRUE","","","","0.024475","","3","","","QZ3HM9KVK2WL","NA/CDS Corp Idx","ITRAXX EUROPE CROSSOVER"
"3937865733000000101","","NEWT","TRAD","2026-06-30T11:51:09Z","","CR","","I","TRUE","2026-06-30T11:51:09Z","2026-07-01","2031-06-20","","FALSE","XXXX","FALSE","FALSE","FALSE","20,000,000","","USD","","","","","","","","","","","","","","","","","","","","","","","","","5","","","","","","","","","","","","false","","","","","","A004","","","","","","","","","MNTH","","","","3","","","","","","USD","","","","false","1","","","","","","","","","","FALSE","","","","","","","","","QZHH8NT767RX","NA/CDS Corp Idx","CDX.NA.HY"
"3941451928000000201","","NEWT","TRAD","2026-06-30T16:47:48Z","","CR","","I","TRUE","2026-06-30T16:47:48Z","2026-07-01","2031-06-20","","","TWSF","FALSE","TRUE","","76,000,000+","","USD","","","","","","","","","","","","","","","","","","","","","","","","","0.05","","","","","","0.010813","","","","","","false","","","3","","","A004","","","","","","","","6211094.68980","MNTH","","","","3","","","","UFRO","USD","","","","","false","0.99","","","","","","","","","","TRUE","","","","0.010813","","3","","","QZHH8NT767RX","NA/CDS Corp Idx","CDX.NA.HY"
"3941663208000000201","","NEWT","TRAD","2026-06-30T17:03:11Z","FALSE","CR","","N","FALSE","2026-06-30T17:03:11Z","2026-06-30","2059-11-17","","FALSE","BILT","FALSE","FALSE","FALSE","5,000,000","","USD","","","","","","","","","","","","","","","","","","","","","","","","","0.05","","","","","","","","","","","","false","","","","","","A004","","","","","","","","2788678.16000","MNTH","","","","1","","","","UFRO","USD","","","","","false","0.947433421","","","","","","","","","","FALSE","","","","","","","","","QZ68RHJ7CSZL","NA/CDS Corp Idx","CMBX.NA.BB"
"3941693997000000101","","NEWT","TRAD","2026-06-30T17:16:11Z","","CR","","I","TRUE","2026-06-30T17:16:11Z","2026-07-01","2031-06-20","","FALSE","BBSF","FALSE","FALSE","","75,000,000","","USD","","","","","","","","","","","","","","","","","","","","","","","","","0.01","","","","","","0.0050702","","","","","","false","","","3","","","A004","","","","","","","","1673795.43000","MNTH","","","","3","","","","UFRO","USD","","","","","false","1","","","","","","","","","","FALSE","","","","","","","","","QZ3WVVQG5T8K","NA/CDS Corp Idx","CDX.NA.IG"
"3941698930000000101","","NEWT","TRAD","2026-06-30T17:16:49Z","","CR","","I","TRUE","2026-06-30T17:16:49Z","2026-07-01","2031-06-20","","FALSE","BBSF","FALSE","FALSE","","10,000,000","","USD","","","","","","","","","","","","","","","","","","","","","","","","","0.05","","","","","","0.01081375","","","","","","false","","","3","","","A004","","","","","","","","817987.50000","MNTH","","","","3","","","","UFRO","USD","","","","","false","0.99","","","","","","","","","","FALSE","","","","","","","","","QZHH8NT767RX","NA/CDS Corp Idx","CDX.NA.HY"
"3941545689000000101","","NEWT","TRAD","2026-06-30T16:52:57Z","","CR","","I","FALSE","2026-06-30T16:52:57Z","2026-06-30","2026-09-16","2031-06-20","FALSE","BILT","FALSE","FALSE","TRUE","400,000,000+","","USD","","","","","","","","","","","","","","","","","","","","","","","","2026-09-16","0.01","","496,000","USD","","","","","","","0.00575","","false","","","","","3","A004","","","","","","","","","MNTH","","","","3","","","","","","","","","","false","1","","","","","","","","","","FALSE","","","","","","","","","QZT4QS79CCTS","NA/CDS Idx Swt","NA/CDS Corp Idx"
"3941654694000000101","","NEWT","TRAD","2026-06-30T17:09:31Z","","CR","","I","TRUE","2026-06-30T17:09:31Z","2026-07-01","2031-06-20","","FALSE","BBSF","FALSE","TRUE","","166,287,997+","","EUR","","","","","","","","","","","","","","","","","","","","","","","","","0.01","","","","","","0.0051625","","","","","","false","","","3","","","A004","","","","","","","","3772411.42068","MNTH","","","","3","","","","UFRO","EUR","","","","","false","1","","","","","","","","","","TRUE","","","","0.0051625","","3","","","QZTQ4GTC5QMF","NA/CDS Corp Idx","ITRAXX EUROPE"
"3941722407000000401","","NEWT","TRAD","2026-06-30T17:16:09Z","FALSE","CR","","I","TRUE","2026-06-30T17:16:09Z","2026-06-30","2026-07-08","","","BILT","FALSE","FALSE","TRUE","350,079,993+","","EUR","","","","","","","","","","","","","","","","","","","","","","","","2026-07-08","","","7,876.81485","EUR","","","0.01","","","","0.01","","false","","","3","","3","","","","","","","","","","","","","","","","","","","","","","","","false","1","","","","","","","","","","FALSE","","","","","","","","","QZ5SCV95DXCP","NA/CDS Idx Swt","NA/CDS Corp Idx"
"3941722405000000201","","NEWT","TRAD","2026-06-30T17:19:02Z","FALSE","CR","","I","TRUE","2026-06-30T17:19:02Z","2026-06-30","2026-07-08","","","BILT","FALSE","FALSE","TRUE","350,079,993+","","EUR","","","","","","","","","","","","","","","","","","","","","","","","2026-07-08","","","7,876.6812","EUR","","","0.01","","","","0.01","","false","","","3","","3","","","","","","","","","","","","","","","","","","","","","","","","false","1","","","","","","","","","","FALSE","","","","","","","","","QZS1WNR5R2ND","NA/CDS Idx Swt","NA/CDS Corp Idx"
"3939743485000000301","","NEWT","TRAD","2026-06-30T14:19:04Z","","CR","","I","TRUE","2026-06-30T14:19:04Z","2026-07-01","2031-06-20","","","TWSF","FALSE","FALSE","","4,000,000","","EUR","","","","","","","","","","","","","","","","","","","","","","","","","0.01","","","","","","0.00515595","","","","","","false","","","3","","","A004","","","","","","","","90870.97000","MNTH","","","","3","","","","UFRO","EUR","","","","","false","1","","","","","","","","","","FALSE","","","","","","","","","QZTQ4GTC5QMF","NA/CDS Corp Idx","ITRAXX EUROPE"
"3927642645000000101","","NEWT","TRAD","2026-06-30T07:39:48Z","","CR","","I","TRUE","2026-06-30T07:39:48Z","2026-07-01","2031-06-20","","FALSE","BBSF","FALSE","FALSE","","7,000,000","","EUR","","","","","","","","","","","","","","","","","","","","","","","","","0.05","","","","","","0.024469","","","","","","false","","","3","","","A004","","","","","","","","775814.41000","MNTH","","","","3","","","","UFRO","EUR","","","","","false","1","","","","","","","","","","FALSE","","","","","","","","","QZ3HM9KVK2WL","NA/CDS Corp Idx","ITRAXX EUROPE CROSSOVER"
"3926358057000000101","","NEWT","TRAD","2026-06-30T06:24:27Z","","CR","","I","TRUE","2026-06-30T06:24:27Z","2026-07-01","2031-06-20","","FALSE","BBSF","FALSE","FALSE","","5,000,000","","EUR","","","","","","","","","","","","","","","","","","","","","","","","","0.05","","","","","","0.0245825","","","","","","false","","","3","","","A004","","","","","","","","551472.32000","MNTH","","","","3","","","","UFRO","EUR","","","","","false","1","","","","","","","","","","FALSE","","","","","","","","","QZ3HM9KVK2WL","NA/CDS Corp Idx","ITRAXX EUROPE CROSSOVER"
"3939418378000000101","","NEWT","TRAD","2026-06-30T13:53:03Z","","CR","","N","FALSE","2026-06-30T13:53:02Z","2026-03-20","2031-06-20","2031-06-20","TRUE","BILT","FALSE","TRUE","TRUE","100,000,000","","EUR","","","","","","","","","","","","","","","","","","","","","","","","2026-11-18","0.05","","596,000","EUR","","","","","","","0.035","","false","","","","","3","A004","","","","","","","","","MNTH","","","","3","","","","","","","","","","false","1","","","","","","","","","","FALSE","","","","","","","","","QZX75BBR2PZH","NA/CDS Idx Swt","NA/CDS Corp Idx"
"3939726765000000301","","NEWT","TRAD","2026-06-30T14:18:22Z","","CR","","I","TRUE","2026-06-30T14:18:22Z","2026-07-01","2031-06-20","","FALSE","BBSF","FALSE","FALSE","","36,000,000","","EUR","","","","","","","","","","","","","","","","","","","","","","","","","0.01","","","","","","0.005152","","","","","","false","","","3","","","A004","","","","","","","","818511.32000","MNTH","","","","3","","","","UFRO","EUR","","","","","false","1","","","","","","","","","","FALSE","","","","","","","","","QZTQ4GTC5QMF","NA/CDS Corp Idx","ITRAXX EUROPE"
"3939843333000000101","","NEWT","TRAD","2026-06-30T14:29:55Z","","CR","","I","TRUE","2026-06-30T14:29:55Z","2026-07-01","2031-06-20","","FALSE","BBSF","FALSE","FALSE","","30,000,000","","EUR","","","","","","","","","","","","","","","","","","","","","","","","","0.01","","","","","","0.0051515","","","","","","false","","","3","","","A004","","","","","","","","682163.72000","MNTH","","","","3","","","","UFRO","EUR","","","","","false","1","","","","","","","","","","FALSE","","","","","","","","","QZTQ4GTC5QMF","NA/CDS Corp Idx","ITRAXX EUROPE"
"3939686366000000101","","NEWT","TRAD","2026-06-30T14:06:05Z","","CR","","N","FALSE","2026-06-30T13:54:56Z","2026-03-20","2031-06-20","2031-06-20","TRUE","BILT","FALSE","TRUE","TRUE","400,000,000+","","USD","","","","","","","","","","","","","","","","","","","","","","","","2026-12-16","0.01","","457,995.42","USD","","","","","","","0.005","","false","","","","","3","A004","","","","","","","","","MNTH","","","","3","","","","","","","","","","false","1","","","","","","","","","","FALSE","","","","","","","","","QZQ9RDJP4641","NA/CDS Idx Swt","NA/CDS Corp Idx"
"3939877930000000101","","NEWT","TRAD","2026-06-30T14:29:10Z","","CR","","I","TRUE","2026-06-30T14:29:10Z","2026-03-20","2031-06-20","","","BILT","FALSE","FALSE","FALSE","10,000,000","","EUR","","","","","","","","","","","","","","","","","","","","","","","","","0.05","","","","","","","","","","","","false","","","","","","A004","","","","","","","","1111420.00000","MNTH","","","","3","","","","UFRO","EUR","","","","","false","1","","","","","","","","","","FALSE","","","","","","","","","QZ3HM9KVK2WL","NA/CDS Corp Idx","ITRAXX EUROPE CROSSOVER"
"3939911769000000101","","NEWT","TRAD","2026-06-30T14:29:35Z","","CR","","I","TRUE","2026-06-30T14:29:35Z","2026-03-20","2031-06-20","","","BILT","FALSE","FALSE","FALSE","45,000,000","","EUR","","","","","","","","","","","","","","","","","","","","","","","","","0.01","","","","","","","","","","","","false","","","","","","A004","","","","","","","","1022235.00000","MNTH","","","","3","","","","UFRO","EUR","","","","","false","1","","","","","","","","","","FALSE","","","","","","","","","QZTQ4GTC5QMF","NA/CDS Corp Idx","ITRAXX EUROPE"
"3941754968000000101","","NEWT","TRAD","2026-06-30T17:32:20Z","","CR","","I","TRUE","2026-06-30T17:32:20Z","2026-07-01","2031-06-20","","FALSE","BBSF","FALSE","FALSE","","25,000,000","","USD","","","","","","","","","","","","","","","","","","","","","","","","","0.05","","","","","","0.01081195","","","","","","false","","","3","","","A004","","","","","","","","2040513.75000","MNTH","","","","3","","","","UFRO","USD","","","","","false","0.99","","","","","","","","","","FALSE","","","","","","","","","QZHH8NT767RX","NA/CDS Corp Idx","CDX.NA.HY"
"3939787487000000101","","NEWT","TRAD","2026-06-30T14:23:13Z","","CR","","I","TRUE","2026-06-30T14:23:13Z","2026-07-01","2031-06-20","","FALSE","BBSF","FALSE","FALSE","","80,000,000","","EUR","","","","","","","","","","","","","","","","","","","","","","","","","0.01","","","","","","0.005155","","","","","","false","","","3","","","A004","","","","","","","","1817778.90000","MNTH","","","","3","","","","UFRO","EUR","","","","","false","1","","","","","","","","","","TRUE","","","","0.019245","","3","","","QZTQ4GTC5QMF","NA/CDS Corp Idx","ITRAXX EUROPE"
"3939827259000000701","","NEWT","TRAD","2026-06-30T14:28:10Z","","CR","","I","FALSE","2026-06-30T14:28:10Z","2026-07-01","2031-06-20","","FALSE","BBSF","FALSE","FALSE","","13,000,000","","USD","","","","","","","","","","","","","","","","","","","","","","","","","0.01","","","","","","0.00982325","","","","","","false","","","3","","","A004","","","","","","","","226525.00000","MNTH","","","","3","","","","UFRO","USD","","","","","false","1","","","","","","","","","","FALSE","","","","","","","","","QZ4JMQKL3P03","NA/CDS Corp Idx","CDX.EM"
"3937733584000000101","","NEWT","TRAD","2026-06-30T11:42:27Z","","CR","","I","TRUE","2026-06-30T11:42:27Z","2026-07-01","2031-06-20","","","TWSF","FALSE","FALSE","","21,000,000","","USD","","","","","","","","","","","","","","","","","","","","","","","","","0.01","","","","","","0.0050671","","","","","","false","","","3","","","A004","","","","","","","","468962.04663","MNTH","","","","3","","","","UFRO","USD","","","","","false","1","","","","","","","","","","FALSE","","","","","","","","","QZ3WVVQG5T8K","NA/CDS Corp Idx","CDX.NA.IG"
"3937766171000000101","","NEWT","TRAD","2026-06-30T11:44:23Z","","CR","","I","TRUE","2026-06-30T11:44:23Z","2026-03-20","2031-06-20","","FALSE","BGCD","FALSE","FALSE","","50,000,000","","EUR","","","","","","","","","","","","","","","","","","","","","","","","","","","","","","","0.00515","","","","","","false","","","3","","","A004","","","","","","","","","MNTH","","","","3","","","","","","","","","","false","1","","","","","","","","","","TRUE","","","","-0.001375","","3","","","QZTQ4GTC5QMF","NA/CDS Corp Idx","ITRAXX EUROPE"
"3938199443000000101","","NEWT","TRAD","2026-06-30T12:16:00Z","","CR","","N","FALSE","2026-06-30T12:16:00Z","2026-08-19","2026-08-19","2031-06-20","FALSE","BILT","FALSE","FALSE","FALSE","180,000,000","","EUR","","","","","","","","","","","","","","","","","","","","","","","","2026-08-19","0.05","","521,999.275","EUR","","","","","","","0.0275","","false","","","","","3","A004","","","","","","","","","MNTH","","","","3","","","","","","","","","","false","","","","","","","","","","","TRUE","0.002365","","3","","","","","","QZN6X938ZWQ4","NA/CDS Idx Swt","NA/CDS Corp Idx"
"3938201736000000301","","NEWT","TRAD","2026-06-30T12:25:50Z","","CR","","I","TRUE","2026-06-30T12:25:50Z","2026-03-20","2031-06-20","","FALSE","BGCD","FALSE","FALSE","","25,000,000","","EUR","","","","","","","","","","","","","","","","","","","","","","","","","","","","","","","0.0051625","","","","","","false","","","3","","","A004","","","","","","","","","MNTH","","","","3","","","","","","","","","","false","1","","","","","","","","","","FALSE","","","","","","","","","QZTQ4GTC5QMF","NA/CDS Corp Idx","ITRAXX EUROPE"
"3938146031000000101","","NEWT","TRAD","2026-06-30T12:18:48Z","","CR","","I","TRUE","2026-06-30T12:18:48Z","2026-07-01","2031-06-20","","FALSE","BBSF","FALSE","TRUE","","150,000,000","","EUR","","","","","","","","","","","","","","","","","","","","","","","","","0.01","","","","","","0.005154","","","","","","false","","","3","","","A004","","","","","","","","3409044.90000","MNTH","","","","3","","","","UFRO","EUR","","","","","false","1","","","","","","","","","","FALSE","","","","","","","","","QZTQ4GTC5QMF","NA/CDS Corp Idx","ITRAXX EUROPE"
"3937494860000000101","","NEWT","TRAD","2026-06-30T11:24:40Z","","CR","","I","FALSE","2026-06-30T11:24:40Z","2026-03-20","2031-06-20","","FALSE","BILT","FALSE","FALSE","TRUE","37,000,000","","USD","","","","","","","","","","","","","","","","","","","","","","","","","0.01","","","","","","","","","","","","false","","","","","","A004","","","","","","","","","MNTH","","","","3","","","","","","USD","","","","false","1","","","","","","","","","","FALSE","","","","","","","","","QZ4JMQKL3P03","NA/CDS Corp Idx","CDX.EM"
"3941076576000000201","","NEWT","TRAD","2026-06-30T16:20:26Z","","CR","","I","TRUE","2026-06-30T16:20:26Z","2026-07-01","2030-12-20","","FALSE","BBSF","FALSE","TRUE","","50,000,000","","USD","","","","","","","","","","","","","","","","","","","","","","","","","0.05","","","","","","0.01082054","","","","","","false","","","3","","","A004","","","","","","","","4081879.67042","MNTH","","","","3","","","","UFRO","USD","","","","","false","0.98","","","","","","","","","","FALSE","","","","","","","","","QZMD5JCHG48C","NA/CDS Corp Idx","CDX.NA.HY"
"3940465506000001401","3939465113000003601","EROR","","2026-06-30T15:40:09Z","","CR","","","","2026-06-30T13:52:32Z","2026-06-30","2026-09-16","","","","","","FALSE","","","","","","","","","","","","","","","","","","","","","","","","","","","","0.01","","","","","","","","","","","","","","","","","","","","","","","","","","","","","","","","","","","","","","","","","","","","","","","","","","","","","","","","","","","","","QZT4QS79CCTS","NA/CDS Idx Swt","NA/CDS Corp Idx"
"3940484373000000601","","NEWT","TRAD","2026-06-30T15:45:06Z","","CR","","I","TRUE","2026-06-30T15:45:06Z","2026-07-01","2031-06-20","","","TWSF","FALSE","FALSE","","21,000,000","","USD","","","","","","","","","","","","","","","","","","","","","","","","","0.05","","","","","","0.01081365","","","","","","false","","","3","","","A004","","","","","","","","1717562.25209","MNTH","","","","3","","","","UFRO","USD","","","","","false","0.99","","","","","","","","","","FALSE","","","","","","","","","QZHH8NT767RX","NA/CDS Corp Idx","CDX.NA.HY"
"3940061996000000401","","NEWT","TRAD","2026-06-30T14:52:14Z","","CR","","I","TRUE","2026-06-30T14:07:13Z","2026-03-20","2031-06-20","","FALSE","BGCO","FALSE","FALSE","FALSE","10,000,000","","EUR","","","","","","","","","","","","","","","","","","","","","","","","","0.05","","","","","","","","","","","","false","","","","","","A004","","","","","","","","","MNTH","","","","3","","","","","","EUR","","","","false","1","","","","","","","","","","FALSE","","","","","","","","","QZ3HM9KVK2WL","NA/CDS Corp Idx","ITRAXX EUROPE CROSSOVER"
"3940073650000000101","","NEWT","TRAD","2026-06-30T13:43:55Z","","CR","","N","FALSE","2026-06-30T13:43:55Z","2026-07-01","2027-03-20","2027-03-20","FALSE","BILT","FALSE","FALSE","TRUE","15,000,000","","EUR","","","","","","","","","","","","","","","","","","","","","","","","","0.0002386","","","","","","","","","","","","false","","","","","","A004","","","","","","","","8947.51611","MNTH","","","","3","","","","UFRO","EUR","","","","","false","1","","","","","","","","","","FALSE","","","","","","","","","QZ5PSBCP61H6","NA/CDS Corp Idx","IBOXX EUR LIQUID HIGH YIELD INDEX"
"3940570734000000201","","NEWT","TRAD","2026-06-30T15:51:57Z","","CR","","I","TRUE","2026-06-30T15:51:57Z","2026-07-01","2031-06-20","","FALSE","BBSF","FALSE","FALSE","","5,000,000","","EUR","","","","","","","","","","","","","","","","","","","","","","","","","0.05","","","","","","0.0245004","","","","","","false","","","3","","","A004","","","","","","","","553411.26000","MNTH","","","","3","","","","UFRO","EUR","","","","","false","1","","","","","","","","","","FALSE","","","","","","","","","QZ3HM9KVK2WL","NA/CDS Corp Idx","ITRAXX EUROPE CROSSOVER"
"3940355276000000101","","NEWT","TRAD","2026-06-30T15:28:52Z","","CR","","N","FALSE","2026-06-30T14:39:43Z","2026-06-30","2026-07-15","2031-06-20","TRUE","BILT","FALSE","FALSE","TRUE","120,000,000","","USD","","","","","","","","","","","","","","","","","","","","","","","","2026-07-15","0.05","","2,079.00347","USD","","","","","","","0.01","","false","","","","","3","A004","","","","","","","","","MNTH","","","","3","","","","","","","","","","false","0.99","","","","","","","","","","FALSE","","","","","","","","","QZ50LQCQ9CJW","NA/CDS Idx Swt","NA/CDS Corp Idx"
"3940675897000000101","","NEWT","TRAD","2026-06-30T15:56:12Z","","CR","","I","TRUE","2026-06-30T15:56:12Z","2026-07-01","2031-06-20","","FALSE","BILT","FALSE","FALSE","FALSE","23,000,000","","EUR","","","","","","","","","","","","","","","","","","","","","","","","","0.05","","","","","","","","","","","","false","","","","","","A004","","","","","","","","2548778.42000","MNTH","","","","3","","","","UFRO","EUR","","","","","false","1","","","","","","","","","","FALSE","","","","","","","","","QZ3HM9KVK2WL","NA/CDS Corp Idx","ITRAXX EUROPE CROSSOVER"
"3940654086000000101","","NEWT","TRAD","2026-06-30T15:56:08Z","FALSE","CR","","N","FALSE","2026-06-30T15:56:08Z","2025-09-22","2030-12-20","","FALSE","TPSE","FALSE","FALSE","","20,000,000","","USD","","","","","","","","","","","","","","","","","","","","","","","","","0.05","","","","","","","","","","","","false","","","","","","","","","","","","","","","","","","","","","","","","","USD","","","","false","1","","","","","","","","","","FALSE","","","","","","","","","QZQWH12BK7Q2","NA/CDS Corp Idx Tra","CDX.NA.HY"
"3940578085000000101","","NEWT","NOVA","2026-06-30T15:51:43Z","","CR","","N","FALSE","2026-06-30T15:51:43Z","2026-06-30","2026-09-16","2031-06-20","FALSE","BILT","FALSE","FALSE","TRUE","400,000,000+","","USD","","","","","","","","","","","","","","","","","","","","","","","","2026-09-16","0.01","","0","","","","","","","","0.007","","false","","","","","3","A004","","","","","","","","","MNTH","","","","3","","","","","","","","","","false","1","","","","","","","","","","FALSE","","","","","","","","","QZT4QS79CCTS","NA/CDS Idx Swt","NA/CDS Corp Idx"
"3940213622000000201","","NEWT","TRAD","2026-06-30T15:11:15Z","","CR","","I","TRUE","2026-06-30T15:11:15Z","2026-07-01","2031-06-20","","FALSE","BBSF","FALSE","FALSE","","25,000,000","","USD","","","","","","","","","","","","","","","","","","","","","","","","","0.01","","","","","","0.00507305","","","","","","false","","","3","","","A004","","","","","","","","557606.56000","MNTH","","","","3","","","","UFRO","USD","","","","","false","1","","","","","","","","","","FALSE","","","","","","","","","QZ3WVVQG5T8K","NA/CDS Corp Idx","CDX.NA.IG"
"3941152507000000101","","NEWT","TRAD","2026-06-30T16:24:31Z","","CR","","I","TRUE","2026-06-30T16:24:31Z","2026-07-01","2029-06-20","","FALSE","BBSF","FALSE","TRUE","","3,000,000","","USD","","","","","","","","","","","","","","","","","","","","","","","","","0.05","","","","","","0.0107479","","","","","","false","","","3","","","A004","","","","","","","","225838.04720","MNTH","","","","3","","","","UFRO","USD","","","","","false","0.99","","","","","","","","","","FALSE","","","","","","","","","QZJZ1NZJZQCG","NA/CDS Corp Idx","CDX.NA.HY"
"3940950807000000201","","NEWT","TRAD","2026-06-30T16:11:45Z","","CR","","I","TRUE","2026-06-30T16:11:45Z","2026-07-01","2036-06-20","","FALSE","BBSF","FALSE","TRUE","","350,079,993+","","EUR","","","","","","","","","","","","","","","","","","","","","","","","","0.01","","","","","","0.00933","","","","","","false","","","3","","","A004","","","","","","","","2027673.02921","MNTH","","","","3","","","","UFRO","EUR","","","","","false","1","","","","","","","","","","TRUE","","","","0.00415","","3","","","QZ4LNL81ZBTS","NA/CDS Corp Idx","ITRAXX EUROPE"
"3941321583000001601","","NEWT","TRAD","2026-06-30T16:36:01Z","","CR","","N","FALSE","2026-06-30T16:36:01Z","2026-03-20","2031-06-20","","FALSE","BILT","FALSE","FALSE","FALSE","29,000,000","","USD","","","","","","","","","","","","","","","","","","","","","","","","","0.01","","","","","","","","","","","","false","","","","","","A004","","","","","","","","503147.77920","MNTH","","","","3","","","","UFRO","USD","","","","","false","1","","","","","","","","","","FALSE","","","","","","","","","QZ39BZSFH68L","NA/CDS Sov Idx","CDX.EM"
"3940998842000000101","","NEWT","TRAD","2026-06-30T16:11:22Z","","CR","","N","FALSE","2026-06-30T16:11:22Z","2026-06-30","2026-10-21","2031-06-20","FALSE","BILT","FALSE","FALSE","TRUE","200,000,000","","USD","","","","","","","","","","","","","","","","","","","","","","","","2026-10-21","0.05","","1,104,840","USD","","","","","","","0.0104","","false","","","","","3","A004","","","","","","","","","MNTH","","","","3","","","","","","","","","","false","0.99","","","","","","","","","","FALSE","","","","","","","","","QZHJMSG8W2ZX","NA/CDS Idx Swt","NA/CDS Corp Idx"
"3941355136000000201","","NEWT","TRAD","2026-06-30T16:38:47Z","","CR","","I","TRUE","2026-06-30T16:38:47Z","2026-07-01","2031-06-20","","","TWSF","FALSE","FALSE","","2,000,000","","USD","","","","","","","","","","","","","","","","","","","","","","","","","0.05","","","","","","0.0108123","","","","","","false","","","3","","","A004","","","","","","","","163309.99172","MNTH","","","","3","","","","UFRO","USD","","","","","false","0.99","","","","","","","","","","FALSE","","","","","","","","","QZHH8NT767RX","NA/CDS Corp Idx","CDX.NA.HY"
"3941347383000000101","","NEWT","TRAD","2026-06-30T16:38:09Z","","CR","","I","TRUE","2026-06-30T16:38:09Z","2026-07-01","2031-06-20","","FALSE","BBSF","FALSE","FALSE","","43,000,000","","USD","","","","","","","","","","","","","","","","","","","","","","","","","0.05","","","","","","0.0108139","","","","","","false","","","3","","","A004","","","","","","","","3517974.65511","MNTH","","","","3","","","","UFRO","USD","","","","","false","0.99","","","","","","","","","","FALSE","","","","","","","","","QZHH8NT767RX","NA/CDS Corp Idx","CDX.NA.HY"
"3941484891000000201","","NEWT","TRAD","2026-06-30T16:50:47Z","","CR","","I","TRUE","2026-06-30T16:50:47Z","2026-07-01","2031-06-20","","FALSE","BBSF","FALSE","FALSE","","1,000,000","","USD","","","","","","","","","","","","","","","","","","","","","","","","","0.01","","","","","","0.0050656","","","","","","false","","","3","","","A004","","","","","","","","22338.27000","MNTH","","","","3","","","","UFRO","USD","","","","","false","1","","","","","","","","","","FALSE","","","","","","","","","QZ3WVVQG5T8K","NA/CDS Corp Idx","CDX.NA.IG"
"3941497500000000101","","NEWT","TRAD","2026-06-30T16:51:27Z","","CR","","I","TRUE","2026-06-30T16:51:27Z","2026-07-01","2031-06-20","","FALSE","BBSF","FALSE","FALSE","","1,000,000","","USD","","","","","","","","","","","","","","","","","","","","","","","","","0.01","","","","","","0.005064","","","","","","false","","","3","","","A004","","","","","","","","22345.55458","MNTH","","","","3","","","","UFRO","USD","","","","","false","1","","","","","","","","","","FALSE","","","","","","","","","QZ3WVVQG5T8K","NA/CDS Corp Idx","CDX.NA.IG"
"3929390675000000101","","NEWT","TRAD","2026-06-30T08:14:15Z","","CR","","I","TRUE","2026-06-30T08:14:15Z","2026-07-01","2031-06-20","","","TWSF","FALSE","TRUE","","35,000,000","","EUR","","","","","","","","","","","","","","","","","","","","","","","","","0.05","","","","","","0.0245","","","","","","false","","","3","","","A004","","","","","","","","3873944.98000","MNTH","","","","3","","","","UFRO","EUR","","","","","false","1","","","","","","","","","","FALSE","","","","","","","","","QZ3HM9KVK2WL","NA/CDS Corp Idx","ITRAXX EUROPE CROSSOVER"
"3941800337000000101","","NEWT","TRAD","2026-06-30T17:42:16Z","","CR","","I","TRUE","2026-06-30T17:42:16Z","2026-03-20","2031-06-20","","FALSE","TPSE","FALSE","FALSE","","50,000,000","","USD","","","","","","","","","","","","","","","","","","","","","","","","","0.01","","","","","","0.00508","","","","","","false","","","3","","","A004","","","","","","","","","MNTH","","","","3","","","","","","USD","","","","false","1","","","","","","","OTHR","","","FALSE","","","","","","","","","QZ3WVVQG5T8K","NA/CDS Corp Idx","CDX.NA.IG"
"3941815850000000301","3941800340000000401","MODI","TRAD","2026-06-30T17:44:13Z","TRUE","CR","","I","TRUE","2026-06-30T17:42:33Z","2026-03-20","2031-06-20","","FALSE","TPSE","FALSE","FALSE","","25,000,000","","USD","","","","","","","","","","","","","","","","","","","","","","","","","0.01","","","","","","0.00508","","","","","","false","","","3","","","A004","","","","","","","","","MNTH","","","","3","","","","","","USD","","","","false","1","","","","","","","OTHR","","","FALSE","","","","","","","","","QZ3WVVQG5T8K","NA/CDS Corp Idx","CDX.NA.IG"
"3941815848000000101","3941800337000000101","MODI","TRAD","2026-06-30T17:44:00Z","TRUE","CR","","I","TRUE","2026-06-30T17:42:16Z","2026-03-20","2031-06-20","","FALSE","TPSE","FALSE","FALSE","","50,000,000","","USD","","","","","","","","","","","","","","","","","","","","","","","","","0.01","","","","","","0.00508","","","","","","false","","","3","","","A004","","","","","","","","","MNTH","","","","3","","","","","","USD","","","","false","1","","","","","","","OTHR","","","FALSE","","","","","","","","","QZ3WVVQG5T8K","NA/CDS Corp Idx","CDX.NA.IG"
"3943460914000000501","","NEWT","TRAD","2026-06-30T20:00:26Z","","CR","","I","TRUE","2026-06-30T20:00:26Z","2026-07-01","2031-06-20","","","TWSF","FALSE","FALSE","","8,000,000","","USD","","","","","","","","","","","","","","","","","","","","","","","","","0.05","","","","","","0.0108055","","","","","","false","","","3","","","A004","","","","","","","","647856.00000","MNTH","","","","3","","","","UFRO","USD","","","","","false","0.99","","","","","","","","","","FALSE","","","","","","","","","QZHH8NT767RX","NA/CDS Corp Idx","CDX.NA.HY"
"3943482476000000101","","NEWT","TRAD","2026-06-30T20:05:21Z","","CR","","I","TRUE","2026-06-30T20:05:21Z","2026-07-01","2030-12-20","","","TWSF","FALSE","TRUE","","250,000,000+","","USD","","","","","","","","","","","","","","","","","","","","","","","","","0.01","","","","","","0.00467","","","","","","false","","","3","","","A004","","","","","","","","5497148.48122","MNTH","","","","3","","","","UFRO","USD","","","","","false","1","","","","","","","","","","TRUE","","","","0.00467","","3","","","QZN3HTTN5303","NA/CDS Corp Idx","CDX.NA.IG"
"3943512176000000101","","NEWT","TRAD","2026-06-30T20:06:18Z","","CR","","I","TRUE","2026-06-30T20:06:18Z","2026-07-01","2031-06-20","","","TWSF","FALSE","TRUE","","250,000,000+","","USD","","","","","","","","","","","","","","","","","","","","","","","","","0.01","","","","","","0.00508","","","","","","false","","","3","","","A004","","","","","","","","5568238.95365","MNTH","","","","3","","","","UFRO","USD","","","","","false","1","","","","","","","","","","TRUE","","","","0.00508","","3","","","QZ3WVVQG5T8K","NA/CDS Corp Idx","CDX.NA.IG"
"3938367548000000101","","NEWT","TRAD","2026-06-30T12:41:09Z","","CR","","I","TRUE","2026-06-30T12:41:09Z","2026-07-01","2031-06-20","","","TWSF","FALSE","TRUE","","166,287,997+","","EUR","","","","","","","","","","","","","","","","","","","","","","","","","0.01","","","","","","0.005152","","","","","","false","","","3","","","A004","","","","","","","","3780792.01925","MNTH","","","","3","","","","UFRO","EUR","","","","","false","1","","","","","","","","","","FALSE","","","","","","","","","QZTQ4GTC5QMF","NA/CDS Corp Idx","ITRAXX EUROPE"
"3938688836000000101","","NEWT","TRAD","2026-06-30T13:03:45Z","","CR","","I","FALSE","2026-06-30T13:03:45Z","2026-07-01","2031-06-20","","FALSE","BBSF","FALSE","FALSE","","23,000,000","","EUR","","","","","","","","","","","","","","","","","","","","","","","","","0.01","","","","","","0.005436","","","","","","false","","","3","","","A004","","","","","","","","492077.83000","MNTH","","","","3","","","","UFRO","EUR","","","","","false","1","","","","","","","","","","FALSE","","","","","","","","","QZTB38W3WJ98","NA/CDS Corp Idx","ITRAXX EUROPE SENIOR FINANCIALS"
"3945100445000000101","976053393","CORR","","2026-06-30T20:45:53Z","","CR","","N","FALSE","2021-12-03T21:32:38Z","2021-11-12","2026-09-09","","FALSE","BILT","FALSE","FALSE","FALSE","13,000,000","13,000,000","USD","USD","","","","","","","","","","","11000000;11000000","10968719;10724970","2026-04-09;2026-07-09","2026-04-09;2026-07-09","2026-07-09;2026-09-09","2026-07-09;2026-09-09","","","","","","","","0.012796","","","","","","","0.0011448","","","","","false","","","3","3","","A004","","","A004","","MNTH","","1","","MNTH","","","MNTH","1","","","1","","","USD","USD","","","false","","","","","","","","","","","FALSE","","","","","","","","","QZTKB48FX7D0","NA/Ot Ot Oth",""
"3941820655000000101","","NEWT","TRAD","2026-06-30T17:45:23Z","","CR","","N","FALSE","2026-06-30T17:45:23Z","2026-06-30","2056-12-15","","FALSE","TPSE","FALSE","FALSE","","5,000,000","","USD","","","","","","","","","","","","","","","","","","","","","","","","","0.01","","","","","","0.0084","","","","","","false","","","3","","","A004","","","","","","","","","MNTH","","","","1","","","","","","USD","","","","false","1","","","","","","","OTHR","","","FALSE","","","","","","","","","QZT3T8V69988","NA/CDS Corp Idx","CMBX.NA.AS"
"3941817675000000101","","NEWT","TRAD","2026-06-30T17:44:39Z","","CR","","I","TRUE","2026-06-30T17:44:39Z","2026-07-01","2026-12-20","","FALSE","BBSF","FALSE","TRUE","","3,000,000","","USD","","","","","","","","","","","","","","","","","","","","","","","","","0.05","","","","","","0.010188","","","","","","false","","","3","","","A004","","","","","","","","57142.44286","MNTH","","","","3","","","","UFRO","USD","","","","","false","0.95","","","","","","","","","","FALSE","","","","","","","","","QZ6VW6NRMQ0M","NA/CDS Corp Idx","CDX.NA.HY"
"3941908129000000101","","NEWT","TRAD","2026-06-30T18:03:48Z","","CR","","I","TRUE","2026-06-30T18:03:48Z","2026-07-01","2031-06-20","","FALSE","BBSF","FALSE","FALSE","","10,000,000","","USD","","","","","","","","","","","","","","","","","","","","","","","","","0.05","","","","","","0.01081125","","","","","","false","","","3","","","A004","","","","","","","","815512.50000","MNTH","","","","3","","","","UFRO","USD","","","","","false","0.99","","","","","","","","","","FALSE","","","","","","","","","QZHH8NT767RX","NA/CDS Corp Idx","CDX.NA.HY"
"3941915378000000101","","NEWT","TRAD","2026-06-30T18:05:21Z","","CR","","I","TRUE","2026-06-30T18:05:21Z","2026-07-01","2031-06-20","","","TWSF","FALSE","FALSE","","25,000,000","","USD","","","","","","","","","","","","","","","","","","","","","","","","","0.05","","","","","","0.0108109","","","","","","false","","","3","","","A004","","","","","","","","2037915.00000","MNTH","","","","3","","","","UFRO","USD","","","","","false","0.99","","","","","","","","","","FALSE","","","","","","","","","QZHH8NT767RX","NA/CDS Corp Idx","CDX.NA.HY"
"3941918901000000201","","NEWT","TRAD","2026-06-30T18:05:46Z","","CR","","I","TRUE","2026-06-30T18:05:46Z","2026-07-01","2031-06-20","","","TWSF","FALSE","TRUE","","70,000,000","","USD","","","","","","","","","","","","","","","","","","","","","","","","","0.05","","","","","","0.01081025","","","","","","false","","","3","","","A004","","","","","","","","5701657.50000","MNTH","","","","3","","","","UFRO","USD","","","","","false","0.99","","","","","","","","","","FALSE","","","","","","","","","QZHH8NT767RX","NA/CDS Corp Idx","CDX.NA.HY"
"3942003513000000101","","NEWT","TRAD","2026-06-30T18:21:25Z","","CR","","N","FALSE","2026-06-30T18:21:25Z","2025-09-22","2030-12-20","2030-12-20","FALSE","BILT","FALSE","FALSE","FALSE","25,000,000","","USD","","","","","","","","","","","","","","","","","","","","","","","","","0.05","","","","","","","","","","","","false","","","","","","A004","","","","","","","","3693750.00000","MNTH","","","","3","","","","UFRO","USD","","","","","false","0.98","","","","","","","","","","FALSE","","","","","","","","","QZ7ZRB20S7R5","NA/CDS Corp Idx Tra","CDX.NA.HY"
"3940240941000000801","","NEWT","TRAD","2026-06-30T15:11:47Z","","CR","","N","FALSE","2026-06-30T15:11:47Z","2026-06-30","2026-10-21","2031-06-20","FALSE","BILT","FALSE","FALSE","TRUE","350,079,993+","","EUR","","","","","","","","","","","","","","","","","","","","","","","","2026-10-21","0.01","","341,328","EUR","","","","","","","0.0075","","false","","","","","3","A004","","","","","","","","","MNTH","","","","3","","","","","","","","","","false","1","","","","","","","","","","FALSE","","","","","","","","","QZ2L66CGCV9J","NA/CDS Idx Swt","NA/CDS Corp Idx"
"3940345891000000201","","NEWT","TRAD","2026-06-30T15:27:52Z","","CR","","I","TRUE","2026-06-30T15:27:52Z","2026-07-01","2031-06-20","","FALSE","BBSF","FALSE","TRUE","","47,260,799+","","EUR","","","","","","","","","","","","","","","","","","","","","","","","","0.05","","","","","","0.024495","","","","","","false","","","3","","","A004","","","","","","","","5232159.77619","MNTH","","","","3","","","","UFRO","EUR","","","","","false","1","","","","","","","","","","FALSE","","","","","","","","","QZ3HM9KVK2WL","NA/CDS Corp Idx","ITRAXX EUROPE CROSSOVER"
"3943293928000000201","","NEWT","TRAD","2026-06-30T19:52:29Z","","CR","","I","TRUE","2026-06-30T19:52:29Z","2026-07-01","2031-06-20","","FALSE","BBSF","FALSE","TRUE","","76,000,000+","","USD","","","","","","","","","","","","","","","","","","","","","","","","","0.05","","","","","","0.010808","","","","","","false","","","3","","","A004","","","","","","","","6173427.98472","MNTH","","","","3","","","","UFRO","USD","","","","","false","0.99","","","","","","","","","","FALSE","","","","","","","","","QZHH8NT767RX","NA/CDS Corp Idx","CDX.NA.HY"
"3927071477000000101","","NEWT","TRAD","2026-06-30T07:21:07Z","","CR","","I","TRUE","2026-06-30T07:21:07Z","2026-07-01","2031-06-20","","","TWSF","FALSE","FALSE","","15,000,000","","EUR","","","","","","","","","","","","","","","","","","","","","","","","","0.05","","","","","","0.02448888","","","","","","false","","","3","","","A004","","","","","","","","1661050.28000","MNTH","","","","3","","","","UFRO","EUR","","","","","false","1","","","","","","","","","","FALSE","","","","","","","","","QZ3HM9KVK2WL","NA/CDS Corp Idx","ITRAXX EUROPE CROSSOVER"
"3944005612000000101","3919829050000000101","CORR","","2026-06-29T17:13:43Z","","CR","","N","FALSE","2026-06-29T17:13:43Z","2026-06-30","2063-05-11","","FALSE","BILT","FALSE","FALSE","FALSE","5,000,000","","USD","","","","","","","","","","","","","","","","","","","","","","","","","0.05","","","","","","","","","","","","false","","","","","","A004","","","","","","","","624389.42000","MNTH","","","","1","","","","UFRO","USD","USD","","","","false","0.432373533","","","","","","","","","","FALSE","","","","","","","","","QZQFT1PB3140","NA/CDS Corp Idx","CMBX.NA.BB"
"3941931838000000401","2588899765000000101","CORR","","2026-06-30T18:08:04Z","","CR","","N","FALSE","2026-04-01T15:29:12Z","2026-06-27","2065-05-15","2065-05-15","TRUE","BILT","FALSE","FALSE","TRUE","84,000,000","","USD","","","","","","","","","","","","","","","","","","","","","","","","","","","","","","","","","","","","","false","","","","","","","","A004","","DAIL","","1","","1550983.24767;1568192.74385","","","","","","","","","UFRO;UWIN","USD;USD","USD","","","","true","","","","","","","","OPET","","","FALSE","","","","","","","","","QZWBC8GZ8TBN","NA/CDS Corp Oth","Basket"
"3942221586000000101","","NEWT","TRAD","2026-06-30T18:49:47Z","","CR","","I","TRUE","2026-06-30T18:49:47Z","2026-07-01","2031-06-20","","FALSE","BBSF","FALSE","FALSE","","11,000,000","","USD","","","","","","","","","","","","","","","","","","","","","","","","","0.05","","","","","","0.01080971","","","","","","false","","","3","","","A004","","","","","","","","895387.49875","MNTH","","","","3","","","","UFRO","USD","","","","","false","0.99","","","","","","","","","","FALSE","","","","","","","","","QZHH8NT767RX","NA/CDS Corp Idx","CDX.NA.HY"
"3942148066000000201","","NEWT","TRAD","2026-06-30T18:42:16Z","","CR","","I","TRUE","2026-06-30T18:42:16Z","2026-07-01","2031-06-20","","FALSE","BBSF","FALSE","FALSE","","85,000,000","","USD","","","","","","","","","","","","","","","","","","","","","","","","","0.01","","","","","","0.00507888","","","","","","false","","","3","","","A004","","","","","","","","1893600.21000","MNTH","","","","3","","","","UFRO","USD","","","","","false","1","","","","","","","","","","FALSE","","","","","","","","","QZ3WVVQG5T8K","NA/CDS Corp Idx","CDX.NA.IG"
"3942341091000000101","","NEWT","TRAD","2026-06-30T18:54:43Z","","CR","","I","TRUE","2026-06-30T18:54:43Z","2026-07-01","2031-06-20","","FALSE","BBSF","FALSE","FALSE","","5,000,000","","USD","","","","","","","","","","","","","","","","","","","","","","","","","0.05","","","","","","0.0108105","","","","","","false","","","3","","","A004","","","","","","","","407385.00000","MNTH","","","","3","","","","UFRO","USD","","","","","false","0.99","","","","","","","","","","FALSE","","","","","","","","","QZHH8NT767RX","NA/CDS Corp Idx","CDX.NA.HY"
"3942201304000000201","","NEWT","TRAD","2026-06-30T18:48:24Z","","CR","","I","TRUE","2026-06-30T18:48:24Z","2026-07-01","2031-06-20","","","TWSF","FALSE","TRUE","","76,000,000+","","USD","","","","","","","","","","","","","","","","","","","","","","","","","0.05","","","","","","0.0108098","","","","","","false","","","3","","","A004","","","","","","","","6187025.90385","MNTH","","","","3","","","","UFRO","USD","","","","","false","0.99","","","","","","","","","","FALSE","","","","","","","","","QZHH8NT767RX","NA/CDS Corp Idx","CDX.NA.HY"
"3943267546000000101","","NEWT","TRAD","2026-06-30T19:47:01Z","","CR","","I","TRUE","2026-06-30T19:47:01Z","2026-07-01","2031-06-20","","","TWSF","FALSE","TRUE","","53,000,000","","USD","","","","","","","","","","","","","","","","","","","","","","","","","0.05","","","","","","0.010809","","","","","","false","","","3","","","A004","","","","","","","","4310410.50000","MNTH","","","","3","","","","UFRO","USD","","","","","false","0.99","","","","","","","","","","FALSE","","","","","","","","","QZHH8NT767RX","NA/CDS Corp Idx","CDX.NA.HY"
"3943341447000000101","","NEWT","TRAD","2026-06-30T19:59:45Z","","CR","","N","FALSE","2026-06-30T19:59:45Z","2026-07-01","2031-06-20","","FALSE","BILT","FALSE","FALSE","FALSE","1,000,000","","USD","","","","","","","","","","","","","","","","","","","","","","","","","0.05","","","","","","","","","","","","false","","","","","","A004","","","","","","","","81368.10000","MNTH","","","","3","","","","UFRO","USD","USD","","","","false","0.99","","","","","","","","","","FALSE","","","","","","","","","QZHH8NT767RX","NA/CDS Corp Idx","CDX.NA.HY"
"3932521152000000101","","NEWT","TRAD","2026-06-30T09:14:20Z","","CR","","I","TRUE","2026-06-30T09:14:20Z","2026-07-01","2030-12-20","","FALSE","BBSF","FALSE","TRUE","","47,260,799+","","EUR","","","","","","","","","","","","","","","","","","","","","","","","","0.05","","","","","","0.020983","","","","","","false","","","3","","","A004","","","","","","","","5506456.56998","MNTH","","","","3","","","","UFRO","EUR","","","","","false","1","","","","","","","","","","TRUE","","","","0.003446","","3","","","QZ5F5FRS4TR9","NA/CDS Corp Idx","ITRAXX EUROPE CROSSOVER"
"3937031468000000201","3865936938000000201","MODI","TRAD","2026-06-30T10:48:55Z","TRUE","CR","","N","FALSE","2026-06-25T14:49:54Z","2026-03-20","2031-06-20","2031-06-20","TRUE","BILT","FALSE","TRUE","TRUE","200,000,000","","USD","","","","","","","","","","","","","","","","","","","","","","","","2026-08-19","0.05","","148,500","USD","","","","","","","100","USD","false","","","","","1","A004","","","","","","","","","MNTH","","","","3","","","","","","","","","","false","0.99","","","","","","","","","","FALSE","","","","","","","","","QZX75BBR2PZH","NA/CDS Idx Swt","NA/CDS Corp Idx"
"3936734795000000101","","NEWT","TRAD","2026-06-30T10:42:00Z","","CR","","I","TRUE","2026-06-30T10:42:00Z","2026-07-01","2031-06-20","","","TWSF","FALSE","FALSE","","6,000,000","","EUR","","","","","","","","","","","","","","","","","","","","","","","","","0.01","","","","","","0.00515245","","","","","","false","","","3","","","A004","","","","","","","","136405.65889","MNTH","","","","3","","","","UFRO","EUR","","","","","false","1","","","","","","","","","","FALSE","","","","","","","","","QZTQ4GTC5QMF","NA/CDS Corp Idx","ITRAXX EUROPE"
"3926564846000000101","","NEWT","TRAD","2026-06-30T06:56:43Z","","CR","","I","TRUE","2026-06-30T06:56:43Z","2026-07-01","2031-06-20","","FALSE","BBSF","FALSE","FALSE","","75,000,000","","EUR","","","","","","","","","","","","","","","","","","","","","","","","","0.01","","","","","","0.0051639","","","","","","false","","","3","","","A004","","","","","","","","1701010.73000","MNTH","","","","3","","","","UFRO","EUR","","","","","false","1","","","","","","","","","","FALSE","","","","","","","","","QZTQ4GTC5QMF","NA/CDS Corp Idx","ITRAXX EUROPE"
"3937561366000000201","","NEWT","TRAD","2026-06-30T11:30:17Z","","CR","","I","TRUE","2026-06-30T11:30:17Z","2026-07-01","2031-06-20","","FALSE","BBSF","FALSE","FALSE","","10,000,000","","EUR","","","","","","","","","","","","","","","","","","","","","","","","","0.05","","","","","","0.02435","","","","","","false","","","3","","","A004","","","","","","","","1113932.82000","MNTH","","","","3","","","","UFRO","EUR","","","","","false","1","","","","","","","","","","FALSE","","","","","","","","","QZ3HM9KVK2WL","NA/CDS Corp Idx","ITRAXX EUROPE CROSSOVER"
"3928571777000000201","","NEWT","TRAD","2026-06-30T07:58:02Z","","CR","","I","TRUE","2026-06-30T07:58:02Z","2026-07-01","2031-06-20","","","TWSF","FALSE","FALSE","","7,000,000","","EUR","","","","","","","","","","","","","","","","","","","","","","","","","0.05","","","","","","0.02451799","","","","","","false","","","3","","","A004","","","","","","","","774196.90991","MNTH","","","","3","","","","UFRO","EUR","","","","","false","1","","","","","","","","","","FALSE","","","","","","","","","QZ3HM9KVK2WL","NA/CDS Corp Idx","ITRAXX EUROPE CROSSOVER"
"3928265431000000101","","NEWT","TRAD","2026-06-30T07:51:03Z","","CR","","I","TRUE","2026-06-30T07:51:03Z","2026-07-01","2031-06-20","","FALSE","BBSF","FALSE","TRUE","","130,000,000","","EUR","","","","","","","","","","","","","","","","","","","","","","","","","0.01","","","","","","0.005161","","","","","","false","","","3","","","A004","","","","","","","","2950201.60240","MNTH","","","","3","","","","UFRO","EUR","","","","","false","1","","","","","","","","","","FALSE","","","","","","","","","QZTQ4GTC5QMF","NA/CDS Corp Idx","ITRAXX EUROPE"
"3946216215000000101","","NEWT","TRAD","2026-06-30T21:23:03Z","","CR","","N","FALSE","2026-06-30T21:23:03Z","2026-07-01","2026-07-15","2031-06-20","FALSE","BILT","FALSE","FALSE","TRUE","400,000,000+","","USD","","","","","","","","","","","","","","","","","","","","","","","","2026-07-15","0.01","","11,199.9888","USD","","","","","","","100","USD","false","","","","","1","A004","","","","","","","","","MNTH","","","","3","","","","","","","","","","false","","","","","","","","","","","FALSE","","","","","","","","","QZ7WW76RFHN3","NA/CDS Idx Swt","NA/CDS Corp Idx"
"3927237170000000201","","NEWT","TRAD","2026-06-30T07:26:16Z","","CR","","I","FALSE","2026-06-30T07:26:16Z","2026-07-01","2031-06-20","","FALSE","BBSF","FALSE","FALSE","","25,000,000","","EUR","","","","","","","","","","","","","","","","","","","","","","","","","0.01","","","","","","0.00887","","","","","","false","","","3","","","A004","","","","","","","","136484.31000","MNTH","","","","3","","","","UFRO","EUR","","","","","false","1","","","","","","","","","","FALSE","","","","","","","","","QZ5GD86QBKCC","NA/CDS Corp Idx","ITRAXX EUROPE SUB FINANCIALS"
"3939716886000000201","","NEWT","TRAD","2026-06-30T14:17:12Z","","CR","","I","TRUE","2026-06-30T14:17:12Z","2026-07-01","2031-06-20","","FALSE","BBSF","FALSE","FALSE","","50,000,000","","EUR","","","","","","","","","","","","","","","","","","","","","","","","","0.01","","","","","","0.005156","","","","","","false","","","3","","","A004","","","","","","","","1135875.33000","MNTH","","","","3","","","","UFRO","EUR","","","","","false","1","","","","","","","","","","FALSE","","","","","","","","","QZTQ4GTC5QMF","NA/CDS Corp Idx","ITRAXX EUROPE"
"3939237445000000501","","NEWT","TRAD","2026-06-30T13:40:32Z","","CR","","I","TRUE","2026-06-30T13:40:32Z","2026-07-01","2031-06-20","","FALSE","BBSF","FALSE","FALSE","","5,000,000","","EUR","","","","","","","","","","","","","","","","","","","","","","","","","0.05","","","","","","0.02432","","","","","","false","","","3","","","A004","","","","","","","","557676.93074","MNTH","","","","3","","","","UFRO","EUR","","","","","false","1","","","","","","","","","","FALSE","","","","","","","","","QZ3HM9KVK2WL","NA/CDS Corp Idx","ITRAXX EUROPE CROSSOVER"
"3939504493000000301","","NEWT","TRAD","2026-06-30T13:58:10Z","","CR","","I","TRUE","2026-06-30T13:58:10Z","2026-07-01","2031-06-20","","FALSE","BBSF","FALSE","FALSE","","40,000,000","","EUR","","","","","","","","","","","","","","","","","","","","","","","","","0.01","","","","","","0.0051475","","","","","","false","","","3","","","A004","","","","","","","","910308.42000","MNTH","","","","3","","","","UFRO","EUR","","","","","false","1","","","","","","","","","","FALSE","","","","","","","","","QZTQ4GTC5QMF","NA/CDS Corp Idx","ITRAXX EUROPE"
"3939096727000001001","","NEWT","TRAD","2026-06-30T13:30:44Z","","CR","","I","TRUE","2026-06-30T13:30:44Z","2026-07-01","2031-06-20","","","TWSF","FALSE","FALSE","","20,000,000","","EUR","","","","","","","","","","","","","","","","","","","","","","","","","0.01","","","","","","0.0051501","","","","","","false","","","3","","","A004","","","","","","","","454908.25000","MNTH","","","","3","","","","UFRO","EUR","","","","","false","1","","","","","","","","","","FALSE","","","","","","","","","QZTQ4GTC5QMF","NA/CDS Corp Idx","ITRAXX EUROPE"
"3939371149000000201","","NEWT","TRAD","2026-06-30T13:50:03Z","","CR","","I","TRUE","2026-06-30T13:50:03Z","2026-07-01","2031-06-20","","","TWSF","FALSE","FALSE","","23,000,000","","EUR","","","","","","","","","","","","","","","","","","","","","","","","","0.05","","","","","","0.024375","","","","","","false","","","3","","","A004","","","","","","","","2559320.91092","MNTH","","","","3","","","","UFRO","EUR","","","","","false","1","","","","","","","","","","FALSE","","","","","","","","","QZ3HM9KVK2WL","NA/CDS Corp Idx","ITRAXX EUROPE CROSSOVER"
"3939346918000000101","","NEWT","TRAD","2026-06-30T13:42:00Z","","CR","","N","FALSE","2026-06-30T13:42:00Z","2026-10-21","2026-10-21","2031-06-20","FALSE","BILT","FALSE","FALSE","FALSE","40,000,000","","EUR","","","","","","","","","","","","","","","","","","","","","","","","2026-10-21","0.05","","200,000","EUR","","","","","","","0.0325","","false","","","","","3","A004","","","","","","","","","MNTH","","","","3","","","","","","","","","","false","","","","","","","","","","","TRUE","0.001425","","3","","","","","","QZN6X938ZWQ4","NA/CDS Idx Swt","NA/CDS Corp Idx"
"3939379560000000401","","NEWT","TRAD","2026-06-30T13:51:13Z","","CR","","I","TRUE","2026-06-30T13:51:13Z","2026-07-01","2031-06-20","","FALSE","BBSF","FALSE","FALSE","","1,000,000","","USD","","","","","","","","","","","","","","","","","","","","","","","","","0.05","","","","","","0.01081275","","","","","","false","","","3","","","A004","","","","","","","","81699.75000","MNTH","","","","3","","","","UFRO","USD","","","","","false","0.99","","","","","","","","","","FALSE","","","","","","","","","QZHH8NT767RX","NA/CDS Corp Idx","CDX.NA.HY"
"3939531324000000201","","NEWT","TRAD","2026-06-30T14:00:27Z","","CR","","I","TRUE","2026-06-30T14:00:27Z","2026-07-01","2031-06-20","","FALSE","BBSF","FALSE","FALSE","","5,000,000","","EUR","","","","","","","","","","","","","","","","","","","","","","","","","0.01","","","","","","0.0051455","","","","","","false","","","3","","","A004","","","","","","","","113835.87383","MNTH","","","","3","","","","UFRO","EUR","","","","","false","1","","","","","","","","","","FALSE","","","","","","","","","QZTQ4GTC5QMF","NA/CDS Corp Idx","ITRAXX EUROPE"
"3939539039000000101","","NEWT","TRAD","2026-06-30T14:00:48Z","","CR","","I","TRUE","2026-06-30T14:00:48Z","2026-07-01","2031-06-20","","","TWSF","FALSE","FALSE","","130,000,000","","USD","","","","","","","","","","","","","","","","","","","","","","","","","0.01","","","","","","0.005066","","","","","","false","","","3","","","A004","","","","","","","","2903737.93840","MNTH","","","","3","","","","UFRO","USD","","","","","false","1","","","","","","","","","","FALSE","","","","","","","","","QZ3WVVQG5T8K","NA/CDS Corp Idx","CDX.NA.IG"
"3934603648000000301","","NEWT","TRAD","2026-06-30T10:02:16Z","","CR","","I","TRUE","2026-06-30T10:02:16Z","2026-07-01","2031-06-20","","FALSE","BBSF","FALSE","FALSE","","6,000,000","","EUR","","","","","","","","","","","","","","","","","","","","","","","","","0.05","","","","","","0.02433316","","","","","","false","","","3","","","A004","","","","","","","","668837.67000","MNTH","","","","3","","","","UFRO","EUR","","","","","false","1","","","","","","","","","","FALSE","","","","","","","","","QZ3HM9KVK2WL","NA/CDS Corp Idx","ITRAXX EUROPE CROSSOVER"
"3939496866000000201","","NEWT","TRAD","2026-06-30T13:57:28Z","","CR","","I","TRUE","2026-06-30T13:57:28Z","2026-07-01","2031-06-20","","","TWSF","FALSE","TRUE","","250,000,000+","","USD","","","","","","","","","","","","","","","","","","","","","","","","","0.01","","","","","","0.0051","","","","","","false","","","3","","","A004","","","","","","","","5545331.06846","MNTH","","","","3","","","","UFRO","USD","","","","","false","1","","","","","","","","","","TRUE","","","","0.0051","","3","","","QZ3WVVQG5T8K","NA/CDS Corp Idx","CDX.NA.IG"
"3939428533000000701","","NEWT","TRAD","2026-06-30T13:54:41Z","","CR","","I","TRUE","2026-06-30T13:54:41Z","2026-07-01","2031-06-20","","","TWSF","FALSE","TRUE","","56,000,000","","USD","","","","","","","","","","","","","","","","","","","","","","","","","0.05","","","","","","0.010815","","","","","","false","","","3","","","A004","","","","","","","","4587660.00000","MNTH","","","","3","","","","UFRO","USD","","","","","false","0.99","","","","","","","","","","FALSE","","","","","","","","","QZHH8NT767RX","NA/CDS Corp Idx","CDX.NA.HY"
"3939319651000000201","","NEWT","TRAD","2026-06-30T13:46:08Z","","CR","","I","TRUE","2026-06-30T13:46:08Z","2026-03-20","2031-06-20","","FALSE","TPSE","FALSE","FALSE","","75,000,000","","USD","","","","","","","","","","","","","","","","","","","","","","","","","0.01","","","","","","0.005085","","","","","","false","","","3","","","A004","","","","","","","","","MNTH","","","","3","","","","","","USD","","","","false","1","","","","","","","OTHR","","","FALSE","","","","","","","","","QZ3WVVQG5T8K","NA/CDS Corp Idx","CDX.NA.IG"
"3925055785000000101","","NEWT","TRAD","2026-06-30T02:17:33Z","","CR","","I","FALSE","2026-06-30T02:17:33Z","2026-07-01","2031-06-20","","","TWSF","FALSE","FALSE","","5,000,000","","USD","","","","","","","","","","","","","","","","","","","","","","","","","0.01","","","","","","0.006767","","","","","","false","","","3","","","A004","","","","","","","","73118.31529","MNTH","","","","3","","","","UFRO","USD","","","","","false","1","","","","","","","","","","FALSE","","","","","","","","","QZD2VPNQ9ZFX","NA/CDS Corp Idx","ITRAXX ASIA EX-JAPAN IG"
"3938662099000000101","","NEWT","TRAD","2026-06-30T13:01:48Z","","CR","","I","FALSE","2026-06-30T13:01:48Z","2026-07-01","2028-12-20","","FALSE","BBSF","FALSE","TRUE","","200,000","","USD","","","","","","","","","","","","","","","","","","","","","","","","","0.01","","","","","","0.010069","","","","","","false","","","3","","","A004","","","","","","","","1430.00000","MNTH","","","","3","","","","UFRO","USD","","","","","false","1","","","","","","","","","","FALSE","","","","","","","","","QZX1ZJ673CTR","NA/CDS Corp Idx","CDX.EM"
"3938696886000000201","","NEWT","TRAD","2026-06-30T13:04:28Z","","CR","","I","TRUE","2026-06-30T13:04:28Z","2026-07-01","2031-06-20","","FALSE","BBSF","FALSE","TRUE","","166,287,997+","","EUR","","","","","","","","","","","","","","","","","","","","","","","","","0.01","","","","","","0.005154","","","","","","false","","","3","","","A004","","","","","","","","3779214.44943","MNTH","","","","3","","","","UFRO","EUR","","","","","false","1","","","","","","","","","","TRUE","","","","0.00048775","","3","","","QZTQ4GTC5QMF","NA/CDS Corp Idx","ITRAXX EUROPE"
"3938911966000000301","","NEWT","TRAD","2026-06-30T13:21:32Z","","CR","","I","FALSE","2026-06-30T13:21:32Z","2026-07-01","2031-06-20","","FALSE","BBSF","FALSE","FALSE","","13,000,000","","EUR","","","","","","","","","","","","","","","","","","","","","","","","","0.01","","","","","","0.00544","","","","","","false","","","3","","","A004","","","","","","","","277886.56344","MNTH","","","","3","","","","UFRO","EUR","","","","","false","1","","","","","","","","","","TRUE","","","","0.0006475","","3","","","QZTB38W3WJ98","NA/CDS Corp Idx","ITRAXX EUROPE SENIOR FINANCIALS"
"3930759643000000201","","NEWT","TRAD","2026-06-30T08:42:54Z","","CR","","I","TRUE","2026-06-30T08:42:54Z","2026-07-01","2028-06-20","","FALSE","BBSF","FALSE","TRUE","","350,079,993+","","EUR","","","","","","","","","","","","","","","","","","","","","","","","","0.01","","","","","","0.0017445","","","","","","false","","","3","","","A004","","","","","","","","5707763.13425","MNTH","","","","3","","","","UFRO","EUR","","","","","false","1","","","","","","","","","","TRUE","","","","0.003415","","3","","","QZ0VLVWJ3BTS","NA/CDS Corp Idx","ITRAXX EUROPE"
"3931858296000000101","","NEWT","TRAD","2026-06-30T09:00:28Z","","CR","","I","TRUE","2026-06-30T09:00:28Z","2026-07-01","2031-06-20","","FALSE","BBSF","FALSE","FALSE","","10,000,000","","EUR","","","","","","","","","","","","","","","","","","","","","","","","","0.05","","","","","","0.024444","","","","","","false","","","3","","","A004","","","","","","","","1109487.92000","MNTH","","","","3","","","","UFRO","EUR","","","","","false","1","","","","","","","","","","FALSE","","","","","","","","","QZ3HM9KVK2WL","NA/CDS Corp Idx","ITRAXX EUROPE CROSSOVER"
"3940339378000000101","","NEWT","TRAD","2026-06-30T15:27:25Z","","CR","","I","FALSE","2026-06-30T15:27:25Z","2026-07-01","2031-06-20","","","TWSF","FALSE","FALSE","","800,000","","EUR","","","","","","","","","","","","","","","","","","","","","","","","","0.01","","","","","","0.00516348","","","","","","false","","","3","","","A004","","","","","","","","18145.70000","MNTH","","","","3","","","","UFRO","EUR","","","","","false","1","","","","","","","","","","FALSE","","","","","","","","","QZTQ4GTC5QMF","NA/CDS Corp Idx","ITRAXX EUROPE"
"3940272333000000101","","NEWT","TRAD","2026-06-30T15:19:08Z","","CR","","I","TRUE","2026-06-30T15:19:08Z","2026-07-01","2027-12-20","","FALSE","BBSF","FALSE","TRUE","","350,079,993+","","EUR","","","","","","","","","","","","","","","","","","","","","","","","","0.05","","","","","","0.011","","","","","","false","","","3","","","A004","","","","","","","","19083755.35423","MNTH","","","","3","","","","UFRO","EUR","","","","","false","0.94665","","","","","","","","","","TRUE","","","","0.011","","3","","","QZPZWK3GVJC1","NA/CDS Corp Idx","ITRAXX EUROPE CROSSOVER"
"3940115884000000401","","NEWT","TRAD","2026-06-30T14:59:47Z","","CR","","I","TRUE","2026-06-30T14:59:47Z","2026-07-01","2031-06-20","","FALSE","BBSF","FALSE","FALSE","","3,000,000","","EUR","","","","","","","","","","","","","","","","","","","","","","","","","0.05","","","","","","0.0244625","","","","","","false","","","3","","","A004","","","","","","","","332584.05000","MNTH","","","","3","","","","UFRO","EUR","","","","","false","1","","","","","","","","","","FALSE","","","","","","","","","QZ3HM9KVK2WL","NA/CDS Corp Idx","ITRAXX EUROPE CROSSOVER"
"3940095145000000401","","NEWT","TRAD","2026-06-30T14:53:19Z","FALSE","CR","","I","TRUE","2026-06-30T14:53:19Z","2026-06-30","2026-10-21","","","BILT","FALSE","FALSE","TRUE","400,000,000+","","USD","","","","","","","","","","","","","","","","","","","","","","","","2026-10-21","","","214,000","USD","","","0.00475","","","","0.00475","","false","","","3","","3","","","","","","","","","","","","","","","","","","","","","","","","false","1","","","","","","","","","","FALSE","","","","","","","","","QZT4QS79CCTS","NA/CDS Idx Swt","NA/CDS Corp Idx"
"3940189988000000101","","NEWT","TRAD","2026-06-30T15:07:56Z","","CR","","I","TRUE","2026-06-30T15:07:56Z","2026-07-01","2031-06-20","","","TWSF","FALSE","FALSE","","6,000,000","","EUR","","","","","","","","","","","","","","","","","","","","","","","","","0.01","","","","","","0.00516195","","","","","","false","","","3","","","A004","","","","","","","","136136.37794","MNTH","","","","3","","","","UFRO","EUR","","","","","false","1","","","","","","","","","","FALSE","","","","","","","","","QZTQ4GTC5QMF","NA/CDS Corp Idx","ITRAXX EUROPE"
"3940750584000000201","","NEWT","TRAD","2026-06-30T16:02:35Z","","CR","","I","TRUE","2026-06-30T16:02:35Z","2026-07-01","2031-06-20","","FALSE","BBSF","FALSE","FALSE","","5,000,000","","EUR","","","","","","","","","","","","","","","","","","","","","","","","","0.05","","","","","","0.0244132","","","","","","false","","","3","","","A004","","","","","","","","555471.99000","MNTH","","","","3","","","","UFRO","EUR","","","","","false","1","","","","","","","","","","FALSE","","","","","","","","","QZ3HM9KVK2WL","NA/CDS Corp Idx","ITRAXX EUROPE CROSSOVER"
"3940654014000000101","","NEWT","TRAD","2026-06-30T15:57:22Z","","CR","","I","TRUE","2026-06-30T15:57:22Z","2026-07-01","2031-06-20","","FALSE","BBSF","FALSE","TRUE","","166,287,997+","","EUR","","","","","","","","","","","","","","","","","","","","","","","","","0.01","","","","","","0.0051584","","","","","","false","","","3","","","A004","","","","","","","","3775752.07561","MNTH","","","","3","","","","UFRO","EUR","","","","","false","1","","","","","","","","","","FALSE","","","","","","","","","QZTQ4GTC5QMF","NA/CDS Corp Idx","ITRAXX EUROPE"
"3940738160000000201","","NEWT","TRAD","2026-06-30T16:01:51Z","","CR","","I","TRUE","2026-06-30T16:01:51Z","2026-07-01","2031-06-20","","FALSE","BBSF","FALSE","TRUE","","150,000,000","","EUR","","","","","","","","","","","","","","","","","","","","","","","","","0.01","","","","","","0.0051585","","","","","","false","","","3","","","A004","","","","","","","","3405852.36000","MNTH","","","","3","","","","UFRO","EUR","","","","","false","1","","","","","","","","","","FALSE","","","","","","","","","QZTQ4GTC5QMF","NA/CDS Corp Idx","ITRAXX EUROPE"
"3940943809000000901","","NEWT","TRAD","2026-06-30T16:11:22Z","","CR","","I","TRUE","2026-06-30T16:11:22Z","2026-03-20","2031-06-20","","FALSE","BGCD","FALSE","FALSE","","20,000,000","","EUR","","","","","","","","","","","","","","","","","","","","","","","","","","","","","","","0.0244125","","","","","","false","","","3","","","A004","","","","","","","","","MNTH","","","","3","","","","","","","","","","false","1","","","","","","","","","","TRUE","","","","0.0038125","","3","","","QZ3HM9KVK2WL","NA/CDS Corp Idx","ITRAXX EUROPE CROSSOVER"
"3940355279000000401","3940333710000000301","EROR","","2026-06-30T15:05:28Z","","CR","","I","","2026-06-30T15:05:28Z","2022-09-20","2027-12-20","","","","FALSE","","FALSE","16,000,000","","EUR","","","","","","","","","","","","","","","","","","","","","","","","","0.05","","","","","","","","","","","","false","","","","","","","","","","","","","","872197.29000","","","","","","","","","UFRO","EUR","","","","","false","0.94665","","","","","","","","","","TRUE","","","","500","","4","","","QZPZWK3GVJC1","NA/CDS Corp Idx","ITRAXX EUROPE CROSSOVER"
"3931240153000000201","","NEWT","TRAD","2026-06-30T08:50:04Z","","CR","","I","TRUE","2026-06-30T08:50:04Z","2026-07-01","2031-06-20","","FALSE","BBSF","FALSE","TRUE","","166,287,997+","","EUR","","","","","","","","","","","","","","","","","","","","","","","","","0.01","","","","","","0.005164","","","","","","false","","","3","","","A004","","","","","","","","3771317.29327","MNTH","","","","3","","","","UFRO","EUR","","","","","false","1","","","","","","","","","","TRUE","","","","-0.000165","","3","","","QZTQ4GTC5QMF","NA/CDS Corp Idx","ITRAXX EUROPE"
"3942341094000000401","","NEWT","TRAD","2026-06-30T18:55:12Z","","CR","","I","TRUE","2026-06-30T18:55:12Z","2026-07-01","2031-06-20","","FALSE","BBSF","FALSE","TRUE","","76,000,000+","","USD","","","","","","","","","","","","","","","","","","","","","","","","","0.05","","","","","","0.0108127","","","","","","false","","","3","","","A004","","","","","","","","6208767.71056","MNTH","","","","3","","","","UFRO","USD","","","","","false","0.99","","","","","","","","","","TRUE","","","","-0.0000058","","3","","","QZHH8NT767RX","NA/CDS Corp Idx","CDX.NA.HY"
"3942982511000000101","","NEWT","TRAD","2026-06-30T19:23:55Z","","CR","","I","TRUE","2026-06-30T19:23:55Z","2026-03-20","2031-06-20","","FALSE","TPSE","FALSE","FALSE","","150,000,000","","USD","","","","","","","","","","","","","","","","","","","","","","","","","0.01","","","","","","0.00508","","","","","","false","","","3","","","A004","","","","","","","","","MNTH","","","","3","","","","","","USD","","","","false","1","","","","","","","OTHR","","","FALSE","","","","","","","","","QZ3WVVQG5T8K","NA/CDS Corp Idx","CDX.NA.IG"
"3942831955000000101","","NEWT","TRAD","2026-06-30T19:19:07Z","","CR","","I","TRUE","2026-06-30T19:19:07Z","2026-07-01","2031-06-20","","","TWSF","FALSE","TRUE","","200,000,000","","USD","","","","","","","","","","","","","","","","","","","","","","","","","0.01","","","","","","0.005074","","","","","","false","","","3","","","A004","","","","","","","","4459985.12000","MNTH","","","","3","","","","UFRO","USD","","","","","false","1","","","","","","","","","","FALSE","","","","","","","","","QZ3WVVQG5T8K","NA/CDS Corp Idx","CDX.NA.IG"
"3943260814000000101","","NEWT","TRAD","2026-06-30T19:45:46Z","","CR","","I","TRUE","2026-06-30T19:45:46Z","2026-07-01","2031-06-20","","FALSE","BBSF","FALSE","FALSE","","25,000,000","","USD","","","","","","","","","","","","","","","","","","","","","","","","","0.01","","","","","","0.005077","","","","","","false","","","3","","","A004","","","","","","","","557155.78000","MNTH","","","","3","","","","UFRO","USD","","","","","false","1","","","","","","","","","","FALSE","","","","","","","","","QZ3WVVQG5T8K","NA/CDS Corp Idx","CDX.NA.IG"
"3943284836000000201","","NEWT","TRAD","2026-06-30T19:50:56Z","","CR","","I","FALSE","2026-06-30T19:50:56Z","2026-07-01","2031-06-20","","FALSE","BBSF","FALSE","FALSE","","2,000,000","","USD","","","","","","","","","","","","","","","","","","","","","","","","","0.01","","","","","","0.0098215","","","","","","false","","","3","","","A004","","","","","","","","35200.00000","MNTH","","","","3","","","","UFRO","USD","","","","","false","1","","","","","","","","","","FALSE","","","","","","","","","QZ4JMQKL3P03","NA/CDS Corp Idx","CDX.EM"
"3943724803000000201","2927798910000000601","MODI","TRAD","2026-06-30T20:13:56Z","FALSE","CR","","N","FALSE","2026-04-30T16:00:22Z","2026-05-01","2026-11-02","","TRUE","BILT","FALSE","FALSE","TRUE","400,000,000+","400,000,000+","USD","USD","","","","","","","","","","","400000000+;400000000+;400000000+","399999050;399943159;400000000+","2026-05-01;2026-06-01;2026-07-01","2026-05-01;2026-06-01;2026-07-01","","","","","","","","","","","","","","","","0.00205","","","","","","false","","","3","","","","","A004","A020","MNTH","EXPI","1","1","","","MNTH","","MNTH","","1","","1","","","USD","USD","","","false","1","","","","","","","","","","TRUE","9.9999999999","","3","","","","","","QZFNT9JCBS79","NA/Cr Sw Idx TRtn Corp Cs",""
"3945084212000000201","3940976342000000401","EROR","","2026-06-30T20:41:30Z","","CR","","","","2026-06-30T16:11:21Z","2026-06-30","2026-10-21","","","","","","FALSE","","","","","","","","","","","","","","","","","","","","","","","","","","","","0.01","","","","","","","","","","","","","","","","","","","","","","","","","","","","","","","","","","","","","","","","","","","","","","","","","","","","","","","","","","","","","QZT4QS79CCTS","NA/CDS Idx Swt","NA/CDS Corp Idx"
"3940218284000000101","","NEWT","TRAD","2026-06-30T15:11:47Z","","CR","","I","TRUE","2026-06-30T15:11:47Z","2026-07-01","2031-06-20","","FALSE","BBSF","FALSE","FALSE","","10,000,000","","USD","","","","","","","","","","","","","","","","","","","","","","","","","0.05","","","","","","0.01081575","","","","","","false","","","3","","","A004","","","","","","","","819967.50000","MNTH","","","","3","","","","UFRO","USD","","","","","false","0.99","","","","","","","","","","FALSE","","","","","","","","","QZHH8NT767RX","NA/CDS Corp Idx","CDX.NA.HY"
"3926713834000000201","","NEWT","TRAD","2026-06-30T07:04:51Z","","CR","","I","FALSE","2026-06-30T07:04:51Z","2026-03-20","2031-06-20","2031-06-20","FALSE","BILT","FALSE","FALSE","TRUE","20,000,000","","USD","","","","","","","","","","","","","","","","","","","","","","","","","0.01","","","","","","","","","","","","false","","","","","","A004","","","","","","","","291752.20000","MNTH","","","","3","","","","UFRO","USD","","","","","false","1","","","","","","","","","","FALSE","","","","","","","","","QZD2VPNQ9ZFX","NA/CDS Corp Idx","ITRAXX ASIA EX-JAPAN IG"
"3946365112000000101","3610077131000000101","CORR","","2026-06-30T21:27:43Z","","CR","","N","FALSE","2026-06-10T19:28:05Z","2026-06-10","2030-02-27","","FALSE","BILT","FALSE","FALSE","FALSE","26,200,000,000","","COP","","","","","","","","","","","","","","","","","","","","","","","","","0.125","","","","","","","","","","","","false","","","","","","A014","","","","","","","","","YEAR","","","","1","","","","","","USD","","","","false","","","","","","","","","","","FALSE","","","","","","","","","QZK0X3NBHXMG","NA/CDS Corp SN","TES CLASE B CONSOLIDADOS"
"3945487363000000101","","NEWT","TRAD","2026-06-30T20:57:12Z","","CR","","N","FALSE","2026-06-30T20:00:08Z","2026-03-20","2031-06-20","","FALSE","BILT","FALSE","FALSE","FALSE","38,000,000","","USD","","","","","","","","","","","","","","","","","","","","","","","","","0.01","","","","","","","","","","","","false","","","","","","A004","","","","","","","","","MNTH","","","","3","","","","","","","","","","false","1","","","","","","","","","","FALSE","","","","","","","","","QZ39BZSFH68L","NA/CDS Sov Idx","CDX.EM"
"3935725471000000101","","NEWT","TRAD","2026-06-30T10:08:19Z","","CR","","N","FALSE","2026-06-30T10:08:19Z","2026-08-19","2026-08-19","2031-06-20","FALSE","BILT","FALSE","FALSE","FALSE","40,000,000","","EUR","","","","","","","","","","","","","","","","","","","","","","","","2026-08-19","0.05","","20,000","EUR","","","","","","","0.0225","","false","","","","","3","A004","","","","","","","","","MNTH","","","","3","","","","","","","","","","false","","","","","","","","","","","TRUE","0.0158","","3","","","","","","QZ3DGP47G9ZX","NA/CDS Idx Swt","NA/CDS Corp Idx"
"3935775812000000101","","NEWT","TRAD","2026-06-30T10:23:16Z","","CR","","I","TRUE","2026-06-30T10:23:16Z","2026-07-01","2031-06-20","","FALSE","BBSF","FALSE","FALSE","","10,000,000","","EUR","","","","","","","","","","","","","","","","","","","","","","","","","0.01","","","","","","0.005142","","","","","","false","","","3","","","A004","","","","","","","","227837.26000","MNTH","","","","3","","","","UFRO","EUR","","","","","false","1","","","","","","","","","","FALSE","","","","","","","","","QZTQ4GTC5QMF","NA/CDS Corp Idx","ITRAXX EUROPE"
"3926403484000000101","","NEWT","TRAD","2026-06-30T06:34:39Z","","CR","","I","TRUE","2026-06-30T06:34:39Z","2026-03-20","2031-06-20","","FALSE","BGCD","FALSE","FALSE","","25,000,000","","EUR","","","","","","","","","","","","","","","","","","","","","","","","","","","","","","","0.0051625","","","","","","false","","","3","","","A004","","","","","","","","","MNTH","","","","3","","","","","","","","","","false","1","","","","","","","","","","FALSE","","","","","","","","","QZTQ4GTC5QMF","NA/CDS Corp Idx","ITRAXX EUROPE"
"3926403485000000201","","NEWT","TRAD","2026-06-30T06:34:42Z","","CR","","I","TRUE","2026-06-30T06:34:42Z","2026-03-20","2031-06-20","","FALSE","BGCD","FALSE","FALSE","","25,000,000","","EUR","","","","","","","","","","","","","","","","","","","","","","","","","","","","","","","0.0051625","","","","","","false","","","3","","","A004","","","","","","","","","MNTH","","","","3","","","","","","","","","","false","1","","","","","","","","","","FALSE","","","","","","","","","QZTQ4GTC5QMF","NA/CDS Corp Idx","ITRAXX EUROPE"
"3936248459000000101","","NEWT","TRAD","2026-06-30T10:32:26Z","","CR","","I","TRUE","2026-06-30T10:32:26Z","2026-07-01","2031-06-20","","FALSE","BBSF","FALSE","FALSE","","21,000,000","","EUR","","","","","","","","","","","","","","","","","","","","","","","","","0.01","","","","","","0.0051449","","","","","","false","","","3","","","A004","","","","","","","","478170.18000","MNTH","","","","3","","","","UFRO","EUR","","","","","false","1","","","","","","","","","","FALSE","","","","","","","","","QZTQ4GTC5QMF","NA/CDS Corp Idx","ITRAXX EUROPE"
"3939211282000000501","","NEWT","TRAD","2026-06-30T13:38:46Z","","CR","","I","TRUE","2026-06-30T13:38:46Z","2026-07-01","2031-06-20","","","TWSF","FALSE","FALSE","","45,000,000","","EUR","","","","","","","","","","","","","","","","","","","","","","","","","0.01","","","","","","0.005148","","","","","","false","","","3","","","A004","","","","","","","","1023990.54000","MNTH","","","","3","","","","UFRO","EUR","","","","","false","1","","","","","","","","","","FALSE","","","","","","","","","QZTQ4GTC5QMF","NA/CDS Corp Idx","ITRAXX EUROPE"
"3940221111000000201","","NEWT","TRAD","2026-06-30T15:12:27Z","","CR","","I","FALSE","2026-06-30T15:12:27Z","2026-07-01","2031-06-20","","","TWSF","FALSE","FALSE","","9,000,000","","EUR","","","","","","","","","","","","","","","","","","","","","","","","","0.05","","","","","","0.0244177","","","","","","false","","","3","","","A004","","","","","","","","999658.10000","MNTH","","","","3","","","","UFRO","EUR","","","","","false","1","","","","","","","","","","FALSE","","","","","","","","","QZ3HM9KVK2WL","NA/CDS Corp Idx","ITRAXX EUROPE CROSSOVER"
"3940139279000000301","","NEWT","TRAD","2026-06-30T15:01:35Z","","CR","","I","TRUE","2026-06-30T15:01:35Z","2026-07-01","2031-06-20","","FALSE","BBSF","FALSE","TRUE","","200,000,000","","USD","","","","","","","","","","","","","","","","","","","","","","","","","0.01","","","","","","0.00506805","","","","","","false","","","3","","","A004","","","","","","","","4465417.44000","MNTH","","","","3","","","","UFRO","USD","","","","","false","1","","","","","","","","","","FALSE","","","","","","","","","QZ3WVVQG5T8K","NA/CDS Corp Idx","CDX.NA.IG"
"3940018029000000201","","NEWT","TRAD","2026-06-30T14:48:01Z","","CR","","N","FALSE","2026-06-30T14:48:01Z","2026-03-20","2031-06-20","","FALSE","BILT","FALSE","FALSE","TRUE","50,000,000+","","USD","","","","","","","","","","","","","","","","","","","","","","","","","0.01","","","","","","","","","","","","false","","","","","","A004","","","","","","","","868000.00000","MNTH","","","","3","","","","UFRO","USD","","","","","false","1","","","","","","","","","","FALSE","","","","","","","","","QZ39BZSFH68L","NA/CDS Sov Idx","CDX.EM"
"3940240552000000101","","NEWT","TRAD","2026-06-30T15:06:08Z","","CR","","N","FALSE","2026-06-30T15:06:08Z","2026-07-15","2026-07-15","2031-06-20","FALSE","BILT","FALSE","FALSE","FALSE","100,000,000","","EUR","","","","","","","","","","","","","","","","","","","","","","","","2026-07-15","0.05","","135,000","EUR","","","","","","","0.02625","","false","","","","","3","A004","","","","","","","","","MNTH","","","","3","","","","","","","","","","false","","","","","","","","","","","TRUE","0.0009","","3","","","","","","QZN6X938ZWQ4","NA/CDS Idx Swt","NA/CDS Corp Idx"
"3940272334000000201","","NEWT","TRAD","2026-06-30T15:19:29Z","","CR","","I","TRUE","2026-06-30T15:19:29Z","2026-07-01","2031-06-20","","FALSE","BBSF","FALSE","FALSE","","5,000,000","","EUR","","","","","","","","","","","","","","","","","","","","","","","","","0.05","","","","","","0.024458","","","","","","false","","","3","","","A004","","","","","","","","554413.09000","MNTH","","","","3","","","","UFRO","EUR","","","","","false","1","","","","","","","","","","FALSE","","","","","","","","","QZ3HM9KVK2WL","NA/CDS Corp Idx","ITRAXX EUROPE CROSSOVER"
"3940197418000000201","","NEWT","TRAD","2026-06-30T15:09:21Z","","CR","","I","TRUE","2026-06-30T15:09:21Z","2026-07-01","2031-06-20","","","TWSF","FALSE","TRUE","","166,287,997+","","EUR","","","","","","","","","","","","","","","","","","","","","","","","","0.01","","","","","","0.00516","","","","","","false","","","3","","","A004","","","","","","","","3774516.19497","MNTH","","","","3","","","","UFRO","EUR","","","","","false","1","","","","","","","","","","TRUE","","","","0.00516","","3","","","QZTQ4GTC5QMF","NA/CDS Corp Idx","ITRAXX EUROPE"
"3940286802000001701","","NEWT","TRAD","2026-06-30T15:20:58Z","","CR","","I","TRUE","2026-06-30T15:20:58Z","2026-07-01","2031-06-20","","FALSE","BBSF","FALSE","FALSE","","15,000,000","","USD","","","","","","","","","","","","","","","","","","","","","","","","","0.05","","","","","","0.010813025","","","","","","false","","","3","","","A004","","","","","","","","1225904.63000","MNTH","","","","3","","","","UFRO","USD","","","","","false","0.99","","","","","","","","","","FALSE","","","","","","","","","QZHH8NT767RX","NA/CDS Corp Idx","CDX.NA.HY"
"3940337963000000101","","NEWT","TRAD","2026-06-30T15:05:28Z","","CR","","N","FALSE","2026-06-30T15:05:28Z","2026-06-30","2027-12-20","","FALSE","GFSO","FALSE","FALSE","TRUE","20,000,000","","EUR","","","","","","","","","","","","","","","","","","","","","","","","","0.05","","","","","","","","","","","","false","","","","","","A004","","","","","","","","1406500.00000","MNTH","","","","3","","","","UFRO","EUR","","","","","false","0.94665","","","","","","","","","","FALSE","","","","","","","","","QZZT6D601F77","NA/CDS Corp Idx Tra","ITRAXX EUROPE CROSSOVER"
"3938251109000000101","","NEWT","TRAD","2026-06-30T12:31:15Z","","CR","","I","TRUE","2026-06-30T12:31:15Z","2026-07-01","2031-06-20","","FALSE","BBSF","FALSE","FALSE","","15,000,000","","EUR","","","","","","","","","","","","","","","","","","","","","","","","","0.05","","","","","","0.0244148","","","","","","false","","","3","","","A004","","","","","","","","1666302.50000","MNTH","","","","3","","","","UFRO","EUR","","","","","false","1","","","","","","","","","","FALSE","","","","","","","","","QZ3HM9KVK2WL","NA/CDS Corp Idx","ITRAXX EUROPE CROSSOVER"
"3928307208000000101","","NEWT","TRAD","2026-06-30T07:51:16Z","","CR","","I","TRUE","2026-06-30T07:51:16Z","2026-07-01","2031-06-20","","FALSE","BBSF","FALSE","FALSE","","10,000,000","","EUR","","","","","","","","","","","","","","","","","","","","","","","","","0.05","","","","","","0.024538","","","","","","false","","","3","","","A004","","","","","","","","1105046.23000","MNTH","","","","3","","","","UFRO","EUR","","","","","false","1","","","","","","","","","","FALSE","","","","","","","","","QZ3HM9KVK2WL","NA/CDS Corp Idx","ITRAXX EUROPE CROSSOVER"
"3928485905000000101","","NEWT","TRAD","2026-06-30T07:56:05Z","","CR","","I","TRUE","2026-06-30T07:56:05Z","2026-07-01","2031-06-20","","FALSE","BBSF","FALSE","FALSE","","50,000,000","","EUR","","","","","","","","","","","","","","","","","","","","","","","","","0.01","","","","","","0.00517","","","","","","false","","","3","","","A004","","","","","","","","1132564.72000","MNTH","","","","3","","","","UFRO","EUR","","","","","false","1","","","","","","","","","","FALSE","","","","","","","","","QZTQ4GTC5QMF","NA/CDS Corp Idx","ITRAXX EUROPE"
"3943398286000000101","","NEWT","TRAD","2026-06-30T20:02:43Z","","CR","","I","TRUE","2026-06-30T20:02:43Z","2026-07-01","2031-06-20","","FALSE","BBSF","FALSE","FALSE","","25,000,000","","USD","","","","","","","","","","","","","","","","","","","","","","","","","0.05","","","","","","0.01080625","","","","","","false","","","3","","","A004","","","","","","","","2026406.25000","MNTH","","","","3","","","","UFRO","USD","","","","","false","0.99","","","","","","","","","","FALSE","","","","","","","","","QZHH8NT767RX","NA/CDS Corp Idx","CDX.NA.HY"
"3943293929000000301","","NEWT","TRAD","2026-06-30T19:52:30Z","","CR","","I","TRUE","2026-06-30T19:52:30Z","2026-07-01","2031-06-20","","","TWSF","FALSE","TRUE","","250,000,000+","","USD","","","","","","","","","","","","","","","","","","","","","","","","","0.01","","","","","","0.005085","","","","","","false","","","3","","","A004","","","","","","","","5562428.58000","MNTH","","","","3","","","","UFRO","USD","","","","","false","1","","","","","","","","","","FALSE","","","","","","","","","QZ3WVVQG5T8K","NA/CDS Corp Idx","CDX.NA.IG"
"3943816859000000201","","NEWT","TRAD","2026-06-30T20:16:23Z","","CR","","I","TRUE","2026-06-30T20:16:23Z","2026-07-01","2031-06-20","","FALSE","BBSF","FALSE","FALSE","","50,000,000","","USD","","","","","","","","","","","","","","","","","","","","","","","","","0.01","","","","","","0.005094","","","","","","false","","","3","","","A004","","","","","","","","1110431.78000","MNTH","","","","3","","","","UFRO","USD","","","","","false","1","","","","","","","","","","FALSE","","","","","","","","","QZ3WVVQG5T8K","NA/CDS Corp Idx","CDX.NA.IG"
"3937710467000000101","","NEWT","TRAD","2026-06-30T11:41:40Z","","CR","","I","TRUE","2026-06-30T11:41:40Z","2026-07-01","2031-06-20","","","TWSF","FALSE","FALSE","","250,000","","USD","","","","","","","","","","","","","","","","","","","","","","","","","0.05","","","","","","0.01081439","","","","","","false","","","3","","","A004","","","","","","","","20465.53000","MNTH","","","","3","","","","UFRO","USD","","","","","false","0.99","","","","","","","","","","FALSE","","","","","","","","","QZHH8NT767RX","NA/CDS Corp Idx","CDX.NA.HY"
"3937741265000000101","","NEWT","TRAD","2026-06-30T11:43:04Z","","CR","","I","TRUE","2026-06-30T11:43:04Z","2026-07-01","2031-06-20","","","TWSF","FALSE","FALSE","","5,000,000","","USD","","","","","","","","","","","","","","","","","","","","","","","","","0.05","","","","","","0.01081733","","","","","","false","","","3","","","A004","","","","","","","","410764.40728","MNTH","","","","3","","","","UFRO","USD","","","","","false","0.99","","","","","","","","","","FALSE","","","","","","","","","QZHH8NT767RX","NA/CDS Corp Idx","CDX.NA.HY"
"3938185111000000101","","NEWT","TRAD","2026-06-30T12:23:38Z","","CR","","I","TRUE","2026-06-30T12:23:38Z","2026-07-01","2031-06-20","","FALSE","BBSF","FALSE","FALSE","","35,000,000","","USD","","","","","","","","","","","","","","","","","","","","","","","","","0.01","","","","","","0.005079","","","","","","false","","","3","","","A004","","","","","","","","779698.56000","MNTH","","","","3","","","","UFRO","USD","","","","","false","1","","","","","","","","","","FALSE","","","","","","","","","QZ3WVVQG5T8K","NA/CDS Corp Idx","CDX.NA.IG"
"3931204671000000101","","NEWT","TRAD","2026-06-30T08:49:46Z","","CR","","I","FALSE","2026-06-30T08:49:46Z","2026-07-01","2031-06-20","","","TWSF","FALSE","FALSE","","4,000,000","","EUR","","","","","","","","","","","","","","","","","","","","","","","","","0.05","","","","","","0.024479","","","","","","false","","","3","","","A004","","","","","","","","443132.26976","MNTH","","","","3","","","","UFRO","EUR","","","","","false","1","","","","","","","","","","FALSE","","","","","","","","","QZ3HM9KVK2WL","NA/CDS Corp Idx","ITRAXX EUROPE CROSSOVER"
"3938263753000000301","","NEWT","TRAD","2026-06-30T12:32:32Z","","CR","","I","TRUE","2026-06-30T12:32:32Z","2026-07-01","2031-06-20","","FALSE","BBSF","FALSE","FALSE","","50,000,000","","EUR","","","","","","","","","","","","","","","","","","","","","","","","","0.01","","","","","","0.0051705","","","","","","false","","","3","","","A004","","","","","","","","1132446.49000","MNTH","","","","3","","","","UFRO","EUR","","","","","false","1","","","","","","","","","","FALSE","","","","","","","","","QZTQ4GTC5QMF","NA/CDS Corp Idx","ITRAXX EUROPE"
"3937860809000000201","","NEWT","TRAD","2026-06-30T11:52:07Z","","CR","","I","TRUE","2026-06-30T11:52:07Z","2026-07-01","2031-06-20","","FALSE","BBSF","FALSE","FALSE","","75,000,000","","EUR","","","","","","","","","","","","","","","","","","","","","","","","","0.01","","","","","","0.005142","","","","","","false","","","3","","","A004","","","","","","","","1708779.46000","MNTH","","","","3","","","","UFRO","EUR","","","","","false","1","","","","","","","","","","FALSE","","","","","","","","","QZTQ4GTC5QMF","NA/CDS Corp Idx","ITRAXX EUROPE"
"3926920847000000101","","NEWT","TRAD","2026-06-30T07:15:38Z","","CR","","I","TRUE","2026-06-30T07:15:38Z","2026-07-01","2031-06-20","","FALSE","BBSF","FALSE","FALSE","","10,000,000","","EUR","","","","","","","","","","","","","","","","","","","","","","","","","0.05","","","","","","0.02453","","","","","","false","","","3","","","A004","","","","","","","","1105424.13000","MNTH","","","","3","","","","UFRO","EUR","","","","","false","1","","","","","","","","","","FALSE","","","","","","","","","QZ3HM9KVK2WL","NA/CDS Corp Idx","ITRAXX EUROPE CROSSOVER"
"3937955365000000101","","NEWT","TRAD","2026-06-30T11:59:57Z","","CR","","I","TRUE","2026-06-30T11:59:57Z","2026-07-01","2031-06-20","","FALSE","BBSF","FALSE","TRUE","","250,000,000+","","USD","","","","","","","","","","","","","","","","","","","","","","","","","0.01","","","","","","0.005068","","","","","","false","","","3","","","A004","","","","","","","","5581806.53102","MNTH","","","","3","","","","UFRO","USD","","","","","false","1","","","","","","","","","","FALSE","","","","","","","","","QZ3WVVQG5T8K","NA/CDS Corp Idx","CDX.NA.IG"
"3926552333000000101","","NEWT","NOVA","2026-06-30T06:50:59Z","","CR","","N","FALSE","2026-06-30T06:50:59Z","2026-07-01","2031-06-20","","FALSE","BILT","FALSE","FALSE","TRUE","1,000,000,000","","JPY","","","","","","","","","","","","","","","","","","","","","","","","","0.01","","","","","","0.00005975","","","","","","false","","","3","","","A004","","","","","","","","","MNTH","","","","3","","","","","","JPY","","","","false","1","","","","","","","","","","FALSE","","","","","","","","","QZ9P5KKVF7M5","NA/CDS Corp Idx","ITRAXX JAPAN"
"3937962622000000101","","NEWT","TRAD","2026-06-30T12:00:22Z","","CR","","I","TRUE","2026-06-30T12:00:22Z","2026-07-01","2030-12-20","","FALSE","BBSF","FALSE","TRUE","","47,260,799+","","EUR","","","","","","","","","","","","","","","","","","","","","","","","","0.05","","","","","","0.021006","","","","","","false","","","3","","","A004","","","","","","","","5501714.62550","MNTH","","","","3","","","","UFRO","EUR","","","","","false","1","","","","","","","","","","TRUE","","","","0.003344","","3","","","QZ5F5FRS4TR9","NA/CDS Corp Idx","ITRAXX EUROPE CROSSOVER"
"3938069468000000101","","NEWT","TRAD","2026-06-30T12:11:41Z","","CR","","I","TRUE","2026-06-30T12:11:41Z","2026-07-01","2031-06-20","","FALSE","BBSF","FALSE","FALSE","","50,000,000","","USD","","","","","","","","","","","","","","","","","","","","","","","","","0.01","","","","","","0.0050672","","","","","","false","","","3","","","A004","","","","","","","","1116548.38000","MNTH","","","","3","","","","UFRO","USD","","","","","false","1","","","","","","","","","","FALSE","","","","","","","","","QZ3WVVQG5T8K","NA/CDS Corp Idx","CDX.NA.IG"
"3938324903000000301","","NEWT","TRAD","2026-06-30T12:37:53Z","","CR","","I","TRUE","2026-06-30T12:37:53Z","2026-07-01","2031-06-20","","FALSE","BBSF","FALSE","FALSE","","5,000,000","","EUR","","","","","","","","","","","","","","","","","","","","","","","","","0.05","","","","","","0.0243845","","","","","","false","","","3","","","A004","","","","","","","","556150.54000","MNTH","","","","3","","","","UFRO","EUR","","","","","false","1","","","","","","","","","","FALSE","","","","","","","","","QZ3HM9KVK2WL","NA/CDS Corp Idx","ITRAXX EUROPE CROSSOVER"
"3927819474000000101","","NEWT","TRAD","2026-06-30T07:43:00Z","","CR","","I","TRUE","2026-06-30T07:43:00Z","2026-07-01","2031-06-20","","FALSE","BBSF","FALSE","FALSE","","100,000,000","","EUR","","","","","","","","","","","","","","","","","","","","","","","","","0.01","","","","","","0.005158","","","","","","false","","","3","","","A004","","","","","","","","2270804.72000","MNTH","","","","3","","","","UFRO","EUR","","","","","false","1","","","","","","","","","","FALSE","","","","","","","","","QZTQ4GTC5QMF","NA/CDS Corp Idx","ITRAXX EUROPE"
"3943117352000000101","","NEWT","TRAD","2026-06-30T19:31:47Z","","CR","","I","TRUE","2026-06-30T19:31:47Z","2026-07-01","2031-06-20","","FALSE","BBSF","FALSE","FALSE","","130,000,000","","USD","","","","","","","","","","","","","","","","","","","","","","","","","0.01","","","","","","0.005079","","","","","","false","","","3","","","A004","","","","","","","","2896023.22880","MNTH","","","","3","","","","UFRO","USD","","","","","false","1","","","","","","","","","","FALSE","","","","","","","","","QZ3WVVQG5T8K","NA/CDS Corp Idx","CDX.NA.IG"
"3943144556000000301","","NEWT","TRAD","2026-06-30T19:32:52Z","","CR","","I","TRUE","2026-06-30T19:32:52Z","2026-07-01","2031-06-20","","FALSE","BBSF","FALSE","FALSE","","5,000,000","","USD","","","","","","","","","","","","","","","","","","","","","","","","","0.01","","","","","","0.005078","","","","","","false","","","3","","","A004","","","","","","","","111408.77582","MNTH","","","","3","","","","UFRO","USD","","","","","false","1","","","","","","","","","","FALSE","","","","","","","","","QZ3WVVQG5T8K","NA/CDS Corp Idx","CDX.NA.IG"
"3942626442000000101","","NEWT","TRAD","2026-06-30T19:08:22Z","","CR","","N","FALSE","2026-06-30T19:07:00Z","2026-07-01","2026-08-03","","TRUE","BILT","FALSE","FALSE","TRUE","12,000,000","","USD","","","","","","","","","","","","","","","","","","","","","","","","","","","","","","","0.000376","","","","","","false","","","3","","","","","A004","","MNTH","","6","","","","MNTH","","","","6","","","","","USD","","","","false","","","","","","","","","","","FALSE","","","","","","","","","QZDSFZCDR78M","NA/CDS Corp SN Sr","DTD 07/15/2017"
"3942982512000000201","","NEWT","TRAD","2026-06-30T19:24:25Z","","CR","","I","FALSE","2026-06-30T19:24:25Z","2026-07-01","2026-12-20","","FALSE","BBSF","FALSE","TRUE","","700,000","","USD","","","","","","","","","","","","","","","","","","","","","","","","","0.01","","","","","","0.010033","","","","","","false","","","3","","","A004","","","","","","","","2286.20000","MNTH","","","","3","","","","UFRO","USD","","","","","false","0.92","","","","","","","","","","FALSE","","","","","","","","","QZ59PRRXCL5S","NA/CDS Corp Idx","CDX.EM"
"3942759900000000201","3939838466000001501","CORR","","2026-06-30T19:14:04Z","","CR","","N","FALSE","2026-06-30T14:28:04Z","2026-06-30","2026-09-16","2031-06-20","FALSE","BILT","FALSE","FALSE","TRUE","400,000,000+","","USD","","","","","","","","","","","","","","","","","","","","","","","","2026-09-16","0.01","","265,000","USD","","","","","","","0.00675","","false","","","","","3","A004","","","","","","","","","MNTH","","","","3","","","","","","","","","","false","1","","","","","","","","","","FALSE","","","","","","","","","QZT4QS79CCTS","NA/CDS Idx Swt","NA/CDS Corp Idx"
"3943816861000000401","","NEWT","TRAD","2026-06-30T20:16:22Z","","CR","","N","FALSE","2026-06-30T20:08:48Z","2026-03-20","2031-06-20","2031-06-20","TRUE","BILT","FALSE","FALSE","TRUE","20,000,000","","USD","","","","","","","","","","","","","","","","","","","","","","","","2026-08-19","0.05","","108,900","USD","","","","","","","107.5","USD","false","","","","","1","A004","","","","","","","","","MNTH","","","","3","","","","","","","","","","false","0.99","","","","","","","","","","FALSE","","","","","","","","","QZQ9RDJP4641","NA/CDS Idx Swt","NA/CDS Corp Idx"
"3945122455000000101","3941294088000000101","EROR","","2026-06-30T20:42:58Z","","CR","","","","2026-06-30T16:31:55Z","2026-06-30","2026-10-21","","","","","","FALSE","","","","","","","","","","","","","","","","","","","","","","","","","","","","0.05","","","","","","","","","","","","","","","","","","","","","","","","","","","","","","","","","","","","","","","","","","","","","","","","","","","","","","","","","","","","","QZHJMSG8W2ZX","NA/CDS Idx Swt","NA/CDS Corp Idx"
"3927130030000000101","","NEWT","TRAD","2026-06-30T07:23:26Z","","CR","","I","TRUE","2026-06-30T07:23:26Z","2026-07-01","2031-06-20","","","TWSF","FALSE","TRUE","","166,287,997+","","EUR","","","","","","","","","","","","","","","","","","","","","","","","","0.01","","","","","","0.005152","","","","","","false","","","3","","","A004","","","","","","","","3780806.11789","MNTH","","","","3","","","","UFRO","EUR","","","","","false","1","","","","","","","","","","FALSE","","","","","","","","","QZTQ4GTC5QMF","NA/CDS Corp Idx","ITRAXX EUROPE"
"3938399094000000202","3938390954000000102","MODI","TRAD","2026-06-30T12:43:30Z","TRUE","CR","","I","TRUE","2026-06-30T12:43:07Z","2026-03-20","2031-06-20","","FALSE","TPSE","FALSE","FALSE","","10,000,000","","USD","","","","","","","","","","","","","","","","","","","","","","","","","0.05","","","","","","108.13","","USD","","","","false","","","1","","","A004","","","","","","","","","MNTH","","","","3","","","","","","USD","","","","false","0.99","","","","","","","OTHR","","","FALSE","","","","","","","","","QZHH8NT767RX","NA/CDS Corp Idx","CDX.NA.HY"
"3939908092000000401","","NEWT","TRAD","2026-06-30T14:35:33Z","","CR","","I","TRUE","2026-06-30T14:35:33Z","2026-07-01","2031-06-20","","","TWSF","FALSE","FALSE","","15,000,000","","EUR","","","","","","","","","","","","","","","","","","","","","","","","","0.05","","","","","","0.02442","","","","","","false","","","3","","","A004","","","","","","","","1665933.72000","MNTH","","","","3","","","","UFRO","EUR","","","","","false","1","","","","","","","","","","FALSE","","","","","","","","","QZ3HM9KVK2WL","NA/CDS Corp Idx","ITRAXX EUROPE CROSSOVER"
"3939908708000000201","","NEWT","TRAD","2026-06-30T14:36:23Z","","CR","","I","TRUE","2026-06-30T14:36:23Z","2026-07-01","2031-06-20","","FALSE","BBSF","FALSE","FALSE","","190,000,000","","USD","","","","","","","","","","","","","","","","","","","","","","","","","0.01","","","","","","0.005063","","","","","","false","","","3","","","A004","","","","","","","","4246526.85000","MNTH","","","","3","","","","UFRO","USD","","","","","false","1","","","","","","","","","","FALSE","","","","","","","","","QZ3WVVQG5T8K","NA/CDS Corp Idx","CDX.NA.IG"
"3939756772000000201","","NEWT","TRAD","2026-06-30T14:21:14Z","","CR","","I","TRUE","2026-06-30T14:21:14Z","2026-03-20","2031-06-20","","FALSE","BGCD","FALSE","FALSE","","45,000,000","","EUR","","","","","","","","","","","","","","","","","","","","","","","","","","","","","","","0.00515625","","","","","","false","","","3","","","A004","","","","","","","","","MNTH","","","","3","","","","","","","","","","false","1","","","","","","","","","","TRUE","","","","0.0012","","3","","","QZTQ4GTC5QMF","NA/CDS Corp Idx","ITRAXX EUROPE"
"3939765441000000301","","NEWT","TRAD","2026-06-30T14:22:04Z","","CR","","I","TRUE","2026-06-30T14:22:04Z","2026-07-01","2031-06-20","","FALSE","BBSF","FALSE","FALSE","","50,000,000","","EUR","","","","","","","","","","","","","","","","","","","","","","","","","0.01","","","","","","0.005149","","","","","","false","","","3","","","A004","","","","","","","","1137530.77000","MNTH","","","","3","","","","UFRO","EUR","","","","","false","1","","","","","","","","","","FALSE","","","","","","","","","QZTQ4GTC5QMF","NA/CDS Corp Idx","ITRAXX EUROPE"
"3939765442000000401","","NEWT","TRAD","2026-06-30T14:22:06Z","","CR","","I","TRUE","2026-06-30T14:22:06Z","2026-07-01","2031-06-20","","FALSE","BBSF","FALSE","FALSE","","10,000,000","","EUR","","","","","","","","","","","","","","","","","","","","","","","","","0.01","","","","","","0.005155","","","","","","false","","","3","","","A004","","","","","","","","227222.36000","MNTH","","","","3","","","","UFRO","EUR","","","","","false","1","","","","","","","","","","FALSE","","","","","","","","","QZTQ4GTC5QMF","NA/CDS Corp Idx","ITRAXX EUROPE"
"3939804587000000101","3939472750000000101","TERM","ETRM","2026-06-30T14:25:07Z","","CR","","N","FALSE","2026-06-30T13:48:00Z","2026-07-01","2030-12-20","","FALSE","BILT","FALSE","FALSE","FALSE","10,000,000","","USD","","","","","","","","","","","","","","","","","","","","","","","","","0.05","","","","","","","","","","","","false","","","","","","A004","","","","","","","","1477500.00000","MNTH","","","","3","","","","UFRO","USD","","","","","false","0.98","","","","","","","","","","FALSE","","","","","","","","","QZ06GXH0PXP1","NA/CDS Mun Idx Tra","CDX.NA.HY"
"3938274699000000201","","NEWT","TRAD","2026-06-30T12:24:02Z","","CR","","N","FALSE","2026-06-30T12:24:02Z","2026-06-30","2026-07-07","","FALSE","BILT","FALSE","FALSE","TRUE","400,000,000+","398,998,823","USD","USD","","","","","","","","","","","","","","","","","","","","","","","","0.038227","0.038227","","","","","","","","","","","false","","","","","","","","","","","","","","","EXPI","","","","1","","","","","","","USD","","","false","","","","","","","","","","","FALSE","","","","","","","","","QZR8C19R6HM3","NA/CDS Corp SN","DTD 06/30/2023"
"3929086435000000201","","NEWT","TRAD","2026-06-30T08:07:46Z","","CR","","N","FALSE","2026-06-30T08:07:46Z","2026-07-01","2026-07-15","2031-06-20","FALSE","BILT","FALSE","FALSE","TRUE","100,000,000","","EUR","","","","","","","","","","","","","","","","","","","","","","","","2026-07-15","0.05","","2,500","EUR","","","","","","","350","EUR","false","","","","","1","A004","","","","","","","","","MNTH","","","","3","","","","","","","","","","false","","","","","","","","","","","FALSE","","","","","","","","","QZTL0V3X916X","NA/CDS Idx Swt","NA/CDS Corp Idx"
"3940553642000000201","","NEWT","TRAD","2026-06-30T15:50:39Z","","CR","","I","TRUE","2026-06-30T15:50:39Z","2026-07-01","2031-06-20","","FALSE","BBSF","FALSE","FALSE","","120,000,000","","EUR","","","","","","","","","","","","","","","","","","","","","","","","","0.01","","","","","","0.0051705","","","","","","false","","","3","","","A004","","","","","","","","2717876.10892","MNTH","","","","3","","","","UFRO","EUR","","","","","false","1","","","","","","","","","","FALSE","","","","","","","","","QZTQ4GTC5QMF","NA/CDS Corp Idx","ITRAXX EUROPE"
"3939932175000000101","","NEWT","TRAD","2026-06-30T14:38:10Z","","CR","","I","TRUE","2026-06-30T14:38:10Z","2026-07-01","2031-06-20","","FALSE","BBSF","FALSE","FALSE","","3,000,000","","USD","","","","","","","","","","","","","","","","","","","","","","","","","0.01","","","","","","0.005067","","","","","","false","","","3","","","A004","","","","","","","","66995.46314","MNTH","","","","3","","","","UFRO","USD","","","","","false","1","","","","","","","","","","FALSE","","","","","","","","","QZ3WVVQG5T8K","NA/CDS Corp Idx","CDX.NA.IG"
"3939961552000000101","3939911769000000101","MODI","TRAD","2026-06-30T14:30:44Z","TRUE","CR","","I","TRUE","2026-06-30T14:29:35Z","2026-03-20","2031-06-20","","","BILT","FALSE","FALSE","FALSE","45,000,000","","EUR","","","","","","","","","","","","","","","","","","","","","","","","","0.01","","","","","","","","","","","","false","","","","","","A004","","","","","","","","1022235.00000","MNTH","","","","3","","","","UFRO","EUR","","","","","false","1","","","","","","","","","","FALSE","","","","0.0012","","3","","","QZTQ4GTC5QMF","NA/CDS Corp Idx","ITRAXX EUROPE"
"3939961708000000101","","NEWT","TRAD","2026-06-30T14:42:15Z","","CR","","I","TRUE","2026-06-30T14:42:15Z","2026-07-01","2031-06-20","","FALSE","BBSF","FALSE","FALSE","","100,000,000","","USD","","","","","","","","","","","","","","","","","","","","","","","","","0.01","","","","","","0.00507333","","","","","","false","","","3","","","A004","","","","","","","","2230298.41000","MNTH","","","","3","","","","UFRO","USD","","","","","false","1","","","","","","","","","","FALSE","","","","","","","","","QZ3WVVQG5T8K","NA/CDS Corp Idx","CDX.NA.IG"
"3940027871000000301","","NEWT","TRAD","2026-06-30T14:49:25Z","","CR","","I","TRUE","2026-06-30T14:49:25Z","2026-07-01","2031-06-20","","FALSE","BBSF","FALSE","FALSE","","40,000,000","","USD","","","","","","","","","","","","","","","","","","","","","","","","","0.05","","","","","","0.01081177","","","","","","false","","","3","","","A004","","","","","","","","3264109.20000","MNTH","","","","3","","","","UFRO","USD","","","","","false","0.99","","","","","","","","","","FALSE","","","","","","","","","QZHH8NT767RX","NA/CDS Corp Idx","CDX.NA.HY"
"3940027869000000101","","NEWT","TRAD","2026-06-30T14:49:04Z","","CR","","I","TRUE","2026-06-30T14:49:04Z","2026-07-01","2031-06-20","","FALSE","BBSF","FALSE","FALSE","","47,000,000","","USD","","","","","","","","","","","","","","","","","","","","","","","","","0.01","","","","","","0.0050733","","","","","","false","","","3","","","A004","","","","","","","","1048242.53792","MNTH","","","","3","","","","UFRO","USD","","","","","false","1","","","","","","","","","","FALSE","","","","","","","","","QZ3WVVQG5T8K","NA/CDS Corp Idx","CDX.NA.IG"
"3939940274000000301","","NEWT","TRAD","2026-06-30T14:39:36Z","","CR","","I","TRUE","2026-06-30T14:39:36Z","2026-07-01","2031-06-20","","FALSE","BBSF","FALSE","TRUE","","50,000,000","","USD","","","","","","","","","","","","","","","","","","","","","","","","","0.05","","","","","","0.01081375","","","","","","false","","","3","","","A004","","","","","","","","4089937.50000","MNTH","","","","3","","","","UFRO","USD","","","","","false","0.99","","","","","","","","","","FALSE","","","","","","","","","QZHH8NT767RX","NA/CDS Corp Idx","CDX.NA.HY"
"3940057168000000101","","NEWT","TRAD","2026-06-30T14:51:37Z","","CR","","I","TRUE","2026-06-30T14:51:37Z","2026-03-20","2031-06-20","","FALSE","BGCD","FALSE","FALSE","","40,000,000","","EUR","","","","","","","","","","","","","","","","","","","","","","","","","","","","","","","0.00515","","","","","","false","","","3","","","A004","","","","","","","","","MNTH","","","","3","","","","","","","","","","false","1","","","","","","","","","","TRUE","","","","0.0038","","3","","","QZTQ4GTC5QMF","NA/CDS Corp Idx","ITRAXX EUROPE"
"3940057173000000301","","NEWT","TRAD","2012-06-07T13:53:13Z","","CR","","N","FALSE","2012-06-07T13:53:13Z","2012-06-07","2049-03-15","2049-03-15","FALSE","BILT","FALSE","FALSE","FALSE","5,000,000","","USD","","","","","","","","","","","","","","","","","","","","","","","","","0.0109","","","","","","","","","","","","false","","","","","","A004","","","","","","","","1335531.94000","","","","","","","","","UFRO","USD","","","","","false","1","","","","","","","","","","FALSE","","","","","","","","","QZ4STD00VNWR","NA/CDS Corp Idx","CMBX.NA.AJ"
"3940511623000000401","","NEWT","TRAD","2026-02-12T15:14:03Z","","CR","","N","FALSE","2026-02-12T15:11:51Z","2026-02-12","2026-09-01","","FALSE","BILT","FALSE","FALSE","TRUE","80,000,000","","USD","","","","","","","","","","","","","","","","","","","","","","","","","0.0363","0.0363","","","","","","","","","","","false","","","","","","A020","","","","","","","","","YEAR","","","","1","","","","","","USD","","","","true","","","","","","","","","","","FALSE","","","","","","","","","QZ06XKC3VCD6","NA/CDS Corp Oth Sr","SOCIETE GENERALE"
"3940588939000000101","","NEWT","TRAD","2026-06-30T15:53:01Z","","CR","","I","TRUE","2026-06-30T15:53:01Z","2026-07-01","2031-06-20","","","TWSF","FALSE","FALSE","","23,000,000","","EUR","","","","","","","","","","","","","","","","","","","","","","","","","0.05","","","","","","0.024472","","","","","","false","","","3","","","A004","","","","","","","","2548778.42000","MNTH","","","","3","","","","UFRO","EUR","","","","","false","1","","","","","","","","","","FALSE","","","","","","","","","QZ3HM9KVK2WL","NA/CDS Corp Idx","ITRAXX EUROPE CROSSOVER"
"3940471099000000201","","NEWT","TRAD","2026-06-30T15:43:55Z","","CR","","I","FALSE","2026-06-30T15:43:55Z","2026-07-01","2033-06-20","","FALSE","BBSF","FALSE","TRUE","","12,000,000","","EUR","","","","","","","","","","","","","","","","","","","","","","","","","0.01","","","","","","0.007106","","","","","","false","","","3","","","A004","","","","","","","","219128.96000","MNTH","","","","3","","","","UFRO","EUR","","","","","false","1","","","","","","","","","","FALSE","","","","","","","","","QZMS3C1SS9J9","NA/CDS Corp Idx","ITRAXX EUROPE"
"3940595142000000201","","NEWT","TRAD","2026-06-30T15:53:03Z","","CR","","N","FALSE","2026-06-30T15:53:03Z","2026-08-19","2026-08-19","","FALSE","BILT","FALSE","FALSE","TRUE","50,000,000","","EUR","","","","","","","","","","","","","","","","","","","","","","","","2026-08-19","","","147,500","EUR","","","","","","","0.0275","","false","","","","","3","A004","","","","","","","","0.00000","MNTH","","","","3","","","","UFRO","EUR","","","","","false","","","","","","","","","","","FALSE","","","","","","","","","QZWDX55NJN4V","NA/CDS Idx Swt","NA/CDS Corp Idx"
"3941076575000000101","","NEWT","TRAD","2026-06-30T16:20:21Z","","CR","","I","TRUE","2026-06-30T16:20:21Z","2026-07-01","2031-06-20","","FALSE","BBSF","FALSE","FALSE","","50,000,000","","USD","","","","","","","","","","","","","","","","","","","","","","","","","0.01","","","","","","0.005068","","","","","","false","","","3","","","A004","","","","","","","","1116365.77000","MNTH","","","","3","","","","UFRO","USD","","","","","false","1","","","","","","","","","","FALSE","","","","","","","","","QZ3WVVQG5T8K","NA/CDS Corp Idx","CDX.NA.IG"
"3941243790000000101","","NEWT","TRAD","2026-06-30T16:31:30Z","","CR","","I","TRUE","2026-06-30T16:31:30Z","2026-07-01","2031-06-20","","FALSE","BBSF","FALSE","FALSE","","15,000,000","","USD","","","","","","","","","","","","","","","","","","","","","","","","","0.05","","","","","","0.0108138","","","","","","false","","","3","","","A004","","","","","","","","1227055.50000","MNTH","","","","3","","","","UFRO","USD","","","","","false","0.99","","","","","","","","","","FALSE","","","","","","","","","QZHH8NT767RX","NA/CDS Corp Idx","CDX.NA.HY"
"3941475694000000101","","NEWT","TRAD","2026-06-30T16:50:03Z","","CR","","I","TRUE","2026-06-30T16:50:03Z","2026-07-01","2031-06-20","","FALSE","BBSF","FALSE","FALSE","","5,000,000","","USD","","","","","","","","","","","","","","","","","","","","","","","","","0.05","","","","","","0.010814","","","","","","false","","","3","","","A004","","","","","","","","409117.50000","MNTH","","","","3","","","","UFRO","USD","","","","","false","0.99","","","","","","","","","","FALSE","","","","","","","","","QZHH8NT767RX","NA/CDS Corp Idx","CDX.NA.HY"
"3941504313000000201","","NEWT","TRAD","2026-06-30T16:52:22Z","","CR","","I","TRUE","2026-06-30T16:52:22Z","2026-07-01","2031-06-20","","","TWSF","FALSE","FALSE","","3,000,000","","USD","","","","","","","","","","","","","","","","","","","","","","","","","0.01","","","","","","0.005062","","","","","","false","","","3","","","A004","","","","","","","","67064.05516","MNTH","","","","3","","","","UFRO","USD","","","","","false","1","","","","","","","","","","FALSE","","","","","","","","","QZ3WVVQG5T8K","NA/CDS Corp Idx","CDX.NA.IG"
"3941539428000000101","","NEWT","TRAD","2026-06-30T16:54:11Z","","CR","","N","FALSE","2026-06-30T16:54:11Z","2026-06-30","2056-12-15","","FALSE","TPSE","FALSE","FALSE","","10,000,000","","USD","","","","","","","","","","","","","","","","","","","","","","","","","0.01","","","","","","0.0083","","","","","","false","","","3","","","A004","","","","","","","","","MNTH","","","","1","","","","","","USD","","","","false","1","","","","","","","OTHR","","","FALSE","","","","","","","","","QZT3T8V69988","NA/CDS Corp Idx","CMBX.NA.AS"
"3941751197000000101","","NEWT","TRAD","2026-06-30T17:24:28Z","","CR","","N","FALSE","2026-06-30T17:24:28Z","2026-07-01","2056-12-15","","FALSE","BILT","FALSE","FALSE","FALSE","5,000,000","","USD","","","","","","","","","","","","","","","","","","","","","","","","","0.01","","","","","","","","","","","","false","","","","","","A004","","","","","","","","44641.00000","MNTH","","","","1","","","","UFRO","USD","USD","","","","false","1","","","","","","","","","","FALSE","","","","","","","","","QZ7NFRHJVPRL","NA/CDS Corp Idx","CMBX.NA.AS"
"3941549438000000301","","NEWT","TRAD","2026-06-30T16:55:46Z","","CR","","I","TRUE","2026-06-30T16:55:46Z","2026-07-01","2031-06-20","","FALSE","BBSF","FALSE","FALSE","","1,000,000","","USD","","","","","","","","","","","","","","","","","","","","","","","","","0.05","","","","","","0.01081506","","","","","","false","","","3","","","A004","","","","","","","","81928.44000","MNTH","","","","3","","","","UFRO","USD","","","","","false","0.99","","","","","","","","","","FALSE","","","","","","","","","QZHH8NT767RX","NA/CDS Corp Idx","CDX.NA.HY"
"3941567182000000101","","NEWT","TRAD","2026-06-30T16:45:12Z","FALSE","CR","","N","FALSE","2026-06-30T16:45:12Z","2026-06-30","2059-11-17","","FALSE","BILT","FALSE","FALSE","FALSE","10,000,000","","USD","","","","","","","","","","","","","","","","","","","","","","","","","0.05","","","","","","","","","","","","false","","","","","","A004","","","","","","","","5583277.79000","MNTH","","","","1","","","","UFRO","USD","","","","","false","0.947433421","","","","","","","","","","FALSE","","","","","","","","","QZ68RHJ7CSZL","NA/CDS Corp Idx","CMBX.NA.BB"
"3941492490000000101","","NEWT","TRAD","2026-06-30T16:51:18Z","","CR","","I","TRUE","2026-06-30T16:51:18Z","2026-07-01","2031-06-20","","","TWSF","FALSE","TRUE","","200,000,000","","USD","","","","","","","","","","","","","","","","","","","","","","","","","0.01","","","","","","0.005069","","","","","","false","","","3","","","A004","","","","","","","","4464550.07000","MNTH","","","","3","","","","UFRO","USD","","","","","false","1","","","","","","","","","","FALSE","","","","","","","","","QZ3WVVQG5T8K","NA/CDS Corp Idx","CDX.NA.IG"
"3941651799000000201","","NEWT","TRAD","2026-06-30T17:09:00Z","","CR","","I","TRUE","2026-06-30T17:09:00Z","2026-07-01","2031-06-20","","","TWSF","FALSE","FALSE","","130,000,000","","USD","","","","","","","","","","","","","","","","","","","","","","","","","0.01","","","","","","0.005065","","","","","","false","","","3","","","A004","","","","","","","","2904331.41440","MNTH","","","","3","","","","UFRO","USD","","","","","false","1","","","","","","","","","","FALSE","","","","","","","","","QZ3WVVQG5T8K","NA/CDS Corp Idx","CDX.NA.IG"
"3941660680000000101","","NEWT","TRAD","2026-06-30T17:11:10Z","","CR","","I","TRUE","2026-06-30T17:11:10Z","2026-07-01","2031-06-20","","","TWSF","FALSE","FALSE","","8,000,000","","USD","","","","","","","","","","","","","","","","","","","","","","","","","0.01","","","","","","0.005069","","","","","","false","","","3","","","A004","","","","","","","","178581.82661","MNTH","","","","3","","","","UFRO","USD","","","","","false","1","","","","","","","","","","FALSE","","","","","","","","","QZ3WVVQG5T8K","NA/CDS Corp Idx","CDX.NA.IG"
"3941663207000000101","","NEWT","TRAD","2026-06-30T17:11:39Z","","CR","","I","TRUE","2026-06-30T17:11:39Z","2026-07-01","2031-06-20","","FALSE","BBSF","FALSE","FALSE","","10,000,000","","USD","","","","","","","","","","","","","","","","","","","","","","","","","0.01","","","","","","0.00507014","","","","","","false","","","3","","","A004","","","","","","","","223175.46000","MNTH","","","","3","","","","UFRO","USD","","","","","false","1","","","","","","","","","","FALSE","","","","","","","","","QZ3WVVQG5T8K","NA/CDS Corp Idx","CDX.NA.IG"
"3941651798000000101","","NEWT","TRAD","2026-06-30T17:08:32Z","","CR","","I","TRUE","2026-06-30T17:08:32Z","2026-07-01","2030-12-20","","FALSE","BBSF","FALSE","TRUE","","166,287,997+","","EUR","","","","","","","","","","","","","","","","","","","","","","","","","0.01","","","","","","0.004675","","","","","","false","","","3","","","A004","","","","","","","","3774033.68108","MNTH","","","","3","","","","UFRO","EUR","","","","","false","1","","","","","","","","","","TRUE","","","","0.004675","","3","","","QZFB31MBHLT9","NA/CDS Corp Idx","ITRAXX EUROPE"
"3941658231000000201","","NEWT","TRAD","2026-06-30T17:10:36Z","","CR","","I","TRUE","2026-06-30T17:10:36Z","2026-07-01","2031-06-20","","FALSE","BBSF","FALSE","TRUE","","47,260,799+","","EUR","","","","","","","","","","","","","","","","","","","","","","","","","0.05","","","","","","0.024475","","","","","","false","","","3","","","A004","","","","","","","","5237029.65741","MNTH","","","","3","","","","UFRO","EUR","","","","","false","1","","","","","","","","","","TRUE","","","","0.024475","","3","","","QZ3HM9KVK2WL","NA/CDS Corp Idx","ITRAXX EUROPE CROSSOVER"
"3943050320000000101","","NEWT","TRAD","2026-06-30T19:28:08Z","","CR","","I","TRUE","2026-06-30T19:28:08Z","2026-07-01","2031-06-20","","FALSE","BBSF","FALSE","FALSE","","26,000,000","","USD","","","","","","","","","","","","","","","","","","","","","","","","","0.05","","","","","","0.01081085","","","","","","false","","","3","","","A004","","","","","","","","2119310.56210","MNTH","","","","3","","","","UFRO","USD","","","","","false","0.99","","","","","","","","","","FALSE","","","","","","","","","QZHH8NT767RX","NA/CDS Corp Idx","CDX.NA.HY"
"3941800338000000201","","NEWT","TRAD","2026-06-30T17:42:27Z","","CR","","I","TRUE","2026-06-30T17:42:27Z","2026-07-01","2031-06-20","","FALSE","BBSF","FALSE","FALSE","","25,000,000","","USD","","","","","","","","","","","","","","","","","","","","","","","","","0.05","","","","","","0.01081099","","","","","","false","","","3","","","A004","","","","","","","","2038137.75000","MNTH","","","","3","","","","UFRO","USD","","","","","false","0.99","","","","","","","","","","FALSE","","","","","","","","","QZHH8NT767RX","NA/CDS Corp Idx","CDX.NA.HY"
"3941784663000000101","","NEWT","TRAD","2026-06-30T17:40:20Z","","CR","","I","TRUE","2026-06-30T17:40:20Z","2026-07-01","2031-06-20","","FALSE","BBSF","FALSE","FALSE","","10,000,000","","USD","","","","","","","","","","","","","","","","","","","","","","","","","0.05","","","","","","0.01081052","","","","","","false","","","3","","","A004","","","","","","","","814790.61677","MNTH","","","","3","","","","UFRO","USD","","","","","false","0.99","","","","","","","","","","FALSE","","","","","","","","","QZHH8NT767RX","NA/CDS Corp Idx","CDX.NA.HY"
"3941747651000000101","","NEWT","TRAD","2026-06-30T17:30:41Z","","CR","","I","TRUE","2026-06-30T17:30:41Z","2026-07-01","2031-06-20","","FALSE","BBSF","FALSE","TRUE","","60,000,000","","USD","","","","","","","","","","","","","","","","","","","","","","","","","0.05","","","","","","0.0108125","","","","","","false","","","3","","","A004","","","","","","","","4900500.00000","MNTH","","","","3","","","","UFRO","USD","","","","","false","0.99","","","","","","","","","","FALSE","","","","","","","","","QZHH8NT767RX","NA/CDS Corp Idx","CDX.NA.HY"
"3941806152000000301","","NEWT","TRAD","2026-06-30T17:43:18Z","","CR","","I","TRUE","2026-06-30T17:43:18Z","2026-07-01","2031-06-20","","FALSE","BBSF","FALSE","FALSE","","40,000,000","","USD","","","","","","","","","","","","","","","","","","","","","","","","","0.05","","","","","","0.010812","","","","","","false","","","3","","","A004","","","","","","","","3265020.00000","MNTH","","","","3","","","","UFRO","USD","","","","","false","0.99","","","","","","","","","","FALSE","","","","","","","","","QZHH8NT767RX","NA/CDS Corp Idx","CDX.NA.HY"
"3941815604000000101","","NEWT","TRAD","2026-06-30T17:35:27Z","","CR","","N","FALSE","2026-06-30T17:35:27Z","2026-07-01","2065-04-17","","FALSE","BILT","FALSE","FALSE","FALSE","5,000,000","","USD","","","","","","","","","","","","","","","","","","","","","","","","","0.005","","","","","","","","","","","","false","","","","","","A004","","","","","","","","15133.95000","MNTH","","","","1","","","","UFRO","USD","USD","","","","false","0.998402816","","","","","","","","","","FALSE","","","","","","","","","QZPWTRL1LSMQ","NA/CDS Corp Idx","CMBX.NA.AAA"
"3941959874000000101","","NEWT","TRAD","2026-06-30T18:15:59Z","","CR","","I","TRUE","2026-06-30T18:15:59Z","2026-07-01","2031-06-20","","FALSE","BBSF","FALSE","TRUE","","250,000,000+","","USD","","","","","","","","","","","","","","","","","","","","","","","","","0.01","","","","","","0.005081","","","","","","false","","","3","","","A004","","","","","","","","5566993.12000","MNTH","","","","3","","","","UFRO","USD","","","","","false","1","","","","","","","","","","FALSE","","","","","","","","","QZ3WVVQG5T8K","NA/CDS Corp Idx","CDX.NA.IG"
"3941918903000000401","","NEWT","TRAD","2026-06-30T18:05:39Z","","CR","","N","FALSE","2026-06-30T17:58:10Z","2026-06-30","2026-07-15","2030-12-20","TRUE","BILT","FALSE","FALSE","TRUE","80,000,000","","USD","","","","","","","","","","","","","","","","","","","","","","","","2026-07-15","0.05","","6,268,080","USD","","","","","","","0.01","","false","","","","","3","A004","","","","","","","","","MNTH","","","","3","","","","","","","","","","false","0.98","","","","","","","","","","FALSE","","","","","","","","","QZF0N8JQ556F","NA/CDS Idx Swt","NA/CDS Corp Idx"
"3942491181000000101","","NEWT","TRAD","2026-06-30T19:01:45Z","","CR","","I","TRUE","2026-06-30T19:01:45Z","2026-07-01","2031-06-20","","FALSE","BBSF","FALSE","FALSE","","2,000,000","","USD","","","","","","","","","","","","","","","","","","","","","","","","","0.01","","","","","","0.00508025","","","","","","false","","","3","","","A004","","","","","","","","44542.67531","MNTH","","","","3","","","","UFRO","USD","","","","","false","1","","","","","","","","","","FALSE","","","","","","","","","QZ3WVVQG5T8K","NA/CDS Corp Idx","CDX.NA.IG"
"3939558880000000201","","NEWT","TRAD","2026-06-30T14:01:11Z","","CR","","I","TRUE","2026-06-30T14:01:11Z","2026-07-01","2031-06-20","","FALSE","BBSF","FALSE","FALSE","","25,000,000","","USD","","","","","","","","","","","","","","","","","","","","","","","","","0.05","","","","","","0.01081425","","","","","","false","","","3","","","A004","","","","","","","","2046206.25000","MNTH","","","","3","","","","UFRO","USD","","","","","false","0.99","","","","","","","","","","FALSE","","","","","","","","","QZHH8NT767RX","NA/CDS Corp Idx","CDX.NA.HY"
"3938826823000000301","","NEWT","TRAD","2026-06-30T13:15:22Z","","CR","","I","TRUE","2026-06-30T13:15:22Z","2026-07-01","2031-06-20","","FALSE","BBSF","FALSE","FALSE","","4,000,000","","USD","","","","","","","","","","","","","","","","","","","","","","","","","0.01","","","","","","0.00507729","","","","","","false","","","3","","","A004","","","","","","","","89139.63000","MNTH","","","","3","","","","UFRO","USD","","","","","false","1","","","","","","","","","","FALSE","","","","","","","","","QZ3WVVQG5T8K","NA/CDS Corp Idx","CDX.NA.IG"
"3938920201000000101","","NEWT","TRAD","2026-06-30T13:21:49Z","","CR","","I","TRUE","2026-06-30T13:21:49Z","2026-07-01","2031-06-20","","FALSE","BBSF","FALSE","FALSE","","25,000,000","","USD","","","","","","","","","","","","","","","","","","","","","","","","","0.05","","","","","","0.01081175","","","","","","false","","","3","","","A004","","","","","","","","2040018.75000","MNTH","","","","3","","","","UFRO","USD","","","","","false","0.99","","","","","","","","","","FALSE","","","","","","","","","QZHH8NT767RX","NA/CDS Corp Idx","CDX.NA.HY"
"3934023903000000101","","NEWT","TRAD","2026-06-30T09:43:02Z","","CR","","I","TRUE","2026-06-30T09:43:02Z","2026-07-01","2031-06-20","","FALSE","BBSF","FALSE","FALSE","","10,000,000","","EUR","","","","","","","","","","","","","","","","","","","","","","","","","0.05","","","","","","0.024359","","","","","","false","","","3","","","A004","","","","","","","","1113507.10000","MNTH","","","","3","","","","UFRO","EUR","","","","","false","1","","","","","","","","","","FALSE","","","","","","","","","QZ3HM9KVK2WL","NA/CDS Corp Idx","ITRAXX EUROPE CROSSOVER"
"3931822908000000201","","NEWT","TRAD","2026-06-30T08:59:27Z","","CR","","N","FALSE","2026-06-30T08:52:09Z","2026-03-20","2031-06-20","2031-06-20","TRUE","BILT","FALSE","FALSE","TRUE","25,000,000","","EUR","","","","","","","","","","","","","","","","","","","","","","","","2026-09-16","0.01","","16,000","EUR","","","","","","","0.007","","false","","","","","3","A004","","","","","","","","","MNTH","","","","3","","","","","","","","","","false","1","","","","","","","","","","FALSE","","","","","","","","","QZX75BBR2PZH","NA/CDS Idx Swt","NA/CDS Corp Idx"
"3942251987000000101","","NEWT","TRAD","2026-06-30T18:51:04Z","","CR","","I","TRUE","2026-06-30T18:51:04Z","2026-07-01","2031-06-20","","FALSE","BBSF","FALSE","FALSE","","25,000,000","","USD","","","","","","","","","","","","","","","","","","","","","","","","","0.05","","","","","","0.01081","","","","","","false","","","3","","","A004","","","","","","","","2035687.50000","MNTH","","","","3","","","","UFRO","USD","","","","","false","0.99","","","","","","","","","","FALSE","","","","","","","","","QZHH8NT767RX","NA/CDS Corp Idx","CDX.NA.HY"
"3942067189000001101","3938274698000000101","MODI","TRAD","2026-06-30T18:26:51Z","FALSE","CR","","N","FALSE","2026-06-30T12:24:02Z","2026-06-30","2026-07-01","","FALSE","BILT","FALSE","FALSE","TRUE","110,000,000","108,401,524","USD","USD","","","","","","","","","","","","","","","","","","","","","","","","0.037804","0.037804","","","","","","","","","","","false","","","","","","","","","","","","","","","EXPI","","","","1","","","","","","","USD","","","false","","","","","","","","","","","FALSE","","","","","","","","","QZW6JMD69LC6","NA/CDS Corp SN","DTD 05/15/2025"
"3942448200000000101","","NEWT","TRAD","2026-06-30T17:20:00Z","FALSE","CR","","N","FALSE","2026-06-30T17:20:00Z","2026-06-30","2056-12-15","","FALSE","BILT","FALSE","FALSE","FALSE","5,000,000","","USD","","","","","","","","","","","","","","","","","","","","","","","","","0.01","","","","","","","","","","","","false","","","","","","A004","","","","","","","","46065.95000","MNTH","","","","1","","","","UFRO","USD","","","","","false","1","","","","","","","","","","FALSE","","","","","","","","","QZ6HGDJVRVN6","NA/CDS Corp Idx","CMBX.NA.AS"
"3939634695000000501","","NEWT","TRAD","2026-06-30T14:08:26Z","","CR","","I","TRUE","2026-06-30T14:08:26Z","2026-07-01","2031-06-20","","FALSE","BBSF","FALSE","FALSE","","5,000,000","","USD","","","","","","","","","","","","","","","","","","","","","","","","","0.05","","","","","","0.01081225","","","","","","false","","","3","","","A004","","","","","","","","408251.25000","MNTH","","","","3","","","","UFRO","USD","","","","","false","0.99","","","","","","","","","","FALSE","","","","","","","","","QZHH8NT767RX","NA/CDS Corp Idx","CDX.NA.HY"
"3943333109000000101","","NEWT","TRAD","2026-06-30T19:59:45Z","","CR","","I","FALSE","2026-06-30T19:59:45Z","2026-07-01","2031-06-20","","FALSE","BBSF","FALSE","FALSE","","2,000,000","","USD","","","","","","","","","","","","","","","","","","","","","","","","","0.01","","","","","","0.0098235","","","","","","false","","","3","","","A004","","","","","","","","34799.96520","MNTH","","","","3","","","","UFRO","USD","","","","","false","1","","","","","","","","","","FALSE","","","","","","","","","QZ4JMQKL3P03","NA/CDS Corp Idx","CDX.EM"
"3943359137000000101","","NEWT","TRAD","2026-06-30T20:01:33Z","","CR","","I","TRUE","2026-06-30T20:01:33Z","2026-07-01","2031-06-20","","FALSE","BBSF","FALSE","FALSE","","2,000,000","","USD","","","","","","","","","","","","","","","","","","","","","","","","","0.05","","","","","","0.0108062","","","","","","false","","","3","","","A004","","","","","","","","162101.86628","MNTH","","","","3","","","","UFRO","USD","","","","","false","0.99","","","","","","","","","","FALSE","","","","","","","","","QZHH8NT767RX","NA/CDS Corp Idx","CDX.NA.HY"
"3936801058000000101","","NEWT","TRAD","2026-06-30T10:44:01Z","","CR","","I","TRUE","2026-06-30T10:44:01Z","2026-07-01","2031-06-20","","FALSE","BBSF","FALSE","FALSE","","64,000,000","","EUR","","","","","","","","","","","","","","","","","","","","","","","","","0.01","","","","","","0.0051526","","","","","","false","","","3","","","A004","","","","","","","","1454942.70145","MNTH","","","","3","","","","UFRO","EUR","","","","","false","1","","","","","","","","","","FALSE","","","","","","","","","QZTQ4GTC5QMF","NA/CDS Corp Idx","ITRAXX EUROPE"
"3937048813000000201","","NEWT","TRAD","2026-06-30T10:47:54Z","FALSE","CR","","I","FALSE","2026-06-30T10:47:54Z","2026-03-20","2031-06-20","","","BGCO","FALSE","FALSE","FALSE","75,000,000","","EUR","","","","","","","","","","","","","","","","","","","","","","","","","0.01","","","","","","","","","","","","false","","","","","","A004","","","","","","","","1608495.00000","MNTH","","","","3","","","","UFRO","EUR","","","","","false","1","","","","","","","","","","TRUE","9.9999999999","","3","","","","","","QZTB38W3WJ98","NA/CDS Corp Idx","ITRAXX EUROPE SENIOR FINANCIALS"
"3935975121000000201","3865936940000000401","MODI","TRAD","2026-06-30T10:27:01Z","TRUE","CR","","N","FALSE","2026-06-25T14:49:54Z","2026-03-20","2031-06-20","2031-06-20","TRUE","BILT","FALSE","TRUE","TRUE","200,000,000","","USD","","","","","","","","","","","","","","","","","","","","","","","","2026-08-19","0.05","","1,128,600","USD","","","","","","","107","USD","false","","","","","1","A004","","","","","","","","","MNTH","","","","3","","","","","","","","","","false","0.99","","","","","","","","","","FALSE","","","","","","","","","QZX75BBR2PZH","NA/CDS Idx Swt","NA/CDS Corp Idx"
"3937549225000000101","3937539054000000101","MODI","TRAD","2026-06-30T11:28:46Z","TRUE","CR","","I","TRUE","2026-06-30T11:28:12Z","2026-03-20","2031-06-20","","FALSE","TPSE","FALSE","FALSE","","10,000,000","","USD","","","","","","","","","","","","","","","","","","","","","","","","","0.05","","","","","","108.155","","USD","","","","false","","","1","","","A004","","","","","","","","","MNTH","","","","3","","","","","","USD","","","","false","0.99","","","","","","","OTHR","","","FALSE","","","","","","","","","QZHH8NT767RX","NA/CDS Corp Idx","CDX.NA.HY"
"3937592933000000201","","NEWT","TRAD","2026-06-30T11:31:54Z","","CR","","N","FALSE","2026-06-30T11:31:54Z","2025-09-22","2030-12-20","","FALSE","BILT","FALSE","FALSE","FALSE","15,000,000","","EUR","","","","","","","","","","","","","","","","","","","","","","","","","0.05","","","","","","","","","","","","false","","","","","","A004","","","","","","","","2139075.00000","MNTH","","","","3","","","","UFRO","EUR","EUR","","","","true","1","","","","","","","","","","FALSE","","","","","","","","","QZMGS84TQL5T","NA/CDS Corp Idx Tra","ITRAXX EUROPE CROSSOVER"
"3947960545000000101","2507328239000000101","MODI","TRAD","2026-06-30T22:32:38Z","TRUE","CR","","N","FALSE","2025-09-12T20:12:32Z","2025-09-12","2026-12-07","","FALSE","BILT","FALSE","FALSE","TRUE","160,000,000","","USD","","","","","","","","","","","","","","","","","","","","","","","","","","","","","","","","","","","","","false","","","","","","","","","","","","","","0.00000","","","","","","","","","UFRO","USD","USD","","","","true","","","","","","","","","","","FALSE","","","","","","","","","QZRR0D5S3SHF","NA/CDS Corp Basket","Basket"
"3939716887000000301","","NEWT","TRAD","2026-06-30T14:17:26Z","","CR","","I","TRUE","2026-06-30T14:17:26Z","2026-07-01","2031-06-20","","FALSE","BBSF","FALSE","FALSE","","20,000,000","","EUR","","","","","","","","","","","","","","","","","","","","","","","","","0.05","","","","","","0.02442","","","","","","false","","","3","","","A004","","","","","","","","2221244.96000","MNTH","","","","3","","","","UFRO","EUR","","","","","false","1","","","","","","","","","","FALSE","","","","","","","","","QZ3HM9KVK2WL","NA/CDS Corp Idx","ITRAXX EUROPE CROSSOVER"
"3939237444000000402","","NEWT","TRAD","2026-06-30T13:40:29Z","","CR","","I","TRUE","2026-06-30T13:40:29Z","2026-03-20","2031-06-20","","FALSE","TPSE","FALSE","FALSE","","100,000,000","","USD","","","","","","","","","","","","","","","","","","","","","","","","","0.01","","","","","","0.00508","","","","","","false","","","3","","","A004","","","","","","","","","MNTH","","","","3","","","","","","USD","","","","false","1","","","","","","","OTHR","","","FALSE","","","","","","","","","QZ3WVVQG5T8K","NA/CDS Corp Idx","CDX.NA.IG"
"3939418380000000301","","NEWT","TRAD","2026-06-30T13:53:23Z","","CR","","I","TRUE","2026-06-30T13:53:23Z","2026-07-01","2031-06-20","","","TWSF","FALSE","FALSE","","8,000,000","","USD","","","","","","","","","","","","","","","","","","","","","","","","","0.05","","","","","","0.01081579","","","","","","false","","","3","","","A004","","","","","","","","656005.68000","MNTH","","","","3","","","","UFRO","USD","","","","","false","0.99","","","","","","","","","","FALSE","","","","","","","","","QZHH8NT767RX","NA/CDS Corp Idx","CDX.NA.HY"
"3939498277000000101","","NEWT","TRAD","2026-06-30T13:48:00Z","","CR","","N","FALSE","2026-06-30T13:48:00Z","2026-07-01","2030-12-20","","FALSE","BILT","FALSE","FALSE","FALSE","25,000,000","","USD","","","","","","","","","","","","","","","","","","","","","","","","","0.05","","","","","","","","","","","","false","","","","","","A004","","","","","","","","4538180.60000","MNTH","","","","3","","","","UFRO","USD","","","","","false","0.98","","","","","","","","","","FALSE","","","","","","","","","QZ06GXH0PXP1","NA/CDS Mun Idx Tra","CDX.NA.HY"
"3939085017000000201","","NEWT","TRAD","2026-06-30T13:30:19Z","","CR","","I","TRUE","2026-06-30T13:30:19Z","2026-07-01","2031-06-20","","","TWSF","FALSE","FALSE","","4,000,000","","EUR","","","","","","","","","","","","","","","","","","","","","","","","","0.05","","","","","","0.0243628","","","","","","false","","","3","","","A004","","","","","","","","445330.78095","MNTH","","","","3","","","","UFRO","EUR","","","","","false","1","","","","","","","","","","FALSE","","","","","","","","","QZ3HM9KVK2WL","NA/CDS Corp Idx","ITRAXX EUROPE CROSSOVER"
"3939371148000000101","","NEWT","TRAD","2026-06-30T13:49:45Z","","CR","","I","TRUE","2026-06-30T13:49:45Z","2026-07-01","2031-06-20","","FALSE","BBSF","FALSE","FALSE","","15,000,000","","EUR","","","","","","","","","","","","","","","","","","","","","","","","","0.05","","","","","","0.0243718","","","","","","false","","","3","","","A004","","","","","","","","1669352.54000","MNTH","","","","3","","","","UFRO","EUR","","","","","false","1","","","","","","","","","","FALSE","","","","","","","","","QZ3HM9KVK2WL","NA/CDS Corp Idx","ITRAXX EUROPE CROSSOVER"
"3939410816000000101","","NEWT","TRAD","2026-06-30T13:52:35Z","","CR","","I","TRUE","2026-06-30T13:52:35Z","2026-07-01","2031-06-20","","FALSE","BBSF","FALSE","FALSE","","50,000,000","","USD","","","","","","","","","","","","","","","","","","","","","","","","","0.01","","","","","","0.005059","","","","","","false","","","3","","","A004","","","","","","","","1118420.13000","MNTH","","","","3","","","","UFRO","USD","","","","","false","1","","","","","","","","","","FALSE","","","","","","","","","QZ3WVVQG5T8K","NA/CDS Corp Idx","CDX.NA.IG"
"3939363314000000101","","NEWT","TRAD","2026-06-30T13:49:08Z","","CR","","I","TRUE","2026-06-30T13:49:08Z","2026-07-01","2031-06-20","","","TWSF","FALSE","FALSE","","28,000,000","","EUR","","","","","","","","","","","","","","","","","","","","","","","","","0.05","","","","","","0.02435","","","","","","false","","","3","","","A004","","","","","","","","3119012.50528","MNTH","","","","3","","","","UFRO","EUR","","","","","false","1","","","","","","","","","","FALSE","","","","","","","","","QZ3HM9KVK2WL","NA/CDS Corp Idx","ITRAXX EUROPE CROSSOVER"
"3939664549000000101","","NEWT","TRAD","2026-06-30T14:11:46Z","","CR","","I","TRUE","2026-06-30T14:11:46Z","2026-07-01","2031-06-20","","FALSE","BBSF","FALSE","FALSE","","10,000,000","","EUR","","","","","","","","","","","","","","","","","","","","","","","","","0.05","","","","","","0.0244425","","","","","","false","","","3","","","A004","","","","","","","","1109558.82000","MNTH","","","","3","","","","UFRO","EUR","","","","","false","1","","","","","","","","","","FALSE","","","","","","","","","QZ3HM9KVK2WL","NA/CDS Corp Idx","ITRAXX EUROPE CROSSOVER"
"3927278700000000101","","NEWT","TRAD","2026-06-30T07:27:17Z","","CR","","I","TRUE","2026-06-30T07:27:17Z","2026-07-01","2031-06-20","","","TWSF","FALSE","FALSE","","10,000,000","","EUR","","","","","","","","","","","","","","","","","","","","","","","","","0.01","","","","","","0.005419","","","","","","false","","","3","","","A004","","","","","","","","214749.17000","MNTH","","","","3","","","","UFRO","EUR","","","","","false","1","","","","","","","","","","FALSE","","","","","","","","","QZTB38W3WJ98","NA/CDS Corp Idx","ITRAXX EUROPE SENIOR FINANCIALS"
"3939711832000000101","","NEWT","TRAD","2026-06-30T14:16:31Z","","CR","","I","FALSE","2026-06-30T14:16:31Z","2026-07-01","2031-06-20","","FALSE","BBSF","FALSE","FALSE","","88,000,000","","EUR","","","","","","","","","","","","","","","","","","","","","","","","","0.01","","","","","","0.0054473","","","","","","false","","","3","","","A004","","","","","","","","1878040.20000","MNTH","","","","3","","","","UFRO","EUR","","","","","false","1","","","","","","","","","","FALSE","","","","","","","","","QZTB38W3WJ98","NA/CDS Corp Idx","ITRAXX EUROPE SENIOR FINANCIALS"
"3939490089000000201","","NEWT","TRAD","2026-06-30T13:56:34Z","","CR","","I","TRUE","2026-06-30T13:56:34Z","2026-07-01","2031-06-20","","FALSE","BBSF","FALSE","TRUE","","250,000,000+","","USD","","","","","","","","","","","","","","","","","","","","","","","","","0.01","","","","","","0.005067","","","","","","false","","","3","","","A004","","","","","","","","5582976.03146","MNTH","","","","3","","","","UFRO","USD","","","","","false","1","","","","","","","","","","TRUE","","","","0.0004158","","3","","","QZ3WVVQG5T8K","NA/CDS Corp Idx","CDX.NA.IG"
"3939617193000000301","","NEWT","TRAD","2026-06-30T14:06:18Z","","CR","","I","TRUE","2026-06-30T14:06:18Z","2026-07-01","2031-06-20","","FALSE","BBSF","FALSE","FALSE","","10,000,000","","USD","","","","","","","","","","","","","","","","","","","","","","","","","0.05","","","","","","0.01081375","","","","","","false","","","3","","","A004","","","","","","","","817987.50000","MNTH","","","","3","","","","UFRO","USD","","","","","false","0.99","","","","","","","","","","FALSE","","","","","","","","","QZHH8NT767RX","NA/CDS Corp Idx","CDX.NA.HY"
"3938991420000000201","","NEWT","TRAD","2026-06-30T13:25:47Z","","CR","","I","TRUE","2026-06-30T13:25:47Z","2026-07-01","2031-06-20","","FALSE","BBSF","FALSE","FALSE","","13,000,000","","USD","","","","","","","","","","","","","","","","","","","","","","","","","0.01","","","","","","0.0050788","","","","","","false","","","3","","","A004","","","","","","","","289614.41681","MNTH","","","","3","","","","UFRO","USD","","","","","false","1","","","","","","","","","","FALSE","","","","","","","","","QZ3WVVQG5T8K","NA/CDS Corp Idx","CDX.NA.IG"
"3939603602000000401","","NEWT","TRAD","2026-06-30T14:05:03Z","","CR","","I","TRUE","2026-06-30T14:05:03Z","2026-07-01","2031-06-20","","","TWSF","FALSE","FALSE","","8,000,000","","USD","","","","","","","","","","","","","","","","","","","","","","","","","0.05","","","","","","0.01081465","","","","","","false","","","3","","","A004","","","","","","","","655102.80000","MNTH","","","","3","","","","UFRO","USD","","","","","false","0.99","","","","","","","","","","FALSE","","","","","","","","","QZHH8NT767RX","NA/CDS Corp Idx","CDX.NA.HY"
"3939594328000000301","","NEWT","TRAD","2026-06-30T14:03:57Z","","CR","","I","TRUE","2026-06-30T14:03:57Z","2026-07-01","2031-06-20","","","TWSF","FALSE","FALSE","","130,000,000","","USD","","","","","","","","","","","","","","","","","","","","","","","","","0.01","","","","","","0.0050661","","","","","","false","","","3","","","A004","","","","","","","","2903678.58560","MNTH","","","","3","","","","UFRO","USD","","","","","false","1","","","","","","","","","","FALSE","","","","","","","","","QZ3WVVQG5T8K","NA/CDS Corp Idx","CDX.NA.IG"
"3939634694000000401","","NEWT","TRAD","2026-06-30T14:08:16Z","","CR","","I","TRUE","2026-06-30T14:08:16Z","2026-03-20","2031-06-20","","FALSE","BGCD","FALSE","FALSE","","10,000,000","","EUR","","","","","","","","","","","","","","","","","","","","","","","","","","","","","","","0.02443125","","","","","","false","","","3","","","A004","","","","","","","","","MNTH","","","","3","","","","","","","","","","false","1","","","","","","","","","","TRUE","","","","0.0012","","3","","","QZ3HM9KVK2WL","NA/CDS Corp Idx","ITRAXX EUROPE CROSSOVER"
"3940692167000000301","","NEWT","TRAD","2026-06-30T16:00:18Z","","CR","","I","TRUE","2026-06-30T16:00:18Z","2026-07-01","2031-06-20","","FALSE","BBSF","FALSE","FALSE","","7,000,000","","USD","","","","","","","","","","","","","","","","","","","","","","","","","0.01","","","","","","0.0050732","","","","","","false","","","3","","","A004","","","","","","","","156124.68759","MNTH","","","","3","","","","UFRO","USD","","","","","false","1","","","","","","","","","","FALSE","","","","","","","","","QZ3WVVQG5T8K","NA/CDS Corp Idx","CDX.NA.IG"
"3940491420000000301","","NEWT","TRAD","2026-06-30T15:45:44Z","","CR","","I","TRUE","2026-06-30T15:45:44Z","2026-07-01","2031-06-20","","","TWSF","FALSE","FALSE","","87,000,000","","USD","","","","","","","","","","","","","","","","","","","","","","","","","0.01","","","","","","0.00507795","","","","","","false","","","3","","","A004","","","","","","","","1938524.51679","MNTH","","","","3","","","","UFRO","USD","","","","","false","1","","","","","","","","","","FALSE","","","","","","","","","QZ3WVVQG5T8K","NA/CDS Corp Idx","CDX.NA.IG"
"3940501479000000101","","NEWT","TRAD","2026-06-30T15:46:51Z","","CR","","I","TRUE","2026-06-30T15:46:51Z","2026-07-01","2031-06-20","","FALSE","BBSF","FALSE","FALSE","","15,000,000","","USD","","","","","","","","","","","","","","","","","","","","","","","","","0.05","","","","","","0.0108148","","","","","","false","","","3","","","A004","","","","","","","","1228540.50000","MNTH","","","","3","","","","UFRO","USD","","","","","false","0.99","","","","","","","","","","FALSE","","","","","","","","","QZHH8NT767RX","NA/CDS Corp Idx","CDX.NA.HY"
"3940521076000000101","","NEWT","TRAD","2026-06-30T15:48:17Z","","CR","","I","TRUE","2026-06-30T15:48:17Z","2026-07-01","2031-06-20","","FALSE","BBSF","FALSE","FALSE","","25,000,000","","USD","","","","","","","","","","","","","","","","","","","","","","","","","0.01","","","","","","0.005073","","","","","","false","","","3","","","A004","","","","","","","","557612.26000","MNTH","","","","3","","","","UFRO","USD","","","","","false","1","","","","","","","","","","FALSE","","","","","","","","","QZ3WVVQG5T8K","NA/CDS Corp Idx","CDX.NA.IG"
"3940521077000000201","","NEWT","TRAD","2026-06-30T15:48:26Z","","CR","","I","TRUE","2026-06-30T15:48:26Z","2026-07-01","2031-06-20","","FALSE","BBSF","FALSE","FALSE","","170,000,000","","USD","","","","","","","","","","","","","","","","","","","","","","","","","0.01","","","","","","0.0050764","","","","","","false","","","3","","","A004","","","","","","","","3789138.28362","MNTH","","","","3","","","","UFRO","USD","","","","","false","1","","","","","","","","","","FALSE","","","","","","","","","QZ3WVVQG5T8K","NA/CDS Corp Idx","CDX.NA.IG"
"3940023076000000301","","NEWT","TRAD","2026-06-30T14:48:42Z","","CR","","I","TRUE","2026-06-30T14:48:42Z","2026-07-01","2031-06-20","","FALSE","BBSF","FALSE","TRUE","","250,000,000+","","USD","","","","","","","","","","","","","","","","","","","","","","","","","0.01","","","","","","0.0051","","","","","","false","","","3","","","A004","","","","","","","","5545357.24041","MNTH","","","","3","","","","UFRO","USD","","","","","false","1","","","","","","","","","","TRUE","","","","0.001976","","3","","","QZ3WVVQG5T8K","NA/CDS Corp Idx","CDX.NA.IG"
"3940181923000001501","","NEWT","TRAD","2026-06-30T14:40:48Z","","CR","","N","FALSE","2026-06-30T14:40:48Z","2026-07-01","2030-12-20","","TRUE","BILT","FALSE","FALSE","TRUE","47,260,799+","","EUR","","","","","","","","","","","","","","","","","","","","","","","","","0.05","","","","","","","","","","","","false","","","","","","A004","","","","","","","","8796692.31293","MNTH","","","","3","","","","UFRO","EUR","","","","","false","1","","","","","","","","","","FALSE","","","","","","","","","QZB5DPT9MS3H","NA/CDS Corp Idx Tra","ITRAXX EUROPE CROSSOVER"
"3940182824000000501","","NEWT","TRAD","2026-06-30T15:06:56Z","","CR","","I","TRUE","2026-06-30T15:06:56Z","2026-07-01","2031-06-20","","FALSE","BBSF","FALSE","FALSE","","10,000,000","","EUR","","","","","","","","","","","","","","","","","","","","","","","","","0.05","","","","","","0.02443","","","","","","false","","","3","","","A004","","","","","","","","1110149.72000","MNTH","","","","3","","","","UFRO","EUR","","","","","false","1","","","","","","","","","","FALSE","","","","","","","","","QZ3HM9KVK2WL","NA/CDS Corp Idx","ITRAXX EUROPE CROSSOVER"
"3940681778000000101","","NEWT","TRAD","2026-06-30T15:59:11Z","","CR","","I","TRUE","2026-06-30T15:59:11Z","2024-09-20","2029-12-20","","FALSE","TPSE","FALSE","FALSE","","12,000,000","","USD","","","","","","","","","","","","","","","","","","","","","","","","","0.05","","","","","","108.125","","USD","","","","false","","","1","","","A004","","","","","","","","","MNTH","","","","3","","","","","","USD","","","","false","0.98","","","","","","","OTHR","","","FALSE","","","","","","","","","QZ74TPX36LBH","NA/CDS Corp Idx","CDX.NA.HY"
"3940406011000000101","","NEWT","TRAD","2026-06-30T15:36:05Z","","CR","","I","TRUE","2026-06-30T15:36:05Z","2026-07-01","2031-06-20","","FALSE","BBSF","FALSE","FALSE","","15,000,000","","USD","","","","","","","","","","","","","","","","","","","","","","","","","0.05","","","","","","0.01081366","","","","","","false","","","3","","","A004","","","","","","","","1226847.60000","MNTH","","","","3","","","","UFRO","USD","","","","","false","0.99","","","","","","","","","","FALSE","","","","","","","","","QZHH8NT767RX","NA/CDS Corp Idx","CDX.NA.HY"
"3940672516000000101","","NEWT","TRAD","2026-06-30T15:58:48Z","","CR","","I","TRUE","2026-06-30T15:58:48Z","2026-07-01","2030-12-20","","FALSE","BBSF","FALSE","TRUE","","76,000,000+","","USD","","","","","","","","","","","","","","","","","","","","","","","","","0.05","","","","","","0.01081855","","","","","","false","","","3","","","A004","","","","","","","","6189592.15085","MNTH","","","","3","","","","UFRO","USD","","","","","false","0.98","","","","","","","","","","TRUE","","","","0.00000605","","3","","","QZMD5JCHG48C","NA/CDS Corp Idx","CDX.NA.HY"
"3940925987000000201","","NEWT","TRAD","2026-06-30T16:10:18Z","","CR","","I","TRUE","2026-06-30T16:10:18Z","2026-03-20","2031-06-20","","FALSE","BGCD","FALSE","FALSE","","40,000,000","","EUR","","","","","","","","","","","","","","","","","","","","","","","","","","","","","","","0.00515","","","","","","false","","","3","","","A004","","","","","","","","","MNTH","","","","3","","","","","","","","","","false","1","","","","","","","","","","TRUE","","","","0.0038125","","3","","","QZTQ4GTC5QMF","NA/CDS Corp Idx","ITRAXX EUROPE"
"3940950809000000401","","NEWT","TRAD","2026-06-30T16:11:51Z","","CR","","I","TRUE","2026-06-30T16:11:51Z","2026-07-01","2031-06-20","","FALSE","BBSF","FALSE","FALSE","","1,000,000","","EUR","","","","","","","","","","","","","","","","","","","","","","","","","0.05","","","","","","0.0244508","","","","","","false","","","3","","","A004","","","","","","","","110916.44640","MNTH","","","","3","","","","UFRO","EUR","","","","","false","1","","","","","","","","","","FALSE","","","","","","","","","QZ3HM9KVK2WL","NA/CDS Corp Idx","ITRAXX EUROPE CROSSOVER"
"3933543782000000101","","NEWT","TRAD","2026-06-30T09:29:31Z","","CR","","I","TRUE","2026-06-30T09:29:31Z","2026-07-01","2031-06-20","","FALSE","BBSF","FALSE","FALSE","","7,000,000","","EUR","","","","","","","","","","","","","","","","","","","","","","","","","0.01","","","","","","0.0051483","","","","","","false","","","3","","","A004","","","","","","","","159277.21225","MNTH","","","","3","","","","UFRO","EUR","","","","","false","1","","","","","","","","","","FALSE","","","","","","","","","QZTQ4GTC5QMF","NA/CDS Corp Idx","ITRAXX EUROPE"
"3942341093000000301","","NEWT","TRAD","2026-06-30T18:55:12Z","","CR","","I","TRUE","2026-06-30T18:55:12Z","2026-07-01","2030-12-20","","FALSE","BBSF","FALSE","TRUE","","76,000,000+","","USD","","","","","","","","","","","","","","","","","","","","","","","","","0.05","","","","","","0.0108185","","","","","","false","","","3","","","A004","","","","","","","","6189288.00000","MNTH","","","","3","","","","UFRO","USD","","","","","false","0.98","","","","","","","","","","TRUE","","","","-0.0000058","","3","","","QZMD5JCHG48C","NA/CDS Corp Idx","CDX.NA.HY"
"3942594687000000301","","NEWT","TRAD","2026-06-30T17:20:00Z","FALSE","CR","","N","FALSE","2026-06-30T17:20:00Z","2026-06-30","2065-04-17","","FALSE","BILT","FALSE","FALSE","FALSE","5,000,000","","USD","","","","","","","","","","","","","","","","","","","","","","","","","0.01","","","","","","","","","","","","false","","","","","","A004","","","","","","","","63304.48000","MNTH","","","","1","","","","UFRO","USD","","","","","false","1","","","","","","","","","","FALSE","","","","","","","","","QZDTQBDZZ08G","NA/CDS Corp Idx","CMBX.NA.AS"
"3942743394000000101","","NEWT","TRAD","2026-06-30T19:14:22Z","","CR","","I","TRUE","2026-06-30T19:14:22Z","2026-07-01","2030-12-20","","FALSE","BBSF","FALSE","FALSE","","23,000,000","","USD","","","","","","","","","","","","","","","","","","","","","","","","","0.05","","","","","","0.010825","","","","","","false","","","3","","","A004","","","","","","","","1887720.89625","MNTH","","","","3","","","","UFRO","USD","","","","","false","0.98","","","","","","","","","","TRUE","1.0825","","3","","","","","","QZMD5JCHG48C","NA/CDS Corp Idx","CDX.NA.HY"
"3942708321000000101","","NEWT","TRAD","2026-06-30T19:13:12Z","","CR","","I","TRUE","2026-06-30T19:13:12Z","2026-07-01","2031-06-20","","FALSE","BBSF","FALSE","TRUE","","250,000,000+","","USD","","","","","","","","","","","","","","","","","","","","","","","","","0.01","","","","","","0.005074","","","","","","false","","","3","","","A004","","","","","","","","5574981.40000","MNTH","","","","3","","","","UFRO","USD","","","","","false","1","","","","","","","","","","FALSE","","","","","","","","","QZ3WVVQG5T8K","NA/CDS Corp Idx","CDX.NA.IG"
"3940301006000000101","","NEWT","TRAD","2026-06-30T15:22:36Z","","CR","","I","TRUE","2026-06-30T15:22:36Z","2026-07-01","2031-06-20","","","TWSF","FALSE","FALSE","","16,000,000","","EUR","","","","","","","","","","","","","","","","","","","","","","","","","0.01","","","","","","0.00516","","","","","","false","","","3","","","A004","","","","","","","","363177.41000","MNTH","","","","3","","","","UFRO","EUR","","","","","false","1","","","","","","","","","","FALSE","","","","","","","","","QZTQ4GTC5QMF","NA/CDS Corp Idx","ITRAXX EUROPE"
"3934648263000000101","","NEWT","TRAD","2026-06-30T10:03:18Z","","CR","","I","FALSE","2026-06-30T10:03:18Z","2026-07-01","2031-06-20","","","TWSF","FALSE","FALSE","","65,000,000","","EUR","","","","","","","","","","","","","","","","","","","","","","","","","0.01","","","","","","0.0051432","","","","","","false","","","3","","","A004","","","","","","","","1480573.24000","MNTH","","","","3","","","","UFRO","EUR","","","","","false","1","","","","","","","","","","FALSE","","","","","","","","","QZTQ4GTC5QMF","NA/CDS Corp Idx","ITRAXX EUROPE"
"3945884734000002801","3920960212000000201","MODI","TRAD","2026-06-30T21:09:47Z","TRUE","CR","","N","FALSE","2026-06-29T18:44:41Z","2026-03-20","2031-06-20","2031-06-20","TRUE","BILT","FALSE","TRUE","TRUE","200,000,000","","USD","","","","","","","","","","","","","","","","","","","","","","","","2026-08-19","0.05","","673,200","USD","","","","","","","106","USD","false","","","","","1","A004","","","","","","","","","MNTH","","","","3","","","","","","","","","","false","0.99","","","","","","","","","","FALSE","","","","","","","","","QZX75BBR2PZH","NA/CDS Idx Swt","NA/CDS Corp Idx"
"3935745520000000101","","NEWT","TRAD","2026-06-30T10:08:19Z","","CR","","N","FALSE","2026-06-30T10:08:19Z","2026-09-16","2026-09-16","2031-06-20","FALSE","BILT","FALSE","FALSE","FALSE","40,000,000","","EUR","","","","","","","","","","","","","","","","","","","","","","","","2026-09-16","0.05","","36,000","EUR","","","","","","","0.0225","","false","","","","","3","A004","","","","","","","","","MNTH","","","","3","","","","","","","","","","false","","","","","","","","","","","TRUE","0.0158","","3","","","","","","QZ3DGP47G9ZX","NA/CDS Idx Swt","NA/CDS Corp Idx"
"3935579860000000101","","NEWT","TRAD","2026-06-30T10:19:54Z","","CR","","I","TRUE","2026-06-30T10:19:54Z","2026-07-01","2031-06-20","","","TWSF","FALSE","TRUE","","35,000,000","","EUR","","","","","","","","","","","","","","","","","","","","","","","","","0.05","","","","","","0.0243481","","","","","","false","","","3","","","A004","","","","","","","","3899079.43000","MNTH","","","","3","","","","UFRO","EUR","","","","","false","1","","","","","","","","","","FALSE","","","","","","","","","QZ3HM9KVK2WL","NA/CDS Corp Idx","ITRAXX EUROPE CROSSOVER"
"3926473349000000101","","NEWT","TRAD","2026-06-30T06:45:57Z","","CR","","I","TRUE","2026-06-30T06:45:57Z","2026-07-01","2031-06-20","","FALSE","BBSF","FALSE","FALSE","","10,000,000","","EUR","","","","","","","","","","","","","","","","","","","","","","","","","0.05","","","","","","0.0245581","","","","","","false","","","3","","","A004","","","","","","","","1104096.89000","MNTH","","","","3","","","","UFRO","EUR","","","","","false","1","","","","","","","","","","FALSE","","","","","","","","","QZ3HM9KVK2WL","NA/CDS Corp Idx","ITRAXX EUROPE CROSSOVER"
"3937319463000000101","","NEWT","TRAD","2026-06-30T11:12:21Z","","CR","","I","FALSE","2026-06-30T11:12:21Z","2026-07-01","2031-06-20","","FALSE","BBSF","FALSE","FALSE","","25,000,000","","USD","","","","","","","","","","","","","","","","","","","","","","","","","0.01","","","","","","0.009825","","","","","","false","","","3","","","A004","","","","","","","","431250.00000","MNTH","","","","3","","","","UFRO","USD","","","","","false","1","","","","","","","","","","FALSE","","","","","","","","","QZ4JMQKL3P03","NA/CDS Corp Idx","CDX.EM"
"3940110858000000201","","NEWT","TRAD","2026-06-30T14:59:13Z","","CR","","I","TRUE","2026-06-30T14:59:13Z","2026-07-01","2031-06-20","","","TWSF","FALSE","TRUE","","166,287,997+","","EUR","","","","","","","","","","","","","","","","","","","","","","","","","0.01","","","","","","0.005164","","","","","","false","","","3","","","A004","","","","","","","","3771384.19838","MNTH","","","","3","","","","UFRO","EUR","","","","","false","1","","","","","","","","","","FALSE","","","","","","","","","QZTQ4GTC5QMF","NA/CDS Corp Idx","ITRAXX EUROPE"
"3940240553000000101","","NEWT","TRAD","2026-06-30T15:15:08Z","","CR","","I","TRUE","2026-06-30T15:15:08Z","2026-07-01","2031-06-20","","","TWSF","FALSE","FALSE","","65,000,000","","USD","","","","","","","","","","","","","","","","","","","","","","","","","0.01","","","","","","0.00507","","","","","","false","","","3","","","A004","","","","","","","","1450682.05000","MNTH","","","","3","","","","UFRO","USD","","","","","false","1","","","","","","","","","","FALSE","","","","","","","","","QZ3WVVQG5T8K","NA/CDS Corp Idx","CDX.NA.IG"
"3938966314000000201","","NEWT","TRAD","2026-06-30T13:24:21Z","","CR","","I","TRUE","2026-06-30T13:24:21Z","2026-07-01","2031-06-20","","FALSE","BBSF","FALSE","TRUE","","47,000,000","","EUR","","","","","","","","","","","","","","","","","","","","","","","","","0.05","","","","","","0.0244","","","","","","false","","","3","","","A004","","","","","","","","5224370.12000","MNTH","","","","3","","","","UFRO","EUR","","","","","false","1","","","","","","","","","","TRUE","","","","0.0001","","3","","","QZ3HM9KVK2WL","NA/CDS Corp Idx","ITRAXX EUROPE CROSSOVER"
"3940110968000000101","","NEWT","TRAD","2026-06-30T14:59:34Z","","CR","","N","FALSE","2026-06-30T14:57:00Z","2026-07-01","2026-08-03","","TRUE","BILT","FALSE","FALSE","TRUE","6,000,000","","USD","","","","","","","","","","","","","","","","","","","","","","","","","","","","","","","0.000376","","","","","","false","","","3","","","","","A004","","MNTH","","6","","","","MNTH","","","","6","","","","","USD","","","","false","","","","","","","","","","","FALSE","","","","","","","","","QZFQ1G49JTNH","NA/CDS Corp SN Sr","DTD 10/15/2021"
"3940089298000000201","","NEWT","TRAD","2026-06-30T14:55:19Z","","CR","","N","FALSE","2026-06-30T14:38:55Z","2026-06-30","2026-07-15","2031-06-20","TRUE","BILT","FALSE","FALSE","TRUE","160,000,000","","USD","","","","","","","","","","","","","","","","","","","","","","","","2026-07-15","0.05","","12,504,492","USD","","","","","","","0.01","","false","","","","","3","A004","","","","","","","","","MNTH","","","","3","","","","","","","","","","false","0.99","","","","","","","","","","FALSE","","","","","","","","","QZ9LPD3ZB1KR","NA/CDS Idx Swt","NA/CDS Corp Idx"
"3940291240000000101","","NEWT","TRAD","2026-06-30T15:21:26Z","","CR","","I","TRUE","2026-06-30T15:21:26Z","2026-07-01","2031-06-20","","FALSE","BBSF","FALSE","FALSE","","2,000,000","","EUR","","","","","","","","","","","","","","","","","","","","","","","","","0.01","","","","","","0.005168","","","","","","false","","","3","","","A004","","","","","","","","45321.45732","MNTH","","","","3","","","","UFRO","EUR","","","","","false","1","","","","","","","","","","FALSE","","","","","","","","","QZTQ4GTC5QMF","NA/CDS Corp Idx","ITRAXX EUROPE"
"3940332167000000201","","NEWT","TRAD","2026-06-30T15:21:51Z","","CR","","N","FALSE","2026-06-30T15:21:51Z","2026-03-20","2026-07-15","","TRUE","TPSE","FALSE","FALSE","","160,000,000","","USD","","","","","","","","","","","","","","","","","","","","","","","","2026-07-15","0","","12,504,492","USD","","","","","","","100","","false","","","","","3","A001","","","","","","","","","MNTH","","","","1","","","","","","","","","","false","0.99","","","","","","","","","","FALSE","","","","","","","","","QZHJMSG8W2ZX","NA/CDS Idx Swt","NA/CDS Corp Idx"
"3940256269000000201","","NEWT","TRAD","2026-06-30T15:16:58Z","","CR","","I","TRUE","2026-06-30T15:16:58Z","2026-07-01","2030-12-20","","FALSE","BBSF","FALSE","TRUE","","47,260,799+","","EUR","","","","","","","","","","","","","","","","","","","","","","","","","0.05","","","","","","0.02105","","","","","","false","","","3","","","A004","","","","","","","","5492550.00411","MNTH","","","","3","","","","UFRO","EUR","","","","","false","1","","","","","","","","","","TRUE","","","","0.00345","","3","","","QZ5F5FRS4TR9","NA/CDS Corp Idx","ITRAXX EUROPE CROSSOVER"
"3940355278000000301","","NEWT","TRAD","2026-06-30T15:29:21Z","","CR","","I","TRUE","2026-06-30T15:29:21Z","2026-07-01","2031-06-20","","","TWSF","FALSE","FALSE","","770,000","","EUR","","","","","","","","","","","","","","","","","","","","","","","","","0.01","","","","","","0.005162","","","","","","false","","","3","","","A004","","","","","","","","17470.55224","MNTH","","","","3","","","","UFRO","EUR","","","","","false","1","","","","","","","","","","FALSE","","","","","","","","","QZTQ4GTC5QMF","NA/CDS Corp Idx","ITRAXX EUROPE"
"3940371408000000101","","NEWT","TRAD","2026-06-30T15:31:26Z","","CR","","I","TRUE","2026-06-30T15:31:26Z","2026-07-01","2031-06-20","","","TWSF","FALSE","FALSE","","28,000,000","","EUR","","","","","","","","","","","","","","","","","","","","","","","","","0.01","","","","","","0.005166","","","","","","false","","","3","","","A004","","","","","","","","634765.92000","MNTH","","","","3","","","","UFRO","EUR","","","","","false","1","","","","","","","","","","FALSE","","","","","","","","","QZTQ4GTC5QMF","NA/CDS Corp Idx","ITRAXX EUROPE"
"3933829903000000101","","NEWT","TRAD","2026-06-30T09:38:42Z","","CR","","I","TRUE","2026-06-30T09:38:42Z","2026-03-20","2031-06-20","","FALSE","BGCD","FALSE","FALSE","","10,000,000","","EUR","","","","","","","","","","","","","","","","","","","","","","","","","","","","","","","0.02435","","","","","","false","","","3","","","A004","","","","","","","","","MNTH","","","","3","","","","","","","","","","false","1","","","","","","","","","","FALSE","","","","","","","","","QZ3HM9KVK2WL","NA/CDS Corp Idx","ITRAXX EUROPE CROSSOVER"
"3937986678000000101","","NEWT","TRAD","2026-06-30T12:02:48Z","","CR","","I","TRUE","2026-06-30T12:02:48Z","2026-07-01","2031-06-20","","FALSE","BBSF","FALSE","FALSE","","5,000,000","","EUR","","","","","","","","","","","","","","","","","","","","","","","","","0.05","","","","","","0.02436444","","","","","","false","","","3","","","A004","","","","","","","","556624.90000","MNTH","","","","3","","","","UFRO","EUR","","","","","false","1","","","","","","","","","","FALSE","","","","","","","","","QZ3HM9KVK2WL","NA/CDS Corp Idx","ITRAXX EUROPE CROSSOVER"
"3937995573000000301","","NEWT","TRAD","2026-06-30T12:04:02Z","","CR","","I","TRUE","2026-06-30T12:04:02Z","2026-07-01","2031-06-20","","FALSE","BBSF","FALSE","FALSE","","5,000,000","","EUR","","","","","","","","","","","","","","","","","","","","","","","","","0.05","","","","","","0.0243836","","","","","","false","","","3","","","A004","","","","","","","","556171.82000","MNTH","","","","3","","","","UFRO","EUR","","","","","false","1","","","","","","","","","","FALSE","","","","","","","","","QZ3HM9KVK2WL","NA/CDS Corp Idx","ITRAXX EUROPE CROSSOVER"
"3926978769000000201","","NEWT","TRAD","2026-06-30T07:17:39Z","","CR","","I","TRUE","2026-06-30T07:17:39Z","2026-07-01","2031-06-20","","","TWSF","FALSE","FALSE","","52,000,000","","EUR","","","","","","","","","","","","","","","","","","","","","","","","","0.01","","","","","","0.005158","","","","","","false","","","3","","","A004","","","","","","","","1180820.78755","MNTH","","","","3","","","","UFRO","EUR","","","","","false","1","","","","","","","","","","FALSE","","","","","","","","","QZTQ4GTC5QMF","NA/CDS Corp Idx","ITRAXX EUROPE"
"3938300283000000201","","NEWT","TRAD","2026-06-30T12:36:09Z","","CR","","I","TRUE","2026-06-30T12:36:09Z","2026-03-20","2031-06-20","","FALSE","TPSE","FALSE","FALSE","","150,000,000","","USD","","","","","","","","","","","","","","","","","","","","","","","","","0.01","","","","","","0.005085","","","","","","false","","","3","","","A004","","","","","","","","","MNTH","","","","3","","","","","","USD","","","","false","1","","","","","","","OTHR","","","FALSE","","","","","","","","","QZ3WVVQG5T8K","NA/CDS Corp Idx","CDX.NA.IG"
"3938194966000000201","","NEWT","TRAD","2026-06-30T12:25:27Z","","CR","","I","TRUE","2026-06-30T12:25:27Z","2026-07-01","2031-06-20","","FALSE","BBSF","FALSE","TRUE","","35,000,000","","EUR","","","","","","","","","","","","","","","","","","","","","","","","","0.05","","","","","","0.02435","","","","","","false","","","3","","","A004","","","","","","","","3898764.86000","MNTH","","","","3","","","","UFRO","EUR","","","","","false","1","","","","","","","","","","TRUE","","","","0.002365","","3","","","QZ3HM9KVK2WL","NA/CDS Corp Idx","ITRAXX EUROPE CROSSOVER"
"3938349992000000101","","NEWT","TRAD","2026-06-30T12:32:21Z","","CR","","N","FALSE","2026-06-30T12:32:21Z","2026-08-19","2026-08-19","2031-06-20","FALSE","BILT","FALSE","FALSE","FALSE","150,000,000","","EUR","","","","","","","","","","","","","","","","","","","","","","","","2026-08-19","0.05","","90,000","EUR","","","","","","","0.0225","","false","","","","","3","A004","","","","","","","","","MNTH","","","","3","","","","","","","","","","false","","","","","","","","","","","TRUE","0.0001","","3","","","","","","QZ3DGP47G9ZX","NA/CDS Idx Swt","NA/CDS Corp Idx"
"3941534444000000101","","NEWT","TRAD","2026-06-30T16:53:50Z","","CR","","I","TRUE","2026-06-30T16:53:50Z","2026-07-01","2031-06-20","","FALSE","BBSF","FALSE","TRUE","","76,000,000+","","USD","","","","","","","","","","","","","","","","","","","","","","","","","0.05","","","","","","0.0108141","","","","","","false","","","3","","","A004","","","","","","","","6219338.40000","MNTH","","","","3","","","","UFRO","USD","","","","","false","0.99","","","","","","","","","","FALSE","","","","","","","","","QZHH8NT767RX","NA/CDS Corp Idx","CDX.NA.HY"
"3941418523000000101","","NEWT","TRAD","2026-06-30T16:44:08Z","","CR","","I","TRUE","2026-06-30T16:44:08Z","2026-07-01","2031-06-20","","","TWSF","FALSE","TRUE","","200,000,000","","USD","","","","","","","","","","","","","","","","","","","","","","","","","0.01","","","","","","0.0050696","","","","","","false","","","3","","","A004","","","","","","","","4464002.27000","MNTH","","","","3","","","","UFRO","USD","","","","","false","1","","","","","","","","","","FALSE","","","","","","","","","QZ3WVVQG5T8K","NA/CDS Corp Idx","CDX.NA.IG"
"3938484885000000101","","NEWT","TRAD","2026-06-30T12:44:37Z","","CR","","I","TRUE","2026-06-30T12:44:37Z","2026-03-20","2031-06-20","","","TREU","FALSE","FALSE","FALSE","10,000,000","","EUR","","","","","","","","","","","","","","","","","","","","","","","","","0.01","","","","","","","","","","","","false","","","","","","A004","","","","","","","","214499.03000","MNTH","","","","3","","","","UFRO","EUR","","","","","false","1","","","","","","","","","","FALSE","","","","","","","","","QZTB38W3WJ98","NA/CDS Corp Idx","ITRAXX EUROPE SENIOR FINANCIALS"
"3938274698000000101","","NEWT","TRAD","2026-06-30T12:24:02Z","","CR","","N","FALSE","2026-06-30T12:24:02Z","2026-06-30","2026-07-01","","FALSE","BILT","FALSE","FALSE","TRUE","110,000,000","108,401,524","USD","USD","","","","","","","","","","","","","","","","","","","","","","","","0.037804","0.037804","","","","","","","","","","","false","","","","","","","","","","","","","","","EXPI","","","","1","","","","","","","USD","","","false","","","","","","","","","","","FALSE","","","","","","","","","QZW6JMD69LC6","NA/CDS Corp SN","DTD 05/15/2025"
"3938279086000000101","","NEWT","TRAD","2026-06-30T12:33:55Z","","CR","","I","TRUE","2026-06-30T12:33:55Z","2026-07-01","2031-06-20","","","TWSF","FALSE","FALSE","","1,000,000","","USD","","","","","","","","","","","","","","","","","","","","","","","","","0.05","","","","","","0.01081067","","","","","","false","","","3","","","A004","","","","","","","","81493.83000","MNTH","","","","3","","","","UFRO","USD","","","","","false","0.99","","","","","","","","","","FALSE","","","","","","","","","QZHH8NT767RX","NA/CDS Corp Idx","CDX.NA.HY"
"3938600894000000101","","NEWT","TRAD","2026-06-30T12:56:32Z","","CR","","I","TRUE","2026-06-30T12:56:32Z","2026-03-20","2031-06-20","","FALSE","BGCD","FALSE","FALSE","","50,000,000","","EUR","","","","","","","","","","","","","","","","","","","","","","","","","","","","","","","0.0051375","","","","","","false","","","3","","","A004","","","","","","","","","MNTH","","","","3","","","","","","","","","","false","1","","","","","","","","","","TRUE","","","","-0.0014","","3","","","QZTQ4GTC5QMF","NA/CDS Corp Idx","ITRAXX EUROPE"
"3930701324000000101","","NEWT","TRAD","2026-06-30T08:42:08Z","","CR","","I","TRUE","2026-06-30T08:42:08Z","2026-07-01","2031-06-20","","","TWSF","FALSE","FALSE","","2,000,000","","EUR","","","","","","","","","","","","","","","","","","","","","","","","","0.01","","","","","","0.0088941","","","","","","false","","","3","","","A004","","","","","","","","10695.82170","MNTH","","","","3","","","","UFRO","EUR","","","","","false","1","","","","","","","","","","FALSE","","","","","","","","","QZ5GD86QBKCC","NA/CDS Corp Idx","ITRAXX EUROPE SUB FINANCIALS"
"3929587236000000101","","NEWT","TRAD","2026-06-30T08:17:22Z","","CR","","N","FALSE","2026-06-30T08:17:22Z","2026-03-20","2026-07-15","2031-06-20","FALSE","BILT","FALSE","FALSE","TRUE","150,000,000","","EUR","","","","","","","","","","","","","","","","","","","","","","","","2026-07-15","0.05","","15,000","EUR","","","","","","","0.035","","false","","","","","3","A004","","","","","","","","","MNTH","","","","3","","","","","","","","","","false","1","","","","","","","","","","FALSE","","","","","","","","","QZTL0V3X916X","NA/CDS Idx Swt","NA/CDS Corp Idx"
"3931273073000000201","","NEWT","TRAD","2026-06-30T08:50:49Z","","CR","","I","FALSE","2026-06-30T08:50:49Z","2026-07-01","2031-06-20","","FALSE","BBSF","FALSE","FALSE","","90,000,000","","EUR","","","","","","","","","","","","","","","","","","","","","","","","","0.01","","","","","","0.005424","","","","","","false","","","3","","","A004","","","","","","","","1930618.70000","MNTH","","","","3","","","","UFRO","EUR","","","","","false","1","","","","","","","","","","TRUE","","","","-0.000165","","3","","","QZTB38W3WJ98","NA/CDS Corp Idx","ITRAXX EUROPE SENIOR FINANCIALS"
"3928096895000000201","","NEWT","TRAD","2026-06-30T07:48:17Z","","CR","","I","TRUE","2026-06-30T07:48:17Z","2026-07-01","2031-06-20","","FALSE","BBSF","FALSE","FALSE","","31,000,000","","EUR","","","","","","","","","","","","","","","","","","","","","","","","","0.05","","","","","","0.0246363","","","","","","false","","","3","","","A004","","","","","","","","3411243.32575","MNTH","","","","3","","","","UFRO","EUR","","","","","false","1","","","","","","","","","","TRUE","","","","0.01265","","3","","","QZ3HM9KVK2WL","NA/CDS Corp Idx","ITRAXX EUROPE CROSSOVER"
"3929967642000000101","","NEWT","TRAD","2026-06-30T08:26:53Z","","CR","","I","TRUE","2026-06-30T08:26:53Z","2026-07-01","2031-06-20","","FALSE","BBSF","FALSE","FALSE","","10,000,000","","EUR","","","","","","","","","","","","","","","","","","","","","","","","","0.05","","","","","","0.024449","","","","","","false","","","3","","","A004","","","","","","","","1109251.58000","MNTH","","","","3","","","","UFRO","EUR","","","","","false","1","","","","","","","","","","FALSE","","","","","","","","","QZ3HM9KVK2WL","NA/CDS Corp Idx","ITRAXX EUROPE CROSSOVER"
"3938696885000000101","","NEWT","TRAD","2026-06-30T13:04:28Z","","CR","","I","TRUE","2026-06-30T13:04:28Z","2026-07-01","2030-12-20","","FALSE","BBSF","FALSE","TRUE","","166,287,997+","","EUR","","","","","","","","","","","","","","","","","","","","","","","","","0.01","","","","","","0.00466625","","","","","","false","","","3","","","A004","","","","","","","","3780242.78959","MNTH","","","","3","","","","UFRO","EUR","","","","","false","1","","","","","","","","","","TRUE","","","","0.00048775","","3","","","QZFB31MBHLT9","NA/CDS Corp Idx","ITRAXX EUROPE"
"3934010802000000101","","NEWT","TRAD","2026-06-30T09:42:19Z","","CR","","I","TRUE","2026-06-30T09:42:19Z","2026-07-01","2031-06-20","","FALSE","BBSF","FALSE","FALSE","","10,000,000","","EUR","","","","","","","","","","","","","","","","","","","","","","","","","0.05","","","","","","0.024362","","","","","","false","","","3","","","A004","","","","","","","","1113365.20000","MNTH","","","","3","","","","UFRO","EUR","","","","","false","1","","","","","","","","","","FALSE","","","","","","","","","QZ3HM9KVK2WL","NA/CDS Corp Idx","ITRAXX EUROPE CROSSOVER"
"3934046652000000101","","NEWT","TRAD","2026-06-30T09:43:37Z","","CR","","I","FALSE","2026-06-30T09:43:37Z","2026-07-01","2031-06-20","","","TWSF","FALSE","FALSE","","18,000,000","","EUR","","","","","","","","","","","","","","","","","","","","","","","","","0.05","","","","","","0.024355","","","","","","false","","","3","","","A004","","","","","","","","2004653.35000","MNTH","","","","3","","","","UFRO","EUR","","","","","false","1","","","","","","","","","","FALSE","","","","","","","","","QZ3HM9KVK2WL","NA/CDS Corp Idx","ITRAXX EUROPE CROSSOVER"
"3929650000000000201","","NEWT","TRAD","2026-06-30T08:20:23Z","","CR","","I","FALSE","2026-06-30T08:20:23Z","2026-07-01","2031-06-20","","FALSE","BBSF","FALSE","TRUE","","10,000,000","","USD","","","","","","","","","","","","","","","","","","","","","","","","","0.01","","","","","","0.006777","","","","","","false","","","3","","","A004","","","","","","","","145786.04000","MNTH","","","","3","","","","UFRO","USD","","","","","false","1","","","","","","","","","","FALSE","","","","","","","","","QZD2VPNQ9ZFX","NA/CDS Corp Idx","ITRAXX ASIA EX-JAPAN IG"
"3939752942000000201","","NEWT","TRAD","2026-06-30T14:20:44Z","","CR","","I","TRUE","2026-06-30T14:20:44Z","2026-03-20","2031-06-20","","FALSE","BGCD","FALSE","FALSE","","45,000,000","","EUR","","","","","","","","","","","","","","","","","","","","","","","","","","","","","","","0.00515625","","","","","","false","","","3","","","A004","","","","","","","","","MNTH","","","","3","","","","","","","","","","false","1","","","","","","","","","","TRUE","","","","0.0012","","3","","","QZTQ4GTC5QMF","NA/CDS Corp Idx","ITRAXX EUROPE"
"3945057705000000201","976053383","CORR","","2026-06-30T20:44:18Z","","CR","","N","FALSE","2021-12-03T21:20:29Z","2021-11-12","2026-09-09","","FALSE","BILT","FALSE","FALSE","FALSE","13,000,000","13,000,000","USD","USD","","","","","","","","","","","11000000;11000000","10968719;10724970","2026-04-09;2026-07-09","2026-04-09;2026-07-09","2026-07-09;2026-09-09","2026-07-09;2026-09-09","","","","","","","","0.012796","","","","","","","0.0011448","","","","","false","","","3","3","","A004","","","A004","","MNTH","","1","","MNTH","","","MNTH","1","","","1","","","USD","USD","","","false","","","","","","","","","","","FALSE","","","","","","","","","QZTKB48FX7D0","NA/Ot Ot Oth",""
"3945407274000000201","3943419130000000201","TERM","ETRM","2026-06-30T20:56:14Z","","CR","","N","","2026-06-30T20:00:08Z","2026-03-20","2031-06-20","","FALSE","BILT","FALSE","","FALSE","38,000,000","","USD","","","","","","","","","","","","","","","","","","","","","","","","","0.01","","","","","","","","","","","","false","","","","","","","","","","","","","","657398.35650","","","","","","","","","UFRO","USD","","","","","false","1","","","","","","","","","","FALSE","","","","","","","","","QZ39BZSFH68L","NA/CDS Sov Idx","CDX.EM"
"3934901650000000101","","NEWT","TRAD","2026-06-30T10:03:03Z","","CR","","N","FALSE","2026-06-30T10:03:03Z","2026-07-01","2030-12-20","","FALSE","BILT","FALSE","FALSE","FALSE","25,000,000","","EUR","","","","","","","","","","","","","","","","","","","","","","","","","0.05","","","","","","","","","","","","false","","","","","","A004","","","","","","","","4650179.21268","MNTH","","","","3","","","","UFRO","EUR","","","","","false","1","","","","","","","","","","FALSE","","","","","","","","","QZ8ZC6J69LV2","NA/CDS Mun Idx Tra","ITRAXX EUROPE CROSSOVER"
"3934241324000000201","","NEWT","TRAD","2026-06-30T09:50:14Z","","CR","","N","FALSE","2026-06-30T09:50:14Z","2026-07-01","2033-11-15","","FALSE","BILT","FALSE","FALSE","TRUE","250,000,000","","USD","","","","","","","","","","","","","","","","","","","","","","","","","0.045","","","","","","","","","","","","false","","","","","","A006","","","","","","","","","MNTH","","","","6","","","","","","USD","","","","false","","","","","","","","","","","FALSE","","","","","","","","","QZRTNZPPBZV6","NA/CDS Corp SN","DTD 11/15/2023"
"3934313008000000601","","NEWT","TRAD","2026-06-30T09:52:44Z","","CR","","N","FALSE","2026-06-30T09:52:44Z","2026-07-01","2033-11-15","","FALSE","BILT","FALSE","FALSE","TRUE","250,000,000","","USD","","","","","","","","","","","","","","","","","","","","","","","","","0.045","","","","","","","","","","","","false","","","","","","A006","","","","","","","","","MNTH","","","","6","","","","","","USD","","","","false","","","","","","","","","","","FALSE","","","","","","","","","QZRTNZPPBZV6","NA/CDS Corp SN","DTD 11/15/2023"
"3939843337000000501","3929086435000000201","TERM","ETRM","2026-06-30T14:30:02Z","","CR","","N","","2026-06-30T08:07:46Z","2026-07-01","2026-07-15","2031-06-20","FALSE","BILT","FALSE","","FALSE","100,000,000","","EUR","","","","","","","","","","","","","","","","","","","","","","","","2026-07-15","0.05","","2,500","EUR","","","","","","","350","EUR","false","","","","","1","","","","","","","","","","","","","","","","","","","","","","","","false","","","","","","","","","","","FALSE","","","","","","","","","QZTL0V3X916X","NA/CDS Idx Swt","NA/CDS Corp Idx"
"3939867376000000101","","NEWT","TRAD","2026-06-30T14:32:19Z","","CR","","I","FALSE","2026-06-30T14:32:19Z","2026-07-01","2031-06-20","","FALSE","BBSF","FALSE","FALSE","","13,000,000","","USD","","","","","","","","","","","","","","","","","","","","","","","","","0.01","","","","","","0.009825","","","","","","false","","","3","","","A004","","","","","","","","224250.86250","MNTH","","","","3","","","","UFRO","USD","","","","","false","1","","","","","","","","","","FALSE","","","","","","","","","QZ4JMQKL3P03","NA/CDS Corp Idx","CDX.EM"
"3939890867000000301","","NEWT","TRAD","2026-06-30T14:35:07Z","","CR","","I","TRUE","2026-06-30T14:35:07Z","2026-07-01","2031-06-20","","","TWSF","FALSE","FALSE","","110,000,000","","EUR","","","","","","","","","","","","","","","","","","","","","","","","","0.01","","","","","","0.00515","","","","","","false","","","3","","","A004","","","","","","","","2502059.98796","MNTH","","","","3","","","","UFRO","EUR","","","","","false","1","","","","","","","","","","FALSE","","","","","","","","","QZTQ4GTC5QMF","NA/CDS Corp Idx","ITRAXX EUROPE"
"3939908091000000301","","NEWT","TRAD","2026-06-30T14:35:36Z","","CR","","I","TRUE","2026-06-30T14:35:36Z","2026-07-01","2031-06-20","","FALSE","BBSF","FALSE","FALSE","","5,000,000","","USD","","","","","","","","","","","","","","","","","","","","","","","","","0.05","","","","","","0.010816175","","","","","","false","","","3","","","A004","","","","","","","","410194.12000","MNTH","","","","3","","","","UFRO","USD","","","","","false","0.99","","","","","","","","","","FALSE","","","","","","","","","QZHH8NT767RX","NA/CDS Corp Idx","CDX.NA.HY"
"3939410817000000201","","NEWT","TRAD","2026-06-30T13:52:28Z","","CR","","N","FALSE","2026-06-30T13:04:53Z","2026-03-20","2031-06-20","2031-06-20","TRUE","BILT","FALSE","TRUE","TRUE","200,000,000","","EUR","","","","","","","","","","","","","","","","","","","","","","","","2026-10-21","0.05","","950,000","EUR","","","","","","","0.03375","","false","","","","","3","A004","","","","","","","","","MNTH","","","","3","","","","","","","","","","false","1","","","","","","","","","","FALSE","","","","","","","","","QZX75BBR2PZH","NA/CDS Idx Swt","NA/CDS Corp Idx"
"3931790419000000201","","NEWT","TRAD","2026-06-30T08:59:03Z","","CR","","N","FALSE","2026-06-30T08:52:09Z","2026-03-20","2031-06-20","2031-06-20","TRUE","BILT","FALSE","FALSE","TRUE","25,000,000","","EUR","","","","","","","","","","","","","","","","","","","","","","","","2026-09-16","0.01","","17,500","EUR","","","","","","","0.005","","false","","","","","3","A004","","","","","","","","","MNTH","","","","3","","","","","","","","","","false","1","","","","","","","","","","FALSE","","","","","","","","","QZQ9RDJP4641","NA/CDS Idx Swt","NA/CDS Corp Idx"
"3939756779000000901","","NEWT","TRAD","2026-06-30T14:21:14Z","","CR","","I","TRUE","2026-06-30T14:21:14Z","2026-03-20","2031-06-20","","FALSE","BGCD","FALSE","FALSE","","10,000,000","","EUR","","","","","","","","","","","","","","","","","","","","","","","","","","","","","","","0.024403125","","","","","","false","","","3","","","A004","","","","","","","","","MNTH","","","","3","","","","","","","","","","false","1","","","","","","","","","","TRUE","","","","0.0012","","3","","","QZ3HM9KVK2WL","NA/CDS Corp Idx","ITRAXX EUROPE CROSSOVER"
"3939534446000001201","","NEWT","TRAD","2026-06-30T13:57:12Z","","CR","","N","FALSE","2026-06-30T13:57:12Z","2026-06-30","2026-10-21","2031-06-20","FALSE","BILT","FALSE","FALSE","TRUE","400,000,000+","","USD","","","","","","","","","","","","","","","","","","","","","","","","2026-10-21","0.01","","505,000","USD","","","","","","","0.0065","","false","","","","","3","A004","","","","","","","","","MNTH","","","","3","","","","","","","","","","false","1","","","","","","","","","","FALSE","","","","","","","","","QZT4QS79CCTS","NA/CDS Idx Swt","NA/CDS Corp Idx"
"3939800733000000101","","NEWT","TRAD","2026-06-30T14:24:31Z","","CR","","I","TRUE","2026-06-30T14:24:31Z","2026-07-01","2031-06-20","","FALSE","BBSF","FALSE","FALSE","","1,000,000","","EUR","","","","","","","","","","","","","","","","","","","","","","","","","0.05","","","","","","0.024365","","","","","","false","","","3","","","A004","","","","","","","","111321.88804","MNTH","","","","3","","","","UFRO","EUR","","","","","false","1","","","","","","","","","","FALSE","","","","","","","","","QZ3HM9KVK2WL","NA/CDS Corp Idx","ITRAXX EUROPE CROSSOVER"
"3926649133000000101","","NEWT","TRAD","2026-06-30T07:03:54Z","","CR","","I","TRUE","2026-06-30T07:03:54Z","2026-07-01","2031-06-20","","","TWSF","FALSE","FALSE","","9,000,000","","EUR","","","","","","","","","","","","","","","","","","","","","","","","","0.01","","","","","","0.005159","","","","","","false","","","3","","","A004","","","","","","","","204330.67912","MNTH","","","","3","","","","UFRO","EUR","","","","","false","1","","","","","","","","","","FALSE","","","","","","","","","QZTQ4GTC5QMF","NA/CDS Corp Idx","ITRAXX EUROPE"
"3938191194000000201","","NEWT","TRAD","2026-06-30T12:24:37Z","","CR","","I","TRUE","2026-06-30T12:24:37Z","2026-07-01","2031-06-20","","","TWSF","FALSE","TRUE","","210,000,000","","USD","","","","","","","","","","","","","","","","","","","","","","","","","0.01","","","","","","0.00508175","","","","","","false","","","3","","","A004","","","","","","","","4675555.29000","MNTH","","","","3","","","","UFRO","USD","","","","","false","1","","","","","","","","","","FALSE","","","","","","","","","QZ3WVVQG5T8K","NA/CDS Corp Idx","CDX.NA.IG"
"3937891951000000101","","NEWT","TRAD","2026-06-30T11:54:36Z","","CR","","N","FALSE","2026-06-30T11:54:35Z","2026-03-20","2031-06-20","2031-06-20","TRUE","BILT","FALSE","TRUE","TRUE","350,079,993+","","EUR","","","","","","","","","","","","","","","","","","","","","","","","2026-09-16","0.05","","245,056","EUR","","","","","","","0.05","","false","","","","","3","A004","","","","","","","","","MNTH","","","","3","","","","","","","","","","false","1","","","","","","","","","","FALSE","","","","","","","","","QZX75BBR2PZH","NA/CDS Idx Swt","NA/CDS Corp Idx"
"3938201734000000101","","NEWT","TRAD","2026-06-30T12:25:33Z","","CR","","I","TRUE","2026-06-30T12:25:33Z","2026-07-01","2031-06-20","","FALSE","BBSF","FALSE","FALSE","","25,000,000","","EUR","","","","","","","","","","","","","","","","","","","","","","","","","0.05","","","","","","0.02441","","","","","","false","","","3","","","A004","","","","","","","","2777738.19000","MNTH","","","","3","","","","UFRO","EUR","","","","","false","1","","","","","","","","","","FALSE","","","","","","","","","QZ3HM9KVK2WL","NA/CDS Corp Idx","ITRAXX EUROPE CROSSOVER"
"3926673824000000101","","NEWT","TRAD","2026-06-30T07:06:12Z","","CR","","I","TRUE","2026-06-30T07:06:12Z","2026-07-01","2031-06-20","","FALSE","BBSF","FALSE","FALSE","","20,000,000","","EUR","","","","","","","","","","","","","","","","","","","","","","","","","0.05","","","","","","0.02451","","","","","","false","","","3","","","A004","","","","","","","","2212737.91000","MNTH","","","","3","","","","UFRO","EUR","","","","","false","1","","","","","","","","","","FALSE","","","","","","","","","QZ3HM9KVK2WL","NA/CDS Corp Idx","ITRAXX EUROPE CROSSOVER"
"3938263687000000301","","NEWT","TRAD","2026-06-30T12:30:21Z","","CR","","N","FALSE","2026-02-19T21:52:52Z","2026-02-19","2064-11-18","2064-11-18","FALSE","BILT","FALSE","FALSE","FALSE","5,000,000","","USD","","","","","","","","","","","","","","","","","","","","","","","","","0.03","","","","","","","","","","","","true","","","","","","A004","","","","","","","","","","","","","","","","","","","","","","","false","1","","","","","","","","","","FALSE","","","","","","","","","QZ4N7TTR2ZKQ","NA/CDS Corp Idx","CMBX.NA.BBB-"
"3940041885000000101","","NEWT","TRAD","2026-06-30T14:49:40Z","","CR","","I","TRUE","2026-06-30T14:49:40Z","2026-07-01","2031-06-20","","FALSE","BBSF","FALSE","FALSE","","5,000,000","","EUR","","","","","","","","","","","","","","","","","","","","","","","","","0.05","","","","","","0.02445425","","","","","","false","","","3","","","A004","","","","","","","","554501.72000","MNTH","","","","3","","","","UFRO","EUR","","","","","false","1","","","","","","","","","","FALSE","","","","","","","","","QZ3HM9KVK2WL","NA/CDS Corp Idx","ITRAXX EUROPE CROSSOVER"
"3941918904000000501","","NEWT","TRAD","2026-06-30T18:04:25Z","","CR","","N","FALSE","2026-06-30T17:59:43Z","2026-06-30","2026-07-15","2030-12-20","TRUE","BILT","FALSE","FALSE","TRUE","80,000,000","","USD","","","","","","","","","","","","","","","","","","","","","","","","2026-07-15","0.05","","1,960","USD","","","","","","","0.01","","false","","","","","3","A004","","","","","","","","","MNTH","","","","3","","","","","","","","","","false","0.98","","","","","","","","","","FALSE","","","","","","","","","QZ7ZR8BXRG0Z","NA/CDS Idx Swt","NA/CDS Corp Idx"
"3940532179000000101","","NEWT","TRAD","2026-06-30T15:49:16Z","","CR","","I","TRUE","2026-06-30T15:49:16Z","2026-07-01","2031-06-20","","","TWSF","FALSE","FALSE","","6,000,000","","EUR","","","","","","","","","","","","","","","","","","","","","","","","","0.05","","","","","","0.0244","","","","","","false","","","3","","","A004","","","","","","","","666940.87000","MNTH","","","","3","","","","UFRO","EUR","","","","","false","1","","","","","","","","","","TRUE","","","","0.0244","","3","","","QZ3HM9KVK2WL","NA/CDS Corp Idx","ITRAXX EUROPE CROSSOVER"
"3940511626000000701","","NEWT","TRAD","2026-03-25T15:50:54Z","","CR","","N","FALSE","2026-03-11T16:03:40Z","2026-03-12","2026-03-26","","FALSE","BILT","FALSE","FALSE","TRUE","26,000,000","","USD","","","","","","","","","","","","","","","","","","","","","","","","","0.03728","0.03728","","","","","","","","","","","false","","","","","","A020","","","","","","","","","YEAR","","","","1","","","","","","USD","","","","true","","","","","","","","","","","FALSE","","","","","","","","","QZ06XKC3VCD6","NA/CDS Corp Oth Sr","SOCIETE GENERALE"
"3940521081000000601","","NEWT","TRAD","2026-06-30T15:48:42Z","","CR","","I","TRUE","2026-06-30T15:48:42Z","2026-07-01","2031-06-20","","FALSE","BBSF","FALSE","FALSE","","25,000,000","","EUR","","","","","","","","","","","","","","","","","","","","","","","","","0.05","","","","","","0.024504","","","","","","false","","","3","","","A004","","","","","","","","2766631.08000","MNTH","","","","3","","","","UFRO","EUR","","","","","false","1","","","","","","","","","","FALSE","","","","","","","","","QZ3HM9KVK2WL","NA/CDS Corp Idx","ITRAXX EUROPE CROSSOVER"
"3940511621000000201","","NEWT","TRAD","2026-06-30T15:47:46Z","","CR","","I","TRUE","2026-06-30T15:47:46Z","2026-07-01","2031-06-20","","","TWSF","FALSE","FALSE","","20,000,000","","USD","","","","","","","","","","","","","","","","","","","","","","","","","0.05","","","","","","0.01081335","","","","","","false","","","3","","","A004","","","","","","","","1635183.00000","MNTH","","","","3","","","","UFRO","USD","","","","","false","0.99","","","","","","","","","","FALSE","","","","","","","","","QZHH8NT767RX","NA/CDS Corp Idx","CDX.NA.HY"
"3940511624000000501","","NEWT","TRAD","2026-05-27T15:25:52Z","","CR","","N","FALSE","2026-02-10T15:25:06Z","2026-02-11","2026-05-28","","FALSE","BILT","FALSE","FALSE","TRUE","49,000,000","","USD","","","","","","","","","","","","","","","","","","","","","","","","","0.03675","0.03675","","","","","","","","","","","false","","","","","","A020","","","","","","","","","YEAR","","","","1","","","","","","USD","","","","true","","","","","","","","","","","FALSE","","","","","","","","","QZ06XKC3VCD6","NA/CDS Corp Oth Sr","SOCIETE GENERALE"
"3939979545000000301","","NEWT","TRAD","2026-06-30T14:44:07Z","","CR","","I","TRUE","2026-06-30T14:44:07Z","2026-07-01","2031-06-20","","FALSE","BBSF","FALSE","FALSE","","88,000,000","","EUR","","","","","","","","","","","","","","","","","","","","","","","","","0.01","","","","","","0.005165","","","","","","false","","","3","","","A004","","","","","","","","1995386.27724","MNTH","","","","3","","","","UFRO","EUR","","","","","false","1","","","","","","","","","","FALSE","","","","","","","","","QZTQ4GTC5QMF","NA/CDS Corp Idx","ITRAXX EUROPE"
"3939887876000000101","","NEWT","TRAD","2026-06-30T14:34:16Z","","CR","","I","TRUE","2026-06-30T14:34:16Z","2026-07-01","2031-06-20","","","TWSF","FALSE","TRUE","","76,000,000+","","USD","","","","","","","","","","","","","","","","","","","","","","","","","0.05","","","","","","0.0108175","","","","","","false","","","3","","","A004","","","","","","","","6244920.00000","MNTH","","","","3","","","","UFRO","USD","","","","","false","0.99","","","","","","","","","","FALSE","","","","","","","","","QZHH8NT767RX","NA/CDS Corp Idx","CDX.NA.HY"
"3940003093000000101","","NEWT","TRAD","2026-06-30T14:46:12Z","","CR","","I","TRUE","2026-06-30T14:46:12Z","2026-07-01","2031-06-20","","FALSE","BBSF","FALSE","FALSE","","78,000,000","","EUR","","","","","","","","","","","","","","","","","","","","","","","","","0.01","","","","","","0.0051576","","","","","","false","","","3","","","A004","","","","","","","","1771375.24000","MNTH","","","","3","","","","UFRO","EUR","","","","","false","1","","","","","","","","","","FALSE","","","","","","","","","QZTQ4GTC5QMF","NA/CDS Corp Idx","ITRAXX EUROPE"
"3940027870000000201","","NEWT","TRAD","2026-06-30T14:49:15Z","","CR","","I","TRUE","2026-06-30T14:49:15Z","2026-07-01","2031-06-20","","FALSE","BBSF","FALSE","FALSE","","100,000,000","","USD","","","","","","","","","","","","","","","","","","","","","","","","","0.01","","","","","","0.00506","","","","","","false","","","3","","","A004","","","","","","","","2236385.95916","MNTH","","","","3","","","","UFRO","USD","","","","","false","1","","","","","","","","","","TRUE","","","","0.000535","","3","","","QZ3WVVQG5T8K","NA/CDS Corp Idx","CDX.NA.IG"
"3941924944000000101","3352112275000000201","TERM","ETRM","2026-06-30T17:59:51Z","","CR","","N","FALSE","2026-05-27T14:09:55Z","2026-03-20","2026-07-15","","FALSE","BILT","FALSE","FALSE","TRUE","5","","USD","","","","","","","","","","","","","","","","","","","","","","","","2026-07-15","0.006","","","","","","1","","","","","","false","","","3","","","","","","","","","","","","","","","","","","","","","","","","","","false","","","","","","","","","","","FALSE","","","","","","","","","QZ7WW76RFHN3","NA/CDS Idx Swt","NA/CDS Corp Idx"
"3940051494000000301","","NEWT","TRAD","2026-06-30T14:51:05Z","","CR","","I","TRUE","2026-06-30T14:51:05Z","2026-03-20","2031-06-20","","FALSE","BGCD","FALSE","FALSE","","30,000,000","","EUR","","","","","","","","","","","","","","","","","","","","","","","","","","","","","","","0.0244","","","","","","false","","","3","","","A004","","","","","","","","","MNTH","","","","3","","","","","","","","","","false","1","","","","","","","","","","TRUE","","","","0.0038","","3","","","QZ3HM9KVK2WL","NA/CDS Corp Idx","ITRAXX EUROPE CROSSOVER"
"3940061994000000201","","NEWT","TRAD","2026-06-30T14:52:08Z","","CR","","I","FALSE","2026-06-30T14:52:08Z","2026-07-01","2031-06-20","","FALSE","BBSF","FALSE","FALSE","","1,000,000","","USD","","","","","","","","","","","","","","","","","","","","","","","","","0.01","","","","","","0.0098241","","","","","","false","","","3","","","A004","","","","","","","","17340.00000","MNTH","","","","3","","","","UFRO","USD","","","","","false","1","","","","","","","","","","FALSE","","","","","","","","","QZ4JMQKL3P03","NA/CDS Corp Idx","CDX.EM"
"3939853900000000101","","NEWT","TRAD","2026-06-30T14:28:27Z","","CR","","N","FALSE","2026-06-30T14:28:27Z","2026-06-30","2026-09-16","2031-06-20","FALSE","BILT","FALSE","FALSE","TRUE","400,000,000+","","USD","","","","","","","","","","","","","","","","","","","","","","","","2026-09-16","0.01","","495,000","USD","","","","","","","0.00575","","false","","","","","3","A004","","","","","","","","","MNTH","","","","3","","","","","","","","","","false","1","","","","","","","","","","FALSE","","","","","","","","","QZT4QS79CCTS","NA/CDS Idx Swt","NA/CDS Corp Idx"
"3940627085000000101","","NEWT","TRAD","2026-06-30T15:55:41Z","","CR","","I","TRUE","2026-06-30T15:55:41Z","2026-07-01","2031-06-20","","FALSE","BBSF","FALSE","FALSE","","20,000,000","","EUR","","","","","","","","","","","","","","","","","","","","","","","","","0.05","","","","","","0.024437777","","","","","","false","","","3","","","A004","","","","","","","","2219564.16000","MNTH","","","","3","","","","UFRO","EUR","","","","","false","1","","","","","","","","","","FALSE","","","","","","","","","QZ3HM9KVK2WL","NA/CDS Corp Idx","ITRAXX EUROPE CROSSOVER"
"3940866174000000101","","NEWT","TRAD","2026-06-30T16:07:02Z","","CR","","N","FALSE","2026-06-30T15:37:17Z","2026-06-30","2026-08-19","2031-06-20","TRUE","BILT","FALSE","FALSE","TRUE","350,079,993+","","EUR","","","","","","","","","","","","","","","","","","","","","","","","2026-08-19","0.01","","40,259.2","EUR","","","","","","","0.00475","","false","","","","","3","A004","","","","","","","","","MNTH","","","","3","","","","","","","","","","false","1","","","","","","","","","","FALSE","","","","","","","","","QZ8Z2HV2KGSW","NA/CDS Idx Swt","NA/CDS Corp Idx"
"3940950806000000101","","NEWT","TRAD","2026-06-30T16:11:45Z","","CR","","I","TRUE","2026-06-30T16:11:45Z","2026-07-01","2031-06-20","","FALSE","BBSF","FALSE","TRUE","","166,287,997+","","EUR","","","","","","","","","","","","","","","","","","","","","","","","","0.01","","","","","","0.00518","","","","","","false","","","3","","","A004","","","","","","","","3758802.33799","MNTH","","","","3","","","","UFRO","EUR","","","","","false","1","","","","","","","","","","TRUE","","","","0.00415","","3","","","QZTQ4GTC5QMF","NA/CDS Corp Idx","ITRAXX EUROPE"
"3940958871000000201","","NEWT","TRAD","2026-06-30T16:12:52Z","","CR","","I","TRUE","2026-06-30T16:12:52Z","2026-07-01","2031-06-20","","FALSE","BBSF","FALSE","TRUE","","47,260,799+","","EUR","","","","","","","","","","","","","","","","","","","","","","","","","0.05","","","","","","0.0244608","","","","","","false","","","3","","","A004","","","","","","","","5239964.31348","MNTH","","","","3","","","","UFRO","EUR","","","","","false","1","","","","","","","","","","TRUE","","","","0.006485","","3","","","QZ3HM9KVK2WL","NA/CDS Corp Idx","ITRAXX EUROPE CROSSOVER"
"3940974215000000101","","NEWT","TRAD","2026-06-30T16:13:42Z","","CR","","I","TRUE","2026-06-30T16:13:42Z","2026-07-01","2030-12-20","","FALSE","BBSF","FALSE","TRUE","","47,260,799+","","EUR","","","","","","","","","","","","","","","","","","","","","","","","","0.05","","","","","","0.0209514","","","","","","false","","","3","","","A004","","","","","","","","5513440.43982","MNTH","","","","3","","","","UFRO","EUR","","","","","false","1","","","","","","","","","","TRUE","","","","0.00349","","3","","","QZ5F5FRS4TR9","NA/CDS Corp Idx","ITRAXX EUROPE CROSSOVER"
"3941193559000000101","","NEWT","TRAD","2026-06-30T16:27:51Z","","CR","","I","TRUE","2026-06-30T16:27:51Z","2026-07-01","2031-06-20","","FALSE","BBSF","FALSE","TRUE","","250,000,000+","","USD","","","","","","","","","","","","","","","","","","","","","","","","","0.01","","","","","","0.005069","","","","","","false","","","3","","","A004","","","","","","","","5580687.59000","MNTH","","","","3","","","","UFRO","USD","","","","","false","1","","","","","","","","","","FALSE","","","","","","","","","QZ3WVVQG5T8K","NA/CDS Corp Idx","CDX.NA.IG"
"3941451927000000101","","NEWT","TRAD","2026-06-30T16:47:39Z","","CR","","I","TRUE","2026-06-30T16:47:39Z","2026-07-01","2031-06-20","","FALSE","BBSF","FALSE","FALSE","","20,000,000","","USD","","","","","","","","","","","","","","","","","","","","","","","","","0.01","","","","","","0.005067","","","","","","false","","","3","","","A004","","","","","","","","446637.61000","MNTH","","","","3","","","","UFRO","USD","","","","","false","1","","","","","","","","","","FALSE","","","","","","","","","QZ3WVVQG5T8K","NA/CDS Corp Idx","CDX.NA.IG"
"3943489969000000201","","NEWT","TRAD","2026-06-30T20:05:58Z","","CR","","I","TRUE","2026-06-30T20:05:58Z","2026-07-01","2031-06-20","","FALSE","BBSF","FALSE","FALSE","","10,000,000","","USD","","","","","","","","","","","","","","","","","","","","","","","","","0.05","","","","","","0.01080675","","","","","","false","","","3","","","A004","","","","","","","","811057.50000","MNTH","","","","3","","","","UFRO","USD","","","","","false","0.99","","","","","","","","","","FALSE","","","","","","","","","QZHH8NT767RX","NA/CDS Corp Idx","CDX.NA.HY"
"3943419130000000201","","NEWT","TRAD","2026-06-30T20:00:08Z","","CR","","N","FALSE","2026-06-30T20:00:08Z","2026-03-20","2031-06-20","","FALSE","BILT","FALSE","FALSE","TRUE","38,000,000","","USD","","","","","","","","","","","","","","","","","","","","","","","","","0.01","","","","","","","","","","","","false","","","","","","A004","","","","","","","","657398.35650","MNTH","","","","3","","","","UFRO","USD","","","","","false","1","","","","","","","","","","FALSE","","","","","","","","","QZ39BZSFH68L","NA/CDS Sov Idx","CDX.EM"
"3942062520000000101","","NEWT","TRAD","2026-06-30T18:29:17Z","","CR","","I","TRUE","2026-06-30T18:29:17Z","2026-07-01","2031-06-20","","FALSE","BBSF","FALSE","TRUE","","250,000,000+","","USD","","","","","","","","","","","","","","","","","","","","","","","","","0.01","","","","","","0.00508","","","","","","false","","","3","","","A004","","","","","","","","5568141.37730","MNTH","","","","3","","","","UFRO","USD","","","","","false","1","","","","","","","","","","FALSE","","","","","","","","","QZ3WVVQG5T8K","NA/CDS Corp Idx","CDX.NA.IG"
"3942251988000000201","","NEWT","TRAD","2026-06-30T17:23:51Z","FALSE","CR","","I","TRUE","2026-06-30T17:23:51Z","2026-06-30","2026-07-08","","","BILT","FALSE","FALSE","TRUE","350,079,993+","","EUR","","","","","","","","","","","","","","","","","","","","","","","","2026-07-08","","","37,998,342.6852","EUR","","","0.05","","","","0.05","","false","","","3","","3","","","","","","","","","","","","","","","","","","","","","","","","false","1","","","","","","","","","","FALSE","","","","","","","","","QZWDX55NJN4V","NA/CDS Idx Swt","NA/CDS Corp Idx"
"3942067188000001001","3840532906000000301","MODI","TRAD","2026-06-30T18:25:37Z","FALSE","CR","","N","FALSE","2026-06-24T13:34:21Z","2026-06-24","2026-07-01","","FALSE","BILT","FALSE","FALSE","TRUE","100,000,000","98,375,390","USD","USD","","","","","","","","","","","","","","","","","","","","","","","","0.038126","0.038126","","","","","","","","","","","false","","","","","","","","","","","","","","","EXPI","","","","1","","","","","","","USD","","","false","","","","","","","","","","","FALSE","","","","","","","","","QZW6JMD69LC6","NA/CDS Corp SN","DTD 05/15/2025"
"3942356900000000101","3942341095000000501","MODI","TRAD","2026-06-30T18:55:38Z","TRUE","CR","","I","TRUE","2026-06-30T18:55:18Z","2026-03-20","2031-06-20","","FALSE","TPSE","FALSE","FALSE","","50,000,000","","USD","","","","","","","","","","","","","","","","","","","","","","","","","0.05","","","","","","108.105","","USD","","","","false","","","1","","","A004","","","","","","","","","MNTH","","","","3","","","","","","USD","","","","false","0.99","","","","","","","OTHR","","","FALSE","","","","","","","","","QZHH8NT767RX","NA/CDS Corp Idx","CDX.NA.HY"
"3942462542000000201","","NEWT","TRAD","2026-06-30T19:00:56Z","","CR","","I","TRUE","2026-06-30T19:00:56Z","2026-07-01","2031-06-20","","FALSE","BBSF","FALSE","FALSE","","5,000,000","","USD","","","","","","","","","","","","","","","","","","","","","","","","","0.05","","","","","","0.0108103","","","","","","false","","","3","","","A004","","","","","","","","407286.00000","MNTH","","","","3","","","","UFRO","USD","","","","","false","0.99","","","","","","","","","","FALSE","","","","","","","","","QZHH8NT767RX","NA/CDS Corp Idx","CDX.NA.HY"
"3942491183000000301","","NEWT","TRAD","2026-06-30T19:02:04Z","","CR","","I","FALSE","2026-06-30T19:02:04Z","2026-03-20","2031-06-20","","FALSE","GSEF","FALSE","FALSE","","20,000,000","","USD","","","","","","","","","","","","","","","","","","","","","","","","","","","","","","","98.235","","USD","","","","false","","","1","","","A004","","","","","","","","","MNTH","","","","3","","","","","","","","","","false","1","","","","","","","","","","FALSE","","","","","","","","","QZ39BZSFH68L","NA/CDS Sov Idx","CDX.EM"
"3943316682000000101","","NEWT","TRAD","2026-06-30T19:56:07Z","","CR","","I","TRUE","2026-06-30T19:56:07Z","2026-07-01","2031-06-20","","","TWSF","FALSE","FALSE","","86,000,000","","USD","","","","","","","","","","","","","","","","","","","","","","","","","0.01","","","","","","0.00508375","","","","","","false","","","3","","","A004","","","","","","","","1913966.11000","MNTH","","","","3","","","","UFRO","USD","","","","","false","1","","","","","","","","","","FALSE","","","","","","","","","QZ3WVVQG5T8K","NA/CDS Corp Idx","CDX.NA.IG"
"3943359138000000201","3943343206000000501","MODI","TRAD","2026-06-30T20:01:51Z","TRUE","CR","","I","TRUE","2026-06-30T20:01:01Z","2026-03-20","2031-06-20","","FALSE","TPSE","FALSE","FALSE","","30,000,000","","USD","","","","","","","","","","","","","","","","","","","","","","","","","0.05","","","","","","108.095","","USD","","","","false","","","1","","","A004","","","","","","","","","MNTH","","","","3","","","","","","USD","","","","false","0.99","","","","","","","OTHR","","","FALSE","","","","","","","","","QZHH8NT767RX","NA/CDS Corp Idx","CDX.NA.HY"
"3943419129000000101","","NEWT","TRAD","2026-06-30T20:03:19Z","","CR","","I","TRUE","2026-06-30T20:03:19Z","2026-07-01","2031-06-20","","FALSE","BBSF","FALSE","FALSE","","100,000,000","","USD","","","","","","","","","","","","","","","","","","","","","","","","","0.01","","","","","","0.00509755","","","","","","false","","","3","","","A004","","","","","","","","2219243.32000","MNTH","","","","3","","","","UFRO","USD","","","","","false","1","","","","","","","","","","FALSE","","","","","","","","","QZ3WVVQG5T8K","NA/CDS Corp Idx","CDX.NA.IG"
"3940465524000000101","3940458519000000101","MODI","TRAD","2026-06-30T15:43:15Z","TRUE","CR","","I","TRUE","2026-06-30T15:42:28Z","2025-09-22","2030-12-20","","FALSE","TPSE","FALSE","FALSE","","18,000,000","","USD","","","","","","","","","","","","","","","","","","","","","","","","","0.05","","","","","","108.25","","USD","","","","false","","","1","","","A004","","","","","","","","","MNTH","","","","3","","","","","","USD","","","","false","0.98","","","","","","","OTHR","","","FALSE","","","","","","","","","QZMD5JCHG48C","NA/CDS Corp Idx","CDX.NA.HY"
"3943772317000001501","","NEWT","TRAD","2026-06-30T20:14:57Z","","CR","","I","TRUE","2026-06-30T20:14:57Z","2026-03-20","2031-06-20","","FALSE","TPSE","FALSE","FALSE","","5,000,000","","USD","","","","","","","","","","","","","","","","","","","","","","","","","0.05","","","","","","108.06","","USD","","","","false","","","1","","","A004","","","","","","","","","MNTH","","","","3","","","","","","USD","","","","false","0.99","","","","","","","OTHR","","","FALSE","","","","","","","","","QZHH8NT767RX","NA/CDS Corp Idx","CDX.NA.HY"
"3943946056000000101","","NEWT","TRAD","2026-06-30T20:19:28Z","","CR","","I","TRUE","2026-06-30T20:19:28Z","2026-07-01","2031-06-20","","FALSE","BBSF","FALSE","FALSE","","140,000,000","","USD","","","","","","","","","","","","","","","","","","","","","","","","","0.01","","","","","","0.005094","","","","","","false","","","3","","","A004","","","","","","","","3109201.88074","MNTH","","","","3","","","","UFRO","USD","","","","","false","1","","","","","","","","","","FALSE","","","","","","","","","QZ3WVVQG5T8K","NA/CDS Corp Idx","CDX.NA.IG"
"3944399430000000101","976053382","CORR","","2026-06-30T20:27:59Z","","CR","","N","FALSE","2022-02-16T22:10:18Z","2022-02-11","2028-02-11","","FALSE","BILT","FALSE","FALSE","FALSE","43,000,000","43,000,000","USD","USD","","","","","","","","","","","27000000;18000000","26946785;18346747","2026-02-11;2027-02-11","2026-02-11;2027-02-11","2027-02-11;2028-02-11","2027-02-11;2028-02-11","","","","","","","","0.01503","","","","","","","0","","","","","false","","","3","3","","A004","","","A004","","DAIL","","1","","MNTH","","","MNTH","1","","","1","","","USD","USD","","","false","","","","","","","","","","","FALSE","","","","","","","","","QZTKB48FX7D0","NA/Ot Ot Oth",""
"3941638008000000101","","NEWT","TRAD","2026-06-30T17:05:54Z","FALSE","CR","","I","TRUE","2026-06-30T17:05:54Z","2026-03-20","2031-06-20","","","BMTF","FALSE","FALSE","FALSE","35,000,000","","USD","","","","","","","","","","","","","","","","","","","","","","","","","0.01","","","","","","","","","","","","false","","","","","","A004","","","","","","","","781839.51000","MNTH","","","","3","","","","UFRO","USD","","","","","false","1","","","","","","","","","","FALSE","","","","","","","","","QZ3WVVQG5T8K","NA/CDS Corp Idx","CDX.NA.IG"
"3941725218000000201","","NEWT","TRAD","2026-06-30T17:24:32Z","","CR","","I","TRUE","2026-06-30T17:24:32Z","2026-07-01","2031-06-20","","FALSE","BBSF","FALSE","FALSE","","40,000,000","","USD","","","","","","","","","","","","","","","","","","","","","","","","","0.05","","","","","","0.01081235","","","","","","false","","","3","","","A004","","","","","","","","3266406.00000","MNTH","","","","3","","","","UFRO","USD","","","","","false","0.99","","","","","","","","","","FALSE","","","","","","","","","QZHH8NT767RX","NA/CDS Corp Idx","CDX.NA.HY"
"3941727828000000201","","NEWT","TRAD","2026-06-30T17:24:44Z","","CR","","I","TRUE","2026-06-30T17:24:44Z","2026-07-01","2031-06-20","","","TWSF","FALSE","FALSE","","20,000,000","","USD","","","","","","","","","","","","","","","","","","","","","","","","","0.05","","","","","","0.0108125","","","","","","false","","","3","","","A004","","","","","","","","1633500.00000","MNTH","","","","3","","","","UFRO","USD","","","","","false","0.99","","","","","","","","","","FALSE","","","","","","","","","QZHH8NT767RX","NA/CDS Corp Idx","CDX.NA.HY"
"3941757375000000101","","NEWT","TRAD","2026-06-30T17:33:24Z","","CR","","I","TRUE","2026-06-30T17:33:24Z","2026-07-01","2031-06-20","","FALSE","BBSF","FALSE","FALSE","","25,000,000","","USD","","","","","","","","","","","","","","","","","","","","","","","","","0.05","","","","","","0.010812","","","","","","false","","","3","","","A004","","","","","","","","2040637.50000","MNTH","","","","3","","","","UFRO","USD","","","","","false","0.99","","","","","","","","","","FALSE","","","","","","","","","QZHH8NT767RX","NA/CDS Corp Idx","CDX.NA.HY"
"3941806151000000201","","NEWT","TRAD","2026-06-30T17:43:02Z","","CR","","I","TRUE","2026-06-30T17:43:02Z","2026-07-01","2031-06-20","","FALSE","BBSF","FALSE","FALSE","","10,000,000","","USD","","","","","","","","","","","","","","","","","","","","","","","","","0.05","","","","","","0.010812","","","","","","false","","","3","","","A004","","","","","","","","816255.00000","MNTH","","","","3","","","","UFRO","USD","","","","","false","0.99","","","","","","","","","","FALSE","","","","","","","","","QZHH8NT767RX","NA/CDS Corp Idx","CDX.NA.HY"
"3941844114000000101","","NEWT","TRAD","2026-06-30T17:50:52Z","","CR","","I","TRUE","2026-06-30T17:50:52Z","2026-07-01","2031-06-20","","FALSE","BBSF","FALSE","FALSE","","2,000,000","","USD","","","","","","","","","","","","","","","","","","","","","","","","","0.05","","","","","","0.01081099","","","","","","false","","","3","","","A004","","","","","","","","163051.02000","MNTH","","","","3","","","","UFRO","USD","","","","","false","0.99","","","","","","","","","","FALSE","","","","","","","","","QZHH8NT767RX","NA/CDS Corp Idx","CDX.NA.HY"
"3940119890000000401","","NEWT","TRAD","2026-06-30T15:00:40Z","","CR","","I","TRUE","2026-06-30T15:00:40Z","2026-07-01","2030-12-20","","","TWSF","FALSE","FALSE","","6,000,000","","USD","","","","","","","","","","","","","","","","","","","","","","","","","0.01","","","","","","0.0046556","","","","","","false","","","3","","","A004","","","","","","","","132292.78797","MNTH","","","","3","","","","UFRO","USD","","","","","false","1","","","","","","","","","","FALSE","","","","","","","","","QZN3HTTN5303","NA/CDS Corp Idx","CDX.NA.IG"
"3939237443000000301","","NEWT","TRAD","2026-06-30T13:40:04Z","FALSE","CR","","N","FALSE","2026-06-30T13:40:04Z","2026-06-30","2026-10-02","","FALSE","BILT","FALSE","FALSE","TRUE","10,924,512,221","10,000,000","NGN","USD","","","","","","","","","","","","","","","","","","","","","","","","0.226","","","","","","","","","","","","false","","","","","","A005","","","A004","","DAIL","","1","","MNTH","","","EXPI","1","","","1","","","USD","","","","false","","","","","","","","","","","FALSE","","","","","","","","","QZHV0M8MCRHL","NA/CDS Corp SN","22.60% FGN JAN 2035"
"3939634692000000201","","NEWT","TRAD","2026-06-30T14:08:19Z","","CR","","I","TRUE","2026-06-30T14:08:19Z","2026-07-01","2031-06-20","","FALSE","BBSF","FALSE","FALSE","","5,000,000","","USD","","","","","","","","","","","","","","","","","","","","","","","","","0.05","","","","","","0.0108125","","","","","","false","","","3","","","A004","","","","","","","","408375.00000","MNTH","","","","3","","","","UFRO","USD","","","","","false","0.99","","","","","","","","","","FALSE","","","","","","","","","QZHH8NT767RX","NA/CDS Corp Idx","CDX.NA.HY"
"3939307057000000301","3939301290000000401","MODI","TRAD","2026-06-30T13:45:10Z","TRUE","CR","","I","TRUE","2026-06-30T13:44:35Z","2026-03-20","2031-06-20","","FALSE","TPSE","FALSE","FALSE","","76,000,000+","","USD","","","","","","","","","","","","","","","","","","","","","","","","","0.05","","","","","","108.115","","USD","","","","false","","","1","","","A004","","","","","","","","","MNTH","","","","3","","","","","","USD","","","","false","0.99","","","","","","","OTHR","","","FALSE","","","","","","","","","QZHH8NT767RX","NA/CDS Corp Idx","CDX.NA.HY"
"3939315234000000101","3939301291000000501","MODI","TRAD","2026-06-30T13:45:27Z","TRUE","CR","","I","TRUE","2026-06-30T13:44:39Z","2026-03-20","2031-06-20","","FALSE","TPSE","FALSE","FALSE","","250,000,000+","","USD","","","","","","","","","","","","","","","","","","","","","","","","","0.01","","","","","","0.005085","","","","","","false","","","3","","","A004","","","","","","","","","MNTH","","","","3","","","","","","USD","","","","false","1","","","","","","","OTHR","","","FALSE","","","","","","","","","QZ3WVVQG5T8K","NA/CDS Corp Idx","CDX.NA.IG"
"3925099128000000101","","NEWT","TRAD","2026-06-30T02:30:00Z","","CR","","I","FALSE","2026-06-30T02:30:00Z","2026-07-01","2031-06-20","","","TWSF","FALSE","FALSE","","1,000,000","","USD","","","","","","","","","","","","","","","","","","","","","","","","","0.01","","","","","","0.006775","","","","","","false","","","3","","","A004","","","","","","","","14587.61000","MNTH","","","","3","","","","UFRO","USD","","","","","false","1","","","","","","","","","","FALSE","","","","","","","","","QZ1F7JZSZZ7M","NA/CDS Corp Idx","ITRAXX AUSTRALIA"
"3938748670000000401","","NEWT","TRAD","2026-06-30T13:08:44Z","","CR","","I","FALSE","2026-06-30T13:08:44Z","2026-07-01","2031-06-20","","","TWSF","FALSE","FALSE","","15,000,000","","USD","","","","","","","","","","","","","","","","","","","","","","","","","0.01","","","","","","0.00982","","","","","","false","","","3","","","A004","","","","","","","","266250.00000","MNTH","","","","3","","","","UFRO","USD","","","","","false","1","","","","","","","","","","FALSE","","","","","","","","","QZ4JMQKL3P03","NA/CDS Corp Idx","CDX.EM"
"3938874399000000101","","NEWT","TRAD","2026-06-30T13:18:37Z","","CR","","I","TRUE","2026-06-30T13:18:37Z","2026-07-01","2031-06-20","","FALSE","BBSF","FALSE","FALSE","","25,000,000","","USD","","","","","","","","","","","","","","","","","","","","","","","","","0.01","","","","","","0.005076","","","","","","false","","","3","","","A004","","","","","","","","557269.90000","MNTH","","","","3","","","","UFRO","USD","","","","","false","1","","","","","","","","","","FALSE","","","","","","","","","QZ3WVVQG5T8K","NA/CDS Corp Idx","CDX.NA.IG"
"3940108329000000101","","NEWT","TRAD","2026-06-30T14:58:37Z","","CR","","I","TRUE","2026-06-30T14:58:37Z","2026-07-01","2031-06-20","","FALSE","BBSF","FALSE","FALSE","","10,000,000","","EUR","","","","","","","","","","","","","","","","","","","","","","","","","0.01","","","","","","0.005162","","","","","","false","","","3","","","A004","","","","","","","","226891.29000","MNTH","","","","3","","","","UFRO","EUR","","","","","false","1","","","","","","","","","","FALSE","","","","","","","","","QZTQ4GTC5QMF","NA/CDS Corp Idx","ITRAXX EUROPE"
"3940110857000000101","","NEWT","TRAD","2026-06-30T14:59:13Z","","CR","","I","FALSE","2026-06-30T14:59:13Z","2026-07-01","2031-06-20","","","TWSF","FALSE","FALSE","","5,000,000","","EUR","","","","","","","","","","","","","","","","","","","","","","","","","0.01","","","","","","0.005164","","","","","","false","","","3","","","A004","","","","","","","","113398.71704","MNTH","","","","3","","","","UFRO","EUR","","","","","false","1","","","","","","","","","","FALSE","","","","","","","","","QZTQ4GTC5QMF","NA/CDS Corp Idx","ITRAXX EUROPE"
"3940115881000000101","","NEWT","TRAD","2026-06-30T14:59:45Z","","CR","","I","TRUE","2026-06-30T14:59:45Z","2026-07-01","2031-06-20","","FALSE","BBSF","FALSE","FALSE","","50,000,000","","USD","","","","","","","","","","","","","","","","","","","","","","","","","0.01","","","","","","0.005072","","","","","","false","","","3","","","A004","","","","","","","","1115452.77000","MNTH","","","","3","","","","UFRO","USD","","","","","false","1","","","","","","","","","","FALSE","","","","","","","","","QZ3WVVQG5T8K","NA/CDS Corp Idx","CDX.NA.IG"
"3939024948000000101","","NEWT","TRAD","2026-06-30T13:27:50Z","","CR","","I","TRUE","2026-06-30T13:27:50Z","2026-07-01","2031-06-20","","","TWSF","FALSE","FALSE","","40,000,000","","USD","","","","","","","","","","","","","","","","","","","","","","","","","0.01","","","","","","0.005075","","","","","","false","","","3","","","A004","","","","","","","","891814.43000","MNTH","","","","3","","","","UFRO","USD","","","","","false","1","","","","","","","","","","FALSE","","","","","","","","","QZ3WVVQG5T8K","NA/CDS Corp Idx","CDX.NA.IG"
"3939968428000000101","","NEWT","TRAD","2026-06-30T14:41:25Z","","CR","","N","FALSE","2026-06-30T14:41:25Z","2026-06-30","2026-09-16","2031-06-20","FALSE","BILT","FALSE","FALSE","TRUE","400,000,000+","","USD","","","","","","","","","","","","","","","","","","","","","","","","2026-09-16","0.01","","495,000","USD","","","","","","","0.00575","","false","","","","","3","A004","","","","","","","","","MNTH","","","","3","","","","","","","","","","false","1","","","","","","","","","","FALSE","","","","","","","","","QZT4QS79CCTS","NA/CDS Idx Swt","NA/CDS Corp Idx"
"3940187052000000201","","NEWT","TRAD","2026-06-30T15:07:03Z","","CR","","I","TRUE","2026-06-30T15:07:03Z","2026-07-01","2031-06-20","","","TWSF","FALSE","FALSE","","7,000,000","","EUR","","","","","","","","","","","","","","","","","","","","","","","","","0.05","","","","","","0.0244288","","","","","","false","","","3","","","A004","","","","","","","","777142.40510","MNTH","","","","3","","","","UFRO","EUR","","","","","false","1","","","","","","","","","","FALSE","","","","","","","","","QZ3HM9KVK2WL","NA/CDS Corp Idx","ITRAXX EUROPE CROSSOVER"
"3940099123000000201","","NEWT","TRAD","2026-06-30T14:57:08Z","","CR","","I","TRUE","2026-06-30T14:57:08Z","2026-07-01","2031-06-20","","","TWSF","FALSE","TRUE","","166,287,997+","","EUR","","","","","","","","","","","","","","","","","","","","","","","","","0.01","","","","","","0.00516","","","","","","false","","","3","","","A004","","","","","","","","3774548.19852","MNTH","","","","3","","","","UFRO","EUR","","","","","false","1","","","","","","","","","","FALSE","","","","","","","","","QZTQ4GTC5QMF","NA/CDS Corp Idx","ITRAXX EUROPE"
"3940104978000000101","","NEWT","TRAD","2026-06-30T14:57:47Z","","CR","","I","TRUE","2026-06-30T14:57:47Z","2026-07-01","2031-06-20","","FALSE","BBSF","FALSE","TRUE","","55,000,000","","USD","","","","","","","","","","","","","","","","","","","","","","","","","0.05","","","","","","0.01081225","","","","","","false","","","3","","","A004","","","","","","","","4490763.75000","MNTH","","","","3","","","","UFRO","USD","","","","","false","0.99","","","","","","","","","","FALSE","","","","","","","","","QZHH8NT767RX","NA/CDS Corp Idx","CDX.NA.HY"
"3940189989000000201","","NEWT","TRAD","2026-06-30T15:08:16Z","","CR","","I","FALSE","2026-06-30T15:08:16Z","2026-07-01","2031-06-20","","","TWSF","FALSE","FALSE","","6,000,000","","USD","","","","","","","","","","","","","","","","","","","","","","","","","0.05","","","","","","0.01081472","","","","","","false","","","3","","","A004","","","","","","","","491367.83477","MNTH","","","","3","","","","UFRO","USD","","","","","false","0.99","","","","","","","","","","FALSE","","","","","","","","","QZHH8NT767RX","NA/CDS Corp Idx","CDX.NA.HY"
"3940726995000000101","","NEWT","TRAD","2026-06-30T16:01:08Z","","CR","","I","TRUE","2026-06-30T16:01:08Z","2026-07-01","2031-06-20","","","TWSF","FALSE","FALSE","","3,000,000","","USD","","","","","","","","","","","","","","","","","","","","","","","","","0.05","","","","","","0.01081387","","","","","","false","","","3","","","A004","","","","","","","","245431.89000","MNTH","","","","3","","","","UFRO","USD","","","","","false","0.99","","","","","","","","","","FALSE","","","","","","","","","QZHH8NT767RX","NA/CDS Corp Idx","CDX.NA.HY"
"3940617761000000201","3816449764000000401","MODI","TRAD","2026-06-30T15:55:03Z","FALSE","CR","","I","TRUE","2026-06-23T13:29:41Z","2026-06-23","2026-08-19","","","BILT","FALSE","FALSE","TRUE","350,079,993+","","EUR","","","","","","","","","","","","","","","","","","","","","","","","2026-08-19","","","0","EUR","","","0.0055","","","","0.0055","","false","","","3","","3","","","","","","","","","","","","","","","","","","","","","","","","false","1","","","","","","","","","","FALSE","","","","","","","","","QZS1WNR5R2ND","NA/CDS Idx Swt","NA/CDS Corp Idx"
"3940845252000000501","","NEWT","TRAD","2026-06-30T16:06:17Z","","CR","","I","TRUE","2026-06-30T16:06:17Z","2026-07-01","2031-06-20","","FALSE","BBSF","FALSE","FALSE","","75,000,000","","EUR","","","","","","","","","","","","","","","","","","","","","","","","","0.01","","","","","","0.00515755","","","","","","false","","","3","","","A004","","","","","","","","1703263.16000","MNTH","","","","3","","","","UFRO","EUR","","","","","false","1","","","","","","","","","","FALSE","","","","","","","","","QZTQ4GTC5QMF","NA/CDS Corp Idx","ITRAXX EUROPE"
"3940925992000000701","","NEWT","TRAD","2026-06-30T16:10:18Z","","CR","","I","TRUE","2026-06-30T16:10:18Z","2026-03-20","2031-06-20","","FALSE","BGCD","FALSE","FALSE","","10,000,000","","EUR","","","","","","","","","","","","","","","","","","","","","","","","","","","","","","","0.0244125","","","","","","false","","","3","","","A004","","","","","","","","","MNTH","","","","3","","","","","","","","","","false","1","","","","","","","","","","TRUE","","","","0.0038125","","3","","","QZ3HM9KVK2WL","NA/CDS Corp Idx","ITRAXX EUROPE CROSSOVER"
"3940491418000000101","","NEWT","TRAD","2026-06-30T15:44:52Z","","CR","","N","FALSE","2026-06-30T15:44:52Z","2024-09-20","2027-12-20","","FALSE","BILT","FALSE","FALSE","TRUE","100,000,000","","EUR","","","","","","","","","","","","","","","","","","","","","","","","","0.01","","","","","","","","","","","","false","","","","","","A004","","","","","","","","1305768.41000","MNTH","","","","3","","","","UFRO","EUR","","","","","false","1","","","","","","","","","","FALSE","","","","","","","","","QZT07VVHDZ2B","NA/CDS Corp Idx","ITRAXX EUROPE"
"3939428527000000101","","NEWT","TRAD","2026-06-30T13:54:11Z","","CR","","I","TRUE","2026-06-30T13:54:11Z","2026-07-01","2031-06-20","","FALSE","BBSF","FALSE","FALSE","","14,000,000","","USD","","","","","","","","","","","","","","","","","","","","","","","","","0.01","","","","","","0.00505925","","","","","","false","","","3","","","A004","","","","","","","","313141.66000","MNTH","","","","3","","","","UFRO","USD","","","","","false","1","","","","","","","","","","FALSE","","","","","","","","","QZ3WVVQG5T8K","NA/CDS Corp Idx","CDX.NA.IG"
"3939162015000000101","","NEWT","TRAD","2026-06-30T13:35:24Z","","CR","","I","TRUE","2026-06-30T13:35:24Z","2026-07-01","2031-06-20","","","TWSF","FALSE","FALSE","","71,000,000","","USD","","","","","","","","","","","","","","","","","","","","","","","","","0.01","","","","","","0.00508046","","","","","","false","","","3","","","A004","","","","","","","","1581201.38000","MNTH","","","","3","","","","UFRO","USD","","","","","false","1","","","","","","","","","","FALSE","","","","","","","","","QZ3WVVQG5T8K","NA/CDS Corp Idx","CDX.NA.IG"
"3938815608000000101","","NEWT","TRAD","2026-06-30T13:10:28Z","","CR","","N","FALSE","2026-06-30T13:10:28Z","2021-09-20","2026-12-20","","FALSE","BILT","FALSE","FALSE","TRUE","200,000,000","","EUR","","","","","","","","","","","","","","","","","","","","","","","","","0.01","","","","","","","","","","","","false","","","","","","A004","","","","","","","","907484.62000","MNTH","","","","3","","","","UFRO","EUR","","","","","false","1","","","","","","","","","","FALSE","","","","","","","","","QZGL9VCL7SD4","NA/CDS Corp Idx","ITRAXX EUROPE SENIOR FINANCIALS"
"3939211280000000301","","NEWT","TRAD","2026-06-30T13:38:17Z","","CR","","I","TRUE","2026-06-30T13:38:17Z","2026-07-01","2031-06-20","","","TWSF","FALSE","FALSE","","10,000,000","","EUR","","","","","","","","","","","","","","","","","","","","","","","","","0.05","","","","","","0.024335","","","","","","false","","","3","","","A004","","","","","","","","1114642.41000","MNTH","","","","3","","","","UFRO","EUR","","","","","false","1","","","","","","","","","","FALSE","","","","","","","","","QZ3HM9KVK2WL","NA/CDS Corp Idx","ITRAXX EUROPE CROSSOVER"
"3939261593000000201","","NEWT","TRAD","2026-06-30T13:42:41Z","","CR","","I","TRUE","2026-06-30T13:42:41Z","2026-07-01","2031-06-20","","FALSE","BBSF","FALSE","FALSE","","890,000","","USD","","","","","","","","","","","","","","","","","","","","","","","","","0.05","","","","","","0.01080975","","","","","","false","","","3","","","A004","","","","","","","","72448.59029","MNTH","","","","3","","","","UFRO","USD","","","","","false","0.99","","","","","","","","","","FALSE","","","","","","","","","QZHH8NT767RX","NA/CDS Corp Idx","CDX.NA.HY"
"3939283110000000101","","NEWT","TRAD","2026-06-30T13:43:50Z","","CR","","I","FALSE","2026-06-30T13:43:50Z","2026-07-01","2031-06-20","","","TWSF","FALSE","TRUE","","250,000,000+","","USD","","","","","","","","","","","","","","","","","","","","","","","","","0.01","","","","","","0.0050773","","","","","","false","","","3","","","A004","","","","","","","","5571193.15680","MNTH","","","","3","","","","UFRO","USD","","","","","false","1","","","","","","","","","","FALSE","","","","","","","","","QZ3WVVQG5T8K","NA/CDS Corp Idx","CDX.NA.IG"
"3939504492000000201","","NEWT","TRAD","2026-06-30T13:57:52Z","","CR","","I","FALSE","2026-06-30T13:57:52Z","2026-03-20","2031-06-20","","FALSE","TPSE","FALSE","FALSE","","10,000,000","","USD","","","","","","","","","","","","","","","","","","","","","","","","","0.01","","","","","","98.23","","USD","","","","false","","","1","","","A004","","","","","","","","","MNTH","","","","3","","","","","","USD","","","","false","1","","","","","","","OTHR","","","FALSE","","","","","","","","","QZ4JMQKL3P03","NA/CDS Corp Idx","CDX.EM"
"3939496865000000101","","NEWT","TRAD","2026-06-30T13:57:33Z","","CR","","I","TRUE","2026-06-30T13:57:33Z","2026-07-01","2031-06-20","","FALSE","BBSF","FALSE","FALSE","","100,000","","USD","","","","","","","","","","","","","","","","","","","","","","","","","0.05","","","","","","0.01081605","","","","","","false","","","3","","","A004","","","","","","","","8202.64000","MNTH","","","","3","","","","UFRO","USD","","","","","false","0.99","","","","","","","","","","FALSE","","","","","","","","","QZHH8NT767RX","NA/CDS Corp Idx","CDX.NA.HY"
"3939504491000000101","","NEWT","TRAD","2026-06-30T13:57:48Z","","CR","","I","TRUE","2026-06-30T13:57:48Z","2026-07-01","2031-06-20","","FALSE","BBSF","FALSE","FALSE","","2,000,000","","EUR","","","","","","","","","","","","","","","","","","","","","","","","","0.01","","","","","","0.005146","","","","","","false","","","3","","","A004","","","","","","","","45529.54223","MNTH","","","","3","","","","UFRO","EUR","","","","","false","1","","","","","","","","","","FALSE","","","","","","","","","QZTQ4GTC5QMF","NA/CDS Corp Idx","ITRAXX EUROPE"
"3939096734000001701","","NEWT","TRAD","2026-06-30T13:31:30Z","","CR","","I","TRUE","2026-06-30T13:31:30Z","2026-07-01","2031-06-20","","FALSE","BBSF","FALSE","FALSE","","20,000,000","","EUR","","","","","","","","","","","","","","","","","","","","","","","","","0.01","","","","","","0.0051515","","","","","","false","","","3","","","A004","","","","","","","","454775.81000","MNTH","","","","3","","","","UFRO","EUR","","","","","false","1","","","","","","","","","","FALSE","","","","","","","","","QZTQ4GTC5QMF","NA/CDS Corp Idx","ITRAXX EUROPE"
"3939465264000000301","","NEWT","TRAD","2026-06-30T13:55:53Z","","CR","","I","FALSE","2026-06-30T13:55:53Z","2026-07-01","2031-06-20","","","TWSF","FALSE","FALSE","","1,000,000","","USD","","","","","","","","","","","","","","","","","","","","","","","","","0.01","","","","","","0.0098231","","","","","","false","","","3","","","A004","","","","","","","","17440.00000","MNTH","","","","3","","","","UFRO","USD","","","","","false","1","","","","","","","","","","FALSE","","","","","","","","","QZ4JMQKL3P03","NA/CDS Corp Idx","CDX.EM"
"3940897779000000101","","NEWT","TRAD","2026-06-30T16:08:56Z","","CR","","I","TRUE","2026-06-30T16:08:56Z","2026-07-01","2030-12-20","","FALSE","BBSF","FALSE","FALSE","","1,000,000","","EUR","","","","","","","","","","","","","","","","","","","","","","","","","0.05","","","","","","0.021","","","","","","false","","","3","","","A004","","","","","","","","116438.04341","MNTH","","","","3","","","","UFRO","EUR","","","","","false","1","","","","","","","","","","FALSE","","","","","","","","","QZ5F5FRS4TR9","NA/CDS Corp Idx","ITRAXX EUROPE CROSSOVER"
"3939410820000000501","","NEWT","TRAD","2026-06-30T13:52:53Z","","CR","","I","FALSE","2026-06-30T13:52:53Z","2026-07-01","2031-06-20","","","TWSF","FALSE","FALSE","","25,000,000","","USD","","","","","","","","","","","","","","","","","","","","","","","","","0.01","","","","","","0.009822","","","","","","false","","","3","","","A004","","","","","","","","438750.00000","MNTH","","","","3","","","","UFRO","USD","","","","","false","1","","","","","","","","","","FALSE","","","","","","","","","QZ4JMQKL3P03","NA/CDS Corp Idx","CDX.EM"
"3939410821000000601","","NEWT","TRAD","2026-06-30T13:53:03Z","","CR","","I","FALSE","2026-06-30T13:53:03Z","2026-03-20","2031-06-20","","FALSE","TPSE","FALSE","FALSE","","25,000,000","","USD","","","","","","","","","","","","","","","","","","","","","","","","","0.01","","","","","","98.21","","USD","","","","false","","","1","","","A004","","","","","","","","","MNTH","","","","3","","","","","","USD","","","","false","1","","","","","","","OTHR","","","FALSE","","","","","","","","","QZ4JMQKL3P03","NA/CDS Corp Idx","CDX.EM"
"3939410825000000101","","NEWT","TRAD","2026-06-30T13:47:39Z","","CR","","I","FALSE","2026-06-30T13:47:39Z","2026-03-20","2031-06-20","","","BILT","FALSE","FALSE","FALSE","25,000,000","","USD","","","","","","","","","","","","","","","","","","","","","","","","","0.01","","","","","","","","","","","","false","","","","","","A004","","","","","","","","438749.92980","MNTH","","","","3","","","","UFRO","USD","","","","","false","1","","","","","","","","","","FALSE","","","","","","","","","QZ39BZSFH68L","NA/CDS Sov Idx","CDX.EM"
"3939338856000000301","","NEWT","TRAD","2026-06-30T13:47:35Z","","CR","","I","TRUE","2026-06-30T13:47:35Z","2026-07-01","2031-06-20","","FALSE","BBSF","FALSE","FALSE","","10,000,000","","USD","","","","","","","","","","","","","","","","","","","","","","","","","0.05","","","","","","0.0108125","","","","","","false","","","3","","","A004","","","","","","","","816750.00000","MNTH","","","","3","","","","UFRO","USD","","","","","false","0.99","","","","","","","","","","FALSE","","","","","","","","","QZHH8NT767RX","NA/CDS Corp Idx","CDX.NA.HY"
"3939634691000000101","","NEWT","TRAD","2026-06-30T14:08:16Z","","CR","","I","TRUE","2026-06-30T14:08:16Z","2026-03-20","2031-06-20","","FALSE","BGCD","FALSE","FALSE","","45,000,000","","EUR","","","","","","","","","","","","","","","","","","","","","","","","","","","","","","","0.0051625","","","","","","false","","","3","","","A004","","","","","","","","","MNTH","","","","3","","","","","","","","","","false","1","","","","","","","","","","TRUE","","","","0.0012","","3","","","QZTQ4GTC5QMF","NA/CDS Corp Idx","ITRAXX EUROPE"
"3939626902000000201","","NEWT","TRAD","2026-06-30T14:07:40Z","","CR","","I","TRUE","2026-06-30T14:07:40Z","2026-07-01","2031-06-20","","FALSE","BBSF","FALSE","FALSE","","13,000,000","","EUR","","","","","","","","","","","","","","","","","","","","","","","","","0.01","","","","","","0.00515734","","","","","","false","","","3","","","A004","","","","","","","","295244.57318","MNTH","","","","3","","","","UFRO","EUR","","","","","false","1","","","","","","","","","","FALSE","","","","","","","","","QZTQ4GTC5QMF","NA/CDS Corp Idx","ITRAXX EUROPE"
"3939617191000000101","","NEWT","TRAD","2026-06-30T14:05:57Z","","CR","","I","TRUE","2026-06-30T14:05:57Z","2026-07-01","2031-06-20","","FALSE","BBSF","FALSE","FALSE","","10,000,000","","EUR","","","","","","","","","","","","","","","","","","","","","","","","","0.05","","","","","","0.024415","","","","","","false","","","3","","","A004","","","","","","","","1110858.88000","MNTH","","","","3","","","","UFRO","EUR","","","","","false","1","","","","","","","","","","FALSE","","","","","","","","","QZ3HM9KVK2WL","NA/CDS Corp Idx","ITRAXX EUROPE CROSSOVER"
"3938975615000000101","","NEWT","TRAD","2026-06-30T13:24:58Z","","CR","","I","TRUE","2026-06-30T13:24:58Z","2026-07-01","2031-06-20","","FALSE","BBSF","FALSE","FALSE","","2,000,000","","EUR","","","","","","","","","","","","","","","","","","","","","","","","","0.05","","","","","","0.024366","","","","","","false","","","3","","","A004","","","","","","","","222634.64341","MNTH","","","","3","","","","UFRO","EUR","","","","","false","1","","","","","","","","","","FALSE","","","","","","","","","QZ3HM9KVK2WL","NA/CDS Corp Idx","ITRAXX EUROPE CROSSOVER"
"3938991419000000101","","NEWT","TRAD","2026-06-30T13:25:28Z","","CR","","I","TRUE","2026-06-30T13:25:28Z","2026-07-01","2031-06-20","","FALSE","BBSF","FALSE","FALSE","","100,000,000","","EUR","","","","","","","","","","","","","","","","","","","","","","","","","0.01","","","","","","0.005154","","","","","","false","","","3","","","A004","","","","","","","","2272696.60000","MNTH","","","","3","","","","UFRO","EUR","","","","","false","1","","","","","","","","","","FALSE","","","","","","","","","QZTQ4GTC5QMF","NA/CDS Corp Idx","ITRAXX EUROPE"
"3937259312000000101","","NEWT","TRAD","2026-06-30T11:06:20Z","","CR","","I","TRUE","2026-06-30T11:06:20Z","2026-07-01","2031-06-20","","FALSE","BBSF","FALSE","FALSE","","4,000,000","","USD","","","","","","","","","","","","","","","","","","","","","","","","","0.01","","","","","","0.0050566","","","","","","false","","","3","","","A004","","","","","","","","89517.44000","MNTH","","","","3","","","","UFRO","USD","","","","","false","1","","","","","","","","","","FALSE","","","","","","","","","QZ3WVVQG5T8K","NA/CDS Corp Idx","CDX.NA.IG"
"3928914068000000101","","NEWT","TRAD","2026-06-30T08:03:41Z","","CR","","I","TRUE","2026-06-30T08:03:41Z","2026-07-01","2031-06-20","","","TWSF","FALSE","FALSE","","500,000","","EUR","","","","","","","","","","","","","","","","","","","","","","","","","0.01","","","","","","0.00516","","","","","","false","","","3","","","A004","","","","","","","","11349.29000","MNTH","","","","3","","","","UFRO","EUR","","","","","false","1","","","","","","","","","","FALSE","","","","","","","","","QZTQ4GTC5QMF","NA/CDS Corp Idx","ITRAXX EUROPE"
"3929211357000000101","3928935432000000101","MODI","TRAD","2026-06-30T07:54:30Z","TRUE","CR","","I","TRUE","2026-06-30T07:53:01Z","2026-03-20","2031-06-20","","","BILT","FALSE","FALSE","","100,000,000","","EUR","","","","","","","","","","","","","","","","","","","","","","","","","0.01","","","","","","","","","","","","false","","","","","","A004","","","","","","","","2268676.42000","MNTH","","","","3","","","","UFRO","EUR","","","","","false","1","","","","","","","","","","FALSE","","","","","","","","","QZTQ4GTC5QMF","NA/CDS Corp Idx","ITRAXX EUROPE"
"3948245659000000101","2390261952000000101","MODI","TRAD","2026-06-30T22:43:45Z","TRUE","CR","","N","FALSE","2024-06-12T15:15:30Z","2024-06-14","2026-10-13","","FALSE","BILT","FALSE","FALSE","TRUE","180,000,000","","USD","","","","","","","","","","","","","","","","","","","","","","","","","","","","","","","","","","","","","false","","","","","","","","","","","","","","0.00000","","","","","","","","","UFRO","USD","USD","","","","true","","","","","","","","","","","FALSE","","","","","","","","","QZRR0D5S3SHF","NA/CDS Corp Basket","Basket"
"3948559196000000101","2389053305000000201","MODI","TRAD","2026-06-30T22:54:33Z","TRUE","CR","","N","FALSE","2024-02-26T20:10:18Z","2024-02-26","2026-08-05","","FALSE","BILT","FALSE","FALSE","TRUE","34,000,000","","USD","","","","","","","","","","","","","","","","","","","","","","","","","","","","","","","","","","","","","false","","","","","","","","","","","","","","0.00000","","","","","","","","","UFRO","USD","USD","","","","true","","","","","","","","","","","FALSE","","","","","","","","","QZRR0D5S3SHF","NA/CDS Corp Basket","Basket"
"3934648264000000201","","NEWT","TRAD","2026-06-30T10:03:41Z","","CR","","I","TRUE","2026-06-30T10:03:41Z","2026-07-01","2031-06-20","","","TWSF","FALSE","FALSE","","120,000,000","","EUR","","","","","","","","","","","","","","","","","","","","","","","","","0.01","","","","","","0.005148","","","","","","false","","","3","","","A004","","","","","","","","2730647.31734","MNTH","","","","3","","","","UFRO","EUR","","","","","false","1","","","","","","","","","","TRUE","","","","0.005148","","3","","","QZTQ4GTC5QMF","NA/CDS Corp Idx","ITRAXX EUROPE"
"3933853450000000101","","NEWT","TRAD","2026-06-30T09:38:41Z","","CR","","N","FALSE","2026-06-30T09:38:41Z","2026-10-21","2026-10-21","","FALSE","BILT","FALSE","FALSE","TRUE","50,000,000","","EUR","","","","","","","","","","","","","","","","","","","","","","","","2026-10-21","","","111,250","EUR","","","","","","","0.0055","","false","","","","","3","A004","","","","","","","","0.00000","MNTH","","","","3","","","","UFRO","EUR","","","","","false","","","","","","","","","","","FALSE","","","","","","","","","QZ2L66CGCV9J","NA/CDS Idx Swt","NA/CDS Corp Idx"
"3945487365000000301","3945487363000000101","EROR","","2026-06-30T20:57:12Z","","CR","","N","","2026-06-30T20:00:08Z","2026-03-20","2031-06-20","","FALSE","BILT","FALSE","","FALSE","38,000,000","","USD","","","","","","","","","","","","","","","","","","","","","","","","","0.01","","","","","","","","","","","","false","","","","","","","","","","","","","","","","","","","","","","","","","","","","","false","1","","","","","","","","","","FALSE","","","","","","","","","QZ39BZSFH68L","NA/CDS Sov Idx","CDX.EM"
"3945210209000001101","","NEWT","TRAD","2026-06-30T20:49:08Z","","CR","","I","TRUE","2026-06-30T20:49:08Z","2026-07-01","2031-06-20","","FALSE","BBSF","FALSE","TRUE","","76,000,000+","","USD","","","","","","","","","","","","","","","","","","","","","","","","","0.05","","","","","","0.0108","","","","","","false","","","3","","","A004","","","","","","","","6113250.00000","MNTH","","","","3","","","","UFRO","USD","","","","","false","0.99","","","","","","","","","","FALSE","","","","","","","","","QZHH8NT767RX","NA/CDS Corp Idx","CDX.NA.HY"
"3944966219000000101","3943816861000000401","MODI","TRAD","2026-06-30T20:37:37Z","TRUE","CR","","N","FALSE","2026-06-30T20:08:48Z","2026-03-20","2031-06-20","2031-06-20","TRUE","BILT","FALSE","FALSE","TRUE","20,000,000","","USD","","","","","","","","","","","","","","","","","","","","","","","","2026-08-19","0.05","","108,900","USD","","","","","","","107.5","USD","false","","","","","1","A004","","","","","","","","","MNTH","","","","3","","","","","","","","","","false","1","","","","","","","","","","FALSE","","","","","","","","","QZQ9RDJP4641","NA/CDS Idx Swt","NA/CDS Corp Idx"
"3937259313000000201","","NEWT","TRAD","2026-06-30T11:06:45Z","","CR","","I","TRUE","2026-06-30T11:06:45Z","2026-07-01","2031-06-20","","FALSE","BBSF","FALSE","FALSE","","50,000,000","","USD","","","","","","","","","","","","","","","","","","","","","","","","","0.01","","","","","","0.00505222","","","","","","false","","","3","","","A004","","","","","","","","1119967.85000","MNTH","","","","3","","","","UFRO","USD","","","","","false","1","","","","","","","","","","FALSE","","","","","","","","","QZ3WVVQG5T8K","NA/CDS Corp Idx","CDX.NA.IG"
"3928739012000000101","","NEWT","TRAD","2026-06-30T08:01:00Z","","CR","","I","TRUE","2026-06-30T08:01:00Z","2026-07-01","2031-06-20","","FALSE","BBSF","FALSE","FALSE","","14,000,000","","EUR","","","","","","","","","","","","","","","","","","","","","","","","","0.05","","","","","","0.0245","","","","","","false","","","3","","","A004","","","","","","","","1549577.99000","MNTH","","","","3","","","","UFRO","EUR","","","","","false","1","","","","","","","","","","TRUE","","","","0.0245","","3","","","QZ3HM9KVK2WL","NA/CDS Corp Idx","ITRAXX EUROPE CROSSOVER"
"3940244799000000201","","NEWT","TRAD","2026-06-30T15:15:32Z","","CR","","I","TRUE","2026-06-30T15:15:32Z","2026-07-01","2031-06-20","","","TWSF","FALSE","FALSE","","670,000","","EUR","","","","","","","","","","","","","","","","","","","","","","","","","0.05","","","","","","0.024425","","","","","","false","","","3","","","A004","","","","","","","","74395.58766","MNTH","","","","3","","","","UFRO","EUR","","","","","false","1","","","","","","","","","","FALSE","","","","","","","","","QZ3HM9KVK2WL","NA/CDS Corp Idx","ITRAXX EUROPE CROSSOVER"
"3940251004000000501","","NEWT","TRAD","2026-06-30T15:16:18Z","","CR","","I","TRUE","2026-06-30T15:16:18Z","2026-07-01","2031-06-20","","FALSE","BBSF","FALSE","FALSE","","17,000,000","","USD","","","","","","","","","","","","","","","","","","","","","","","","","0.05","","","","","","0.010814","","","","","","false","","","3","","","A004","","","","","","","","1390999.50000","MNTH","","","","3","","","","UFRO","USD","","","","","false","0.99","","","","","","","","","","FALSE","","","","","","","","","QZHH8NT767RX","NA/CDS Corp Idx","CDX.NA.HY"
"3940197417000000101","","NEWT","TRAD","2026-06-30T15:09:25Z","","CR","","I","TRUE","2026-06-30T15:09:25Z","2026-07-01","2031-06-20","","FALSE","BBSF","FALSE","FALSE","","10,000,000","","USD","","","","","","","","","","","","","","","","","","","","","","","","","0.05","","","","","","0.01081498","","","","","","false","","","3","","","A004","","","","","","","","819205.20000","MNTH","","","","3","","","","UFRO","USD","","","","","false","0.99","","","","","","","","","","FALSE","","","","","","","","","QZHH8NT767RX","NA/CDS Corp Idx","CDX.NA.HY"
"3940276327000000301","","NEWT","TRAD","2026-06-30T15:19:50Z","","CR","","I","TRUE","2026-06-30T15:19:50Z","2026-07-01","2031-06-20","","FALSE","BBSF","FALSE","FALSE","","15,000,000","","USD","","","","","","","","","","","","","","","","","","","","","","","","","0.05","","","","","","0.01081323","","","","","","false","","","3","","","A004","","","","","","","","1226209.05000","MNTH","","","","3","","","","UFRO","USD","","","","","false","0.99","","","","","","","","","","FALSE","","","","","","","","","QZHH8NT767RX","NA/CDS Corp Idx","CDX.NA.HY"
"3940344514000000201","","NEWT","NOVA","2026-06-30T15:27:14Z","","CR","","N","FALSE","2026-06-30T15:27:14Z","2026-06-29","2030-12-20","","FALSE","BILT","FALSE","FALSE","FALSE","10,000,000","","USD","","","","","","","","","","","","","","","","","","","","","","","","","0.05","","","","","","","","","","","","false","","","","","","A004","","","","","","","","","MNTH","","","","3","","","","","","","","","","false","0.98","","","","","","","","","","FALSE","","","","","","","","","QZ7ZRB20S7R5","NA/CDS Corp Idx Tra","CDX.NA.HY"
"3940344513000000101","","NEWT","TRAD","2026-06-30T15:23:06Z","","CR","","N","FALSE","2026-06-30T15:23:06Z","2026-03-20","2031-06-20","","FALSE","BILT","FALSE","FALSE","FALSE","50,000,000","","EUR","","","","","","","","","","","","","","","","","","","","","","","","","0.01","","","","","","","","","","","","false","","","","","","A004","","","","","","","","1134338.00000","MNTH","","","","3","","","","UFRO","EUR","","","","","false","1","","","","","","","","","","FALSE","","","","","","","","","QZTQ4GTC5QMF","NA/CDS Corp Idx","ITRAXX EUROPE"
"3940373925000000201","","NEWT","TRAD","2026-06-30T15:32:21Z","","CR","","I","FALSE","2026-06-30T15:32:21Z","2026-07-01","2031-06-20","","","TWSF","FALSE","FALSE","","11,000,000","","USD","","","","","","","","","","","","","","","","","","","","","","","","","0.01","","","","","","0.009824","","","","","","false","","","3","","","A004","","","","","","","","190849.85842","MNTH","","","","3","","","","UFRO","USD","","","","","false","1","","","","","","","","","","FALSE","","","","","","","","","QZ4JMQKL3P03","NA/CDS Corp Idx","CDX.EM"
"3940397771000000201","","NEWT","TRAD","2026-06-30T15:35:14Z","","CR","","I","FALSE","2026-06-30T15:35:14Z","2026-07-01","2031-06-20","","","TWSF","FALSE","FALSE","","3,000,000","","EUR","","","","","","","","","","","","","","","","","","","","","","","","","0.01","","","","","","0.0051646","","","","","","false","","","3","","","A004","","","","","","","","68030.49600","MNTH","","","","3","","","","UFRO","EUR","","","","","false","1","","","","","","","","","","FALSE","","","","","","","","","QZTQ4GTC5QMF","NA/CDS Corp Idx","ITRAXX EUROPE"
"3940401599000000301","","NEWT","TRAD","2026-06-30T15:35:38Z","","CR","","I","TRUE","2026-06-30T15:35:38Z","2026-07-01","2031-06-20","","FALSE","BBSF","FALSE","FALSE","","20,000,000","","EUR","","","","","","","","","","","","","","","","","","","","","","","","","0.05","","","","","","0.0244628","","","","","","false","","","3","","","A004","","","","","","","","2217198.65000","MNTH","","","","3","","","","UFRO","EUR","","","","","false","1","","","","","","","","","","FALSE","","","","","","","","","QZ3HM9KVK2WL","NA/CDS Corp Idx","ITRAXX EUROPE CROSSOVER"
"3940426264000000101","","NEWT","TRAD","2026-06-30T15:22:35Z","","CR","","N","FALSE","2026-06-30T15:22:35Z","2026-07-15","2026-07-15","2031-06-20","FALSE","BILT","FALSE","FALSE","FALSE","350,079,993+","","EUR","","","","","","","","","","","","","","","","","","","","","","","","2026-07-15","0.01","","112,025.6","EUR","","","","","","","0.0055","","false","","","","","3","A004","","","","","","","","","MNTH","","","","3","","","","","","","","","","false","","","","","","","","","","","TRUE","0.00018","","3","","","","","","QZ8Z2HV2KGSW","NA/CDS Idx Swt","NA/CDS Corp Idx"
"3943263645000000101","","NEWT","TRAD","2026-06-30T19:46:02Z","","CR","","I","FALSE","2026-06-30T19:46:02Z","2026-07-01","2031-06-20","","FALSE","BBSF","FALSE","FALSE","","670,000","","USD","","","","","","","","","","","","","","","","","","","","","","","","","0.01","","","","","","0.009823","","","","","","false","","","3","","","A004","","","","","","","","11691.55549","MNTH","","","","3","","","","UFRO","USD","","","","","false","1","","","","","","","","","","FALSE","","","","","","","","","QZ4JMQKL3P03","NA/CDS Corp Idx","CDX.EM"
"3940692166000000201","","NEWT","TRAD","2026-06-30T16:00:07Z","","CR","","I","FALSE","2026-06-30T16:00:07Z","2026-07-01","2031-06-20","","FALSE","BBSF","FALSE","TRUE","","48,000,000","","USD","","","","","","","","","","","","","","","","","","","","","","","","","0.01","","","","","","0.0098225","","","","","","false","","","3","","","A004","","","","","","","","840003.98125","MNTH","","","","3","","","","UFRO","USD","","","","","false","1","","","","","","","","","","FALSE","","","","","","","","","QZ4JMQKL3P03","NA/CDS Corp Idx","CDX.EM"
"3942594685000000101","","NEWT","TRAD","2026-06-30T19:06:43Z","","CR","","I","TRUE","2026-06-30T19:06:43Z","2026-07-01","2030-12-20","","FALSE","BBSF","FALSE","TRUE","","76,000,000+","","USD","","","","","","","","","","","","","","","","","","","","","","","","","0.05","","","","","","0.010819","","","","","","false","","","3","","","A004","","","","","","","","6193012.00000","MNTH","","","","3","","","","UFRO","USD","","","","","false","0.98","","","","","","","","","","TRUE","","","","-0.000006","","3","","","QZMD5JCHG48C","NA/CDS Corp Idx","CDX.NA.HY"
"3942802900000000101","","NEWT","TRAD","2026-06-30T19:17:20Z","","CR","","I","TRUE","2026-06-30T19:17:20Z","2026-07-01","2031-06-20","","FALSE","BBSF","FALSE","FALSE","","75,000,000","","USD","","","","","","","","","","","","","","","","","","","","","","","","","0.01","","","","","","0.005074","","","","","","false","","","3","","","A004","","","","","","","","1672494.42000","MNTH","","","","3","","","","UFRO","USD","","","","","false","1","","","","","","","","","","FALSE","","","","","","","","","QZ3WVVQG5T8K","NA/CDS Corp Idx","CDX.NA.IG"
"3942925933000000101","","NEWT","TRAD","2026-06-30T19:21:23Z","","CR","","I","TRUE","2026-06-30T19:21:23Z","2026-07-01","2031-06-20","","FALSE","BBSF","FALSE","FALSE","","20,000,000","","USD","","","","","","","","","","","","","","","","","","","","","","","","","0.05","","","","","","0.01081124","","","","","","false","","","3","","","A004","","","","","","","","1631005.20000","MNTH","","","","3","","","","UFRO","USD","","","","","false","0.99","","","","","","","","","","FALSE","","","","","","","","","QZHH8NT767RX","NA/CDS Corp Idx","CDX.NA.HY"
"3942995166000000301","3942982511000000101","MODI","TRAD","2026-06-30T19:24:48Z","TRUE","CR","","I","TRUE","2026-06-30T19:23:55Z","2026-03-20","2031-06-20","","FALSE","TPSE","FALSE","FALSE","","150,000,000","","USD","","","","","","","","","","","","","","","","","","","","","","","","","0.01","","","","","","0.00508","","","","","","false","","","3","","","A004","","","","","","","","","MNTH","","","","3","","","","","","USD","","","","false","1","","","","","","","OTHR","","","FALSE","","","","","","","","","QZ3WVVQG5T8K","NA/CDS Corp Idx","CDX.NA.IG"
"3942687342000000101","","NEWT","TRAD","2026-06-30T19:11:19Z","","CR","","I","TRUE","2026-06-30T19:11:19Z","2026-07-01","2031-06-20","","","TWSF","FALSE","TRUE","","70,000,000","","USD","","","","","","","","","","","","","","","","","","","","","","","","","0.05","","","","","","0.01080975","","","","","","false","","","3","","","A004","","","","","","","","5698192.50000","MNTH","","","","3","","","","UFRO","USD","","","","","false","0.99","","","","","","","","","","FALSE","","","","","","","","","QZHH8NT767RX","NA/CDS Corp Idx","CDX.NA.HY"
"3943063272000000401","","NEWT","TRAD","2026-06-30T18:21:25Z","","CR","","N","FALSE","2026-06-30T18:21:25Z","2025-09-22","2030-12-20","2030-12-20","FALSE","BILT","FALSE","FALSE","FALSE","25,000,000","","USD","","","","","","","","","","","","","","","","","","","","","","","","","0.05","","","","","","","","","","","","true","","","","","","A004","","","","","","","","3693750.00000","MNTH","","","","3","","","","UFRO","USD","","","","","false","1","","","","","","","","","","FALSE","","","","","","","","","QZ7ZRB20S7R5","NA/CDS Corp Idx Tra","CDX.NA.HY"
"3943050401000000101","","NEWT","TRAD","2026-06-30T19:19:04Z","","CR","","N","FALSE","2026-06-30T19:19:04Z","2026-07-01","2063-05-11","","FALSE","BILT","FALSE","FALSE","FALSE","33,000,000","","USD","","","","","","","","","","","","","","","","","","","","","","","","","0.05","","","","","","","","","","","","false","","","","","","A004","","","","","","","","","MNTH","","","","1","","","","","","USD","","","","false","0.432373533","","","","","","","","","","FALSE","","","","","","","","","QZQFT1PB3140","NA/CDS Corp Idx","CMBX.NA.BB"
"3943211105000000301","","NEWT","TRAD","2026-06-30T19:37:07Z","","CR","","I","TRUE","2026-06-30T19:37:07Z","2026-07-01","2031-06-20","","FALSE","BBSF","FALSE","FALSE","","7,000,000","","USD","","","","","","","","","","","","","","","","","","","","","","","","","0.05","","","","","","0.01080924","","","","","","false","","","3","","","A004","","","","","","","","569467.93307","MNTH","","","","3","","","","UFRO","USD","","","","","false","0.99","","","","","","","","","","FALSE","","","","","","","","","QZHH8NT767RX","NA/CDS Corp Idx","CDX.NA.HY"
"3943272024000000201","","NEWT","TRAD","2026-06-30T19:48:19Z","","CR","","I","TRUE","2026-06-30T19:48:19Z","2026-07-01","2031-06-20","","FALSE","BBSF","FALSE","FALSE","","5,000,000","","USD","","","","","","","","","","","","","","","","","","","","","","","","","0.05","","","","","","0.01080974","","","","","","false","","","3","","","A004","","","","","","","","407008.80000","MNTH","","","","3","","","","UFRO","USD","","","","","false","0.99","","","","","","","","","","FALSE","","","","","","","","","QZHH8NT767RX","NA/CDS Corp Idx","CDX.NA.HY"
"3938939074000000101","","NEWT","TRAD","2026-06-30T13:23:17Z","","CR","","I","TRUE","2026-06-30T13:23:17Z","2026-07-01","2030-12-20","","FALSE","BBSF","FALSE","TRUE","","47,260,799+","","EUR","","","","","","","","","","","","","","","","","","","","","","","","","0.05","","","","","","0.0209225","","","","","","false","","","3","","","A004","","","","","","","","5519064.95429","MNTH","","","","3","","","","UFRO","EUR","","","","","false","1","","","","","","","","","","TRUE","","","","0.00344","","3","","","QZ5F5FRS4TR9","NA/CDS Corp Idx","ITRAXX EUROPE CROSSOVER"
"3943284835000000101","","NEWT","TRAD","2026-06-30T19:50:31Z","","CR","","I","TRUE","2026-06-30T19:50:31Z","2026-07-01","2031-06-20","","FALSE","BBSF","FALSE","FALSE","","88,000,000","","USD","","","","","","","","","","","","","","","","","","","","","","","","","0.01","","","","","","0.00508235","","","","","","false","","","3","","","A004","","","","","","","","1959030.95696","MNTH","","","","3","","","","UFRO","USD","","","","","false","1","","","","","","","","","","FALSE","","","","","","","","","QZ3WVVQG5T8K","NA/CDS Corp Idx","CDX.NA.IG"
"3943290961000000201","","NEWT","TRAD","2026-06-30T19:51:50Z","","CR","","I","TRUE","2026-06-30T19:51:50Z","2026-07-01","2031-06-20","","","TWSF","FALSE","FALSE","","63,000,000","","USD","","","","","","","","","","","","","","","","","","","","","","","","","0.01","","","","","","0.00508395","","","","","","false","","","3","","","A004","","","","","","","","1402033.94000","MNTH","","","","3","","","","UFRO","USD","","","","","false","1","","","","","","","","","","FALSE","","","","","","","","","QZ3WVVQG5T8K","NA/CDS Corp Idx","CDX.NA.IG"
"3943253690000000101","","NEWT","TRAD","2026-06-30T19:44:17Z","","CR","","I","TRUE","2026-06-30T19:44:17Z","2026-07-01","2031-06-20","","","TWSF","FALSE","TRUE","","250,000,000+","","USD","","","","","","","","","","","","","","","","","","","","","","","","","0.01","","","","","","0.00508","","","","","","false","","","3","","","A004","","","","","","","","5568178.81860","MNTH","","","","3","","","","UFRO","USD","","","","","false","1","","","","","","","","","","TRUE","","","","0.00508","","3","","","QZ3WVVQG5T8K","NA/CDS Corp Idx","CDX.NA.IG"
"3937235420000000101","","NEWT","TRAD","2026-06-30T11:04:37Z","","CR","","I","TRUE","2026-06-30T11:04:37Z","2026-07-01","2031-06-20","","FALSE","BBSF","FALSE","TRUE","","166,287,997+","","EUR","","","","","","","","","","","","","","","","","","","","","","","","","0.01","","","","","","0.0051382","","","","","","false","","","3","","","A004","","","","","","","","3791660.71217","MNTH","","","","3","","","","UFRO","EUR","","","","","false","1","","","","","","","","","","FALSE","","","","","","","","","QZTQ4GTC5QMF","NA/CDS Corp Idx","ITRAXX EUROPE"
"3937527372000000201","","NEWT","TRAD","2026-06-30T11:27:37Z","","CR","","I","TRUE","2026-06-30T11:27:37Z","2026-07-01","2031-06-20","","FALSE","BBSF","FALSE","FALSE","","2,000,000","","EUR","","","","","","","","","","","","","","","","","","","","","","","","","0.05","","","","","","0.0243299","","","","","","false","","","3","","","A004","","","","","","","","222976.74000","MNTH","","","","3","","","","UFRO","EUR","","","","","false","1","","","","","","","","","","FALSE","","","","","","","","","QZ3HM9KVK2WL","NA/CDS Corp Idx","ITRAXX EUROPE CROSSOVER"
"3926562559000000101","3873184411000000101","TERM","NOVA","2026-06-30T06:50:59Z","","CR","","","","2026-06-26T00:16:27Z","2026-06-27","2031-06-20","","","","","","FALSE","","","","","","","","","","","","","","","","","","","","","","","","","","","","0.01","","","","","","0.00005975","","","","","","","","","","","","","","","","","","","","","","","","","","","","","","","","","","","","","","","","","","","","","","","","","","","","","","","QZ9P5KKVF7M5","NA/CDS Corp Idx","ITRAXX JAPAN"
"3926576821000000101","","NEWT","TRAD","2026-06-30T06:57:47Z","","CR","","I","FALSE","2026-06-30T06:57:47Z","2026-07-01","2031-06-20","","","TWSF","FALSE","FALSE","","1,000,000","","EUR","","","","","","","","","","","","","","","","","","","","","","","","","0.01","","","","","","0.0051675","","","","","","false","","","3","","","A004","","","","","","","","22663.12000","MNTH","","","","3","","","","UFRO","EUR","","","","","false","1","","","","","","","","","","FALSE","","","","","","","","","QZTQ4GTC5QMF","NA/CDS Corp Idx","ITRAXX EUROPE"
"3929555147000000101","3928935432000000101","TERM","ETRM","2026-06-30T07:54:30Z","","CR","","I","TRUE","2026-06-30T07:53:01Z","2026-03-20","2031-06-20","","","BILT","FALSE","FALSE","FALSE","100,000,000","","EUR","","","","","","","","","","","","","","","","","","","","","","","","","0.01","","","","","","","","","","","","false","","","","","","A004","","","","","","","","2268676.00000","MNTH","","","","3","","","","UFRO","EUR","","","","","false","1","","","","","","","","","","FALSE","","","","","","","","","QZTQ4GTC5QMF","NA/CDS Corp Idx","ITRAXX EUROPE"
"3936301469000000201","1107727351","REVI","","2026-06-30T10:33:37Z","","CR","","N","FALSE","2023-02-07T13:27:42Z","2023-02-06","2026-12-20","","FALSE","BILT","FALSE","FALSE","TRUE","15,000,000","","USD","","","","","","","","","","","","","","","","","","","","","","","","","0.05","","","","","","","","","","","","false","","","","","","A004","","","","","","","","0.00000","MNTH","","","","3","","","","UFRO","USD","","","","","false","0.95","","","","","","","","","","FALSE","","","","","","","","","QZ68KRHJVV05","NA/CDS Corp Idx Tra","CDX.NA.HY"
"3932662549000000201","","NEWT","TRAD","2026-06-30T09:15:52Z","","CR","","I","TRUE","2026-06-30T09:15:52Z","2026-07-01","2031-06-20","","","TWSF","FALSE","FALSE","","2,000,000","","EUR","","","","","","","","","","","","","","","","","","","","","","","","","0.01","","","","","","0.005421","","","","","","false","","","3","","","A004","","","","","","","","42930.95000","MNTH","","","","3","","","","UFRO","EUR","","","","","false","1","","","","","","","","","","FALSE","","","","","","","","","QZTB38W3WJ98","NA/CDS Corp Idx","ITRAXX EUROPE SENIOR FINANCIALS"
"3938181094000000101","3938175100000000301","MODI","TRAD","2026-06-30T12:22:52Z","TRUE","CR","","I","TRUE","2026-06-30T12:22:39Z","2026-03-20","2031-06-20","","FALSE","TPSE","FALSE","FALSE","","10,000,000","","EUR","","","","","","","","","","","","","","","","","","","","","","","","","0.05","","","","","","0.0244","","","","","","false","","","3","","","A004","","","","","","","","","MNTH","","","","3","","","","","","EUR","","","","false","1","","","","","","","OTHR","","","FALSE","","","","","","","","","QZ3HM9KVK2WL","NA/CDS Corp Idx","ITRAXX EUROPE CROSSOVER"
"3938194965000000101","","NEWT","TRAD","2026-06-30T12:25:23Z","","CR","","I","TRUE","2026-06-30T12:25:23Z","2026-07-01","2031-06-20","","FALSE","BBSF","FALSE","FALSE","","10,000,000","","EUR","","","","","","","","","","","","","","","","","","","","","","","","","0.05","","","","","","0.024411","","","","","","false","","","3","","","A004","","","","","","","","1111048.00000","MNTH","","","","3","","","","UFRO","EUR","","","","","false","1","","","","","","","","","","FALSE","","","","","","","","","QZ3HM9KVK2WL","NA/CDS Corp Idx","ITRAXX EUROPE CROSSOVER"
"3926482216000000401","","NEWT","TRAD","2026-06-30T06:46:03Z","","CR","","I","FALSE","2026-06-30T06:46:03Z","2026-03-20","2031-06-20","2031-06-20","FALSE","BILT","FALSE","FALSE","TRUE","120,000,000","","USD","","","","","","","","","","","","","","","","","","","","","","","","","0.01","","","","","","","","","","","","false","","","","","","A004","","","","","","","","1743758.67000","MNTH","","","","3","","","","UFRO","USD","","","","","false","1","","","","","","","","","","FALSE","","","","","","","","","QZD2VPNQ9ZFX","NA/CDS Corp Idx","ITRAXX ASIA EX-JAPAN IG"
"3937986679000000201","","NEWT","TRAD","2026-06-30T12:02:52Z","","CR","","I","TRUE","2026-06-30T12:02:52Z","2026-07-01","2031-06-20","","FALSE","BBSF","FALSE","FALSE","","100,000,000","","USD","","","","","","","","","","","","","","","","","","","","","","","","","0.01","","","","","","0.005075","","","","","","false","","","3","","","A004","","","","","","","","2229536.08000","MNTH","","","","3","","","","UFRO","USD","","","","","false","1","","","","","","","","","","FALSE","","","","","","","","","QZ3WVVQG5T8K","NA/CDS Corp Idx","CDX.NA.IG"
"3937995571000000101","","NEWT","TRAD","2026-06-30T12:03:40Z","","CR","","I","FALSE","2026-06-30T12:03:40Z","2026-07-01","2031-06-20","","FALSE","BBSF","FALSE","FALSE","","3,000,000","","EUR","","","","","","","","","","","","","","","","","","","","","","","","","0.01","","","","","","0.0054327","","","","","","false","","","3","","","A004","","","","","","","","64230.78000","MNTH","","","","3","","","","UFRO","EUR","","","","","false","1","","","","","","","","","","FALSE","","","","","","","","","QZTB38W3WJ98","NA/CDS Corp Idx","ITRAXX EUROPE SENIOR FINANCIALS"
"3926663032000000201","","NEWT","TRAD","2026-06-30T07:05:16Z","","CR","","I","TRUE","2026-06-30T07:05:16Z","2026-07-01","2031-06-20","","FALSE","BBSF","FALSE","TRUE","","47,260,799+","","EUR","","","","","","","","","","","","","","","","","","","","","","","","","0.05","","","","","","0.024525","","","","","","false","","","3","","","A004","","","","","","","","5225461.22890","MNTH","","","","3","","","","UFRO","EUR","","","","","false","1","","","","","","","","","","TRUE","","","","0.0193625","","3","","","QZ3HM9KVK2WL","NA/CDS Corp Idx","ITRAXX EUROPE CROSSOVER"
"3937932623000000101","","NEWT","TRAD","2026-06-30T11:57:55Z","","CR","","I","TRUE","2026-06-30T11:57:55Z","2026-07-01","2030-12-20","","FALSE","BBSF","FALSE","TRUE","","47,260,799+","","EUR","","","","","","","","","","","","","","","","","","","","","","","","","0.05","","","","","","0.021006","","","","","","false","","","3","","","A004","","","","","","","","5501714.62550","MNTH","","","","3","","","","UFRO","EUR","","","","","false","1","","","","","","","","","","TRUE","","","","0.003344","","3","","","QZ5F5FRS4TR9","NA/CDS Corp Idx","ITRAXX EUROPE CROSSOVER"
"3937977513000000101","","NEWT","TRAD","2026-06-30T12:01:35Z","","CR","","I","TRUE","2026-06-30T12:01:35Z","2026-07-01","2030-12-20","","FALSE","BBSF","FALSE","TRUE","","47,260,799+","","EUR","","","","","","","","","","","","","","","","","","","","","","","","","0.05","","","","","","0.020906","","","","","","false","","","3","","","A004","","","","","","","","5522452.84047","MNTH","","","","3","","","","UFRO","EUR","","","","","false","1","","","","","","","","","","TRUE","","","","0.003444","","3","","","QZ5F5FRS4TR9","NA/CDS Corp Idx","ITRAXX EUROPE CROSSOVER"
"3938212357000000201","","NEWT","TRAD","2026-06-30T12:27:02Z","","CR","","I","TRUE","2026-06-30T12:27:02Z","2026-07-01","2031-06-20","","FALSE","BBSF","FALSE","TRUE","","166,287,997+","","EUR","","","","","","","","","","","","","","","","","","","","","","","","","0.01","","","","","","0.00515","","","","","","false","","","3","","","A004","","","","","","","","3782355.06212","MNTH","","","","3","","","","UFRO","EUR","","","","","false","1","","","","","","","","","","TRUE","","","","0.00515","","3","","","QZTQ4GTC5QMF","NA/CDS Corp Idx","ITRAXX EUROPE"
"3931982680000000101","","NEWT","TRAD","2026-06-30T09:02:54Z","","CR","","I","TRUE","2026-06-30T09:02:54Z","2026-07-01","2031-06-20","","FALSE","BBSF","FALSE","TRUE","","47,260,799+","","EUR","","","","","","","","","","","","","","","","","","","","","","","","","0.05","","","","","","0.024435","","","","","","false","","","3","","","A004","","","","","","","","5245561.51179","MNTH","","","","3","","","","UFRO","EUR","","","","","false","1","","","","","","","","","","FALSE","","","","","","","","","QZ3HM9KVK2WL","NA/CDS Corp Idx","ITRAXX EUROPE CROSSOVER"
"3938074915000000101","","NEWT","TRAD","2026-06-30T12:11:59Z","","CR","","I","TRUE","2026-06-30T12:11:59Z","2026-07-01","2031-06-20","","","TWSF","FALSE","TRUE","","130,000,000","","EUR","","","","","","","","","","","","","","","","","","","","","","","","","0.01","","","","","","0.005153","","","","","","false","","","3","","","A004","","","","","","","","2955125.85619","MNTH","","","","3","","","","UFRO","EUR","","","","","false","1","","","","","","","","","","FALSE","","","","","","","","","QZTQ4GTC5QMF","NA/CDS Corp Idx","ITRAXX EUROPE"
"3941817676000000201","","NEWT","TRAD","2026-06-30T17:44:49Z","","CR","","I","TRUE","2026-06-30T17:44:49Z","2026-07-01","2031-06-20","","","TWSF","FALSE","TRUE","","50,000,000","","USD","","","","","","","","","","","","","","","","","","","","","","","","","0.05","","","","","","0.0108115","","","","","","false","","","3","","","A004","","","","","","","","4078800.00000","MNTH","","","","3","","","","UFRO","USD","","","","","false","0.99","","","","","","","","","","FALSE","","","","","","","","","QZHH8NT767RX","NA/CDS Corp Idx","CDX.NA.HY"
"3934005585000000101","","NEWT","TRAD","2026-06-30T09:38:23Z","","CR","","I","TRUE","2026-06-30T09:38:23Z","2026-03-20","2031-06-20","","","BILT","FALSE","FALSE","FALSE","20,000,000","","EUR","","","","","","","","","","","","","","","","","","","","","","","","","0.05","","","","","","","","","","","","false","","","","","","A004","","","","","","","","2227866.00000","MNTH","","","","3","","","","UFRO","EUR","","","","","false","1","","","","","","","","","","FALSE","","","","","","","","","QZ3HM9KVK2WL","NA/CDS Corp Idx","ITRAXX EUROPE CROSSOVER"
"3929609467000000101","","NEWT","TRAD","2026-06-30T08:19:05Z","","CR","","I","FALSE","2026-06-30T08:19:05Z","2026-07-01","2031-06-20","","","TWSF","FALSE","TRUE","","37,000,000","","EUR","","","","","","","","","","","","","","","","","","","","","","","","","0.05","","","","","","0.024465","","","","","","false","","","3","","","A004","","","","","","","","4101416.38986","MNTH","","","","3","","","","UFRO","EUR","","","","","false","1","","","","","","","","","","FALSE","","","","","","","","","QZ3HM9KVK2WL","NA/CDS Corp Idx","ITRAXX EUROPE CROSSOVER"
"3934001974000000101","","NEWT","TRAD","2026-06-30T09:41:31Z","","CR","","I","TRUE","2026-06-30T09:41:31Z","2026-07-01","2031-06-20","","","TWSF","FALSE","TRUE","","140,000,000","","EUR","","","","","","","","","","","","","","","","","","","","","","","","","0.01","","","","","","0.00515","","","","","","false","","","3","","","A004","","","","","","","","3184418.50275","MNTH","","","","3","","","","UFRO","EUR","","","","","false","1","","","","","","","","","","FALSE","","","","","","","","","QZTQ4GTC5QMF","NA/CDS Corp Idx","ITRAXX EUROPE"
"3927112248000000101","","NEWT","TRAD","2026-06-30T07:22:38Z","","CR","","I","TRUE","2026-06-30T07:22:38Z","2026-07-01","2031-06-20","","FALSE","BBSF","FALSE","FALSE","","25,000,000","","EUR","","","","","","","","","","","","","","","","","","","","","","","","","0.01","","","","","","0.0051533348","","","","","","false","","","3","","","A004","","","","","","","","568252.78000","MNTH","","","","3","","","","UFRO","EUR","","","","","false","1","","","","","","","","","","FALSE","","","","","","","","","QZTQ4GTC5QMF","NA/CDS Corp Idx","ITRAXX EUROPE"
"3944041149000000101","","NEWT","TRAD","2026-06-30T20:21:22Z","","CR","","I","TRUE","2026-06-30T20:21:22Z","2026-07-01","2031-06-20","","FALSE","BBSF","FALSE","FALSE","","25,000,000","","USD","","","","","","","","","","","","","","","","","","","","","","","","","0.05","","","","","","0.01080581","","","","","","false","","","3","","","A004","","","","","","","","2025317.25000","MNTH","","","","3","","","","UFRO","USD","","","","","false","0.99","","","","","","","","","","FALSE","","","","","","","","","QZHH8NT767RX","NA/CDS Corp Idx","CDX.NA.HY"
"3942173852000000101","","NEWT","TRAD","2026-06-30T18:45:46Z","","CR","","I","TRUE","2026-06-30T18:45:46Z","2026-03-20","2031-06-20","","FALSE","TPSE","FALSE","FALSE","","50,000,000","","USD","","","","","","","","","","","","","","","","","","","","","","","","","0.05","","","","","","108.1","","USD","","","","false","","","1","","","A004","","","","","","","","","MNTH","","","","3","","","","","","USD","","","","false","0.99","","","","","","","OTHR","","","FALSE","","","","","","","","","QZHH8NT767RX","NA/CDS Corp Idx","CDX.NA.HY"
"3942326880000000101","","NEWT","TRAD","2026-06-30T18:54:13Z","","CR","","I","TRUE","2026-06-30T18:54:13Z","2026-07-01","2031-06-20","","","TWSF","FALSE","FALSE","","5,000,000","","USD","","","","","","","","","","","","","","","","","","","","","","","","","0.05","","","","","","0.01081069","","","","","","false","","","3","","","A004","","","","","","","","407479.05000","MNTH","","","","3","","","","UFRO","USD","","","","","false","0.99","","","","","","","","","","FALSE","","","","","","","","","QZHH8NT767RX","NA/CDS Corp Idx","CDX.NA.HY"
"3942401702000000101","","NEWT","TRAD","2026-06-30T18:57:37Z","","CR","","I","TRUE","2026-06-30T18:57:37Z","2026-03-20","2031-06-20","","FALSE","TPSE","FALSE","FALSE","","250,000,000+","","USD","","","","","","","","","","","","","","","","","","","","","","","","","0.01","","","","","","0.0050825","","","","","","false","","","3","","","A004","","","","","","","","","MNTH","","","","3","","","","","","USD","","","","false","1","","","","","","","OTHR","","","FALSE","","","","","","","","","QZ3WVVQG5T8K","NA/CDS Corp Idx","CDX.NA.IG"
"3939908089000000101","","NEWT","TRAD","2026-06-30T14:35:12Z","","CR","","I","TRUE","2026-06-30T14:35:12Z","2026-07-01","2031-06-20","","FALSE","BBSF","FALSE","FALSE","","25,000,000","","EUR","","","","","","","","","","","","","","","","","","","","","","","","","0.01","","","","","","0.0051511","","","","","","false","","","3","","","A004","","","","","","","","568517.06000","MNTH","","","","3","","","","UFRO","EUR","","","","","false","1","","","","","","","","","","FALSE","","","","","","","","","QZTQ4GTC5QMF","NA/CDS Corp Idx","ITRAXX EUROPE"
"3940406013000000301","","NEWT","TRAD","2026-06-30T15:36:17Z","","CR","","I","TRUE","2026-06-30T15:36:17Z","2026-03-20","2031-06-20","","FALSE","TPSE","FALSE","FALSE","","25,000,000","","USD","","","","","","","","","","","","","","","","","","","","","","","","","0.01","","","","","","0.005075","","","","","","false","","","3","","","A004","","","","","","","","","MNTH","","","","3","","","","","","USD","","","","false","1","","","","","","","OTHR","","","FALSE","","","","","","","","","QZ3WVVQG5T8K","NA/CDS Corp Idx","CDX.NA.IG"
"3940390001000000101","","NEWT","TRAD","2026-06-30T15:34:05Z","","CR","","I","TRUE","2026-06-30T15:34:05Z","2026-07-01","2031-06-20","","FALSE","BBSF","FALSE","FALSE","","15,000,000","","USD","","","","","","","","","","","","","","","","","","","","","","","","","0.05","","","","","","0.01081267","","","","","","false","","","3","","","A004","","","","","","","","1225382.51295","MNTH","","","","3","","","","UFRO","USD","","","","","false","0.99","","","","","","","","","","FALSE","","","","","","","","","QZHH8NT767RX","NA/CDS Corp Idx","CDX.NA.HY"
"3940415727000000101","","NEWT","TRAD","2026-06-30T15:37:22Z","","CR","","I","TRUE","2026-06-30T15:37:22Z","2026-03-20","2031-06-20","","FALSE","TPSE","FALSE","FALSE","","50,000,000","","USD","","","","","","","","","","","","","","","","","","","","","","","","","0.01","","","","","","0.005075","","","","","","false","","","3","","","A004","","","","","","","","","MNTH","","","","3","","","","","","USD","","","","false","1","","","","","","","OTHR","","","FALSE","","","","","","","","","QZ3WVVQG5T8K","NA/CDS Corp Idx","CDX.NA.IG"
"3945407275000000301","","NEWT","TRAD","2026-06-30T20:56:18Z","","CR","","I","TRUE","2026-06-30T20:56:18Z","2026-07-01","2031-06-20","","","TWSF","FALSE","FALSE","","10,000,000","","USD","","","","","","","","","","","","","","","","","","","","","","","","","0.05","","","","","","0.01080255","","","","","","false","","","3","","","A004","","","","","","","","806899.50000","MNTH","","","","3","","","","UFRO","USD","","","","","false","0.99","","","","","","","","","","FALSE","","","","","","","","","QZHH8NT767RX","NA/CDS Corp Idx","CDX.NA.HY"
"3934625469000000201","","NEWT","TRAD","2026-06-30T10:03:00Z","","CR","","I","TRUE","2026-06-30T10:03:00Z","2026-07-01","2031-06-20","","","TWSF","FALSE","TRUE","","96,271,998+","","EUR","","","","","","","","","","","","","","","","","","","","","","","","","0.01","","","","","","0.005418","","","","","","false","","","3","","","A004","","","","","","","","2067895.71922","MNTH","","","","3","","","","UFRO","EUR","","","","","false","1","","","","","","","","","","FALSE","","","","","","","","","QZTB38W3WJ98","NA/CDS Corp Idx","ITRAXX EUROPE SENIOR FINANCIALS"
"3939986524000000101","","NEWT","TRAD","2026-06-30T14:44:43Z","","CR","","I","TRUE","2026-06-30T14:44:43Z","2026-07-01","2031-06-20","","FALSE","BBSF","FALSE","TRUE","","40,000,000","","EUR","","","","","","","","","","","","","","","","","","","","","","","","","0.05","","","","","","0.024455","","","","","","false","","","3","","","A004","","","","","","","","4435871.93000","MNTH","","","","3","","","","UFRO","EUR","","","","","false","1","","","","","","","","","","FALSE","","","","","","","","","QZ3HM9KVK2WL","NA/CDS Corp Idx","ITRAXX EUROPE CROSSOVER"
"3940089299000000301","","NEWT","TRAD","2026-06-30T14:55:49Z","","CR","","I","TRUE","2026-06-30T14:55:49Z","2026-07-01","2031-06-20","","FALSE","BBSF","FALSE","FALSE","","150,000,000","","USD","","","","","","","","","","","","","","","","","","","","","","","","","0.01","","","","","","0.0050704","","","","","","false","","","3","","","A004","","","","","","","","3347453.90000","MNTH","","","","3","","","","UFRO","USD","","","","","false","1","","","","","","","","","","FALSE","","","","","","","","","QZ3WVVQG5T8K","NA/CDS Corp Idx","CDX.NA.IG"
"3939726764000000201","","NEWT","TRAD","2026-06-30T14:18:21Z","","CR","","I","TRUE","2026-06-30T14:18:21Z","2026-07-01","2031-06-20","","","TWSF","FALSE","FALSE","","25,000,000","","EUR","","","","","","","","","","","","","","","","","","","","","","","","","0.01","","","","","","0.005152","","","","","","false","","","3","","","A004","","","","","","","","568410.64000","MNTH","","","","3","","","","UFRO","EUR","","","","","false","1","","","","","","","","","","FALSE","","","","","","","","","QZTQ4GTC5QMF","NA/CDS Corp Idx","ITRAXX EUROPE"
"3939877516000000101","","NEWT","TRAD","2026-06-30T14:32:54Z","","CR","","I","TRUE","2026-06-30T14:32:54Z","2026-07-01","2031-06-20","","FALSE","BBSF","FALSE","FALSE","","3,000,000","","USD","","","","","","","","","","","","","","","","","","","","","","","","","0.05","","","","","","0.01081628","","","","","","false","","","3","","","A004","","","","","","","","246147.66000","MNTH","","","","3","","","","UFRO","USD","","","","","false","0.99","","","","","","","","","","FALSE","","","","","","","","","QZHH8NT767RX","NA/CDS Corp Idx","CDX.NA.HY"
"3942430646000000101","3942401702000000101","MODI","TRAD","2026-06-30T18:59:05Z","TRUE","CR","","I","TRUE","2026-06-30T18:57:37Z","2026-03-20","2031-06-20","","FALSE","TPSE","FALSE","FALSE","","250,000,000+","","USD","","","","","","","","","","","","","","","","","","","","","","","","","0.01","","","","","","0.0050825","","","","","","false","","","3","","","A004","","","","","","","","","MNTH","","","","3","","","","","","USD","","","","false","1","","","","","","","OTHR","","","FALSE","","","","","","","","","QZ3WVVQG5T8K","NA/CDS Corp Idx","CDX.NA.IG"
"3939917627000000201","","NEWT","TRAD","2026-06-30T14:37:27Z","","CR","","I","TRUE","2026-06-30T14:37:27Z","2026-07-01","2031-06-20","","FALSE","BBSF","FALSE","FALSE","","15,000,000","","EUR","","","","","","","","","","","","","","","","","","","","","","","","","0.05","","","","","","0.02444","","","","","","false","","","3","","","A004","","","","","","","","1664515.50000","MNTH","","","","3","","","","UFRO","EUR","","","","","false","1","","","","","","","","","","FALSE","","","","","","","","","QZ3HM9KVK2WL","NA/CDS Corp Idx","ITRAXX EUROPE CROSSOVER"
"3939752944000000401","","NEWT","TRAD","2026-06-30T14:20:51Z","","CR","","I","TRUE","2026-06-30T14:20:51Z","2026-07-01","2031-06-20","","FALSE","BBSF","FALSE","FALSE","","50,000,000","","USD","","","","","","","","","","","","","","","","","","","","","","","","","0.01","","","","","","0.00507555","","","","","","false","","","3","","","A004","","","","","","","","1114642.51000","MNTH","","","","3","","","","UFRO","USD","","","","","false","1","","","","","","","","","","FALSE","","","","","","","","","QZ3WVVQG5T8K","NA/CDS Corp Idx","CDX.NA.IG"
"3939782050000000201","","NEWT","TRAD","2026-06-30T14:22:42Z","","CR","","I","TRUE","2026-06-30T14:22:42Z","2026-07-01","2031-06-20","","FALSE","BBSF","FALSE","FALSE","","25,000,000","","USD","","","","","","","","","","","","","","","","","","","","","","","","","0.05","","","","","","0.01081325","","","","","","false","","","3","","","A004","","","","","","","","2043731.25000","MNTH","","","","3","","","","UFRO","USD","","","","","false","0.99","","","","","","","","","","FALSE","","","","","","","","","QZHH8NT767RX","NA/CDS Corp Idx","CDX.NA.HY"
"3937681275000000101","","NEWT","TRAD","2026-06-30T11:39:13Z","","CR","","I","TRUE","2026-06-30T11:39:13Z","2026-07-01","2031-06-20","","FALSE","BBSF","FALSE","FALSE","","66,000,000","","EUR","","","","","","","","","","","","","","","","","","","","","","","","","0.01","","","","","","0.00514278","","","","","","false","","","3","","","A004","","","","","","","","1503477.06501","MNTH","","","","3","","","","UFRO","EUR","","","","","false","1","","","","","","","","","","FALSE","","","","","","","","","QZTQ4GTC5QMF","NA/CDS Corp Idx","ITRAXX EUROPE"
"3937747667000000101","","NEWT","TRAD","2026-06-30T11:43:53Z","","CR","","I","TRUE","2026-06-30T11:43:53Z","2026-07-01","2031-06-20","","FALSE","BBSF","FALSE","FALSE","","10,000,000","","USD","","","","","","","","","","","","","","","","","","","","","","","","","0.05","","","","","","0.0108165","","","","","","false","","","3","","","A004","","","","","","","","820710.00000","MNTH","","","","3","","","","UFRO","USD","","","","","false","0.99","","","","","","","","","","FALSE","","","","","","","","","QZHH8NT767RX","NA/CDS Corp Idx","CDX.NA.HY"
"3937607527000000101","","NEWT","TRAD","2026-06-30T11:33:31Z","","CR","","I","TRUE","2026-06-30T11:33:31Z","2026-07-01","2031-06-20","","FALSE","BBSF","FALSE","TRUE","","250,000,000+","","USD","","","","","","","","","","","","","","","","","","","","","","","","","0.01","","","","","","0.005069","","","","","","false","","","3","","","A004","","","","","","","","5580687.59000","MNTH","","","","3","","","","UFRO","USD","","","","","false","1","","","","","","","","","","FALSE","","","","","","","","","QZ3WVVQG5T8K","NA/CDS Corp Idx","CDX.NA.IG"
"3937811933000000101","","NEWT","TRAD","2026-06-30T11:47:51Z","","CR","","I","TRUE","2026-06-30T11:47:51Z","2026-07-01","2031-06-20","","","TWSF","FALSE","FALSE","","36,000,000","","USD","","","","","","","","","","","","","","","","","","","","","","","","","0.05","","","","","","0.01081824","","","","","","false","","","3","","","A004","","","","","","","","2960765.04701","MNTH","","","","3","","","","UFRO","USD","","","","","false","0.99","","","","","","","","","","FALSE","","","","","","","","","QZHH8NT767RX","NA/CDS Corp Idx","CDX.NA.HY"
"3938131133000000101","","NEWT","TRAD","2026-06-30T12:17:24Z","","CR","","I","TRUE","2026-06-30T12:17:24Z","2026-07-01","2031-06-20","","FALSE","BBSF","FALSE","FALSE","","2,000,000","","USD","","","","","","","","","","","","","","","","","","","","","","","","","0.01","","","","","","0.0050788","","","","","","false","","","3","","","A004","","","","","","","","44556.04041","MNTH","","","","3","","","","UFRO","USD","","","","","false","1","","","","","","","","","","FALSE","","","","","","","","","QZ3WVVQG5T8K","NA/CDS Corp Idx","CDX.NA.IG"
"3938159849000000301","","NEWT","TRAD","2026-06-30T12:20:25Z","","CR","","I","TRUE","2026-06-30T12:20:25Z","2026-07-01","2031-06-20","","FALSE","BBSF","FALSE","FALSE","","100,000,000","","EUR","","","","","","","","","","","","","","","","","","","","","","","","","0.01","","","","","","0.005153","","","","","","false","","","3","","","A004","","","","","","","","2273169.58000","MNTH","","","","3","","","","UFRO","EUR","","","","","false","1","","","","","","","","","","FALSE","","","","","","","","","QZTQ4GTC5QMF","NA/CDS Corp Idx","ITRAXX EUROPE"
"3939917626000000101","","NEWT","TRAD","2026-06-30T14:37:14Z","","CR","","I","TRUE","2026-06-30T14:37:14Z","2026-07-01","2031-06-20","","","TWSF","FALSE","TRUE","","47,260,799+","","EUR","","","","","","","","","","","","","","","","","","","","","","","","","0.05","","","","","","0.02441","","","","","","false","","","3","","","A004","","","","","","","","5251147.39336","MNTH","","","","3","","","","UFRO","EUR","","","","","false","1","","","","","","","","","","FALSE","","","","","","","","","QZ3HM9KVK2WL","NA/CDS Corp Idx","ITRAXX EUROPE CROSSOVER"
"3930275113000000101","","NEWT","TRAD","2026-06-30T08:34:27Z","","CR","","I","TRUE","2026-06-30T08:34:27Z","2026-07-01","2031-06-20","","","TWSF","FALSE","TRUE","","130,000,000","","EUR","","","","","","","","","","","","","","","","","","","","","","","","","0.01","","","","","","0.00516175","","","","","","false","","","3","","","A004","","","","","","","","2949742.74366","MNTH","","","","3","","","","UFRO","EUR","","","","","false","1","","","","","","","","","","FALSE","","","","","","","","","QZTQ4GTC5QMF","NA/CDS Corp Idx","ITRAXX EUROPE"
"3940441002000000101","","NEWT","TRAD","2026-06-30T15:35:33Z","","CR","","N","FALSE","2026-06-30T15:35:33Z","2026-03-20","2026-07-15","","TRUE","TPSE","FALSE","FALSE","","160,000,000","","USD","","","","","","","","","","","","","","","","","","","","","","","","2026-07-15","0","","2,772","USD","","","","","","","100","","false","","","","","3","A001","","","","","","","","","MNTH","","","","1","","","","","","","","","","false","0.99","","","","","","","","","","FALSE","","","","","","","","","QZVK9BCP48T0","NA/CDS Idx Swt","NA/CDS Corp Idx"
"3940446610000000101","","NEWT","TRAD","2026-06-30T15:41:12Z","","CR","","I","FALSE","2026-06-30T15:41:12Z","2026-07-01","2031-06-20","","","TWSF","FALSE","FALSE","","31,000,000","","EUR","","","","","","","","","","","","","","","","","","","","","","","","","0.05","","","","","","0.024471","","","","","","false","","","3","","","A004","","","","","","","","3435457.43080","MNTH","","","","3","","","","UFRO","EUR","","","","","false","1","","","","","","","","","","FALSE","","","","","","","","","QZ3HM9KVK2WL","NA/CDS Corp Idx","ITRAXX EUROPE CROSSOVER"
"3940369564000000201","","NEWT","TRAD","2026-06-30T15:30:58Z","","CR","","I","TRUE","2026-06-30T15:30:58Z","2026-07-01","2031-06-20","","FALSE","BBSF","FALSE","TRUE","","50,000,000","","USD","","","","","","","","","","","","","","","","","","","","","","","","","0.05","","","","","","0.0108125","","","","","","false","","","3","","","A004","","","","","","","","4083750.00000","MNTH","","","","3","","","","UFRO","USD","","","","","false","0.99","","","","","","","","","","FALSE","","","","","","","","","QZHH8NT767RX","NA/CDS Corp Idx","CDX.NA.HY"
"3940511628000000901","","NEWT","TRAD","2026-04-01T15:40:19Z","","CR","","N","FALSE","2026-04-01T15:39:03Z","2026-04-02","2026-07-01","","FALSE","BILT","FALSE","FALSE","TRUE","53,000,000","","USD","","","","","","","","","","","","","","","","","","","","","","","","","0.03704","0.03704","","","","","","","","","","","false","","","","","","A020","","","","","","","","","YEAR","","","","1","","","","","","USD","","","","true","","","","","","","","","","","FALSE","","","","","","","","","QZN0NVBD3D3Z","NA/CDS Corp SN","DTD 08/15/2024"
"3940521078000000301","","NEWT","TRAD","2026-06-30T15:48:26Z","","CR","","I","TRUE","2026-06-30T15:48:26Z","2026-07-01","2030-12-20","","FALSE","BBSF","FALSE","FALSE","","18,000,000","","USD","","","","","","","","","","","","","","","","","","","","","","","","","0.05","","","","","","0.0108192","","","","","","false","","","3","","","A004","","","","","","","","1467116.76234","MNTH","","","","3","","","","UFRO","USD","","","","","false","0.98","","","","","","","","","","FALSE","","","","","","","","","QZMD5JCHG48C","NA/CDS Corp Idx","CDX.NA.HY"
"3939937458000000201","","NEWT","TRAD","2026-06-30T14:38:50Z","","CR","","I","TRUE","2026-06-30T14:38:50Z","2026-03-20","2031-06-20","","FALSE","TPSE","FALSE","FALSE","","76,000,000+","","USD","","","","","","","","","","","","","","","","","","","","","","","","","0.05","","","","","","108.1","","USD","","","","false","","","1","","","A004","","","","","","","","","MNTH","","","","3","","","","","","USD","","","","false","0.99","","","","","","","OTHR","","","FALSE","","","","","","","","","QZHH8NT767RX","NA/CDS Corp Idx","CDX.NA.HY"
"3939951584000000101","3939937458000000201","MODI","TRAD","2026-06-30T14:40:42Z","TRUE","CR","","I","TRUE","2026-06-30T14:38:50Z","2026-03-20","2031-06-20","","FALSE","TPSE","FALSE","FALSE","","76,000,000+","","USD","","","","","","","","","","","","","","","","","","","","","","","","","0.05","","","","","","108.1","","USD","","","","false","","","1","","","A004","","","","","","","","","MNTH","","","","3","","","","","","USD","","","","false","0.99","","","","","","","OTHR","","","FALSE","","","","","","","","","QZHH8NT767RX","NA/CDS Corp Idx","CDX.NA.HY"
"3939965499000000101","","NEWT","TRAD","2026-06-30T14:42:53Z","","CR","","I","TRUE","2026-06-30T14:42:53Z","2026-07-01","2031-06-20","","FALSE","BBSF","FALSE","FALSE","","4,000,000","","USD","","","","","","","","","","","","","","","","","","","","","","","","","0.05","","","","","","0.01081367","","","","","","false","","","3","","","A004","","","","","","","","327164.13219","MNTH","","","","3","","","","UFRO","USD","","","","","false","0.99","","","","","","","","","","FALSE","","","","","","","","","QZHH8NT767RX","NA/CDS Corp Idx","CDX.NA.HY"
"3940003094000000201","","NEWT","TRAD","2026-06-30T14:46:18Z","","CR","","I","TRUE","2026-06-30T14:46:18Z","2026-07-01","2031-06-20","","FALSE","BBSF","FALSE","FALSE","","5,000,000","","USD","","","","","","","","","","","","","","","","","","","","","","","","","0.05","","","","","","0.01081375","","","","","","false","","","3","","","A004","","","","","","","","408993.75000","MNTH","","","","3","","","","UFRO","USD","","","","","false","0.99","","","","","","","","","","FALSE","","","","","","","","","QZHH8NT767RX","NA/CDS Corp Idx","CDX.NA.HY"
"3930914196000000101","","NEWT","TRAD","2026-06-30T08:45:20Z","","CR","","I","TRUE","2026-06-30T08:45:20Z","2026-03-20","2031-06-20","","FALSE","BGCD","FALSE","FALSE","","50,000,000","","EUR","","","","","","","","","","","","","","","","","","","","","","","","","","","","","","","0.0051625","","","","","","false","","","3","","","A004","","","","","","","","","MNTH","","","","3","","","","","","","","","","false","1","","","","","","","","","","FALSE","","","","","","","","","QZTQ4GTC5QMF","NA/CDS Corp Idx","ITRAXX EUROPE"
"3940083145000000101","","NEWT","TRAD","2026-06-30T14:54:24Z","","CR","","I","TRUE","2026-06-30T14:54:24Z","2026-03-20","2031-06-20","","FALSE","TPSE","FALSE","FALSE","","76,000,000+","","USD","","","","","","","","","","","","","","","","","","","","","","","","","0.05","","","","","","108.1","","USD","","","","false","","","1","","","A004","","","","","","","","","MNTH","","","","3","","","","","","USD","","","","false","0.99","","","","","","","OTHR","","","FALSE","","","","","","","","","QZHH8NT767RX","NA/CDS Corp Idx","CDX.NA.HY"
"3941018626000000301","","NEWT","TRAD","2026-06-30T16:17:39Z","","CR","","I","TRUE","2026-06-30T16:17:39Z","2026-07-01","2031-06-20","","FALSE","BBSF","FALSE","FALSE","","36,000,000","","USD","","","","","","","","","","","","","","","","","","","","","","","","","0.05","","","","","","0.010814055","","","","","","false","","","3","","","A004","","","","","","","","2945833.06248","MNTH","","","","3","","","","UFRO","USD","","","","","false","0.99","","","","","","","","","","FALSE","","","","","","","","","QZHH8NT767RX","NA/CDS Corp Idx","CDX.NA.HY"
"3941144776000000101","","NEWT","TRAD","2026-06-30T16:13:36Z","FALSE","CR","","N","FALSE","2026-06-30T16:13:36Z","2024-09-20","2029-12-20","","FALSE","TPSE","FALSE","FALSE","","20,000,000","","USD","","","","","","","","","","","","","","","","","","","","","","","","","0.05","","","","","","","","","","","","false","","","","","","","","","","","","","","","","","","","","","","","","","USD","","","","false","1","","","","","","","","","","FALSE","","","","","","","","","QZXZSGW62G18","NA/CDS Corp Idx Tra","CDX.NA.HY"
"3940976342000000401","","NEWT","TRAD","2026-06-30T16:11:21Z","","CR","","N","FALSE","2026-06-30T16:11:21Z","2026-06-30","2026-10-21","2031-06-20","FALSE","BILT","FALSE","FALSE","TRUE","250,000,000","","USD","","","","","","","","","","","","","","","","","","","","","","","","2026-10-21","0.01","","343,750","USD","","","","","","","0.00625","","false","","","","","3","A004","","","","","","","","","MNTH","","","","3","","","","","","","","","","false","1","","","","","","","","","","FALSE","","","","","","","","","QZT4QS79CCTS","NA/CDS Idx Swt","NA/CDS Corp Idx"
"3940960441000000101","","NEWT","TRAD","2026-06-30T16:11:20Z","","CR","","N","FALSE","2026-06-30T16:11:20Z","2026-06-30","2026-07-15","2031-06-20","FALSE","BILT","FALSE","FALSE","TRUE","250,000,000","","USD","","","","","","","","","","","","","","","","","","","","","","","","2026-07-15","0.01","","18,250","USD","","","","","","","0.006","","false","","","","","3","A004","","","","","","","","","MNTH","","","","3","","","","","","","","","","false","1","","","","","","","","","","FALSE","","","","","","","","","QZT4QS79CCTS","NA/CDS Idx Swt","NA/CDS Corp Idx"
"3941257482000000101","","NEWT","TRAD","2026-06-30T16:32:03Z","","CR","","I","FALSE","2026-06-30T16:32:03Z","2026-07-01","2031-06-20","","FALSE","BBSF","FALSE","TRUE","","35,000,000","","USD","","","","","","","","","","","","","","","","","","","","","","","","","0.01","","","","","","0.0098235","","","","","","false","","","3","","","A004","","","","","","","","609000.00000","MNTH","","","","3","","","","UFRO","USD","","","","","false","1","","","","","","","","","","FALSE","","","","","","","","","QZ4JMQKL3P03","NA/CDS Corp Idx","CDX.EM"
"3941243791000000201","","NEWT","TRAD","2026-06-30T16:31:55Z","","CR","","I","TRUE","2026-06-30T16:31:55Z","2026-07-01","2031-06-20","","FALSE","BBSF","FALSE","TRUE","","56,000,000","","USD","","","","","","","","","","","","","","","","","","","","","","","","","0.05","","","","","","0.010813","","","","","","false","","","3","","","A004","","","","","","","","4576572.00000","MNTH","","","","3","","","","UFRO","USD","","","","","false","0.99","","","","","","","","","","TRUE","0.010813","","3","","","","","","QZHH8NT767RX","NA/CDS Corp Idx","CDX.NA.HY"
"3941530507000000101","","NEWT","TRAD","2026-06-30T16:53:23Z","","CR","","I","TRUE","2026-06-30T16:53:23Z","2026-07-01","2031-06-20","","FALSE","BBSF","FALSE","FALSE","","5,000,000","","USD","","","","","","","","","","","","","","","","","","","","","","","","","0.05","","","","","","0.0108155","","","","","","false","","","3","","","A004","","","","","","","","409860.00000","MNTH","","","","3","","","","UFRO","USD","","","","","false","0.99","","","","","","","","","","FALSE","","","","","","","","","QZHH8NT767RX","NA/CDS Corp Idx","CDX.NA.HY"
"3941513141000000101","","NEWT","TRAD","2026-06-30T16:43:46Z","","CR","","N","FALSE","2026-06-30T16:43:46Z","2026-07-01","2056-12-15","","FALSE","BILT","FALSE","FALSE","FALSE","10,000,000","","USD","","","","","","","","","","","","","","","","","","","","","","","","","0.005","","","","","","","","","","","","false","","","","","","A004","","","","","","","","90514.11000","MNTH","","","","1","","","","UFRO","USD","USD","","","","false","1","","","","","","","","","","FALSE","","","","","","","","","QZT2VBP540TH","NA/CDS Corp Idx","CMBX.NA.AAA"
"3943794015000000101","3943755021000000101","MODI","TRAD","2026-06-30T20:15:41Z","TRUE","CR","","I","TRUE","2026-06-30T20:14:10Z","2026-03-20","2031-06-20","","FALSE","TPSE","FALSE","FALSE","","15,000,000","","USD","","","","","","","","","","","","","","","","","","","","","","","","","0.05","","","","","","108.06","","USD","","","","false","","","1","","","A004","","","","","","","","","MNTH","","","","3","","","","","","USD","","","","false","0.99","","","","","","","OTHR","","","FALSE","","","","","","","","","QZHH8NT767RX","NA/CDS Corp Idx","CDX.NA.HY"
"3943330463000000101","","NEWT","TRAD","2026-06-30T19:59:15Z","","CR","","I","TRUE","2026-06-30T19:59:15Z","2026-07-01","2031-06-20","","FALSE","BBSF","FALSE","FALSE","","300,000","","USD","","","","","","","","","","","","","","","","","","","","","","","","","0.05","","","","","","0.01080929","","","","","","false","","","3","","","A004","","","","","","","","24407.13026","MNTH","","","","3","","","","UFRO","USD","","","","","false","0.99","","","","","","","","","","FALSE","","","","","","","","","QZHH8NT767RX","NA/CDS Corp Idx","CDX.NA.HY"
"3943651733000000101","","NEWT","TRAD","2026-06-30T20:11:37Z","","CR","","I","TRUE","2026-06-30T20:11:37Z","2026-07-01","2031-06-20","","FALSE","BBSF","FALSE","FALSE","","110,000,000","","USD","","","","","","","","","","","","","","","","","","","","","","","","","0.01","","","","","","0.00509797","","","","","","false","","","3","","","A004","","","","","","","","2440958.45897","MNTH","","","","3","","","","UFRO","USD","","","","","false","1","","","","","","","","","","FALSE","","","","","","","","","QZ3WVVQG5T8K","NA/CDS Corp Idx","CDX.NA.IG"
"3943439818000000101","","NEWT","TRAD","2026-06-30T20:04:09Z","","CR","","I","TRUE","2026-06-30T20:04:09Z","2026-07-01","2031-06-20","","FALSE","BBSF","FALSE","FALSE","","50,000,000","","USD","","","","","","","","","","","","","","","","","","","","","","","","","0.01","","","","","","0.0050982","","","","","","false","","","3","","","A004","","","","","","","","1109473.33000","MNTH","","","","3","","","","UFRO","USD","","","","","false","1","","","","","","","","","","FALSE","","","","","","","","","QZ3WVVQG5T8K","NA/CDS Corp Idx","CDX.NA.IG"
"3943419132000000401","","NEWT","TRAD","2026-06-30T20:03:40Z","","CR","","I","TRUE","2026-06-30T20:03:40Z","2026-07-01","2031-06-20","","FALSE","BBSF","FALSE","FALSE","","50,000,000","","USD","","","","","","","","","","","","","","","","","","","","","","","","","0.01","","","","","","0.0050974","","","","","","false","","","3","","","A004","","","","","","","","1109655.89000","MNTH","","","","3","","","","UFRO","USD","","","","","false","1","","","","","","","","","","FALSE","","","","","","","","","QZ3WVVQG5T8K","NA/CDS Corp Idx","CDX.NA.IG"
"3943300827000000101","","NEWT","TRAD","2026-06-30T19:53:27Z","","CR","","I","TRUE","2026-06-30T19:53:27Z","2026-07-01","2031-06-20","","FALSE","BBSF","FALSE","TRUE","","250,000,000+","","USD","","","","","","","","","","","","","","","","","","","","","","","","","0.01","","","","","","0.005082","","","","","","false","","","3","","","A004","","","","","","","","5565829.70326","MNTH","","","","3","","","","UFRO","USD","","","","","false","1","","","","","","","","","","FALSE","","","","","","","","","QZ3WVVQG5T8K","NA/CDS Corp Idx","CDX.NA.IG"
"3943594725000000101","3943568031000000101","MODI","TRAD","2026-06-30T20:09:21Z","TRUE","CR","","I","TRUE","2026-06-30T20:08:16Z","2026-03-20","2031-06-20","","FALSE","TPSE","FALSE","FALSE","","160,000,000","","USD","","","","","","","","","","","","","","","","","","","","","","","","","0.01","","","","","","0.0051","","","","","","false","","","3","","","A004","","","","","","","","","MNTH","","","","3","","","","","","USD","","","","false","1","","","","","","","OTHR","","","FALSE","","","","","","","","","QZ3WVVQG5T8K","NA/CDS Corp Idx","CDX.NA.IG"
"3943343204000000301","","NEWT","TRAD","2026-06-30T20:00:15Z","","CR","","I","TRUE","2026-06-30T20:00:15Z","2026-07-01","2031-06-20","","","TWSF","FALSE","TRUE","","53,000,000","","USD","","","","","","","","","","","","","","","","","","","","","","","","","0.05","","","","","","0.0108055","","","","","","false","","","3","","","A004","","","","","","","","4292046.00000","MNTH","","","","3","","","","UFRO","USD","","","","","false","0.99","","","","","","","","","","FALSE","","","","","","","","","QZHH8NT767RX","NA/CDS Corp Idx","CDX.NA.HY"
"3943594726000000201","","NEWT","TRAD","2026-06-30T20:09:40Z","","CR","","I","TRUE","2026-06-30T20:09:40Z","2026-07-01","2031-06-20","","FALSE","BBSF","FALSE","FALSE","","20,000,000","","USD","","","","","","","","","","","","","","","","","","","","","","","","","0.05","","","","","","0.010807","","","","","","false","","","3","","","A004","","","","","","","","1622610.00000","MNTH","","","","3","","","","UFRO","USD","","","","","false","0.99","","","","","","","","","","FALSE","","","","","","","","","QZHH8NT767RX","NA/CDS Corp Idx","CDX.NA.HY"
"3943576537000000101","","NEWT","TRAD","2026-06-30T20:08:55Z","","CR","","I","TRUE","2026-06-30T20:08:55Z","2026-07-01","2031-06-20","","FALSE","BBSF","FALSE","FALSE","","45,000,000","","USD","","","","","","","","","","","","","","","","","","","","","","","","","0.01","","","","","","0.005099","","","","","","false","","","3","","","A004","","","","","","","","998361.70000","MNTH","","","","3","","","","UFRO","USD","","","","","false","1","","","","","","","","","","FALSE","","","","","","","","","QZ3WVVQG5T8K","NA/CDS Corp Idx","CDX.NA.IG"
"3940401598000000201","","NEWT","TRAD","2026-06-30T15:35:33Z","","CR","","I","FALSE","2026-06-30T15:35:33Z","2026-07-01","2031-06-20","","","TWSF","FALSE","FALSE","","900,000","","EUR","","","","","","","","","","","","","","","","","","","","","","","","","0.05","","","","","","0.024495","","","","","","false","","","3","","","A004","","","","","","","","99636.99000","MNTH","","","","3","","","","UFRO","EUR","","","","","false","1","","","","","","","","","","FALSE","","","","","","","","","QZ3HM9KVK2WL","NA/CDS Corp Idx","ITRAXX EUROPE CROSSOVER"
"3941619116000000101","","NEWT","TRAD","2026-06-30T17:03:36Z","","CR","","I","TRUE","2026-06-30T17:03:36Z","2026-07-01","2031-06-20","","FALSE","BBSF","FALSE","FALSE","","25,000,000","","USD","","","","","","","","","","","","","","","","","","","","","","","","","0.01","","","","","","0.00506444","","","","","","false","","","3","","","A004","","","","","","","","558589.18000","MNTH","","","","3","","","","UFRO","USD","","","","","false","1","","","","","","","","","","FALSE","","","","","","","","","QZ3WVVQG5T8K","NA/CDS Corp Idx","CDX.NA.IG"
"3941623172000000101","","NEWT","TRAD","2026-06-30T17:04:20Z","","CR","","I","TRUE","2026-06-30T17:04:20Z","2026-07-01","2031-06-20","","","TWSF","FALSE","FALSE","","150,000,000","","USD","","","","","","","","","","","","","","","","","","","","","","","","","0.01","","","","","","0.005062","","","","","","false","","","3","","","A004","","","","","","","","3353205.99000","MNTH","","","","3","","","","UFRO","USD","","","","","false","1","","","","","","","","","","FALSE","","","","","","","","","QZ3WVVQG5T8K","NA/CDS Corp Idx","CDX.NA.IG"
"3941743170000000101","","NEWT","TRAD","2026-06-30T17:30:06Z","","CR","","I","TRUE","2026-06-30T17:30:06Z","2026-07-01","2031-06-20","","FALSE","BBSF","FALSE","FALSE","","4,000,000","","USD","","","","","","","","","","","","","","","","","","","","","","","","","0.01","","","","","","0.00507707","","","","","","false","","","3","","","A004","","","","","","","","89143.65000","MNTH","","","","3","","","","UFRO","USD","","","","","false","1","","","","","","","","","","FALSE","","","","","","","","","QZ3WVVQG5T8K","NA/CDS Corp Idx","CDX.NA.IG"
"3941722404000000101","","NEWT","TRAD","2026-06-30T17:20:25Z","FALSE","CR","","I","TRUE","2026-06-30T17:20:25Z","2026-06-30","2026-07-08","","","BILT","FALSE","FALSE","TRUE","350,079,993+","","EUR","","","","","","","","","","","","","","","","","","","","","","","","2026-07-08","","","7,779,360.42784","EUR","","","0.01","","","","0.01","","false","","","3","","3","","","","","","","","","","","","","","","","","","","","","","","","false","1","","","","","","","","","","FALSE","","","","","","","","","QZ2L66CGCV9J","NA/CDS Idx Swt","NA/CDS Corp Idx"
"3941756872000000101","","NEWT","TRAD","2026-06-30T17:26:39Z","","CR","","N","FALSE","2026-06-30T17:26:39Z","2026-07-01","2056-12-15","","FALSE","BILT","FALSE","FALSE","FALSE","5,000,000","","USD","","","","","","","","","","","","","","","","","","","","","","","","","0.005","","","","","","","","","","","","false","","","","","","A004","","","","","","","","45257.06000","MNTH","","","","1","","","","UFRO","USD","USD","","","","false","1","","","","","","","","","","FALSE","","","","","","","","","QZT2VBP540TH","NA/CDS Corp Idx","CMBX.NA.AAA"
"3941918900000000101","3938285983000000301","MODI","TRAD","2026-06-30T17:49:49Z","TRUE","CR","","N","FALSE","2026-06-30T12:34:54Z","2026-03-20","2031-06-20","2031-06-20","TRUE","BILT","FALSE","TRUE","TRUE","350,079,993+","","EUR","","","","","","","","","","","","","","","","","","","","","","","","2026-10-21","0.01","","337,827.2","EUR","","","","","","","0.0075","","false","","","","","3","A004","","","","","","","","","MNTH","","","","3","","","","","","","","","","false","1","","","","","","","","","","FALSE","","","","","","","","","QZX75BBR2PZH","NA/CDS Idx Swt","NA/CDS Corp Idx"
"3942087631000000101","","NEWT","TRAD","2026-06-30T18:32:25Z","","CR","","I","TRUE","2026-06-30T18:32:25Z","2026-07-01","2031-06-20","","","TWSF","FALSE","FALSE","","100,000,000","","USD","","","","","","","","","","","","","","","","","","","","","","","","","0.01","","","","","","0.005086","","","","","","false","","","3","","","A004","","","","","","","","2224514.99000","MNTH","","","","3","","","","UFRO","USD","","","","","false","1","","","","","","","","","","FALSE","","","","","","","","","QZ3WVVQG5T8K","NA/CDS Corp Idx","CDX.NA.IG"
"3938608368000000201","","NEWT","TRAD","2026-06-30T12:57:03Z","","CR","","I","TRUE","2026-06-30T12:57:03Z","2026-03-20","2031-06-20","","FALSE","BGCD","FALSE","FALSE","","10,000,000","","EUR","","","","","","","","","","","","","","","","","","","","","","","","","","","","","","","0.0242875","","","","","","false","","","3","","","A004","","","","","","","","","MNTH","","","","3","","","","","","","","","","false","1","","","","","","","","","","TRUE","","","","-0.0014","","3","","","QZ3HM9KVK2WL","NA/CDS Corp Idx","ITRAXX EUROPE CROSSOVER"
"3929086434000000101","","NEWT","TRAD","2026-06-30T08:07:45Z","","CR","","N","FALSE","2026-06-30T08:07:45Z","2026-07-01","2026-09-16","2031-06-20","FALSE","BILT","FALSE","FALSE","TRUE","100,000,000","","EUR","","","","","","","","","","","","","","","","","","","","","","","","2026-09-16","0.05","","220,000","EUR","","","","","","","350","EUR","false","","","","","1","A004","","","","","","","","","MNTH","","","","3","","","","","","","","","","false","","","","","","","","","","","FALSE","","","","","","","","","QZTL0V3X916X","NA/CDS Idx Swt","NA/CDS Corp Idx"
"3940187055000000501","","NEWT","TRAD","2026-06-30T15:07:35Z","","CR","","I","TRUE","2026-06-30T15:07:35Z","2026-07-01","2031-06-20","","FALSE","BBSF","FALSE","FALSE","","17,000,000","","EUR","","","","","","","","","","","","","","","","","","","","","","","","","0.05","","","","","","0.024475","","","","","","false","","","3","","","A004","","","","","","","","1883638.68000","MNTH","","","","3","","","","UFRO","EUR","","","","","false","1","","","","","","","","","","TRUE","","","","0.024475","","3","","","QZ3HM9KVK2WL","NA/CDS Corp Idx","ITRAXX EUROPE CROSSOVER"
"3939319650000000101","","NEWT","TRAD","2026-06-30T13:46:01Z","","CR","","I","TRUE","2026-06-30T13:46:01Z","2026-03-20","2031-06-20","","FALSE","TPSE","FALSE","FALSE","","15,000,000","","USD","","","","","","","","","","","","","","","","","","","","","","","","","0.05","","","","","","108.115","","USD","","","","false","","","1","","","A004","","","","","","","","","MNTH","","","","3","","","","","","USD","","","","false","0.99","","","","","","","OTHR","","","FALSE","","","","","","","","","QZHH8NT767RX","NA/CDS Corp Idx","CDX.NA.HY"
"3938826822000000201","","NEWT","TRAD","2026-06-30T12:52:53Z","FALSE","CR","","N","FALSE","2026-06-30T12:52:53Z","2026-07-01","2029-12-20","","FALSE","BILT","FALSE","FALSE","TRUE","25,000,000","","EUR","","","","","","","","","","","","","","","","","","","","","","","","","0.05","","","","","","","","","","","","false","","","","","","A004","","","","","","","","2108750.00000","MNTH","","","","3","","","","UFRO","EUR","","","","","false","1","","","","","","","","","","FALSE","","","","","","","","","QZX67T7KBNBB","NA/CDS Corp Idx Tra","ITRAXX EUROPE CROSSOVER"
"3938868758000000101","","NEWT","TRAD","2026-06-30T13:18:01Z","","CR","","I","TRUE","2026-06-30T13:18:01Z","2026-07-01","2031-06-20","","","TWSF","FALSE","FALSE","","100,000,000","","USD","","","","","","","","","","","","","","","","","","","","","","","","","0.01","","","","","","0.0050799","","","","","","false","","","3","","","A004","","","","","","","","2227299.36000","MNTH","","","","3","","","","UFRO","USD","","","","","false","1","","","","","","","","","","FALSE","","","","","","","","","QZ3WVVQG5T8K","NA/CDS Corp Idx","CDX.NA.IG"
"3938643515000000101","","NEWT","TRAD","2026-06-30T13:00:01Z","","CR","","I","FALSE","2026-06-30T13:00:01Z","2026-07-01","2029-12-20","","FALSE","BBSF","FALSE","TRUE","","100,000","","USD","","","","","","","","","","","","","","","","","","","","","","","","","0.01","","","","","","0.010043","","","","","","false","","","3","","","A004","","","","","","","","455.00000","MNTH","","","","3","","","","UFRO","USD","","","","","false","1","","","","","","","","","","FALSE","","","","","","","","","QZVLS6MCBCBB","NA/CDS Corp Idx","CDX.EM"
"3938861086000000101","","NEWT","TRAD","2026-06-30T13:17:24Z","","CR","","I","TRUE","2026-06-30T13:17:24Z","2026-07-01","2031-06-20","","FALSE","BBSF","FALSE","FALSE","","25,000,000","","EUR","","","","","","","","","","","","","","","","","","","","","","","","","0.01","","","","","","0.0051486","","","","","","false","","","3","","","A004","","","","","","","","568812.68000","MNTH","","","","3","","","","UFRO","EUR","","","","","false","1","","","","","","","","","","FALSE","","","","","","","","","QZTQ4GTC5QMF","NA/CDS Corp Idx","ITRAXX EUROPE"
"3938836761000000101","","NEWT","TRAD","2026-06-30T13:15:45Z","","CR","","I","TRUE","2026-06-30T13:15:45Z","2026-07-01","2031-06-20","","","TWSF","FALSE","FALSE","","30,000,000","","USD","","","","","","","","","","","","","","","","","","","","","","","","","0.01","","","","","","0.0050777","","","","","","false","","","3","","","A004","","","","","","","","668491.08000","MNTH","","","","3","","","","UFRO","USD","","","","","false","1","","","","","","","","","","FALSE","","","","","","","","","QZ3WVVQG5T8K","NA/CDS Corp Idx","CDX.NA.IG"
"3938911964000000101","","NEWT","TRAD","2026-06-30T13:21:31Z","","CR","","I","TRUE","2026-06-30T13:21:31Z","2026-07-01","2031-06-20","","FALSE","BBSF","FALSE","FALSE","","5,000,000","","USD","","","","","","","","","","","","","","","","","","","","","","","","","0.05","","","","","","0.010811781","","","","","","false","","","3","","","A004","","","","","","","","408019.10000","MNTH","","","","3","","","","UFRO","USD","","","","","false","0.99","","","","","","","","","","FALSE","","","","","","","","","QZHH8NT767RX","NA/CDS Corp Idx","CDX.NA.HY"
"3938911965000000201","","NEWT","TRAD","2026-06-30T13:21:32Z","","CR","","I","FALSE","2026-06-30T13:21:32Z","2026-07-01","2030-12-20","","FALSE","BBSF","FALSE","FALSE","","14,000,000","","EUR","","","","","","","","","","","","","","","","","","","","","","","","","0.01","","","","","","0.0047925","","","","","","false","","","3","","","A004","","","","","","","","310665.96907","MNTH","","","","3","","","","UFRO","EUR","","","","","false","1","","","","","","","","","","TRUE","","","","0.0006475","","3","","","QZ6ZQJVF8F9P","NA/CDS Corp Idx","ITRAXX EUROPE SENIOR FINANCIALS"
"3940136520000000201","","NEWT","TRAD","2026-06-30T15:01:23Z","","CR","","I","TRUE","2026-06-30T15:01:23Z","2026-07-01","2031-06-20","","FALSE","BBSF","FALSE","FALSE","","100,000,000","","EUR","","","","","","","","","","","","","","","","","","","","","","","","","0.01","","","","","","0.005164","","","","","","false","","","3","","","A004","","","","","","","","2267967.01000","MNTH","","","","3","","","","UFRO","EUR","","","","","false","1","","","","","","","","","","FALSE","","","","","","","","","QZTQ4GTC5QMF","NA/CDS Corp Idx","ITRAXX EUROPE"
"3940171393000000201","","NEWT","TRAD","2026-06-30T15:05:18Z","","CR","","I","TRUE","2026-06-30T15:05:18Z","2026-07-01","2031-06-20","","FALSE","BBSF","FALSE","FALSE","","10,000,000","","EUR","","","","","","","","","","","","","","","","","","","","","","","","","0.05","","","","","","0.024431","","","","","","false","","","3","","","A004","","","","","","","","1110102.45000","MNTH","","","","3","","","","UFRO","EUR","","","","","false","1","","","","","","","","","","FALSE","","","","","","","","","QZ3HM9KVK2WL","NA/CDS Corp Idx","ITRAXX EUROPE CROSSOVER"
"3939301289000000301","","NEWT","TRAD","2026-06-30T13:44:38Z","","CR","","I","TRUE","2026-06-30T13:44:38Z","2026-07-01","2031-06-20","","","TWSF","FALSE","FALSE","","12,000,000","","USD","","","","","","","","","","","","","","","","","","","","","","","","","0.01","","","","","","0.0050797","","","","","","false","","","3","","","A004","","","","","","","","267286.70763","MNTH","","","","3","","","","UFRO","USD","","","","","false","1","","","","","","","","","","FALSE","","","","","","","","","QZ3WVVQG5T8K","NA/CDS Corp Idx","CDX.NA.IG"
"3940182820000000101","","NEWT","TRAD","2026-06-30T15:06:29Z","","CR","","I","TRUE","2026-06-30T15:06:29Z","2026-07-01","2031-06-20","","FALSE","BBSF","FALSE","FALSE","","450,000","","USD","","","","","","","","","","","","","","","","","","","","","","","","","0.01","","","","","","0.0050722","","","","","","false","","","3","","","A004","","","","","","","","10038.66000","MNTH","","","","3","","","","UFRO","USD","","","","","false","1","","","","","","","","","","FALSE","","","","","","","","","QZ3WVVQG5T8K","NA/CDS Corp Idx","CDX.NA.IG"
"3940738159000000101","","NEWT","TRAD","2026-06-30T16:01:48Z","","CR","","I","TRUE","2026-06-30T16:01:48Z","2026-07-01","2031-06-20","","","TWSF","FALSE","FALSE","","2,000,000","","EUR","","","","","","","","","","","","","","","","","","","","","","","","","0.05","","","","","","0.02446","","","","","","false","","","3","","","A004","","","","","","","","221746.67873","MNTH","","","","3","","","","UFRO","EUR","","","","","false","1","","","","","","","","","","FALSE","","","","","","","","","QZ3HM9KVK2WL","NA/CDS Corp Idx","ITRAXX EUROPE CROSSOVER"
"3940750589000000701","","NEWT","TRAD","2026-06-30T16:02:59Z","","CR","","I","TRUE","2026-06-30T16:02:59Z","2026-07-01","2031-06-20","","FALSE","BBSF","FALSE","FALSE","","5,000,000","","EUR","","","","","","","","","","","","","","","","","","","","","","","","","0.01","","","","","","0.0051584","","","","","","false","","","3","","","A004","","","","","","","","113530.78000","MNTH","","","","3","","","","UFRO","EUR","","","","","false","1","","","","","","","","","","FALSE","","","","","","","","","QZTQ4GTC5QMF","NA/CDS Corp Idx","ITRAXX EUROPE"
"3940654019000000601","","NEWT","TRAD","2026-06-30T15:57:51Z","","CR","","I","TRUE","2026-06-30T15:57:51Z","2026-07-01","2027-12-20","","FALSE","BBSF","FALSE","TRUE","","49,000,000","","EUR","","","","","","","","","","","","","","","","","","","","","","","","","0.05","","","","","","0.0111325","","","","","","false","","","3","","","A004","","","","","","","","2661811.46900","MNTH","","","","3","","","","UFRO","EUR","","","","","false","0.94665","","","","","","","","","","FALSE","","","","","","","","","QZPZWK3GVJC1","NA/CDS Corp Idx","ITRAXX EUROPE CROSSOVER"
"3940708228000000201","","NEWT","TRAD","2026-06-30T16:00:36Z","","CR","","I","FALSE","2026-06-30T16:00:36Z","2026-07-01","2031-06-20","","FALSE","BBSF","FALSE","TRUE","","48,000,000","","USD","","","","","","","","","","","","","","","","","","","","","","","","","0.01","","","","","","0.0098225","","","","","","false","","","3","","","A004","","","","","","","","840003.06250","MNTH","","","","3","","","","UFRO","USD","","","","","false","1","","","","","","","","","","FALSE","","","","","","","","","QZ4JMQKL3P03","NA/CDS Corp Idx","CDX.EM"
"3940950808000000301","","NEWT","TRAD","2026-06-30T16:11:47Z","","CR","","I","TRUE","2026-06-30T16:11:47Z","2026-03-20","2031-06-20","","FALSE","BGCD","FALSE","FALSE","","40,000,000","","EUR","","","","","","","","","","","","","","","","","","","","","","","","","","","","","","","0.00515","","","","","","false","","","3","","","A004","","","","","","","","","MNTH","","","","3","","","","","","","","","","false","1","","","","","","","","","","TRUE","","","","0.0038125","","3","","","QZTQ4GTC5QMF","NA/CDS Corp Idx","ITRAXX EUROPE"
"3940950811000000601","","NEWT","TRAD","2026-06-30T16:11:53Z","","CR","","I","TRUE","2026-06-30T16:11:53Z","2026-07-01","2031-06-20","","FALSE","BBSF","FALSE","FALSE","","640,000","","EUR","","","","","","","","","","","","","","","","","","","","","","","","","0.05","","","","","","0.0244375","","","","","","false","","","3","","","A004","","","","","","","","71026.93688","MNTH","","","","3","","","","UFRO","EUR","","","","","false","1","","","","","","","","","","FALSE","","","","","","","","","QZ3HM9KVK2WL","NA/CDS Corp Idx","ITRAXX EUROPE CROSSOVER"
"3942507427000000101","","NEWT","NOVA","2026-06-30T19:02:36Z","","CR","","I","TRUE","2026-06-30T19:02:36Z","2026-03-20","2031-06-20","2031-06-20","FALSE","BILT","FALSE","FALSE","FALSE","18,000,000","","USD","","","","","","","","","","","","","","","","","","","","","","","","","0.01","","","","","","","","","","","","false","","","","","","A004","","","","","","","","","MNTH","","","","3","","","","","","","","","","false","1","","","","","","","","","","FALSE","","","","","","","","","QZ3WVVQG5T8K","NA/CDS Corp Idx","CDX.NA.IG"
"3942873881000000101","","NEWT","TRAD","2026-06-30T19:20:13Z","","CR","","I","TRUE","2026-06-30T19:20:13Z","2026-07-01","2031-06-20","","FALSE","BBSF","FALSE","FALSE","","17,000,000","","USD","","","","","","","","","","","","","","","","","","","","","","","","","0.05","","","","","","0.0108105","","","","","","false","","","3","","","A004","","","","","","","","1385109.00000","MNTH","","","","3","","","","UFRO","USD","","","","","false","0.99","","","","","","","","","","FALSE","","","","","","","","","QZHH8NT767RX","NA/CDS Corp Idx","CDX.NA.HY"
"3939677133000000201","","NEWT","TRAD","2026-06-30T14:13:47Z","","CR","","I","TRUE","2026-06-30T14:13:47Z","2026-07-01","2031-06-20","","FALSE","BBSF","FALSE","FALSE","","25,000,000","","USD","","","","","","","","","","","","","","","","","","","","","","","","","0.05","","","","","","0.010812","","","","","","false","","","3","","","A004","","","","","","","","2040637.50000","MNTH","","","","3","","","","UFRO","USD","","","","","false","0.99","","","","","","","","","","FALSE","","","","","","","","","QZHH8NT767RX","NA/CDS Corp Idx","CDX.NA.HY"
"3939243612000000101","3939237444000000402","MODI","TRAD","2026-06-30T13:40:48Z","TRUE","CR","","I","TRUE","2026-06-30T13:40:29Z","2026-03-20","2031-06-20","","FALSE","TPSE","FALSE","FALSE","","100,000,000","","USD","","","","","","","","","","","","","","","","","","","","","","","","","0.01","","","","","","0.00508","","","","","","false","","","3","","","A004","","","","","","","","","MNTH","","","","3","","","","","","USD","","","","false","1","","","","","","","OTHR","","","FALSE","","","","","","","","","QZ3WVVQG5T8K","NA/CDS Corp Idx","CDX.NA.IG"
"3939465263000000201","","NEWT","TRAD","2026-06-30T13:55:40Z","","CR","","I","FALSE","2026-06-30T13:55:40Z","2026-07-01","2031-06-20","","","TWSF","FALSE","FALSE","","32,000,000","","USD","","","","","","","","","","","","","","","","","","","","","","","","","0.01","","","","","","0.0050585","","","","","","false","","","3","","","A004","","","","","","","","715860.43553","MNTH","","","","3","","","","UFRO","USD","","","","","false","1","","","","","","","","","","FALSE","","","","","","","","","QZ3WVVQG5T8K","NA/CDS Corp Idx","CDX.NA.IG"
"3939465262000000101","","NEWT","TRAD","2026-06-30T13:55:31Z","","CR","","I","FALSE","2026-06-30T13:55:31Z","2026-07-01","2031-06-20","","","TWSF","FALSE","FALSE","","7,000,000","","USD","","","","","","","","","","","","","","","","","","","","","","","","","0.05","","","","","","0.01081625","","","","","","false","","","3","","","A004","","","","","","","","574321.29341","MNTH","","","","3","","","","UFRO","USD","","","","","false","0.99","","","","","","","","","","FALSE","","","","","","","","","QZHH8NT767RX","NA/CDS Corp Idx","CDX.NA.HY"
"3939085019000000401","","NEWT","TRAD","2026-06-30T13:30:46Z","","CR","","I","TRUE","2026-06-30T13:30:46Z","2026-07-01","2031-06-20","","","TWSF","FALSE","FALSE","","32,000,000","","EUR","","","","","","","","","","","","","","","","","","","","","","","","","0.01","","","","","","0.0051505","","","","","","false","","","3","","","A004","","","","","","","","727792.66000","MNTH","","","","3","","","","UFRO","EUR","","","","","false","1","","","","","","","","","","FALSE","","","","","","","","","QZTQ4GTC5QMF","NA/CDS Corp Idx","ITRAXX EUROPE"
"3939085016000000101","","NEWT","TRAD","2026-06-30T13:30:11Z","","CR","","I","TRUE","2026-06-30T13:30:11Z","2026-07-01","2031-06-20","","","TWSF","FALSE","FALSE","","39,000,000","","USD","","","","","","","","","","","","","","","","","","","","","","","","","0.05","","","","","","0.01081225","","","","","","false","","","3","","","A004","","","","","","","","3184351.90659","MNTH","","","","3","","","","UFRO","USD","","","","","false","0.99","","","","","","","","","","FALSE","","","","","","","","","QZHH8NT767RX","NA/CDS Corp Idx","CDX.NA.HY"
"3939376864000000201","","NEWT","TRAD","2026-06-30T13:50:15Z","","CR","","I","TRUE","2026-06-30T13:50:15Z","2026-03-20","2031-06-20","","FALSE","TPSE","FALSE","FALSE","","15,000,000","","USD","","","","","","","","","","","","","","","","","","","","","","","","","0.05","","","","","","108.127","","USD","","","","false","","","1","","","A004","","","","","","","","","MNTH","","","","3","","","","","","USD","","","","false","0.99","","","","","","","OTHR","","","FALSE","","","","","","","","","QZHH8NT767RX","NA/CDS Corp Idx","CDX.NA.HY"
"3939204017000000301","","NEWT","TRAD","2026-06-30T13:38:21Z","","CR","","I","TRUE","2026-06-30T13:38:21Z","2026-07-01","2031-06-20","","","TWSF","FALSE","TRUE","","76,000,000+","","USD","","","","","","","","","","","","","","","","","","","","","","","","","0.05","","","","","","0.01081","","","","","","false","","","3","","","A004","","","","","","","","6188448.08112","MNTH","","","","3","","","","UFRO","USD","","","","","false","0.99","","","","","","","","","","FALSE","","","","","","","","","QZHH8NT767RX","NA/CDS Corp Idx","CDX.NA.HY"
"3939379557000000101","3939376864000000201","MODI","TRAD","2026-06-30T13:50:39Z","TRUE","CR","","I","TRUE","2026-06-30T13:50:15Z","2026-03-20","2031-06-20","","FALSE","TPSE","FALSE","FALSE","","15,000,000","","USD","","","","","","","","","","","","","","","","","","","","","","","","","0.05","","","","","","108.127","","USD","","","","false","","","1","","","A004","","","","","","","","","MNTH","","","","3","","","","","","USD","","","","false","0.99","","","","","","","OTHR","","","FALSE","","","","","","","","","QZHH8NT767RX","NA/CDS Corp Idx","CDX.NA.HY"
"3939379558000000201","","NEWT","TRAD","2026-06-30T13:51:00Z","","CR","","I","TRUE","2026-06-30T13:51:00Z","2026-07-01","2031-06-20","","FALSE","BBSF","FALSE","FALSE","","10,000,000","","EUR","","","","","","","","","","","","","","","","","","","","","","","","","0.05","","","","","","0.02436653","","","","","","false","","","3","","","A004","","","","","","","","1113150.94000","MNTH","","","","3","","","","UFRO","EUR","","","","","false","1","","","","","","","","","","FALSE","","","","","","","","","QZ3HM9KVK2WL","NA/CDS Corp Idx","ITRAXX EUROPE CROSSOVER"
"3942594686000000201","","NEWT","TRAD","2026-06-30T19:06:43Z","","CR","","I","TRUE","2026-06-30T19:06:43Z","2026-07-01","2031-06-20","","FALSE","BBSF","FALSE","TRUE","","76,000,000+","","USD","","","","","","","","","","","","","","","","","","","","","","","","","0.05","","","","","","0.010813","","","","","","false","","","3","","","A004","","","","","","","","6211149.44522","MNTH","","","","3","","","","UFRO","USD","","","","","false","0.99","","","","","","","","","","TRUE","","","","-0.000006","","3","","","QZHH8NT767RX","NA/CDS Corp Idx","CDX.NA.HY"
"3939711833000000201","","NEWT","TRAD","2026-06-30T14:16:40Z","","CR","","I","TRUE","2026-06-30T14:16:40Z","2026-07-01","2031-06-20","","FALSE","BBSF","FALSE","FALSE","","1,000,000","","EUR","","","","","","","","","","","","","","","","","","","","","","","","","0.05","","","","","","0.02441137","","","","","","false","","","3","","","A004","","","","","","","","111102.94274","MNTH","","","","3","","","","UFRO","EUR","","","","","false","1","","","","","","","","","","FALSE","","","","","","","","","QZ3HM9KVK2WL","NA/CDS Corp Idx","ITRAXX EUROPE CROSSOVER"
"3939621864000000101","","NEWT","TRAD","2026-06-30T14:06:44Z","","CR","","I","TRUE","2026-06-30T14:06:44Z","2026-07-01","2031-06-20","","FALSE","BBSF","FALSE","FALSE","","50,000,000","","USD","","","","","","","","","","","","","","","","","","","","","","","","","0.01","","","","","","0.00507","","","","","","false","","","3","","","A004","","","","","","","","1115909.27000","MNTH","","","","3","","","","UFRO","USD","","","","","false","1","","","","","","","","","","FALSE","","","","","","","","","QZ3WVVQG5T8K","NA/CDS Corp Idx","CDX.NA.IG"
"3939588073000000101","","NEWT","TRAD","2026-06-30T14:03:01Z","","CR","","I","FALSE","2026-06-30T14:03:01Z","2026-07-01","2031-06-20","","","TWSF","FALSE","FALSE","","50,000,000","","EUR","","","","","","","","","","","","","","","","","","","","","","","","","0.01","","","","","","0.0051539","","","","","","false","","","3","","","A004","","","","","","","","1136371.95000","MNTH","","","","3","","","","UFRO","EUR","","","","","false","1","","","","","","","","","","FALSE","","","","","","","","","QZTQ4GTC5QMF","NA/CDS Corp Idx","ITRAXX EUROPE"
"3939594326000000101","","NEWT","TRAD","2026-06-30T14:03:42Z","","CR","","I","TRUE","2026-06-30T14:03:42Z","2026-07-01","2031-06-20","","FALSE","BBSF","FALSE","FALSE","","100,000,000","","EUR","","","","","","","","","","","","","","","","","","","","","","","","","0.01","","","","","","0.0051575","","","","","","false","","","3","","","A004","","","","","","","","2271041.20000","MNTH","","","","3","","","","UFRO","EUR","","","","","false","1","","","","","","","","","","FALSE","","","","","","","","","QZTQ4GTC5QMF","NA/CDS Corp Idx","ITRAXX EUROPE"
"3939594329000000401","","NEWT","TRAD","2026-06-30T14:04:00Z","","CR","","I","TRUE","2026-06-30T14:04:00Z","2026-07-01","2031-06-20","","FALSE","BBSF","FALSE","FALSE","","25,000,000","","USD","","","","","","","","","","","","","","","","","","","","","","","","","0.01","","","","","","0.005065","","","","","","false","","","3","","","A004","","","","","","","","558525.27000","MNTH","","","","3","","","","UFRO","USD","","","","","false","1","","","","","","","","","","FALSE","","","","","","","","","QZ3WVVQG5T8K","NA/CDS Corp Idx","CDX.NA.IG"
"3939558879000000101","","NEWT","TRAD","2026-06-30T14:01:10Z","","CR","","I","TRUE","2026-06-30T14:01:10Z","2026-07-01","2031-06-20","","","TWSF","FALSE","FALSE","","4,000,000","","USD","","","","","","","","","","","","","","","","","","","","","","","","","0.05","","","","","","0.01081485","","","","","","false","","","3","","","A004","","","","","","","","327631.06090","MNTH","","","","3","","","","UFRO","USD","","","","","false","0.99","","","","","","","","","","FALSE","","","","","","","","","QZHH8NT767RX","NA/CDS Corp Idx","CDX.NA.HY"
"3939582244000000301","","NEWT","TRAD","2026-06-30T14:02:48Z","","CR","","I","TRUE","2026-06-30T14:02:48Z","2026-07-01","2031-06-20","","FALSE","BBSF","FALSE","FALSE","","50,000,000","","USD","","","","","","","","","","","","","","","","","","","","","","","","","0.01","","","","","","0.00506666","","","","","","false","","","3","","","A004","","","","","","","","1116671.63000","MNTH","","","","3","","","","UFRO","USD","","","","","false","1","","","","","","","","","","FALSE","","","","","","","","","QZ3WVVQG5T8K","NA/CDS Corp Idx","CDX.NA.IG"
"3939064471000000201","","NEWT","TRAD","2026-06-30T13:29:42Z","","CR","","I","TRUE","2026-06-30T13:29:42Z","2026-07-01","2031-06-20","","","TWSF","FALSE","FALSE","","10,000,000","","EUR","","","","","","","","","","","","","","","","","","","","","","","","","0.05","","","","","","0.0243542","","","","","","false","","","3","","","A004","","","","","","","","1113734.15000","MNTH","","","","3","","","","UFRO","EUR","","","","","false","1","","","","","","","","","","FALSE","","","","","","","","","QZ3HM9KVK2WL","NA/CDS Corp Idx","ITRAXX EUROPE CROSSOVER"
"3939301287000000101","","NEWT","TRAD","2026-06-30T13:44:12Z","","CR","","I","TRUE","2026-06-30T13:44:12Z","2026-07-01","2031-06-20","","","TWSF","FALSE","FALSE","","6,000,000","","USD","","","","","","","","","","","","","","","","","","","","","","","","","0.05","","","","","","0.0108115","","","","","","false","","","3","","","A004","","","","","","","","489456.53840","MNTH","","","","3","","","","UFRO","USD","","","","","false","0.99","","","","","","","","","","FALSE","","","","","","","","","QZHH8NT767RX","NA/CDS Corp Idx","CDX.NA.HY"
"3945487364000000201","3943419130000000201","MODI","TRAD","2026-06-30T20:00:08Z","FALSE","CR","","N","FALSE","2026-06-30T20:00:08Z","2026-03-20","2031-06-20","","FALSE","BILT","FALSE","FALSE","TRUE","38,000,000","","USD","","","","","","","","","","","","","","","","","","","","","","","","","0.01","","","","","","","","","","","","false","","","","","","A004","","","","","","","","657398.35650","MNTH","","","","3","","","","UFRO","USD","","","","","false","1","","","","","","","","","","FALSE","","","","","","","","","QZ39BZSFH68L","NA/CDS Sov Idx","CDX.EM"
"3929115812000000101","","NEWT","TRAD","2026-06-30T08:08:31Z","","CR","","I","TRUE","2026-06-30T08:08:31Z","2026-07-01","2031-06-20","","","TWSF","FALSE","TRUE","","47,260,799+","","EUR","","","","","","","","","","","","","","","","","","","","","","","","","0.05","","","","","","0.0244","","","","","","false","","","3","","","A004","","","","","","","","5253409.19134","MNTH","","","","3","","","","UFRO","EUR","","","","","false","1","","","","","","","","","","FALSE","","","","","","","","","QZ3HM9KVK2WL","NA/CDS Corp Idx","ITRAXX EUROPE CROSSOVER"
"3928096894000000101","","NEWT","TRAD","2026-06-30T07:48:17Z","","CR","","I","TRUE","2026-06-30T07:48:17Z","2026-07-01","2028-06-20","","FALSE","BBSF","FALSE","TRUE","","75,000,000","","EUR","","","","","","","","","","","","","","","","","","","","","","","","","0.05","","","","","","0.0119863","","","","","","false","","","3","","","A004","","","","","","","","5249725.98000","MNTH","","","","3","","","","UFRO","EUR","","","","","false","0.94665","","","","","","","","","","TRUE","","","","0.01265","","3","","","QZ6FM8459K9M","NA/CDS Corp Idx","ITRAXX EUROPE CROSSOVER"
"3928970204000000101","","NEWT","TRAD","2026-06-30T08:04:37Z","","CR","","I","TRUE","2026-06-30T08:04:37Z","2026-07-01","2031-06-20","","FALSE","BBSF","FALSE","FALSE","","50,000,000","","EUR","","","","","","","","","","","","","","","","","","","","","","","","","0.01","","","","","","0.0051614","","","","","","false","","","3","","","A004","","","","","","","","1134598.33000","MNTH","","","","3","","","","UFRO","EUR","","","","","false","1","","","","","","","","","","FALSE","","","","","","","","","QZTQ4GTC5QMF","NA/CDS Corp Idx","ITRAXX EUROPE"
"3948228306000000101","2844847767000000101","MODI","TRAD","2026-06-30T22:42:57Z","TRUE","CR","","N","FALSE","2024-04-18T20:11:38Z","2024-04-18","2026-09-08","","FALSE","BILT","FALSE","FALSE","TRUE","45,000,000","","USD","","","","","","","","","","","","","","","","","","","","","","","","","","","","","","","","","","","","","false","","","","","","","","","","","","","","0.00000","","","","","","","","","UFRO","USD","USD","","","","true","","","","","","","","","","","FALSE","","","","","","","","","QZRR0D5S3SHF","NA/CDS Corp Basket","Basket"
"3948644189000000101","2436088070000000201","MODI","TRAD","2026-06-30T22:57:42Z","TRUE","CR","","N","FALSE","2024-06-03T15:10:26Z","2024-06-05","2026-12-07","","FALSE","BILT","FALSE","FALSE","TRUE","20,000,000","","USD","","","","","","","","","","","","","","","","","","","","","","","","","","","","","","","","","","","","","false","","","","","","","","","","","","","","0.00000","","","","","","","","","UFRO","USD","USD","","","","true","","","","","","","","","","","FALSE","","","","","","","","","QZRR0D5S3SHF","NA/CDS Corp Basket","Basket"
"3948662173000000601","2429530657000000501","MODI","TRAD","2026-06-30T22:58:32Z","TRUE","CR","","N","FALSE","2024-06-05T18:12:38Z","2024-06-05","2026-12-07","","FALSE","BILT","FALSE","FALSE","TRUE","13,000,000","","USD","","","","","","","","","","","","","","","","","","","","","","","","","","","","","","","","","","","","","false","","","","","","","","","","","","","","0.00000","","","","","","","","","UFRO","USD","USD","","","","true","","","","","","","","","","","FALSE","","","","","","","","","QZRR0D5S3SHF","NA/CDS Corp Basket","Basket"
"3947571406000000101","","NEWT","TRAD","2026-06-15T20:40:09Z","FALSE","CR","","I","FALSE","2026-06-15T20:40:09Z","2026-06-15","2026-09-16","","","BILT","FALSE","FALSE","TRUE","250,000,000","","USD","","","","","","","","","","","","","","","","","","","","","","","","2026-09-16","","","0","","","","0.0055","","","","0.0055","","false","","","3","","3","","","","","","","","","","","","","","","","","","","","","","","","false","1","","","","","","","","","","FALSE","","","","","","","","","QZ7WW76RFHN3","NA/CDS Idx Swt","NA/CDS Corp Idx"
"3946232564000000101","","NEWT","TRAD","2026-06-30T21:23:36Z","","CR","","N","FALSE","2026-06-30T21:23:36Z","2026-07-01","2026-07-15","2030-12-20","FALSE","BILT","FALSE","FALSE","TRUE","400,000,000+","","USD","","","","","","","","","","","","","","","","","","","","","","","","2026-07-15","0.01","","8,527,114.728","USD","","","","","","","100","USD","false","","","","","1","A004","","","","","","","","","MNTH","","","","3","","","","","","","","","","false","","","","","","","","","","","FALSE","","","","","","","","","QZQ2824N5GVM","NA/CDS Idx Swt","NA/CDS Corp Idx"
"3947344419000000101","3920960212000000201","MODI","TRAD","2026-06-30T22:10:11Z","TRUE","CR","","N","FALSE","2026-06-29T18:44:41Z","2026-03-20","2031-06-20","2031-06-20","TRUE","BILT","FALSE","TRUE","TRUE","200,000,000","","USD","","","","","","","","","","","","","","","","","","","","","","","","2026-08-19","0.05","","673,200","USD","","","","","","","106","USD","false","","","","","1","A004","","","","","","","","","MNTH","","","","3","","","","","","","","","","false","0.99","","","","","","","","","","FALSE","","","","","","","","","QZX75BBR2PZH","NA/CDS Idx Swt","NA/CDS Corp Idx"
"3945884733000002701","3920960212000000201","MODI","TRAD","2026-06-30T21:09:45Z","TRUE","CR","","N","FALSE","2026-06-29T18:44:41Z","2026-03-20","2031-06-20","2031-06-20","TRUE","BILT","FALSE","TRUE","TRUE","200,000,000","","USD","","","","","","","","","","","","","","","","","","","","","","","","2026-08-19","0.05","","673,200","USD","","","","","","","106","USD","false","","","","","1","A004","","","","","","","","","MNTH","","","","3","","","","","","","","","","false","0.99","","","","","","","","","","FALSE","","","","","","","","","QZX75BBR2PZH","NA/CDS Idx Swt","NA/CDS Corp Idx"
"3936704932000000201","","NEWT","TRAD","2026-06-30T10:41:56Z","","CR","","I","TRUE","2026-06-30T10:41:56Z","2026-07-01","2031-06-20","","FALSE","BBSF","FALSE","TRUE","","47,260,799+","","EUR","","","","","","","","","","","","","","","","","","","","","","","","","0.05","","","","","","0.0243825","","","","","","false","","","3","","","A004","","","","","","","","5257280.86409","MNTH","","","","3","","","","UFRO","EUR","","","","","false","1","","","","","","","","","","TRUE","","","","-0.001405","","3","","","QZ3HM9KVK2WL","NA/CDS Corp Idx","ITRAXX EUROPE CROSSOVER"
"3927016332000000301","","NEWT","TRAD","2026-06-30T07:18:51Z","","CR","","I","FALSE","2026-06-30T07:18:51Z","2026-03-20","2031-06-20","2031-06-20","FALSE","BILT","FALSE","FALSE","TRUE","50,000,000","","USD","","","","","","","","","","","","","","","","","","","","","","","","","0.01","","","","","","","","","","","","false","","","","","","A004","","","","","","","","723752.00000","MNTH","","","","3","","","","UFRO","USD","","","","","false","1","","","","","","","","","","FALSE","","","","","","","","","QZD2VPNQ9ZFX","NA/CDS Corp Idx","ITRAXX ASIA EX-JAPAN IG"
"3936152779000000101","","NEWT","TRAD","2026-06-30T10:30:33Z","","CR","","I","TRUE","2026-06-30T10:30:33Z","2026-03-20","2031-06-20","","FALSE","TPSE","FALSE","FALSE","","10,000,000","","EUR","","","","","","","","","","","","","","","","","","","","","","","","","0.05","","","","","","0.0243","","","","","","false","","","3","","","A004","","","","","","","","","MNTH","","","","3","","","","","","EUR","","","","false","1","","","","","","","OTHR","","","FALSE","","","","","","","","","QZ3HM9KVK2WL","NA/CDS Corp Idx","ITRAXX EUROPE CROSSOVER"
"3935662530000000101","","NEWT","TRAD","2026-06-30T10:21:20Z","","CR","","I","TRUE","2026-06-30T10:21:20Z","2026-07-01","2031-06-20","","FALSE","BBSF","FALSE","FALSE","","2,000,000","","EUR","","","","","","","","","","","","","","","","","","","","","","","","","0.05","","","","","","0.02432766","","","","","","false","","","3","","","A004","","","","","","","","222997.93000","MNTH","","","","3","","","","UFRO","EUR","","","","","false","1","","","","","","","","","","FALSE","","","","","","","","","QZ3HM9KVK2WL","NA/CDS Corp Idx","ITRAXX EUROPE CROSSOVER"
"3937230152000000101","","NEWT","TRAD","2026-06-30T11:04:17Z","","CR","","I","TRUE","2026-06-30T11:04:17Z","2026-07-01","2031-06-20","","FALSE","BBSF","FALSE","FALSE","","100,000,000","","EUR","","","","","","","","","","","","","","","","","","","","","","","","","0.01","","","","","","0.0051411","","","","","","false","","","3","","","A004","","","","","","","","2278798.34000","MNTH","","","","3","","","","UFRO","EUR","","","","","false","1","","","","","","","","","","FALSE","","","","","","","","","QZTQ4GTC5QMF","NA/CDS Corp Idx","ITRAXX EUROPE"
"3940197419000000301","","NEWT","TRAD","2026-06-30T15:09:45Z","","CR","","I","TRUE","2026-06-30T15:09:45Z","2026-07-01","2031-06-20","","FALSE","BBSF","FALSE","FALSE","","10,000,000","","EUR","","","","","","","","","","","","","","","","","","","","","","","","","0.01","","","","","","0.0051621","","","","","","false","","","3","","","A004","","","","","","","","226886.56000","MNTH","","","","3","","","","UFRO","EUR","","","","","false","1","","","","","","","","","","FALSE","","","","","","","","","QZTQ4GTC5QMF","NA/CDS Corp Idx","ITRAXX EUROPE"
"3940295611000000101","","NEWT","TRAD","2026-06-30T15:21:54Z","","CR","","I","TRUE","2026-06-30T15:21:54Z","2026-07-01","2031-06-20","","FALSE","BBSF","FALSE","FALSE","","1,000,000","","USD","","","","","","","","","","","","","","","","","","","","","","","","","0.01","","","","","","0.005075","","","","","","false","","","3","","","A004","","","","","","","","22295.46397","MNTH","","","","3","","","","UFRO","USD","","","","","false","1","","","","","","","","","","FALSE","","","","","","","","","QZ3WVVQG5T8K","NA/CDS Corp Idx","CDX.NA.IG"
"3940317841000000201","","NEWT","TRAD","2026-06-30T15:24:44Z","","CR","","I","TRUE","2026-06-30T15:24:44Z","2026-07-01","2031-06-20","","FALSE","BBSF","FALSE","FALSE","","75,000,000","","EUR","","","","","","","","","","","","","","","","","","","","","","","","","0.01","","","","","","0.00515","","","","","","false","","","3","","","A004","","","","","","","","1705941.41000","MNTH","","","","3","","","","UFRO","EUR","","","","","false","1","","","","","","","","","","TRUE","","","","0.00515","","3","","","QZTQ4GTC5QMF","NA/CDS Corp Idx","ITRAXX EUROPE"
"3940136454000000201","","NEWT","TRAD","2026-06-30T15:01:05Z","","CR","","N","FALSE","2026-06-30T14:59:00Z","2026-07-01","2026-08-03","","TRUE","BILT","FALSE","FALSE","TRUE","6,000,000","","USD","","","","","","","","","","","","","","","","","","","","","","","","","","","","","","","0.000376","","","","","","false","","","3","","","","","A004","","MNTH","","6","","","","MNTH","","","","6","","","","","USD","","","","false","","","","","","","","","","","FALSE","","","","","","","","","QZ66WG22Q30S","NA/CDS Corp SN Sr","DTD 01/15/2017"
"3940182826000000701","","NEWT","TRAD","2026-06-30T15:06:44Z","","CR","","N","FALSE","2026-06-30T14:39:44Z","2026-06-30","2026-07-15","2031-06-20","TRUE","BILT","FALSE","FALSE","TRUE","120,000,000","","USD","","","","","","","","","","","","","","","","","","","","","","","","2026-07-15","0.05","","9,378,384.63062","USD","","","","","","","0.01","","false","","","","","3","A004","","","","","","","","","MNTH","","","","3","","","","","","","","","","false","0.99","","","","","","","","","","FALSE","","","","","","","","","QZ9LPD3ZB1KR","NA/CDS Idx Swt","NA/CDS Corp Idx"
"3943302228000000501","","NEWT","TRAD","2026-06-30T19:54:08Z","","CR","","I","TRUE","2026-06-30T19:54:08Z","2026-07-01","2031-06-20","","FALSE","BBSF","FALSE","FALSE","","10,000,000","","USD","","","","","","","","","","","","","","","","","","","","","","","","","0.05","","","","","","0.01080895","","","","","","false","","","3","","","A004","","","","","","","","813235.50000","MNTH","","","","3","","","","UFRO","USD","","","","","false","0.99","","","","","","","","","","FALSE","","","","","","","","","QZHH8NT767RX","NA/CDS Corp Idx","CDX.NA.HY"
"3942611059000000101","","NEWT","NOVA","2026-06-30T19:05:52Z","","CR","","N","FALSE","2026-06-30T19:05:52Z","2026-06-30","2026-09-16","2031-06-20","FALSE","BILT","FALSE","FALSE","TRUE","400,000,000+","","USD","","","","","","","","","","","","","","","","","","","","","","","","2026-09-16","0.01","","0","","","","","","","","0.007","","false","","","","","3","A004","","","","","","","","","MNTH","","","","3","","","","","","","","","","false","1","","","","","","","","","","FALSE","","","","","","","","","QZT4QS79CCTS","NA/CDS Idx Swt","NA/CDS Corp Idx"
"3942802901000000201","","NEWT","TRAD","2026-06-30T19:17:32Z","","CR","","I","TRUE","2026-06-30T19:17:32Z","2026-07-01","2031-06-20","","FALSE","BBSF","FALSE","TRUE","","60,000,000","","USD","","","","","","","","","","","","","","","","","","","","","","","","","0.05","","","","","","0.010811","","","","","","false","","","3","","","A004","","","","","","","","4891568.15090","MNTH","","","","3","","","","UFRO","USD","","","","","false","0.99","","","","","","","","","","FALSE","","","","","","","","","QZHH8NT767RX","NA/CDS Corp Idx","CDX.NA.HY"
"3943130991000000101","","NEWT","TRAD","2026-06-30T19:32:33Z","","CR","","I","TRUE","2026-06-30T19:32:33Z","2026-07-01","2031-06-20","","FALSE","BBSF","FALSE","FALSE","","5,000,000","","USD","","","","","","","","","","","","","","","","","","","","","","","","","0.05","","","","","","0.01081035","","","","","","false","","","3","","","A004","","","","","","","","407310.75000","MNTH","","","","3","","","","UFRO","USD","","","","","false","0.99","","","","","","","","","","FALSE","","","","","","","","","QZHH8NT767RX","NA/CDS Corp Idx","CDX.NA.HY"
"3943219062000000401","","NEWT","TRAD","2026-06-30T19:38:13Z","","CR","","I","TRUE","2026-06-30T19:38:13Z","2026-07-01","2031-06-20","","FALSE","BBSF","FALSE","FALSE","","15,000,000","","USD","","","","","","","","","","","","","","","","","","","","","","","","","0.01","","","","","","0.005081","","","","","","false","","","3","","","A004","","","","","","","","334018.69549","MNTH","","","","3","","","","UFRO","USD","","","","","false","1","","","","","","","","","","FALSE","","","","","","","","","QZ3WVVQG5T8K","NA/CDS Corp Idx","CDX.NA.IG"
"3943238513000000101","","NEWT","TRAD","2026-06-30T19:41:38Z","","CR","","I","TRUE","2026-06-30T19:41:38Z","2026-07-01","2031-06-20","","","TWSF","FALSE","FALSE","","25,000,000","","USD","","","","","","","","","","","","","","","","","","","","","","","","","0.05","","","","","","0.0108074","","","","","","false","","","3","","","A004","","","","","","","","2029252.50000","MNTH","","","","3","","","","UFRO","USD","","","","","false","0.99","","","","","","","","","","FALSE","","","","","","","","","QZHH8NT767RX","NA/CDS Corp Idx","CDX.NA.HY"
"3943247050000000101","","NEWT","TRAD","2026-06-30T19:43:07Z","","CR","","I","TRUE","2026-06-30T19:43:07Z","2026-07-01","2031-06-20","","FALSE","BBSF","FALSE","FALSE","","1,000,000","","USD","","","","","","","","","","","","","","","","","","","","","","","","","0.01","","","","","","0.005079","","","","","","false","","","3","","","A004","","","","","","","","22277.23366","MNTH","","","","3","","","","UFRO","USD","","","","","false","1","","","","","","","","","","FALSE","","","","","","","","","QZ3WVVQG5T8K","NA/CDS Corp Idx","CDX.NA.IG"
"3942900568000000101","3939979558000000101","CORR","","2026-06-30T19:18:59Z","","CR","","N","FALSE","2026-06-30T14:41:24Z","2026-06-30","2026-09-16","2031-06-20","FALSE","BILT","FALSE","FALSE","TRUE","400,000,000+","","USD","","","","","","","","","","","","","","","","","","","","","","","","2026-09-16","0.01","","1,184,000","USD","","","","","","","0.00575","","false","","","","","3","A004","","","","","","","","","MNTH","","","","3","","","","","","","","","","false","1","","","","","","","","","","FALSE","","","","","","","","","QZ7WW76RFHN3","NA/CDS Idx Swt","NA/CDS Corp Idx"
"3943157800000000101","","NEWT","TRAD","2026-06-30T19:33:23Z","","CR","","I","TRUE","2026-06-30T19:33:23Z","2026-07-01","2031-06-20","","FALSE","BBSF","FALSE","TRUE","","250,000,000+","","USD","","","","","","","","","","","","","","","","","","","","","","","","","0.01","","","","","","0.0050781","","","","","","false","","","3","","","A004","","","","","","","","5570333.68612","MNTH","","","","3","","","","UFRO","USD","","","","","false","1","","","","","","","","","","FALSE","","","","","","","","","QZ3WVVQG5T8K","NA/CDS Corp Idx","CDX.NA.IG"
"3943263647000000301","","NEWT","TRAD","2026-06-30T19:46:19Z","","CR","","I","TRUE","2026-06-30T19:46:19Z","2026-07-01","2031-06-20","","FALSE","BBSF","FALSE","FALSE","","13,000,000","","USD","","","","","","","","","","","","","","","","","","","","","","","","","0.05","","","","","","0.01081015","","","","","","false","","","3","","","A004","","","","","","","","1058750.55000","MNTH","","","","3","","","","UFRO","USD","","","","","false","0.99","","","","","","","","","","FALSE","","","","","","","","","QZHH8NT767RX","NA/CDS Corp Idx","CDX.NA.HY"
"3939211278000000101","","NEWT","TRAD","2026-06-30T13:38:26Z","","CR","","I","TRUE","2026-06-30T13:38:26Z","2026-07-01","2031-06-20","","FALSE","BBSF","FALSE","FALSE","","7,000,000","","EUR","","","","","","","","","","","","","","","","","","","","","","","","","0.01","","","","","","0.0051506","","","","","","false","","","3","","","A004","","","","","","","","159200.65333","MNTH","","","","3","","","","UFRO","EUR","","","","","false","1","","","","","","","","","","FALSE","","","","","","","","","QZTQ4GTC5QMF","NA/CDS Corp Idx","ITRAXX EUROPE"
"3943310216000000101","","NEWT","TRAD","2026-06-30T19:55:08Z","","CR","","I","TRUE","2026-06-30T19:55:08Z","2026-07-01","2031-06-20","","","TWSF","FALSE","FALSE","","9,000,000","","USD","","","","","","","","","","","","","","","","","","","","","","","","","0.05","","","","","","0.0108095","","","","","","false","","","3","","","A004","","","","","","","","732402.00000","MNTH","","","","3","","","","UFRO","USD","","","","","false","0.99","","","","","","","","","","FALSE","","","","","","","","","QZHH8NT767RX","NA/CDS Corp Idx","CDX.NA.HY"
"3944753368000000101","","NEWT","TRAD","2026-06-30T20:37:08Z","","CR","","I","TRUE","2026-06-30T20:37:08Z","2026-03-20","2031-06-20","","FALSE","TPSE","FALSE","FALSE","","10,000,000","","USD","","","","","","","","","","","","","","","","","","","","","","","","","0.05","","","","","","108.05","","USD","","","","false","","","1","","","A004","","","","","","","","","MNTH","","","","3","","","","","","USD","","","","false","0.99","","","","","","","OTHR","","","FALSE","","","","","","","","","QZHH8NT767RX","NA/CDS Corp Idx","CDX.NA.HY"
"3943772320000000101","","NEWT","TRAD","2026-06-30T20:11:50Z","","CR","","N","FALSE","2026-06-30T20:11:50Z","2026-07-01","2026-09-20","2026-09-20","FALSE","BILT","FALSE","FALSE","TRUE","1,000,000","","USD","","","","","","","","","","","","","","","","","","","","","","","","","","","","","","","","","","","","","false","","","","","","A004","","","","","","","","955.80465","MNTH","","","","3","","","","UFRO","USD","","","","","false","1","","","","","","","","","","FALSE","","","","","","","","","QZ5ND0SMQQL4","NA/Cr Sw Idx TRtn Corp Ph",""
"3945084211000000101","3940998842000000101","EROR","","2026-06-30T20:42:25Z","","CR","","","","2026-06-30T16:11:22Z","2026-06-30","2026-10-21","","","","","","FALSE","","","","","","","","","","","","","","","","","","","","","","","","","","","","0.05","","","","","","","","","","","","","","","","","","","","","","","","","","","","","","","","","","","","","","","","","","","","","","","","","","","","","","","","","","","","","QZHJMSG8W2ZX","NA/CDS Idx Swt","NA/CDS Corp Idx"
"3944716781000000101","","NEWT","TRAD","2026-06-30T20:35:47Z","","CR","","I","TRUE","2026-06-30T20:35:47Z","2026-07-01","2031-06-20","","FALSE","BBSF","FALSE","TRUE","","76,000,000+","","USD","","","","","","","","","","","","","","","","","","","","","","","","","0.05","","","","","","0.01080261","","","","","","false","","","3","","","A004","","","","","","","","6132887.64000","MNTH","","","","3","","","","UFRO","USD","","","","","false","0.99","","","","","","","","","","FALSE","","","","","","","","","QZHH8NT767RX","NA/CDS Corp Idx","CDX.NA.HY"
"3945259011000000101","","NEWT","TRAD","2026-06-30T20:49:59Z","","CR","","I","TRUE","2026-06-30T20:49:59Z","2026-07-01","2031-06-20","","","TWSF","FALSE","FALSE","","1,000,000","","USD","","","","","","","","","","","","","","","","","","","","","","","","","0.05","","","","","","0.01080235","","","","","","false","","","3","","","A004","","","","","","","","80670.07318","MNTH","","","","3","","","","UFRO","USD","","","","","false","0.99","","","","","","","","","","FALSE","","","","","","","","","QZHH8NT767RX","NA/CDS Corp Idx","CDX.NA.HY"
"3929545862000000101","","NEWT","TRAD","2026-06-30T08:17:39Z","","CR","","I","TRUE","2026-06-30T08:17:39Z","2026-07-01","2031-06-20","","","TWSF","FALSE","FALSE","","39,000,000","","EUR","","","","","","","","","","","","","","","","","","","","","","","","","0.01","","","","","","0.005433","","","","","","false","","","3","","","A004","","","","","","","","834944.97000","MNTH","","","","3","","","","UFRO","EUR","","","","","false","1","","","","","","","","","","FALSE","","","","","","","","","QZTB38W3WJ98","NA/CDS Corp Idx","ITRAXX EUROPE SENIOR FINANCIALS"
"3937402189000000101","","NEWT","TRAD","2026-06-30T11:17:41Z","","CR","","I","TRUE","2026-06-30T11:17:41Z","2026-07-01","2031-06-20","","FALSE","BBSF","FALSE","FALSE","","75,000,000","","USD","","","","","","","","","","","","","","","","","","","","","","","","","0.01","","","","","","0.005058","","","","","","false","","","3","","","A004","","","","","","","","1677972.61000","MNTH","","","","3","","","","UFRO","USD","","","","","false","1","","","","","","","","","","FALSE","","","","","","","","","QZ3WVVQG5T8K","NA/CDS Corp Idx","CDX.NA.IG"
"3937502832000000201","","NEWT","TRAD","2026-06-30T11:25:23Z","","CR","","I","TRUE","2026-06-30T11:25:23Z","2026-07-01","2031-06-20","","FALSE","BBSF","FALSE","FALSE","","25,000,000","","EUR","","","","","","","","","","","","","","","","","","","","","","","","","0.01","","","","","","0.00514111","","","","","","false","","","3","","","A004","","","","","","","","569698.40000","MNTH","","","","3","","","","UFRO","EUR","","","","","false","1","","","","","","","","","","FALSE","","","","","","","","","QZTQ4GTC5QMF","NA/CDS Corp Idx","ITRAXX EUROPE"
"3938223195000000101","","NEWT","TRAD","2026-06-30T12:28:03Z","","CR","","I","TRUE","2026-06-30T12:28:03Z","2026-07-01","2031-06-20","","","TWSF","FALSE","TRUE","","55,000,000","","USD","","","","","","","","","","","","","","","","","","","","","","","","","0.05","","","","","","0.0108115","","","","","","false","","","3","","","A004","","","","","","","","4486680.00000","MNTH","","","","3","","","","UFRO","USD","","","","","false","0.99","","","","","","","","","","FALSE","","","","","","","","","QZHH8NT767RX","NA/CDS Corp Idx","CDX.NA.HY"
"3938131134000000201","","NEWT","TRAD","2026-06-30T12:17:31Z","","CR","","I","TRUE","2026-06-30T12:17:31Z","2026-07-01","2031-06-20","","FALSE","BBSF","FALSE","TRUE","","45,000,000","","EUR","","","","","","","","","","","","","","","","","","","","","","","","","0.05","","","","","","0.0243896","","","","","","false","","","3","","","A004","","","","","","","","5004269.52000","MNTH","","","","3","","","","UFRO","EUR","","","","","false","1","","","","","","","","","","FALSE","","","","","","","","","QZ3HM9KVK2WL","NA/CDS Corp Idx","ITRAXX EUROPE CROSSOVER"
"3938274700000000301","","NEWT","TRAD","2026-06-30T12:33:39Z","","CR","","I","TRUE","2026-06-30T12:33:39Z","2026-07-01","2031-06-20","","FALSE","BBSF","FALSE","FALSE","","10,000,000","","EUR","","","","","","","","","","","","","","","","","","","","","","","","","0.05","","","","","","0.0244095","","","","","","false","","","3","","","A004","","","","","","","","1111118.92000","MNTH","","","","3","","","","UFRO","EUR","","","","","false","1","","","","","","","","","","FALSE","","","","","","","","","QZ3HM9KVK2WL","NA/CDS Corp Idx","ITRAXX EUROPE CROSSOVER"
"3937714984000000101","","NEWT","TRAD","2026-06-30T11:40:04Z","","CR","","N","FALSE","2026-06-30T11:40:04Z","2026-03-20","2026-09-16","2031-06-20","FALSE","BILT","FALSE","FALSE","TRUE","40,000,000","","EUR","","","","","","","","","","","","","","","","","","","","","","","","2026-09-16","0.05","","36,000","EUR","","","","","","","0.0225","","false","","","","","3","A004","","","","","","","","","MNTH","","","","3","","","","","","","","","","false","1","","","","","","","","","","FALSE","","","","","","","","","QZ77RJ03VMTV","NA/Cr Op Swps EuCl Van Ph",""
"3937690469000000101","","NEWT","TRAD","2026-06-30T11:39:31Z","","CR","","N","FALSE","2026-06-30T11:39:31Z","2026-03-20","2026-08-19","2031-06-20","FALSE","BILT","FALSE","FALSE","TRUE","40,000,000","","EUR","","","","","","","","","","","","","","","","","","","","","","","","2026-08-19","0.05","","228,000","EUR","","","","","","","0.025","","false","","","","","3","A004","","","","","","","","","MNTH","","","","3","","","","","","","","","","false","1","","","","","","","","","","FALSE","","","","","","","","","QZS61NHV7CQ9","NA/Cr Op Swps EuPt Van Ph",""
"3937920986000000101","","NEWT","TRAD","2026-06-30T11:56:42Z","","CR","","I","FALSE","2026-06-30T11:56:42Z","2026-07-01","2031-06-20","","","TWSF","FALSE","TRUE","","47,260,799+","","EUR","","","","","","","","","","","","","","","","","","","","","","","","","0.05","","","","","","0.02425","","","","","","false","","","3","","","A004","","","","","","","","5286805.04182","MNTH","","","","3","","","","UFRO","EUR","","","","","false","1","","","","","","","","","","FALSE","","","","","","","","","QZ3HM9KVK2WL","NA/CDS Corp Idx","ITRAXX EUROPE CROSSOVER"
"3938069469000000201","","NEWT","TRAD","2026-06-30T12:11:43Z","","CR","","I","TRUE","2026-06-30T12:11:43Z","2026-07-01","2031-06-20","","FALSE","BBSF","FALSE","FALSE","","24,000,000","","USD","","","","","","","","","","","","","","","","","","","","","","","","","0.01","","","","","","0.00507151","","","","","","false","","","3","","","A004","","","","","","","","535471.01000","MNTH","","","","3","","","","UFRO","USD","","","","","false","1","","","","","","","","","","FALSE","","","","","","","","","QZ3WVVQG5T8K","NA/CDS Corp Idx","CDX.NA.IG"
"3938079986000000101","","NEWT","TRAD","2026-06-30T12:12:27Z","","CR","","I","TRUE","2026-06-30T12:12:27Z","2026-07-01","2031-06-20","","","TWSF","FALSE","FALSE","","30,000,000","","EUR","","","","","","","","","","","","","","","","","","","","","","","","","0.05","","","","","","0.0243372","","","","","","false","","","3","","","A004","","","","","","","","3343614.99000","MNTH","","","","3","","","","UFRO","EUR","","","","","false","1","","","","","","","","","","FALSE","","","","","","","","","QZ3HM9KVK2WL","NA/CDS Corp Idx","ITRAXX EUROPE CROSSOVER"
"3938293015000000201","","NEWT","TRAD","2026-06-30T12:35:11Z","","CR","","I","TRUE","2026-06-30T12:35:11Z","2026-07-01","2031-06-20","","FALSE","BBSF","FALSE","FALSE","","18,000,000","","EUR","","","","","","","","","","","","","","","","","","","","","","","","","0.05","","","","","","0.02445","","","","","","false","","","3","","","A004","","","","","","","","1996567.76000","MNTH","","","","3","","","","UFRO","EUR","","","","","false","1","","","","","","","","","","TRUE","","","","0.0001","","3","","","QZ3HM9KVK2WL","NA/CDS Corp Idx","ITRAXX EUROPE CROSSOVER"
"3938212356000000101","","NEWT","TRAD","2026-06-30T12:26:49Z","","CR","","I","TRUE","2026-06-30T12:26:49Z","2026-07-01","2031-06-20","","FALSE","BBSF","FALSE","TRUE","","250,000,000+","","USD","","","","","","","","","","","","","","","","","","","","","","","","","0.01","","","","","","0.005082","","","","","","false","","","3","","","A004","","","","","","","","5565851.97000","MNTH","","","","3","","","","UFRO","USD","","","","","false","1","","","","","","","","","","FALSE","","","","","","","","","QZ3WVVQG5T8K","NA/CDS Corp Idx","CDX.NA.IG"
"3938191193000000101","","NEWT","TRAD","2026-06-30T12:24:38Z","","CR","","I","TRUE","2026-06-30T12:24:38Z","2026-07-01","2031-06-20","","","TWSF","FALSE","FALSE","","63,000,000","","USD","","","","","","","","","","","","","","","","","","","","","","","","","0.01","","","","","","0.00508254","","","","","","false","","","3","","","A004","","","","","","","","1402439.98000","MNTH","","","","3","","","","UFRO","USD","","","","","false","1","","","","","","","","","","FALSE","","","","","","","","","QZ3WVVQG5T8K","NA/CDS Corp Idx","CDX.NA.IG"
"3933774294000000301","","NEWT","TRAD","2026-06-30T09:36:36Z","","CR","","I","FALSE","2026-06-30T09:36:36Z","2026-07-01","2031-06-20","","","TWSF","FALSE","FALSE","","5,000,000","","EUR","","","","","","","","","","","","","","","","","","","","","","","","","0.01","","","","","","0.0051493","","","","","","false","","","3","","","A004","","","","","","","","113745.86403","MNTH","","","","3","","","","UFRO","EUR","","","","","false","1","","","","","","","","","","FALSE","","","","","","","","","QZTQ4GTC5QMF","NA/CDS Corp Idx","ITRAXX EUROPE"
"3933774292000000101","","NEWT","TRAD","2026-06-30T09:36:31Z","","CR","","I","TRUE","2026-06-30T09:36:31Z","2026-03-20","2031-06-20","","FALSE","BGCD","FALSE","FALSE","","45,000,000","","EUR","","","","","","","","","","","","","","","","","","","","","","","","","","","","","","","0.00515","","","","","","false","","","3","","","A004","","","","","","","","","MNTH","","","","3","","","","","","","","","","false","1","","","","","","","","","","TRUE","","","","0.0012","","3","","","QZTQ4GTC5QMF","NA/CDS Corp Idx","ITRAXX EUROPE"
"3933774293000000201","","NEWT","TRAD","2026-06-30T09:36:31Z","","CR","","I","TRUE","2026-06-30T09:36:31Z","2026-03-20","2031-06-20","","FALSE","BGCD","FALSE","FALSE","","10,000,000","","EUR","","","","","","","","","","","","","","","","","","","","","","","","","","","","","","","0.024375","","","","","","false","","","3","","","A004","","","","","","","","","MNTH","","","","3","","","","","","","","","","false","1","","","","","","","","","","TRUE","","","","0.0012","","3","","","QZ3HM9KVK2WL","NA/CDS Corp Idx","ITRAXX EUROPE CROSSOVER"
"3933810401000000101","","NEWT","TRAD","2026-06-30T06:29:12Z","","CR","","I","FALSE","2026-06-30T06:29:12Z","2026-03-20","2031-06-20","","","BILT","FALSE","FALSE","TRUE","25,000,000","","USD","","","","","","","","","","","","","","","","","","","","","","","","","0.01","","","","","","","","","","","","false","","","","","","A004","","","","","","","","364690.25000","MNTH","","","","3","","","","UFRO","USD","","","","","false","1","","","","","","","","","","FALSE","","","","","","","","","QZD2VPNQ9ZFX","NA/CDS Corp Idx","ITRAXX ASIA EX-JAPAN IG"
"3938263752000000201","","NEWT","TRAD","2026-06-30T12:32:30Z","","CR","","I","TRUE","2026-06-30T12:32:30Z","2026-07-01","2031-06-20","","FALSE","BBSF","FALSE","TRUE","","166,287,997+","","EUR","","","","","","","","","","","","","","","","","","","","","","","","","0.01","","","","","","0.005162","","","","","","false","","","3","","","A004","","","","","","","","3772918.53194","MNTH","","","","3","","","","UFRO","EUR","","","","","false","1","","","","","","","","","","FALSE","","","","","","","","","QZTQ4GTC5QMF","NA/CDS Corp Idx","ITRAXX EUROPE"
"3941672450000000201","","NEWT","TRAD","2026-06-30T17:12:58Z","","CR","","I","TRUE","2026-06-30T17:12:58Z","2026-07-01","2031-06-20","","FALSE","BBSF","FALSE","FALSE","","25,000,000","","USD","","","","","","","","","","","","","","","","","","","","","","","","","0.05","","","","","","0.010814","","","","","","false","","","3","","","A004","","","","","","","","2045595.51870","MNTH","","","","3","","","","UFRO","USD","","","","","false","0.99","","","","","","","","","","TRUE","","","","0.00003","","3","","","QZHH8NT767RX","NA/CDS Corp Idx","CDX.NA.HY"
"3941731178000000101","","NEWT","TRAD","2026-06-30T16:40:46Z","","CR","","N","FALSE","2026-06-30T16:40:46Z","2026-12-16","2026-12-16","2031-06-20","FALSE","BILT","FALSE","FALSE","TRUE","400,000,000+","","USD","","","","","","","","","","","","","","","","","","","","","","","","2026-12-16","0.05","","5,940,000","USD","","","","","","","1.06","","false","","","","","3","A004","","","","","","","","","MNTH","","","","3","","","","","","","","","","false","","","","","","","","","","","FALSE","","","","","","","","","QZ9LPD3ZB1KR","NA/CDS Idx Swt","NA/CDS Corp Idx"
"3941722406000000301","","NEWT","TRAD","2026-06-30T17:17:38Z","FALSE","CR","","I","TRUE","2026-06-30T17:17:38Z","2026-06-30","2026-07-08","","","BILT","FALSE","FALSE","TRUE","350,079,993+","","EUR","","","","","","","","","","","","","","","","","","","","","","","","2026-07-08","","","7,782,643.15246","EUR","","","0.01","","","","0.01","","false","","","3","","3","","","","","","","","","","","","","","","","","","","","","","","","false","1","","","","","","","","","","FALSE","","","","","","","","","QZTKWFNWD2T6","NA/CDS Idx Swt","NA/CDS Corp Idx"
"3941795277000000701","","NEWT","TRAD","2026-06-30T17:33:50Z","","CR","","N","FALSE","2026-06-30T17:33:50Z","2026-07-01","2065-04-17","","FALSE","BILT","FALSE","FALSE","FALSE","5,000,000","","USD","","","","","","","","","","","","","","","","","","","","","","","","","0.01","","","","","","","","","","","","false","","","","","","A004","","","","","","","","62043.68000","MNTH","","","","1","","","","UFRO","USD","USD","","","","false","1","","","","","","","","","","FALSE","","","","","","","","","QZ8LBNWVF9RJ","NA/CDS Corp Idx","CMBX.NA.AS"
"3939465113000003601","","NEWT","TRAD","2026-06-30T13:52:32Z","","CR","","N","FALSE","2026-06-30T13:52:32Z","2026-06-30","2026-09-16","2031-06-20","FALSE","BILT","FALSE","FALSE","TRUE","400,000,000+","","USD","","","","","","","","","","","","","","","","","","","","","","","","2026-09-16","0.01","","422,000","USD","","","","","","","0.006","","false","","","","","3","A004","","","","","","","","","MNTH","","","","3","","","","","","","","","","false","1","","","","","","","","","","FALSE","","","","","","","","","QZT4QS79CCTS","NA/CDS Idx Swt","NA/CDS Corp Idx"
"3943116930000000101","3939979559000000201","CORR","","2026-06-30T19:29:40Z","","CR","","N","FALSE","2026-06-30T14:42:36Z","2026-06-30","2026-09-16","2031-06-20","FALSE","BILT","FALSE","FALSE","TRUE","400,000,000+","","USD","","","","","","","","","","","","","","","","","","","","","","","","2026-09-16","0.01","","265,000","USD","","","","","","","0.00675","","false","","","","","3","A004","","","","","","","","","MNTH","","","","3","","","","","","","","","","false","1","","","","","","","","","","FALSE","","","","","","","","","QZT4QS79CCTS","NA/CDS Idx Swt","NA/CDS Corp Idx"
"3943103179000000201","3939968428000000101","CORR","","2026-06-30T19:29:04Z","","CR","","N","FALSE","2026-06-30T14:41:25Z","2026-06-30","2026-09-16","2031-06-20","FALSE","BILT","FALSE","FALSE","TRUE","400,000,000+","","USD","","","","","","","","","","","","","","","","","","","","","","","","2026-09-16","0.01","","495,000","USD","","","","","","","0.00575","","false","","","","","3","A004","","","","","","","","","MNTH","","","","3","","","","","","","","","","false","1","","","","","","","","","","FALSE","","","","","","","","","QZT4QS79CCTS","NA/CDS Idx Swt","NA/CDS Corp Idx"
"3944774458000000101","3944753368000000101","MODI","TRAD","2026-06-30T20:37:37Z","TRUE","CR","","I","TRUE","2026-06-30T20:37:08Z","2026-03-20","2031-06-20","","FALSE","TPSE","FALSE","FALSE","","10,000,000","","USD","","","","","","","","","","","","","","","","","","","","","","","","","0.05","","","","","","108.05","","USD","","","","false","","","1","","","A004","","","","","","","","","MNTH","","","","3","","","","","","USD","","","","false","0.99","","","","","","","OTHR","","","FALSE","","","","","","","","","QZHH8NT767RX","NA/CDS Corp Idx","CDX.NA.HY"
"3927237169000000101","","NEWT","TRAD","2026-06-30T07:25:57Z","","CR","","I","TRUE","2026-06-30T07:25:57Z","2026-07-01","2031-06-20","","","TWSF","FALSE","TRUE","","130,000,000","","EUR","","","","","","","","","","","","","","","","","","","","","","","","","0.01","","","","","","0.005154","","","","","","false","","","3","","","A004","","","","","","","","2954507.84882","MNTH","","","","3","","","","UFRO","EUR","","","","","false","1","","","","","","","","","","FALSE","","","","","","","","","QZTQ4GTC5QMF","NA/CDS Corp Idx","ITRAXX EUROPE"
"3934313006000000401","","NEWT","TRAD","2026-06-30T09:51:32Z","","CR","","N","FALSE","2026-06-30T09:51:32Z","2026-07-01","2033-11-15","","FALSE","BILT","FALSE","FALSE","TRUE","250,000,000","","USD","","","","","","","","","","","","","","","","","","","","","","","","","0.045","","","","","","","","","","","","false","","","","","","A006","","","","","","","","","MNTH","","","","6","","","","","","USD","","","","false","","","","","","","","","","","FALSE","","","","","","","","","QZRTNZPPBZV6","NA/CDS Corp SN","DTD 11/15/2023"
"3940086812000000201","","NEWT","TRAD","2026-06-30T14:55:12Z","","CR","","I","TRUE","2026-06-30T14:55:12Z","2026-07-01","2031-06-20","","FALSE","BBSF","FALSE","FALSE","","30,000,000","","USD","","","","","","","","","","","","","","","","","","","","","","","","","0.01","","","","","","0.005072","","","","","","false","","","3","","","A004","","","","","","","","669271.66000","MNTH","","","","3","","","","UFRO","USD","","","","","false","1","","","","","","","","","","FALSE","","","","","","","","","QZ3WVVQG5T8K","NA/CDS Corp Idx","CDX.NA.IG"
"3939834569000000201","","NEWT","TRAD","2026-06-30T14:29:22Z","","CR","","I","TRUE","2026-06-30T14:29:22Z","2026-07-01","2031-06-20","","FALSE","BBSF","FALSE","FALSE","","10,000,000","","EUR","","","","","","","","","","","","","","","","","","","","","","","","","0.05","","","","","","0.024395","","","","","","false","","","3","","","A004","","","","","","","","1111804.54000","MNTH","","","","3","","","","UFRO","EUR","","","","","false","1","","","","","","","","","","FALSE","","","","","","","","","QZ3HM9KVK2WL","NA/CDS Corp Idx","ITRAXX EUROPE CROSSOVER"
"3939853884000000301","","NEWT","TRAD","2026-06-30T14:31:16Z","","CR","","I","TRUE","2026-06-30T14:31:16Z","2026-07-01","2031-06-20","","","TWSF","FALSE","FALSE","","10,000,000","","USD","","","","","","","","","","","","","","","","","","","","","","","","","0.05","","","","","","0.01081615","","","","","","false","","","3","","","A004","","","","","","","","820362.52908","MNTH","","","","3","","","","UFRO","USD","","","","","false","0.99","","","","","","","","","","FALSE","","","","","","","","","QZHH8NT767RX","NA/CDS Corp Idx","CDX.NA.HY"
"3939877518000000301","","NEWT","TRAD","2026-06-30T14:33:06Z","","CR","","I","TRUE","2026-06-30T14:33:06Z","2026-07-01","2031-06-20","","FALSE","BBSF","FALSE","FALSE","","12,000,000","","EUR","","","","","","","","","","","","","","","","","","","","","","","","","0.01","","","","","","0.0051513","","","","","","false","","","3","","","A004","","","","","","","","272876.84000","MNTH","","","","3","","","","UFRO","EUR","","","","","false","1","","","","","","","","","","FALSE","","","","","","","","","QZTQ4GTC5QMF","NA/CDS Corp Idx","ITRAXX EUROPE"
"3941822380000000101","","NEWT","TRAD","2026-06-30T17:46:14Z","","CR","","I","TRUE","2026-06-30T17:46:14Z","2026-07-01","2030-12-20","","FALSE","BBSF","FALSE","FALSE","","61,000,000","","EUR","","","","","","","","","","","","","","","","","","","","","","","","","0.01","","","","","","0.004675","","","","","","false","","","3","","","A004","","","","","","","","1384408.89000","MNTH","","","","3","","","","UFRO","EUR","","","","","false","1","","","","","","","","","","TRUE","","","","0.004675","","3","","","QZFB31MBHLT9","NA/CDS Corp Idx","ITRAXX EUROPE"
"3939765440000000201","","NEWT","TRAD","2026-06-30T14:21:39Z","","CR","","I","TRUE","2026-06-30T14:21:39Z","2026-03-20","2031-06-20","","FALSE","BGCD","FALSE","FALSE","","10,000,000","","EUR","","","","","","","","","","","","","","","","","","","","","","","","","","","","","","","0.024403125","","","","","","false","","","3","","","A004","","","","","","","","","MNTH","","","","3","","","","","","","","","","false","1","","","","","","","","","","TRUE","","","","0.0012","","3","","","QZ3HM9KVK2WL","NA/CDS Corp Idx","ITRAXX EUROPE CROSSOVER"
"3939792634000000101","","NEWT","TRAD","2026-06-30T14:23:29Z","","CR","","I","TRUE","2026-06-30T14:23:29Z","2026-07-01","2031-06-20","","FALSE","BBSF","FALSE","FALSE","","6,000,000","","EUR","","","","","","","","","","","","","","","","","","","","","","","","","0.01","","","","","","0.0051476","","","","","","false","","","3","","","A004","","","","","","","","136543.42500","MNTH","","","","3","","","","UFRO","EUR","","","","","false","1","","","","","","","","","","FALSE","","","","","","","","","QZTQ4GTC5QMF","NA/CDS Corp Idx","ITRAXX EUROPE"
"3939787488000000201","","NEWT","TRAD","2026-06-30T14:23:13Z","","CR","","I","TRUE","2026-06-30T14:23:13Z","2026-07-01","2031-06-20","","FALSE","BBSF","FALSE","FALSE","","20,000,000","","EUR","","","","","","","","","","","","","","","","","","","","","","","","","0.05","","","","","","0.0244","","","","","","false","","","3","","","A004","","","","","","","","2223136.22000","MNTH","","","","3","","","","UFRO","EUR","","","","","false","1","","","","","","","","","","TRUE","","","","0.019245","","3","","","QZ3HM9KVK2WL","NA/CDS Corp Idx","ITRAXX EUROPE CROSSOVER"
"3939797179000000401","","NEWT","TRAD","2026-06-30T14:24:18Z","","CR","","I","TRUE","2026-06-30T14:24:18Z","2026-07-01","2031-06-20","","FALSE","BBSF","FALSE","FALSE","","36,000,000","","EUR","","","","","","","","","","","","","","","","","","","","","","","","","0.01","","","","","","0.0051625","","","","","","false","","","3","","","A004","","","","","","","","816727.16900","MNTH","","","","3","","","","UFRO","EUR","","","","","false","1","","","","","","","","","","TRUE","","","","0.0016625","","3","","","QZTQ4GTC5QMF","NA/CDS Corp Idx","ITRAXX EUROPE"
"3939792635000000201","","NEWT","TRAD","2026-06-30T14:23:58Z","","CR","","I","TRUE","2026-06-30T14:23:58Z","2026-07-01","2031-06-20","","FALSE","BBSF","FALSE","FALSE","","5,000,000","","EUR","","","","","","","","","","","","","","","","","","","","","","","","","0.05","","","","","","0.024376","","","","","","false","","","3","","","A004","","","","","","","","556351.53000","MNTH","","","","3","","","","UFRO","EUR","","","","","false","1","","","","","","","","","","FALSE","","","","","","","","","QZ3HM9KVK2WL","NA/CDS Corp Idx","ITRAXX EUROPE CROSSOVER"
"3937766172000000201","","NEWT","TRAD","2026-06-30T11:44:23Z","","CR","","I","TRUE","2026-06-30T11:44:23Z","2026-03-20","2031-06-20","","FALSE","BGCD","FALSE","FALSE","","10,000,000","","EUR","","","","","","","","","","","","","","","","","","","","","","","","","","","","","","","0.024375","","","","","","false","","","3","","","A004","","","","","","","","","MNTH","","","","3","","","","","","","","","","false","1","","","","","","","","","","TRUE","","","","-0.001375","","3","","","QZ3HM9KVK2WL","NA/CDS Corp Idx","ITRAXX EUROPE CROSSOVER"
"3938159848000000201","","NEWT","TRAD","2026-06-30T12:20:22Z","","CR","","I","TRUE","2026-06-30T12:20:22Z","2026-07-01","2031-06-20","","FALSE","BBSF","FALSE","FALSE","","2,000,000","","USD","","","","","","","","","","","","","","","","","","","","","","","","","0.05","","","","","","0.01081321","","","","","","false","","","3","","","A004","","","","","","","","163490.58000","MNTH","","","","3","","","","UFRO","USD","","","","","false","0.99","","","","","","","","","","FALSE","","","","","","","","","QZHH8NT767RX","NA/CDS Corp Idx","CDX.NA.HY"
"3938163720000000101","","NEWT","TRAD","2026-06-30T12:21:08Z","","CR","","I","TRUE","2026-06-30T12:21:08Z","2026-07-01","2031-06-20","","FALSE","BBSF","FALSE","FALSE","","150,000,000","","USD","","","","","","","","","","","","","","","","","","","","","","","","","0.01","","","","","","0.0050744","","","","","","false","","","3","","","A004","","","","","","","","3344714.95000","MNTH","","","","3","","","","UFRO","USD","","","","","false","1","","","","","","","","","","FALSE","","","","","","","","","QZ3WVVQG5T8K","NA/CDS Corp Idx","CDX.NA.IG"
"3938000095000000201","","NEWT","TRAD","2026-06-30T11:54:23Z","","CR","","N","FALSE","2026-06-30T11:54:22Z","2026-03-20","2031-06-20","2031-06-20","TRUE","BILT","FALSE","TRUE","TRUE","350,079,993+","","EUR","","","","","","","","","","","","","","","","","","","","","","","","2026-12-16","0.05","","1,264,664","EUR","","","","","","","0.05","","false","","","","","3","A004","","","","","","","","","MNTH","","","","3","","","","","","","","","","false","1","","","","","","","","","","FALSE","","","","","","","","","QZX75BBR2PZH","NA/CDS Idx Swt","NA/CDS Corp Idx"
"3940501481000000301","","NEWT","TRAD","2026-06-30T15:37:45Z","FALSE","CR","","N","FALSE","2026-06-30T15:37:45Z","2026-06-30","2057-12-17","","FALSE","BILT","FALSE","FALSE","FALSE","10,000,000","","USD","","","","","","","","","","","","","","","","","","","","","","","","","0.03","","","","","","","","","","","","false","","","","","","A004","","","","","","","","789583.33000","MNTH","","","","1","","","","UFRO","USD","","","","","false","1","","","","","","","","","","FALSE","","","","","","","","","QZQSFL8FRCZZ","NA/CDS Corp Idx","CMBX.NA.BBB-"
"3943290963000000401","","NEWT","TRAD","2026-06-30T19:47:39Z","FALSE","CR","","I","TRUE","2026-06-30T19:47:39Z","2026-06-30","2026-07-08","","","BILT","FALSE","FALSE","TRUE","400,000,000+","","USD","","","","","","","","","","","","","","","","","","","","","","","","2026-07-08","","","8,717,944.69217","USD","","","0.01","","","","0.01","","false","","","3","","3","","","","","","","","","","","","","","","","","","","","","","","","false","1","","","","","","","","","","FALSE","","","","","","","","","QZT4QS79CCTS","NA/CDS Idx Swt","NA/CDS Corp Idx"
"3943343208000000701","3943343205000000401","MODI","TRAD","2026-06-30T20:01:15Z","TRUE","CR","","I","TRUE","2026-06-30T20:00:57Z","2026-03-20","2031-06-20","","FALSE","TPSE","FALSE","FALSE","","150,000,000","","USD","","","","","","","","","","","","","","","","","","","","","","","","","0.01","","","","","","0.00508","","","","","","false","","","3","","","A004","","","","","","","","","MNTH","","","","3","","","","","","USD","","","","false","1","","","","","","","OTHR","","","FALSE","","","","","","","","","QZ3WVVQG5T8K","NA/CDS Corp Idx","CDX.NA.IG"
"3943378550000000101","","NEWT","TRAD","2026-06-30T20:02:03Z","","CR","","I","TRUE","2026-06-30T20:02:03Z","2026-07-01","2031-06-20","","FALSE","BBSF","FALSE","FALSE","","1,000,000","","USD","","","","","","","","","","","","","","","","","","","","","","","","","0.01","","","","","","0.00509825","","","","","","false","","","3","","","A004","","","","","","","","22189.15315","MNTH","","","","3","","","","UFRO","USD","","","","","false","1","","","","","","","","","","FALSE","","","","","","","","","QZ3WVVQG5T8K","NA/CDS Corp Idx","CDX.NA.IG"
"3943222212000000701","","NEWT","TRAD","2026-06-30T19:38:16Z","","CR","","N","FALSE","2026-06-30T19:38:16Z","2026-06-30","2026-08-19","2031-06-20","FALSE","BILT","FALSE","FALSE","TRUE","300,000,000","","USD","","","","","","","","","","","","","","","","","","","","","","","","2026-08-19","0.01","","273,750","USD","","","","","","","0.0055","","false","","","","","3","A004","","","","","","","","","MNTH","","","","3","","","","","","","","","","false","1","","","","","","","","","","FALSE","","","","","","","","","QZT4QS79CCTS","NA/CDS Idx Swt","NA/CDS Corp Idx"
"3943612449000000201","","NEWT","TRAD","2026-06-30T20:10:15Z","","CR","","I","TRUE","2026-06-30T20:10:15Z","2026-07-01","2031-06-20","","FALSE","BBSF","FALSE","FALSE","","25,000,000","","USD","","","","","","","","","","","","","","","","","","","","","","","","","0.01","","","","","","0.0050977","","","","","","false","","","3","","","A004","","","","","","","","554793.72000","MNTH","","","","3","","","","UFRO","USD","","","","","false","1","","","","","","","","","","FALSE","","","","","","","","","QZ3WVVQG5T8K","NA/CDS Corp Idx","CDX.NA.IG"
"3943755023000000302","","NEWT","TRAD","2026-06-30T20:14:41Z","","CR","","I","TRUE","2026-06-30T20:14:41Z","2026-03-20","2031-06-20","","FALSE","TPSE","FALSE","FALSE","","5,000,000","","USD","","","","","","","","","","","","","","","","","","","","","","","","","0.05","","","","","","108.06","","USD","","","","false","","","1","","","A004","","","","","","","","","MNTH","","","","3","","","","","","USD","","","","false","0.99","","","","","","","OTHR","","","FALSE","","","","","","","","","QZHH8NT767RX","NA/CDS Corp Idx","CDX.NA.HY"
"3943755022000000202","","NEWT","TRAD","2026-06-30T20:14:26Z","","CR","","I","TRUE","2026-06-30T20:14:26Z","2026-03-20","2031-06-20","","FALSE","TPSE","FALSE","FALSE","","5,000,000","","USD","","","","","","","","","","","","","","","","","","","","","","","","","0.05","","","","","","108.06","","USD","","","","false","","","1","","","A004","","","","","","","","","MNTH","","","","3","","","","","","USD","","","","false","0.99","","","","","","","OTHR","","","FALSE","","","","","","","","","QZHH8NT767RX","NA/CDS Corp Idx","CDX.NA.HY"
"3943838365000000101","3943755023000000302","MODI","TRAD","2026-06-30T20:16:43Z","TRUE","CR","","I","TRUE","2026-06-30T20:14:41Z","2026-03-20","2031-06-20","","FALSE","TPSE","FALSE","FALSE","","5,000,000","","USD","","","","","","","","","","","","","","","","","","","","","","","","","0.05","","","","","","108.06","","USD","","","","false","","","1","","","A004","","","","","","","","","MNTH","","","","3","","","","","","USD","","","","false","0.99","","","","","","","OTHR","","","FALSE","","","","","","","","","QZHH8NT767RX","NA/CDS Corp Idx","CDX.NA.HY"
"3940311643000000101","3921088970000000101","MODI","TRAD","2026-06-30T15:21:16Z","TRUE","CR","","N","FALSE","2026-06-29T18:50:54Z","2026-12-16","2026-12-16","2031-06-20","FALSE","BILT","FALSE","FALSE","TRUE","400,000,000+","","USD","","","","","","","","","","","","","","","","","","","","","","","","2026-12-16","0.01","","1,050,013.125","USD","","","","","","","0.006","","false","","","","","3","A004","","","","","","","","","MNTH","","","","3","","","","","","","","","","false","","","","","","","","","","","FALSE","","","","","","","","","QZ9Z7H8JV03N","NA/CDS Idx Swt","NA/CDS Corp Idx"
"3943326318000000101","","NEWT","TRAD","2026-06-30T19:57:55Z","","CR","","I","TRUE","2026-06-30T19:57:55Z","2026-07-01","2031-06-20","","","TWSF","FALSE","FALSE","","65,000,000","","USD","","","","","","","","","","","","","","","","","","","","","","","","","0.01","","","","","","0.0050835","","","","","","false","","","3","","","A004","","","","","","","","1446676.47000","MNTH","","","","3","","","","UFRO","USD","","","","","false","1","","","","","","","","","","FALSE","","","","","","","","","QZ3WVVQG5T8K","NA/CDS Corp Idx","CDX.NA.IG"
"3939979544000000201","","NEWT","TRAD","2026-06-30T14:43:59Z","","CR","","I","TRUE","2026-06-30T14:43:59Z","2026-07-01","2031-06-20","","FALSE","BBSF","FALSE","FALSE","","71,000,000","","USD","","","","","","","","","","","","","","","","","","","","","","","","","0.01","","","","","","0.00507195","","","","","","false","","","3","","","A004","","","","","","","","1583958.44678","MNTH","","","","3","","","","UFRO","USD","","","","","false","1","","","","","","","","","","FALSE","","","","","","","","","QZ3WVVQG5T8K","NA/CDS Corp Idx","CDX.NA.IG"
"3939997459000000101","","NEWT","TRAD","2026-06-30T14:46:03Z","","CR","","I","TRUE","2026-06-30T14:46:03Z","2026-07-01","2031-06-20","","FALSE","BBSF","FALSE","FALSE","","25,000,000","","USD","","","","","","","","","","","","","","","","","","","","","","","","","0.05","","","","","","0.010814","","","","","","false","","","3","","","A004","","","","","","","","2045587.50000","MNTH","","","","3","","","","UFRO","USD","","","","","false","0.99","","","","","","","","","","FALSE","","","","","","","","","QZHH8NT767RX","NA/CDS Corp Idx","CDX.NA.HY"
"3939890866000000201","","NEWT","TRAD","2026-06-30T14:34:54Z","","CR","","I","FALSE","2026-06-30T14:34:54Z","2026-07-01","2031-06-20","","FALSE","BBSF","FALSE","TRUE","","96,271,998+","","EUR","","","","","","","","","","","","","","","","","","","","","","","","","0.01","","","","","","0.005422","","","","","","false","","","3","","","A004","","","","","","","","2066080.81685","MNTH","","","","3","","","","UFRO","EUR","","","","","false","1","","","","","","","","","","TRUE","","","","0.0002729","","3","","","QZTB38W3WJ98","NA/CDS Corp Idx","ITRAXX EUROPE SENIOR FINANCIALS"
"3939908090000000201","","NEWT","TRAD","2026-06-30T14:35:10Z","","CR","","I","TRUE","2026-06-30T14:35:10Z","2026-07-01","2031-06-20","","","TWSF","FALSE","TRUE","","35,000,000","","EUR","","","","","","","","","","","","","","","","","","","","","","","","","0.05","","","","","","0.0244314","","","","","","false","","","3","","","A004","","","","","","","","3885294.33545","MNTH","","","","3","","","","UFRO","EUR","","","","","false","1","","","","","","","","","","FALSE","","","","","","","","","QZ3HM9KVK2WL","NA/CDS Corp Idx","ITRAXX EUROPE CROSSOVER"
"3940027872000000401","","NEWT","TRAD","2026-06-30T14:49:23Z","","CR","","I","TRUE","2026-06-30T14:49:23Z","2026-03-20","2031-06-20","","FALSE","TPSE","FALSE","FALSE","","20,000,000","","USD","","","","","","","","","","","","","","","","","","","","","","","","","0.05","","","","","","108.13","","USD","","","","false","","","1","","","A004","","","","","","","","","MNTH","","","","3","","","","","","USD","","","","false","0.99","","","","","","","OTHR","","","FALSE","","","","","","","","","QZHH8NT767RX","NA/CDS Corp Idx","CDX.NA.HY"
"3940041893000000901","3940041886000000201","MODI","TRAD","2026-06-30T14:50:10Z","TRUE","CR","","I","TRUE","2026-06-30T14:49:38Z","2026-03-20","2031-06-20","","FALSE","TPSE","FALSE","FALSE","","5,000,000","","USD","","","","","","","","","","","","","","","","","","","","","","","","","0.05","","","","","","108.13","","USD","","","","false","","","1","","","A004","","","","","","","","","MNTH","","","","3","","","","","","USD","","","","false","0.99","","","","","","","OTHR","","","FALSE","","","","","","","","","QZHH8NT767RX","NA/CDS Corp Idx","CDX.NA.HY"
"3939961709000000201","","NEWT","TRAD","2026-06-30T14:42:18Z","","CR","","I","TRUE","2026-06-30T14:42:18Z","2026-07-01","2026-12-20","","FALSE","BBSF","FALSE","TRUE","","180,000,000","","EUR","","","","","","","","","","","","","","","","","","","","","","","","","0.01","","","","","","0.00064285","","","","","","false","","","3","","","A004","","","","","","","","847473.50638","MNTH","","","","3","","","","UFRO","EUR","","","","","false","1","","","","","","","","","","FALSE","","","","","","","","","QZVGDQ9GN00T","NA/CDS Corp Idx","ITRAXX EUROPE"
"3941152509000000301","","NEWT","TRAD","2026-06-30T16:25:02Z","","CR","","I","TRUE","2026-06-30T16:25:02Z","2026-07-01","2031-06-20","","FALSE","BBSF","FALSE","TRUE","","76,000,000+","","USD","","","","","","","","","","","","","","","","","","","","","","","","","0.05","","","","","","0.010814","","","","","","false","","","3","","","A004","","","","","","","","6218586.00000","MNTH","","","","3","","","","UFRO","USD","","","","","false","0.99","","","","","","","","","","FALSE","","","","","","","","","QZHH8NT767RX","NA/CDS Corp Idx","CDX.NA.HY"
"3941122034000000101","","NEWT","TRAD","2026-06-30T16:22:43Z","","CR","","I","TRUE","2026-06-30T16:22:43Z","2026-07-01","2031-06-20","","FALSE","BBSF","FALSE","FALSE","","70,000,000","","EUR","","","","","","","","","","","","","","","","","","","","","","","","","0.01","","","","","","0.00515","","","","","","false","","","3","","","A004","","","","","","","","1592219.39224","MNTH","","","","3","","","","UFRO","EUR","","","","","false","1","","","","","","","","","","FALSE","","","","","","","","","QZTQ4GTC5QMF","NA/CDS Corp Idx","ITRAXX EUROPE"
"3938285983000000301","","NEWT","TRAD","2026-06-30T12:34:54Z","","CR","","N","FALSE","2026-06-30T12:34:54Z","2026-03-20","2031-06-20","2031-06-20","TRUE","BILT","FALSE","TRUE","TRUE","350,079,993+","","EUR","","","","","","","","","","","","","","","","","","","","","","","","2026-10-21","0.01","","337,827.2","EUR","","","","","","","0.0075","","false","","","","","3","A004","","","","","","","","","MNTH","","","","3","","","","","","","","","","false","1","","","","","","","","","","FALSE","","","","","","","","","QZX75BBR2PZH","NA/CDS Idx Swt","NA/CDS Corp Idx"
"3941795425000000101","","NEWT","TRAD","2026-06-30T17:41:26Z","","CR","","I","TRUE","2026-06-30T17:41:26Z","2026-07-01","2031-06-20","","","TWSF","FALSE","TRUE","","250,000,000+","","USD","","","","","","","","","","","","","","","","","","","","","","","","","0.01","","","","","","0.00508677","","","","","","false","","","3","","","A004","","","","","","","","5560353.21925","MNTH","","","","3","","","","UFRO","USD","","","","","false","1","","","","","","","","","","FALSE","","","","","","","","","QZ3WVVQG5T8K","NA/CDS Corp Idx","CDX.NA.IG"
"3941931631000000101","","NEWT","TRAD","2026-06-30T17:59:51Z","","CR","","N","FALSE","2026-06-30T17:59:51Z","2026-03-20","2026-08-19","","FALSE","BILT","FALSE","FALSE","TRUE","200,000,000","","USD","","","","","","","","","","","","","","","","","","","","","","","","2026-08-19","0.006","","100,000","USD","","","1","","","","0.6","","false","","","3","","3","A004","","","","","","","","","MNTH","","","","3","","","","","","","","","","false","","","","","","","","","","","FALSE","","","","","","","","","QZ7WW76RFHN3","NA/CDS Idx Swt","NA/CDS Corp Idx"
"3941965235000000101","","NEWT","TRAD","2026-06-30T18:16:50Z","","CR","","I","TRUE","2026-06-30T18:16:50Z","2026-07-01","2031-06-20","","FALSE","BBSF","FALSE","TRUE","","250,000,000+","","USD","","","","","","","","","","","","","","","","","","","","","","","","","0.01","","","","","","0.005075","","","","","","false","","","3","","","A004","","","","","","","","5573873.63590","MNTH","","","","3","","","","UFRO","USD","","","","","false","1","","","","","","","","","","TRUE","","","","0.005075","","3","","","QZ3WVVQG5T8K","NA/CDS Corp Idx","CDX.NA.IG"
"3938324902000000201","","NEWT","TRAD","2026-06-30T12:37:50Z","","CR","","I","TRUE","2026-06-30T12:37:50Z","2026-07-01","2031-06-20","","FALSE","BBSF","FALSE","TRUE","","46,000,000","","EUR","","","","","","","","","","","","","","","","","","","","","","","","","0.05","","","","","","0.024397","","","","","","false","","","3","","","A004","","","","","","","","5113842.72545","MNTH","","","","3","","","","UFRO","EUR","","","","","false","1","","","","","","","","","","FALSE","","","","","","","","","QZ3HM9KVK2WL","NA/CDS Corp Idx","ITRAXX EUROPE CROSSOVER"
"3933829905000000301","","NEWT","TRAD","2026-06-30T09:38:42Z","","CR","","I","TRUE","2026-06-30T09:38:42Z","2026-03-20","2031-06-20","","FALSE","BGCD","FALSE","FALSE","","10,000,000","","EUR","","","","","","","","","","","","","","","","","","","","","","","","","","","","","","","0.02435","","","","","","false","","","3","","","A004","","","","","","","","","MNTH","","","","3","","","","","","","","","","false","1","","","","","","","","","","FALSE","","","","","","","","","QZ3HM9KVK2WL","NA/CDS Corp Idx","ITRAXX EUROPE CROSSOVER"
"3933829906000000401","","NEWT","TRAD","2026-06-30T09:38:42Z","","CR","","I","TRUE","2026-06-30T09:38:42Z","2026-03-20","2031-06-20","","FALSE","BGCD","FALSE","FALSE","","10,000,000","","EUR","","","","","","","","","","","","","","","","","","","","","","","","","","","","","","","0.02435","","","","","","false","","","3","","","A004","","","","","","","","","MNTH","","","","3","","","","","","","","","","false","1","","","","","","","","","","FALSE","","","","","","","","","QZ3HM9KVK2WL","NA/CDS Corp Idx","ITRAXX EUROPE CROSSOVER"
"3938561434000000101","","NEWT","TRAD","2026-06-30T12:53:37Z","","CR","","I","TRUE","2026-06-30T12:53:37Z","2026-07-01","2031-06-20","","","TWSF","FALSE","FALSE","","850,000","","USD","","","","","","","","","","","","","","","","","","","","","","","","","0.01","","","","","","0.0050788","","","","","","false","","","3","","","A004","","","","","","","","18936.31000","MNTH","","","","3","","","","UFRO","USD","","","","","false","1","","","","","","","","","","FALSE","","","","","","","","","QZ3WVVQG5T8K","NA/CDS Corp Idx","CDX.NA.IG"
"3938608367000000101","","NEWT","TRAD","2026-06-30T12:57:03Z","","CR","","I","TRUE","2026-06-30T12:57:03Z","2026-03-20","2031-06-20","","FALSE","BGCD","FALSE","FALSE","","50,000,000","","EUR","","","","","","","","","","","","","","","","","","","","","","","","","","","","","","","0.0051375","","","","","","false","","","3","","","A004","","","","","","","","","MNTH","","","","3","","","","","","","","","","false","1","","","","","","","","","","TRUE","","","","-0.0014","","3","","","QZTQ4GTC5QMF","NA/CDS Corp Idx","ITRAXX EUROPE"
"3938293014000000101","","NEWT","TRAD","2026-06-30T12:34:04Z","FALSE","CR","","I","FALSE","2026-06-30T12:34:04Z","2026-03-20","2031-06-20","","","GFSO","FALSE","FALSE","TRUE","10,000,000","","EUR","","","","","","","","","","","","","","","","","","","","","","","","","0.01","","","","","","","","","","","","false","","","","","","A004","","","","","","","","52050.00000","MNTH","","","","3","","","","UFRO","EUR","","","","","false","1","","","","","","","","","","FALSE","","","","","","","","","QZ5GD86QBKCC","NA/CDS Corp Idx","ITRAXX EUROPE SUB FINANCIALS"
"3943302229000000601","","NEWT","TRAD","2026-06-30T19:54:15Z","","CR","","I","TRUE","2026-06-30T19:54:15Z","2026-07-01","2031-06-20","","FALSE","BBSF","FALSE","FALSE","","25,000,000","","USD","","","","","","","","","","","","","","","","","","","","","","","","","0.01","","","","","","0.00508605","","","","","","false","","","3","","","A004","","","","","","","","556123.04000","MNTH","","","","3","","","","UFRO","USD","","","","","false","1","","","","","","","","","","FALSE","","","","","","","","","QZ3WVVQG5T8K","NA/CDS Corp Idx","CDX.NA.IG"
"3938679103000000201","","NEWT","TRAD","2026-06-30T13:02:57Z","","CR","","I","TRUE","2026-06-30T13:02:57Z","2026-07-01","2031-06-20","","FALSE","BBSF","FALSE","FALSE","","9,000,000","","USD","","","","","","","","","","","","","","","","","","","","","","","","","0.05","","","","","","0.01081227","","","","","","false","","","3","","","A004","","","","","","","","734870.07000","MNTH","","","","3","","","","UFRO","USD","","","","","false","0.99","","","","","","","","","","FALSE","","","","","","","","","QZHH8NT767RX","NA/CDS Corp Idx","CDX.NA.HY"
"3930759644000000301","","NEWT","TRAD","2026-06-30T08:42:54Z","","CR","","I","TRUE","2026-06-30T08:42:54Z","2026-07-01","2031-06-20","","FALSE","BBSF","FALSE","FALSE","","20,000,000","","EUR","","","","","","","","","","","","","","","","","","","","","","","","","0.05","","","","","","0.0244825","","","","","","false","","","3","","","A004","","","","","","","","2215336.66000","MNTH","","","","3","","","","UFRO","EUR","","","","","false","1","","","","","","","","","","TRUE","","","","-0.0013375","","3","","","QZ3HM9KVK2WL","NA/CDS Corp Idx","ITRAXX EUROPE CROSSOVER"
"3930759642000000101","","NEWT","TRAD","2026-06-30T08:42:54Z","","CR","","I","TRUE","2026-06-30T08:42:54Z","2026-07-01","2031-06-20","","FALSE","BBSF","FALSE","FALSE","","100,000,000","","EUR","","","","","","","","","","","","","","","","","","","","","","","","","0.01","","","","","","0.005164","","","","","","false","","","3","","","A004","","","","","","","","2267967.01000","MNTH","","","","3","","","","UFRO","EUR","","","","","false","1","","","","","","","","","","TRUE","","","","-0.0013375","","3","","","QZTQ4GTC5QMF","NA/CDS Corp Idx","ITRAXX EUROPE"
"3930858897000000101","","NEWT","TRAD","2026-06-30T08:43:59Z","","CR","","I","TRUE","2026-06-30T08:43:59Z","2026-07-01","2031-06-20","","FALSE","BBSF","FALSE","FALSE","","50,000,000","","EUR","","","","","","","","","","","","","","","","","","","","","","","","","0.01","","","","","","0.0051655","","","","","","false","","","3","","","A004","","","","","","","","1133628.80000","MNTH","","","","3","","","","UFRO","EUR","","","","","false","1","","","","","","","","","","FALSE","","","","","","","","","QZTQ4GTC5QMF","NA/CDS Corp Idx","ITRAXX EUROPE"
"3944008679000000101","","NEWT","TRAD","2026-06-30T20:21:02Z","","CR","","I","TRUE","2026-06-30T20:21:02Z","2026-07-01","2031-06-20","","FALSE","BBSF","FALSE","FALSE","","75,000,000","","USD","","","","","","","","","","","","","","","","","","","","","","","","","0.01","","","","","","0.00508","","","","","","false","","","3","","","A004","","","","","","","","1670440.28000","MNTH","","","","3","","","","UFRO","USD","","","","","false","1","","","","","","","","","","TRUE","","","","0.00508","","3","","","QZ3WVVQG5T8K","NA/CDS Corp Idx","CDX.NA.IG"
"3941956607000000101","","NEWT","TRAD","2026-06-30T18:14:43Z","","CR","","N","FALSE","2026-06-30T18:14:43Z","2022-09-20","2027-12-20","2027-12-20","FALSE","BILT","FALSE","FALSE","TRUE","20,000,000","","USD","","","","","","","","","","","","","","","","","","","","","","","","","0.05","","","","","","","","","","","","false","","","","","","A004","","","","","","","","1319000.00000","MNTH","","","","3","","","","UFRO","USD","","","","","false","0.96","","","","","","","","","","FALSE","","","","","","","","","QZT9XPWT90XL","NA/CDS Corp Idx Tra","CDX.NA.HY"
"3942147133000000501","","NEWT","TRAD","2026-06-30T18:13:38Z","","CR","","N","FALSE","2026-06-30T18:13:38Z","2024-09-20","2029-12-20","2029-12-20","FALSE","BILT","FALSE","FALSE","TRUE","20,000,000","","USD","","","","","","","","","","","","","","","","","","","","","","","","","0.05","","","","","","","","","","","","true","","","","","","A004","","","","","","","","2835000.00000","MNTH","","","","3","","","","UFRO","USD","","","","","false","1","","","","","","","","","","FALSE","","","","","","","","","QZXZSGW62G18","NA/CDS Corp Idx Tra","CDX.NA.HY"
"3942173853000000201","","NEWT","TRAD","2026-06-30T18:45:59Z","","CR","","I","TRUE","2026-06-30T18:45:59Z","2026-07-01","2031-06-20","","","TWSF","FALSE","TRUE","","70,000,000","","USD","","","","","","","","","","","","","","","","","","","","","","","","","0.05","","","","","","0.010809","","","","","","false","","","3","","","A004","","","","","","","","5692995.00000","MNTH","","","","3","","","","UFRO","USD","","","","","false","0.99","","","","","","","","","","FALSE","","","","","","","","","QZHH8NT767RX","NA/CDS Corp Idx","CDX.NA.HY"
"3942505415000000101","","NEWT","TRAD","2026-06-30T19:02:28Z","","CR","","I","TRUE","2026-06-30T19:02:28Z","2026-07-01","2031-06-20","","FALSE","BBSF","FALSE","FALSE","","150,000,000","","USD","","","","","","","","","","","","","","","","","","","","","","","","","0.01","","","","","","0.00507934","","","","","","false","","","3","","","A004","","","","","","","","3341332.46000","MNTH","","","","3","","","","UFRO","USD","","","","","false","1","","","","","","","","","","FALSE","","","","","","","","","QZ3WVVQG5T8K","NA/CDS Corp Idx","CDX.NA.IG"
"3928867090000000101","","NEWT","TRAD","2026-06-30T08:02:37Z","","CR","","I","TRUE","2026-06-30T08:02:37Z","2026-07-01","2031-06-20","","","TWSF","FALSE","FALSE","","8,000,000","","EUR","","","","","","","","","","","","","","","","","","","","","","","","","0.01","","","","","","0.005162","","","","","","false","","","3","","","A004","","","","","","","","181512.17688","MNTH","","","","3","","","","UFRO","EUR","","","","","false","1","","","","","","","","","","FALSE","","","","","","","","","QZTQ4GTC5QMF","NA/CDS Corp Idx","ITRAXX EUROPE"
"3938748669000000301","","NEWT","TRAD","2026-06-30T13:08:37Z","","CR","","I","TRUE","2026-06-30T13:08:37Z","2026-07-01","2031-06-20","","FALSE","BBSF","FALSE","FALSE","","12,000,000","","EUR","","","","","","","","","","","","","","","","","","","","","","","","","0.01","","","","","","0.005152","","","","","","false","","","3","","","A004","","","","","","","","272837.11000","MNTH","","","","3","","","","UFRO","EUR","","","","","false","1","","","","","","","","","","FALSE","","","","","","","","","QZTQ4GTC5QMF","NA/CDS Corp Idx","ITRAXX EUROPE"
"3938874400000000201","","NEWT","TRAD","2026-06-30T13:18:49Z","","CR","","I","TRUE","2026-06-30T13:18:49Z","2026-07-01","2031-06-20","","","TWSF","FALSE","FALSE","","700,000","","EUR","","","","","","","","","","","","","","","","","","","","","","","","","0.05","","","","","","0.02436","","","","","","false","","","3","","","A004","","","","","","","","77941.98054","MNTH","","","","3","","","","UFRO","EUR","","","","","false","1","","","","","","","","","","FALSE","","","","","","","","","QZ3HM9KVK2WL","NA/CDS Corp Idx","ITRAXX EUROPE CROSSOVER"
"3938748668000000201","","NEWT","TRAD","2026-06-30T13:08:26Z","","CR","","I","TRUE","2026-06-30T13:08:26Z","2026-07-01","2031-06-20","","FALSE","BBSF","FALSE","TRUE","","47,260,799+","","EUR","","","","","","","","","","","","","","","","","","","","","","","","","0.05","","","","","","0.0244125","","","","","","false","","","3","","","A004","","","","","","","","5250588.75888","MNTH","","","","3","","","","UFRO","EUR","","","","","false","1","","","","","","","","","","TRUE","","","","0.00344","","3","","","QZ3HM9KVK2WL","NA/CDS Corp Idx","ITRAXX EUROPE CROSSOVER"
"3938649898000000101","","NEWT","TRAD","2026-06-30T13:00:48Z","","CR","","I","FALSE","2026-06-30T13:00:48Z","2026-07-01","2028-06-20","","FALSE","BBSF","FALSE","TRUE","","100,000","","USD","","","","","","","","","","","","","","","","","","","","","","","","","0.01","","","","","","0.010074","","","","","","false","","","3","","","A004","","","","","","","","765.00000","MNTH","","","","3","","","","UFRO","USD","","","","","false","1","","","","","","","","","","FALSE","","","","","","","","","QZJ0BKQ5CGHD","NA/CDS Corp Idx","CDX.EM"
"3938775323000000201","","NEWT","TRAD","2026-06-30T13:11:07Z","","CR","","I","TRUE","2026-06-30T13:11:07Z","2026-07-01","2031-06-20","","FALSE","BBSF","FALSE","FALSE","","15,000,000","","EUR","","","","","","","","","","","","","","","","","","","","","","","","","0.05","","","","","","0.024378","","","","","","false","","","3","","","A004","","","","","","","","1668912.70000","MNTH","","","","3","","","","UFRO","EUR","","","","","false","1","","","","","","","","","","FALSE","","","","","","","","","QZ3HM9KVK2WL","NA/CDS Corp Idx","ITRAXX EUROPE CROSSOVER"
"3930759645000000401","","NEWT","TRAD","2026-06-30T08:42:54Z","","CR","","I","TRUE","2026-06-30T08:42:54Z","2026-07-01","2031-06-20","","FALSE","BBSF","FALSE","TRUE","","160,000,000","","EUR","","","","","","","","","","","","","","","","","","","","","","","","","0.01","","","","","","0.0051595","","","","","","false","","","3","","","A004","","","","","","","","3632159.88581","MNTH","","","","3","","","","UFRO","EUR","","","","","false","1","","","","","","","","","","TRUE","","","","0.003415","","3","","","QZTQ4GTC5QMF","NA/CDS Corp Idx","ITRAXX EUROPE"
"3930213521000000101","","NEWT","TRAD","2026-06-30T08:33:30Z","","CR","","I","TRUE","2026-06-30T08:33:30Z","2026-07-01","2031-06-20","","FALSE","BBSF","FALSE","FALSE","","12,000,000","","EUR","","","","","","","","","","","","","","","","","","","","","","","","","0.01","","","","","","0.00516","","","","","","false","","","3","","","A004","","","","","","","","272383.06000","MNTH","","","","3","","","","UFRO","EUR","","","","","false","1","","","","","","","","","","FALSE","","","","","","","","","QZTQ4GTC5QMF","NA/CDS Corp Idx","ITRAXX EUROPE"
"3926768636000000101","","NEWT","TRAD","2026-06-30T07:10:00Z","","CR","","I","FALSE","2026-06-30T07:10:00Z","2026-07-01","2030-12-20","","","TWSF","FALSE","TRUE","","47,260,799+","","EUR","","","","","","","","","","","","","","","","","","","","","","","","","0.05","","","","","","0.021","","","","","","false","","","3","","","A004","","","","","","","","5502942.18748","MNTH","","","","3","","","","UFRO","EUR","","","","","false","1","","","","","","","","","","FALSE","","","","","","","","","QZ5F5FRS4TR9","NA/CDS Corp Idx","ITRAXX EUROPE CROSSOVER"
"3937200772000000101","","NEWT","TRAD","2026-06-30T11:01:05Z","","CR","","I","TRUE","2026-06-30T11:01:05Z","2026-07-01","2031-06-20","","FALSE","BBSF","FALSE","FALSE","","59,000,000","","EUR","","","","","","","","","","","","","","","","","","","","","","","","","0.01","","","","","","0.005141","","","","","","false","","","3","","","A004","","","","","","","","1344518.93000","MNTH","","","","3","","","","UFRO","EUR","","","","","false","1","","","","","","","","","","FALSE","","","","","","","","","QZTQ4GTC5QMF","NA/CDS Corp Idx","ITRAXX EUROPE"
"3939064470000000101","","NEWT","TRAD","2026-06-30T13:29:38Z","","CR","","I","TRUE","2026-06-30T13:29:38Z","2026-07-01","2031-06-20","","","TWSF","FALSE","FALSE","","8,000,000","","EUR","","","","","","","","","","","","","","","","","","","","","","","","","0.05","","","","","","0.024365","","","","","","false","","","3","","","A004","","","","","","","","890578.65000","MNTH","","","","3","","","","UFRO","EUR","","","","","false","1","","","","","","","","","","FALSE","","","","","","","","","QZ3HM9KVK2WL","NA/CDS Corp Idx","ITRAXX EUROPE CROSSOVER"
"3938714684000000101","","NEWT","TRAD","2026-06-30T13:06:19Z","","CR","","I","TRUE","2026-06-30T13:06:19Z","2026-07-01","2031-06-20","","FALSE","BBSF","FALSE","FALSE","","500,000","","USD","","","","","","","","","","","","","","","","","","","","","","","","","0.05","","","","","","0.010811873","","","","","","false","","","3","","","A004","","","","","","","","40806.46000","MNTH","","","","3","","","","UFRO","USD","","","","","false","0.99","","","","","","","","","","FALSE","","","","","","","","","QZHH8NT767RX","NA/CDS Corp Idx","CDX.NA.HY"
"3948028037000000201","2810880631000000101","MODI","TRAD","2026-06-30T22:35:27Z","TRUE","CR","","N","FALSE","2026-01-22T20:31:02Z","2026-01-22","2026-09-08","","FALSE","BILT","FALSE","FALSE","TRUE","260,000,000","","USD","","","","","","","","","","","","","","","","","","","","","","","","","","","","","","","","","","","","","false","","","","","","","","","","","","","","0.00000","","","","","","","","","UFRO","USD","USD","","","","true","","","","","","","","","","","FALSE","","","","","","","","","QZRR0D5S3SHF","NA/CDS Corp Basket","Basket"
"3948028036000000101","2387777615000000701","MODI","TRAD","2026-06-30T22:35:10Z","TRUE","CR","","N","FALSE","2026-01-20T20:48:02Z","2026-01-20","2026-12-10","","FALSE","BILT","FALSE","FALSE","TRUE","59,000,000","","USD","","","","","","","","","","","","","","","","","","","","","","","","","","","","","","","","","","","","","false","","","","","","","","","","","","","","0.00000","","","","","","","","","UFRO","USD","USD","","","","true","","","","","","","","","","","FALSE","","","","","","","","","QZRR0D5S3SHF","NA/CDS Corp Basket","Basket"
"3927215623000000101","","NEWT","TRAD","2026-06-30T07:25:21Z","","CR","","I","TRUE","2026-06-30T07:25:21Z","2026-07-01","2031-06-20","","","TWSF","FALSE","FALSE","","50,000,000","","EUR","","","","","","","","","","","","","","","","","","","","","","","","","0.01","","","","","","0.00515333","","","","","","false","","","3","","","A004","","","","","","","","1136506.75000","MNTH","","","","3","","","","UFRO","EUR","","","","","false","1","","","","","","","","","","FALSE","","","","","","","","","QZTQ4GTC5QMF","NA/CDS Corp Idx","ITRAXX EUROPE"
"3927297940000000101","","NEWT","TRAD","2026-06-30T07:27:55Z","","CR","","I","TRUE","2026-06-30T07:27:55Z","2026-07-01","2031-06-20","","","TWSF","FALSE","FALSE","","39,000,000","","EUR","","","","","","","","","","","","","","","","","","","","","","","","","0.01","","","","","","0.0054215","","","","","","false","","","3","","","A004","","","","","","","","837061.59000","MNTH","","","","3","","","","UFRO","EUR","","","","","false","1","","","","","","","","","","FALSE","","","","","","","","","QZTB38W3WJ98","NA/CDS Corp Idx","ITRAXX EUROPE SENIOR FINANCIALS"
"3934625468000000101","","NEWT","TRAD","2026-06-30T10:02:56Z","","CR","","I","TRUE","2026-06-30T10:02:56Z","2026-07-01","2031-06-20","","FALSE","BBSF","FALSE","FALSE","","30,000,000","","EUR","","","","","","","","","","","","","","","","","","","","","","","","","0.05","","","","","","0.024326","","","","","","false","","","3","","","A004","","","","","","","","3345204.60000","MNTH","","","","3","","","","UFRO","EUR","","","","","false","1","","","","","","","","","","FALSE","","","","","","","","","QZ3HM9KVK2WL","NA/CDS Corp Idx","ITRAXX EUROPE CROSSOVER"
"3926378069000000101","","NEWT","TRAD","2026-06-30T06:30:28Z","","CR","","I","TRUE","2026-06-30T06:30:28Z","2026-07-01","2031-06-20","","FALSE","BBSF","FALSE","FALSE","","50,000,000","","EUR","","","","","","","","","","","","","","","","","","","","","","","","","0.01","","","","","","0.00516","","","","","","false","","","3","","","A004","","","","","","","","1134929.40000","MNTH","","","","3","","","","UFRO","EUR","","","","","false","1","","","","","","","","","","FALSE","","","","","","","","","QZTQ4GTC5QMF","NA/CDS Corp Idx","ITRAXX EUROPE"
"3936430018000000201","","NEWT","TRAD","2026-06-30T10:35:37Z","","CR","","I","FALSE","2026-06-30T10:35:37Z","2026-07-01","2031-06-20","","","TWSF","FALSE","FALSE","","15,000,000","","EUR","","","","","","","","","","","","","","","","","","","","","","","","","0.05","","","","","","0.0243509","","","","","","false","","","3","","","A004","","","","","","","","1670835.37000","MNTH","","","","3","","","","UFRO","EUR","","","","","false","1","","","","","","","","","","FALSE","","","","","","","","","QZ3HM9KVK2WL","NA/CDS Corp Idx","ITRAXX EUROPE CROSSOVER"
"3926353954000001001","","NEWT","TRAD","2026-06-30T06:20:39Z","","CR","","I","FALSE","2026-06-30T06:20:39Z","2026-03-20","2031-06-20","2031-06-20","FALSE","BILT","FALSE","FALSE","TRUE","50,000,000","","USD","","","","","","","","","","","","","","","","","","","","","","","","","0.01","","","","","","","","","","","","false","","","","","","A004","","","","","","","","729380.51000","MNTH","","","","3","","","","UFRO","USD","","","","","false","1","","","","","","","","","","FALSE","","","","","","","","","QZD2VPNQ9ZFX","NA/CDS Corp Idx","ITRAXX ASIA EX-JAPAN IG"
"3939363315000000201","","NEWT","TRAD","2026-06-30T13:49:15Z","","CR","","I","TRUE","2026-06-30T13:49:15Z","2026-07-01","2031-06-20","","FALSE","BBSF","FALSE","TRUE","","45,000,000","","EUR","","","","","","","","","","","","","","","","","","","","","","","","","0.05","","","","","","0.024335","","","","","","false","","","3","","","A004","","","","","","","","5015890.83000","MNTH","","","","3","","","","UFRO","EUR","","","","","false","1","","","","","","","","","","FALSE","","","","","","","","","QZ3HM9KVK2WL","NA/CDS Corp Idx","ITRAXX EUROPE CROSSOVER"
"3939171122000000101","","NEWT","TRAD","2026-06-30T13:35:38Z","","CR","","I","TRUE","2026-06-30T13:35:38Z","2026-07-01","2031-06-20","","FALSE","BBSF","FALSE","FALSE","","10,000,000","","EUR","","","","","","","","","","","","","","","","","","","","","","","","","0.05","","","","","","0.024346","","","","","","false","","","3","","","A004","","","","","","","","1114122.03000","MNTH","","","","3","","","","UFRO","EUR","","","","","false","1","","","","","","","","","","FALSE","","","","","","","","","QZ3HM9KVK2WL","NA/CDS Corp Idx","ITRAXX EUROPE CROSSOVER"
"3939211279000000201","","NEWT","TRAD","2026-06-30T13:38:29Z","","CR","","I","TRUE","2026-06-30T13:38:29Z","2026-07-01","2031-06-20","","","TWSF","FALSE","FALSE","","13,000,000","","USD","","","","","","","","","","","","","","","","","","","","","","","","","0.05","","","","","","0.01081","","","","","","false","","","3","","","A004","","","","","","","","1058554.82918","MNTH","","","","3","","","","UFRO","USD","","","","","false","0.99","","","","","","","","","","FALSE","","","","","","","","","QZHH8NT767RX","NA/CDS Corp Idx","CDX.NA.HY"
"3939040022000000101","","NEWT","TRAD","2026-06-30T13:28:16Z","","CR","","I","TRUE","2026-06-30T13:28:16Z","2026-07-01","2031-06-20","","FALSE","BBSF","FALSE","TRUE","","200,000,000","","USD","","","","","","","","","","","","","","","","","","","","","","","","","0.01","","","","","","0.005072","","","","","","false","","","3","","","A004","","","","","","","","4461811.08000","MNTH","","","","3","","","","UFRO","USD","","","","","false","1","","","","","","","","","","FALSE","","","","","","","","","QZ3WVVQG5T8K","NA/CDS Corp Idx","CDX.NA.IG"
"3939204015000000101","","NEWT","TRAD","2026-06-30T13:37:41Z","","CR","","I","FALSE","2026-06-30T13:37:41Z","2026-07-01","2031-06-20","","","TWSF","FALSE","FALSE","","800,000","","EUR","","","","","","","","","","","","","","","","","","","","","","","","","0.01","","","","","","0.00514817","","","","","","false","","","3","","","A004","","","","","","","","18203.63000","MNTH","","","","3","","","","UFRO","EUR","","","","","false","1","","","","","","","","","","FALSE","","","","","","","","","QZTQ4GTC5QMF","NA/CDS Corp Idx","ITRAXX EUROPE"
"3939020246000000101","","NEWT","TRAD","2026-06-30T13:27:03Z","","CR","","I","TRUE","2026-06-30T13:27:03Z","2026-07-01","2031-06-20","","","TWSF","FALSE","TRUE","","56,000,000","","USD","","","","","","","","","","","","","","","","","","","","","","","","","0.05","","","","","","0.0108105","","","","","","false","","","3","","","A004","","","","","","","","4562712.00000","MNTH","","","","3","","","","UFRO","USD","","","","","false","0.99","","","","","","","","","","FALSE","","","","","","","","","QZHH8NT767RX","NA/CDS Corp Idx","CDX.NA.HY"
"3939219517000000201","","NEWT","TRAD","2026-06-30T13:39:33Z","","CR","","I","TRUE","2026-06-30T13:39:33Z","2026-07-01","2031-06-20","","","TWSF","FALSE","FALSE","","21,000,000","","EUR","","","","","","","","","","","","","","","","","","","","","","","","","0.01","","","","","","0.005146","","","","","","false","","","3","","","A004","","","","","","","","478060.80603","MNTH","","","","3","","","","UFRO","EUR","","","","","false","1","","","","","","","","","","FALSE","","","","","","","","","QZTQ4GTC5QMF","NA/CDS Corp Idx","ITRAXX EUROPE"
"3939228157000000101","","NEWT","TRAD","2026-06-30T13:39:35Z","","CR","","I","TRUE","2026-06-30T13:39:35Z","2026-07-01","2031-06-20","","","TWSF","FALSE","FALSE","","25,000,000","","EUR","","","","","","","","","","","","","","","","","","","","","","","","","0.05","","","","","","0.024335","","","","","","false","","","3","","","A004","","","","","","","","2786593.52941","MNTH","","","","3","","","","UFRO","EUR","","","","","false","1","","","","","","","","","","FALSE","","","","","","","","","QZ3HM9KVK2WL","NA/CDS Corp Idx","ITRAXX EUROPE CROSSOVER"
"3939256784000000101","","NEWT","TRAD","2026-06-30T13:41:57Z","","CR","","I","TRUE","2026-06-30T13:41:57Z","2026-07-01","2031-06-20","","FALSE","BBSF","FALSE","FALSE","","44,000","","USD","","","","","","","","","","","","","","","","","","","","","","","","","0.05","","","","","","0.01081011","","","","","","false","","","3","","","A004","","","","","","","","3583.29000","MNTH","","","","3","","","","UFRO","USD","","","","","false","0.99","","","","","","","","","","FALSE","","","","","","","","","QZHH8NT767RX","NA/CDS Corp Idx","CDX.NA.HY"
"3939127725000000301","","NEWT","TRAD","2026-06-30T13:33:03Z","","CR","","I","FALSE","2026-06-30T13:33:03Z","2026-07-01","2031-06-20","","","TWSF","FALSE","TRUE","","250,000,000+","","USD","","","","","","","","","","","","","","","","","","","","","","","","","0.01","","","","","","0.005075","","","","","","false","","","3","","","A004","","","","","","","","5573840.19000","MNTH","","","","3","","","","UFRO","USD","","","","","false","1","","","","","","","","","","FALSE","","","","","","","","","QZ3WVVQG5T8K","NA/CDS Corp Idx","CDX.NA.IG"
"3937242274000000201","","NEWT","TRAD","2026-06-30T11:04:36Z","","CR","","I","TRUE","2026-06-30T11:04:36Z","2026-07-01","2031-06-20","","","TWSF","FALSE","FALSE","","22,000,000","","EUR","","","","","","","","","","","","","","","","","","","","","","","","","0.01","","","","","","0.00514075","","","","","","false","","","3","","","A004","","","","","","","","501372.06000","MNTH","","","","3","","","","UFRO","EUR","","","","","false","1","","","","","","","","","","FALSE","","","","","","","","","QZTQ4GTC5QMF","NA/CDS Corp Idx","ITRAXX EUROPE"
"3939127724000000201","","NEWT","TRAD","2026-06-30T13:33:03Z","","CR","","I","TRUE","2026-06-30T13:33:03Z","2026-07-01","2031-06-20","","","TWSF","FALSE","FALSE","","30,000,000","","USD","","","","","","","","","","","","","","","","","","","","","","","","","0.01","","","","","","0.0050811","","","","","","false","","","3","","","A004","","","","","","","","668025.48000","MNTH","","","","3","","","","UFRO","USD","","","","","false","1","","","","","","","","","","FALSE","","","","","","","","","QZ3WVVQG5T8K","NA/CDS Corp Idx","CDX.NA.IG"
"3939428528000000201","","NEWT","TRAD","2026-06-30T12:56:40Z","FALSE","CR","","N","TRUE","2026-06-30T12:56:40Z","2026-06-30","2026-09-16","","FALSE","BILT","FALSE","FALSE","TRUE","40,000,000","","EUR","","","","","","","","","","","","","","","","","","","","","","","","2026-09-16","","","117,239.81681","EUR","","","0.0325","","","","0.0325","","false","","","3","","3","","","","","","","","","","","","","","","","","","","","","","","","false","1","","","","","","","","","","FALSE","","","","","","","","","QZTL0V3X916X","NA/CDS Idx Swt","NA/CDS Corp Idx"
"3939355038000000201","","NEWT","TRAD","2026-06-30T13:48:39Z","","CR","","I","TRUE","2026-06-30T13:48:39Z","2026-07-01","2031-06-20","","FALSE","BBSF","FALSE","FALSE","","10,000,000","","EUR","","","","","","","","","","","","","","","","","","","","","","","","","0.05","","","","","","0.0243378","","","","","","false","","","3","","","A004","","","","","","","","1114509.94000","MNTH","","","","3","","","","UFRO","EUR","","","","","false","1","","","","","","","","","","FALSE","","","","","","","","","QZ3HM9KVK2WL","NA/CDS Corp Idx","ITRAXX EUROPE CROSSOVER"
"3939389338000000101","","NEWT","TRAD","2026-06-30T13:51:25Z","","CR","","I","TRUE","2026-06-30T13:51:25Z","2026-07-01","2031-06-20","","FALSE","BBSF","FALSE","FALSE","","30,000,000","","USD","","","","","","","","","","","","","","","","","","","","","","","","","0.01","","","","","","0.00507303","","","","","","false","","","3","","","A004","","","","","","","","669130.61000","MNTH","","","","3","","","","UFRO","USD","","","","","false","1","","","","","","","","","","FALSE","","","","","","","","","QZ3WVVQG5T8K","NA/CDS Corp Idx","CDX.NA.IG"
"3939401066000000101","","NEWT","TRAD","2026-06-30T13:52:03Z","","CR","","I","TRUE","2026-06-30T13:52:03Z","2026-07-01","2031-06-20","","FALSE","BBSF","FALSE","FALSE","","100,000,000","","USD","","","","","","","","","","","","","","","","","","","","","","","","","0.01","","","","","","0.005067","","","","","","false","","","3","","","A004","","","","","","","","2233188.05000","MNTH","","","","3","","","","UFRO","USD","","","","","false","1","","","","","","","","","","FALSE","","","","","","","","","QZ3WVVQG5T8K","NA/CDS Corp Idx","CDX.NA.IG"
"3939603600000000201","","NEWT","TRAD","2026-06-30T14:04:59Z","","CR","","I","TRUE","2026-06-30T14:04:59Z","2026-07-01","2031-06-20","","FALSE","BBSF","FALSE","FALSE","","60,000,000","","EUR","","","","","","","","","","","","","","","","","","","","","","","","","0.01","","","","","","0.00515","","","","","","false","","","3","","","A004","","","","","","","","1364753.13000","MNTH","","","","3","","","","UFRO","EUR","","","","","false","1","","","","","","","","","","FALSE","","","","","","","","","QZTQ4GTC5QMF","NA/CDS Corp Idx","ITRAXX EUROPE"
"3939401067000000201","","NEWT","TRAD","2026-06-30T13:52:31Z","","CR","","I","TRUE","2026-06-30T13:52:31Z","2026-07-01","2031-06-20","","FALSE","BBSF","FALSE","TRUE","","50,000,000","","USD","","","","","","","","","","","","","","","","","","","","","","","","","0.05","","","","","","0.01081575","","","","","","false","","","3","","","A004","","","","","","","","4099837.50000","MNTH","","","","3","","","","UFRO","USD","","","","","false","0.99","","","","","","","","","","FALSE","","","","","","","","","QZHH8NT767RX","NA/CDS Corp Idx","CDX.NA.HY"
"3939598406000000101","","NEWT","TRAD","2026-06-30T14:04:24Z","","CR","","I","TRUE","2026-06-30T14:04:24Z","2026-07-01","2031-06-20","","","TWSF","FALSE","FALSE","","51,000,000","","USD","","","","","","","","","","","","","","","","","","","","","","","","","0.01","","","","","","0.00506511","","","","","","false","","","3","","","A004","","","","","","","","1139365.94000","MNTH","","","","3","","","","UFRO","USD","","","","","false","1","","","","","","","","","","FALSE","","","","","","","","","QZ3WVVQG5T8K","NA/CDS Corp Idx","CDX.NA.IG"
"3939057013000000101","","NEWT","TRAD","2026-06-30T13:28:44Z","","CR","","I","TRUE","2026-06-30T13:28:44Z","2026-07-01","2031-06-20","","","TWSF","FALSE","FALSE","","1,000,000","","EUR","","","","","","","","","","","","","","","","","","","","","","","","","0.01","","","","","","0.00543","","","","","","false","","","3","","","A004","","","","","","","","21423.00000","MNTH","","","","3","","","","UFRO","EUR","","","","","false","1","","","","","","","","","","FALSE","","","","","","","","","QZTB38W3WJ98","NA/CDS Corp Idx","ITRAXX EUROPE SENIOR FINANCIALS"
"3940578399000000101","","NEWT","TRAD","2026-06-30T15:41:46Z","","CR","","N","FALSE","2026-06-30T15:41:46Z","2026-07-15","2026-07-15","2028-06-20","FALSE","BILT","FALSE","FALSE","TRUE","400,000,000+","","USD","","","","","","","","","","","","","","","","","","","","","","","","2026-07-15","0.01","","92,000","USD","","","","","","","0.0055","","false","","","","","3","A004","","","","","","","","","MNTH","","","","3","","","","","","","","","","false","","","","","","","","","","","FALSE","","","","","","","","","QZJJB57812DM","NA/CDS Idx Swt","NA/CDS Corp Idx"
"3940119891000000501","","NEWT","TRAD","2026-06-30T15:00:43Z","","CR","","I","TRUE","2026-06-30T15:00:43Z","2026-07-01","2031-06-20","","FALSE","BBSF","FALSE","FALSE","","40,000,000","","EUR","","","","","","","","","","","","","","","","","","","","","","","","","0.01","","","","","","0.005166","","","","","","false","","","3","","","A004","","","","","","","","906808.45000","MNTH","","","","3","","","","UFRO","EUR","","","","","false","1","","","","","","","","","","FALSE","","","","","","","","","QZTQ4GTC5QMF","NA/CDS Corp Idx","ITRAXX EUROPE"
"3940119889000000301","","NEWT","TRAD","2026-06-30T15:00:23Z","","CR","","I","TRUE","2026-06-30T15:00:23Z","2026-07-01","2031-06-20","","","TWSF","FALSE","FALSE","","60,000,000","","EUR","","","","","","","","","","","","","","","","","","","","","","","","","0.01","","","","","","0.005168","","","","","","false","","","3","","","A004","","","","","","","","1359645.17000","MNTH","","","","3","","","","UFRO","EUR","","","","","false","1","","","","","","","","","","FALSE","","","","","","","","","QZTQ4GTC5QMF","NA/CDS Corp Idx","ITRAXX EUROPE"
"3940041892000000801","","NEWT","TRAD","2026-06-30T14:50:11Z","","CR","","I","FALSE","2026-06-30T14:50:11Z","2026-07-01","2031-06-20","","","TWSF","FALSE","TRUE","","166,287,997+","","EUR","","","","","","","","","","","","","","","","","","","","","","","","","0.01","","","","","","0.005162","","","","","","false","","","3","","","A004","","","","","","","","3772929.87899","MNTH","","","","3","","","","UFRO","EUR","","","","","false","1","","","","","","","","","","FALSE","","","","","","","","","QZTQ4GTC5QMF","NA/CDS Corp Idx","ITRAXX EUROPE"
"3940139277000000101","","NEWT","TRAD","2026-06-30T15:01:30Z","","CR","","I","FALSE","2026-06-30T15:01:30Z","2026-07-01","2031-06-20","","","TWSF","FALSE","FALSE","","5,000,000","","EUR","","","","","","","","","","","","","","","","","","","","","","","","","0.05","","","","","","0.02445","","","","","","false","","","3","","","A004","","","","","","","","554603.93098","MNTH","","","","3","","","","UFRO","EUR","","","","","false","1","","","","","","","","","","FALSE","","","","","","","","","QZ3HM9KVK2WL","NA/CDS Corp Idx","ITRAXX EUROPE CROSSOVER"
"3940119824000000101","","NEWT","TRAD","2026-06-30T14:52:06Z","","CR","","N","FALSE","2026-06-30T14:52:06Z","2026-03-20","2031-06-20","2031-06-20","FALSE","BILT","FALSE","FALSE","FALSE","4,000,000","","USD","","","","","","","","","","","","","","","","","","","","","","","","","0.01","","","","","","","","","","","","false","","","","","","A004","","","","","","","","89272.65517","MNTH","","","","3","","","","UFRO","USD","","","","","false","1","","","","","","","","","","FALSE","","","","","","","","","QZ3WVVQG5T8K","NA/CDS Corp Idx","CDX.NA.IG"
"3940179213000000101","","NEWT","TRAD","2026-06-30T15:06:10Z","","CR","","I","FALSE","2026-06-30T15:06:10Z","2026-03-20","2031-06-20","","FALSE","TPSE","FALSE","FALSE","","10,000,000","","USD","","","","","","","","","","","","","","","","","","","","","","","","","0.01","","","","","","98.23","","USD","","","","false","","","1","","","A004","","","","","","","","","MNTH","","","","3","","","","","","USD","","","","false","1","","","","","","","OTHR","","","FALSE","","","","","","","","","QZ4JMQKL3P03","NA/CDS Corp Idx","CDX.EM"
"3940182821000000201","","NEWT","TRAD","2026-06-30T15:06:29Z","","CR","","I","TRUE","2026-06-30T15:06:29Z","2026-07-01","2031-06-20","","FALSE","BBSF","FALSE","FALSE","","3,000,000","","USD","","","","","","","","","","","","","","","","","","","","","","","","","0.05","","","","","","0.010815","","","","","","false","","","3","","","A004","","","","","","","","245767.50000","MNTH","","","","3","","","","UFRO","USD","","","","","false","0.99","","","","","","","","","","FALSE","","","","","","","","","QZHH8NT767RX","NA/CDS Corp Idx","CDX.NA.HY"
"3940187051000000101","","NEWT","TRAD","2026-06-30T15:07:08Z","","CR","","I","FALSE","2026-06-30T15:07:08Z","2026-07-01","2031-06-20","","","TWSF","FALSE","FALSE","","5,000,000","","EUR","","","","","","","","","","","","","","","","","","","","","","","","","0.01","","","","","","0.005158","","","","","","false","","","3","","","A004","","","","","","","","113540.42205","MNTH","","","","3","","","","UFRO","EUR","","","","","false","1","","","","","","","","","","FALSE","","","","","","","","","QZTQ4GTC5QMF","NA/CDS Corp Idx","ITRAXX EUROPE"
"3940759355000000101","","NEWT","TRAD","2026-06-30T16:03:29Z","","CR","","I","TRUE","2026-06-30T16:03:29Z","2026-07-01","2031-06-20","","FALSE","BBSF","FALSE","FALSE","","160,000,000","","USD","","","","","","","","","","","","","","","","","","","","","","","","","0.01","","","","","","0.0050725","","","","","","false","","","3","","","A004","","","","","","","","3569084.56056","MNTH","","","","3","","","","UFRO","USD","","","","","false","1","","","","","","","","","","FALSE","","","","","","","","","QZ3WVVQG5T8K","NA/CDS Corp Idx","CDX.NA.IG"
"3940115882000000201","","NEWT","TRAD","2026-06-30T14:59:46Z","","CR","","I","TRUE","2026-06-30T14:59:46Z","2026-03-20","2031-06-20","","FALSE","BGCD","FALSE","FALSE","","25,000,000","","EUR","","","","","","","","","","","","","","","","","","","","","","","","","","","","","","","0.0051625","","","","","","false","","","3","","","A004","","","","","","","","","MNTH","","","","3","","","","","","","","","","false","1","","","","","","","","","","FALSE","","","","","","","","","QZTQ4GTC5QMF","NA/CDS Corp Idx","ITRAXX EUROPE"
"3940708227000000101","","NEWT","TRAD","2026-06-30T16:00:35Z","","CR","","I","TRUE","2026-06-30T16:00:35Z","2026-07-01","2031-06-20","","FALSE","BBSF","FALSE","TRUE","","35,000,000","","EUR","","","","","","","","","","","","","","","","","","","","","","","","","0.05","","","","","","0.024434","","","","","","false","","","3","","","A004","","","","","","","","3884862.20000","MNTH","","","","3","","","","UFRO","EUR","","","","","false","1","","","","","","","","","","FALSE","","","","","","","","","QZ3HM9KVK2WL","NA/CDS Corp Idx","ITRAXX EUROPE CROSSOVER"
"3929853872000000101","","NEWT","TRAD","2026-06-30T07:54:30Z","","CR","","I","TRUE","2026-06-30T07:53:01Z","2026-03-20","2031-06-20","","","GSEF","FALSE","FALSE","","100,000,000","","EUR","","","","","","","","","","","","","","","","","","","","","","","","","0.01","","","","","","","","","","","","false","","","","","","A004","","","","","","","","2268676.42000","MNTH","","","","3","","","","UFRO","EUR","","","","","false","1","","","","","","","","","","FALSE","","","","","","","","","QZTQ4GTC5QMF","NA/CDS Corp Idx","ITRAXX EUROPE"
"3931893047000000101","","NEWT","TRAD","2026-06-30T09:01:08Z","","CR","","I","TRUE","2026-06-30T09:01:08Z","2026-07-01","2031-06-20","","FALSE","BBSF","FALSE","FALSE","","15,000,000","","EUR","","","","","","","","","","","","","","","","","","","","","","","","","0.01","","","","","","0.0051595","","","","","","false","","","3","","","A004","","","","","","","","340514.29000","MNTH","","","","3","","","","UFRO","EUR","","","","","false","1","","","","","","","","","","FALSE","","","","","","","","","QZTQ4GTC5QMF","NA/CDS Corp Idx","ITRAXX EUROPE"
"3942549577000000101","","NEWT","TRAD","2026-06-30T19:03:31Z","","CR","","N","FALSE","2026-06-30T19:03:31Z","2026-06-30","2026-08-19","2031-06-20","FALSE","BILT","FALSE","FALSE","TRUE","230,000,000","","USD","","","","","","","","","","","","","","","","","","","","","","","","2026-08-19","0.01","","380,879.172","USD","","","","","","","0.005","","false","","","","","3","A004","","","","","","","","","MNTH","","","","3","","","","","","","","","","false","1","","","","","","","","","","FALSE","","","","","","","","","QZT4QS79CCTS","NA/CDS Idx Swt","NA/CDS Corp Idx"
"3942708308000000101","3942549577000000101","EROR","","2026-06-30T19:07:07Z","","CR","","","","2026-06-30T19:03:31Z","2026-06-30","2026-08-19","","","","","","FALSE","","","","","","","","","","","","","","","","","","","","","","","","","","","","0.01","","","","","","","","","","","","","","","","","","","","","","","","","","","","","","","","","","","","","","","","","","","","","","","","","","","","","","","","","","","","","QZT4QS79CCTS","NA/CDS Idx Swt","NA/CDS Corp Idx"
"3942954574000000101","","NEWT","TRAD","2026-06-30T19:22:53Z","","CR","","I","TRUE","2026-06-30T19:22:53Z","2026-07-01","2031-06-20","","FALSE","BBSF","FALSE","TRUE","","250,000,000+","","USD","","","","","","","","","","","","","","","","","","","","","","","","","0.01","","","","","","0.005078","","","","","","false","","","3","","","A004","","","","","","","","5570416.61000","MNTH","","","","3","","","","UFRO","USD","","","","","false","1","","","","","","","","","","FALSE","","","","","","","","","QZ3WVVQG5T8K","NA/CDS Corp Idx","CDX.NA.IG"
"3943250038000000101","","NEWT","TRAD","2026-06-30T19:43:53Z","","CR","","I","TRUE","2026-06-30T19:43:53Z","2026-07-01","2031-06-20","","FALSE","BBSF","FALSE","FALSE","","28,000,000","","USD","","","","","","","","","","","","","","","","","","","","","","","","","0.01","","","","","","0.0050857","","","","","","false","","","3","","","A004","","","","","","","","622905.38981","MNTH","","","","3","","","","UFRO","USD","","","","","false","1","","","","","","","","","","FALSE","","","","","","","","","QZ3WVVQG5T8K","NA/CDS Corp Idx","CDX.NA.IG"
"3942846961000000201","3939853901000000201","CORR","","2026-06-30T19:17:51Z","","CR","","N","FALSE","2026-06-30T14:28:42Z","2026-06-30","2026-09-16","2031-06-20","FALSE","BILT","FALSE","FALSE","TRUE","400,000,000+","","USD","","","","","","","","","","","","","","","","","","","","","","","","2026-09-16","0.01","","560,400","USD","","","","","","","0.00525","","false","","","","","3","A004","","","","","","","","","MNTH","","","","3","","","","","","","","","","false","1","","","","","","","","","","FALSE","","","","","","","","","QZ7WW76RFHN3","NA/CDS Idx Swt","NA/CDS Corp Idx"
"3943287910000000501","","NEWT","TRAD","2026-06-30T19:51:29Z","","CR","","I","TRUE","2026-06-30T19:51:29Z","2026-07-01","2031-06-20","","FALSE","BBSF","FALSE","FALSE","","11,000,000","","USD","","","","","","","","","","","","","","","","","","","","","","","","","0.05","","","","","","0.01080905","","","","","","false","","","3","","","A004","","","","","","","","894669.25134","MNTH","","","","3","","","","UFRO","USD","","","","","false","0.99","","","","","","","","","","FALSE","","","","","","","","","QZHH8NT767RX","NA/CDS Corp Idx","CDX.NA.HY"
"3940355277000000201","","NEWT","TRAD","2026-06-30T15:29:09Z","","CR","","I","TRUE","2026-06-30T15:29:09Z","2026-07-01","2031-06-20","","FALSE","BBSF","FALSE","FALSE","","10,000,000","","USD","","","","","","","","","","","","","","","","","","","","","","","","","0.05","","","","","","0.01081325","","","","","","false","","","3","","","A004","","","","","","","","817492.50000","MNTH","","","","3","","","","UFRO","USD","","","","","false","0.99","","","","","","","","","","FALSE","","","","","","","","","QZHH8NT767RX","NA/CDS Corp Idx","CDX.NA.HY"
"3940251003000000401","","NEWT","TRAD","2026-06-30T15:16:15Z","","CR","","I","TRUE","2026-06-30T15:16:15Z","2026-07-01","2031-06-20","","FALSE","BBSF","FALSE","FALSE","","25,000,000","","USD","","","","","","","","","","","","","","","","","","","","","","","","","0.05","","","","","","0.01081326","","","","","","false","","","3","","","A004","","","","","","","","2043756.00000","MNTH","","","","3","","","","UFRO","USD","","","","","false","0.99","","","","","","","","","","FALSE","","","","","","","","","QZHH8NT767RX","NA/CDS Corp Idx","CDX.NA.HY"
"3940496367000000101","","NEWT","TRAD","2026-06-30T15:46:11Z","","CR","","I","TRUE","2026-06-30T15:46:11Z","2026-07-01","2031-06-20","","","TWSF","FALSE","FALSE","","76,000,000","","EUR","","","","","","","","","","","","","","","","","","","","","","","","","0.01","","","","","","0.005445","","","","","","false","","","3","","","A004","","","","","","","","1622766.49009","MNTH","","","","3","","","","UFRO","EUR","","","","","false","1","","","","","","","","","","FALSE","","","","","","","","","QZTB38W3WJ98","NA/CDS Corp Idx","ITRAXX EUROPE SENIOR FINANCIALS"
"3940228824000000301","","NEWT","TRAD","2026-06-30T15:13:18Z","","CR","","I","TRUE","2026-06-30T15:13:18Z","2026-07-01","2031-06-20","","FALSE","BBSF","FALSE","FALSE","","50,000,000","","EUR","","","","","","","","","","","","","","","","","","","","","","","","","0.01","","","","","","0.005158","","","","","","false","","","3","","","A004","","","","","","","","1135402.36000","MNTH","","","","3","","","","UFRO","EUR","","","","","false","1","","","","","","","","","","FALSE","","","","","","","","","QZTQ4GTC5QMF","NA/CDS Corp Idx","ITRAXX EUROPE"
"3940235321000000101","","NEWT","TRAD","2026-06-30T15:14:22Z","","CR","","I","TRUE","2026-06-30T15:14:22Z","2026-07-01","2031-06-20","","","TWSF","FALSE","FALSE","","25,000,000","","USD","","","","","","","","","","","","","","","","","","","","","","","","","0.05","","","","","","0.0108155","","","","","","false","","","3","","","A004","","","","","","","","2049300.00000","MNTH","","","","3","","","","UFRO","USD","","","","","false","0.99","","","","","","","","","","FALSE","","","","","","","","","QZHH8NT767RX","NA/CDS Corp Idx","CDX.NA.HY"
"3940171392000000101","","NEWT","TRAD","2026-06-30T15:05:07Z","","CR","","I","TRUE","2026-06-30T15:05:07Z","2026-07-01","2031-06-20","","FALSE","BBSF","FALSE","TRUE","","230,000,000","","USD","","","","","","","","","","","","","","","","","","","","","","","","","0.01","","","","","","0.005069","","","","","","false","","","3","","","A004","","","","","","","","5134232.59000","MNTH","","","","3","","","","UFRO","USD","","","","","false","1","","","","","","","","","","FALSE","","","","","","","","","QZ3WVVQG5T8K","NA/CDS Corp Idx","CDX.NA.IG"
"3940251008000000901","","NEWT","TRAD","2026-06-30T15:16:32Z","","CR","","I","TRUE","2026-06-30T15:16:32Z","2026-07-01","2031-06-20","","","TWSF","FALSE","FALSE","","2,000,000","","USD","","","","","","","","","","","","","","","","","","","","","","","","","0.01","","","","","","0.0050762","","","","","","false","","","3","","","A004","","","","","","","","44579.96651","MNTH","","","","3","","","","UFRO","USD","","","","","false","1","","","","","","","","","","FALSE","","","","","","","","","QZ3WVVQG5T8K","NA/CDS Corp Idx","CDX.NA.IG"
"3940311676000000101","","NEWT","TRAD","2026-06-30T15:24:08Z","","CR","","I","TRUE","2026-06-30T15:24:08Z","2026-07-01","2031-06-20","","FALSE","BBSF","FALSE","FALSE","","10,000,000","","EUR","","","","","","","","","","","","","","","","","","","","","","","","","0.05","","","","","","0.024446","","","","","","false","","","3","","","A004","","","","","","","","1109393.38000","MNTH","","","","3","","","","UFRO","EUR","","","","","false","1","","","","","","","","","","FALSE","","","","","","","","","QZ3HM9KVK2WL","NA/CDS Corp Idx","ITRAXX EUROPE CROSSOVER"
"3940329674000000101","","NEWT","TRAD","2026-06-30T15:26:12Z","","CR","","I","TRUE","2026-06-30T15:26:12Z","2026-07-01","2031-06-20","","FALSE","BBSF","FALSE","FALSE","","26,000,000","","EUR","","","","","","","","","","","","","","","","","","","","","","","","","0.05","","","","","","0.0244585","","","","","","false","","","3","","","A004","","","","","","","","2882886.65000","MNTH","","","","3","","","","UFRO","EUR","","","","","false","1","","","","","","","","","","FALSE","","","","","","","","","QZ3HM9KVK2WL","NA/CDS Corp Idx","ITRAXX EUROPE CROSSOVER"
"3940329675000000201","","NEWT","TRAD","2026-06-30T15:26:21Z","","CR","","I","TRUE","2026-06-30T15:26:21Z","2026-07-01","2031-06-20","","FALSE","BBSF","FALSE","FALSE","","83,000,000","","USD","","","","","","","","","","","","","","","","","","","","","","","","","0.01","","","","","","0.0050777","","","","","","false","","","3","","","A004","","","","","","","","1849498.21566","MNTH","","","","3","","","","UFRO","USD","","","","","false","1","","","","","","","","","","FALSE","","","","","","","","","QZ3WVVQG5T8K","NA/CDS Corp Idx","CDX.NA.IG"
"3938939075000000201","","NEWT","TRAD","2026-06-30T13:23:17Z","","CR","","I","TRUE","2026-06-30T13:23:17Z","2026-07-01","2031-06-20","","FALSE","BBSF","FALSE","TRUE","","47,260,799+","","EUR","","","","","","","","","","","","","","","","","","","","","","","","","0.05","","","","","","0.0243625","","","","","","false","","","3","","","A004","","","","","","","","5261763.52309","MNTH","","","","3","","","","UFRO","EUR","","","","","false","1","","","","","","","","","","TRUE","","","","0.00344","","3","","","QZ3HM9KVK2WL","NA/CDS Corp Idx","ITRAXX EUROPE CROSSOVER"
"3940359643000000101","","NEWT","TRAD","2026-06-30T15:29:43Z","","CR","","I","TRUE","2026-06-30T15:29:43Z","2026-07-01","2030-12-20","","FALSE","BBSF","FALSE","FALSE","","27,000,000","","EUR","","","","","","","","","","","","","","","","","","","","","","","","","0.05","","","","","","0.0210545","","","","","","false","","","3","","","A004","","","","","","","","3137371.29593","MNTH","","","","3","","","","UFRO","EUR","","","","","false","1","","","","","","","","","","TRUE","","","","0.0034495","","3","","","QZ5F5FRS4TR9","NA/CDS Corp Idx","ITRAXX EUROPE CROSSOVER"
"3940205540000001601","","NEWT","TRAD","2026-06-30T15:10:09Z","","CR","","N","FALSE","2026-06-30T15:07:26Z","2026-06-30","2026-08-19","2031-06-20","TRUE","BILT","FALSE","FALSE","TRUE","350,079,993+","","EUR","","","","","","","","","","","","","","","","","","","","","","","","2026-08-19","0.01","","19,254.4","EUR","","","","","","","0.0045","","false","","","","","3","A004","","","","","","","","","MNTH","","","","3","","","","","","","","","","false","1","","","","","","","","","","FALSE","","","","","","","","","QZJSB7DN86TJ","NA/CDS Idx Swt","NA/CDS Corp Idx"
"3940406625000000901","3940119824000000101","CORR","","2026-06-30T15:35:29Z","","CR","","N","TRUE","2026-06-30T14:59:23Z","2026-03-20","2031-06-20","2031-06-20","FALSE","BILT","FALSE","FALSE","FALSE","4,000,000","","USD","","","","","","","","","","","","","","","","","","","","","","","","","0.01","","","","","","","","","","","","false","","","","","","A004","","","","","","","","89272.65517","MNTH","","","","3","","","","UFRO","USD","","","","","false","1","","","","","","","","","","FALSE","","","","","","","","","QZ3WVVQG5T8K","NA/CDS Corp Idx","CDX.NA.IG"
"3940323008000000101","","NEWT","TRAD","2026-06-30T15:25:20Z","","CR","","I","TRUE","2026-06-30T15:02:14Z","2026-03-20","2031-06-20","","FALSE","BGCO","FALSE","TRUE","TRUE","130,000,000","","EUR","","","","","","","","","","","","","","","","","","","","","","","","","0.01","","","","","","","","","","","","false","","","","","","A004","","","","","","","","","MNTH","","","","3","","","","","","EUR","","","","false","1","","","","","","","","","","FALSE","","","","","","","","","QZTQ4GTC5QMF","NA/CDS Corp Idx","ITRAXX EUROPE"
"3940415728000000201","3940415727000000101","MODI","TRAD","2026-06-30T15:37:39Z","TRUE","CR","","I","TRUE","2026-06-30T15:37:22Z","2026-03-20","2031-06-20","","FALSE","TPSE","FALSE","FALSE","","50,000,000","","USD","","","","","","","","","","","","","","","","","","","","","","","","","0.01","","","","","","0.005075","","","","","","false","","","3","","","A004","","","","","","","","","MNTH","","","","3","","","","","","USD","","","","false","1","","","","","","","OTHR","","","FALSE","","","","","","","","","QZ3WVVQG5T8K","NA/CDS Corp Idx","CDX.NA.IG"
"3940452629000000101","","NEWT","TRAD","2026-06-30T15:41:42Z","","CR","","I","FALSE","2026-06-30T15:41:42Z","2026-07-01","2031-06-20","","","TWSF","FALSE","FALSE","","32,000,000","","USD","","","","","","","","","","","","","","","","","","","","","","","","","0.05","","","","","","0.01081378","","","","","","false","","","3","","","A004","","","","","","","","2617655.04000","MNTH","","","","3","","","","UFRO","USD","","","","","false","0.99","","","","","","","","","","FALSE","","","","","","","","","QZHH8NT767RX","NA/CDS Corp Idx","CDX.NA.HY"
"3940476362000000101","","NEWT","TRAD","2026-06-30T15:37:45Z","FALSE","CR","","N","FALSE","2026-06-30T15:37:45Z","2026-06-30","2057-12-17","","FALSE","BILT","FALSE","FALSE","FALSE","10,000,000","","USD","","","","","","","","","","","","","","","","","","","","","","","","","0.03","","","","","","","","","","","","false","","","","","","A004","","","","","","","","789583.33000","MNTH","","","","1","","","","UFRO","USD","","","","","false","1","","","","","","","","","","FALSE","","","","","","","","","QZQSFL8FRCZZ","NA/CDS Corp Idx","CMBX.NA.BBB-"
"3940104982000000501","","NEWT","TRAD","2026-06-30T14:58:24Z","","CR","","I","TRUE","2026-06-30T14:58:24Z","2026-07-01","2031-06-20","","","TWSF","FALSE","FALSE","","10,000,000","","USD","","","","","","","","","","","","","","","","","","","","","","","","","0.01","","","","","","0.0050722","","","","","","false","","","3","","","A004","","","","","","","","223081.42000","MNTH","","","","3","","","","UFRO","USD","","","","","false","1","","","","","","","","","","FALSE","","","","","","","","","QZ3WVVQG5T8K","NA/CDS Corp Idx","CDX.NA.IG"
"3940115883000000301","","NEWT","TRAD","2026-06-30T14:59:46Z","","CR","","I","TRUE","2026-06-30T14:59:46Z","2026-03-20","2031-06-20","","FALSE","BGCD","FALSE","FALSE","","25,000,000","","EUR","","","","","","","","","","","","","","","","","","","","","","","","","","","","","","","0.0051625","","","","","","false","","","3","","","A004","","","","","","","","","MNTH","","","","3","","","","","","","","","","false","1","","","","","","","","","","FALSE","","","","","","","","","QZTQ4GTC5QMF","NA/CDS Corp Idx","ITRAXX EUROPE"
