"Dissemination Identifier","Original Dissemination Identifier","Action type","Event type","Event timestamp","Amendment indicator","Asset Class","Product name","Cleared","Mandatory clearing indicator","Execution Timestamp","Effective Date","Expiration Date","Maturity date of the underlier","Non-standardized term indicator","Platform identifier","Prime brokerage transaction indicator","Block trade election indicator","Large notional off-facility swap election indicator","Notional amount-Leg 1","Notional amount-Leg 2","Notional currency-Leg 1","Notional currency-Leg 2","Notional quantity-Leg 1","Notional quantity-Leg 2","Total notional quantity-Leg 1","Total notional quantity-Leg 2","Quantity frequency multiplier-Leg 1","Quantity frequency multiplier-Leg 2","Quantity unit of measure-Leg 1","Quantity unit of measure-Leg 2","Quantity frequency-Leg 1","Quantity frequency-Leg 2","Notional amount in effect on associated effective date-Leg 1","Notional amount in effect on associated effective date-Leg 2","Effective date of the notional amount-Leg 1","Effective date of the notional amount-Leg 2","End date of the notional amount-Leg 1","End date of the notional amount-Leg 2","Call amount","Call currency","Put amount","Put currency","Exchange rate","Exchange rate basis","First exercise date","Fixed rate-Leg 1","Fixed rate-Leg 2","Option Premium Amount","Option Premium Currency","Price","Price unit of measure","Spread-Leg 1","Spread-Leg 2","Spread currency-Leg 1","Spread currency-Leg 2","Strike Price","Strike price currency/currency pair","Post-priced swap indicator","Price currency","Price notation","Spread notation-Leg 1","Spread notation-Leg 2","Strike price notation","Fixed rate day count convention-leg 1","Fixed rate day count convention-leg 2","Floating rate day count convention-leg 1","Floating rate day count convention-leg 2","Floating rate reset frequency period-leg 1","Floating rate reset frequency period-leg 2","Floating rate reset frequency period multiplier-leg 1","Floating rate reset frequency period multiplier-leg 2","Other payment amount","Fixed rate payment frequency period-Leg 1","Floating rate payment frequency period-Leg 1","Fixed rate payment frequency period-Leg 2","Floating rate payment frequency period-Leg 2","Fixed rate payment frequency period multiplier-Leg 1","Floating rate payment frequency period multiplier-Leg 1","Fixed rate payment frequency period multiplier-Leg 2","Floating rate payment frequency period multiplier-Leg 2","Other payment type","Other payment currency","Settlement currency-Leg 1","Settlement currency-Leg 2","Settlement location","Collateralisation category","Custom basket indicator","Index factor","Underlier ID-Leg 1","Underlier ID-Leg 2","Underlier ID source-Leg 1","Underlying Asset Name","Underlying asset subtype or underlying contract subtype-Leg 1","Underlying asset subtype or underlying contract subtype-Leg 2","Embedded Option type","Option Type","Option Style","Package indicator","Package transaction price","Package transaction price currency","Package transaction price notation","Package transaction spread","Package transaction spread currency","Package transaction spread notation","Physical delivery location-Leg 1","Delivery Type","Unique Product Identifier","UPI FISN","UPI Underlier Name"
"5150386362000000401","5148448928000006601","MODI","TRAD","2026-09-04T22:33:53Z","TRUE","CR","","N","FALSE","2024-11-18T21:09:35Z","2025-08-02","2026-12-20","","FALSE","BILT","FALSE","FALSE","TRUE","900,000","","USD","","","","","","","","","","","","","","","","","","","","","","","","","0.05","","","","","","","","","","","","false","","","","","","A004","","","","","","","","66063.93000","MNTH","","","","3","","","","UFRO","USD","","","","","false","0.94","","","","","","","","","","FALSE","","","","","","","","","QZZZP5HMNGBJ","NA/CDS Mun Idx Tra","CDX.NA.HY"
"5150155905000000101","5148448938000007601","MODI","TRAD","2026-09-04T22:33:32Z","TRUE","CR","","N","FALSE","2022-12-05T19:59:44Z","2025-08-02","2026-12-20","","FALSE","BILT","FALSE","FALSE","TRUE","3,000,000","","USD","","","","","","","","","","","","","","","","","","","","","","","","","0.01","","","","","","","","","","","","false","","","","","","A004","","","","","","","","201483.13185","MNTH","","","","3","","","","UFRO","USD","","","","","false","1","","","","","","","","","","FALSE","","","","","","","","","QZF7S02R2W3L","NA/CDS Mun Idx Tra","CDX.NA.IG"
"5150417214000000401","2236403494000000701","MODI","TRAD","2026-09-04T22:33:54Z","TRUE","CR","","N","FALSE","2024-11-18T21:09:35Z","2026-03-03","2026-12-20","","FALSE","BILT","FALSE","FALSE","TRUE","500,000","","USD","","","","","","","","","","","","","","","","","","","","","","","","","0.05","","","","","","","","","","","","false","","","","","","A004","","","","","","","","36702.18000","MNTH","","","","3","","","","UFRO","USD","","","","","false","0.94","","","","","","","","","","FALSE","","","","","","","","","QZZZP5HMNGBJ","NA/CDS Mun Idx Tra","CDX.NA.HY"
"5150419032000001301","2863325611000001201","MODI","TRAD","2026-09-04T22:33:41Z","TRUE","CR","","N","FALSE","2023-10-31T19:10:52Z","2026-02-15","2028-12-20","","FALSE","BILT","FALSE","FALSE","FALSE","20,000,000","","USD","","","","","","","","","","","","","","","","","","","","","","","","","0.05","","","","","","","","","","","","false","","","","","","A004","","","","","","","","13533333.33000","MNTH","","","","3","","","","UFRO","USD","","","","","false","0.97","","","","","","","","","","FALSE","","","","","","","","","QZS27VSGPF30","NA/CDS Mun Idx Tra","CDX.NA.HY"
"5150419030000001101","5148449023000016101","MODI","TRAD","2026-09-04T22:34:15Z","TRUE","CR","","N","FALSE","2026-05-14T22:36:20Z","2023-01-12","2026-12-20","","FALSE","BILT","FALSE","FALSE","TRUE","5,000,000","","USD","","","","","","","","","","","","","","","","","","","","","","","","","0.05","","","","","","","","","","","","false","","","","","","A004","","","","","","","","556971.66208","MNTH","","","","3","","","","UFRO","USD","","","","","false","0.94","","","","","","","","","","FALSE","","","","","","","","","QZ76CJJPXNZX","NA/CDS Mun Idx Tra","CDX.NA.HY"
"5150437123000000201","5148449023000016101","MODI","TRAD","2026-09-04T22:34:15Z","TRUE","CR","","N","FALSE","2026-05-14T22:36:20Z","2023-01-12","2026-12-20","","FALSE","BILT","FALSE","FALSE","TRUE","5,000,000","","USD","","","","","","","","","","","","","","","","","","","","","","","","","0.05","","","","","","","","","","","","false","","","","","","A004","","","","","","","","556971.66208","MNTH","","","","3","","","","UFRO","USD","","","","","false","0.94","","","","","","","","","","FALSE","","","","","","","","","QZ76CJJPXNZX","NA/CDS Mun Idx Tra","CDX.NA.HY"
"5150420321000000101","2236403494000000701","MODI","TRAD","2026-09-04T22:33:54Z","TRUE","CR","","N","FALSE","2024-11-18T21:09:35Z","2026-03-03","2026-12-20","","FALSE","BILT","FALSE","FALSE","TRUE","500,000","","USD","","","","","","","","","","","","","","","","","","","","","","","","","0.05","","","","","","","","","","","","false","","","","","","A004","","","","","","","","36702.18000","MNTH","","","","3","","","","UFRO","USD","","","","","false","0.94","","","","","","","","","","FALSE","","","","","","","","","QZZZP5HMNGBJ","NA/CDS Mun Idx Tra","CDX.NA.HY"
"5150422184000000101","5148448928000006601","MODI","TRAD","2026-09-04T22:33:53Z","TRUE","CR","","N","FALSE","2024-11-18T21:09:35Z","2025-08-02","2026-12-20","","FALSE","BILT","FALSE","FALSE","TRUE","900,000","","USD","","","","","","","","","","","","","","","","","","","","","","","","","0.05","","","","","","","","","","","","false","","","","","","A004","","","","","","","","66063.93000","MNTH","","","","3","","","","UFRO","USD","","","","","false","0.94","","","","","","","","","","FALSE","","","","","","","","","QZZZP5HMNGBJ","NA/CDS Mun Idx Tra","CDX.NA.HY"
"5150422322000000201","5148448938000007601","MODI","TRAD","2026-09-04T22:33:32Z","TRUE","CR","","N","FALSE","2022-12-05T19:59:44Z","2025-08-02","2026-12-20","","FALSE","BILT","FALSE","FALSE","TRUE","3,000,000","","USD","","","","","","","","","","","","","","","","","","","","","","","","","0.01","","","","","","","","","","","","false","","","","","","A004","","","","","","","","201483.13185","MNTH","","","","3","","","","UFRO","USD","","","","","false","1","","","","","","","","","","FALSE","","","","","","","","","QZF7S02R2W3L","NA/CDS Mun Idx Tra","CDX.NA.IG"
"5150422327000000701","2236403497000001001","MODI","TRAD","2026-09-04T22:33:33Z","TRUE","CR","","N","FALSE","2022-12-05T19:59:44Z","2026-03-03","2026-12-20","","FALSE","BILT","FALSE","FALSE","TRUE","2,000,000","","USD","","","","","","","","","","","","","","","","","","","","","","","","","0.01","","","","","","","","","","","","false","","","","","","A004","","","","","","","","134322.22500","MNTH","","","","3","","","","UFRO","USD","","","","","false","1","","","","","","","","","","FALSE","","","","","","","","","QZF7S02R2W3L","NA/CDS Mun Idx Tra","CDX.NA.IG"
"5150422180000000501","2236403509000002201","MODI","TRAD","2026-09-04T22:33:49Z","TRUE","CR","","N","FALSE","2024-06-26T21:10:48Z","2026-03-03","2026-12-20","","FALSE","BILT","FALSE","FALSE","TRUE","2,000,000","","USD","","","","","","","","","","","","","","","","","","","","","","","","","0.05","","","","","","","","","","","","false","","","","","","A004","","","","","","","","354149.14246","MNTH","","","","3","","","","UFRO","USD","","","","","false","0.94","","","","","","","","","","FALSE","","","","","","","","","QZZZP5HMNGBJ","NA/CDS Mun Idx Tra","CDX.NA.HY"
"5150423811000000601","5148449023000016101","MODI","TRAD","2026-09-04T22:34:15Z","TRUE","CR","","N","FALSE","2026-05-14T22:36:20Z","2023-01-12","2026-12-20","","FALSE","BILT","FALSE","FALSE","TRUE","5,000,000","","USD","","","","","","","","","","","","","","","","","","","","","","","","","0.05","","","","","","","","","","","","false","","","","","","A004","","","","","","","","556971.66208","MNTH","","","","3","","","","UFRO","USD","","","","","false","0.94","","","","","","","","","","FALSE","","","","","","","","","QZ76CJJPXNZX","NA/CDS Mun Idx Tra","CDX.NA.HY"
"5150423807000000201","5148448926000006401","MODI","TRAD","2026-09-04T22:33:51Z","TRUE","CR","","N","FALSE","2024-11-12T19:48:04Z","2025-08-02","2026-12-20","","FALSE","BILT","FALSE","FALSE","TRUE","1,000,000","","USD","","","","","","","","","","","","","","","","","","","","","","","","","0.05","","","","","","","","","","","","false","","","","","","A004","","","","","","","","66828.76394","MNTH","","","","3","","","","UFRO","USD","","","","","false","0.94","","","","","","","","","","FALSE","","","","","","","","","QZZZP5HMNGBJ","NA/CDS Mun Idx Tra","CDX.NA.HY"
"5150424547000000101","2236403508000002101","MODI","TRAD","2026-09-04T22:33:45Z","TRUE","CR","","N","FALSE","2024-02-27T16:03:29Z","2026-03-03","2026-12-20","","FALSE","BILT","FALSE","FALSE","TRUE","2,000,000","","USD","","","","","","","","","","","","","","","","","","","","","","","","","0.05","","","","","","","","","","","","false","","","","","","A004","","","","","","","","412317.38208","MNTH","","","","3","","","","UFRO","USD","","","","","false","0.94","","","","","","","","","","FALSE","","","","","","","","","QZZZP5HMNGBJ","NA/CDS Mun Idx Tra","CDX.NA.HY"
"5150425072000000401","2236403497000001001","MODI","TRAD","2026-09-04T22:33:33Z","TRUE","CR","","N","FALSE","2022-12-05T19:59:44Z","2026-03-03","2026-12-20","","FALSE","BILT","FALSE","FALSE","TRUE","2,000,000","","USD","","","","","","","","","","","","","","","","","","","","","","","","","0.01","","","","","","","","","","","","false","","","","","","A004","","","","","","","","134322.22500","MNTH","","","","3","","","","UFRO","USD","","","","","false","1","","","","","","","","","","FALSE","","","","","","","","","QZF7S02R2W3L","NA/CDS Mun Idx Tra","CDX.NA.IG"
"5150425075000000701","2863325613000001401","MODI","TRAD","2026-09-04T22:33:43Z","TRUE","CR","","N","FALSE","2023-11-02T19:32:30Z","2026-02-15","2026-12-20","","FALSE","BILT","FALSE","FALSE","TRUE","8,000,000","","USD","","","","","","","","","","","","","","","","","","","","","","","","","0.05","","","","","","","","","","","","false","","","","","","A004","","","","","","","","13933632.54513","MNTH","","","","3","","","","UFRO","USD","","","","","false","0.94","","","","","","","","","","FALSE","","","","","","","","","QZZZP5HMNGBJ","NA/CDS Mun Idx Tra","CDX.NA.HY"
"5150424990000000101","5148448928000006601","MODI","TRAD","2026-09-04T22:33:53Z","TRUE","CR","","N","FALSE","2024-11-18T21:09:35Z","2025-08-02","2026-12-20","","FALSE","BILT","FALSE","FALSE","TRUE","900,000","","USD","","","","","","","","","","","","","","","","","","","","","","","","","0.05","","","","","","","","","","","","false","","","","","","A004","","","","","","","","66063.93000","MNTH","","","","3","","","","UFRO","USD","","","","","false","0.94","","","","","","","","","","FALSE","","","","","","","","","QZZZP5HMNGBJ","NA/CDS Mun Idx Tra","CDX.NA.HY"
"5150428235000000301","2236403499000001201","MODI","TRAD","2026-09-04T22:33:52Z","TRUE","CR","","N","FALSE","2024-11-12T19:48:04Z","2026-03-03","2026-12-20","","FALSE","BILT","FALSE","FALSE","TRUE","100,000","","USD","","","","","","","","","","","","","","","","","","","","","","","","","0.05","","","","","","","","","","","","false","","","","","","A004","","","","","","","","6682.88000","MNTH","","","","3","","","","UFRO","USD","","","","","false","0.94","","","","","","","","","","FALSE","","","","","","","","","QZZZP5HMNGBJ","NA/CDS Mun Idx Tra","CDX.NA.HY"
"5150428233000000101","2863325613000001401","MODI","TRAD","2026-09-04T22:33:43Z","TRUE","CR","","N","FALSE","2023-11-02T19:32:30Z","2026-02-15","2026-12-20","","FALSE","BILT","FALSE","FALSE","TRUE","8,000,000","","USD","","","","","","","","","","","","","","","","","","","","","","","","","0.05","","","","","","","","","","","","false","","","","","","A004","","","","","","","","13933632.54513","MNTH","","","","3","","","","UFRO","USD","","","","","false","0.94","","","","","","","","","","FALSE","","","","","","","","","QZZZP5HMNGBJ","NA/CDS Mun Idx Tra","CDX.NA.HY"
"5150439740000000101","2236403497000001001","MODI","TRAD","2026-09-04T22:33:33Z","TRUE","CR","","N","FALSE","2022-12-05T19:59:44Z","2026-03-03","2026-12-20","","FALSE","BILT","FALSE","FALSE","TRUE","2,000,000","","USD","","","","","","","","","","","","","","","","","","","","","","","","","0.01","","","","","","","","","","","","false","","","","","","A004","","","","","","","","134322.22500","MNTH","","","","3","","","","UFRO","USD","","","","","false","1","","","","","","","","","","FALSE","","","","","","","","","QZF7S02R2W3L","NA/CDS Mun Idx Tra","CDX.NA.IG"
"5150427261000000101","2236403508000002101","MODI","TRAD","2026-09-04T22:33:45Z","TRUE","CR","","N","FALSE","2024-02-27T16:03:29Z","2026-03-03","2026-12-20","","FALSE","BILT","FALSE","FALSE","TRUE","2,000,000","","USD","","","","","","","","","","","","","","","","","","","","","","","","","0.05","","","","","","","","","","","","false","","","","","","A004","","","","","","","","412317.38208","MNTH","","","","3","","","","UFRO","USD","","","","","false","0.94","","","","","","","","","","FALSE","","","","","","","","","QZZZP5HMNGBJ","NA/CDS Mun Idx Tra","CDX.NA.HY"
"5150386359000000101","5148448925000006301","MODI","TRAD","2026-09-04T22:33:48Z","TRUE","CR","","N","FALSE","2024-06-26T21:10:48Z","2025-08-02","2026-12-20","","FALSE","BILT","FALSE","FALSE","TRUE","4,000,000","","USD","","","","","","","","","","","","","","","","","","","","","","","","","0.05","","","","","","","","","","","","false","","","","","","A004","","","","","","","","708298.64625","MNTH","","","","3","","","","UFRO","USD","","","","","false","0.94","","","","","","","","","","FALSE","","","","","","","","","QZZZP5HMNGBJ","NA/CDS Mun Idx Tra","CDX.NA.HY"
"5150428769000000101","5148448918000005601","MODI","TRAD","2026-09-04T22:33:50Z","TRUE","CR","","N","FALSE","2024-11-08T20:01:14Z","2025-08-02","2026-12-20","","FALSE","BILT","FALSE","FALSE","TRUE","800,000","","USD","","","","","","","","","","","","","","","","","","","","","","","","","0.05","","","","","","","","","","","","false","","","","","","A004","","","","","","","","50600.25000","MNTH","","","","3","","","","UFRO","USD","","","","","false","0.94","","","","","","","","","","FALSE","","","","","","","","","QZZZP5HMNGBJ","NA/CDS Mun Idx Tra","CDX.NA.HY"
"5150429653000000401","5148448927000006501","MODI","TRAD","2026-09-04T22:33:44Z","TRUE","CR","","N","FALSE","2024-02-27T16:03:29Z","2025-08-02","2026-12-20","","FALSE","BILT","FALSE","FALSE","TRUE","4,000,000","","USD","","","","","","","","","","","","","","","","","","","","","","","","","0.05","","","","","","","","","","","","false","","","","","","A004","","","","","","","","824635.19000","MNTH","","","","3","","","","UFRO","USD","","","","","false","0.94","","","","","","","","","","FALSE","","","","","","","","","QZZZP5HMNGBJ","NA/CDS Mun Idx Tra","CDX.NA.HY"
"5150429656000000701","2863325614000001501","MODI","TRAD","2026-09-04T22:33:38Z","TRUE","CR","","N","FALSE","2023-08-09T17:44:54Z","2026-02-15","2027-12-20","","FALSE","BILT","FALSE","FALSE","FALSE","10,000,000","","USD","","","","","","","","","","","","","","","","","","","","","","","","","0.05","","","","","","","","","","","","false","","","","","","A004","","","","","","","","5470718.75000","MNTH","","","","3","","","","UFRO","USD","","","","","false","0.95","","","","","","","","","","FALSE","","","","","","","","","QZJDTC3FV7NJ","NA/CDS Mun Idx Tra","CDX.NA.HY"
"5150429655000000601","5148448916000005401","MODI","TRAD","2026-09-04T22:33:40Z","TRUE","CR","","N","FALSE","2023-10-23T16:38:22Z","2025-01-07","2028-12-20","","FALSE","BILT","FALSE","FALSE","FALSE","24,000,000","","USD","","","","","","","","","","","","","","","","","","","","","","","","","0.01","","","","","","","","","","","","false","","","","","","A004","","","","","","","","10165333.33000","MNTH","","","","3","","","","UFRO","USD","","","","","false","1","","","","","","","","","","FALSE","","","","","","","","","QZ0TSB0TFTMM","NA/CDS Mun Idx Tra","CDX.NA.IG"
"5150431006000000101","2236403497000001001","MODI","TRAD","2026-09-04T22:33:33Z","TRUE","CR","","N","FALSE","2022-12-05T19:59:44Z","2026-03-03","2026-12-20","","FALSE","BILT","FALSE","FALSE","TRUE","2,000,000","","USD","","","","","","","","","","","","","","","","","","","","","","","","","0.01","","","","","","","","","","","","false","","","","","","A004","","","","","","","","134322.22500","MNTH","","","","3","","","","UFRO","USD","","","","","false","1","","","","","","","","","","FALSE","","","","","","","","","QZF7S02R2W3L","NA/CDS Mun Idx Tra","CDX.NA.IG"
"5148448914000005201","5148448914000005201","MODI","TRAD","2026-09-04T22:33:58Z","TRUE","CR","","N","FALSE","2025-05-06T19:43:00Z","2025-08-02","2029-12-20","","FALSE","BILT","FALSE","FALSE","FALSE","28,000,000","","USD","","","","","","","","","","","","","","","","","","","","","","","","","0.01","","","","","","","","","","","","false","","","","","","A004","","","","","","","","250132.89006","MNTH","","","","3","","","","UFRO","USD","","","","","false","1","","","","","","","","","","FALSE","","","","","","","","","QZWQCWSHWXVT","NA/CDS Mun Idx Tra","CDX.NA.IG"
"5148449001000013901","2236403491000000401","MODI","TRAD","2026-09-04T22:33:56Z","TRUE","CR","","N","FALSE","2025-02-20T22:38:54Z","2026-03-03","2026-12-20","","FALSE","BILT","FALSE","FALSE","TRUE","400,000","","USD","","","","","","","","","","","","","","","","","","","","","","","","","0.01","","","","","","","","","","","","false","","","","","","A004","","","","","","","","24900.00000","MNTH","","","","3","","","","UFRO","USD","","","","","false","1","","","","","","","","","","FALSE","","","","","","","","","QZF7S02R2W3L","NA/CDS Mun Idx Tra","CDX.NA.IG"
"5148448997000013501","5148448918000005601","MODI","TRAD","2026-09-04T22:33:50Z","TRUE","CR","","N","FALSE","2026-08-05T15:51:52Z","2025-08-02","2026-12-20","","FALSE","BILT","FALSE","FALSE","TRUE","800,000","","USD","","","","","","","","","","","","","","","","","","","","","","","","","0.05","","","","","","","","","","","","false","","","","","","A004","","","","","","","","50600.25000","MNTH","","","","3","","","","UFRO","USD","","","","","false","0.94","","","","","","","","","","FALSE","","","","","","","","","QZZZP5HMNGBJ","NA/CDS Mun Idx Tra","CDX.NA.HY"
"5148448932000007001","2236403499000001201","MODI","TRAD","2026-09-04T22:33:52Z","TRUE","CR","","N","FALSE","2026-08-05T15:52:53Z","2026-03-03","2026-12-20","","FALSE","BILT","FALSE","FALSE","TRUE","100,000","","USD","","","","","","","","","","","","","","","","","","","","","","","","","0.05","","","","","","","","","","","","false","","","","","","A004","","","","","","","","6682.88000","MNTH","","","","3","","","","UFRO","USD","","","","","false","0.94","","","","","","","","","","FALSE","","","","","","","","","QZZZP5HMNGBJ","NA/CDS Mun Idx Tra","CDX.NA.HY"
"5148448931000006901","2236403503000001601","MODI","TRAD","2026-09-04T22:33:58Z","TRUE","CR","","N","FALSE","2025-05-14T16:25:00Z","2026-03-03","2029-12-20","","FALSE","BILT","FALSE","FALSE","FALSE","900,000","","USD","","","","","","","","","","","","","","","","","","","","","","","","","0.01","","","","","","","","","","","","false","","","","","","A004","","","","","","","","495490.00000","MNTH","","","","3","","","","UFRO","USD","","","","","false","1","","","","","","","","","","FALSE","","","","","","","","","QZWQCWSHWXVT","NA/CDS Mun Idx Tra","CDX.NA.IG"
"5148448935000007301","2236403494000000701","MODI","TRAD","2026-09-04T22:33:54Z","TRUE","CR","","N","FALSE","2026-08-05T15:52:57Z","2026-03-03","2026-12-20","","FALSE","BILT","FALSE","FALSE","TRUE","500,000","","USD","","","","","","","","","","","","","","","","","","","","","","","","","0.05","","","","","","","","","","","","false","","","","","","A004","","","","","","","","36702.18000","MNTH","","","","3","","","","UFRO","USD","","","","","false","0.94","","","","","","","","","","FALSE","","","","","","","","","QZZZP5HMNGBJ","NA/CDS Mun Idx Tra","CDX.NA.HY"
"5148449013000015101","5148448925000006301","MODI","TRAD","2026-09-04T22:33:48Z","TRUE","CR","","N","FALSE","2026-08-05T15:52:54Z","2025-08-02","2026-12-20","","FALSE","BILT","FALSE","FALSE","TRUE","4,000,000","","USD","","","","","","","","","","","","","","","","","","","","","","","","","0.05","","","","","","","","","","","","false","","","","","","A004","","","","","","","","708298.64625","MNTH","","","","3","","","","UFRO","USD","","","","","false","0.94","","","","","","","","","","FALSE","","","","","","","","","QZZZP5HMNGBJ","NA/CDS Mun Idx Tra","CDX.NA.HY"
"5148449016000015401","2236403500000001301","MODI","TRAD","2026-09-04T22:33:56Z","TRUE","CR","","N","FALSE","2026-05-14T20:02:18Z","2026-03-03","2028-12-20","","FALSE","BILT","FALSE","FALSE","TRUE","6,000,000","","USD","","","","","","","","","","","","","","","","","","","","","","","","","0.05","","","","","","","","","","","","false","","","","","","A004","","","","","","","","1033499.43216","MNTH","","","","3","","","","UFRO","USD","","","","","false","0.97","","","","","","","","","","FALSE","","","","","","","","","QZS27VSGPF30","NA/CDS Mun Idx Tra","CDX.NA.HY"
"5148448915000005301","2863325614000001501","MODI","TRAD","2026-09-04T22:33:38Z","TRUE","CR","","N","FALSE","2026-08-05T15:15:17Z","2026-02-15","2027-12-20","","FALSE","BILT","FALSE","FALSE","TRUE","10,000,000","","USD","","","","","","","","","","","","","","","","","","","","","","","","","0.05","","","","","","","","","","","","false","","","","","","A004","","","","","","","","5470718.75000","MNTH","","","","3","","","","UFRO","USD","","","","","false","0.95","","","","","","","","","","FALSE","","","","","","","","","QZJDTC3FV7NJ","NA/CDS Mun Idx Tra","CDX.NA.HY"
"5148949692000000801","2236403493000000601","MODI","TRAD","2026-09-04T22:34:00Z","TRUE","CR","","N","FALSE","2025-07-14T20:59:00Z","2026-03-03","2029-12-20","","FALSE","BILT","FALSE","FALSE","FALSE","16,000,000","","USD","","","","","","","","","","","","","","","","","","","","","","","","","0.01","","","","","","","","","","","","false","","","","","","A004","","","","","","","","567111.11000","MNTH","","","","3","","","","UFRO","USD","","","","","false","1","","","","","","","","","","FALSE","","","","","","","","","QZWQCWSHWXVT","NA/CDS Mun Idx Tra","CDX.NA.IG"
"5148949689000000501","5148448914000005201","MODI","TRAD","2026-09-04T22:33:58Z","TRUE","CR","","N","FALSE","2025-05-06T19:43:00Z","2025-08-02","2029-12-20","","FALSE","BILT","FALSE","FALSE","FALSE","28,000,000","","USD","","","","","","","","","","","","","","","","","","","","","","","","","0.01","","","","","","","","","","","","false","","","","","","A004","","","","","","","","250132.89006","MNTH","","","","3","","","","UFRO","USD","","","","","false","1","","","","","","","","","","FALSE","","","","","","","","","QZWQCWSHWXVT","NA/CDS Mun Idx Tra","CDX.NA.IG"
"5148949691000000701","2232251481000000501","MODI","TRAD","2026-09-04T22:33:59Z","TRUE","CR","","N","FALSE","2025-05-16T13:38:56Z","2026-03-03","2029-12-20","","FALSE","BILT","FALSE","FALSE","FALSE","400,000","","EUR","","","","","","","","","","","","","","","","","","","","","","","","","0.01","","","","","","","","","","","","false","","","","","","A004","","","","","","","","767473.33000","MNTH","","","","3","","","","UFRO","EUR","","","","","false","1","","","","","","","","","","FALSE","","","","","","","","","QZK1TTBT9TH9","NA/CDS Mun Idx Tra","ITRAXX EUROPE"
"5149257787000002901","5148448925000006301","MODI","TRAD","2026-09-04T22:33:48Z","TRUE","CR","","N","FALSE","2026-05-14T16:55:11Z","2025-08-02","2026-12-20","","FALSE","BILT","FALSE","FALSE","TRUE","4,000,000","","USD","","","","","","","","","","","","","","","","","","","","","","","","","0.05","","","","","","","","","","","","false","","","","","","A004","","","","","","","","708298.64625","MNTH","","","","3","","","","UFRO","USD","","","","","false","0.94","","","","","","","","","","FALSE","","","","","","","","","QZZZP5HMNGBJ","NA/CDS Mun Idx Tra","CDX.NA.HY"
"5149257799000004101","2236403503000001601","MODI","TRAD","2026-09-04T22:33:58Z","TRUE","CR","","N","FALSE","2025-05-14T16:25:00Z","2026-03-03","2029-12-20","","FALSE","BILT","FALSE","FALSE","FALSE","900,000","","USD","","","","","","","","","","","","","","","","","","","","","","","","","0.01","","","","","","","","","","","","false","","","","","","A004","","","","","","","","495490.00000","MNTH","","","","3","","","","UFRO","USD","","","","","false","1","","","","","","","","","","FALSE","","","","","","","","","QZWQCWSHWXVT","NA/CDS Mun Idx Tra","CDX.NA.IG"
"5149257792000003401","5148448920000005801","MODI","TRAD","2026-09-04T22:33:55Z","TRUE","CR","","N","FALSE","2025-01-23T22:26:50Z","2025-08-02","2029-12-20","","FALSE","BILT","FALSE","FALSE","FALSE","4,000,000","","USD","","","","","","","","","","","","","","","","","","","","","","","","","0.01","","","","","","","","","","","","false","","","","","","A004","","","","","","","","1644103.91044","MNTH","","","","3","","","","UFRO","USD","","","","","false","1","","","","","","","","","","FALSE","","","","","","","","","QZWQCWSHWXVT","NA/CDS Mun Idx Tra","CDX.NA.IG"
"5149427601000001601","5148449023000016101","MODI","TRAD","2026-09-04T22:34:15Z","TRUE","CR","","N","FALSE","2026-05-14T22:36:20Z","2023-01-12","2026-12-20","","FALSE","BILT","FALSE","FALSE","TRUE","5,000,000","","USD","","","","","","","","","","","","","","","","","","","","","","","","","0.05","","","","","","","","","","","","false","","","","","","A004","","","","","","","","556971.66208","MNTH","","","","3","","","","UFRO","USD","","","","","false","0.94","","","","","","","","","","FALSE","","","","","","","","","QZ76CJJPXNZX","NA/CDS Mun Idx Tra","CDX.NA.HY"
"5149427593000000801","2236403493000000601","MODI","TRAD","2026-09-04T22:34:00Z","TRUE","CR","","N","FALSE","2025-07-14T20:59:00Z","2026-03-03","2029-12-20","","FALSE","BILT","FALSE","FALSE","FALSE","16,000,000","","USD","","","","","","","","","","","","","","","","","","","","","","","","","0.01","","","","","","","","","","","","false","","","","","","A004","","","","","","","","567111.11000","MNTH","","","","3","","","","UFRO","USD","","","","","false","1","","","","","","","","","","FALSE","","","","","","","","","QZWQCWSHWXVT","NA/CDS Mun Idx Tra","CDX.NA.IG"
"5149427588000000301","5148448928000006601","MODI","TRAD","2026-09-04T22:33:53Z","TRUE","CR","","N","FALSE","2026-05-14T16:53:59Z","2025-08-02","2026-12-20","","FALSE","BILT","FALSE","FALSE","TRUE","900,000","","USD","","","","","","","","","","","","","","","","","","","","","","","","","0.05","","","","","","","","","","","","false","","","","","","A004","","","","","","","","66063.93000","MNTH","","","","3","","","","UFRO","USD","","","","","false","0.94","","","","","","","","","","FALSE","","","","","","","","","QZZZP5HMNGBJ","NA/CDS Mun Idx Tra","CDX.NA.HY"
"5150386361000000301","2236403499000001201","MODI","TRAD","2026-09-04T22:33:52Z","TRUE","CR","","N","FALSE","2024-11-12T19:48:04Z","2026-03-03","2026-12-20","","FALSE","BILT","FALSE","FALSE","TRUE","100,000","","USD","","","","","","","","","","","","","","","","","","","","","","","","","0.05","","","","","","","","","","","","false","","","","","","A004","","","","","","","","6682.88000","MNTH","","","","3","","","","UFRO","USD","","","","","false","0.94","","","","","","","","","","FALSE","","","","","","","","","QZZZP5HMNGBJ","NA/CDS Mun Idx Tra","CDX.NA.HY"
"5150242356000000501","5148448926000006401","MODI","TRAD","2026-09-04T22:33:51Z","TRUE","CR","","N","FALSE","2024-11-12T19:48:04Z","2025-08-02","2026-12-20","","FALSE","BILT","FALSE","FALSE","TRUE","1,000,000","","USD","","","","","","","","","","","","","","","","","","","","","","","","","0.05","","","","","","","","","","","","false","","","","","","A004","","","","","","","","66828.76394","MNTH","","","","3","","","","UFRO","USD","","","","","false","0.94","","","","","","","","","","FALSE","","","","","","","","","QZZZP5HMNGBJ","NA/CDS Mun Idx Tra","CDX.NA.HY"
"5150242358000000701","5148448920000005801","MODI","TRAD","2026-09-04T22:33:55Z","TRUE","CR","","N","FALSE","2025-01-23T22:26:50Z","2025-08-02","2029-12-20","","FALSE","BILT","FALSE","FALSE","FALSE","4,000,000","","USD","","","","","","","","","","","","","","","","","","","","","","","","","0.01","","","","","","","","","","","","false","","","","","","A004","","","","","","","","1644103.91044","MNTH","","","","3","","","","UFRO","USD","","","","","false","1","","","","","","","","","","FALSE","","","","","","","","","QZWQCWSHWXVT","NA/CDS Mun Idx Tra","CDX.NA.IG"
"5150242353000000201","2236403513000002601","MODI","TRAD","2026-09-04T22:33:57Z","TRUE","CR","","N","FALSE","2025-03-28T21:00:10Z","2026-03-03","2029-12-20","","FALSE","BILT","FALSE","FALSE","FALSE","3,000,000","","USD","","","","","","","","","","","","","","","","","","","","","","","","","0.01","","","","","","","","","","","","false","","","","","","A004","","","","","","","","148350.00000","MNTH","","","","3","","","","UFRO","USD","","","","","false","1","","","","","","","","","","FALSE","","","","","","","","","QZWQCWSHWXVT","NA/CDS Mun Idx Tra","CDX.NA.IG"
"5150271217000000101","2863325613000001401","MODI","TRAD","2026-09-04T22:33:43Z","TRUE","CR","","N","FALSE","2023-11-02T19:32:30Z","2026-02-15","2026-12-20","","FALSE","BILT","FALSE","FALSE","TRUE","8,000,000","","USD","","","","","","","","","","","","","","","","","","","","","","","","","0.05","","","","","","","","","","","","false","","","","","","A004","","","","","","","","13933632.54513","MNTH","","","","3","","","","UFRO","USD","","","","","false","0.94","","","","","","","","","","FALSE","","","","","","","","","QZZZP5HMNGBJ","NA/CDS Mun Idx Tra","CDX.NA.HY"
"5150242352000000101","2236403503000001601","MODI","TRAD","2026-09-04T22:33:58Z","TRUE","CR","","N","FALSE","2025-05-14T16:25:00Z","2026-03-03","2029-12-20","","FALSE","BILT","FALSE","FALSE","FALSE","900,000","","USD","","","","","","","","","","","","","","","","","","","","","","","","","0.01","","","","","","","","","","","","false","","","","","","A004","","","","","","","","495490.00000","MNTH","","","","3","","","","UFRO","USD","","","","","false","1","","","","","","","","","","FALSE","","","","","","","","","QZWQCWSHWXVT","NA/CDS Mun Idx Tra","CDX.NA.IG"
"5150242357000000601","2236403500000001301","MODI","TRAD","2026-09-04T22:33:56Z","TRUE","CR","","N","FALSE","2025-02-13T20:16:00Z","2026-03-03","2028-12-20","","FALSE","BILT","FALSE","FALSE","TRUE","6,000,000","","USD","","","","","","","","","","","","","","","","","","","","","","","","","0.05","","","","","","","","","","","","false","","","","","","A004","","","","","","","","1033499.43216","MNTH","","","","3","","","","UFRO","USD","","","","","false","0.97","","","","","","","","","","FALSE","","","","","","","","","QZS27VSGPF30","NA/CDS Mun Idx Tra","CDX.NA.HY"
"5150242362000001101","5148448916000005401","MODI","TRAD","2026-09-04T22:33:40Z","TRUE","CR","","N","FALSE","2023-10-23T16:38:22Z","2025-01-07","2028-12-20","","FALSE","BILT","FALSE","FALSE","FALSE","24,000,000","","USD","","","","","","","","","","","","","","","","","","","","","","","","","0.01","","","","","","","","","","","","false","","","","","","A004","","","","","","","","10165333.33000","MNTH","","","","3","","","","UFRO","USD","","","","","false","1","","","","","","","","","","FALSE","","","","","","","","","QZ0TSB0TFTMM","NA/CDS Mun Idx Tra","CDX.NA.IG"
"5150242361000001001","5148448918000005601","MODI","TRAD","2026-09-04T22:33:50Z","TRUE","CR","","N","FALSE","2026-05-14T16:53:39Z","2025-08-02","2026-12-20","","FALSE","BILT","FALSE","FALSE","TRUE","800,000","","USD","","","","","","","","","","","","","","","","","","","","","","","","","0.05","","","","","","","","","","","","false","","","","","","A004","","","","","","","","50600.25000","MNTH","","","","3","","","","UFRO","USD","","","","","false","0.94","","","","","","","","","","FALSE","","","","","","","","","QZZZP5HMNGBJ","NA/CDS Mun Idx Tra","CDX.NA.HY"
"5150242360000000901","2236403497000001001","MODI","TRAD","2026-09-04T22:33:33Z","TRUE","CR","","N","FALSE","2022-12-05T19:59:44Z","2026-03-03","2026-12-20","","FALSE","BILT","FALSE","FALSE","TRUE","2,000,000","","USD","","","","","","","","","","","","","","","","","","","","","","","","","0.01","","","","","","","","","","","","false","","","","","","A004","","","","","","","","134322.22500","MNTH","","","","3","","","","UFRO","USD","","","","","false","1","","","","","","","","","","FALSE","","","","","","","","","QZF7S02R2W3L","NA/CDS Mun Idx Tra","CDX.NA.IG"
"5149983142000001001","2232251481000000501","MODI","TRAD","2026-09-04T22:33:59Z","TRUE","CR","","N","FALSE","2025-05-16T13:38:56Z","2026-03-03","2029-12-20","","FALSE","BILT","FALSE","FALSE","FALSE","400,000","","EUR","","","","","","","","","","","","","","","","","","","","","","","","","0.01","","","","","","","","","","","","false","","","","","","A004","","","","","","","","767473.33000","MNTH","","","","3","","","","UFRO","EUR","","","","","false","1","","","","","","","","","","FALSE","","","","","","","","","QZK1TTBT9TH9","NA/CDS Mun Idx Tra","ITRAXX EUROPE"
"5149983136000000401","5148448916000005401","MODI","TRAD","2026-09-04T22:33:40Z","TRUE","CR","","N","FALSE","2023-10-23T16:38:22Z","2025-01-07","2028-12-20","","FALSE","BILT","FALSE","FALSE","FALSE","24,000,000","","USD","","","","","","","","","","","","","","","","","","","","","","","","","0.01","","","","","","","","","","","","false","","","","","","A004","","","","","","","","10165333.33000","MNTH","","","","3","","","","UFRO","USD","","","","","false","1","","","","","","","","","","FALSE","","","","","","","","","QZ0TSB0TFTMM","NA/CDS Mun Idx Tra","CDX.NA.IG"
"5149983141000000901","5148448925000006301","MODI","TRAD","2026-09-04T22:33:48Z","TRUE","CR","","N","FALSE","2026-05-14T16:55:11Z","2025-08-02","2026-12-20","","FALSE","BILT","FALSE","FALSE","TRUE","4,000,000","","USD","","","","","","","","","","","","","","","","","","","","","","","","","0.05","","","","","","","","","","","","false","","","","","","A004","","","","","","","","708298.64625","MNTH","","","","3","","","","UFRO","USD","","","","","false","0.94","","","","","","","","","","FALSE","","","","","","","","","QZZZP5HMNGBJ","NA/CDS Mun Idx Tra","CDX.NA.HY"
"5149983139000000701","5148448927000006501","MODI","TRAD","2026-09-04T22:33:44Z","TRUE","CR","","N","FALSE","2026-05-14T16:56:09Z","2025-08-02","2026-12-20","","FALSE","BILT","FALSE","FALSE","TRUE","4,000,000","","USD","","","","","","","","","","","","","","","","","","","","","","","","","0.05","","","","","","","","","","","","false","","","","","","A004","","","","","","","","824635.19000","MNTH","","","","3","","","","UFRO","USD","","","","","false","0.94","","","","","","","","","","FALSE","","","","","","","","","QZZZP5HMNGBJ","NA/CDS Mun Idx Tra","CDX.NA.HY"
"5149983138000000601","5148448928000006601","MODI","TRAD","2026-09-04T22:33:53Z","TRUE","CR","","N","FALSE","2026-05-14T16:53:59Z","2025-08-02","2026-12-20","","FALSE","BILT","FALSE","FALSE","TRUE","900,000","","USD","","","","","","","","","","","","","","","","","","","","","","","","","0.05","","","","","","","","","","","","false","","","","","","A004","","","","","","","","66063.93000","MNTH","","","","3","","","","UFRO","USD","","","","","false","0.94","","","","","","","","","","FALSE","","","","","","","","","QZZZP5HMNGBJ","NA/CDS Mun Idx Tra","CDX.NA.HY"
"5149983134000000201","5148448934000007201","MODI","TRAD","2026-09-04T22:33:57Z","TRUE","CR","","N","FALSE","2025-03-28T21:00:10Z","2025-08-02","2029-12-20","","FALSE","BILT","FALSE","FALSE","FALSE","7,000,000","","USD","","","","","","","","","","","","","","","","","","","","","","","","","0.01","","","","","","","","","","","","false","","","","","","A004","","","","","","","","346149.01100","MNTH","","","","3","","","","UFRO","USD","","","","","false","1","","","","","","","","","","FALSE","","","","","","","","","QZWQCWSHWXVT","NA/CDS Mun Idx Tra","CDX.NA.IG"
"5150242349000000101","5148448914000005201","MODI","TRAD","2026-09-04T22:33:58Z","TRUE","CR","","N","FALSE","2025-05-06T19:43:00Z","2025-08-02","2029-12-20","","FALSE","BILT","FALSE","FALSE","FALSE","28,000,000","","USD","","","","","","","","","","","","","","","","","","","","","","","","","0.01","","","","","","","","","","","","false","","","","","","A004","","","","","","","","250132.89006","MNTH","","","","3","","","","UFRO","USD","","","","","false","1","","","","","","","","","","FALSE","","","","","","","","","QZWQCWSHWXVT","NA/CDS Mun Idx Tra","CDX.NA.IG"
"5150446321000000101","2863325614000001501","MODI","TRAD","2026-09-04T22:33:38Z","TRUE","CR","","N","FALSE","2023-08-09T17:44:54Z","2026-02-15","2027-12-20","","FALSE","BILT","FALSE","FALSE","FALSE","10,000,000","","USD","","","","","","","","","","","","","","","","","","","","","","","","","0.05","","","","","","","","","","","","false","","","","","","A004","","","","","","","","5470718.75000","MNTH","","","","3","","","","UFRO","USD","","","","","false","0.95","","","","","","","","","","FALSE","","","","","","","","","QZJDTC3FV7NJ","NA/CDS Mun Idx Tra","CDX.NA.HY"
"5149591166000000901","2236403491000000401","MODI","TRAD","2026-09-04T22:33:56Z","TRUE","CR","","N","FALSE","2025-02-20T22:38:54Z","2026-03-03","2026-12-20","","FALSE","BILT","FALSE","FALSE","TRUE","400,000","","USD","","","","","","","","","","","","","","","","","","","","","","","","","0.01","","","","","","","","","","","","false","","","","","","A004","","","","","","","","24900.00000","MNTH","","","","3","","","","UFRO","USD","","","","","false","1","","","","","","","","","","FALSE","","","","","","","","","QZF7S02R2W3L","NA/CDS Mun Idx Tra","CDX.NA.IG"
"5149591184000002701","2236403513000002601","MODI","TRAD","2026-09-04T22:33:57Z","TRUE","CR","","N","FALSE","2025-03-28T21:00:10Z","2026-03-03","2029-12-20","","FALSE","BILT","FALSE","FALSE","FALSE","3,000,000","","USD","","","","","","","","","","","","","","","","","","","","","","","","","0.01","","","","","","","","","","","","false","","","","","","A004","","","","","","","","148350.00000","MNTH","","","","3","","","","UFRO","USD","","","","","false","1","","","","","","","","","","FALSE","","","","","","","","","QZWQCWSHWXVT","NA/CDS Mun Idx Tra","CDX.NA.IG"
"5149591183000002601","2236403495000000801","MODI","TRAD","2026-09-04T22:34:00Z","TRUE","CR","","N","FALSE","2025-07-14T20:59:00Z","2026-03-03","2027-12-20","","FALSE","BILT","FALSE","FALSE","TRUE","3,000,000","","USD","","","","","","","","","","","","","","","","","","","","","","","","","0.05","","","","","","","","","","","","false","","","","","","A004","","","","","","","","268416.67000","MNTH","","","","3","","","","UFRO","USD","","","","","false","0.95","","","","","","","","","","FALSE","","","","","","","","","QZJDTC3FV7NJ","NA/CDS Mun Idx Tra","CDX.NA.HY"
"5149591185000002801","5148448920000005801","MODI","TRAD","2026-09-04T22:33:55Z","TRUE","CR","","N","FALSE","2025-01-23T22:26:50Z","2025-08-02","2029-12-20","","FALSE","BILT","FALSE","FALSE","FALSE","4,000,000","","USD","","","","","","","","","","","","","","","","","","","","","","","","","0.01","","","","","","","","","","","","false","","","","","","A004","","","","","","","","1644103.91044","MNTH","","","","3","","","","UFRO","USD","","","","","false","1","","","","","","","","","","FALSE","","","","","","","","","QZWQCWSHWXVT","NA/CDS Mun Idx Tra","CDX.NA.IG"
"5149721616000000201","2236403508000002101","MODI","TRAD","2026-09-04T22:33:45Z","TRUE","CR","","N","FALSE","2026-05-14T16:56:55Z","2026-03-03","2026-12-20","","FALSE","BILT","FALSE","FALSE","TRUE","2,000,000","","USD","","","","","","","","","","","","","","","","","","","","","","","","","0.05","","","","","","","","","","","","false","","","","","","A004","","","","","","","","412317.38208","MNTH","","","","3","","","","UFRO","USD","","","","","false","0.94","","","","","","","","","","FALSE","","","","","","","","","QZZZP5HMNGBJ","NA/CDS Mun Idx Tra","CDX.NA.HY"
"5149925541000000301","2236403513000002601","MODI","TRAD","2026-09-04T22:33:57Z","TRUE","CR","","N","FALSE","2025-03-28T21:00:10Z","2026-03-03","2029-12-20","","FALSE","BILT","FALSE","FALSE","FALSE","3,000,000","","USD","","","","","","","","","","","","","","","","","","","","","","","","","0.01","","","","","","","","","","","","false","","","","","","A004","","","","","","","","148350.00000","MNTH","","","","3","","","","UFRO","USD","","","","","false","1","","","","","","","","","","FALSE","","","","","","","","","QZWQCWSHWXVT","NA/CDS Mun Idx Tra","CDX.NA.IG"
"5149925547000000901","2863325611000001201","MODI","TRAD","2026-09-04T22:33:41Z","TRUE","CR","","N","FALSE","2026-05-14T19:03:33Z","2026-02-15","2028-12-20","","FALSE","BILT","FALSE","FALSE","TRUE","20,000,000","","USD","","","","","","","","","","","","","","","","","","","","","","","","","0.05","","","","","","","","","","","","false","","","","","","A004","","","","","","","","13533333.33000","MNTH","","","","3","","","","UFRO","USD","","","","","false","0.97","","","","","","","","","","FALSE","","","","","","","","","QZS27VSGPF30","NA/CDS Mun Idx Tra","CDX.NA.HY"
"5149925539000000101","2236403491000000401","MODI","TRAD","2026-09-04T22:33:56Z","TRUE","CR","","N","FALSE","2025-02-20T22:38:54Z","2026-03-03","2026-12-20","","FALSE","BILT","FALSE","FALSE","TRUE","400,000","","USD","","","","","","","","","","","","","","","","","","","","","","","","","0.01","","","","","","","","","","","","false","","","","","","A004","","","","","","","","24900.00000","MNTH","","","","3","","","","UFRO","USD","","","","","false","1","","","","","","","","","","FALSE","","","","","","","","","QZF7S02R2W3L","NA/CDS Mun Idx Tra","CDX.NA.IG"
"5150431033000000901","2863325611000001201","MODI","TRAD","2026-09-04T22:33:41Z","TRUE","CR","","N","FALSE","2023-10-31T19:10:52Z","2026-02-15","2028-12-20","","FALSE","BILT","FALSE","FALSE","FALSE","20,000,000","","USD","","","","","","","","","","","","","","","","","","","","","","","","","0.05","","","","","","","","","","","","false","","","","","","A004","","","","","","","","13533333.33000","MNTH","","","","3","","","","UFRO","USD","","","","","false","0.97","","","","","","","","","","FALSE","","","","","","","","","QZS27VSGPF30","NA/CDS Mun Idx Tra","CDX.NA.HY"
"5150441810000000101","2863325611000001201","MODI","TRAD","2026-09-04T22:33:41Z","TRUE","CR","","N","FALSE","2023-10-31T19:10:52Z","2026-02-15","2028-12-20","","FALSE","BILT","FALSE","FALSE","FALSE","20,000,000","","USD","","","","","","","","","","","","","","","","","","","","","","","","","0.05","","","","","","","","","","","","false","","","","","","A004","","","","","","","","13533333.33000","MNTH","","","","3","","","","UFRO","USD","","","","","false","0.97","","","","","","","","","","FALSE","","","","","","","","","QZS27VSGPF30","NA/CDS Mun Idx Tra","CDX.NA.HY"
"5150442145000000101","5148448927000006501","MODI","TRAD","2026-09-04T22:33:44Z","TRUE","CR","","N","FALSE","2024-02-27T16:03:29Z","2025-08-02","2026-12-20","","FALSE","BILT","FALSE","FALSE","TRUE","4,000,000","","USD","","","","","","","","","","","","","","","","","","","","","","","","","0.05","","","","","","","","","","","","false","","","","","","A004","","","","","","","","824635.19000","MNTH","","","","3","","","","UFRO","USD","","","","","false","0.94","","","","","","","","","","FALSE","","","","","","","","","QZZZP5HMNGBJ","NA/CDS Mun Idx Tra","CDX.NA.HY"
"5150434215000000101","5148448928000006601","MODI","TRAD","2026-09-04T22:33:53Z","TRUE","CR","","N","FALSE","2024-11-18T21:09:35Z","2025-08-02","2026-12-20","","FALSE","BILT","FALSE","FALSE","TRUE","900,000","","USD","","","","","","","","","","","","","","","","","","","","","","","","","0.05","","","","","","","","","","","","false","","","","","","A004","","","","","","","","66063.93000","MNTH","","","","3","","","","UFRO","USD","","","","","false","0.94","","","","","","","","","","FALSE","","","","","","","","","QZZZP5HMNGBJ","NA/CDS Mun Idx Tra","CDX.NA.HY"
"5150436014000000201","2236403497000001001","MODI","TRAD","2026-09-04T22:33:33Z","TRUE","CR","","N","FALSE","2022-12-05T19:59:44Z","2026-03-03","2026-12-20","","FALSE","BILT","FALSE","FALSE","TRUE","2,000,000","","USD","","","","","","","","","","","","","","","","","","","","","","","","","0.01","","","","","","","","","","","","false","","","","","","A004","","","","","","","","134322.22500","MNTH","","","","3","","","","UFRO","USD","","","","","false","1","","","","","","","","","","FALSE","","","","","","","","","QZF7S02R2W3L","NA/CDS Mun Idx Tra","CDX.NA.IG"
"5150436276000000101","5148448925000006301","MODI","TRAD","2026-09-04T22:33:48Z","TRUE","CR","","N","FALSE","2024-06-26T21:10:48Z","2025-08-02","2026-12-20","","FALSE","BILT","FALSE","FALSE","TRUE","4,000,000","","USD","","","","","","","","","","","","","","","","","","","","","","","","","0.05","","","","","","","","","","","","false","","","","","","A004","","","","","","","","708298.64625","MNTH","","","","3","","","","UFRO","USD","","","","","false","0.94","","","","","","","","","","FALSE","","","","","","","","","QZZZP5HMNGBJ","NA/CDS Mun Idx Tra","CDX.NA.HY"
"5150443071000000301","2236403497000001001","MODI","TRAD","2026-09-04T22:33:33Z","TRUE","CR","","N","FALSE","2022-12-05T19:59:44Z","2026-03-03","2026-12-20","","FALSE","BILT","FALSE","FALSE","TRUE","2,000,000","","USD","","","","","","","","","","","","","","","","","","","","","","","","","0.01","","","","","","","","","","","","false","","","","","","A004","","","","","","","","134322.22500","MNTH","","","","3","","","","UFRO","USD","","","","","false","1","","","","","","","","","","FALSE","","","","","","","","","QZF7S02R2W3L","NA/CDS Mun Idx Tra","CDX.NA.IG"
"5150442523000000101","2236403508000002101","MODI","TRAD","2026-09-04T22:33:45Z","TRUE","CR","","N","FALSE","2024-02-27T16:03:29Z","2026-03-03","2026-12-20","","FALSE","BILT","FALSE","FALSE","TRUE","2,000,000","","USD","","","","","","","","","","","","","","","","","","","","","","","","","0.05","","","","","","","","","","","","false","","","","","","A004","","","","","","","","412317.38208","MNTH","","","","3","","","","UFRO","USD","","","","","false","0.94","","","","","","","","","","FALSE","","","","","","","","","QZZZP5HMNGBJ","NA/CDS Mun Idx Tra","CDX.NA.HY"
"5150434214000000101","5148448916000005401","MODI","TRAD","2026-09-04T22:33:40Z","TRUE","CR","","N","FALSE","2023-10-23T16:38:22Z","2025-01-07","2028-12-20","","FALSE","BILT","FALSE","FALSE","FALSE","24,000,000","","USD","","","","","","","","","","","","","","","","","","","","","","","","","0.01","","","","","","","","","","","","false","","","","","","A004","","","","","","","","10165333.33000","MNTH","","","","3","","","","UFRO","USD","","","","","false","1","","","","","","","","","","FALSE","","","","","","","","","QZ0TSB0TFTMM","NA/CDS Mun Idx Tra","CDX.NA.IG"
"5150434218000000301","5148448918000005601","MODI","TRAD","2026-09-04T22:33:50Z","TRUE","CR","","N","FALSE","2024-11-08T20:01:14Z","2025-08-02","2026-12-20","","FALSE","BILT","FALSE","FALSE","TRUE","800,000","","USD","","","","","","","","","","","","","","","","","","","","","","","","","0.05","","","","","","","","","","","","false","","","","","","A004","","","","","","","","50600.25000","MNTH","","","","3","","","","UFRO","USD","","","","","false","0.94","","","","","","","","","","FALSE","","","","","","","","","QZZZP5HMNGBJ","NA/CDS Mun Idx Tra","CDX.NA.HY"
"5150427264000000401","5148448940000007801","MODI","TRAD","2026-09-04T22:33:34Z","TRUE","CR","","N","FALSE","2023-03-29T16:56:34Z","2024-12-21","2027-12-20","","FALSE","BILT","FALSE","FALSE","FALSE","4,000,000","","USD","","","","","","","","","","","","","","","","","","","","","","","","","0.01","","","","","","","","","","","","false","","","","","","A004","","","","","","","","6310669.01015","MNTH","","","","3","","","","UFRO","USD","","","","","false","1","","","","","","","","","","FALSE","","","","","","","","","QZFF8GBX9123","NA/CDS Mun Idx Tra","CDX.NA.IG"
"5150386365000000701","2863325611000001201","MODI","TRAD","2026-09-04T22:33:41Z","TRUE","CR","","N","FALSE","2023-10-31T19:10:52Z","2026-02-15","2028-12-20","","FALSE","BILT","FALSE","FALSE","FALSE","20,000,000","","USD","","","","","","","","","","","","","","","","","","","","","","","","","0.05","","","","","","","","","","","","false","","","","","","A004","","","","","","","","13533333.33000","MNTH","","","","3","","","","UFRO","USD","","","","","false","0.97","","","","","","","","","","FALSE","","","","","","","","","QZS27VSGPF30","NA/CDS Mun Idx Tra","CDX.NA.HY"
"5148448940000007801","5148448940000007801","MODI","TRAD","2026-09-04T22:33:34Z","TRUE","CR","","N","FALSE","2023-03-29T16:56:34Z","2024-12-21","2027-12-20","","FALSE","BILT","FALSE","FALSE","FALSE","4,000,000","","USD","","","","","","","","","","","","","","","","","","","","","","","","","0.01","","","","","","","","","","","","false","","","","","","A004","","","","","","","","6310669.01015","MNTH","","","","3","","","","UFRO","USD","","","","","false","1","","","","","","","","","","FALSE","","","","","","","","","QZFF8GBX9123","NA/CDS Mun Idx Tra","CDX.NA.IG"
"5150417211000000101","5148448940000007801","MODI","TRAD","2026-09-04T22:33:34Z","TRUE","CR","","N","FALSE","2023-03-29T16:56:34Z","2024-12-21","2027-12-20","","FALSE","BILT","FALSE","FALSE","FALSE","4,000,000","","USD","","","","","","","","","","","","","","","","","","","","","","","","","0.01","","","","","","","","","","","","false","","","","","","A004","","","","","","","","6310669.01015","MNTH","","","","3","","","","UFRO","USD","","","","","false","1","","","","","","","","","","FALSE","","","","","","","","","QZFF8GBX9123","NA/CDS Mun Idx Tra","CDX.NA.IG"
"5150417213000000301","2236403508000002101","MODI","TRAD","2026-09-04T22:33:45Z","TRUE","CR","","N","FALSE","2024-02-27T16:03:29Z","2026-03-03","2026-12-20","","FALSE","BILT","FALSE","FALSE","TRUE","2,000,000","","USD","","","","","","","","","","","","","","","","","","","","","","","","","0.05","","","","","","","","","","","","false","","","","","","A004","","","","","","","","412317.38208","MNTH","","","","3","","","","UFRO","USD","","","","","false","0.94","","","","","","","","","","FALSE","","","","","","","","","QZZZP5HMNGBJ","NA/CDS Mun Idx Tra","CDX.NA.HY"
"5150419024000000501","5148448927000006501","MODI","TRAD","2026-09-04T22:33:44Z","TRUE","CR","","N","FALSE","2024-02-27T16:03:29Z","2025-08-02","2026-12-20","","FALSE","BILT","FALSE","FALSE","TRUE","4,000,000","","USD","","","","","","","","","","","","","","","","","","","","","","","","","0.05","","","","","","","","","","","","false","","","","","","A004","","","","","","","","824635.19000","MNTH","","","","3","","","","UFRO","USD","","","","","false","0.94","","","","","","","","","","FALSE","","","","","","","","","QZZZP5HMNGBJ","NA/CDS Mun Idx Tra","CDX.NA.HY"
"5150418836000000101","5148448928000006601","MODI","TRAD","2026-09-04T22:33:53Z","TRUE","CR","","N","FALSE","2024-11-18T21:09:35Z","2025-08-02","2026-12-20","","FALSE","BILT","FALSE","FALSE","TRUE","900,000","","USD","","","","","","","","","","","","","","","","","","","","","","","","","0.05","","","","","","","","","","","","false","","","","","","A004","","","","","","","","66063.93000","MNTH","","","","3","","","","UFRO","USD","","","","","false","0.94","","","","","","","","","","FALSE","","","","","","","","","QZZZP5HMNGBJ","NA/CDS Mun Idx Tra","CDX.NA.HY"
"5150419029000001001","5148448916000005401","MODI","TRAD","2026-09-04T22:33:40Z","TRUE","CR","","N","FALSE","2023-10-23T16:38:22Z","2025-01-07","2028-12-20","","FALSE","BILT","FALSE","FALSE","FALSE","24,000,000","","USD","","","","","","","","","","","","","","","","","","","","","","","","","0.01","","","","","","","","","","","","false","","","","","","A004","","","","","","","","10165333.33000","MNTH","","","","3","","","","UFRO","USD","","","","","false","1","","","","","","","","","","FALSE","","","","","","","","","QZ0TSB0TFTMM","NA/CDS Mun Idx Tra","CDX.NA.IG"
"5150420323000000301","5148448940000007801","MODI","TRAD","2026-09-04T22:33:34Z","TRUE","CR","","N","FALSE","2023-03-29T16:56:34Z","2024-12-21","2027-12-20","","FALSE","BILT","FALSE","FALSE","FALSE","4,000,000","","USD","","","","","","","","","","","","","","","","","","","","","","","","","0.01","","","","","","","","","","","","false","","","","","","A004","","","","","","","","6310669.01015","MNTH","","","","3","","","","UFRO","USD","","","","","false","1","","","","","","","","","","FALSE","","","","","","","","","QZFF8GBX9123","NA/CDS Mun Idx Tra","CDX.NA.IG"
"5150422326000000601","2863325614000001501","MODI","TRAD","2026-09-04T22:33:38Z","TRUE","CR","","N","FALSE","2023-08-09T17:44:54Z","2026-02-15","2027-12-20","","FALSE","BILT","FALSE","FALSE","FALSE","10,000,000","","USD","","","","","","","","","","","","","","","","","","","","","","","","","0.05","","","","","","","","","","","","false","","","","","","A004","","","","","","","","5470718.75000","MNTH","","","","3","","","","UFRO","USD","","","","","false","0.95","","","","","","","","","","FALSE","","","","","","","","","QZJDTC3FV7NJ","NA/CDS Mun Idx Tra","CDX.NA.HY"
"5150422325000000501","5148448940000007801","MODI","TRAD","2026-09-04T22:33:34Z","TRUE","CR","","N","FALSE","2023-03-29T16:56:34Z","2024-12-21","2027-12-20","","FALSE","BILT","FALSE","FALSE","FALSE","4,000,000","","USD","","","","","","","","","","","","","","","","","","","","","","","","","0.01","","","","","","","","","","","","false","","","","","","A004","","","","","","","","6310669.01015","MNTH","","","","3","","","","UFRO","USD","","","","","false","1","","","","","","","","","","FALSE","","","","","","","","","QZFF8GBX9123","NA/CDS Mun Idx Tra","CDX.NA.IG"
"5150422179000000401","5148448925000006301","MODI","TRAD","2026-09-04T22:33:48Z","TRUE","CR","","N","FALSE","2024-06-26T21:10:48Z","2025-08-02","2026-12-20","","FALSE","BILT","FALSE","FALSE","TRUE","4,000,000","","USD","","","","","","","","","","","","","","","","","","","","","","","","","0.05","","","","","","","","","","","","false","","","","","","A004","","","","","","","","708298.64625","MNTH","","","","3","","","","UFRO","USD","","","","","false","0.94","","","","","","","","","","FALSE","","","","","","","","","QZZZP5HMNGBJ","NA/CDS Mun Idx Tra","CDX.NA.HY"
"5150422182000000701","2863325611000001201","MODI","TRAD","2026-09-04T22:33:41Z","TRUE","CR","","N","FALSE","2023-10-31T19:10:52Z","2026-02-15","2028-12-20","","FALSE","BILT","FALSE","FALSE","FALSE","20,000,000","","USD","","","","","","","","","","","","","","","","","","","","","","","","","0.05","","","","","","","","","","","","false","","","","","","A004","","","","","","","","13533333.33000","MNTH","","","","3","","","","UFRO","USD","","","","","false","0.97","","","","","","","","","","FALSE","","","","","","","","","QZS27VSGPF30","NA/CDS Mun Idx Tra","CDX.NA.HY"
"5150423809000000401","2236403500000001301","MODI","TRAD","2026-09-04T22:33:56Z","TRUE","CR","","N","FALSE","2025-02-13T20:16:00Z","2026-03-03","2028-12-20","","FALSE","BILT","FALSE","FALSE","TRUE","6,000,000","","USD","","","","","","","","","","","","","","","","","","","","","","","","","0.05","","","","","","","","","","","","false","","","","","","A004","","","","","","","","1033499.43216","MNTH","","","","3","","","","UFRO","USD","","","","","false","0.97","","","","","","","","","","FALSE","","","","","","","","","QZS27VSGPF30","NA/CDS Mun Idx Tra","CDX.NA.HY"
"5150423810000000501","2863325611000001201","MODI","TRAD","2026-09-04T22:33:41Z","TRUE","CR","","N","FALSE","2023-10-31T19:10:52Z","2026-02-15","2028-12-20","","FALSE","BILT","FALSE","FALSE","FALSE","20,000,000","","USD","","","","","","","","","","","","","","","","","","","","","","","","","0.05","","","","","","","","","","","","false","","","","","","A004","","","","","","","","13533333.33000","MNTH","","","","3","","","","UFRO","USD","","","","","false","0.97","","","","","","","","","","FALSE","","","","","","","","","QZS27VSGPF30","NA/CDS Mun Idx Tra","CDX.NA.HY"
"5150424348000000101","5148448925000006301","MODI","TRAD","2026-09-04T22:33:48Z","TRUE","CR","","N","FALSE","2024-06-26T21:10:48Z","2025-08-02","2026-12-20","","FALSE","BILT","FALSE","FALSE","TRUE","4,000,000","","USD","","","","","","","","","","","","","","","","","","","","","","","","","0.05","","","","","","","","","","","","false","","","","","","A004","","","","","","","","708298.64625","MNTH","","","","3","","","","UFRO","USD","","","","","false","0.94","","","","","","","","","","FALSE","","","","","","","","","QZZZP5HMNGBJ","NA/CDS Mun Idx Tra","CDX.NA.HY"
"5150438949000000101","2236403508000002101","MODI","TRAD","2026-09-04T22:33:45Z","TRUE","CR","","N","FALSE","2024-02-27T16:03:29Z","2026-03-03","2026-12-20","","FALSE","BILT","FALSE","FALSE","TRUE","2,000,000","","USD","","","","","","","","","","","","","","","","","","","","","","","","","0.05","","","","","","","","","","","","false","","","","","","A004","","","","","","","","412317.38208","MNTH","","","","3","","","","UFRO","USD","","","","","false","0.94","","","","","","","","","","FALSE","","","","","","","","","QZZZP5HMNGBJ","NA/CDS Mun Idx Tra","CDX.NA.HY"
"5150425076000000801","2236403494000000701","MODI","TRAD","2026-09-04T22:33:54Z","TRUE","CR","","N","FALSE","2024-11-18T21:09:35Z","2026-03-03","2026-12-20","","FALSE","BILT","FALSE","FALSE","TRUE","500,000","","USD","","","","","","","","","","","","","","","","","","","","","","","","","0.05","","","","","","","","","","","","false","","","","","","A004","","","","","","","","36702.18000","MNTH","","","","3","","","","UFRO","USD","","","","","false","0.94","","","","","","","","","","FALSE","","","","","","","","","QZZZP5HMNGBJ","NA/CDS Mun Idx Tra","CDX.NA.HY"
"5150425073000000501","5148448940000007801","MODI","TRAD","2026-09-04T22:33:34Z","TRUE","CR","","N","FALSE","2023-03-29T16:56:34Z","2024-12-21","2027-12-20","","FALSE","BILT","FALSE","FALSE","FALSE","4,000,000","","USD","","","","","","","","","","","","","","","","","","","","","","","","","0.01","","","","","","","","","","","","false","","","","","","A004","","","","","","","","6310669.01015","MNTH","","","","3","","","","UFRO","USD","","","","","false","1","","","","","","","","","","FALSE","","","","","","","","","QZFF8GBX9123","NA/CDS Mun Idx Tra","CDX.NA.IG"
"5150386363000000501","2236403491000000401","MODI","TRAD","2026-09-04T22:33:56Z","TRUE","CR","","N","FALSE","2025-02-20T22:38:54Z","2026-03-03","2026-12-20","","FALSE","BILT","FALSE","FALSE","TRUE","400,000","","USD","","","","","","","","","","","","","","","","","","","","","","","","","0.01","","","","","","","","","","","","false","","","","","","A004","","","","","","","","24900.00000","MNTH","","","","3","","","","UFRO","USD","","","","","false","1","","","","","","","","","","FALSE","","","","","","","","","QZF7S02R2W3L","NA/CDS Mun Idx Tra","CDX.NA.IG"
"5150439475000000101","2863325614000001501","MODI","TRAD","2026-09-04T22:33:38Z","TRUE","CR","","N","FALSE","2023-08-09T17:44:54Z","2026-02-15","2027-12-20","","FALSE","BILT","FALSE","FALSE","FALSE","10,000,000","","USD","","","","","","","","","","","","","","","","","","","","","","","","","0.05","","","","","","","","","","","","false","","","","","","A004","","","","","","","","5470718.75000","MNTH","","","","3","","","","UFRO","USD","","","","","false","0.95","","","","","","","","","","FALSE","","","","","","","","","QZJDTC3FV7NJ","NA/CDS Mun Idx Tra","CDX.NA.HY"
"5150427267000000701","5148448938000007601","MODI","TRAD","2026-09-04T22:33:32Z","TRUE","CR","","N","FALSE","2022-12-05T19:59:44Z","2025-08-02","2026-12-20","","FALSE","BILT","FALSE","FALSE","TRUE","3,000,000","","USD","","","","","","","","","","","","","","","","","","","","","","","","","0.01","","","","","","","","","","","","false","","","","","","A004","","","","","","","","201483.13185","MNTH","","","","3","","","","UFRO","USD","","","","","false","1","","","","","","","","","","FALSE","","","","","","","","","QZF7S02R2W3L","NA/CDS Mun Idx Tra","CDX.NA.IG"
"5150427269000000901","2863325614000001501","MODI","TRAD","2026-09-04T22:33:38Z","TRUE","CR","","N","FALSE","2023-08-09T17:44:54Z","2026-02-15","2027-12-20","","FALSE","BILT","FALSE","FALSE","FALSE","10,000,000","","USD","","","","","","","","","","","","","","","","","","","","","","","","","0.05","","","","","","","","","","","","false","","","","","","A004","","","","","","","","5470718.75000","MNTH","","","","3","","","","UFRO","USD","","","","","false","0.95","","","","","","","","","","FALSE","","","","","","","","","QZJDTC3FV7NJ","NA/CDS Mun Idx Tra","CDX.NA.HY"
"5150427265000000501","2236403494000000701","MODI","TRAD","2026-09-04T22:33:54Z","TRUE","CR","","N","FALSE","2024-11-18T21:09:35Z","2026-03-03","2026-12-20","","FALSE","BILT","FALSE","FALSE","TRUE","500,000","","USD","","","","","","","","","","","","","","","","","","","","","","","","","0.05","","","","","","","","","","","","false","","","","","","A004","","","","","","","","36702.18000","MNTH","","","","3","","","","UFRO","USD","","","","","false","0.94","","","","","","","","","","FALSE","","","","","","","","","QZZZP5HMNGBJ","NA/CDS Mun Idx Tra","CDX.NA.HY"
"5150428773000000501","2863325611000001201","MODI","TRAD","2026-09-04T22:33:41Z","TRUE","CR","","N","FALSE","2023-10-31T19:10:52Z","2026-02-15","2028-12-20","","FALSE","BILT","FALSE","FALSE","FALSE","20,000,000","","USD","","","","","","","","","","","","","","","","","","","","","","","","","0.05","","","","","","","","","","","","false","","","","","","A004","","","","","","","","13533333.33000","MNTH","","","","3","","","","UFRO","USD","","","","","false","0.97","","","","","","","","","","FALSE","","","","","","","","","QZS27VSGPF30","NA/CDS Mun Idx Tra","CDX.NA.HY"
"5150428770000000201","5148448926000006401","MODI","TRAD","2026-09-04T22:33:51Z","TRUE","CR","","N","FALSE","2024-11-12T19:48:04Z","2025-08-02","2026-12-20","","FALSE","BILT","FALSE","FALSE","TRUE","1,000,000","","USD","","","","","","","","","","","","","","","","","","","","","","","","","0.05","","","","","","","","","","","","false","","","","","","A004","","","","","","","","66828.76394","MNTH","","","","3","","","","UFRO","USD","","","","","false","0.94","","","","","","","","","","FALSE","","","","","","","","","QZZZP5HMNGBJ","NA/CDS Mun Idx Tra","CDX.NA.HY"
"5150428771000000301","2236403509000002201","MODI","TRAD","2026-09-04T22:33:49Z","TRUE","CR","","N","FALSE","2024-06-26T21:10:48Z","2026-03-03","2026-12-20","","FALSE","BILT","FALSE","FALSE","TRUE","2,000,000","","USD","","","","","","","","","","","","","","","","","","","","","","","","","0.05","","","","","","","","","","","","false","","","","","","A004","","","","","","","","354149.14246","MNTH","","","","3","","","","UFRO","USD","","","","","false","0.94","","","","","","","","","","FALSE","","","","","","","","","QZZZP5HMNGBJ","NA/CDS Mun Idx Tra","CDX.NA.HY"
"5150429652000000301","5148448940000007801","MODI","TRAD","2026-09-04T22:33:34Z","TRUE","CR","","N","FALSE","2023-03-29T16:56:34Z","2024-12-21","2027-12-20","","FALSE","BILT","FALSE","FALSE","FALSE","4,000,000","","USD","","","","","","","","","","","","","","","","","","","","","","","","","0.01","","","","","","","","","","","","false","","","","","","A004","","","","","","","","6310669.01015","MNTH","","","","3","","","","UFRO","USD","","","","","false","1","","","","","","","","","","FALSE","","","","","","","","","QZFF8GBX9123","NA/CDS Mun Idx Tra","CDX.NA.IG"
"5150429400000000101","2236403508000002101","MODI","TRAD","2026-09-04T22:33:45Z","TRUE","CR","","N","FALSE","2024-02-27T16:03:29Z","2026-03-03","2026-12-20","","FALSE","BILT","FALSE","FALSE","TRUE","2,000,000","","USD","","","","","","","","","","","","","","","","","","","","","","","","","0.05","","","","","","","","","","","","false","","","","","","A004","","","","","","","","412317.38208","MNTH","","","","3","","","","UFRO","USD","","","","","false","0.94","","","","","","","","","","FALSE","","","","","","","","","QZZZP5HMNGBJ","NA/CDS Mun Idx Tra","CDX.NA.HY"
"5149591190000003301","5148448916000005401","MODI","TRAD","2026-09-04T22:33:40Z","TRUE","CR","","N","FALSE","2023-10-23T16:38:22Z","2025-01-07","2028-12-20","","FALSE","BILT","FALSE","FALSE","FALSE","24,000,000","","USD","","","","","","","","","","","","","","","","","","","","","","","","","0.01","","","","","","","","","","","","false","","","","","","A004","","","","","","","","10165333.33000","MNTH","","","","3","","","","UFRO","USD","","","","","false","1","","","","","","","","","","FALSE","","","","","","","","","QZ0TSB0TFTMM","NA/CDS Mun Idx Tra","CDX.NA.IG"
"5149591176000001901","2236403510000002301","MODI","TRAD","2026-09-04T22:33:58Z","TRUE","CR","","N","FALSE","2025-05-06T19:43:00Z","2026-03-03","2029-12-20","","FALSE","BILT","FALSE","FALSE","FALSE","13,000,000","","USD","","","","","","","","","","","","","","","","","","","","","","","","","0.01","","","","","","","","","","","","false","","","","","","A004","","","","","","","","116133.78000","MNTH","","","","3","","","","UFRO","USD","","","","","false","1","","","","","","","","","","FALSE","","","","","","","","","QZWQCWSHWXVT","NA/CDS Mun Idx Tra","CDX.NA.IG"
"5149591181000002401","2236403504000001701","MODI","TRAD","2026-09-04T22:34:01Z","TRUE","CR","","N","FALSE","2025-10-01T16:09:00Z","2026-03-03","2029-12-20","","FALSE","BILT","FALSE","FALSE","FALSE","7,000,000","","USD","","","","","","","","","","","","","","","","","","","","","","","","","0.01","","","","","","","","","","","","false","","","","","","A004","","","","","","","","141050.52390","MNTH","","","","3","","","","UFRO","USD","","","","","false","1","","","","","","","","","","FALSE","","","","","","","","","QZWQCWSHWXVT","NA/CDS Mun Idx Tra","CDX.NA.IG"
"5149591182000002501","2236403500000001301","MODI","TRAD","2026-09-04T22:33:56Z","TRUE","CR","","N","FALSE","2025-02-13T20:16:00Z","2026-03-03","2028-12-20","","FALSE","BILT","FALSE","FALSE","TRUE","6,000,000","","USD","","","","","","","","","","","","","","","","","","","","","","","","","0.05","","","","","","","","","","","","false","","","","","","A004","","","","","","","","1033499.43216","MNTH","","","","3","","","","UFRO","USD","","","","","false","0.97","","","","","","","","","","FALSE","","","","","","","","","QZS27VSGPF30","NA/CDS Mun Idx Tra","CDX.NA.HY"
"5149721617000000301","5148448940000007801","MODI","TRAD","2026-09-04T22:33:34Z","TRUE","CR","","N","FALSE","2023-03-29T16:56:34Z","2024-12-21","2027-12-20","","FALSE","BILT","FALSE","FALSE","FALSE","4,000,000","","USD","","","","","","","","","","","","","","","","","","","","","","","","","0.01","","","","","","","","","","","","false","","","","","","A004","","","","","","","","6310669.01015","MNTH","","","","3","","","","UFRO","USD","","","","","false","1","","","","","","","","","","FALSE","","","","","","","","","QZFF8GBX9123","NA/CDS Mun Idx Tra","CDX.NA.IG"
"5149925548000001001","5148448926000006401","MODI","TRAD","2026-09-04T22:33:51Z","TRUE","CR","","N","FALSE","2026-05-14T16:55:24Z","2025-08-02","2026-12-20","","FALSE","BILT","FALSE","FALSE","TRUE","1,000,000","","USD","","","","","","","","","","","","","","","","","","","","","","","","","0.05","","","","","","","","","","","","false","","","","","","A004","","","","","","","","66828.76394","MNTH","","","","3","","","","UFRO","USD","","","","","false","0.94","","","","","","","","","","FALSE","","","","","","","","","QZZZP5HMNGBJ","NA/CDS Mun Idx Tra","CDX.NA.HY"
"5149925543000000501","2236403495000000801","MODI","TRAD","2026-09-04T22:34:00Z","TRUE","CR","","N","FALSE","2025-07-14T20:59:00Z","2026-03-03","2027-12-20","","FALSE","BILT","FALSE","FALSE","TRUE","3,000,000","","USD","","","","","","","","","","","","","","","","","","","","","","","","","0.05","","","","","","","","","","","","false","","","","","","A004","","","","","","","","268416.67000","MNTH","","","","3","","","","UFRO","USD","","","","","false","0.95","","","","","","","","","","FALSE","","","","","","","","","QZJDTC3FV7NJ","NA/CDS Mun Idx Tra","CDX.NA.HY"
"5149925542000000401","5148448920000005801","MODI","TRAD","2026-09-04T22:33:55Z","TRUE","CR","","N","FALSE","2025-01-23T22:26:50Z","2025-08-02","2029-12-20","","FALSE","BILT","FALSE","FALSE","FALSE","4,000,000","","USD","","","","","","","","","","","","","","","","","","","","","","","","","0.01","","","","","","","","","","","","false","","","","","","A004","","","","","","","","1644103.91044","MNTH","","","","3","","","","UFRO","USD","","","","","false","1","","","","","","","","","","FALSE","","","","","","","","","QZWQCWSHWXVT","NA/CDS Mun Idx Tra","CDX.NA.IG"
"5150431026000000201","2863325613000001401","MODI","TRAD","2026-09-04T22:33:43Z","TRUE","CR","","N","FALSE","2023-11-02T19:32:30Z","2026-02-15","2026-12-20","","FALSE","BILT","FALSE","FALSE","TRUE","8,000,000","","USD","","","","","","","","","","","","","","","","","","","","","","","","","0.05","","","","","","","","","","","","false","","","","","","A004","","","","","","","","13933632.54513","MNTH","","","","3","","","","UFRO","USD","","","","","false","0.94","","","","","","","","","","FALSE","","","","","","","","","QZZZP5HMNGBJ","NA/CDS Mun Idx Tra","CDX.NA.HY"
"5150431029000000501","5148448926000006401","MODI","TRAD","2026-09-04T22:33:51Z","TRUE","CR","","N","FALSE","2024-11-12T19:48:04Z","2025-08-02","2026-12-20","","FALSE","BILT","FALSE","FALSE","TRUE","1,000,000","","USD","","","","","","","","","","","","","","","","","","","","","","","","","0.05","","","","","","","","","","","","false","","","","","","A004","","","","","","","","66828.76394","MNTH","","","","3","","","","UFRO","USD","","","","","false","0.94","","","","","","","","","","FALSE","","","","","","","","","QZZZP5HMNGBJ","NA/CDS Mun Idx Tra","CDX.NA.HY"
"5150433137000000101","5148448940000007801","MODI","TRAD","2026-09-04T22:33:34Z","TRUE","CR","","N","FALSE","2023-03-29T16:56:34Z","2024-12-21","2027-12-20","","FALSE","BILT","FALSE","FALSE","FALSE","4,000,000","","USD","","","","","","","","","","","","","","","","","","","","","","","","","0.01","","","","","","","","","","","","false","","","","","","A004","","","","","","","","6310669.01015","MNTH","","","","3","","","","UFRO","USD","","","","","false","1","","","","","","","","","","FALSE","","","","","","","","","QZFF8GBX9123","NA/CDS Mun Idx Tra","CDX.NA.IG"
"5150433163000000301","5148448927000006501","MODI","TRAD","2026-09-04T22:33:44Z","TRUE","CR","","N","FALSE","2024-02-27T16:03:29Z","2025-08-02","2026-12-20","","FALSE","BILT","FALSE","FALSE","TRUE","4,000,000","","USD","","","","","","","","","","","","","","","","","","","","","","","","","0.05","","","","","","","","","","","","false","","","","","","A004","","","","","","","","824635.19000","MNTH","","","","3","","","","UFRO","USD","","","","","false","0.94","","","","","","","","","","FALSE","","","","","","","","","QZZZP5HMNGBJ","NA/CDS Mun Idx Tra","CDX.NA.HY"
"5150434523000000101","2863325613000001401","MODI","TRAD","2026-09-04T22:33:43Z","TRUE","CR","","N","FALSE","2023-11-02T19:32:30Z","2026-02-15","2026-12-20","","FALSE","BILT","FALSE","FALSE","TRUE","8,000,000","","USD","","","","","","","","","","","","","","","","","","","","","","","","","0.05","","","","","","","","","","","","false","","","","","","A004","","","","","","","","13933632.54513","MNTH","","","","3","","","","UFRO","USD","","","","","false","0.94","","","","","","","","","","FALSE","","","","","","","","","QZZZP5HMNGBJ","NA/CDS Mun Idx Tra","CDX.NA.HY"
"5150435021000000101","2236403499000001201","MODI","TRAD","2026-09-04T22:33:52Z","TRUE","CR","","N","FALSE","2024-11-12T19:48:04Z","2026-03-03","2026-12-20","","FALSE","BILT","FALSE","FALSE","TRUE","100,000","","USD","","","","","","","","","","","","","","","","","","","","","","","","","0.05","","","","","","","","","","","","false","","","","","","A004","","","","","","","","6682.88000","MNTH","","","","3","","","","UFRO","USD","","","","","false","0.94","","","","","","","","","","FALSE","","","","","","","","","QZZZP5HMNGBJ","NA/CDS Mun Idx Tra","CDX.NA.HY"
"5150435592000000101","2236403508000002101","MODI","TRAD","2026-09-04T22:33:45Z","TRUE","CR","","N","FALSE","2024-02-27T16:03:29Z","2026-03-03","2026-12-20","","FALSE","BILT","FALSE","FALSE","TRUE","2,000,000","","USD","","","","","","","","","","","","","","","","","","","","","","","","","0.05","","","","","","","","","","","","false","","","","","","A004","","","","","","","","412317.38208","MNTH","","","","3","","","","UFRO","USD","","","","","false","0.94","","","","","","","","","","FALSE","","","","","","","","","QZZZP5HMNGBJ","NA/CDS Mun Idx Tra","CDX.NA.HY"
"5150433940000000101","2863325614000001501","MODI","TRAD","2026-09-04T22:33:38Z","TRUE","CR","","N","FALSE","2023-08-09T17:44:54Z","2026-02-15","2027-12-20","","FALSE","BILT","FALSE","FALSE","FALSE","10,000,000","","USD","","","","","","","","","","","","","","","","","","","","","","","","","0.05","","","","","","","","","","","","false","","","","","","A004","","","","","","","","5470718.75000","MNTH","","","","3","","","","UFRO","USD","","","","","false","0.95","","","","","","","","","","FALSE","","","","","","","","","QZJDTC3FV7NJ","NA/CDS Mun Idx Tra","CDX.NA.HY"
"5148448912000005001","2232251481000000501","MODI","TRAD","2026-09-04T22:33:59Z","TRUE","CR","","N","FALSE","2025-05-16T13:38:56Z","2026-03-03","2029-12-20","","FALSE","BILT","FALSE","FALSE","FALSE","400,000","","EUR","","","","","","","","","","","","","","","","","","","","","","","","","0.01","","","","","","","","","","","","false","","","","","","A004","","","","","","","","767473.33000","MNTH","","","","3","","","","UFRO","EUR","","","","","false","1","","","","","","","","","","FALSE","","","","","","","","","QZK1TTBT9TH9","NA/CDS Mun Idx Tra","ITRAXX EUROPE"
"5148449023000016101","","NEWT","TRAD","2026-05-14T22:36:20Z","","CR","","N","FALSE","2026-05-14T22:36:20Z","2023-01-12","2026-12-20","","FALSE","BILT","FALSE","FALSE","TRUE","5,000,000","","USD","","","","","","","","","","","","","","","","","","","","","","","","","0.05","","","","","","","","","","","","false","","","","","","A004","","","","","","","","556971.66208","MNTH","","","","3","","","","UFRO","USD","","","","","false","0.94","","","","","","","","","","FALSE","","","","","","","","","QZ76CJJPXNZX","NA/CDS Mun Idx Tra","CDX.NA.HY"
"5148449011000014901","2236403513000002601","MODI","TRAD","2026-09-04T22:33:57Z","TRUE","CR","","N","FALSE","2025-03-28T21:00:10Z","2026-03-03","2029-12-20","","FALSE","BILT","FALSE","FALSE","FALSE","3,000,000","","USD","","","","","","","","","","","","","","","","","","","","","","","","","0.01","","","","","","","","","","","","false","","","","","","A004","","","","","","","","148350.00000","MNTH","","","","3","","","","UFRO","USD","","","","","false","1","","","","","","","","","","FALSE","","","","","","","","","QZWQCWSHWXVT","NA/CDS Mun Idx Tra","CDX.NA.IG"
"5148448918000005601","5148448918000005601","MODI","TRAD","2026-09-04T22:33:50Z","TRUE","CR","","N","FALSE","2026-08-05T15:51:52Z","2025-08-02","2026-12-20","","FALSE","BILT","FALSE","FALSE","TRUE","800,000","","USD","","","","","","","","","","","","","","","","","","","","","","","","","0.05","","","","","","","","","","","","false","","","","","","A004","","","","","","","","50600.25000","MNTH","","","","3","","","","UFRO","USD","","","","","false","0.94","","","","","","","","","","FALSE","","","","","","","","","QZZZP5HMNGBJ","NA/CDS Mun Idx Tra","CDX.NA.HY"
"5148449019000015701","2236403499000001201","MODI","TRAD","2026-09-04T22:33:52Z","TRUE","CR","","N","FALSE","2026-08-05T15:52:53Z","2026-03-03","2026-12-20","","FALSE","BILT","FALSE","FALSE","TRUE","100,000","","USD","","","","","","","","","","","","","","","","","","","","","","","","","0.05","","","","","","","","","","","","false","","","","","","A004","","","","","","","","6682.88000","MNTH","","","","3","","","","UFRO","USD","","","","","false","0.94","","","","","","","","","","FALSE","","","","","","","","","QZZZP5HMNGBJ","NA/CDS Mun Idx Tra","CDX.NA.HY"
"5148448944000008201","5148448944000008201","TERM","ETRM","2026-09-04T22:34:15Z","","CR","","N","FALSE","2026-05-14T22:36:20Z","2023-01-12","2026-12-20","","FALSE","BILT","FALSE","FALSE","FALSE","5,000,000","","USD","","","","","","","","","","","","","","","","","","","","","","","","","0.05","","","","","","","","","","","","false","","","","","","","","","","","","","","556971.66208","MNTH","","","","3","","","","UFRO","USD","","","","","false","","","","","","","","","","","FALSE","","","","","","","","","QZ76CJJPXNZX","NA/CDS Mun Idx Tra","CDX.NA.HY"
"5148449022000016001","2236403495000000801","MODI","TRAD","2026-09-04T22:34:00Z","TRUE","CR","","N","FALSE","2025-07-14T20:59:00Z","2026-03-03","2027-12-20","","FALSE","BILT","FALSE","FALSE","TRUE","3,000,000","","USD","","","","","","","","","","","","","","","","","","","","","","","","","0.05","","","","","","","","","","","","false","","","","","","A004","","","","","","","","268416.67000","MNTH","","","","3","","","","UFRO","USD","","","","","false","0.95","","","","","","","","","","FALSE","","","","","","","","","QZJDTC3FV7NJ","NA/CDS Mun Idx Tra","CDX.NA.HY"
"5148449010000014801","2236403494000000701","MODI","TRAD","2026-09-04T22:33:54Z","TRUE","CR","","N","FALSE","2026-08-05T15:52:57Z","2026-03-03","2026-12-20","","FALSE","BILT","FALSE","FALSE","TRUE","500,000","","USD","","","","","","","","","","","","","","","","","","","","","","","","","0.05","","","","","","","","","","","","false","","","","","","A004","","","","","","","","36702.18000","MNTH","","","","3","","","","UFRO","USD","","","","","false","0.94","","","","","","","","","","FALSE","","","","","","","","","QZZZP5HMNGBJ","NA/CDS Mun Idx Tra","CDX.NA.HY"
"5148448919000005701","2236403493000000601","MODI","TRAD","2026-09-04T22:34:00Z","TRUE","CR","","N","FALSE","2025-07-14T20:59:00Z","2026-03-03","2029-12-20","","FALSE","BILT","FALSE","FALSE","FALSE","16,000,000","","USD","","","","","","","","","","","","","","","","","","","","","","","","","0.01","","","","","","","","","","","","false","","","","","","A004","","","","","","","","567111.11000","MNTH","","","","3","","","","UFRO","USD","","","","","false","1","","","","","","","","","","FALSE","","","","","","","","","QZWQCWSHWXVT","NA/CDS Mun Idx Tra","CDX.NA.IG"
"5148449002000014001","2863325611000001201","MODI","TRAD","2026-09-04T22:33:41Z","TRUE","CR","","N","FALSE","2026-08-05T15:15:55Z","2026-02-15","2028-12-20","","FALSE","BILT","FALSE","FALSE","TRUE","20,000,000","","USD","","","","","","","","","","","","","","","","","","","","","","","","","0.05","","","","","","","","","","","","false","","","","","","A004","","","","","","","","13533333.33000","MNTH","","","","3","","","","UFRO","USD","","","","","false","0.97","","","","","","","","","","FALSE","","","","","","","","","QZS27VSGPF30","NA/CDS Mun Idx Tra","CDX.NA.HY"
"5148448921000005901","2863325611000001201","MODI","TRAD","2026-09-04T22:33:41Z","TRUE","CR","","N","FALSE","2026-08-05T15:15:55Z","2026-02-15","2028-12-20","","FALSE","BILT","FALSE","FALSE","TRUE","20,000,000","","USD","","","","","","","","","","","","","","","","","","","","","","","","","0.05","","","","","","","","","","","","false","","","","","","A004","","","","","","","","13533333.33000","MNTH","","","","3","","","","UFRO","USD","","","","","false","0.97","","","","","","","","","","FALSE","","","","","","","","","QZS27VSGPF30","NA/CDS Mun Idx Tra","CDX.NA.HY"
"5149983133000000101","2236403493000000601","MODI","TRAD","2026-09-04T22:34:00Z","TRUE","CR","","N","FALSE","2025-07-14T20:59:00Z","2026-03-03","2029-12-20","","FALSE","BILT","FALSE","FALSE","FALSE","16,000,000","","USD","","","","","","","","","","","","","","","","","","","","","","","","","0.01","","","","","","","","","","","","false","","","","","","A004","","","","","","","","567111.11000","MNTH","","","","3","","","","UFRO","USD","","","","","false","1","","","","","","","","","","FALSE","","","","","","","","","QZWQCWSHWXVT","NA/CDS Mun Idx Tra","CDX.NA.IG"
"5148461312000000101","5142837760000000101","TERM","ETRM","2026-09-04T21:55:19Z","","CR","","N","","2026-09-04T16:02:05Z","2026-09-04","2064-11-18","","FALSE","BILT","FALSE","","FALSE","10,000,000","","USD","","","","","","","","","","","","","","","","","","","","","","","","","0.05","","","","","","","","","","","","false","","","","","","","","","","","","","","2157986.11000","","","","","","","","","UFRO","USD","USD","","","","false","1","","","","","","","","","","FALSE","","","","","","","","","QZRGGPNW8D74","NA/CDS Corp Idx","CMBX.NA.BB"
"5148448991000012901","2236403510000002301","MODI","TRAD","2026-09-04T22:33:58Z","TRUE","CR","","N","FALSE","2025-05-06T19:43:00Z","2026-03-03","2029-12-20","","FALSE","BILT","FALSE","FALSE","FALSE","13,000,000","","USD","","","","","","","","","","","","","","","","","","","","","","","","","0.01","","","","","","","","","","","","false","","","","","","A004","","","","","","","","116133.78000","MNTH","","","","3","","","","UFRO","USD","","","","","false","1","","","","","","","","","","FALSE","","","","","","","","","QZWQCWSHWXVT","NA/CDS Mun Idx Tra","CDX.NA.IG"
"5148448937000007501","2236403500000001301","MODI","TRAD","2026-09-04T22:33:56Z","TRUE","CR","","N","FALSE","2026-08-05T15:52:27Z","2026-03-03","2028-12-20","","FALSE","BILT","FALSE","FALSE","TRUE","6,000,000","","USD","","","","","","","","","","","","","","","","","","","","","","","","","0.05","","","","","","","","","","","","false","","","","","","A004","","","","","","","","1033499.43216","MNTH","","","","3","","","","UFRO","USD","","","","","false","0.97","","","","","","","","","","FALSE","","","","","","","","","QZS27VSGPF30","NA/CDS Mun Idx Tra","CDX.NA.HY"
"5148448930000006801","2232251480000000401","MODI","TRAD","2026-09-04T22:34:02Z","TRUE","CR","","N","FALSE","2026-01-30T18:59:49Z","2026-03-03","2030-12-20","","FALSE","BILT","FALSE","FALSE","FALSE","3,000,000","","EUR","","","","","","","","","","","","","","","","","","","","","","","","","0.05","","","","","","","","","","","","false","","","","","","A004","","","","","","","","435616.22802","MNTH","","","","3","","","","UFRO","EUR","","","","","false","1","","","","","","","","","","FALSE","","","","","","","","","QZ8ZC6J69LV2","NA/CDS Mun Idx Tra","ITRAXX EUROPE CROSSOVER"
"5148448938000007601","5148448938000007601","MODI","TRAD","2026-09-04T22:33:32Z","TRUE","CR","","N","FALSE","2022-12-05T19:59:44Z","2025-08-02","2026-12-20","","FALSE","BILT","FALSE","FALSE","TRUE","3,000,000","","USD","","","","","","","","","","","","","","","","","","","","","","","","","0.01","","","","","","","","","","","","false","","","","","","A004","","","","","","","","201483.13185","MNTH","","","","3","","","","UFRO","USD","","","","","false","1","","","","","","","","","","FALSE","","","","","","","","","QZF7S02R2W3L","NA/CDS Mun Idx Tra","CDX.NA.IG"
"5148448916000005401","5148448916000005401","MODI","TRAD","2026-09-04T22:33:40Z","TRUE","CR","","N","FALSE","2023-10-23T16:38:22Z","2025-01-07","2028-12-20","","FALSE","BILT","FALSE","FALSE","FALSE","24,000,000","","USD","","","","","","","","","","","","","","","","","","","","","","","","","0.01","","","","","","","","","","","","false","","","","","","A004","","","","","","","","10165333.33000","MNTH","","","","3","","","","UFRO","USD","","","","","false","1","","","","","","","","","","FALSE","","","","","","","","","QZ0TSB0TFTMM","NA/CDS Mun Idx Tra","CDX.NA.IG"
"5148449008000014601","2232251480000000401","MODI","TRAD","2026-09-04T22:34:02Z","TRUE","CR","","N","FALSE","2026-01-30T18:59:49Z","2026-03-03","2030-12-20","","FALSE","BILT","FALSE","FALSE","FALSE","3,000,000","","EUR","","","","","","","","","","","","","","","","","","","","","","","","","0.05","","","","","","","","","","","","false","","","","","","A004","","","","","","","","435616.22802","MNTH","","","","3","","","","UFRO","EUR","","","","","false","1","","","","","","","","","","FALSE","","","","","","","","","QZ8ZC6J69LV2","NA/CDS Mun Idx Tra","ITRAXX EUROPE CROSSOVER"
"5148448934000007201","5148448934000007201","MODI","TRAD","2026-09-04T22:33:57Z","TRUE","CR","","N","FALSE","2025-03-28T21:00:10Z","2025-08-02","2029-12-20","","FALSE","BILT","FALSE","FALSE","FALSE","7,000,000","","USD","","","","","","","","","","","","","","","","","","","","","","","","","0.01","","","","","","","","","","","","false","","","","","","A004","","","","","","","","346149.01100","MNTH","","","","3","","","","UFRO","USD","","","","","false","1","","","","","","","","","","FALSE","","","","","","","","","QZWQCWSHWXVT","NA/CDS Mun Idx Tra","CDX.NA.IG"
"5149257797000003901","5148448916000005401","MODI","TRAD","2026-09-04T22:33:40Z","TRUE","CR","","N","FALSE","2023-10-23T16:38:22Z","2025-01-07","2028-12-20","","FALSE","BILT","FALSE","FALSE","FALSE","24,000,000","","USD","","","","","","","","","","","","","","","","","","","","","","","","","0.01","","","","","","","","","","","","false","","","","","","A004","","","","","","","","10165333.33000","MNTH","","","","3","","","","UFRO","USD","","","","","false","1","","","","","","","","","","FALSE","","","","","","","","","QZ0TSB0TFTMM","NA/CDS Mun Idx Tra","CDX.NA.IG"
"5149257794000003601","2236403504000001701","MODI","TRAD","2026-09-04T22:34:01Z","TRUE","CR","","N","FALSE","2025-10-01T16:09:00Z","2026-03-03","2029-12-20","","FALSE","BILT","FALSE","FALSE","FALSE","7,000,000","","USD","","","","","","","","","","","","","","","","","","","","","","","","","0.01","","","","","","","","","","","","false","","","","","","A004","","","","","","","","141050.52390","MNTH","","","","3","","","","UFRO","USD","","","","","false","1","","","","","","","","","","FALSE","","","","","","","","","QZWQCWSHWXVT","NA/CDS Mun Idx Tra","CDX.NA.IG"
"5149257769000001101","5148448918000005601","MODI","TRAD","2026-09-04T22:33:50Z","TRUE","CR","","N","FALSE","2026-05-14T16:53:39Z","2025-08-02","2026-12-20","","FALSE","BILT","FALSE","FALSE","TRUE","800,000","","USD","","","","","","","","","","","","","","","","","","","","","","","","","0.05","","","","","","","","","","","","false","","","","","","A004","","","","","","","","50600.25000","MNTH","","","","3","","","","UFRO","USD","","","","","false","0.94","","","","","","","","","","FALSE","","","","","","","","","QZZZP5HMNGBJ","NA/CDS Mun Idx Tra","CDX.NA.HY"
"5150242354000000301","2236403510000002301","MODI","TRAD","2026-09-04T22:33:58Z","TRUE","CR","","N","FALSE","2025-05-06T19:43:00Z","2026-03-03","2029-12-20","","FALSE","BILT","FALSE","FALSE","FALSE","13,000,000","","USD","","","","","","","","","","","","","","","","","","","","","","","","","0.01","","","","","","","","","","","","false","","","","","","A004","","","","","","","","116133.78000","MNTH","","","","3","","","","UFRO","USD","","","","","false","1","","","","","","","","","","FALSE","","","","","","","","","QZWQCWSHWXVT","NA/CDS Mun Idx Tra","CDX.NA.IG"
"5150155904000000201","5148448940000007801","MODI","TRAD","2026-09-04T22:33:34Z","TRUE","CR","","N","FALSE","2023-03-29T16:56:34Z","2024-12-21","2027-12-20","","FALSE","BILT","FALSE","FALSE","FALSE","4,000,000","","USD","","","","","","","","","","","","","","","","","","","","","","","","","0.01","","","","","","","","","","","","false","","","","","","A004","","","","","","","","6310669.01015","MNTH","","","","3","","","","UFRO","USD","","","","","false","1","","","","","","","","","","FALSE","","","","","","","","","QZFF8GBX9123","NA/CDS Mun Idx Tra","CDX.NA.IG"
"5150242363000001201","5148449023000016101","MODI","TRAD","2026-09-04T22:34:15Z","TRUE","CR","","N","FALSE","2026-05-14T22:36:20Z","2023-01-12","2026-12-20","","FALSE","BILT","FALSE","FALSE","TRUE","5,000,000","","USD","","","","","","","","","","","","","","","","","","","","","","","","","0.05","","","","","","","","","","","","false","","","","","","A004","","","","","","","","556971.66208","MNTH","","","","3","","","","UFRO","USD","","","","","false","0.94","","","","","","","","","","FALSE","","","","","","","","","QZ76CJJPXNZX","NA/CDS Mun Idx Tra","CDX.NA.HY"
"5149983135000000301","2236403499000001201","MODI","TRAD","2026-09-04T22:33:52Z","TRUE","CR","","N","FALSE","2026-05-14T16:57:06Z","2026-03-03","2026-12-20","","FALSE","BILT","FALSE","FALSE","TRUE","100,000","","USD","","","","","","","","","","","","","","","","","","","","","","","","","0.05","","","","","","","","","","","","false","","","","","","A004","","","","","","","","6682.88000","MNTH","","","","3","","","","UFRO","USD","","","","","false","0.94","","","","","","","","","","FALSE","","","","","","","","","QZZZP5HMNGBJ","NA/CDS Mun Idx Tra","CDX.NA.HY"
"5150426010000000201","5148448926000006401","MODI","TRAD","2026-09-04T22:33:51Z","TRUE","CR","","N","FALSE","2024-11-12T19:48:04Z","2025-08-02","2026-12-20","","FALSE","BILT","FALSE","FALSE","TRUE","1,000,000","","USD","","","","","","","","","","","","","","","","","","","","","","","","","0.05","","","","","","","","","","","","false","","","","","","A004","","","","","","","","66828.76394","MNTH","","","","3","","","","UFRO","USD","","","","","false","0.94","","","","","","","","","","FALSE","","","","","","","","","QZZZP5HMNGBJ","NA/CDS Mun Idx Tra","CDX.NA.HY"
"5147720111000000501","4623512575000000101","TERM","NOVA","2026-09-04T21:37:33Z","","CR","","","","2026-08-06T16:44:22Z","2026-08-06","2026-09-16","","","","","","FALSE","","","","","","","","","","","","","","","","","","","","","","","","","","","","0.05","","","","","","","","","","","","","","","","","","","","","","","","","","","","","","","","","","","","","","","","","","","","","","","","","","","","","","","","","","","","","QZ4682HKL4CM","NA/CDS Idx Swt","NA/CDS Corp Idx"
"5150435432000000101","5148448940000007801","MODI","TRAD","2026-09-04T22:33:34Z","TRUE","CR","","N","FALSE","2023-03-29T16:56:34Z","2024-12-21","2027-12-20","","FALSE","BILT","FALSE","FALSE","FALSE","4,000,000","","USD","","","","","","","","","","","","","","","","","","","","","","","","","0.01","","","","","","","","","","","","false","","","","","","A004","","","","","","","","6310669.01015","MNTH","","","","3","","","","UFRO","USD","","","","","false","1","","","","","","","","","","FALSE","","","","","","","","","QZFF8GBX9123","NA/CDS Mun Idx Tra","CDX.NA.IG"
"5148448929000006701","2236403513000002601","MODI","TRAD","2026-09-04T22:33:57Z","TRUE","CR","","N","FALSE","2025-03-28T21:00:10Z","2026-03-03","2029-12-20","","FALSE","BILT","FALSE","FALSE","FALSE","3,000,000","","USD","","","","","","","","","","","","","","","","","","","","","","","","","0.01","","","","","","","","","","","","false","","","","","","A004","","","","","","","","148350.00000","MNTH","","","","3","","","","UFRO","USD","","","","","false","1","","","","","","","","","","FALSE","","","","","","","","","QZWQCWSHWXVT","NA/CDS Mun Idx Tra","CDX.NA.IG"
"5148449012000015001","2236403497000001001","MODI","TRAD","2026-09-04T22:33:33Z","TRUE","CR","","N","FALSE","2022-12-05T19:59:44Z","2026-03-03","2026-12-20","","FALSE","BILT","FALSE","FALSE","TRUE","2,000,000","","USD","","","","","","","","","","","","","","","","","","","","","","","","","0.01","","","","","","","","","","","","false","","","","","","A004","","","","","","","","134322.22500","MNTH","","","","3","","","","UFRO","USD","","","","","false","1","","","","","","","","","","FALSE","","","","","","","","","QZF7S02R2W3L","NA/CDS Mun Idx Tra","CDX.NA.IG"
"5148449006000014401","2236403503000001601","MODI","TRAD","2026-09-04T22:33:58Z","TRUE","CR","","N","FALSE","2025-05-14T16:25:00Z","2026-03-03","2029-12-20","","FALSE","BILT","FALSE","FALSE","FALSE","900,000","","USD","","","","","","","","","","","","","","","","","","","","","","","","","0.01","","","","","","","","","","","","false","","","","","","A004","","","","","","","","495490.00000","MNTH","","","","3","","","","UFRO","USD","","","","","false","1","","","","","","","","","","FALSE","","","","","","","","","QZWQCWSHWXVT","NA/CDS Mun Idx Tra","CDX.NA.IG"
"5148449007000014501","2863325613000001401","MODI","TRAD","2026-09-04T22:33:43Z","TRUE","CR","","N","FALSE","2026-05-14T17:13:11Z","2026-02-15","2026-12-20","","FALSE","BILT","FALSE","FALSE","TRUE","8,000,000","","USD","","","","","","","","","","","","","","","","","","","","","","","","","0.05","","","","","","","","","","","","false","","","","","","A004","","","","","","","","13933632.54513","MNTH","","","","3","","","","UFRO","USD","","","","","false","0.94","","","","","","","","","","FALSE","","","","","","","","","QZZZP5HMNGBJ","NA/CDS Mun Idx Tra","CDX.NA.HY"
"5148449015000015301","2236403508000002101","MODI","TRAD","2026-09-04T22:33:45Z","TRUE","CR","","N","FALSE","2026-08-05T15:52:09Z","2026-03-03","2026-12-20","","FALSE","BILT","FALSE","FALSE","TRUE","2,000,000","","USD","","","","","","","","","","","","","","","","","","","","","","","","","0.05","","","","","","","","","","","","false","","","","","","A004","","","","","","","","412317.38208","MNTH","","","","3","","","","UFRO","USD","","","","","false","0.94","","","","","","","","","","FALSE","","","","","","","","","QZZZP5HMNGBJ","NA/CDS Mun Idx Tra","CDX.NA.HY"
"5148448917000005501","2236403509000002201","MODI","TRAD","2026-09-04T22:33:49Z","TRUE","CR","","N","FALSE","2026-08-05T15:52:53Z","2026-03-03","2026-12-20","","FALSE","BILT","FALSE","FALSE","TRUE","2,000,000","","USD","","","","","","","","","","","","","","","","","","","","","","","","","0.05","","","","","","","","","","","","false","","","","","","A004","","","","","","","","354149.14246","MNTH","","","","3","","","","UFRO","USD","","","","","false","0.94","","","","","","","","","","FALSE","","","","","","","","","QZZZP5HMNGBJ","NA/CDS Mun Idx Tra","CDX.NA.HY"
"5148448996000013401","2236403493000000601","MODI","TRAD","2026-09-04T22:34:00Z","TRUE","CR","","N","FALSE","2025-07-14T20:59:00Z","2026-03-03","2029-12-20","","FALSE","BILT","FALSE","FALSE","FALSE","16,000,000","","USD","","","","","","","","","","","","","","","","","","","","","","","","","0.01","","","","","","","","","","","","false","","","","","","A004","","","","","","","","567111.11000","MNTH","","","","3","","","","UFRO","USD","","","","","false","1","","","","","","","","","","FALSE","","","","","","","","","QZWQCWSHWXVT","NA/CDS Mun Idx Tra","CDX.NA.IG"
"5148448925000006301","5148448925000006301","MODI","TRAD","2026-09-04T22:33:48Z","TRUE","CR","","N","FALSE","2026-08-05T15:52:54Z","2025-08-02","2026-12-20","","FALSE","BILT","FALSE","FALSE","TRUE","4,000,000","","USD","","","","","","","","","","","","","","","","","","","","","","","","","0.05","","","","","","","","","","","","false","","","","","","A004","","","","","","","","708298.64625","MNTH","","","","3","","","","UFRO","USD","","","","","false","0.94","","","","","","","","","","FALSE","","","","","","","","","QZZZP5HMNGBJ","NA/CDS Mun Idx Tra","CDX.NA.HY"
"5148449014000015201","5148448938000007601","MODI","TRAD","2026-09-04T22:33:32Z","TRUE","CR","","N","FALSE","2022-12-05T19:59:44Z","2025-08-02","2026-12-20","","FALSE","BILT","FALSE","FALSE","TRUE","3,000,000","","USD","","","","","","","","","","","","","","","","","","","","","","","","","0.01","","","","","","","","","","","","false","","","","","","A004","","","","","","","","201483.13185","MNTH","","","","3","","","","UFRO","USD","","","","","false","1","","","","","","","","","","FALSE","","","","","","","","","QZF7S02R2W3L","NA/CDS Mun Idx Tra","CDX.NA.IG"
"5148448911000004901","2236403504000001701","MODI","TRAD","2026-09-04T22:34:01Z","TRUE","CR","","N","FALSE","2025-10-01T16:09:00Z","2026-03-03","2029-12-20","","FALSE","BILT","FALSE","FALSE","FALSE","7,000,000","","USD","","","","","","","","","","","","","","","","","","","","","","","","","0.01","","","","","","","","","","","","false","","","","","","A004","","","","","","","","141050.52390","MNTH","","","","3","","","","UFRO","USD","","","","","false","1","","","","","","","","","","FALSE","","","","","","","","","QZWQCWSHWXVT","NA/CDS Mun Idx Tra","CDX.NA.IG"
"5148448999000013701","5148448916000005401","MODI","TRAD","2026-09-04T22:33:40Z","TRUE","CR","","N","FALSE","2023-10-23T16:38:22Z","2025-01-07","2028-12-20","","FALSE","BILT","FALSE","FALSE","FALSE","24,000,000","","USD","","","","","","","","","","","","","","","","","","","","","","","","","0.01","","","","","","","","","","","","false","","","","","","A004","","","","","","","","10165333.33000","MNTH","","","","3","","","","UFRO","USD","","","","","false","1","","","","","","","","","","FALSE","","","","","","","","","QZ0TSB0TFTMM","NA/CDS Mun Idx Tra","CDX.NA.IG"
"5148449018000015601","5148448940000007801","MODI","TRAD","2026-09-04T22:33:34Z","TRUE","CR","","N","FALSE","2023-03-29T16:56:34Z","2024-12-21","2027-12-20","","FALSE","BILT","FALSE","FALSE","FALSE","4,000,000","","USD","","","","","","","","","","","","","","","","","","","","","","","","","0.01","","","","","","","","","","","","false","","","","","","A004","","","","","","","","6310669.01015","MNTH","","","","3","","","","UFRO","USD","","","","","false","1","","","","","","","","","","FALSE","","","","","","","","","QZFF8GBX9123","NA/CDS Mun Idx Tra","CDX.NA.IG"
"5148449009000014701","2236403502000001501","MODI","TRAD","2026-09-04T22:34:01Z","TRUE","CR","","N","FALSE","2026-08-05T15:52:13Z","2026-03-03","2026-12-20","","FALSE","BILT","FALSE","FALSE","TRUE","4,000,000","","USD","","","","","","","","","","","","","","","","","","","","","","","","","0.05","","","","","","","","","","","","false","","","","","","A004","","","","","","","","257653.98128","MNTH","","","","3","","","","UFRO","USD","","","","","false","0.94","","","","","","","","","","FALSE","","","","","","","","","QZZZP5HMNGBJ","NA/CDS Mun Idx Tra","CDX.NA.HY"
"5148448913000005101","2236403510000002301","MODI","TRAD","2026-09-04T22:33:58Z","TRUE","CR","","N","FALSE","2025-05-06T19:43:00Z","2026-03-03","2029-12-20","","FALSE","BILT","FALSE","FALSE","FALSE","13,000,000","","USD","","","","","","","","","","","","","","","","","","","","","","","","","0.01","","","","","","","","","","","","false","","","","","","A004","","","","","","","","116133.78000","MNTH","","","","3","","","","UFRO","USD","","","","","false","1","","","","","","","","","","FALSE","","","","","","","","","QZWQCWSHWXVT","NA/CDS Mun Idx Tra","CDX.NA.IG"
"5148449003000014101","5148448926000006401","MODI","TRAD","2026-09-04T22:33:51Z","TRUE","CR","","N","FALSE","2026-08-05T15:52:13Z","2025-08-02","2026-12-20","","FALSE","BILT","FALSE","FALSE","TRUE","1,000,000","","USD","","","","","","","","","","","","","","","","","","","","","","","","","0.05","","","","","","","","","","","","false","","","","","","A004","","","","","","","","66828.76394","MNTH","","","","3","","","","UFRO","USD","","","","","false","0.94","","","","","","","","","","FALSE","","","","","","","","","QZZZP5HMNGBJ","NA/CDS Mun Idx Tra","CDX.NA.HY"
"5148449000000013801","2863325614000001501","MODI","TRAD","2026-09-04T22:33:38Z","TRUE","CR","","N","FALSE","2026-08-05T15:15:17Z","2026-02-15","2027-12-20","","FALSE","BILT","FALSE","FALSE","TRUE","10,000,000","","USD","","","","","","","","","","","","","","","","","","","","","","","","","0.05","","","","","","","","","","","","false","","","","","","A004","","","","","","","","5470718.75000","MNTH","","","","3","","","","UFRO","USD","","","","","false","0.95","","","","","","","","","","FALSE","","","","","","","","","QZJDTC3FV7NJ","NA/CDS Mun Idx Tra","CDX.NA.HY"
"5148448926000006401","5148448926000006401","MODI","TRAD","2026-09-04T22:33:51Z","TRUE","CR","","N","FALSE","2026-08-05T15:52:13Z","2025-08-02","2026-12-20","","FALSE","BILT","FALSE","FALSE","TRUE","1,000,000","","USD","","","","","","","","","","","","","","","","","","","","","","","","","0.05","","","","","","","","","","","","false","","","","","","A004","","","","","","","","66828.76394","MNTH","","","","3","","","","UFRO","USD","","","","","false","0.94","","","","","","","","","","FALSE","","","","","","","","","QZZZP5HMNGBJ","NA/CDS Mun Idx Tra","CDX.NA.HY"
"5148949697000001301","5148448934000007201","MODI","TRAD","2026-09-04T22:33:57Z","TRUE","CR","","N","FALSE","2025-03-28T21:00:10Z","2025-08-02","2029-12-20","","FALSE","BILT","FALSE","FALSE","FALSE","7,000,000","","USD","","","","","","","","","","","","","","","","","","","","","","","","","0.01","","","","","","","","","","","","false","","","","","","A004","","","","","","","","346149.01100","MNTH","","","","3","","","","UFRO","USD","","","","","false","1","","","","","","","","","","FALSE","","","","","","","","","QZWQCWSHWXVT","NA/CDS Mun Idx Tra","CDX.NA.IG"
"5149019386000000201","5148449023000016101","MODI","TRAD","2026-09-04T22:34:15Z","TRUE","CR","","N","FALSE","2026-05-14T22:36:20Z","2023-01-12","2026-12-20","","FALSE","BILT","FALSE","FALSE","TRUE","5,000,000","","USD","","","","","","","","","","","","","","","","","","","","","","","","","0.05","","","","","","","","","","","","false","","","","","","A004","","","","","","","","556971.66208","MNTH","","","","3","","","","UFRO","USD","","","","","false","0.94","","","","","","","","","","FALSE","","","","","","","","","QZ76CJJPXNZX","NA/CDS Mun Idx Tra","CDX.NA.HY"
"5148949698000001401","5148448926000006401","MODI","TRAD","2026-09-04T22:33:51Z","TRUE","CR","","N","FALSE","2026-05-14T16:55:24Z","2025-08-02","2026-12-20","","FALSE","BILT","FALSE","FALSE","TRUE","1,000,000","","USD","","","","","","","","","","","","","","","","","","","","","","","","","0.05","","","","","","","","","","","","false","","","","","","A004","","","","","","","","66828.76394","MNTH","","","","3","","","","UFRO","USD","","","","","false","0.94","","","","","","","","","","FALSE","","","","","","","","","QZZZP5HMNGBJ","NA/CDS Mun Idx Tra","CDX.NA.HY"
"5148449005000014301","5148448928000006601","MODI","TRAD","2026-09-04T22:33:53Z","TRUE","CR","","N","FALSE","2026-08-05T15:52:43Z","2025-08-02","2026-12-20","","FALSE","BILT","FALSE","FALSE","TRUE","900,000","","USD","","","","","","","","","","","","","","","","","","","","","","","","","0.05","","","","","","","","","","","","false","","","","","","A004","","","","","","","","66063.93000","MNTH","","","","3","","","","UFRO","USD","","","","","false","0.94","","","","","","","","","","FALSE","","","","","","","","","QZZZP5HMNGBJ","NA/CDS Mun Idx Tra","CDX.NA.HY"
"5148949707000002301","5148448928000006601","MODI","TRAD","2026-09-04T22:33:53Z","TRUE","CR","","N","FALSE","2026-05-14T16:53:59Z","2025-08-02","2026-12-20","","FALSE","BILT","FALSE","FALSE","TRUE","900,000","","USD","","","","","","","","","","","","","","","","","","","","","","","","","0.05","","","","","","","","","","","","false","","","","","","A004","","","","","","","","66063.93000","MNTH","","","","3","","","","UFRO","USD","","","","","false","0.94","","","","","","","","","","FALSE","","","","","","","","","QZZZP5HMNGBJ","NA/CDS Mun Idx Tra","CDX.NA.HY"
"5149257774000001601","2236403499000001201","MODI","TRAD","2026-09-04T22:33:52Z","TRUE","CR","","N","FALSE","2026-05-14T16:57:06Z","2026-03-03","2026-12-20","","FALSE","BILT","FALSE","FALSE","TRUE","100,000","","USD","","","","","","","","","","","","","","","","","","","","","","","","","0.05","","","","","","","","","","","","false","","","","","","A004","","","","","","","","6682.88000","MNTH","","","","3","","","","UFRO","USD","","","","","false","0.94","","","","","","","","","","FALSE","","","","","","","","","QZZZP5HMNGBJ","NA/CDS Mun Idx Tra","CDX.NA.HY"
"5149257789000003101","2863325613000001401","MODI","TRAD","2026-09-04T22:33:43Z","TRUE","CR","","N","FALSE","2026-05-14T17:13:11Z","2026-02-15","2026-12-20","","FALSE","BILT","FALSE","FALSE","TRUE","8,000,000","","USD","","","","","","","","","","","","","","","","","","","","","","","","","0.05","","","","","","","","","","","","false","","","","","","A004","","","","","","","","13933632.54513","MNTH","","","","3","","","","UFRO","USD","","","","","false","0.94","","","","","","","","","","FALSE","","","","","","","","","QZZZP5HMNGBJ","NA/CDS Mun Idx Tra","CDX.NA.HY"
"5149257765000000701","2236403491000000401","MODI","TRAD","2026-09-04T22:33:56Z","TRUE","CR","","N","FALSE","2025-02-20T22:38:54Z","2026-03-03","2026-12-20","","FALSE","BILT","FALSE","FALSE","TRUE","400,000","","USD","","","","","","","","","","","","","","","","","","","","","","","","","0.01","","","","","","","","","","","","false","","","","","","A004","","","","","","","","24900.00000","MNTH","","","","3","","","","UFRO","USD","","","","","false","1","","","","","","","","","","FALSE","","","","","","","","","QZF7S02R2W3L","NA/CDS Mun Idx Tra","CDX.NA.IG"
"5149257798000004001","2236403495000000801","MODI","TRAD","2026-09-04T22:34:00Z","TRUE","CR","","N","FALSE","2025-07-14T20:59:00Z","2026-03-03","2027-12-20","","FALSE","BILT","FALSE","FALSE","TRUE","3,000,000","","USD","","","","","","","","","","","","","","","","","","","","","","","","","0.05","","","","","","","","","","","","false","","","","","","A004","","","","","","","","268416.67000","MNTH","","","","3","","","","UFRO","USD","","","","","false","0.95","","","","","","","","","","FALSE","","","","","","","","","QZJDTC3FV7NJ","NA/CDS Mun Idx Tra","CDX.NA.HY"
"5150436646000000101","5148448916000005401","MODI","TRAD","2026-09-04T22:33:40Z","TRUE","CR","","N","FALSE","2023-10-23T16:38:22Z","2025-01-07","2028-12-20","","FALSE","BILT","FALSE","FALSE","FALSE","24,000,000","","USD","","","","","","","","","","","","","","","","","","","","","","","","","0.01","","","","","","","","","","","","false","","","","","","A004","","","","","","","","10165333.33000","MNTH","","","","3","","","","UFRO","USD","","","","","false","1","","","","","","","","","","FALSE","","","","","","","","","QZ0TSB0TFTMM","NA/CDS Mun Idx Tra","CDX.NA.IG"
"5150417212000000201","2236403502000001501","MODI","TRAD","2026-09-04T22:34:01Z","TRUE","CR","","N","FALSE","2025-09-09T15:13:34Z","2026-03-03","2026-12-20","","FALSE","BILT","FALSE","FALSE","TRUE","4,000,000","","USD","","","","","","","","","","","","","","","","","","","","","","","","","0.05","","","","","","","","","","","","false","","","","","","A004","","","","","","","","257653.98128","MNTH","","","","3","","","","UFRO","USD","","","","","false","0.94","","","","","","","","","","FALSE","","","","","","","","","QZZZP5HMNGBJ","NA/CDS Mun Idx Tra","CDX.NA.HY"
"5150417215000000501","5148448938000007601","MODI","TRAD","2026-09-04T22:33:32Z","TRUE","CR","","N","FALSE","2022-12-05T19:59:44Z","2025-08-02","2026-12-20","","FALSE","BILT","FALSE","FALSE","TRUE","3,000,000","","USD","","","","","","","","","","","","","","","","","","","","","","","","","0.01","","","","","","","","","","","","false","","","","","","A004","","","","","","","","201483.13185","MNTH","","","","3","","","","UFRO","USD","","","","","false","1","","","","","","","","","","FALSE","","","","","","","","","QZF7S02R2W3L","NA/CDS Mun Idx Tra","CDX.NA.IG"
"5150415244000000101","2863325614000001501","MODI","TRAD","2026-09-04T22:33:38Z","TRUE","CR","","N","FALSE","2023-08-09T17:44:54Z","2026-02-15","2027-12-20","","FALSE","BILT","FALSE","FALSE","FALSE","10,000,000","","USD","","","","","","","","","","","","","","","","","","","","","","","","","0.05","","","","","","","","","","","","false","","","","","","A004","","","","","","","","5470718.75000","MNTH","","","","3","","","","UFRO","USD","","","","","false","0.95","","","","","","","","","","FALSE","","","","","","","","","QZJDTC3FV7NJ","NA/CDS Mun Idx Tra","CDX.NA.HY"
"5150419019000000101","5148448920000005801","MODI","TRAD","2026-09-04T22:33:55Z","TRUE","CR","","N","FALSE","2025-01-23T22:26:50Z","2025-08-02","2029-12-20","","FALSE","BILT","FALSE","FALSE","FALSE","4,000,000","","USD","","","","","","","","","","","","","","","","","","","","","","","","","0.01","","","","","","","","","","","","false","","","","","","A004","","","","","","","","1644103.91044","MNTH","","","","3","","","","UFRO","USD","","","","","false","1","","","","","","","","","","FALSE","","","","","","","","","QZWQCWSHWXVT","NA/CDS Mun Idx Tra","CDX.NA.IG"
"5150419026000000701","5148448926000006401","MODI","TRAD","2026-09-04T22:33:51Z","TRUE","CR","","N","FALSE","2024-11-12T19:48:04Z","2025-08-02","2026-12-20","","FALSE","BILT","FALSE","FALSE","TRUE","1,000,000","","USD","","","","","","","","","","","","","","","","","","","","","","","","","0.05","","","","","","","","","","","","false","","","","","","A004","","","","","","","","66828.76394","MNTH","","","","3","","","","UFRO","USD","","","","","false","0.94","","","","","","","","","","FALSE","","","","","","","","","QZZZP5HMNGBJ","NA/CDS Mun Idx Tra","CDX.NA.HY"
"5150420322000000201","5148448938000007601","MODI","TRAD","2026-09-04T22:33:32Z","TRUE","CR","","N","FALSE","2022-12-05T19:59:44Z","2025-08-02","2026-12-20","","FALSE","BILT","FALSE","FALSE","TRUE","3,000,000","","USD","","","","","","","","","","","","","","","","","","","","","","","","","0.01","","","","","","","","","","","","false","","","","","","A004","","","","","","","","201483.13185","MNTH","","","","3","","","","UFRO","USD","","","","","false","1","","","","","","","","","","FALSE","","","","","","","","","QZF7S02R2W3L","NA/CDS Mun Idx Tra","CDX.NA.IG"
"5150437550000000101","5148448938000007601","MODI","TRAD","2026-09-04T22:33:32Z","TRUE","CR","","N","FALSE","2022-12-05T19:59:44Z","2025-08-02","2026-12-20","","FALSE","BILT","FALSE","FALSE","TRUE","3,000,000","","USD","","","","","","","","","","","","","","","","","","","","","","","","","0.01","","","","","","","","","","","","false","","","","","","A004","","","","","","","","201483.13185","MNTH","","","","3","","","","UFRO","USD","","","","","false","1","","","","","","","","","","FALSE","","","","","","","","","QZF7S02R2W3L","NA/CDS Mun Idx Tra","CDX.NA.IG"
"5150422321000000101","2863325613000001401","MODI","TRAD","2026-09-04T22:33:43Z","TRUE","CR","","N","FALSE","2023-11-02T19:32:30Z","2026-02-15","2026-12-20","","FALSE","BILT","FALSE","FALSE","TRUE","8,000,000","","USD","","","","","","","","","","","","","","","","","","","","","","","","","0.05","","","","","","","","","","","","false","","","","","","A004","","","","","","","","13933632.54513","MNTH","","","","3","","","","UFRO","USD","","","","","false","0.94","","","","","","","","","","FALSE","","","","","","","","","QZZZP5HMNGBJ","NA/CDS Mun Idx Tra","CDX.NA.HY"
"5150422324000000401","2236403494000000701","MODI","TRAD","2026-09-04T22:33:54Z","TRUE","CR","","N","FALSE","2024-11-18T21:09:35Z","2026-03-03","2026-12-20","","FALSE","BILT","FALSE","FALSE","TRUE","500,000","","USD","","","","","","","","","","","","","","","","","","","","","","","","","0.05","","","","","","","","","","","","false","","","","","","A004","","","","","","","","36702.18000","MNTH","","","","3","","","","UFRO","USD","","","","","false","0.94","","","","","","","","","","FALSE","","","","","","","","","QZZZP5HMNGBJ","NA/CDS Mun Idx Tra","CDX.NA.HY"
"5150422323000000301","2236403502000001501","MODI","TRAD","2026-09-04T22:34:01Z","TRUE","CR","","N","FALSE","2025-09-09T15:13:34Z","2026-03-03","2026-12-20","","FALSE","BILT","FALSE","FALSE","TRUE","4,000,000","","USD","","","","","","","","","","","","","","","","","","","","","","","","","0.05","","","","","","","","","","","","false","","","","","","A004","","","","","","","","257653.98128","MNTH","","","","3","","","","UFRO","USD","","","","","false","0.94","","","","","","","","","","FALSE","","","","","","","","","QZZZP5HMNGBJ","NA/CDS Mun Idx Tra","CDX.NA.HY"
"5150422183000000801","5148449023000016101","MODI","TRAD","2026-09-04T22:34:15Z","TRUE","CR","","N","FALSE","2026-05-14T22:36:20Z","2023-01-12","2026-12-20","","FALSE","BILT","FALSE","FALSE","TRUE","5,000,000","","USD","","","","","","","","","","","","","","","","","","","","","","","","","0.05","","","","","","","","","","","","false","","","","","","A004","","","","","","","","556971.66208","MNTH","","","","3","","","","UFRO","USD","","","","","false","0.94","","","","","","","","","","FALSE","","","","","","","","","QZ76CJJPXNZX","NA/CDS Mun Idx Tra","CDX.NA.HY"
"5150422178000000301","5148448918000005601","MODI","TRAD","2026-09-04T22:33:50Z","TRUE","CR","","N","FALSE","2024-11-08T20:01:14Z","2025-08-02","2026-12-20","","FALSE","BILT","FALSE","FALSE","TRUE","800,000","","USD","","","","","","","","","","","","","","","","","","","","","","","","","0.05","","","","","","","","","","","","false","","","","","","A004","","","","","","","","50600.25000","MNTH","","","","3","","","","UFRO","USD","","","","","false","0.94","","","","","","","","","","FALSE","","","","","","","","","QZZZP5HMNGBJ","NA/CDS Mun Idx Tra","CDX.NA.HY"
"5150422181000000601","5148448916000005401","MODI","TRAD","2026-09-04T22:33:40Z","TRUE","CR","","N","FALSE","2023-10-23T16:38:22Z","2025-01-07","2028-12-20","","FALSE","BILT","FALSE","FALSE","FALSE","24,000,000","","USD","","","","","","","","","","","","","","","","","","","","","","","","","0.01","","","","","","","","","","","","false","","","","","","A004","","","","","","","","10165333.33000","MNTH","","","","3","","","","UFRO","USD","","","","","false","1","","","","","","","","","","FALSE","","","","","","","","","QZ0TSB0TFTMM","NA/CDS Mun Idx Tra","CDX.NA.IG"
"5150422176000000101","2236403500000001301","MODI","TRAD","2026-09-04T22:33:56Z","TRUE","CR","","N","FALSE","2025-02-13T20:16:00Z","2026-03-03","2028-12-20","","FALSE","BILT","FALSE","FALSE","TRUE","6,000,000","","USD","","","","","","","","","","","","","","","","","","","","","","","","","0.05","","","","","","","","","","","","false","","","","","","A004","","","","","","","","1033499.43216","MNTH","","","","3","","","","UFRO","USD","","","","","false","0.97","","","","","","","","","","FALSE","","","","","","","","","QZS27VSGPF30","NA/CDS Mun Idx Tra","CDX.NA.HY"
"5150424548000000201","5148448916000005401","MODI","TRAD","2026-09-04T22:33:40Z","TRUE","CR","","N","FALSE","2023-10-23T16:38:22Z","2025-01-07","2028-12-20","","FALSE","BILT","FALSE","FALSE","FALSE","24,000,000","","USD","","","","","","","","","","","","","","","","","","","","","","","","","0.01","","","","","","","","","","","","false","","","","","","A004","","","","","","","","10165333.33000","MNTH","","","","3","","","","UFRO","USD","","","","","false","1","","","","","","","","","","FALSE","","","","","","","","","QZ0TSB0TFTMM","NA/CDS Mun Idx Tra","CDX.NA.IG"
"5150425069000000101","2236403502000001501","MODI","TRAD","2026-09-04T22:34:01Z","TRUE","CR","","N","FALSE","2025-09-09T15:13:34Z","2026-03-03","2026-12-20","","FALSE","BILT","FALSE","FALSE","TRUE","4,000,000","","USD","","","","","","","","","","","","","","","","","","","","","","","","","0.05","","","","","","","","","","","","false","","","","","","A004","","","","","","","","257653.98128","MNTH","","","","3","","","","UFRO","USD","","","","","false","0.94","","","","","","","","","","FALSE","","","","","","","","","QZZZP5HMNGBJ","NA/CDS Mun Idx Tra","CDX.NA.HY"
"5150425077000000901","2236403499000001201","MODI","TRAD","2026-09-04T22:33:52Z","TRUE","CR","","N","FALSE","2024-11-12T19:48:04Z","2026-03-03","2026-12-20","","FALSE","BILT","FALSE","FALSE","TRUE","100,000","","USD","","","","","","","","","","","","","","","","","","","","","","","","","0.05","","","","","","","","","","","","false","","","","","","A004","","","","","","","","6682.88000","MNTH","","","","3","","","","UFRO","USD","","","","","false","0.94","","","","","","","","","","FALSE","","","","","","","","","QZZZP5HMNGBJ","NA/CDS Mun Idx Tra","CDX.NA.HY"
"5150425070000000201","5148448927000006501","MODI","TRAD","2026-09-04T22:33:44Z","TRUE","CR","","N","FALSE","2024-02-27T16:03:29Z","2025-08-02","2026-12-20","","FALSE","BILT","FALSE","FALSE","TRUE","4,000,000","","USD","","","","","","","","","","","","","","","","","","","","","","","","","0.05","","","","","","","","","","","","false","","","","","","A004","","","","","","","","824635.19000","MNTH","","","","3","","","","UFRO","USD","","","","","false","0.94","","","","","","","","","","FALSE","","","","","","","","","QZZZP5HMNGBJ","NA/CDS Mun Idx Tra","CDX.NA.HY"
"5150438955000000701","2863325611000001201","MODI","TRAD","2026-09-04T22:33:41Z","TRUE","CR","","N","FALSE","2023-10-31T19:10:52Z","2026-02-15","2028-12-20","","FALSE","BILT","FALSE","FALSE","FALSE","20,000,000","","USD","","","","","","","","","","","","","","","","","","","","","","","","","0.05","","","","","","","","","","","","false","","","","","","A004","","","","","","","","13533333.33000","MNTH","","","","3","","","","UFRO","USD","","","","","false","0.97","","","","","","","","","","FALSE","","","","","","","","","QZS27VSGPF30","NA/CDS Mun Idx Tra","CDX.NA.HY"
"5150438943000000101","5148448927000006501","MODI","TRAD","2026-09-04T22:33:44Z","TRUE","CR","","N","FALSE","2024-02-27T16:03:29Z","2025-08-02","2026-12-20","","FALSE","BILT","FALSE","FALSE","TRUE","4,000,000","","USD","","","","","","","","","","","","","","","","","","","","","","","","","0.05","","","","","","","","","","","","false","","","","","","A004","","","","","","","","824635.19000","MNTH","","","","3","","","","UFRO","USD","","","","","false","0.94","","","","","","","","","","FALSE","","","","","","","","","QZZZP5HMNGBJ","NA/CDS Mun Idx Tra","CDX.NA.HY"
"5150426011000000301","2236403509000002201","MODI","TRAD","2026-09-04T22:33:49Z","TRUE","CR","","N","FALSE","2024-06-26T21:10:48Z","2026-03-03","2026-12-20","","FALSE","BILT","FALSE","FALSE","TRUE","2,000,000","","USD","","","","","","","","","","","","","","","","","","","","","","","","","0.05","","","","","","","","","","","","false","","","","","","A004","","","","","","","","354149.14246","MNTH","","","","3","","","","UFRO","USD","","","","","false","0.94","","","","","","","","","","FALSE","","","","","","","","","QZZZP5HMNGBJ","NA/CDS Mun Idx Tra","CDX.NA.HY"
"5150426009000000101","5148448918000005601","MODI","TRAD","2026-09-04T22:33:50Z","TRUE","CR","","N","FALSE","2024-11-08T20:01:14Z","2025-08-02","2026-12-20","","FALSE","BILT","FALSE","FALSE","TRUE","800,000","","USD","","","","","","","","","","","","","","","","","","","","","","","","","0.05","","","","","","","","","","","","false","","","","","","A004","","","","","","","","50600.25000","MNTH","","","","3","","","","UFRO","USD","","","","","false","0.94","","","","","","","","","","FALSE","","","","","","","","","QZZZP5HMNGBJ","NA/CDS Mun Idx Tra","CDX.NA.HY"
"5150428031000000101","2236403497000001001","MODI","TRAD","2026-09-04T22:33:33Z","TRUE","CR","","N","FALSE","2022-12-05T19:59:44Z","2026-03-03","2026-12-20","","FALSE","BILT","FALSE","FALSE","TRUE","2,000,000","","USD","","","","","","","","","","","","","","","","","","","","","","","","","0.01","","","","","","","","","","","","false","","","","","","A004","","","","","","","","134322.22500","MNTH","","","","3","","","","UFRO","USD","","","","","false","1","","","","","","","","","","FALSE","","","","","","","","","QZF7S02R2W3L","NA/CDS Mun Idx Tra","CDX.NA.IG"
"5150428774000000601","5148449023000016101","MODI","TRAD","2026-09-04T22:34:15Z","TRUE","CR","","N","FALSE","2026-05-14T22:36:20Z","2023-01-12","2026-12-20","","FALSE","BILT","FALSE","FALSE","TRUE","5,000,000","","USD","","","","","","","","","","","","","","","","","","","","","","","","","0.05","","","","","","","","","","","","false","","","","","","A004","","","","","","","","556971.66208","MNTH","","","","3","","","","UFRO","USD","","","","","false","0.94","","","","","","","","","","FALSE","","","","","","","","","QZ76CJJPXNZX","NA/CDS Mun Idx Tra","CDX.NA.HY"
"5150429651000000201","5148448925000006301","MODI","TRAD","2026-09-04T22:33:48Z","TRUE","CR","","N","FALSE","2024-06-26T21:10:48Z","2025-08-02","2026-12-20","","FALSE","BILT","FALSE","FALSE","TRUE","4,000,000","","USD","","","","","","","","","","","","","","","","","","","","","","","","","0.05","","","","","","","","","","","","false","","","","","","A004","","","","","","","","708298.64625","MNTH","","","","3","","","","UFRO","USD","","","","","false","0.94","","","","","","","","","","FALSE","","","","","","","","","QZZZP5HMNGBJ","NA/CDS Mun Idx Tra","CDX.NA.HY"
"5150429654000000501","2236403494000000701","MODI","TRAD","2026-09-04T22:33:54Z","TRUE","CR","","N","FALSE","2024-11-18T21:09:35Z","2026-03-03","2026-12-20","","FALSE","BILT","FALSE","FALSE","TRUE","500,000","","USD","","","","","","","","","","","","","","","","","","","","","","","","","0.05","","","","","","","","","","","","false","","","","","","A004","","","","","","","","36702.18000","MNTH","","","","3","","","","UFRO","USD","","","","","false","0.94","","","","","","","","","","FALSE","","","","","","","","","QZZZP5HMNGBJ","NA/CDS Mun Idx Tra","CDX.NA.HY"
"5150430437000000101","5148448928000006601","MODI","TRAD","2026-09-04T22:33:53Z","TRUE","CR","","N","FALSE","2024-11-18T21:09:35Z","2025-08-02","2026-12-20","","FALSE","BILT","FALSE","FALSE","TRUE","900,000","","USD","","","","","","","","","","","","","","","","","","","","","","","","","0.05","","","","","","","","","","","","false","","","","","","A004","","","","","","","","66063.93000","MNTH","","","","3","","","","UFRO","USD","","","","","false","0.94","","","","","","","","","","FALSE","","","","","","","","","QZZZP5HMNGBJ","NA/CDS Mun Idx Tra","CDX.NA.HY"
"5150440799000000101","5148448938000007601","MODI","TRAD","2026-09-04T22:33:32Z","TRUE","CR","","N","FALSE","2022-12-05T19:59:44Z","2025-08-02","2026-12-20","","FALSE","BILT","FALSE","FALSE","TRUE","3,000,000","","USD","","","","","","","","","","","","","","","","","","","","","","","","","0.01","","","","","","","","","","","","false","","","","","","A004","","","","","","","","201483.13185","MNTH","","","","3","","","","UFRO","USD","","","","","false","1","","","","","","","","","","FALSE","","","","","","","","","QZF7S02R2W3L","NA/CDS Mun Idx Tra","CDX.NA.IG"
"5150431028000000401","5148448918000005601","MODI","TRAD","2026-09-04T22:33:50Z","TRUE","CR","","N","FALSE","2024-11-08T20:01:14Z","2025-08-02","2026-12-20","","FALSE","BILT","FALSE","FALSE","TRUE","800,000","","USD","","","","","","","","","","","","","","","","","","","","","","","","","0.05","","","","","","","","","","","","false","","","","","","A004","","","","","","","","50600.25000","MNTH","","","","3","","","","UFRO","USD","","","","","false","0.94","","","","","","","","","","FALSE","","","","","","","","","QZZZP5HMNGBJ","NA/CDS Mun Idx Tra","CDX.NA.HY"
"5150431027000000301","2236403509000002201","MODI","TRAD","2026-09-04T22:33:49Z","TRUE","CR","","N","FALSE","2024-06-26T21:10:48Z","2026-03-03","2026-12-20","","FALSE","BILT","FALSE","FALSE","TRUE","2,000,000","","USD","","","","","","","","","","","","","","","","","","","","","","","","","0.05","","","","","","","","","","","","false","","","","","","A004","","","","","","","","354149.14246","MNTH","","","","3","","","","UFRO","USD","","","","","false","0.94","","","","","","","","","","FALSE","","","","","","","","","QZZZP5HMNGBJ","NA/CDS Mun Idx Tra","CDX.NA.HY"
"5150431025000000101","2236403499000001201","MODI","TRAD","2026-09-04T22:33:52Z","TRUE","CR","","N","FALSE","2024-11-12T19:48:04Z","2026-03-03","2026-12-20","","FALSE","BILT","FALSE","FALSE","TRUE","100,000","","USD","","","","","","","","","","","","","","","","","","","","","","","","","0.05","","","","","","","","","","","","false","","","","","","A004","","","","","","","","6682.88000","MNTH","","","","3","","","","UFRO","USD","","","","","false","0.94","","","","","","","","","","FALSE","","","","","","","","","QZZZP5HMNGBJ","NA/CDS Mun Idx Tra","CDX.NA.HY"
"5150433160000000101","2236403508000002101","MODI","TRAD","2026-09-04T22:33:45Z","TRUE","CR","","N","FALSE","2024-02-27T16:03:29Z","2026-03-03","2026-12-20","","FALSE","BILT","FALSE","FALSE","TRUE","2,000,000","","USD","","","","","","","","","","","","","","","","","","","","","","","","","0.05","","","","","","","","","","","","false","","","","","","A004","","","","","","","","412317.38208","MNTH","","","","3","","","","UFRO","USD","","","","","false","0.94","","","","","","","","","","FALSE","","","","","","","","","QZZZP5HMNGBJ","NA/CDS Mun Idx Tra","CDX.NA.HY"
"5150433162000000201","2236403494000000701","MODI","TRAD","2026-09-04T22:33:54Z","TRUE","CR","","N","FALSE","2024-11-18T21:09:35Z","2026-03-03","2026-12-20","","FALSE","BILT","FALSE","FALSE","TRUE","500,000","","USD","","","","","","","","","","","","","","","","","","","","","","","","","0.05","","","","","","","","","","","","false","","","","","","A004","","","","","","","","36702.18000","MNTH","","","","3","","","","UFRO","USD","","","","","false","0.94","","","","","","","","","","FALSE","","","","","","","","","QZZZP5HMNGBJ","NA/CDS Mun Idx Tra","CDX.NA.HY"
"5150433161000000101","5148448938000007601","MODI","TRAD","2026-09-04T22:33:32Z","TRUE","CR","","N","FALSE","2022-12-05T19:59:44Z","2025-08-02","2026-12-20","","FALSE","BILT","FALSE","FALSE","TRUE","3,000,000","","USD","","","","","","","","","","","","","","","","","","","","","","","","","0.01","","","","","","","","","","","","false","","","","","","A004","","","","","","","","201483.13185","MNTH","","","","3","","","","UFRO","USD","","","","","false","1","","","","","","","","","","FALSE","","","","","","","","","QZF7S02R2W3L","NA/CDS Mun Idx Tra","CDX.NA.IG"
"5150434221000000601","2863325611000001201","MODI","TRAD","2026-09-04T22:33:41Z","TRUE","CR","","N","FALSE","2023-10-31T19:10:52Z","2026-02-15","2028-12-20","","FALSE","BILT","FALSE","FALSE","FALSE","20,000,000","","USD","","","","","","","","","","","","","","","","","","","","","","","","","0.05","","","","","","","","","","","","false","","","","","","A004","","","","","","","","13533333.33000","MNTH","","","","3","","","","UFRO","USD","","","","","false","0.97","","","","","","","","","","FALSE","","","","","","","","","QZS27VSGPF30","NA/CDS Mun Idx Tra","CDX.NA.HY"
"5150434222000000101","2236403509000002201","MODI","TRAD","2026-09-04T22:33:49Z","TRUE","CR","","N","FALSE","2024-06-26T21:10:48Z","2026-03-03","2026-12-20","","FALSE","BILT","FALSE","FALSE","TRUE","2,000,000","","USD","","","","","","","","","","","","","","","","","","","","","","","","","0.05","","","","","","","","","","","","false","","","","","","A004","","","","","","","","354149.14246","MNTH","","","","3","","","","UFRO","USD","","","","","false","0.94","","","","","","","","","","FALSE","","","","","","","","","QZZZP5HMNGBJ","NA/CDS Mun Idx Tra","CDX.NA.HY"
"5150435193000000101","5148449023000016101","MODI","TRAD","2026-09-04T22:34:15Z","TRUE","CR","","N","FALSE","2026-05-14T22:36:20Z","2023-01-12","2026-12-20","","FALSE","BILT","FALSE","FALSE","TRUE","5,000,000","","USD","","","","","","","","","","","","","","","","","","","","","","","","","0.05","","","","","","","","","","","","false","","","","","","A004","","","","","","","","556971.66208","MNTH","","","","3","","","","UFRO","USD","","","","","false","0.94","","","","","","","","","","FALSE","","","","","","","","","QZ76CJJPXNZX","NA/CDS Mun Idx Tra","CDX.NA.HY"
"5150435194000000101","5148448938000007601","MODI","TRAD","2026-09-04T22:33:32Z","TRUE","CR","","N","FALSE","2022-12-05T19:59:44Z","2025-08-02","2026-12-20","","FALSE","BILT","FALSE","FALSE","TRUE","3,000,000","","USD","","","","","","","","","","","","","","","","","","","","","","","","","0.01","","","","","","","","","","","","false","","","","","","A004","","","","","","","","201483.13185","MNTH","","","","3","","","","UFRO","USD","","","","","false","1","","","","","","","","","","FALSE","","","","","","","","","QZF7S02R2W3L","NA/CDS Mun Idx Tra","CDX.NA.IG"
"5150242359000000801","5148448927000006501","MODI","TRAD","2026-09-04T22:33:44Z","TRUE","CR","","N","FALSE","2024-02-27T16:03:29Z","2025-08-02","2026-12-20","","FALSE","BILT","FALSE","FALSE","TRUE","4,000,000","","USD","","","","","","","","","","","","","","","","","","","","","","","","","0.05","","","","","","","","","","","","false","","","","","","A004","","","","","","","","824635.19000","MNTH","","","","3","","","","UFRO","USD","","","","","false","0.94","","","","","","","","","","FALSE","","","","","","","","","QZZZP5HMNGBJ","NA/CDS Mun Idx Tra","CDX.NA.HY"
"5150443069000000101","5148449023000016101","MODI","TRAD","2026-09-04T22:34:15Z","TRUE","CR","","N","FALSE","2026-05-14T22:36:20Z","2023-01-12","2026-12-20","","FALSE","BILT","FALSE","FALSE","TRUE","5,000,000","","USD","","","","","","","","","","","","","","","","","","","","","","","","","0.05","","","","","","","","","","","","false","","","","","","A004","","","","","","","","556971.66208","MNTH","","","","3","","","","UFRO","USD","","","","","false","0.94","","","","","","","","","","FALSE","","","","","","","","","QZ76CJJPXNZX","NA/CDS Mun Idx Tra","CDX.NA.HY"
"5150442901000000101","5148448938000007601","MODI","TRAD","2026-09-04T22:33:32Z","TRUE","CR","","N","FALSE","2022-12-05T19:59:44Z","2025-08-02","2026-12-20","","FALSE","BILT","FALSE","FALSE","TRUE","3,000,000","","USD","","","","","","","","","","","","","","","","","","","","","","","","","0.01","","","","","","","","","","","","false","","","","","","A004","","","","","","","","201483.13185","MNTH","","","","3","","","","UFRO","USD","","","","","false","1","","","","","","","","","","FALSE","","","","","","","","","QZF7S02R2W3L","NA/CDS Mun Idx Tra","CDX.NA.IG"
"5150446056000000501","2236403497000001001","MODI","TRAD","2026-09-04T22:33:33Z","TRUE","CR","","N","FALSE","2022-12-05T19:59:44Z","2026-03-03","2026-12-20","","FALSE","BILT","FALSE","FALSE","TRUE","2,000,000","","USD","","","","","","","","","","","","","","","","","","","","","","","","","0.01","","","","","","","","","","","","false","","","","","","A004","","","","","","","","134322.22500","MNTH","","","","3","","","","UFRO","USD","","","","","false","1","","","","","","","","","","FALSE","","","","","","","","","QZF7S02R2W3L","NA/CDS Mun Idx Tra","CDX.NA.IG"
"5149591180000002301","2236403503000001601","MODI","TRAD","2026-09-04T22:33:58Z","TRUE","CR","","N","FALSE","2025-05-14T16:25:00Z","2026-03-03","2029-12-20","","FALSE","BILT","FALSE","FALSE","FALSE","900,000","","USD","","","","","","","","","","","","","","","","","","","","","","","","","0.01","","","","","","","","","","","","false","","","","","","A004","","","","","","","","495490.00000","MNTH","","","","3","","","","UFRO","USD","","","","","false","1","","","","","","","","","","FALSE","","","","","","","","","QZWQCWSHWXVT","NA/CDS Mun Idx Tra","CDX.NA.IG"
"5149591173000001601","2236403509000002201","MODI","TRAD","2026-09-04T22:33:49Z","TRUE","CR","","N","FALSE","2026-05-14T16:54:28Z","2026-03-03","2026-12-20","","FALSE","BILT","FALSE","FALSE","TRUE","2,000,000","","USD","","","","","","","","","","","","","","","","","","","","","","","","","0.05","","","","","","","","","","","","false","","","","","","A004","","","","","","","","354149.14246","MNTH","","","","3","","","","UFRO","USD","","","","","false","0.94","","","","","","","","","","FALSE","","","","","","","","","QZZZP5HMNGBJ","NA/CDS Mun Idx Tra","CDX.NA.HY"
"5149591188000003101","5148448927000006501","MODI","TRAD","2026-09-04T22:33:44Z","TRUE","CR","","N","FALSE","2026-05-14T16:56:09Z","2025-08-02","2026-12-20","","FALSE","BILT","FALSE","FALSE","TRUE","4,000,000","","USD","","","","","","","","","","","","","","","","","","","","","","","","","0.05","","","","","","","","","","","","false","","","","","","A004","","","","","","","","824635.19000","MNTH","","","","3","","","","UFRO","USD","","","","","false","0.94","","","","","","","","","","FALSE","","","","","","","","","QZZZP5HMNGBJ","NA/CDS Mun Idx Tra","CDX.NA.HY"
"5149591191000003401","2863325611000001201","MODI","TRAD","2026-09-04T22:33:41Z","TRUE","CR","","N","FALSE","2026-05-14T19:03:33Z","2026-02-15","2028-12-20","","FALSE","BILT","FALSE","FALSE","TRUE","20,000,000","","USD","","","","","","","","","","","","","","","","","","","","","","","","","0.05","","","","","","","","","","","","false","","","","","","A004","","","","","","","","13533333.33000","MNTH","","","","3","","","","UFRO","USD","","","","","false","0.97","","","","","","","","","","FALSE","","","","","","","","","QZS27VSGPF30","NA/CDS Mun Idx Tra","CDX.NA.HY"
"5149721621000000701","2863325613000001401","MODI","TRAD","2026-09-04T22:33:43Z","TRUE","CR","","N","FALSE","2023-11-02T19:32:30Z","2026-02-15","2026-12-20","","FALSE","BILT","FALSE","FALSE","TRUE","8,000,000","","USD","","","","","","","","","","","","","","","","","","","","","","","","","0.05","","","","","","","","","","","","false","","","","","","A004","","","","","","","","13933632.54513","MNTH","","","","3","","","","UFRO","USD","","","","","false","0.94","","","","","","","","","","FALSE","","","","","","","","","QZZZP5HMNGBJ","NA/CDS Mun Idx Tra","CDX.NA.HY"
"5149925546000000801","2236403509000002201","MODI","TRAD","2026-09-04T22:33:49Z","TRUE","CR","","N","FALSE","2026-05-14T16:54:28Z","2026-03-03","2026-12-20","","FALSE","BILT","FALSE","FALSE","TRUE","2,000,000","","USD","","","","","","","","","","","","","","","","","","","","","","","","","0.05","","","","","","","","","","","","false","","","","","","A004","","","","","","","","354149.14246","MNTH","","","","3","","","","UFRO","USD","","","","","false","0.94","","","","","","","","","","FALSE","","","","","","","","","QZZZP5HMNGBJ","NA/CDS Mun Idx Tra","CDX.NA.HY"
"5149257786000002801","2236403500000001301","MODI","TRAD","2026-09-04T22:33:56Z","TRUE","CR","","N","FALSE","2026-05-14T20:02:18Z","2026-03-03","2028-12-20","","FALSE","BILT","FALSE","FALSE","TRUE","6,000,000","","USD","","","","","","","","","","","","","","","","","","","","","","","","","0.05","","","","","","","","","","","","false","","","","","","A004","","","","","","","","1033499.43216","MNTH","","","","3","","","","UFRO","USD","","","","","false","0.97","","","","","","","","","","FALSE","","","","","","","","","QZS27VSGPF30","NA/CDS Mun Idx Tra","CDX.NA.HY"
"5149257776000001801","5148448940000007801","MODI","TRAD","2026-09-04T22:33:34Z","TRUE","CR","","N","FALSE","2023-03-29T16:56:34Z","2024-12-21","2027-12-20","","FALSE","BILT","FALSE","FALSE","FALSE","4,000,000","","USD","","","","","","","","","","","","","","","","","","","","","","","","","0.01","","","","","","","","","","","","false","","","","","","A004","","","","","","","","6310669.01015","MNTH","","","","3","","","","UFRO","USD","","","","","false","1","","","","","","","","","","FALSE","","","","","","","","","QZFF8GBX9123","NA/CDS Mun Idx Tra","CDX.NA.IG"
"5149257768000001001","2236403508000002101","MODI","TRAD","2026-09-04T22:33:45Z","TRUE","CR","","N","FALSE","2026-05-14T16:56:55Z","2026-03-03","2026-12-20","","FALSE","BILT","FALSE","FALSE","TRUE","2,000,000","","USD","","","","","","","","","","","","","","","","","","","","","","","","","0.05","","","","","","","","","","","","false","","","","","","A004","","","","","","","","412317.38208","MNTH","","","","3","","","","UFRO","USD","","","","","false","0.94","","","","","","","","","","FALSE","","","","","","","","","QZZZP5HMNGBJ","NA/CDS Mun Idx Tra","CDX.NA.HY"
"5149257767000000901","2236403492000000501","MODI","TRAD","2026-09-04T22:34:02Z","TRUE","CR","","N","FALSE","2026-02-03T20:33:00Z","2026-03-03","2029-12-20","","FALSE","BILT","FALSE","FALSE","TRUE","2,000,000","","USD","","","","","","","","","","","","","","","","","","","","","","","","","0.01","","","","","","","","","","","","false","","","","","","A004","","","","","","","","385755.56000","MNTH","","","","3","","","","UFRO","USD","","","","","false","1","","","","","","","","","","FALSE","","","","","","","","","QZWQCWSHWXVT","NA/CDS Mun Idx Tra","CDX.NA.IG"
"5149257801000004301","5148448927000006501","MODI","TRAD","2026-09-04T22:33:44Z","TRUE","CR","","N","FALSE","2026-05-14T16:56:09Z","2025-08-02","2026-12-20","","FALSE","BILT","FALSE","FALSE","TRUE","4,000,000","","USD","","","","","","","","","","","","","","","","","","","","","","","","","0.05","","","","","","","","","","","","false","","","","","","A004","","","","","","","","824635.19000","MNTH","","","","3","","","","UFRO","USD","","","","","false","0.94","","","","","","","","","","FALSE","","","","","","","","","QZZZP5HMNGBJ","NA/CDS Mun Idx Tra","CDX.NA.HY"
"5149257785000002701","2863325614000001501","MODI","TRAD","2026-09-04T22:33:38Z","TRUE","CR","","N","FALSE","2026-05-14T18:36:09Z","2026-02-15","2027-12-20","","FALSE","BILT","FALSE","FALSE","TRUE","10,000,000","","USD","","","","","","","","","","","","","","","","","","","","","","","","","0.05","","","","","","","","","","","","false","","","","","","A004","","","","","","","","5470718.75000","MNTH","","","","3","","","","UFRO","USD","","","","","false","0.95","","","","","","","","","","FALSE","","","","","","","","","QZJDTC3FV7NJ","NA/CDS Mun Idx Tra","CDX.NA.HY"
"5149257790000003201","2236403510000002301","MODI","TRAD","2026-09-04T22:33:58Z","TRUE","CR","","N","FALSE","2025-05-06T19:43:00Z","2026-03-03","2029-12-20","","FALSE","BILT","FALSE","FALSE","FALSE","13,000,000","","USD","","","","","","","","","","","","","","","","","","","","","","","","","0.01","","","","","","","","","","","","false","","","","","","A004","","","","","","","","116133.78000","MNTH","","","","3","","","","UFRO","USD","","","","","false","1","","","","","","","","","","FALSE","","","","","","","","","QZWQCWSHWXVT","NA/CDS Mun Idx Tra","CDX.NA.IG"
"5149398602000000101","5148448914000005201","MODI","TRAD","2026-09-04T22:33:58Z","TRUE","CR","","N","FALSE","2025-05-06T19:43:00Z","2025-08-02","2029-12-20","","FALSE","BILT","FALSE","FALSE","FALSE","28,000,000","","USD","","","","","","","","","","","","","","","","","","","","","","","","","0.01","","","","","","","","","","","","false","","","","","","A004","","","","","","","","250132.89006","MNTH","","","","3","","","","UFRO","USD","","","","","false","1","","","","","","","","","","FALSE","","","","","","","","","QZWQCWSHWXVT","NA/CDS Mun Idx Tra","CDX.NA.IG"
"5149983137000000501","2236403497000001001","MODI","TRAD","2026-09-04T22:33:33Z","TRUE","CR","","N","FALSE","2022-12-05T19:59:44Z","2026-03-03","2026-12-20","","FALSE","BILT","FALSE","FALSE","TRUE","2,000,000","","USD","","","","","","","","","","","","","","","","","","","","","","","","","0.01","","","","","","","","","","","","false","","","","","","A004","","","","","","","","134322.22500","MNTH","","","","3","","","","UFRO","USD","","","","","false","1","","","","","","","","","","FALSE","","","","","","","","","QZF7S02R2W3L","NA/CDS Mun Idx Tra","CDX.NA.IG"
"5149982910000000101","2236403503000001601","MODI","TRAD","2026-09-04T22:33:58Z","TRUE","CR","","N","FALSE","2025-05-14T16:25:00Z","2026-03-03","2029-12-20","","FALSE","BILT","FALSE","FALSE","FALSE","900,000","","USD","","","","","","","","","","","","","","","","","","","","","","","","","0.01","","","","","","","","","","","","false","","","","","","A004","","","","","","","","495490.00000","MNTH","","","","3","","","","UFRO","USD","","","","","false","1","","","","","","","","","","FALSE","","","","","","","","","QZWQCWSHWXVT","NA/CDS Mun Idx Tra","CDX.NA.IG"
"5148949699000001501","2236403497000001001","MODI","TRAD","2026-09-04T22:33:33Z","TRUE","CR","","N","FALSE","2022-12-05T19:59:44Z","2026-03-03","2026-12-20","","FALSE","BILT","FALSE","FALSE","TRUE","2,000,000","","USD","","","","","","","","","","","","","","","","","","","","","","","","","0.01","","","","","","","","","","","","false","","","","","","A004","","","","","","","","134322.22500","MNTH","","","","3","","","","UFRO","USD","","","","","false","1","","","","","","","","","","FALSE","","","","","","","","","QZF7S02R2W3L","NA/CDS Mun Idx Tra","CDX.NA.IG"
"5147748785000000101","","NEWT","NOVA","2026-09-04T21:37:33Z","","CR","","N","FALSE","2026-09-04T21:37:33Z","2026-09-04","2026-09-16","2031-06-20","FALSE","BILT","FALSE","FALSE","TRUE","100,000,000","","USD","","","","","","","","","","","","","","","","","","","","","","","","2026-09-16","0.05","","0","","","","","","","","0.01065","","false","","","","","3","A004","","","","","","","","","MNTH","","","","3","","","","","","","","","","false","0.98","","","","","","","","","","FALSE","","","","","","","","","QZ4682HKL4CM","NA/CDS Idx Swt","NA/CDS Corp Idx"
"5149925544000000601","2236403500000001301","MODI","TRAD","2026-09-04T22:33:56Z","TRUE","CR","","N","FALSE","2025-02-13T20:16:00Z","2026-03-03","2028-12-20","","FALSE","BILT","FALSE","FALSE","TRUE","6,000,000","","USD","","","","","","","","","","","","","","","","","","","","","","","","","0.05","","","","","","","","","","","","false","","","","","","A004","","","","","","","","1033499.43216","MNTH","","","","3","","","","UFRO","USD","","","","","false","0.97","","","","","","","","","","FALSE","","","","","","","","","QZS27VSGPF30","NA/CDS Mun Idx Tra","CDX.NA.HY"
"5148448993000013101","2232251481000000501","MODI","TRAD","2026-09-04T22:33:59Z","TRUE","CR","","N","FALSE","2025-05-16T13:38:56Z","2026-03-03","2029-12-20","","FALSE","BILT","FALSE","FALSE","FALSE","400,000","","EUR","","","","","","","","","","","","","","","","","","","","","","","","","0.01","","","","","","","","","","","","false","","","","","","A004","","","","","","","","767473.33000","MNTH","","","","3","","","","UFRO","EUR","","","","","false","1","","","","","","","","","","FALSE","","","","","","","","","QZK1TTBT9TH9","NA/CDS Mun Idx Tra","ITRAXX EUROPE"
"5148448923000006101","2236403491000000401","MODI","TRAD","2026-09-04T22:33:56Z","TRUE","CR","","N","FALSE","2025-02-20T22:38:54Z","2026-03-03","2026-12-20","","FALSE","BILT","FALSE","FALSE","TRUE","400,000","","USD","","","","","","","","","","","","","","","","","","","","","","","","","0.01","","","","","","","","","","","","false","","","","","","A004","","","","","","","","24900.00000","MNTH","","","","3","","","","UFRO","USD","","","","","false","1","","","","","","","","","","FALSE","","","","","","","","","QZF7S02R2W3L","NA/CDS Mun Idx Tra","CDX.NA.IG"
"5148448928000006601","5148448928000006601","MODI","TRAD","2026-09-04T22:33:53Z","TRUE","CR","","N","FALSE","2026-08-05T15:52:43Z","2025-08-02","2026-12-20","","FALSE","BILT","FALSE","FALSE","TRUE","900,000","","USD","","","","","","","","","","","","","","","","","","","","","","","","","0.05","","","","","","","","","","","","false","","","","","","A004","","","","","","","","66063.93000","MNTH","","","","3","","","","UFRO","USD","","","","","false","0.94","","","","","","","","","","FALSE","","","","","","","","","QZZZP5HMNGBJ","NA/CDS Mun Idx Tra","CDX.NA.HY"
"5148448936000007401","2236403497000001001","MODI","TRAD","2026-09-04T22:33:33Z","TRUE","CR","","N","FALSE","2022-12-05T19:59:44Z","2026-03-03","2026-12-20","","FALSE","BILT","FALSE","FALSE","TRUE","2,000,000","","USD","","","","","","","","","","","","","","","","","","","","","","","","","0.01","","","","","","","","","","","","false","","","","","","A004","","","","","","","","134322.22500","MNTH","","","","3","","","","UFRO","USD","","","","","false","1","","","","","","","","","","FALSE","","","","","","","","","QZF7S02R2W3L","NA/CDS Mun Idx Tra","CDX.NA.IG"
"5148448924000006201","2863325613000001401","MODI","TRAD","2026-09-04T22:33:43Z","TRUE","CR","","N","FALSE","2026-08-05T15:52:49Z","2026-02-15","2026-12-20","","FALSE","BILT","FALSE","FALSE","TRUE","8,000,000","","USD","","","","","","","","","","","","","","","","","","","","","","","","","0.05","","","","","","","","","","","","false","","","","","","A004","","","","","","","","13933632.54513","MNTH","","","","3","","","","UFRO","USD","","","","","false","0.94","","","","","","","","","","FALSE","","","","","","","","","QZZZP5HMNGBJ","NA/CDS Mun Idx Tra","CDX.NA.HY"
"5148448920000005801","5148448920000005801","MODI","TRAD","2026-09-04T22:33:55Z","TRUE","CR","","N","FALSE","2025-01-23T22:26:50Z","2025-08-02","2029-12-20","","FALSE","BILT","FALSE","FALSE","FALSE","4,000,000","","USD","","","","","","","","","","","","","","","","","","","","","","","","","0.01","","","","","","","","","","","","false","","","","","","A004","","","","","","","","1644103.91044","MNTH","","","","3","","","","UFRO","USD","","","","","false","1","","","","","","","","","","FALSE","","","","","","","","","QZWQCWSHWXVT","NA/CDS Mun Idx Tra","CDX.NA.IG"
"5148448933000007101","2236403508000002101","MODI","TRAD","2026-09-04T22:33:45Z","TRUE","CR","","N","FALSE","2026-08-05T15:52:09Z","2026-03-03","2026-12-20","","FALSE","BILT","FALSE","FALSE","TRUE","2,000,000","","USD","","","","","","","","","","","","","","","","","","","","","","","","","0.05","","","","","","","","","","","","false","","","","","","A004","","","","","","","","412317.38208","MNTH","","","","3","","","","UFRO","USD","","","","","false","0.94","","","","","","","","","","FALSE","","","","","","","","","QZZZP5HMNGBJ","NA/CDS Mun Idx Tra","CDX.NA.HY"
"5148448998000013601","5148448920000005801","MODI","TRAD","2026-09-04T22:33:55Z","TRUE","CR","","N","FALSE","2025-01-23T22:26:50Z","2025-08-02","2029-12-20","","FALSE","BILT","FALSE","FALSE","FALSE","4,000,000","","USD","","","","","","","","","","","","","","","","","","","","","","","","","0.01","","","","","","","","","","","","false","","","","","","A004","","","","","","","","1644103.91044","MNTH","","","","3","","","","UFRO","USD","","","","","false","1","","","","","","","","","","FALSE","","","","","","","","","QZWQCWSHWXVT","NA/CDS Mun Idx Tra","CDX.NA.IG"
"5148448942000008001","2236403495000000801","MODI","TRAD","2026-09-04T22:34:00Z","TRUE","CR","","N","FALSE","2026-05-14T18:46:02Z","2026-03-03","2027-12-20","","FALSE","BILT","FALSE","FALSE","TRUE","3,000,000","","USD","","","","","","","","","","","","","","","","","","","","","","","","","0.05","","","","","","","","","","","","false","","","","","","A004","","","","","","","","268416.67000","MNTH","","","","3","","","","UFRO","USD","","","","","false","0.95","","","","","","","","","","FALSE","","","","","","","","","QZJDTC3FV7NJ","NA/CDS Mun Idx Tra","CDX.NA.HY"
"5148449004000014201","5148448927000006501","MODI","TRAD","2026-09-04T22:33:44Z","TRUE","CR","","N","FALSE","2026-08-05T15:52:19Z","2025-08-02","2026-12-20","","FALSE","BILT","FALSE","FALSE","TRUE","4,000,000","","USD","","","","","","","","","","","","","","","","","","","","","","","","","0.05","","","","","","","","","","","","false","","","","","","A004","","","","","","","","824635.19000","MNTH","","","","3","","","","UFRO","USD","","","","","false","0.94","","","","","","","","","","FALSE","","","","","","","","","QZZZP5HMNGBJ","NA/CDS Mun Idx Tra","CDX.NA.HY"
"5148448995000013301","2236403509000002201","MODI","TRAD","2026-09-04T22:33:49Z","TRUE","CR","","N","FALSE","2026-08-05T15:52:53Z","2026-03-03","2026-12-20","","FALSE","BILT","FALSE","FALSE","TRUE","2,000,000","","USD","","","","","","","","","","","","","","","","","","","","","","","","","0.05","","","","","","","","","","","","false","","","","","","A004","","","","","","","","354149.14246","MNTH","","","","3","","","","UFRO","USD","","","","","false","0.94","","","","","","","","","","FALSE","","","","","","","","","QZZZP5HMNGBJ","NA/CDS Mun Idx Tra","CDX.NA.HY"
"5148448927000006501","5148448927000006501","MODI","TRAD","2026-09-04T22:33:44Z","TRUE","CR","","N","FALSE","2026-08-05T15:52:19Z","2025-08-02","2026-12-20","","FALSE","BILT","FALSE","FALSE","TRUE","4,000,000","","USD","","","","","","","","","","","","","","","","","","","","","","","","","0.05","","","","","","","","","","","","false","","","","","","A004","","","","","","","","824635.19000","MNTH","","","","3","","","","UFRO","USD","","","","","false","0.94","","","","","","","","","","FALSE","","","","","","","","","QZZZP5HMNGBJ","NA/CDS Mun Idx Tra","CDX.NA.HY"
"5148449020000015801","2236403492000000501","MODI","TRAD","2026-09-04T22:34:02Z","TRUE","CR","","N","FALSE","2026-02-03T20:33:00Z","2026-03-03","2029-12-20","","FALSE","BILT","FALSE","FALSE","TRUE","2,000,000","","USD","","","","","","","","","","","","","","","","","","","","","","","","","0.01","","","","","","","","","","","","false","","","","","","A004","","","","","","","","385755.56000","MNTH","","","","3","","","","UFRO","USD","","","","","false","1","","","","","","","","","","FALSE","","","","","","","","","QZWQCWSHWXVT","NA/CDS Mun Idx Tra","CDX.NA.IG"
"5148448992000013001","2236403504000001701","MODI","TRAD","2026-09-04T22:34:01Z","TRUE","CR","","N","FALSE","2025-10-01T16:09:00Z","2026-03-03","2029-12-20","","FALSE","BILT","FALSE","FALSE","FALSE","7,000,000","","USD","","","","","","","","","","","","","","","","","","","","","","","","","0.01","","","","","","","","","","","","false","","","","","","A004","","","","","","","","141050.52390","MNTH","","","","3","","","","UFRO","USD","","","","","false","1","","","","","","","","","","FALSE","","","","","","","","","QZWQCWSHWXVT","NA/CDS Mun Idx Tra","CDX.NA.IG"
"5148448922000006001","2236403502000001501","MODI","TRAD","2026-09-04T22:34:01Z","TRUE","CR","","N","FALSE","2026-08-05T15:52:13Z","2026-03-03","2026-12-20","","FALSE","BILT","FALSE","FALSE","TRUE","4,000,000","","USD","","","","","","","","","","","","","","","","","","","","","","","","","0.05","","","","","","","","","","","","false","","","","","","A004","","","","","","","","257653.98128","MNTH","","","","3","","","","UFRO","USD","","","","","false","0.94","","","","","","","","","","FALSE","","","","","","","","","QZZZP5HMNGBJ","NA/CDS Mun Idx Tra","CDX.NA.HY"
"5148448941000007901","2236403492000000501","MODI","TRAD","2026-09-04T22:34:02Z","TRUE","CR","","N","FALSE","2026-02-03T20:33:00Z","2026-03-03","2029-12-20","","FALSE","BILT","FALSE","FALSE","TRUE","2,000,000","","USD","","","","","","","","","","","","","","","","","","","","","","","","","0.01","","","","","","","","","","","","false","","","","","","A004","","","","","","","","385755.56000","MNTH","","","","3","","","","UFRO","USD","","","","","false","1","","","","","","","","","","FALSE","","","","","","","","","QZWQCWSHWXVT","NA/CDS Mun Idx Tra","CDX.NA.IG"
"5148448939000007701","","NEWT","TRAD","2012-09-24T16:25:50Z","","CR","","N","FALSE","2012-09-24T16:25:50Z","2012-09-24","2045-07-25","","FALSE","BILT","FALSE","FALSE","TRUE","11,000,000","","USD","","","","","","","","","","","","","","","","","","","","","","","","","0.0054","","","","","","","","","","","","false","","","","","","A004","","","","","","","","","MNTH","","","","1","","","","","","","","","","false","0.35254195","","","","","","","","","","FALSE","","","","","","","","","QZ51GRC7P7KK","NA/CDS Mun Idx","ABX.HE.A"
"5148449017000015501","5148448934000007201","MODI","TRAD","2026-09-04T22:33:57Z","TRUE","CR","","N","FALSE","2025-03-28T21:00:10Z","2025-08-02","2029-12-20","","FALSE","BILT","FALSE","FALSE","FALSE","7,000,000","","USD","","","","","","","","","","","","","","","","","","","","","","","","","0.01","","","","","","","","","","","","false","","","","","","A004","","","","","","","","346149.01100","MNTH","","","","3","","","","UFRO","USD","","","","","false","1","","","","","","","","","","FALSE","","","","","","","","","QZWQCWSHWXVT","NA/CDS Mun Idx Tra","CDX.NA.IG"
"5149257782000002401","2232251480000000401","MODI","TRAD","2026-09-04T22:34:02Z","TRUE","CR","","N","FALSE","2026-01-30T18:59:49Z","2026-03-03","2030-12-20","","FALSE","BILT","FALSE","FALSE","FALSE","3,000,000","","EUR","","","","","","","","","","","","","","","","","","","","","","","","","0.05","","","","","","","","","","","","false","","","","","","A004","","","","","","","","435616.22802","MNTH","","","","3","","","","UFRO","EUR","","","","","false","1","","","","","","","","","","FALSE","","","","","","","","","QZ8ZC6J69LV2","NA/CDS Mun Idx Tra","ITRAXX EUROPE CROSSOVER"
"5149257783000002501","2236403494000000701","MODI","TRAD","2026-09-04T22:33:54Z","TRUE","CR","","N","FALSE","2026-05-14T16:55:18Z","2026-03-03","2026-12-20","","FALSE","BILT","FALSE","FALSE","TRUE","500,000","","USD","","","","","","","","","","","","","","","","","","","","","","","","","0.05","","","","","","","","","","","","false","","","","","","A004","","","","","","","","36702.18000","MNTH","","","","3","","","","UFRO","USD","","","","","false","0.94","","","","","","","","","","FALSE","","","","","","","","","QZZZP5HMNGBJ","NA/CDS Mun Idx Tra","CDX.NA.HY"
"5148448994000013201","5148448914000005201","MODI","TRAD","2026-09-04T22:33:58Z","TRUE","CR","","N","FALSE","2025-05-06T19:43:00Z","2025-08-02","2029-12-20","","FALSE","BILT","FALSE","FALSE","FALSE","28,000,000","","USD","","","","","","","","","","","","","","","","","","","","","","","","","0.01","","","","","","","","","","","","false","","","","","","A004","","","","","","","","250132.89006","MNTH","","","","3","","","","UFRO","USD","","","","","false","1","","","","","","","","","","FALSE","","","","","","","","","QZWQCWSHWXVT","NA/CDS Mun Idx Tra","CDX.NA.IG"
"5149197374000000101","2236403513000002601","MODI","TRAD","2026-09-04T22:33:57Z","TRUE","CR","","N","FALSE","2025-03-28T21:00:10Z","2026-03-03","2029-12-20","","FALSE","BILT","FALSE","FALSE","FALSE","3,000,000","","USD","","","","","","","","","","","","","","","","","","","","","","","","","0.01","","","","","","","","","","","","false","","","","","","A004","","","","","","","","148350.00000","MNTH","","","","3","","","","UFRO","USD","","","","","false","1","","","","","","","","","","FALSE","","","","","","","","","QZWQCWSHWXVT","NA/CDS Mun Idx Tra","CDX.NA.IG"
"5149197375000000201","5148448938000007601","MODI","TRAD","2026-09-04T22:33:32Z","TRUE","CR","","N","FALSE","2022-12-05T19:59:44Z","2025-08-02","2026-12-20","","FALSE","BILT","FALSE","FALSE","TRUE","3,000,000","","USD","","","","","","","","","","","","","","","","","","","","","","","","","0.01","","","","","","","","","","","","false","","","","","","A004","","","","","","","","201483.13185","MNTH","","","","3","","","","UFRO","USD","","","","","false","1","","","","","","","","","","FALSE","","","","","","","","","QZF7S02R2W3L","NA/CDS Mun Idx Tra","CDX.NA.IG"
"5149257788000003001","2236403502000001501","MODI","TRAD","2026-09-04T22:34:01Z","TRUE","CR","","N","FALSE","2026-05-14T16:57:12Z","2026-03-03","2026-12-20","","FALSE","BILT","FALSE","FALSE","TRUE","4,000,000","","USD","","","","","","","","","","","","","","","","","","","","","","","","","0.05","","","","","","","","","","","","false","","","","","","A004","","","","","","","","257653.98128","MNTH","","","","3","","","","UFRO","USD","","","","","false","0.94","","","","","","","","","","FALSE","","","","","","","","","QZZZP5HMNGBJ","NA/CDS Mun Idx Tra","CDX.NA.HY"
"5149257761000000301","2236403509000002201","MODI","TRAD","2026-09-04T22:33:49Z","TRUE","CR","","N","FALSE","2026-05-14T16:54:28Z","2026-03-03","2026-12-20","","FALSE","BILT","FALSE","FALSE","TRUE","2,000,000","","USD","","","","","","","","","","","","","","","","","","","","","","","","","0.05","","","","","","","","","","","","false","","","","","","A004","","","","","","","","354149.14246","MNTH","","","","3","","","","UFRO","USD","","","","","false","0.94","","","","","","","","","","FALSE","","","","","","","","","QZZZP5HMNGBJ","NA/CDS Mun Idx Tra","CDX.NA.HY"
"5149427598000001301","5148448926000006401","MODI","TRAD","2026-09-04T22:33:51Z","TRUE","CR","","N","FALSE","2026-05-14T16:55:24Z","2025-08-02","2026-12-20","","FALSE","BILT","FALSE","FALSE","TRUE","1,000,000","","USD","","","","","","","","","","","","","","","","","","","","","","","","","0.05","","","","","","","","","","","","false","","","","","","A004","","","","","","","","66828.76394","MNTH","","","","3","","","","UFRO","USD","","","","","false","0.94","","","","","","","","","","FALSE","","","","","","","","","QZZZP5HMNGBJ","NA/CDS Mun Idx Tra","CDX.NA.HY"
"5150386360000000201","5148448934000007201","MODI","TRAD","2026-09-04T22:33:57Z","TRUE","CR","","N","FALSE","2025-03-28T21:00:10Z","2025-08-02","2029-12-20","","FALSE","BILT","FALSE","FALSE","FALSE","7,000,000","","USD","","","","","","","","","","","","","","","","","","","","","","","","","0.01","","","","","","","","","","","","false","","","","","","A004","","","","","","","","346149.01100","MNTH","","","","3","","","","UFRO","USD","","","","","false","1","","","","","","","","","","FALSE","","","","","","","","","QZWQCWSHWXVT","NA/CDS Mun Idx Tra","CDX.NA.IG"
"5150419031000001201","2863325613000001401","MODI","TRAD","2026-09-04T22:33:43Z","TRUE","CR","","N","FALSE","2023-11-02T19:32:30Z","2026-02-15","2026-12-20","","FALSE","BILT","FALSE","FALSE","TRUE","8,000,000","","USD","","","","","","","","","","","","","","","","","","","","","","","","","0.05","","","","","","","","","","","","false","","","","","","A004","","","","","","","","13933632.54513","MNTH","","","","3","","","","UFRO","USD","","","","","false","0.94","","","","","","","","","","FALSE","","","","","","","","","QZZZP5HMNGBJ","NA/CDS Mun Idx Tra","CDX.NA.HY"
"5150418837000000201","2236403499000001201","MODI","TRAD","2026-09-04T22:33:52Z","TRUE","CR","","N","FALSE","2024-11-12T19:48:04Z","2026-03-03","2026-12-20","","FALSE","BILT","FALSE","FALSE","TRUE","100,000","","USD","","","","","","","","","","","","","","","","","","","","","","","","","0.05","","","","","","","","","","","","false","","","","","","A004","","","","","","","","6682.88000","MNTH","","","","3","","","","UFRO","USD","","","","","false","0.94","","","","","","","","","","FALSE","","","","","","","","","QZZZP5HMNGBJ","NA/CDS Mun Idx Tra","CDX.NA.HY"
"5150419022000000301","2236403497000001001","MODI","TRAD","2026-09-04T22:33:33Z","TRUE","CR","","N","FALSE","2022-12-05T19:59:44Z","2026-03-03","2026-12-20","","FALSE","BILT","FALSE","FALSE","TRUE","2,000,000","","USD","","","","","","","","","","","","","","","","","","","","","","","","","0.01","","","","","","","","","","","","false","","","","","","A004","","","","","","","","134322.22500","MNTH","","","","3","","","","UFRO","USD","","","","","false","1","","","","","","","","","","FALSE","","","","","","","","","QZF7S02R2W3L","NA/CDS Mun Idx Tra","CDX.NA.IG"
"5150419020000000101","5148448918000005601","MODI","TRAD","2026-09-04T22:33:50Z","TRUE","CR","","N","FALSE","2024-11-08T20:01:14Z","2025-08-02","2026-12-20","","FALSE","BILT","FALSE","FALSE","TRUE","800,000","","USD","","","","","","","","","","","","","","","","","","","","","","","","","0.05","","","","","","","","","","","","false","","","","","","A004","","","","","","","","50600.25000","MNTH","","","","3","","","","UFRO","USD","","","","","false","0.94","","","","","","","","","","FALSE","","","","","","","","","QZZZP5HMNGBJ","NA/CDS Mun Idx Tra","CDX.NA.HY"
"5150419021000000201","2236403491000000401","MODI","TRAD","2026-09-04T22:33:56Z","TRUE","CR","","N","FALSE","2025-02-20T22:38:54Z","2026-03-03","2026-12-20","","FALSE","BILT","FALSE","FALSE","TRUE","400,000","","USD","","","","","","","","","","","","","","","","","","","","","","","","","0.01","","","","","","","","","","","","false","","","","","","A004","","","","","","","","24900.00000","MNTH","","","","3","","","","UFRO","USD","","","","","false","1","","","","","","","","","","FALSE","","","","","","","","","QZF7S02R2W3L","NA/CDS Mun Idx Tra","CDX.NA.IG"
"5150419028000000901","2236403509000002201","MODI","TRAD","2026-09-04T22:33:49Z","TRUE","CR","","N","FALSE","2024-06-26T21:10:48Z","2026-03-03","2026-12-20","","FALSE","BILT","FALSE","FALSE","TRUE","2,000,000","","USD","","","","","","","","","","","","","","","","","","","","","","","","","0.05","","","","","","","","","","","","false","","","","","","A004","","","","","","","","354149.14246","MNTH","","","","3","","","","UFRO","USD","","","","","false","0.94","","","","","","","","","","FALSE","","","","","","","","","QZZZP5HMNGBJ","NA/CDS Mun Idx Tra","CDX.NA.HY"
"5150419025000000601","5148448925000006301","MODI","TRAD","2026-09-04T22:33:48Z","TRUE","CR","","N","FALSE","2024-06-26T21:10:48Z","2025-08-02","2026-12-20","","FALSE","BILT","FALSE","FALSE","TRUE","4,000,000","","USD","","","","","","","","","","","","","","","","","","","","","","","","","0.05","","","","","","","","","","","","false","","","","","","A004","","","","","","","","708298.64625","MNTH","","","","3","","","","UFRO","USD","","","","","false","0.94","","","","","","","","","","FALSE","","","","","","","","","QZZZP5HMNGBJ","NA/CDS Mun Idx Tra","CDX.NA.HY"
"5150419027000000801","2236403500000001301","MODI","TRAD","2026-09-04T22:33:56Z","TRUE","CR","","N","FALSE","2025-02-13T20:16:00Z","2026-03-03","2028-12-20","","FALSE","BILT","FALSE","FALSE","TRUE","6,000,000","","USD","","","","","","","","","","","","","","","","","","","","","","","","","0.05","","","","","","","","","","","","false","","","","","","A004","","","","","","","","1033499.43216","MNTH","","","","3","","","","UFRO","USD","","","","","false","0.97","","","","","","","","","","FALSE","","","","","","","","","QZS27VSGPF30","NA/CDS Mun Idx Tra","CDX.NA.HY"
"5150420120000000101","2236403502000001501","MODI","TRAD","2026-09-04T22:34:01Z","TRUE","CR","","N","FALSE","2025-09-09T15:13:34Z","2026-03-03","2026-12-20","","FALSE","BILT","FALSE","FALSE","TRUE","4,000,000","","USD","","","","","","","","","","","","","","","","","","","","","","","","","0.05","","","","","","","","","","","","false","","","","","","A004","","","","","","","","257653.98128","MNTH","","","","3","","","","UFRO","USD","","","","","false","0.94","","","","","","","","","","FALSE","","","","","","","","","QZZZP5HMNGBJ","NA/CDS Mun Idx Tra","CDX.NA.HY"
"5150420324000000401","2863325614000001501","MODI","TRAD","2026-09-04T22:33:38Z","TRUE","CR","","N","FALSE","2023-08-09T17:44:54Z","2026-02-15","2027-12-20","","FALSE","BILT","FALSE","FALSE","FALSE","10,000,000","","USD","","","","","","","","","","","","","","","","","","","","","","","","","0.05","","","","","","","","","","","","false","","","","","","A004","","","","","","","","5470718.75000","MNTH","","","","3","","","","UFRO","USD","","","","","false","0.95","","","","","","","","","","FALSE","","","","","","","","","QZJDTC3FV7NJ","NA/CDS Mun Idx Tra","CDX.NA.HY"
"5150420786000000101","2236403508000002101","MODI","TRAD","2026-09-04T22:33:45Z","TRUE","CR","","N","FALSE","2024-02-27T16:03:29Z","2026-03-03","2026-12-20","","FALSE","BILT","FALSE","FALSE","TRUE","2,000,000","","USD","","","","","","","","","","","","","","","","","","","","","","","","","0.05","","","","","","","","","","","","false","","","","","","A004","","","","","","","","412317.38208","MNTH","","","","3","","","","UFRO","USD","","","","","false","0.94","","","","","","","","","","FALSE","","","","","","","","","QZZZP5HMNGBJ","NA/CDS Mun Idx Tra","CDX.NA.HY"
"5150422185000000201","2236403499000001201","MODI","TRAD","2026-09-04T22:33:52Z","TRUE","CR","","N","FALSE","2024-11-12T19:48:04Z","2026-03-03","2026-12-20","","FALSE","BILT","FALSE","FALSE","TRUE","100,000","","USD","","","","","","","","","","","","","","","","","","","","","","","","","0.05","","","","","","","","","","","","false","","","","","","A004","","","","","","","","6682.88000","MNTH","","","","3","","","","UFRO","USD","","","","","false","0.94","","","","","","","","","","FALSE","","","","","","","","","QZZZP5HMNGBJ","NA/CDS Mun Idx Tra","CDX.NA.HY"
"5150422186000000301","5148448927000006501","MODI","TRAD","2026-09-04T22:33:44Z","TRUE","CR","","N","FALSE","2024-02-27T16:03:29Z","2025-08-02","2026-12-20","","FALSE","BILT","FALSE","FALSE","TRUE","4,000,000","","USD","","","","","","","","","","","","","","","","","","","","","","","","","0.05","","","","","","","","","","","","false","","","","","","A004","","","","","","","","824635.19000","MNTH","","","","3","","","","UFRO","USD","","","","","false","0.94","","","","","","","","","","FALSE","","","","","","","","","QZZZP5HMNGBJ","NA/CDS Mun Idx Tra","CDX.NA.HY"
"5150438836000000101","2863325613000001401","MODI","TRAD","2026-09-04T22:33:43Z","TRUE","CR","","N","FALSE","2023-11-02T19:32:30Z","2026-02-15","2026-12-20","","FALSE","BILT","FALSE","FALSE","TRUE","8,000,000","","USD","","","","","","","","","","","","","","","","","","","","","","","","","0.05","","","","","","","","","","","","false","","","","","","A004","","","","","","","","13933632.54513","MNTH","","","","3","","","","UFRO","USD","","","","","false","0.94","","","","","","","","","","FALSE","","","","","","","","","QZZZP5HMNGBJ","NA/CDS Mun Idx Tra","CDX.NA.HY"
"5150422177000000201","5148448926000006401","MODI","TRAD","2026-09-04T22:33:51Z","TRUE","CR","","N","FALSE","2024-11-12T19:48:04Z","2025-08-02","2026-12-20","","FALSE","BILT","FALSE","FALSE","TRUE","1,000,000","","USD","","","","","","","","","","","","","","","","","","","","","","","","","0.05","","","","","","","","","","","","false","","","","","","A004","","","","","","","","66828.76394","MNTH","","","","3","","","","UFRO","USD","","","","","false","0.94","","","","","","","","","","FALSE","","","","","","","","","QZZZP5HMNGBJ","NA/CDS Mun Idx Tra","CDX.NA.HY"
"5150423806000000101","5148448918000005601","MODI","TRAD","2026-09-04T22:33:50Z","TRUE","CR","","N","FALSE","2024-11-08T20:01:14Z","2025-08-02","2026-12-20","","FALSE","BILT","FALSE","FALSE","TRUE","800,000","","USD","","","","","","","","","","","","","","","","","","","","","","","","","0.05","","","","","","","","","","","","false","","","","","","A004","","","","","","","","50600.25000","MNTH","","","","3","","","","UFRO","USD","","","","","false","0.94","","","","","","","","","","FALSE","","","","","","","","","QZZZP5HMNGBJ","NA/CDS Mun Idx Tra","CDX.NA.HY"
"5150423808000000301","2236403509000002201","MODI","TRAD","2026-09-04T22:33:49Z","TRUE","CR","","N","FALSE","2024-06-26T21:10:48Z","2026-03-03","2026-12-20","","FALSE","BILT","FALSE","FALSE","TRUE","2,000,000","","USD","","","","","","","","","","","","","","","","","","","","","","","","","0.05","","","","","","","","","","","","false","","","","","","A004","","","","","","","","354149.14246","MNTH","","","","3","","","","UFRO","USD","","","","","false","0.94","","","","","","","","","","FALSE","","","","","","","","","QZZZP5HMNGBJ","NA/CDS Mun Idx Tra","CDX.NA.HY"
"5150425071000000301","5148448938000007601","MODI","TRAD","2026-09-04T22:33:32Z","TRUE","CR","","N","FALSE","2022-12-05T19:59:44Z","2025-08-02","2026-12-20","","FALSE","BILT","FALSE","FALSE","TRUE","3,000,000","","USD","","","","","","","","","","","","","","","","","","","","","","","","","0.01","","","","","","","","","","","","false","","","","","","A004","","","","","","","","201483.13185","MNTH","","","","3","","","","UFRO","USD","","","","","false","1","","","","","","","","","","FALSE","","","","","","","","","QZF7S02R2W3L","NA/CDS Mun Idx Tra","CDX.NA.IG"
"5150425078000001001","2863325614000001501","MODI","TRAD","2026-09-04T22:33:38Z","TRUE","CR","","N","FALSE","2023-08-09T17:44:54Z","2026-02-15","2027-12-20","","FALSE","BILT","FALSE","FALSE","FALSE","10,000,000","","USD","","","","","","","","","","","","","","","","","","","","","","","","","0.05","","","","","","","","","","","","false","","","","","","A004","","","","","","","","5470718.75000","MNTH","","","","3","","","","UFRO","USD","","","","","false","0.95","","","","","","","","","","FALSE","","","","","","","","","QZJDTC3FV7NJ","NA/CDS Mun Idx Tra","CDX.NA.HY"
"5150426012000000401","2863325611000001201","MODI","TRAD","2026-09-04T22:33:41Z","TRUE","CR","","N","FALSE","2023-10-31T19:10:52Z","2026-02-15","2028-12-20","","FALSE","BILT","FALSE","FALSE","FALSE","20,000,000","","USD","","","","","","","","","","","","","","","","","","","","","","","","","0.05","","","","","","","","","","","","false","","","","","","A004","","","","","","","","13533333.33000","MNTH","","","","3","","","","UFRO","USD","","","","","false","0.97","","","","","","","","","","FALSE","","","","","","","","","QZS27VSGPF30","NA/CDS Mun Idx Tra","CDX.NA.HY"
"5150426488000000101","5148449023000016101","MODI","TRAD","2026-09-04T22:34:15Z","TRUE","CR","","N","FALSE","2026-05-14T22:36:20Z","2023-01-12","2026-12-20","","FALSE","BILT","FALSE","FALSE","TRUE","5,000,000","","USD","","","","","","","","","","","","","","","","","","","","","","","","","0.05","","","","","","","","","","","","false","","","","","","A004","","","","","","","","556971.66208","MNTH","","","","3","","","","UFRO","USD","","","","","false","0.94","","","","","","","","","","FALSE","","","","","","","","","QZ76CJJPXNZX","NA/CDS Mun Idx Tra","CDX.NA.HY"
"5150427268000000801","5148448916000005401","MODI","TRAD","2026-09-04T22:33:40Z","TRUE","CR","","N","FALSE","2023-10-23T16:38:22Z","2025-01-07","2028-12-20","","FALSE","BILT","FALSE","FALSE","FALSE","24,000,000","","USD","","","","","","","","","","","","","","","","","","","","","","","","","0.01","","","","","","","","","","","","false","","","","","","A004","","","","","","","","10165333.33000","MNTH","","","","3","","","","UFRO","USD","","","","","false","1","","","","","","","","","","FALSE","","","","","","","","","QZ0TSB0TFTMM","NA/CDS Mun Idx Tra","CDX.NA.IG"
"5150427262000000201","5148448928000006601","MODI","TRAD","2026-09-04T22:33:53Z","TRUE","CR","","N","FALSE","2024-11-18T21:09:35Z","2025-08-02","2026-12-20","","FALSE","BILT","FALSE","FALSE","TRUE","900,000","","USD","","","","","","","","","","","","","","","","","","","","","","","","","0.05","","","","","","","","","","","","false","","","","","","A004","","","","","","","","66063.93000","MNTH","","","","3","","","","UFRO","USD","","","","","false","0.94","","","","","","","","","","FALSE","","","","","","","","","QZZZP5HMNGBJ","NA/CDS Mun Idx Tra","CDX.NA.HY"
"5150427263000000301","5148448925000006301","MODI","TRAD","2026-09-04T22:33:48Z","TRUE","CR","","N","FALSE","2024-06-26T21:10:48Z","2025-08-02","2026-12-20","","FALSE","BILT","FALSE","FALSE","TRUE","4,000,000","","USD","","","","","","","","","","","","","","","","","","","","","","","","","0.05","","","","","","","","","","","","false","","","","","","A004","","","","","","","","708298.64625","MNTH","","","","3","","","","UFRO","USD","","","","","false","0.94","","","","","","","","","","FALSE","","","","","","","","","QZZZP5HMNGBJ","NA/CDS Mun Idx Tra","CDX.NA.HY"
"5150427266000000601","5148448927000006501","MODI","TRAD","2026-09-04T22:33:44Z","TRUE","CR","","N","FALSE","2024-02-27T16:03:29Z","2025-08-02","2026-12-20","","FALSE","BILT","FALSE","FALSE","TRUE","4,000,000","","USD","","","","","","","","","","","","","","","","","","","","","","","","","0.05","","","","","","","","","","","","false","","","","","","A004","","","","","","","","824635.19000","MNTH","","","","3","","","","UFRO","USD","","","","","false","0.94","","","","","","","","","","FALSE","","","","","","","","","QZZZP5HMNGBJ","NA/CDS Mun Idx Tra","CDX.NA.HY"
"5150440465000000101","5148449023000016101","MODI","TRAD","2026-09-04T22:34:15Z","TRUE","CR","","N","FALSE","2026-05-14T22:36:20Z","2023-01-12","2026-12-20","","FALSE","BILT","FALSE","FALSE","TRUE","5,000,000","","USD","","","","","","","","","","","","","","","","","","","","","","","","","0.05","","","","","","","","","","","","false","","","","","","A004","","","","","","","","556971.66208","MNTH","","","","3","","","","UFRO","USD","","","","","false","0.94","","","","","","","","","","FALSE","","","","","","","","","QZ76CJJPXNZX","NA/CDS Mun Idx Tra","CDX.NA.HY"
"5150429650000000101","5148448938000007601","MODI","TRAD","2026-09-04T22:33:32Z","TRUE","CR","","N","FALSE","2022-12-05T19:59:44Z","2025-08-02","2026-12-20","","FALSE","BILT","FALSE","FALSE","TRUE","3,000,000","","USD","","","","","","","","","","","","","","","","","","","","","","","","","0.01","","","","","","","","","","","","false","","","","","","A004","","","","","","","","201483.13185","MNTH","","","","3","","","","UFRO","USD","","","","","false","1","","","","","","","","","","FALSE","","","","","","","","","QZF7S02R2W3L","NA/CDS Mun Idx Tra","CDX.NA.IG"
"5149591189000003201","5148448925000006301","MODI","TRAD","2026-09-04T22:33:48Z","TRUE","CR","","N","FALSE","2026-05-14T16:55:11Z","2025-08-02","2026-12-20","","FALSE","BILT","FALSE","FALSE","TRUE","4,000,000","","USD","","","","","","","","","","","","","","","","","","","","","","","","","0.05","","","","","","","","","","","","false","","","","","","A004","","","","","","","","708298.64625","MNTH","","","","3","","","","UFRO","USD","","","","","false","0.94","","","","","","","","","","FALSE","","","","","","","","","QZZZP5HMNGBJ","NA/CDS Mun Idx Tra","CDX.NA.HY"
"5149591171000001401","2236403499000001201","MODI","TRAD","2026-09-04T22:33:52Z","TRUE","CR","","N","FALSE","2026-05-14T16:57:06Z","2026-03-03","2026-12-20","","FALSE","BILT","FALSE","FALSE","TRUE","100,000","","USD","","","","","","","","","","","","","","","","","","","","","","","","","0.05","","","","","","","","","","","","false","","","","","","A004","","","","","","","","6682.88000","MNTH","","","","3","","","","UFRO","USD","","","","","false","0.94","","","","","","","","","","FALSE","","","","","","","","","QZZZP5HMNGBJ","NA/CDS Mun Idx Tra","CDX.NA.HY"
"5149721624000001001","5148448918000005601","MODI","TRAD","2026-09-04T22:33:50Z","TRUE","CR","","N","FALSE","2026-05-14T16:53:39Z","2025-08-02","2026-12-20","","FALSE","BILT","FALSE","FALSE","TRUE","800,000","","USD","","","","","","","","","","","","","","","","","","","","","","","","","0.05","","","","","","","","","","","","false","","","","","","A004","","","","","","","","50600.25000","MNTH","","","","3","","","","UFRO","USD","","","","","false","0.94","","","","","","","","","","FALSE","","","","","","","","","QZZZP5HMNGBJ","NA/CDS Mun Idx Tra","CDX.NA.HY"
"5149721619000000501","2863325614000001501","MODI","TRAD","2026-09-04T22:33:38Z","TRUE","CR","","N","FALSE","2026-05-14T18:36:09Z","2026-02-15","2027-12-20","","FALSE","BILT","FALSE","FALSE","TRUE","10,000,000","","USD","","","","","","","","","","","","","","","","","","","","","","","","","0.05","","","","","","","","","","","","false","","","","","","A004","","","","","","","","5470718.75000","MNTH","","","","3","","","","UFRO","USD","","","","","false","0.95","","","","","","","","","","FALSE","","","","","","","","","QZJDTC3FV7NJ","NA/CDS Mun Idx Tra","CDX.NA.HY"
"5149721620000000601","2236403494000000701","MODI","TRAD","2026-09-04T22:33:54Z","TRUE","CR","","N","FALSE","2026-05-14T16:55:18Z","2026-03-03","2026-12-20","","FALSE","BILT","FALSE","FALSE","TRUE","500,000","","USD","","","","","","","","","","","","","","","","","","","","","","","","","0.05","","","","","","","","","","","","false","","","","","","A004","","","","","","","","36702.18000","MNTH","","","","3","","","","UFRO","USD","","","","","false","0.94","","","","","","","","","","FALSE","","","","","","","","","QZZZP5HMNGBJ","NA/CDS Mun Idx Tra","CDX.NA.HY"
"5149721623000000901","5148448938000007601","MODI","TRAD","2026-09-04T22:33:32Z","TRUE","CR","","N","FALSE","2022-12-05T19:59:44Z","2025-08-02","2026-12-20","","FALSE","BILT","FALSE","FALSE","TRUE","3,000,000","","USD","","","","","","","","","","","","","","","","","","","","","","","","","0.01","","","","","","","","","","","","false","","","","","","A004","","","","","","","","201483.13185","MNTH","","","","3","","","","UFRO","USD","","","","","false","1","","","","","","","","","","FALSE","","","","","","","","","QZF7S02R2W3L","NA/CDS Mun Idx Tra","CDX.NA.IG"
"5149721618000000401","2236403502000001501","MODI","TRAD","2026-09-04T22:34:01Z","TRUE","CR","","N","FALSE","2026-05-14T16:57:12Z","2026-03-03","2026-12-20","","FALSE","BILT","FALSE","FALSE","TRUE","4,000,000","","USD","","","","","","","","","","","","","","","","","","","","","","","","","0.05","","","","","","","","","","","","false","","","","","","A004","","","","","","","","257653.98128","MNTH","","","","3","","","","UFRO","USD","","","","","false","0.94","","","","","","","","","","FALSE","","","","","","","","","QZZZP5HMNGBJ","NA/CDS Mun Idx Tra","CDX.NA.HY"
"5149839017000000101","5148448914000005201","MODI","TRAD","2026-09-04T22:33:58Z","TRUE","CR","","N","FALSE","2025-05-06T19:43:00Z","2025-08-02","2029-12-20","","FALSE","BILT","FALSE","FALSE","FALSE","28,000,000","","USD","","","","","","","","","","","","","","","","","","","","","","","","","0.01","","","","","","","","","","","","false","","","","","","A004","","","","","","","","250132.89006","MNTH","","","","3","","","","UFRO","USD","","","","","false","1","","","","","","","","","","FALSE","","","","","","","","","QZWQCWSHWXVT","NA/CDS Mun Idx Tra","CDX.NA.IG"
"5150156086000000101","2236403494000000701","MODI","TRAD","2026-09-04T22:33:54Z","TRUE","CR","","N","FALSE","2026-05-14T16:55:18Z","2026-03-03","2026-12-20","","FALSE","BILT","FALSE","FALSE","TRUE","500,000","","USD","","","","","","","","","","","","","","","","","","","","","","","","","0.05","","","","","","","","","","","","false","","","","","","A004","","","","","","","","36702.18000","MNTH","","","","3","","","","UFRO","USD","","","","","false","0.94","","","","","","","","","","FALSE","","","","","","","","","QZZZP5HMNGBJ","NA/CDS Mun Idx Tra","CDX.NA.HY"
"5149925549000001101","5148449023000016101","MODI","TRAD","2026-09-04T22:34:15Z","TRUE","CR","","N","FALSE","2026-05-14T22:36:20Z","2023-01-12","2026-12-20","","FALSE","BILT","FALSE","FALSE","TRUE","5,000,000","","USD","","","","","","","","","","","","","","","","","","","","","","","","","0.05","","","","","","","","","","","","false","","","","","","A004","","","","","","","","556971.66208","MNTH","","","","3","","","","UFRO","USD","","","","","false","0.94","","","","","","","","","","FALSE","","","","","","","","","QZ76CJJPXNZX","NA/CDS Mun Idx Tra","CDX.NA.HY"
"5149925540000000201","2236403510000002301","MODI","TRAD","2026-09-04T22:33:58Z","TRUE","CR","","N","FALSE","2025-05-06T19:43:00Z","2026-03-03","2029-12-20","","FALSE","BILT","FALSE","FALSE","FALSE","13,000,000","","USD","","","","","","","","","","","","","","","","","","","","","","","","","0.01","","","","","","","","","","","","false","","","","","","A004","","","","","","","","116133.78000","MNTH","","","","3","","","","UFRO","USD","","","","","false","1","","","","","","","","","","FALSE","","","","","","","","","QZWQCWSHWXVT","NA/CDS Mun Idx Tra","CDX.NA.IG"
"5150431032000000801","5148449023000016101","MODI","TRAD","2026-09-04T22:34:15Z","TRUE","CR","","N","FALSE","2026-05-14T22:36:20Z","2023-01-12","2026-12-20","","FALSE","BILT","FALSE","FALSE","TRUE","5,000,000","","USD","","","","","","","","","","","","","","","","","","","","","","","","","0.05","","","","","","","","","","","","false","","","","","","A004","","","","","","","","556971.66208","MNTH","","","","3","","","","UFRO","USD","","","","","false","0.94","","","","","","","","","","FALSE","","","","","","","","","QZ76CJJPXNZX","NA/CDS Mun Idx Tra","CDX.NA.HY"
"5150436012000000101","5148448927000006501","MODI","TRAD","2026-09-04T22:33:44Z","TRUE","CR","","N","FALSE","2024-02-27T16:03:29Z","2025-08-02","2026-12-20","","FALSE","BILT","FALSE","FALSE","TRUE","4,000,000","","USD","","","","","","","","","","","","","","","","","","","","","","","","","0.05","","","","","","","","","","","","false","","","","","","A004","","","","","","","","824635.19000","MNTH","","","","3","","","","UFRO","USD","","","","","false","0.94","","","","","","","","","","FALSE","","","","","","","","","QZZZP5HMNGBJ","NA/CDS Mun Idx Tra","CDX.NA.HY"
"5150455676000000101","2863325614000001501","MODI","TRAD","2026-09-04T22:33:38Z","TRUE","CR","","N","FALSE","2023-08-09T17:44:54Z","2026-02-15","2027-12-20","","FALSE","BILT","FALSE","FALSE","FALSE","10,000,000","","USD","","","","","","","","","","","","","","","","","","","","","","","","","0.05","","","","","","","","","","","","false","","","","","","A004","","","","","","","","5470718.75000","MNTH","","","","3","","","","UFRO","USD","","","","","false","0.95","","","","","","","","","","FALSE","","","","","","","","","QZJDTC3FV7NJ","NA/CDS Mun Idx Tra","CDX.NA.HY"
"5150436278000000301","2863325613000001401","MODI","TRAD","2026-09-04T22:33:43Z","TRUE","CR","","N","FALSE","2023-11-02T19:32:30Z","2026-02-15","2026-12-20","","FALSE","BILT","FALSE","FALSE","TRUE","8,000,000","","USD","","","","","","","","","","","","","","","","","","","","","","","","","0.05","","","","","","","","","","","","false","","","","","","A004","","","","","","","","13933632.54513","MNTH","","","","3","","","","UFRO","USD","","","","","false","0.94","","","","","","","","","","FALSE","","","","","","","","","QZZZP5HMNGBJ","NA/CDS Mun Idx Tra","CDX.NA.HY"
"5150436279000000401","2863325614000001501","MODI","TRAD","2026-09-04T22:33:38Z","TRUE","CR","","N","FALSE","2023-08-09T17:44:54Z","2026-02-15","2027-12-20","","FALSE","BILT","FALSE","FALSE","FALSE","10,000,000","","USD","","","","","","","","","","","","","","","","","","","","","","","","","0.05","","","","","","","","","","","","false","","","","","","A004","","","","","","","","5470718.75000","MNTH","","","","3","","","","UFRO","USD","","","","","false","0.95","","","","","","","","","","FALSE","","","","","","","","","QZJDTC3FV7NJ","NA/CDS Mun Idx Tra","CDX.NA.HY"
"5150436281000000601","2863325611000001201","MODI","TRAD","2026-09-04T22:33:41Z","TRUE","CR","","N","FALSE","2023-10-31T19:10:52Z","2026-02-15","2028-12-20","","FALSE","BILT","FALSE","FALSE","FALSE","20,000,000","","USD","","","","","","","","","","","","","","","","","","","","","","","","","0.05","","","","","","","","","","","","false","","","","","","A004","","","","","","","","13533333.33000","MNTH","","","","3","","","","UFRO","USD","","","","","false","0.97","","","","","","","","","","FALSE","","","","","","","","","QZS27VSGPF30","NA/CDS Mun Idx Tra","CDX.NA.HY"
"5150443070000000201","2863325614000001501","MODI","TRAD","2026-09-04T22:33:38Z","TRUE","CR","","N","FALSE","2023-08-09T17:44:54Z","2026-02-15","2027-12-20","","FALSE","BILT","FALSE","FALSE","FALSE","10,000,000","","USD","","","","","","","","","","","","","","","","","","","","","","","","","0.05","","","","","","","","","","","","false","","","","","","A004","","","","","","","","5470718.75000","MNTH","","","","3","","","","UFRO","USD","","","","","false","0.95","","","","","","","","","","FALSE","","","","","","","","","QZJDTC3FV7NJ","NA/CDS Mun Idx Tra","CDX.NA.HY"
"5150433690000000101","5148448925000006301","MODI","TRAD","2026-09-04T22:33:48Z","TRUE","CR","","N","FALSE","2024-06-26T21:10:48Z","2025-08-02","2026-12-20","","FALSE","BILT","FALSE","FALSE","TRUE","4,000,000","","USD","","","","","","","","","","","","","","","","","","","","","","","","","0.05","","","","","","","","","","","","false","","","","","","A004","","","","","","","","708298.64625","MNTH","","","","3","","","","UFRO","USD","","","","","false","0.94","","","","","","","","","","FALSE","","","","","","","","","QZZZP5HMNGBJ","NA/CDS Mun Idx Tra","CDX.NA.HY"
"5150434216000000101","2236403497000001001","MODI","TRAD","2026-09-04T22:33:33Z","TRUE","CR","","N","FALSE","2022-12-05T19:59:44Z","2026-03-03","2026-12-20","","FALSE","BILT","FALSE","FALSE","TRUE","2,000,000","","USD","","","","","","","","","","","","","","","","","","","","","","","","","0.01","","","","","","","","","","","","false","","","","","","A004","","","","","","","","134322.22500","MNTH","","","","3","","","","UFRO","USD","","","","","false","1","","","","","","","","","","FALSE","","","","","","","","","QZF7S02R2W3L","NA/CDS Mun Idx Tra","CDX.NA.IG"
"5150446054000000301","2236403508000002101","MODI","TRAD","2026-09-04T22:33:45Z","TRUE","CR","","N","FALSE","2024-02-27T16:03:29Z","2026-03-03","2026-12-20","","FALSE","BILT","FALSE","FALSE","TRUE","2,000,000","","USD","","","","","","","","","","","","","","","","","","","","","","","","","0.05","","","","","","","","","","","","false","","","","","","A004","","","","","","","","412317.38208","MNTH","","","","3","","","","UFRO","USD","","","","","false","0.94","","","","","","","","","","FALSE","","","","","","","","","QZZZP5HMNGBJ","NA/CDS Mun Idx Tra","CDX.NA.HY"
"5149427597000001201","5148448934000007201","MODI","TRAD","2026-09-04T22:33:57Z","TRUE","CR","","N","FALSE","2025-03-28T21:00:10Z","2025-08-02","2029-12-20","","FALSE","BILT","FALSE","FALSE","FALSE","7,000,000","","USD","","","","","","","","","","","","","","","","","","","","","","","","","0.01","","","","","","","","","","","","false","","","","","","A004","","","","","","","","346149.01100","MNTH","","","","3","","","","UFRO","USD","","","","","false","1","","","","","","","","","","FALSE","","","","","","","","","QZWQCWSHWXVT","NA/CDS Mun Idx Tra","CDX.NA.IG"
"5149427591000000601","2232251481000000501","MODI","TRAD","2026-09-04T22:33:59Z","TRUE","CR","","N","FALSE","2025-05-16T13:38:56Z","2026-03-03","2029-12-20","","FALSE","BILT","FALSE","FALSE","FALSE","400,000","","EUR","","","","","","","","","","","","","","","","","","","","","","","","","0.01","","","","","","","","","","","","false","","","","","","A004","","","","","","","","767473.33000","MNTH","","","","3","","","","UFRO","EUR","","","","","false","1","","","","","","","","","","FALSE","","","","","","","","","QZK1TTBT9TH9","NA/CDS Mun Idx Tra","ITRAXX EUROPE"
"5149501777000000501","2236403497000001001","MODI","TRAD","2026-09-04T22:33:33Z","TRUE","CR","","N","FALSE","2022-12-05T19:59:44Z","2026-03-03","2026-12-20","","FALSE","BILT","FALSE","FALSE","TRUE","2,000,000","","USD","","","","","","","","","","","","","","","","","","","","","","","","","0.01","","","","","","","","","","","","false","","","","","","A004","","","","","","","","134322.22500","MNTH","","","","3","","","","UFRO","USD","","","","","false","1","","","","","","","","","","FALSE","","","","","","","","","QZF7S02R2W3L","NA/CDS Mun Idx Tra","CDX.NA.IG"
"5150155903000000101","2236403502000001501","MODI","TRAD","2026-09-04T22:34:01Z","TRUE","CR","","N","FALSE","2026-05-14T16:57:12Z","2026-03-03","2026-12-20","","FALSE","BILT","FALSE","FALSE","TRUE","4,000,000","","USD","","","","","","","","","","","","","","","","","","","","","","","","","0.05","","","","","","","","","","","","false","","","","","","A004","","","","","","","","257653.98128","MNTH","","","","3","","","","UFRO","USD","","","","","false","0.94","","","","","","","","","","FALSE","","","","","","","","","QZZZP5HMNGBJ","NA/CDS Mun Idx Tra","CDX.NA.HY"
"5150242355000000401","2236403509000002201","MODI","TRAD","2026-09-04T22:33:49Z","TRUE","CR","","N","FALSE","2024-06-26T21:10:48Z","2026-03-03","2026-12-20","","FALSE","BILT","FALSE","FALSE","TRUE","2,000,000","","USD","","","","","","","","","","","","","","","","","","","","","","","","","0.05","","","","","","","","","","","","false","","","","","","A004","","","","","","","","354149.14246","MNTH","","","","3","","","","UFRO","USD","","","","","false","0.94","","","","","","","","","","FALSE","","","","","","","","","QZZZP5HMNGBJ","NA/CDS Mun Idx Tra","CDX.NA.HY"
"5150156089000000401","2236403508000002101","MODI","TRAD","2026-09-04T22:33:45Z","TRUE","CR","","N","FALSE","2026-05-14T16:56:55Z","2026-03-03","2026-12-20","","FALSE","BILT","FALSE","FALSE","TRUE","2,000,000","","USD","","","","","","","","","","","","","","","","","","","","","","","","","0.05","","","","","","","","","","","","false","","","","","","A004","","","","","","","","412317.38208","MNTH","","","","3","","","","UFRO","USD","","","","","false","0.94","","","","","","","","","","FALSE","","","","","","","","","QZZZP5HMNGBJ","NA/CDS Mun Idx Tra","CDX.NA.HY"
"5150156087000000201","2863325614000001501","MODI","TRAD","2026-09-04T22:33:38Z","TRUE","CR","","N","FALSE","2026-05-14T18:36:09Z","2026-02-15","2027-12-20","","FALSE","BILT","FALSE","FALSE","TRUE","10,000,000","","USD","","","","","","","","","","","","","","","","","","","","","","","","","0.05","","","","","","","","","","","","false","","","","","","A004","","","","","","","","5470718.75000","MNTH","","","","3","","","","UFRO","USD","","","","","false","0.95","","","","","","","","","","FALSE","","","","","","","","","QZJDTC3FV7NJ","NA/CDS Mun Idx Tra","CDX.NA.HY"
"5149257802000004401","2863325611000001201","MODI","TRAD","2026-09-04T22:33:41Z","TRUE","CR","","N","FALSE","2026-05-14T19:03:33Z","2026-02-15","2028-12-20","","FALSE","BILT","FALSE","FALSE","TRUE","20,000,000","","USD","","","","","","","","","","","","","","","","","","","","","","","","","0.05","","","","","","","","","","","","false","","","","","","A004","","","","","","","","13533333.33000","MNTH","","","","3","","","","UFRO","USD","","","","","false","0.97","","","","","","","","","","FALSE","","","","","","","","","QZS27VSGPF30","NA/CDS Mun Idx Tra","CDX.NA.HY"
