"Dissemination Identifier","Original Dissemination Identifier","Action type","Event type","Event timestamp","Amendment indicator","Asset Class","Product name","Cleared","Mandatory clearing indicator","Execution Timestamp","Effective Date","Expiration Date","Maturity date of the underlier","Non-standardized term indicator","Platform identifier","Prime brokerage transaction indicator","Block trade election indicator","Large notional off-facility swap election indicator","Notional amount-Leg 1","Notional amount-Leg 2","Notional currency-Leg 1","Notional currency-Leg 2","Notional quantity-Leg 1","Notional quantity-Leg 2","Total notional quantity-Leg 1","Total notional quantity-Leg 2","Quantity frequency multiplier-Leg 1","Quantity frequency multiplier-Leg 2","Quantity unit of measure-Leg 1","Quantity unit of measure-Leg 2","Quantity frequency-Leg 1","Quantity frequency-Leg 2","Notional amount in effect on associated effective date-Leg 1","Notional amount in effect on associated effective date-Leg 2","Effective date of the notional amount-Leg 1","Effective date of the notional amount-Leg 2","End date of the notional amount-Leg 1","End date of the notional amount-Leg 2","Call amount","Call currency","Put amount","Put currency","Exchange rate","Exchange rate basis","First exercise date","Fixed rate-Leg 1","Fixed rate-Leg 2","Option Premium Amount","Option Premium Currency","Price","Price unit of measure","Spread-Leg 1","Spread-Leg 2","Spread currency-Leg 1","Spread currency-Leg 2","Strike Price","Strike price currency/currency pair","Post-priced swap indicator","Price currency","Price notation","Spread notation-Leg 1","Spread notation-Leg 2","Strike price notation","Fixed rate day count convention-leg 1","Fixed rate day count convention-leg 2","Floating rate day count convention-leg 1","Floating rate day count convention-leg 2","Floating rate reset frequency period-leg 1","Floating rate reset frequency period-leg 2","Floating rate reset frequency period multiplier-leg 1","Floating rate reset frequency period multiplier-leg 2","Other payment amount","Fixed rate payment frequency period-Leg 1","Floating rate payment frequency period-Leg 1","Fixed rate payment frequency period-Leg 2","Floating rate payment frequency period-Leg 2","Fixed rate payment frequency period multiplier-Leg 1","Floating rate payment frequency period multiplier-Leg 1","Fixed rate payment frequency period multiplier-Leg 2","Floating rate payment frequency period multiplier-Leg 2","Other payment type","Other payment currency","Settlement currency-Leg 1","Settlement currency-Leg 2","Settlement location","Collateralisation category","Custom basket indicator","Index factor","Underlier ID-Leg 1","Underlier ID-Leg 2","Underlier ID source-Leg 1","Underlying Asset Name","Underlying asset subtype or underlying contract subtype-Leg 1","Underlying asset subtype or underlying contract subtype-Leg 2","Embedded Option type","Option Type","Option Style","Package indicator","Package transaction price","Package transaction price currency","Package transaction price notation","Package transaction spread","Package transaction spread currency","Package transaction spread notation","Physical delivery location-Leg 1","Delivery Type","Unique Product Identifier","UPI FISN","UPI Underlier Name"
"4109472824000000301","4109019584000000101","CORR","","2026-07-09T12:52:15Z","","CR","","N","FALSE","2026-07-09T12:52:15Z","2026-07-10","2026-09-16","2031-06-20","FALSE","BILT","FALSE","FALSE","TRUE","180,000,000","","EUR","","","","","","","","","","","","","","","","","","","","","","","","2026-09-16","0.05","","1,268,998.2375","EUR","","","","","","","262.5","EUR","false","","","","","1","A004","","","","","","","","","MNTH","","","","3","","","","","","","","","","false","","","","","","","","","","","TRUE","9.9999999999","","3","","","","","","QZTL0V3X916X","NA/CDS Idx Swt","NA/CDS Corp Idx"
"4113760200000000101","","NEWT","TRAD","2026-07-09T18:54:57Z","","CR","","I","TRUE","2026-07-09T18:54:57Z","2026-03-20","2031-06-20","","FALSE","TPSE","FALSE","FALSE","","75,000,000","","USD","","","","","","","","","","","","","","","","","","","","","","","","","0.01","","","","","","0.00507","","","","","","false","","","3","","","A004","","","","","","","","","MNTH","","","","3","","","","","","USD","","","","false","1","","","","","","","OTHR","","","FALSE","","","","","","","","","QZ3WVVQG5T8K","NA/CDS Corp Idx","CDX.NA.IG"
"4108160843000000201","","NEWT","TRAD","2026-07-09T11:44:36Z","","CR","","I","FALSE","2026-07-09T11:44:36Z","2026-03-20","2031-06-20","","FALSE","TPSE","FALSE","FALSE","","10,000,000","","USD","","","","","","","","","","","","","","","","","","","","","","","","","0.01","","","","","","98.15","","USD","","","","false","","","1","","","A004","","","","","","","","","MNTH","","","","3","","","","","","USD","","","","false","1","","","","","","","OTHR","","","FALSE","","","","","","","","","QZ4JMQKL3P03","NA/CDS Corp Idx","CDX.EM"
"4108240168000000301","","NEWT","TRAD","2026-07-09T11:49:33Z","","CR","","I","TRUE","2026-07-09T11:49:33Z","2026-07-10","2031-06-20","","","TWSF","FALSE","FALSE","","8,000,000","","EUR","","","","","","","","","","","","","","","","","","","","","","","","","0.05","","","","","","0.02477","","","","","","false","","","3","","","A004","","","","","","","","878294.31000","MNTH","","","","3","","","","UFRO","EUR","","","","","false","1","","","","","","","","","","FALSE","","","","","","","","","QZ3HM9KVK2WL","NA/CDS Corp Idx","ITRAXX EUROPE CROSSOVER"
"4108260144000000101","","NEWT","TRAD","2026-07-09T11:50:58Z","","CR","","I","FALSE","2026-07-09T11:50:58Z","2026-03-20","2031-06-20","","FALSE","TPSE","FALSE","FALSE","","10,000,000","","USD","","","","","","","","","","","","","","","","","","","","","","","","","0.01","","","","","","98.145","","USD","","","","false","","","1","","","A004","","","","","","","","","MNTH","","","","3","","","","","","USD","","","","false","1","","","","","","","OTHR","","","FALSE","","","","","","","","","QZ4JMQKL3P03","NA/CDS Corp Idx","CDX.EM"
"4108410901000000101","","NEWT","TRAD","2026-07-09T12:02:50Z","","CR","","I","TRUE","2026-07-09T12:02:50Z","2026-07-10","2031-06-20","","FALSE","BBSF","FALSE","FALSE","","10,000,000","","USD","","","","","","","","","","","","","","","","","","","","","","","","","0.05","","","","","","0.0108025","","","","","","false","","","3","","","A004","","","","","","","","819225.00000","MNTH","","","","3","","","","UFRO","USD","","","","","false","0.99","","","","","","","","","","FALSE","","","","","","","","","QZHH8NT767RX","NA/CDS Corp Idx","CDX.NA.HY"
"4108487343000000101","","NEWT","TRAD","2026-07-09T12:09:02Z","","CR","","I","TRUE","2026-07-09T12:09:02Z","2026-07-10","2031-06-20","","","TWSF","FALSE","FALSE","","2,000,000","","EUR","","","","","","","","","","","","","","","","","","","","","","","","","0.05","","","","","","0.024755","","","","","","false","","","3","","","A004","","","","","","","","219714.14766","MNTH","","","","3","","","","UFRO","EUR","","","","","false","1","","","","","","","","","","FALSE","","","","","","","","","QZ3HM9KVK2WL","NA/CDS Corp Idx","ITRAXX EUROPE CROSSOVER"
"4108487346000000401","","NEWT","TRAD","2026-07-09T12:09:11Z","","CR","","I","TRUE","2026-07-09T12:09:11Z","2026-07-10","2031-06-20","","FALSE","BBSF","FALSE","FALSE","","50,000,000","","USD","","","","","","","","","","","","","","","","","","","","","","","","","0.01","","","","","","0.005081","","","","","","false","","","3","","","A004","","","","","","","","1117333.83000","MNTH","","","","3","","","","UFRO","USD","","","","","false","1","","","","","","","","","","FALSE","","","","","","","","","QZ3WVVQG5T8K","NA/CDS Corp Idx","CDX.NA.IG"
"4108567093000000101","","NEWT","TRAD","2026-07-09T12:18:00Z","","CR","","I","TRUE","2026-07-09T12:18:00Z","2026-07-10","2031-06-20","","","TWSF","FALSE","FALSE","","110,000,000","","USD","","","","","","","","","","","","","","","","","","","","","","","","","0.01","","","","","","0.0050897","","","","","","false","","","3","","","A004","","","","","","","","2453800.80000","MNTH","","","","3","","","","UFRO","USD","","","","","false","1","","","","","","","","","","FALSE","","","","","","","","","QZ3WVVQG5T8K","NA/CDS Corp Idx","CDX.NA.IG"
"4108724507000000101","","NEWT","TRAD","2026-07-09T12:30:26Z","","CR","","I","TRUE","2026-07-09T12:30:26Z","2026-07-10","2031-06-20","","FALSE","BBSF","FALSE","FALSE","","10,000,000","","EUR","","","","","","","","","","","","","","","","","","","","","","","","","0.05","","","","","","0.024675","","","","","","false","","","3","","","A004","","","","","","","","1102309.97000","MNTH","","","","3","","","","UFRO","EUR","","","","","false","1","","","","","","","","","","FALSE","","","","","","","","","QZ3HM9KVK2WL","NA/CDS Corp Idx","ITRAXX EUROPE CROSSOVER"
"4108757631000000401","","NEWT","TRAD","2026-07-09T12:33:04Z","","CR","","I","TRUE","2026-07-09T12:33:04Z","2026-07-10","2031-06-20","","FALSE","BBSF","FALSE","FALSE","","50,000,000","","EUR","","","","","","","","","","","","","","","","","","","","","","","","","0.01","","","","","","0.0051865","","","","","","false","","","3","","","A004","","","","","","","","1131567.42000","MNTH","","","","3","","","","UFRO","EUR","","","","","false","1","","","","","","","","","","FALSE","","","","","","","","","QZTQ4GTC5QMF","NA/CDS Corp Idx","ITRAXX EUROPE"
"4108766378000000201","","NEWT","TRAD","2026-07-09T12:33:29Z","","CR","","I","TRUE","2026-07-09T12:33:29Z","2026-07-10","2031-06-20","","FALSE","BBSF","FALSE","FALSE","","75,000,000","","USD","","","","","","","","","","","","","","","","","","","","","","","","","0.01","","","","","","0.0050741","","","","","","false","","","3","","","A004","","","","","","","","1678344.32000","MNTH","","","","3","","","","UFRO","USD","","","","","false","1","","","","","","","","","","FALSE","","","","","","","","","QZ3WVVQG5T8K","NA/CDS Corp Idx","CDX.NA.IG"
"4108915648000000301","","NEWT","TRAD","2026-07-09T12:44:00Z","","CR","","I","FALSE","2026-07-09T12:44:00Z","2026-03-20","2031-06-20","","FALSE","TPSE","FALSE","FALSE","","10,000,000","","USD","","","","","","","","","","","","","","","","","","","","","","","","","0.01","","","","","","98.18","","USD","","","","false","","","1","","","A004","","","","","","","","","MNTH","","","","3","","","","","","USD","","","","false","1","","","","","","","OTHR","","","FALSE","","","","","","","","","QZ4JMQKL3P03","NA/CDS Corp Idx","CDX.EM"
"4108915649000000101","","NEWT","TRAD","2026-07-09T12:37:05Z","","CR","","N","FALSE","2026-07-09T12:37:05Z","2026-07-10","2030-12-20","","FALSE","BILT","FALSE","FALSE","FALSE","20,000,000","","EUR","","","","","","","","","","","","","","","","","","","","","","","","","0.05","","","","","","","","","","","","false","","","","","","A004","","","","","","","","2842000.00000","MNTH","","","","3","","","","UFRO","EUR","","","","","false","1","","","","","","","","","","FALSE","","","","","","","","","QZ8ZC6J69LV2","NA/CDS Mun Idx Tra","ITRAXX EUROPE CROSSOVER"
"4108863065000000301","","NEWT","TRAD","2026-07-09T12:40:09Z","","CR","","I","TRUE","2026-07-09T12:40:09Z","2026-07-10","2031-06-20","","FALSE","BBSF","FALSE","TRUE","","47,276,998+","","EUR","","","","","","","","","","","","","","","","","","","","","","","","","0.05","","","","","","0.0246875","","","","","","false","","","3","","","A004","","","","","","","","5208626.71027","MNTH","","","","3","","","","UFRO","EUR","","","","","false","1","","","","","","","","","","TRUE","","","","0.003374","","3","","","QZ3HM9KVK2WL","NA/CDS Corp Idx","ITRAXX EUROPE CROSSOVER"
"4109077872000000101","","NEWT","TRAD","2026-07-09T12:56:29Z","","CR","","I","TRUE","2026-07-09T12:56:29Z","2026-07-10","2030-12-20","","FALSE","BBSF","FALSE","FALSE","","53,000,000","","USD","","","","","","","","","","","","","","","","","","","","","","","","","0.01","","","","","","0.00466466","","","","","","false","","","3","","","A004","","","","","","","","1170794.62000","MNTH","","","","3","","","","UFRO","USD","","","","","false","1","","","","","","","","","","FALSE","","","","","","","","","QZN3HTTN5303","NA/CDS Corp Idx","CDX.NA.IG"
"4109138032000000301","","NEWT","TRAD","2026-07-09T13:02:39Z","","CR","","I","TRUE","2026-07-09T13:02:39Z","2026-07-10","2031-06-20","","","TWSF","FALSE","FALSE","","10,000,000","","EUR","","","","","","","","","","","","","","","","","","","","","","","","","0.05","","","","","","0.024625","","","","","","false","","","3","","","A004","","","","","","","","1104649.20000","MNTH","","","","3","","","","UFRO","EUR","","","","","false","1","","","","","","","","","","FALSE","","","","","","","","","QZ3HM9KVK2WL","NA/CDS Corp Idx","ITRAXX EUROPE CROSSOVER"
"4109207427000000101","","NEWT","TRAD","2026-07-09T13:08:46Z","","CR","","I","TRUE","2026-07-09T13:08:46Z","2026-07-10","2031-06-20","","FALSE","BBSF","FALSE","FALSE","","20,000,000","","EUR","","","","","","","","","","","","","","","","","","","","","","","","","0.01","","","","","","0.00518704","","","","","","false","","","3","","","A004","","","","","","","","452576.35000","MNTH","","","","3","","","","UFRO","EUR","","","","","false","1","","","","","","","","","","FALSE","","","","","","","","","QZTQ4GTC5QMF","NA/CDS Corp Idx","ITRAXX EUROPE"
"4109255562000000101","","NEWT","TRAD","2026-07-09T13:12:28Z","","CR","","I","TRUE","2026-07-09T13:12:28Z","2026-07-10","2031-06-20","","FALSE","BBSF","FALSE","FALSE","","5,000,000","","USD","","","","","","","","","","","","","","","","","","","","","","","","","0.05","","","","","","0.0108055","","","","","","false","","","3","","","A004","","","","","","","","411097.50000","MNTH","","","","3","","","","UFRO","USD","","","","","false","0.99","","","","","","","","","","FALSE","","","","","","","","","QZHH8NT767RX","NA/CDS Corp Idx","CDX.NA.HY"
"4109259495000000201","","NEWT","TRAD","2026-07-09T13:13:09Z","","CR","","I","TRUE","2026-07-09T13:13:09Z","2026-07-10","2031-06-20","","","TWSF","FALSE","FALSE","","20,000,000","","EUR","","","","","","","","","","","","","","","","","","","","","","","","","0.01","","","","","","0.0051851","","","","","","false","","","3","","","A004","","","","","","","","452758.21000","MNTH","","","","3","","","","UFRO","EUR","","","","","false","1","","","","","","","","","","FALSE","","","","","","","","","QZTQ4GTC5QMF","NA/CDS Corp Idx","ITRAXX EUROPE"
"4108842389000000201","","NEWT","TRAD","2026-07-09T12:38:59Z","","CR","","I","TRUE","2026-07-09T12:38:59Z","2026-07-10","2031-06-20","","FALSE","BBSF","FALSE","FALSE","","20,000,000","","USD","","","","","","","","","","","","","","","","","","","","","","","","","0.01","","","","","","0.005075","","","","","","false","","","3","","","A004","","","","","","","","447476.97000","MNTH","","","","3","","","","UFRO","USD","","","","","false","1","","","","","","","","","","FALSE","","","","","","","","","QZ3WVVQG5T8K","NA/CDS Corp Idx","CDX.NA.IG"
"4110435433000000401","","NEWT","TRAD","2026-07-09T15:09:19Z","","CR","","I","TRUE","2026-07-09T15:09:19Z","2026-07-10","2031-06-20","","FALSE","BBSF","FALSE","TRUE","","250,000,000+","","USD","","","","","","","","","","","","","","","","","","","","","","","","","0.01","","","","","","0.005046","","","","","","false","","","3","","","A004","","","","","","","","5626299.12000","MNTH","","","","3","","","","UFRO","USD","","","","","false","1","","","","","","","","","","FALSE","","","","","","","","","QZ3WVVQG5T8K","NA/CDS Corp Idx","CDX.NA.IG"
"4110463832000000201","","NEWT","TRAD","2026-07-09T15:14:24Z","","CR","","I","TRUE","2026-07-09T15:14:24Z","2026-07-10","2031-06-20","","FALSE","BBSF","FALSE","TRUE","","166,344,993+","","EUR","","","","","","","","","","","","","","","","","","","","","","","","","0.01","","","","","","0.005123","","","","","","false","","","3","","","A004","","","","","","","","3814111.14050","MNTH","","","","3","","","","UFRO","EUR","","","","","false","1","","","","","","","","","","TRUE","","","","0.000486","","3","","","QZTQ4GTC5QMF","NA/CDS Corp Idx","ITRAXX EUROPE"
"4110489883000000101","4110446265000000401","MODI","TRAD","2026-07-08T19:36:44Z","TRUE","CR","","N","FALSE","2026-07-08T17:56:17Z","2026-03-20","2031-06-20","2031-06-20","TRUE","BILT","FALSE","TRUE","TRUE","200,000,000","","USD","","","","","","","","","","","","","","","","","","","","","","","","2026-12-16","0.05","","1,534,500","USD","","","","","","","103","USD","false","","","","","1","A004","","","","","","","","","MNTH","","","","3","","","","","","","","","","false","1","","","","","","","","","","FALSE","","","","","","","","","QZX75BBR2PZH","NA/CDS Idx Swt","NA/CDS Corp Idx"
"4110446265000000401","","NEWT","TRAD","2026-07-09T15:00:25Z","","CR","","N","FALSE","2026-07-08T17:56:17Z","2026-03-20","2031-06-20","2031-06-20","TRUE","BILT","FALSE","TRUE","TRUE","200,000,000","","USD","","","","","","","","","","","","","","","","","","","","","","","","2026-12-16","0.05","","1,534,500","USD","","","","","","","103","USD","false","","","","","1","A004","","","","","","","","","MNTH","","","","3","","","","","","","","","","false","0.99","","","","","","","","","","FALSE","","","","","","","","","QZX75BBR2PZH","NA/CDS Idx Swt","NA/CDS Corp Idx"
"4110489205000000201","","NEWT","TRAD","2026-07-09T15:00:00Z","","CR","","N","FALSE","2026-07-09T15:00:00Z","2026-08-19","2026-08-19","2031-06-20","FALSE","BILT","FALSE","FALSE","TRUE","350,199,986+","","EUR","","","","","","","","","","","","","","","","","","","","","","","","2026-08-19","0.01","","87,550","EUR","","","","","","","0.007","","false","","","","","3","A004","","","","","","","","","MNTH","","","","3","","","","","","","","","","false","","","","","","","","","","","TRUE","0.00075","","3","","","","","","QZ8Z2HV2KGSW","NA/CDS Idx Swt","NA/CDS Corp Idx"
"4110577955000000201","","NEWT","TRAD","2026-07-09T15:31:42Z","","CR","","N","FALSE","2026-07-09T15:31:42Z","2026-07-10","2030-12-20","","TRUE","BILT","FALSE","FALSE","FALSE","15,000,000","","EUR","","","","","","","","","","","","","","","","","","","","","","","","","0.05","","","","","","","","","","","","false","","","","","","A004","","","","","","","","1057500.00000","MNTH","","","","3","","","","UFRO","EUR","","","","","false","1","","","","","","","","","","FALSE","","","","","","","","","QZB5DPT9MS3H","NA/CDS Corp Idx Tra","ITRAXX EUROPE CROSSOVER"
"4110545217000000101","","NEWT","TRAD","2026-07-09T15:17:18Z","","CR","","N","FALSE","2026-07-09T15:17:18Z","2026-03-20","2026-09-16","2031-06-20","FALSE","BILT","FALSE","FALSE","TRUE","400,000,000+","","USD","","","","","","","","","","","","","","","","","","","","","","","","2026-09-16","0.01","","144,000","USD","","","","","","","0.00475","","false","","","","","3","A004","","","","","","","","","MNTH","","","","3","","","","","","","","","","false","1","","","","","","","","","","FALSE","","","","","","","","","QZT4QS79CCTS","NA/CDS Idx Swt","NA/CDS Corp Idx"
"4093822113000000101","","NEWT","TRAD","2026-07-09T01:14:00Z","","CR","","I","FALSE","2026-07-09T01:14:00Z","2026-03-20","2031-06-20","","","BILT","FALSE","FALSE","TRUE","50,000,000","","USD","","","","","","","","","","","","","","","","","","","","","","","","","0.01","","","","","","","","","","","","false","","","","","","A004","","","","","","","","691690.60000","MNTH","","","","3","","","","UFRO","USD","","","","","false","1","","","","","","","","","","FALSE","","","","","","","","","QZ1F7JZSZZ7M","NA/CDS Corp Idx","ITRAXX AUSTRALIA"
"4093772363000000101","","NEWT","TRAD","2026-07-09T01:17:18Z","","CR","","N","FALSE","2026-07-09T01:17:18Z","2026-03-23","2031-06-20","","FALSE","BILT","FALSE","FALSE","TRUE","2,000,000,000","","JPY","","","","","","","","","","","","","","","","","","","","","","","","","0.01","","","","","","","","","","","","false","","","","","","A004","","","","","","","","","MNTH","","","","3","","","","","","JPY","","","","false","1","","","","","","","","","","FALSE","","","","","","","","","QZ9P5KKVF7M5","NA/CDS Corp Idx","ITRAXX JAPAN"
"4097678219000000101","","NEWT","TRAD","2026-07-09T07:22:18Z","","CR","","I","TRUE","2026-07-09T07:22:18Z","2026-07-10","2031-06-20","","FALSE","BBSF","FALSE","TRUE","","47,276,998+","","EUR","","","","","","","","","","","","","","","","","","","","","","","","","0.05","","","","","","0.0245987","","","","","","false","","","3","","","A004","","","","","","","","5228268.84763","MNTH","","","","3","","","","UFRO","EUR","","","","","false","1","","","","","","","","","","FALSE","","","","","","","","","QZ3HM9KVK2WL","NA/CDS Corp Idx","ITRAXX EUROPE CROSSOVER"
"4107746238000000101","3710600658000000101","EROR","","2026-07-09T11:18:19Z","","CR","","N","","2024-10-02T20:24:28Z","2024-09-20","2029-12-20","","FALSE","BILT","FALSE","","FALSE","250,000,000+","","USD","","","","","","","","","","","","","","","","","","","","","","","","","0.01","","","","","","","","","","","","false","","","","","","","","","","","","","","","","","","","","","","","","","USD","","","","true","1","","","","","","","","","","FALSE","","","","","","","","","QZRWT25FBC6Z","NA/CDS Corp Idx Tra","CDX.NA.IG"
"4097059977000000201","3859630089000000201","REVI","","2026-07-02T07:25:07Z","","CR","","N","FALSE","2026-06-25T10:30:51Z","2026-06-30","2026-09-30","","FALSE","BILT","FALSE","FALSE","TRUE","850,000,000","","EGP","","","","","","","","","","","","","","","","","","","","","","","","","0","","","","","","0.007","","","","","","false","","","3","","3","A005","","","","","","","","","DAIL","","","","1","","","","","","USD","USD","","","false","","","","","","","","","","","FALSE","","","","","","","","","QZ9DGNWVB4M1","NA/CDS Corp SN","Egypt Treasury Bill Government of Egypt"
"4097484601000000101","","NEWT","TRAD","2026-07-09T07:18:24Z","","CR","","I","TRUE","2026-07-09T07:18:24Z","2026-07-10","2031-06-20","","FALSE","BBSF","FALSE","FALSE","","27,000,000","","EUR","","","","","","","","","","","","","","","","","","","","","","","","","0.01","","","","","","0.0051695","","","","","","false","","","3","","","A004","","","","","","","","613198.51778","MNTH","","","","3","","","","UFRO","EUR","","","","","false","1","","","","","","","","","","FALSE","","","","","","","","","QZTQ4GTC5QMF","NA/CDS Corp Idx","ITRAXX EUROPE"
"4097922420000000101","","NEWT","TRAD","2026-07-09T07:26:35Z","","CR","","I","TRUE","2026-07-09T07:26:35Z","2026-07-10","2031-06-20","","FALSE","BBSF","FALSE","FALSE","","2,000,000","","EUR","","","","","","","","","","","","","","","","","","","","","","","","","0.05","","","","","","0.024592","","","","","","false","","","3","","","A004","","","","","","","","221238.72000","MNTH","","","","3","","","","UFRO","EUR","","","","","false","1","","","","","","","","","","FALSE","","","","","","","","","QZ3HM9KVK2WL","NA/CDS Corp Idx","ITRAXX EUROPE CROSSOVER"
"4111258794000000201","","NEWT","TRAD","2026-07-09T16:23:05Z","","CR","","I","TRUE","2026-07-09T16:23:05Z","2026-07-10","2031-06-20","","FALSE","BBSF","FALSE","FALSE","","100,000,000","","USD","","","","","","","","","","","","","","","","","","","","","","","","","0.01","","","","","","0.005036","","","","","","false","","","3","","","A004","","","","","","","","2255049.59000","MNTH","","","","3","","","","UFRO","USD","","","","","false","1","","","","","","","","","","FALSE","","","","","","","","","QZ3WVVQG5T8K","NA/CDS Corp Idx","CDX.NA.IG"
"4111142882000000201","","NEWT","TRAD","2026-07-09T16:15:18Z","","CR","","I","TRUE","2026-07-09T16:15:18Z","2026-07-10","2031-06-20","","","TWSF","FALSE","TRUE","","150,000,000","","EUR","","","","","","","","","","","","","","","","","","","","","","","","","0.01","","","","","","0.005145","","","","","","false","","","3","","","A004","","","","","","","","3423885.40000","MNTH","","","","3","","","","UFRO","EUR","","","","","false","1","","","","","","","","","","FALSE","","","","","","","","","QZTQ4GTC5QMF","NA/CDS Corp Idx","ITRAXX EUROPE"
"4111362333000000101","","NEWT","TRAD","2026-07-09T15:25:49Z","","CR","","N","FALSE","2026-07-09T15:25:49Z","2026-03-20","2026-09-16","2031-06-20","FALSE","BILT","FALSE","FALSE","TRUE","100,000,000","","USD","","","","","","","","","","","","","","","","","","","","","","","","2026-09-16","0.05","","153,450","USD","","","","","","","108.5","USD","false","","","","","1","A004","","","","","","","","","MNTH","","","","3","","","","","","","","","","false","1","","","","","","","","","","FALSE","","","","","","","","","QZHJMSG8W2ZX","NA/CDS Idx Swt","NA/CDS Corp Idx"
"4111381073000000201","","NEWT","TRAD","2026-07-09T16:29:13Z","","CR","","I","FALSE","2026-07-09T16:29:13Z","2026-07-10","2031-06-20","","FALSE","BBSF","FALSE","FALSE","","340,000","","USD","","","","","","","","","","","","","","","","","","","","","","","","","0.01","","","","","","0.009824","","","","","","false","","","3","","","A004","","","","","","","","5814.00000","MNTH","","","","3","","","","UFRO","USD","","","","","false","1","","","","","","","","","","FALSE","","","","","","","","","QZ4JMQKL3P03","NA/CDS Corp Idx","CDX.EM"
"4113866842000000201","2893432724000000601","MODI","TRAD","2026-07-09T19:14:43Z","FALSE","CR","","N","FALSE","2026-04-21T20:26:18Z","2026-04-21","2054-11-15","2054-11-15","TRUE","BILT","FALSE","FALSE","TRUE","47,000,000","","USD","","","","","","","","","","","","","","","","","","","","","","","","","","","","","","","","","","","","","false","","","","","","","","A004","","DAIL","","1","","1014029.43000","","","","","","","","","UFRO","USD","USD","","","","false","","","","","","","","OPET","","","FALSE","","","","","","","","","QZ39N252T7RF","NA/CDS Corp Oth Sr","DTD 11/15/2024"
"4113791139000000101","","NEWT","TRAD","2026-07-09T19:01:30Z","","CR","","I","TRUE","2026-07-09T19:01:30Z","2026-07-10","2031-06-20","","FALSE","BBSF","FALSE","TRUE","","240,000,000","","USD","","","","","","","","","","","","","","","","","","","","","","","","","0.01","","","","","","0.005066","","","","","","false","","","3","","","A004","","","","","","","","5379530.21108","MNTH","","","","3","","","","UFRO","USD","","","","","false","1","","","","","","","","","","FALSE","","","","","","","","","QZ3WVVQG5T8K","NA/CDS Corp Idx","CDX.NA.IG"
"4113782746000000201","","NEWT","TRAD","2026-07-09T18:58:24Z","","CR","","N","FALSE","2026-07-09T18:58:24Z","2026-07-10","2026-08-11","","FALSE","BILT","FALSE","FALSE","TRUE","110,000,000","","USD","","","","","","","","","","","","","","","","","","","","","","","","","0.02875","","","","","","","","","","","","false","","","","","","A006","","","","","","","","283008.48411","MNTH","","","","6","","","","PEXH","USD","USD","","","","false","","","","","","","","","","","FALSE","","","","","","","","","QZW02HMB0ST8","NA/CDS Corp SN","DTD 08/15/2018"
"4113953888000000201","","NEWT","TRAD","2026-07-09T19:27:33Z","","CR","","I","FALSE","2026-07-09T19:27:33Z","2026-07-10","2031-06-20","","FALSE","BBSF","FALSE","FALSE","","20,000,000","","USD","","","","","","","","","","","","","","","","","","","","","","","","","0.01","","","","","","0.009824","","","","","","false","","","3","","","A004","","","","","","","","342000.00000","MNTH","","","","3","","","","UFRO","USD","","","","","false","1","","","","","","","","","","FALSE","","","","","","","","","QZ4JMQKL3P03","NA/CDS Corp Idx","CDX.EM"
"4113962975000000101","","NEWT","TRAD","2026-07-09T19:30:25Z","","CR","","I","TRUE","2026-07-09T19:30:25Z","2026-07-10","2031-06-20","","","TWSF","FALSE","FALSE","","150,000,000","","USD","","","","","","","","","","","","","","","","","","","","","","","","","0.01","","","","","","0.005072","","","","","","false","","","3","","","A004","","","","","","","","3358115.21000","MNTH","","","","3","","","","UFRO","USD","","","","","false","1","","","","","","","","","","FALSE","","","","","","","","","QZ3WVVQG5T8K","NA/CDS Corp Idx","CDX.NA.IG"
"4113973217000000301","","NEWT","TRAD","2026-07-09T19:32:51Z","","CR","","I","TRUE","2026-07-09T19:32:51Z","2026-03-20","2031-06-20","","FALSE","TPSE","FALSE","FALSE","","50,000,000","","USD","","","","","","","","","","","","","","","","","","","","","","","","","0.01","","","","","","0.00507","","","","","","false","","","3","","","A004","","","","","","","","","MNTH","","","","3","","","","","","USD","","","","false","1","","","","","","","OTHR","","","FALSE","","","","","","","","","QZ3WVVQG5T8K","NA/CDS Corp Idx","CDX.NA.IG"
"4113974572000000101","4113973217000000301","MODI","TRAD","2026-07-09T19:33:12Z","TRUE","CR","","I","TRUE","2026-07-09T19:32:51Z","2026-03-20","2031-06-20","","FALSE","TPSE","FALSE","FALSE","","50,000,000","","USD","","","","","","","","","","","","","","","","","","","","","","","","","0.01","","","","","","0.00507","","","","","","false","","","3","","","A004","","","","","","","","","MNTH","","","","3","","","","","","USD","","","","false","1","","","","","","","OTHR","","","FALSE","","","","","","","","","QZ3WVVQG5T8K","NA/CDS Corp Idx","CDX.NA.IG"
"4114316124000000201","","NEWT","TRAD","2026-07-09T19:52:38Z","","CR","","I","TRUE","2026-07-09T19:52:38Z","2026-07-10","2029-12-20","","","TWSF","FALSE","FALSE","","8,000,000","","USD","","","","","","","","","","","","","","","","","","","","","","","","","0.01","","","","","","0.003749","","","","","","false","","","3","","","A004","","","","","","","","164990.42559","MNTH","","","","3","","","","UFRO","USD","","","","","false","1","","","","","","","","","","FALSE","","","","","","","","","QZMGWFQC6DXH","NA/CDS Corp Idx","CDX.NA.IG"
"4114665114000000101","","NEWT","TRAD","2026-07-09T20:07:22Z","","CR","","I","TRUE","2026-07-09T20:07:22Z","2026-07-10","2031-06-20","","FALSE","BBSF","FALSE","FALSE","","50,000,000","","USD","","","","","","","","","","","","","","","","","","","","","","","","","0.01","","","","","","0.005067","","","","","","false","","","3","","","A004","","","","","","","","1120503.97000","MNTH","","","","3","","","","UFRO","USD","","","","","false","1","","","","","","","","","","FALSE","","","","","","","","","QZ3WVVQG5T8K","NA/CDS Corp Idx","CDX.NA.IG"
"4113024128000000101","","NEWT","TRAD","2026-07-09T18:01:03Z","","CR","","I","TRUE","2026-07-09T18:01:03Z","2026-07-10","2031-06-20","","FALSE","BBSF","FALSE","FALSE","","100,000,000","","USD","","","","","","","","","","","","","","","","","","","","","","","","","0.01","","","","","","0.005048","","","","","","false","","","3","","","A004","","","","","","","","2249613.70000","MNTH","","","","3","","","","UFRO","USD","","","","","false","1","","","","","","","","","","FALSE","","","","","","","","","QZ3WVVQG5T8K","NA/CDS Corp Idx","CDX.NA.IG"
"4113216036000000701","","NEWT","TRAD","2026-07-09T17:48:55Z","","CR","","N","FALSE","2026-07-09T17:48:55Z","2026-07-10","2026-11-06","","TRUE","XOFF","FALSE","FALSE","TRUE","46,000,000","","USD","","","","","","","","","","","","","","","","","","","","","","","","","","","","","","","0.00185","","","","","","false","","","3","","","","","A004","","","","","","","","YEAR","","","","1","","","","","USD","","","","false","","","","","","","","","","","FALSE","","","","","","","","","QZC559XW181X","NA/CDS Corp SN","DTD 01/17/2023"
"4113202504000000501","2488066361000000601","TERM","ETRM","2026-07-09T17:48:55Z","","CR","","N","FALSE","2026-03-24T17:26:34Z","2026-03-25","2026-07-10","","TRUE","XOFF","FALSE","FALSE","TRUE","30,000,000","","USD","","","","","","","","","","","","","","","","","","","","","","","","","","","","","","","0.0022","","","","","","false","","","3","","","","","A004","","","","","","165070.18528","","YEAR","","","","1","","","UWIN","USD","USD","","","","false","","","","","","","","","","","FALSE","","","","","","","","","QZ8TXFN2D0NR","NA/CDS Corp SN","INT PMT ON  150"
"4113341185000000201","","NEWT","TRAD","2026-07-09T18:17:46Z","","CR","","I","FALSE","2026-07-09T18:17:46Z","2026-03-20","2031-06-20","","FALSE","TPSE","FALSE","FALSE","","10,000,000","","USD","","","","","","","","","","","","","","","","","","","","","","","","","0.01","","","","","","98.265","","USD","","","","false","","","1","","","A004","","","","","","","","","MNTH","","","","3","","","","","","USD","","","","false","1","","","","","","","OTHR","","","FALSE","","","","","","","","","QZ4JMQKL3P03","NA/CDS Corp Idx","CDX.EM"
"4113559297000000201","","NEWT","TRAD","2026-07-09T18:30:12Z","","CR","","I","TRUE","2026-07-09T18:30:12Z","2026-07-10","2031-06-20","","","TWSF","FALSE","FALSE","","20,000,000","","USD","","","","","","","","","","","","","","","","","","","","","","","","","0.05","","","","","","0.0108116","","","","","","false","","","3","","","A004","","","","","","","","1656468.00000","MNTH","","","","3","","","","UFRO","USD","","","","","false","0.99","","","","","","","","","","FALSE","","","","","","","","","QZHH8NT767RX","NA/CDS Corp Idx","CDX.NA.HY"
"4113489991000000101","","NEWT","TRAD","2026-07-09T18:25:29Z","","CR","","I","TRUE","2026-07-09T18:25:29Z","2026-07-10","2031-06-20","","FALSE","BBSF","FALSE","TRUE","","50,000,000","","USD","","","","","","","","","","","","","","","","","","","","","","","","","0.05","","","","","","0.01081125","","","","","","false","","","3","","","A004","","","","","","","","4139437.50000","MNTH","","","","3","","","","UFRO","USD","","","","","false","0.99","","","","","","","","","","FALSE","","","","","","","","","QZHH8NT767RX","NA/CDS Corp Idx","CDX.NA.HY"
"4113669719000000301","","NEWT","TRAD","2026-07-09T18:36:04Z","","CR","","I","FALSE","2026-07-09T18:36:04Z","2026-03-20","2031-06-20","","FALSE","TPSE","FALSE","FALSE","","10,000,000","","USD","","","","","","","","","","","","","","","","","","","","","","","","","0.01","","","","","","98.25","","USD","","","","false","","","1","","","A004","","","","","","","","","MNTH","","","","3","","","","","","USD","","","","false","1","","","","","","","OTHR","","","FALSE","","","","","","","","","QZ4JMQKL3P03","NA/CDS Corp Idx","CDX.EM"
"4113726125000000201","","NEWT","TRAD","2026-07-09T18:49:52Z","","CR","","I","TRUE","2026-07-09T18:49:52Z","2026-07-10","2031-06-20","","FALSE","BBSF","FALSE","FALSE","","10,000,000","","USD","","","","","","","","","","","","","","","","","","","","","","","","","0.01","","","","","","0.005068","","","","","","false","","","3","","","A004","","","","","","","","224055.50000","MNTH","","","","3","","","","UFRO","USD","","","","","false","1","","","","","","","","","","FALSE","","","","","","","","","QZ3WVVQG5T8K","NA/CDS Corp Idx","CDX.NA.IG"
"4113572114000000301","2809956344000000301","TERM","ETRM","2026-07-09T18:27:34Z","","CR","","N","FALSE","2026-04-21T20:01:11Z","2026-07-11","2064-08-14","2064-08-14","TRUE","BILT","FALSE","FALSE","TRUE","60,000,000","","USD","","","","","","","","","","","","","","","","","","","","","","","","","","","","","","","1","","","","","","false","","","4","","","","","A004","","DAIL","","1","","","","","","","","","","","","","USD","","","","true","","","","","","","","OPET","","","FALSE","","","","","","","","","QZWBC8GZ8TBN","NA/CDS Corp Oth","Basket"
"4104458766000000101","3590283549000000101","MODI","COMP","2026-07-09T09:41:19Z","FALSE","CR","","N","FALSE","2026-07-09T09:41:19Z","2026-07-15","2026-07-15","2031-06-20","FALSE","BILT","FALSE","FALSE","FALSE","350,199,986+","","EUR","","","","","","","","","","","","","","","","","","","","","","","","2026-07-15","0.01","","70,040","EUR","","","","","","","0.0075","","false","","","","","3","A004","","","","","","","","70040.00000","MNTH","","","","3","","","","UFRO","EUR","","","","","false","","","","","","","","","","","TRUE","0.000835","","3","","","","","","QZ8Z2HV2KGSW","NA/CDS Idx Swt","NA/CDS Corp Idx"
"4104577924000000201","","NEWT","TRAD","2026-07-09T09:48:50Z","","CR","","I","TRUE","2026-07-09T09:48:50Z","2026-07-10","2031-06-20","","FALSE","BBSF","FALSE","FALSE","","36,000,000","","EUR","","","","","","","","","","","","","","","","","","","","","","","","","0.01","","","","","","0.005195","","","","","","false","","","3","","","A004","","","","","","","","813294.29000","MNTH","","","","3","","","","UFRO","EUR","","","","","false","1","","","","","","","","","","FALSE","","","","","","","","","QZTQ4GTC5QMF","NA/CDS Corp Idx","ITRAXX EUROPE"
"4110127691000000101","","NEWT","TRAD","2026-07-09T14:24:08Z","","CR","","N","FALSE","2026-07-09T14:24:08Z","2026-07-09","2026-07-15","2031-06-20","FALSE","BILT","FALSE","FALSE","TRUE","37,000,000","","USD","","","","","","","","","","","","","","","","","","","","","","","","2026-07-15","0.05","","10,622.7","USD","","","","","","","0.0107","","false","","","","","3","A004","","","","","","","","","MNTH","","","","3","","","","","","","","","","false","0.99","","","","","","","","","","FALSE","","","","","","","","","QZHJMSG8W2ZX","NA/CDS Idx Swt","NA/CDS Corp Idx"
"4109852021000000501","","NEWT","TRAD","2026-07-09T13:56:00Z","","CR","","I","TRUE","2026-07-09T13:56:00Z","2026-07-10","2031-06-20","","FALSE","BBSF","FALSE","FALSE","","25,000,000","","EUR","","","","","","","","","","","","","","","","","","","","","","","","","0.01","","","","","","0.0051675","","","","","","false","","","3","","","A004","","","","","","","","568010.33000","MNTH","","","","3","","","","UFRO","EUR","","","","","false","1","","","","","","","","","","FALSE","","","","","","","","","QZTQ4GTC5QMF","NA/CDS Corp Idx","ITRAXX EUROPE"
"4109890593000000101","","NEWT","TRAD","2026-07-09T14:00:08Z","","CR","","I","TRUE","2026-07-09T14:00:08Z","2026-07-10","2031-06-20","","FALSE","BBSF","FALSE","FALSE","","25,000,000","","USD","","","","","","","","","","","","","","","","","","","","","","","","","0.05","","","","","","0.0108105","","","","","","false","","","3","","","A004","","","","","","","","2067862.50000","MNTH","","","","3","","","","UFRO","USD","","","","","false","0.99","","","","","","","","","","FALSE","","","","","","","","","QZHH8NT767RX","NA/CDS Corp Idx","CDX.NA.HY"
"4109904058000000101","","NEWT","TRAD","2026-07-09T14:01:50Z","","CR","","I","TRUE","2026-07-09T14:01:50Z","2026-07-10","2031-06-20","","FALSE","BBSF","FALSE","FALSE","","5,000,000","","EUR","","","","","","","","","","","","","","","","","","","","","","","","","0.05","","","","","","0.0245318","","","","","","false","","","3","","","A004","","","","","","","","554505.96000","MNTH","","","","3","","","","UFRO","EUR","","","","","false","1","","","","","","","","","","FALSE","","","","","","","","","QZ3HM9KVK2WL","NA/CDS Corp Idx","ITRAXX EUROPE CROSSOVER"
"4109481707000000201","","NEWT","TRAD","2026-07-09T13:28:56Z","","CR","","I","TRUE","2026-07-09T13:28:56Z","2026-07-10","2031-06-20","","FALSE","BBSF","FALSE","FALSE","","17,000,000","","USD","","","","","","","","","","","","","","","","","","","","","","","","","0.01","","","","","","0.0050752","","","","","","false","","","3","","","A004","","","","","","","","380339.21609","MNTH","","","","3","","","","UFRO","USD","","","","","false","1","","","","","","","","","","FALSE","","","","","","","","","QZ3WVVQG5T8K","NA/CDS Corp Idx","CDX.NA.IG"
"4109527853000000101","","NEWT","TRAD","2026-07-09T13:32:49Z","","CR","","I","FALSE","2026-07-09T13:32:49Z","2026-07-10","2031-06-20","","","TWSF","FALSE","FALSE","","8,000,000","","USD","","","","","","","","","","","","","","","","","","","","","","","","","0.01","","","","","","0.0098164","","","","","","false","","","3","","","A004","","","","","","","","142880.67868","MNTH","","","","3","","","","UFRO","USD","","","","","false","1","","","","","","","","","","FALSE","","","","","","","","","QZ4JMQKL3P03","NA/CDS Corp Idx","CDX.EM"
"4109502919000000201","","NEWT","TRAD","2026-07-09T13:30:43Z","","CR","","I","TRUE","2026-07-09T13:30:43Z","2026-07-10","2031-06-20","","FALSE","BBSF","FALSE","FALSE","","15,000,000","","EUR","","","","","","","","","","","","","","","","","","","","","","","","","0.05","","","","","","0.0246","","","","","","false","","","3","","","A004","","","","","","","","1658728.73000","MNTH","","","","3","","","","UFRO","EUR","","","","","false","1","","","","","","","","","","FALSE","","","","","","","","","QZ3HM9KVK2WL","NA/CDS Corp Idx","ITRAXX EUROPE CROSSOVER"
"4109603427000000101","","NEWT","TRAD","2026-07-09T13:37:02Z","","CR","","I","TRUE","2026-07-09T13:37:02Z","2026-07-10","2031-06-20","","FALSE","BBSF","FALSE","FALSE","","100,000,000","","EUR","","","","","","","","","","","","","","","","","","","","","","","","","0.01","","","","","","0.0051838","","","","","","false","","","3","","","A004","","","","","","","","2264400.42000","MNTH","","","","3","","","","UFRO","EUR","","","","","false","1","","","","","","","","","","FALSE","","","","","","","","","QZTQ4GTC5QMF","NA/CDS Corp Idx","ITRAXX EUROPE"
"4109702695000000101","","NEWT","TRAD","2026-07-09T13:43:45Z","","CR","","I","TRUE","2026-07-09T13:43:45Z","2026-07-10","2031-06-20","","","TWSF","FALSE","FALSE","","3,000,000","","USD","","","","","","","","","","","","","","","","","","","","","","","","","0.05","","","","","","0.0108089","","","","","","false","","","3","","","A004","","","","","","","","247667.25597","MNTH","","","","3","","","","UFRO","USD","","","","","false","0.99","","","","","","","","","","FALSE","","","","","","","","","QZHH8NT767RX","NA/CDS Corp Idx","CDX.NA.HY"
"4109727032000000401","","NEWT","TRAD","2026-07-09T13:45:47Z","","CR","","I","TRUE","2026-07-09T13:45:47Z","2026-07-10","2031-06-20","","FALSE","BBSF","FALSE","FALSE","","2,000,000","","USD","","","","","","","","","","","","","","","","","","","","","","","","","0.05","","","","","","0.0108097","","","","","","false","","","3","","","A004","","","","","","","","165270.60000","MNTH","","","","3","","","","UFRO","USD","","","","","false","0.99","","","","","","","","","","FALSE","","","","","","","","","QZHH8NT767RX","NA/CDS Corp Idx","CDX.NA.HY"
"4109732846000000101","","NEWT","TRAD","2026-07-09T13:46:25Z","","CR","","I","TRUE","2026-07-09T13:46:25Z","2026-07-10","2031-06-20","","FALSE","BBSF","FALSE","FALSE","","50,000,000","","USD","","","","","","","","","","","","","","","","","","","","","","","","","0.01","","","","","","0.00506","","","","","","false","","","3","","","A004","","","","","","","","1122089.16000","MNTH","","","","3","","","","UFRO","USD","","","","","false","1","","","","","","","","","","FALSE","","","","","","","","","QZ3WVVQG5T8K","NA/CDS Corp Idx","CDX.NA.IG"
"4110006270000000101","","NEWT","TRAD","2026-07-09T14:11:18Z","","CR","","I","TRUE","2026-07-09T14:11:18Z","2026-07-10","2031-06-20","","FALSE","BBSF","FALSE","FALSE","","5,000,000","","EUR","","","","","","","","","","","","","","","","","","","","","","","","","0.05","","","","","","0.024549","","","","","","false","","","3","","","A004","","","","","","","","554103.27000","MNTH","","","","3","","","","UFRO","EUR","","","","","false","1","","","","","","","","","","FALSE","","","","","","","","","QZ3HM9KVK2WL","NA/CDS Corp Idx","ITRAXX EUROPE CROSSOVER"
"4110006274000000501","","NEWT","TRAD","2026-07-09T14:11:45Z","","CR","","I","FALSE","2026-07-09T14:11:45Z","2026-07-10","2031-06-20","","FALSE","BBSF","FALSE","FALSE","","5,000,000","","USD","","","","","","","","","","","","","","","","","","","","","","","","","0.01","","","","","","0.009818","","","","","","false","","","3","","","A004","","","","","","","","88500.00000","MNTH","","","","3","","","","UFRO","USD","","","","","false","1","","","","","","","","","","FALSE","","","","","","","","","QZ4JMQKL3P03","NA/CDS Corp Idx","CDX.EM"
"4109918221000000501","","NEWT","TRAD","2026-07-09T14:03:17Z","","CR","","I","TRUE","2026-07-09T14:03:17Z","2026-07-10","2030-12-20","","FALSE","BBSF","FALSE","TRUE","","250,000,000+","","USD","","","","","","","","","","","","","","","","","","","","","","","","","0.01","","","","","","0.0046524","","","","","","false","","","3","","","A004","","","","","","","","5535298.18187","MNTH","","","","3","","","","UFRO","USD","","","","","false","1","","","","","","","","","","TRUE","","","","0.0004166","","3","","","QZN3HTTN5303","NA/CDS Corp Idx","CDX.NA.IG"
"4110038892000000301","","NEWT","TRAD","2026-07-09T14:15:09Z","","CR","","I","TRUE","2026-07-09T14:15:09Z","2026-07-10","2031-06-20","","FALSE","BBSF","FALSE","FALSE","","3,000,000","","USD","","","","","","","","","","","","","","","","","","","","","","","","","0.05","","","","","","0.01080933","","","","","","false","","","3","","","A004","","","","","","","","247796.00400","MNTH","","","","3","","","","UFRO","USD","","","","","false","0.99","","","","","","","","","","FALSE","","","","","","","","","QZHH8NT767RX","NA/CDS Corp Idx","CDX.NA.HY"
"4110050610000000101","","NEWT","TRAD","2026-07-09T14:16:07Z","","CR","","I","FALSE","2026-07-09T14:16:07Z","2026-03-20","2031-06-20","","FALSE","TPSE","FALSE","FALSE","","25,000,000","","USD","","","","","","","","","","","","","","","","","","","","","","","","","0.01","","","","","","98.19","","USD","","","","false","","","1","","","A004","","","","","","","","","MNTH","","","","3","","","","","","USD","","","","false","1","","","","","","","OTHR","","","FALSE","","","","","","","","","QZ4JMQKL3P03","NA/CDS Corp Idx","CDX.EM"
"4110070534000000201","","NEWT","TRAD","2026-07-09T14:19:42Z","","CR","","I","FALSE","2026-07-09T14:19:42Z","2026-03-20","2031-06-20","","FALSE","TPSE","FALSE","FALSE","","10,000,000","","USD","","","","","","","","","","","","","","","","","","","","","","","","","0.01","","","","","","98.17","","USD","","","","false","","","1","","","A004","","","","","","","","","MNTH","","","","3","","","","","","USD","","","","false","1","","","","","","","OTHR","","","FALSE","","","","","","","","","QZ4JMQKL3P03","NA/CDS Corp Idx","CDX.EM"
"4110073302000000201","","NEWT","TRAD","2026-07-09T14:20:01Z","","CR","","I","TRUE","2026-07-09T14:20:01Z","2026-03-20","2031-06-20","","FALSE","TPSE","FALSE","FALSE","","10,000,000","","USD","","","","","","","","","","","","","","","","","","","","","","","","","0.05","","","","","","108.066","","USD","","","","false","","","1","","","A004","","","","","","","","","MNTH","","","","3","","","","","","USD","","","","false","0.99","","","","","","","OTHR","","","FALSE","","","","","","","","","QZHH8NT767RX","NA/CDS Corp Idx","CDX.NA.HY"
"4110015177000000201","","NEWT","TRAD","2026-07-09T14:12:50Z","","CR","","I","TRUE","2026-07-09T14:12:50Z","2026-07-10","2031-06-20","","","TWSF","FALSE","TRUE","","250,000,000+","","USD","","","","","","","","","","","","","","","","","","","","","","","","","0.01","","","","","","0.005058","","","","","","false","","","3","","","A004","","","","","","","","5612704.86002","MNTH","","","","3","","","","UFRO","USD","","","","","false","1","","","","","","","","","","FALSE","","","","","","","","","QZ3WVVQG5T8K","NA/CDS Corp Idx","CDX.NA.IG"
"4110125738000000301","","NEWT","TRAD","2026-07-09T14:26:05Z","","CR","","I","TRUE","2026-07-09T14:26:05Z","2026-07-10","2031-06-20","","FALSE","BBSF","FALSE","FALSE","","5,000,000","","USD","","","","","","","","","","","","","","","","","","","","","","","","","0.05","","","","","","0.01080749","","","","","","false","","","3","","","A004","","","","","","","","412082.55000","MNTH","","","","3","","","","UFRO","USD","","","","","false","0.99","","","","","","","","","","FALSE","","","","","","","","","QZHH8NT767RX","NA/CDS Corp Idx","CDX.NA.HY"
"4110218969000000101","","NEWT","TRAD","2026-07-09T14:36:50Z","","CR","","I","TRUE","2026-07-09T14:36:50Z","2026-07-10","2031-06-20","","FALSE","BBSF","FALSE","FALSE","","110,000,000","","EUR","","","","","","","","","","","","","","","","","","","","","","","","","0.01","","","","","","0.005153","","","","","","false","","","3","","","A004","","","","","","","","2506723.25000","MNTH","","","","3","","","","UFRO","EUR","","","","","false","1","","","","","","","","","","FALSE","","","","","","","","","QZTQ4GTC5QMF","NA/CDS Corp Idx","ITRAXX EUROPE"
"4110372509000000301","","NEWT","TRAD","2026-07-09T15:01:03Z","","CR","","I","FALSE","2026-07-09T15:01:03Z","2026-07-10","2031-06-20","","","TWSF","FALSE","FALSE","","3,000,000","","USD","","","","","","","","","","","","","","","","","","","","","","","","","0.01","","","","","","0.00982","","","","","","false","","","3","","","A004","","","","","","","","52499.89500","MNTH","","","","3","","","","UFRO","USD","","","","","false","1","","","","","","","","","","FALSE","","","","","","","","","QZ4JMQKL3P03","NA/CDS Corp Idx","CDX.EM"
"4110380621000000101","","NEWT","TRAD","2026-07-09T15:01:43Z","","CR","","I","TRUE","2026-07-09T15:01:43Z","2026-07-10","2031-06-20","","FALSE","BBSF","FALSE","FALSE","","75,000,000","","USD","","","","","","","","","","","","","","","","","","","","","","","","","0.01","","","","","","0.0050498","","","","","","false","","","3","","","A004","","","","","","","","1686598.77000","MNTH","","","","3","","","","UFRO","USD","","","","","false","1","","","","","","","","","","FALSE","","","","","","","","","QZ3WVVQG5T8K","NA/CDS Corp Idx","CDX.NA.IG"
"4110223684000000101","","NEWT","TRAD","2026-07-09T14:35:46Z","","CR","","N","FALSE","2026-07-09T14:35:46Z","2026-07-09","2026-09-16","2031-06-20","FALSE","BILT","FALSE","FALSE","TRUE","400,000,000+","","USD","","","","","","","","","","","","","","","","","","","","","","","","2026-09-16","0.01","","340,000","USD","","","","","","","0.006","","false","","","","","3","A004","","","","","","","","","MNTH","","","","3","","","","","","","","","","false","1","","","","","","","","","","FALSE","","","","","","","","","QZT4QS79CCTS","NA/CDS Idx Swt","NA/CDS Corp Idx"
"4110384334000000201","","NEWT","TRAD","2026-07-09T15:02:41Z","","CR","","I","TRUE","2026-07-09T15:02:41Z","2026-03-20","2031-06-20","","FALSE","TPSE","FALSE","FALSE","","200,000,000","","USD","","","","","","","","","","","","","","","","","","","","","","","","","0.01","","","","","","0.00505","","","","","","false","","","3","","","A004","","","","","","","","","MNTH","","","","3","","","","","","USD","","","","false","1","","","","","","","OTHR","","","FALSE","","","","","","","","","QZ3WVVQG5T8K","NA/CDS Corp Idx","CDX.NA.IG"
"4110415188000000201","","NEWT","TRAD","2026-07-09T15:05:40Z","","CR","","I","TRUE","2026-07-09T15:05:40Z","2026-07-10","2031-06-20","","","TWSF","FALSE","FALSE","","40,000,000","","USD","","","","","","","","","","","","","","","","","","","","","","","","","0.01","","","","","","0.005051","","","","","","false","","","3","","","A004","","","","","","","","899301.92000","MNTH","","","","3","","","","UFRO","USD","","","","","false","1","","","","","","","","","","FALSE","","","","","","","","","QZ3WVVQG5T8K","NA/CDS Corp Idx","CDX.NA.IG"
"4110471908000000201","","NEWT","TRAD","2026-07-09T15:15:35Z","","CR","","I","TRUE","2026-07-09T15:15:35Z","2026-07-10","2031-06-20","","FALSE","BBSF","FALSE","FALSE","","110,000,000","","USD","","","","","","","","","","","","","","","","","","","","","","","","","0.01","","","","","","0.0050465","","","","","","false","","","3","","","A004","","","","","","","","2475324.72839","MNTH","","","","3","","","","UFRO","USD","","","","","false","1","","","","","","","","","","FALSE","","","","","","","","","QZ3WVVQG5T8K","NA/CDS Corp Idx","CDX.NA.IG"
"4110636130000000301","","NEWT","TRAD","2026-07-09T15:43:12Z","","CR","","I","TRUE","2026-07-09T15:43:12Z","2026-07-10","2031-06-20","","FALSE","BBSF","FALSE","FALSE","","5,000,000","","EUR","","","","","","","","","","","","","","","","","","","","","","","","","0.05","","","","","","0.0244249","","","","","","false","","","3","","","A004","","","","","","","","557009.88000","MNTH","","","","3","","","","UFRO","EUR","","","","","false","1","","","","","","","","","","FALSE","","","","","","","","","QZ3HM9KVK2WL","NA/CDS Corp Idx","ITRAXX EUROPE CROSSOVER"
"4110725069000000401","","NEWT","TRAD","2026-07-09T15:50:54Z","","CR","","I","TRUE","2026-07-09T15:50:54Z","2026-07-10","2036-06-20","","FALSE","BBSF","FALSE","TRUE","","400,000,000+","","USD","","","","","","","","","","","","","","","","","","","","","","","","","0.01","","","","","","0.009051","","","","","","false","","","3","","","A004","","","","","","","","3128011.84665","MNTH","","","","3","","","","UFRO","USD","","","","","false","1","","","","","","","","","","TRUE","","","","0.00019775","","3","","","QZ21S8101WKL","NA/CDS Corp Idx","CDX.NA.IG"
"4110866702000000101","","NEWT","TRAD","2026-07-09T16:00:42Z","","CR","","I","TRUE","2026-07-09T16:00:42Z","2026-07-10","2027-12-20","","FALSE","BBSF","FALSE","TRUE","","350,199,986+","","EUR","","","","","","","","","","","","","","","","","","","","","","","","","0.05","","","","","","0.012","","","","","","false","","","3","","","A004","","","","","","","","18696290.71812","MNTH","","","","3","","","","UFRO","EUR","","","","","false","0.94665","","","","","","","","","","TRUE","","","","0.012","","3","","","QZPZWK3GVJC1","NA/CDS Corp Idx","ITRAXX EUROPE CROSSOVER"
"4111095304000000201","","NEWT","TRAD","2026-07-09T16:11:01Z","","CR","","I","TRUE","2026-07-09T16:11:01Z","2026-07-10","2031-06-20","","FALSE","BBSF","FALSE","FALSE","","20,000,000","","USD","","","","","","","","","","","","","","","","","","","","","","","","","0.05","","","","","","0.010814881","","","","","","false","","","3","","","A004","","","","","","","","1662964.38000","MNTH","","","","3","","","","UFRO","USD","","","","","false","0.99","","","","","","","","","","FALSE","","","","","","","","","QZHH8NT767RX","NA/CDS Corp Idx","CDX.NA.HY"
"4111150689000000302","4111146538000000201","MODI","TRAD","2026-07-09T16:16:26Z","TRUE","CR","","I","TRUE","2026-07-09T16:15:54Z","2026-03-20","2031-06-20","","FALSE","TPSE","FALSE","FALSE","","50,000,000","","USD","","","","","","","","","","","","","","","","","","","","","","","","","0.01","","","","","","0.005035","","","","","","false","","","3","","","A004","","","","","","","","","MNTH","","","","3","","","","","","USD","","","","false","1","","","","","","","OTHR","","","FALSE","","","","","","","","","QZ3WVVQG5T8K","NA/CDS Corp Idx","CDX.NA.IG"
"4101428777000000201","","NEWT","TRAD","2026-07-09T08:36:08Z","","CR","","I","TRUE","2026-07-09T08:22:29Z","2026-03-20","2031-06-20","","FALSE","BGCO","FALSE","FALSE","FALSE","50,000,000","","EUR","","","","","","","","","","","","","","","","","","","","","","","","","0.01","","","","","","","","","","","","false","","","","","","A004","","","","","","","","","MNTH","","","","3","","","","","","EUR","","","","false","1","","","","","","","","","","FALSE","","","","","","","","","QZTQ4GTC5QMF","NA/CDS Corp Idx","ITRAXX EUROPE"
"4113769337000000101","","NEWT","TRAD","2026-07-09T18:57:32Z","","CR","","I","TRUE","2026-07-09T18:57:32Z","2026-07-10","2031-06-20","","FALSE","BBSF","FALSE","FALSE","","150,000,000","","USD","","","","","","","","","","","","","","","","","","","","","","","","","0.01","","","","","","0.0050683","","","","","","false","","","3","","","A004","","","","","","","","3360627.11364","MNTH","","","","3","","","","UFRO","USD","","","","","false","1","","","","","","","","","","FALSE","","","","","","","","","QZ3WVVQG5T8K","NA/CDS Corp Idx","CDX.NA.IG"
"4113812329000000201","","NEWT","TRAD","2026-07-09T19:03:44Z","FALSE","CR","","N","FALSE","2026-07-09T19:03:44Z","2026-07-09","2057-12-17","","FALSE","BILT","FALSE","FALSE","FALSE","3,000,000","","USD","","","","","","","","","","","","","","","","","","","","","","","","","0.05","","","","","","","","","","","","false","","","","","","A004","","","","","","","","457291.66800","MNTH","","","","1","","","","UFRO","USD","","","","","false","1","","","","","","","","","","FALSE","","","","","","","","","QZ7DN471H63V","NA/CDS Corp Idx","CMBX.NA.BB"
"4096380969000000101","","NEWT","TRAD","2026-07-09T06:45:06Z","","CR","","I","TRUE","2026-07-09T06:45:06Z","2026-07-10","2031-06-20","","FALSE","BBSF","FALSE","TRUE","","47,276,998+","","EUR","","","","","","","","","","","","","","","","","","","","","","","","","0.05","","","","","","0.024562","","","","","","false","","","3","","","A004","","","","","","","","5236390.61074","MNTH","","","","3","","","","UFRO","EUR","","","","","false","1","","","","","","","","","","FALSE","","","","","","","","","QZ3HM9KVK2WL","NA/CDS Corp Idx","ITRAXX EUROPE CROSSOVER"
"4115333379000000101","4111686947000000101","CORR","","2026-07-09T16:43:16Z","","CR","","N","FALSE","2026-07-09T16:43:16Z","2026-07-10","2072-12-16","","FALSE","BILT","FALSE","FALSE","FALSE","5,000,000","","USD","","","","","","","","","","","","","","","","","","","","","","","","","0.05","","","","","","","","","","","","false","","","","","","A004","","","","","","","","1452777.78000","MNTH","","","","1","","","","UFRO","USD","USD","","","","false","1","","","","","","","","","","FALSE","","","","","","","","","QZKQC4H7728D","NA/CDS Corp Idx","CMBX.NA.BB"
"4114754718000000101","","NEWT","TRAD","2026-07-09T20:15:55Z","","CR","","I","FALSE","2026-07-09T20:15:55Z","2026-07-10","2031-06-20","","FALSE","BBSF","FALSE","TRUE","","5,000,000","","USD","","","","","","","","","","","","","","","","","","","","","","","","","0.01","","","","","","0.009255","","","","","","false","","","3","","","A004","","","","","","","","18771.18000","MNTH","","","","3","","","","UFRO","USD","","","","","false","1","","","","","","","","","","FALSE","","","","","","","","","QZM3MHZDLX1M","NA/CDS Corp Idx","CDX.FINANCIALS"
"4099751945000000101","","NEWT","TRAD","2026-07-09T07:57:59Z","","CR","","I","TRUE","2026-07-09T07:57:59Z","2026-07-10","2031-06-20","","FALSE","BBSF","FALSE","FALSE","","25,000,000","","EUR","","","","","","","","","","","","","","","","","","","","","","","","","0.01","","","","","","0.0051674","","","","","","false","","","3","","","A004","","","","","","","","568022.05000","MNTH","","","","3","","","","UFRO","EUR","","","","","false","1","","","","","","","","","","FALSE","","","","","","","","","QZTQ4GTC5QMF","NA/CDS Corp Idx","ITRAXX EUROPE"
"4107411566000000101","","NEWT","TRAD","2026-07-09T10:54:29Z","","CR","","I","TRUE","2026-07-09T10:54:29Z","2026-03-20","2031-06-20","","FALSE","GSEF","FALSE","FALSE","","50,000,000","","EUR","","","","","","","","","","","","","","","","","","","","","","","","","","","","","","","0.005225","","","","","","false","","","3","","","A004","","","","","","","","","MNTH","","","","3","","","","","","","","","","false","1","","","","","","","","","","FALSE","","","","","","","","","QZTQ4GTC5QMF","NA/CDS Corp Idx","ITRAXX EUROPE"
"4111741873000000201","","NEWT","TRAD","2026-07-09T16:56:41Z","","CR","","N","TRUE","2026-07-09T16:56:41Z","2026-07-09","2031-06-20","","FALSE","BILT","FALSE","TRUE","FALSE","166,344,993+","","EUR","","","","","","","","","","","","","","","","","","","","","","","","","0.01","","","","","","","","","","","","false","","","","","","A004","","","","","","","","3800867.82488","MNTH","","","","3","","","","UFRO","EUR","","","","","false","1","","","","","","","","","","FALSE","","","","","","","","","QZTQ4GTC5QMF","NA/CDS Corp Idx","ITRAXX EUROPE"
"4111748300000000201","","NEWT","TRAD","2026-07-09T16:51:01Z","","CR","","N","FALSE","2026-07-09T16:51:01Z","2026-07-10","2064-11-18","","FALSE","BILT","FALSE","FALSE","FALSE","10,000,000","","USD","","","","","","","","","","","","","","","","","","","","","","","","","0.05","","","","","","","","","","","","false","","","","","","A004","","","","","","","","1905555.56000","MNTH","","","","1","","","","UFRO","USD","USD","","","","false","1","","","","","","","","","","FALSE","","","","","","","","","QZ74JHWP5LPJ","NA/CDS Corp Idx","CMBX.NA.BB"
"4111786856000000101","","NEWT","TRAD","2026-07-09T16:52:37Z","","CR","","N","FALSE","2026-07-09T16:52:37Z","2026-07-10","2064-11-18","","FALSE","BILT","FALSE","FALSE","FALSE","8,000,000","","USD","","","","","","","","","","","","","","","","","","","","","","","","","0.03","","","","","","","","","","","","false","","","","","","A004","","","","","","","","1070670.01250","MNTH","","","","1","","","","UFRO","USD","USD","","","","false","1","","","","","","","","","","FALSE","","","","","","","","","QZPD14V70KWX","NA/CDS Corp Idx","CMBX.NA.BBB-"
"4111525689000000101","","NEWT","TRAD","2026-07-09T16:37:42Z","","CR","","I","TRUE","2026-07-09T16:37:42Z","2026-07-10","2031-06-20","","FALSE","BBSF","FALSE","FALSE","","100,000,000","","USD","","","","","","","","","","","","","","","","","","","","","","","","","0.01","","","","","","0.00504226","","","","","","false","","","3","","","A004","","","","","","","","2252213.81000","MNTH","","","","3","","","","UFRO","USD","","","","","false","1","","","","","","","","","","FALSE","","","","","","","","","QZ3WVVQG5T8K","NA/CDS Corp Idx","CDX.NA.IG"
"4111525692000000401","","NEWT","TRAD","2026-07-09T16:37:45Z","","CR","","I","TRUE","2026-07-09T16:37:45Z","2026-07-10","2031-06-20","","","TWSF","FALSE","FALSE","","550,000","","USD","","","","","","","","","","","","","","","","","","","","","","","","","0.01","","","","","","0.00504615","","","","","","false","","","3","","","A004","","","","","","","","12377.54810","MNTH","","","","3","","","","UFRO","USD","","","","","false","1","","","","","","","","","","FALSE","","","","","","","","","QZ3WVVQG5T8K","NA/CDS Corp Idx","CDX.NA.IG"
"4112004363000000101","","NEWT","TRAD","2026-07-09T17:10:48Z","FALSE","CR","","N","FALSE","2026-07-09T17:10:48Z","2026-07-09","2054-11-18","","FALSE","BILT","FALSE","FALSE","FALSE","5,000,000","","USD","","","","","","","","","","","","","","","","","","","","","","","","","0.03","","","","","","","","","","","","false","","","","","","A004","","","","","","","","519166.67000","MNTH","","","","1","","","","UFRO","USD","","","","","false","1","","","","","","","","","","FALSE","","","","","","","","","QZW8Q42DFGR0","NA/CDS Corp Idx","CMBX.NA.BBB-"
"4111726869000000601","2707078002000000101","TERM","ETRM","2026-07-09T16:55:15Z","","CR","","N","FALSE","2026-04-13T18:31:07Z","2026-07-11","2055-03-15","2055-03-15","TRUE","BILT","FALSE","FALSE","TRUE","110,000,000","","USD","","","","","","","","","","","","","","","","","","","","","","","","","","","","","","","1","","","","","","false","","","4","","","","","A004","","DAIL","","1","","","","","","","","","","","","","USD","","","","true","","","","","","","","OPET","","","FALSE","","","","","","","","","QZWBC8GZ8TBN","NA/CDS Corp Oth","Basket"
"4111703760000000101","","NEWT","TRAD","2026-07-09T16:54:14Z","","CR","","I","TRUE","2026-07-09T16:54:14Z","2026-03-20","2031-06-20","","FALSE","TPSE","FALSE","FALSE","","25,000,000","","USD","","","","","","","","","","","","","","","","","","","","","","","","","0.01","","","","","","0.00504","","","","","","false","","","3","","","A004","","","","","","","","","MNTH","","","","3","","","","","","USD","","","","false","1","","","","","","","OTHR","","","FALSE","","","","","","","","","QZ3WVVQG5T8K","NA/CDS Corp Idx","CDX.NA.IG"
"4111732461000000101","","NEWT","TRAD","2026-07-09T16:53:28Z","","CR","","N","FALSE","2026-07-09T16:53:28Z","2026-07-10","2030-12-20","","TRUE","BILT","FALSE","FALSE","FALSE","8,000,000","","USD","","","","","","","","","","","","","","","","","","","","","","","","","0.05","","","","","","","","","","","","false","","","","","","A004","","","","","","","","519999.48000","MNTH","","","","3","","","","UFRO","USD","","","","","false","0.98","","","","","","","","","","FALSE","","","","","","","","","QZ7ZRB20S7R5","NA/CDS Corp Idx Tra","CDX.NA.HY"
"4109461732000000301","","NEWT","TRAD","2026-07-09T12:37:02Z","","CR","","I","TRUE","2026-07-09T12:37:02Z","2026-07-10","2031-06-20","","FALSE","XXXX","FALSE","FALSE","FALSE","20,000,000","","USD","","","","","","","","","","","","","","","","","","","","","","","","","1","","","","","","","","","","","","false","","","","","","A004","","","","","","","","","MNTH","","","","3","","","","","","USD","","","","false","1","","","","","","","","","","TRUE","","","","0","","4","","","QZ3WVVQG5T8K","NA/CDS Corp Idx","CDX.NA.IG"
"4115701855000000101","4111882308000000101","MODI","TRAD","2026-07-09T21:16:03Z","TRUE","CR","","N","FALSE","2026-07-09T13:52:22Z","2026-03-20","2031-06-20","2031-06-20","TRUE","BILT","FALSE","FALSE","TRUE","2,000,000","","USD","","","","","","","","","","","","","","","","","","","","","","","","2026-10-21","0.05","","24,354","USD","","","","","","","107","USD","false","","","","","1","A004","","","","","","","","","MNTH","","","","3","","","","","","","","","","false","0.99","","","","","","","","","","FALSE","","","","","","","","","QZX75BBR2PZH","NA/CDS Idx Swt","NA/CDS Corp Idx"
"4115707954000000101","4111882308000000101","MODI","TRAD","2026-07-09T21:16:04Z","TRUE","CR","","N","FALSE","2026-07-09T13:52:22Z","2026-03-20","2031-06-20","2031-06-20","TRUE","BILT","FALSE","FALSE","TRUE","2,000,000","","USD","","","","","","","","","","","","","","","","","","","","","","","","2026-10-21","0.05","","24,354","USD","","","","","","","107","USD","false","","","","","1","A004","","","","","","","","","MNTH","","","","3","","","","","","","","","","false","0.99","","","","","","","","","","FALSE","","","","","","","","","QZX75BBR2PZH","NA/CDS Idx Swt","NA/CDS Corp Idx"
"4095568155000000101","","NEWT","TRAD","2026-07-09T06:27:58Z","","CR","","I","TRUE","2026-07-09T06:27:58Z","2026-07-10","2031-06-20","","FALSE","BBSF","FALSE","TRUE","","47,276,998+","","EUR","","","","","","","","","","","","","","","","","","","","","","","","","0.05","","","","","","0.0245","","","","","","false","","","3","","","A004","","","","","","","","5250116.46651","MNTH","","","","3","","","","UFRO","EUR","","","","","false","1","","","","","","","","","","FALSE","","","","","","","","","QZ3HM9KVK2WL","NA/CDS Corp Idx","ITRAXX EUROPE CROSSOVER"
"4110415187000000101","","NEWT","TRAD","2026-07-09T15:05:22Z","","CR","","I","FALSE","2026-07-09T15:05:22Z","2026-07-10","2031-06-20","","","TWSF","FALSE","TRUE","","250,000,000+","","USD","","","","","","","","","","","","","","","","","","","","","","","","","0.01","","","","","","0.005052","","","","","","false","","","3","","","A004","","","","","","","","5619504.63500","MNTH","","","","3","","","","UFRO","USD","","","","","false","1","","","","","","","","","","FALSE","","","","","","","","","QZ3WVVQG5T8K","NA/CDS Corp Idx","CDX.NA.IG"
"4109150368000000101","4109025574000000201","TERM","ETRM","2026-07-09T13:03:57Z","","CR","","N","","2026-07-09T12:52:36Z","2026-07-10","2026-07-15","2031-06-20","FALSE","BILT","FALSE","","FALSE","130,000,000","","EUR","","","","","","","","","","","","","","","","","","","","","","","","2026-07-15","0.05","","1,618,500","EUR","","","","","","","275","EUR","false","","","","","1","","","","","","","","","","","","","","","","","","","","","","","","false","","","","","","","","","","","FALSE","","","","","","","","","QZWDX55NJN4V","NA/CDS Idx Swt","NA/CDS Corp Idx"
"4109406082000000101","","NEWT","TRAD","2026-07-09T13:22:51Z","","CR","","N","TRUE","2026-07-09T13:22:51Z","2026-03-20","2031-06-20","","FALSE","BMTF","FALSE","FALSE","FALSE","10,000,000","","EUR","","","","","","","","","","","","","","","","","","","","","","","","","0.01","","","","","","","","","","","","false","","","","","","A004","","","","","","","","226407.23000","MNTH","","","","3","","","","UFRO","EUR","","","","","false","1","","","","","","","","","","FALSE","","","","","","","","","QZTQ4GTC5QMF","NA/CDS Corp Idx","ITRAXX EUROPE"
"4109413516000000801","4047115616000001501","CORR","","2026-07-06T18:33:25Z","","CR","","N","FALSE","2026-07-06T18:33:25Z","2026-07-07","2027-03-20","2027-03-20","FALSE","BILT","FALSE","FALSE","TRUE","25,000,000","","USD","","","","","","","","","","","","","","","","","","","","","","","","","","","","","","","","0","","","","","true","","","","3","","A004","","","A004","","DAIL","","1","37816.14000","MNTH","","","MNTH","3","","","3","UFRO","USD","","","","","false","1","","","","","","","","","","FALSE","","","","","","","","","QZ2VLW2S4D7P","NA/CDS Corp Idx","IBOXX USD LIQUID LEVERAGED LOANS INDEX"
"4109413515000000701","","NEWT","TRAD","2026-07-07T11:30:54Z","","CR","","N","FALSE","2026-07-06T15:16:32Z","2026-03-20","2026-09-16","2031-06-20","FALSE","BILT","FALSE","FALSE","TRUE","100,000,000","","EUR","","","","","","","","","","","","","","","","","","","","","","","","2026-09-16","0.05","","40,000","EUR","","","","","","","0.0525","","false","","","","","3","A004","","","","","","","","","MNTH","","","","3","","","","","","","","","","false","1","","","","","","","","","","FALSE","","","","","","","","","QZTL0V3X916X","NA/CDS Idx Swt","NA/CDS Corp Idx"
"4109136754000000201","","NEWT","TRAD","2026-07-09T13:00:49Z","","CR","","N","FALSE","2026-07-09T13:00:49Z","2026-07-09","2026-11-18","2031-06-20","FALSE","BILT","FALSE","FALSE","TRUE","150,000,000","","EUR","","","","","","","","","","","","","","","","","","","","","","","","2026-11-18","0.01","","142,500","EUR","","","","","","","0.009","","false","","","","","3","A004","","","","","","","","","MNTH","","","","3","","","","","","","","","","false","1","","","","","","","","","","FALSE","","","","","","","","","QZ2L66CGCV9J","NA/CDS Idx Swt","NA/CDS Corp Idx"
"4116467943000000101","1136379880","MODI","TRAD","2026-07-09T22:40:03Z","TRUE","CR","","N","FALSE","2024-08-30T16:01:50Z","2024-08-30","2029-12-31","","TRUE","XXXX","FALSE","FALSE","TRUE","110,000,000","1,687,908","USD","USD","","","","","","","","","","","","","","","","","","","","","","","","0","","0","USD","","","","","","","","","false","","","","","","","","","","","","","","","MNTH","","","","1","","","","","","USD","","","","false","","","","","","","","","","","FALSE","","","","","","","","","QZ1XBVNPWZHZ","NA/Cr Sw Oth CDS Corp Cs",""
"4102481465000000201","","NEWT","TRAD","2026-07-09T09:00:54Z","","CR","","N","FALSE","2026-07-09T09:00:54Z","2026-03-20","2031-06-20","2031-06-20","TRUE","BILT","FALSE","TRUE","TRUE","350,199,986+","","EUR","","","","","","","","","","","","","","","","","","","","","","","","2026-08-19","0.01","","103,309","EUR","","","","","","","0.00675","","false","","","","","3","A004","","","","","","","","","MNTH","","","","3","","","","","","","","","","false","1","","","","","","","","","","FALSE","","","","","","","","","QZX75BBR2PZH","NA/CDS Idx Swt","NA/CDS Corp Idx"
"4097041990000000101","","NEWT","TRAD","2026-07-09T07:09:16Z","","CR","","I","TRUE","2026-07-09T07:09:16Z","2026-07-10","2031-06-20","","FALSE","BBSF","FALSE","FALSE","","50,000,000","","EUR","","","","","","","","","","","","","","","","","","","","","","","","","0.01","","","","","","0.005174","","","","","","false","","","3","","","A004","","","","","","","","1134497.11000","MNTH","","","","3","","","","UFRO","EUR","","","","","false","1","","","","","","","","","","FALSE","","","","","","","","","QZTQ4GTC5QMF","NA/CDS Corp Idx","ITRAXX EUROPE"
"4109472822000000101","","NEWT","TRAD","2026-07-09T13:28:13Z","","CR","","I","TRUE","2026-07-09T13:28:13Z","2026-07-10","2031-06-20","","","TWSF","FALSE","FALSE","","20,000,000","","USD","","","","","","","","","","","","","","","","","","","","","","","","","0.05","","","","","","0.0108075","","","","","","false","","","3","","","A004","","","","","","","","1648350.00000","MNTH","","","","3","","","","UFRO","USD","","","","","false","0.99","","","","","","","","","","FALSE","","","","","","","","","QZHH8NT767RX","NA/CDS Corp Idx","CDX.NA.HY"
"4107671046000000101","","NEWT","TRAD","2026-07-09T11:12:43Z","","CR","","I","TRUE","2026-07-09T11:12:43Z","2026-07-10","2031-06-20","","","TWSF","FALSE","FALSE","","25,000,000","","USD","","","","","","","","","","","","","","","","","","","","","","","","","0.05","","","","","","0.01080275","","","","","","false","","","3","","","A004","","","","","","","","2048681.25000","MNTH","","","","3","","","","UFRO","USD","","","","","false","0.99","","","","","","","","","","FALSE","","","","","","","","","QZHH8NT767RX","NA/CDS Corp Idx","CDX.NA.HY"
"4107760784000000101","","NEWT","TRAD","2026-07-09T11:20:07Z","","CR","","I","TRUE","2026-07-09T11:20:07Z","2026-07-10","2031-06-20","","","TWSF","FALSE","FALSE","","24,000,000","","USD","","","","","","","","","","","","","","","","","","","","","","","","","0.01","","","","","","0.0051007","","","","","","false","","","3","","","A004","","","","","","","","534179.06884","MNTH","","","","3","","","","UFRO","USD","","","","","false","1","","","","","","","","","","FALSE","","","","","","","","","QZ3WVVQG5T8K","NA/CDS Corp Idx","CDX.NA.IG"
"4107911970000000101","","NEWT","TRAD","2026-07-09T11:29:44Z","","CR","","I","FALSE","2026-07-09T11:29:38Z","2026-07-10","2031-06-20","","","BILT","FALSE","FALSE","FALSE","8,000,000","","USD","","","","","","","","","","","","","","","","","","","","","","","","","0.01","","","","","","","","","","","","false","","","","","","A004","","","","","","","","142960.03574","MNTH","","","","3","","","","UFRO","USD","","","","","false","1","","","","","","","","","","FALSE","","","","","","","","","QZ4JMQKL3P03","NA/CDS Corp Idx","CDX.EM"
"4108149247000000101","","NEWT","TRAD","2026-07-09T11:43:33Z","","CR","","I","TRUE","2026-07-09T11:43:33Z","2026-07-10","2031-06-20","","","TWSF","FALSE","FALSE","","7,000,000","","USD","","","","","","","","","","","","","","","","","","","","","","","","","0.05","","","","","","0.0107998","","","","","","false","","","3","","","A004","","","","","","","","571588.03310","MNTH","","","","3","","","","UFRO","USD","","","","","false","0.99","","","","","","","","","","FALSE","","","","","","","","","QZHH8NT767RX","NA/CDS Corp Idx","CDX.NA.HY"
"4108097078000000101","","NEWT","TRAD","2026-07-09T11:39:54Z","","CR","","I","TRUE","2026-07-09T11:39:54Z","2026-07-10","2031-06-20","","FALSE","BBSF","FALSE","FALSE","","5,000,000","","EUR","","","","","","","","","","","","","","","","","","","","","","","","","0.05","","","","","","0.024776","","","","","","false","","","3","","","A004","","","","","","","","548793.72000","MNTH","","","","3","","","","UFRO","EUR","","","","","false","1","","","","","","","","","","FALSE","","","","","","","","","QZ3HM9KVK2WL","NA/CDS Corp Idx","ITRAXX EUROPE CROSSOVER"
"4108198187000000101","","NEWT","TRAD","2026-07-09T11:46:28Z","","CR","","I","TRUE","2026-07-09T11:46:28Z","2026-07-10","2031-06-20","","FALSE","BBSF","FALSE","FALSE","","130,000,000","","USD","","","","","","","","","","","","","","","","","","","","","","","","","0.01","","","","","","0.005104","","","","","","false","","","3","","","A004","","","","","","","","2891528.96240","MNTH","","","","3","","","","UFRO","USD","","","","","false","1","","","","","","","","","","FALSE","","","","","","","","","QZ3WVVQG5T8K","NA/CDS Corp Idx","CDX.NA.IG"
"4108231322000000201","","NEWT","TRAD","2026-07-09T11:49:12Z","","CR","","I","TRUE","2026-07-09T11:49:12Z","2026-07-10","2031-06-20","","FALSE","BBSF","FALSE","FALSE","","25,000,000","","USD","","","","","","","","","","","","","","","","","","","","","","","","","0.05","","","","","","0.0108015","","","","","","false","","","3","","","A004","","","","","","","","2045587.50000","MNTH","","","","3","","","","UFRO","USD","","","","","false","0.99","","","","","","","","","","FALSE","","","","","","","","","QZHH8NT767RX","NA/CDS Corp Idx","CDX.NA.HY"
"4108247963000000201","","NEWT","TRAD","2026-07-09T11:49:09Z","","CR","","I","FALSE","2026-07-09T11:49:09Z","2026-06-22","2031-06-20","","FALSE","BILT","FALSE","FALSE","FALSE","20,000,000","","EUR","","","","","","","","","","","","","","","","","","","","","","","","","0.01","","","","","","","","","","","","false","","","3","","3","A004","","","","","","","","450705.34000","MNTH","","","","3","","","","UFRO","EUR","EUR","","","","false","1","","","","","","","","","","FALSE","","","","","","","","","QZ30FM86XF0K","NA/CDS Corp Idx","ITRAXX EUROPE"
"4108206924000000101","","NEWT","TRAD","2026-07-09T11:47:15Z","","CR","","I","TRUE","2026-07-09T11:47:15Z","2026-07-10","2031-06-20","","","TWSF","FALSE","TRUE","","250,000,000+","","USD","","","","","","","","","","","","","","","","","","","","","","","","","0.01","","","","","","0.005093","","","","","","false","","","3","","","A004","","","","","","","","5573084.30000","MNTH","","","","3","","","","UFRO","USD","","","","","false","1","","","","","","","","","","FALSE","","","","","","","","","QZ3WVVQG5T8K","NA/CDS Corp Idx","CDX.NA.IG"
"4108401000000000201","","NEWT","TRAD","2026-07-09T12:01:57Z","","CR","","I","TRUE","2026-07-09T12:01:57Z","2026-07-10","2031-06-20","","FALSE","BBSF","FALSE","FALSE","","80,000,000","","EUR","","","","","","","","","","","","","","","","","","","","","","","","","0.01","","","","","","0.0052083","","","","","","false","","","3","","","A004","","","","","","","","1802333.98000","MNTH","","","","3","","","","UFRO","EUR","","","","","false","1","","","","","","","","","","FALSE","","","","","","","","","QZTQ4GTC5QMF","NA/CDS Corp Idx","ITRAXX EUROPE"
"4108487344000000201","","NEWT","TRAD","2026-07-09T12:09:01Z","","CR","","I","TRUE","2026-07-09T12:09:01Z","2026-07-10","2031-06-20","","FALSE","BBSF","FALSE","FALSE","","10,000,000","","USD","","","","","","","","","","","","","","","","","","","","","","","","","0.05","","","","","","0.010804","","","","","","false","","","3","","","A004","","","","","","","","820710.00000","MNTH","","","","3","","","","UFRO","USD","","","","","false","0.99","","","","","","","","","","FALSE","","","","","","","","","QZHH8NT767RX","NA/CDS Corp Idx","CDX.NA.HY"
"4108514120000000201","","NEWT","TRAD","2026-07-09T12:12:11Z","","CR","","I","FALSE","2026-07-09T12:12:11Z","2026-03-20","2031-06-20","","FALSE","GSEF","FALSE","FALSE","","10,000,000","","USD","","","","","","","","","","","","","","","","","","","","","","","","","","","","","","","98.17","","USD","","","","false","","","1","","","A004","","","","","","","","","MNTH","","","","3","","","","","","","","","","false","1","","","","","","","","","","FALSE","","","","","","","","","QZ39BZSFH68L","NA/CDS Sov Idx","CDX.EM"
"4108540531000000101","","NEWT","TRAD","2026-07-09T12:15:16Z","","CR","","I","TRUE","2026-07-09T12:15:16Z","2026-07-10","2031-06-20","","FALSE","BBSF","FALSE","FALSE","","25,000,000","","USD","","","","","","","","","","","","","","","","","","","","","","","","","0.01","","","","","","0.005086","","","","","","false","","","3","","","A004","","","","","","","","558100.77453","MNTH","","","","3","","","","UFRO","USD","","","","","false","1","","","","","","","","","","FALSE","","","","","","","","","QZ3WVVQG5T8K","NA/CDS Corp Idx","CDX.NA.IG"
"4108585450000000101","","NEWT","TRAD","2026-07-09T12:19:30Z","","CR","","I","TRUE","2026-07-09T12:19:30Z","2026-07-10","2031-06-20","","FALSE","BBSF","FALSE","FALSE","","100,000,000","","USD","","","","","","","","","","","","","","","","","","","","","","","","","0.01","","","","","","0.00508441","","","","","","false","","","3","","","A004","","","","","","","","2233123.47000","MNTH","","","","3","","","","UFRO","USD","","","","","false","1","","","","","","","","","","FALSE","","","","","","","","","QZ3WVVQG5T8K","NA/CDS Corp Idx","CDX.NA.IG"
"4108609893000000101","","NEWT","TRAD","2026-07-09T12:22:01Z","","CR","","I","TRUE","2026-07-09T12:22:01Z","2026-07-10","2031-06-20","","","TWSF","FALSE","FALSE","","8,000,000","","EUR","","","","","","","","","","","","","","","","","","","","","","","","","0.01","","","","","","0.005196","","","","","","false","","","3","","","A004","","","","","","","","180695.42215","MNTH","","","","3","","","","UFRO","EUR","","","","","false","1","","","","","","","","","","FALSE","","","","","","","","","QZTQ4GTC5QMF","NA/CDS Corp Idx","ITRAXX EUROPE"
"4108632721000000201","","NEWT","TRAD","2026-07-09T12:24:02Z","","CR","","I","TRUE","2026-07-09T12:24:02Z","2026-03-20","2031-06-20","","FALSE","TPSE","FALSE","FALSE","","5,000,000","","USD","","","","","","","","","","","","","","","","","","","","","","","","","0.05","","","","","","108.045","","USD","","","","false","","","1","","","A004","","","","","","","","","MNTH","","","","3","","","","","","USD","","","","false","0.99","","","","","","","OTHR","","","FALSE","","","","","","","","","QZHH8NT767RX","NA/CDS Corp Idx","CDX.NA.HY"
"4108551319000000101","","NEWT","TRAD","2026-07-09T12:16:06Z","","CR","","I","TRUE","2026-07-09T12:16:06Z","2026-07-10","2030-12-20","","FALSE","BBSF","FALSE","TRUE","","47,276,998+","","EUR","","","","","","","","","","","","","","","","","","","","","","","","","0.05","","","","","","0.02125135","","","","","","false","","","3","","","A004","","","","","","","","5467448.13056","MNTH","","","","3","","","","UFRO","EUR","","","","","false","1","","","","","","","","","","TRUE","","","","0.0034285","","3","","","QZ5F5FRS4TR9","NA/CDS Corp Idx","ITRAXX EUROPE CROSSOVER"
"4108741312000000101","","NEWT","TRAD","2026-07-09T12:31:19Z","","CR","","I","TRUE","2026-07-09T12:31:19Z","2026-07-10","2031-06-20","","FALSE","BBSF","FALSE","FALSE","","50,000,000","","USD","","","","","","","","","","","","","","","","","","","","","","","","","0.01","","","","","","0.005076","","","","","","false","","","3","","","A004","","","","","","","","1118465.98000","MNTH","","","","3","","","","UFRO","USD","","","","","false","1","","","","","","","","","","FALSE","","","","","","","","","QZ3WVVQG5T8K","NA/CDS Corp Idx","CDX.NA.IG"
"4108689054000000201","","NEWT","TRAD","2026-07-09T12:27:29Z","","CR","","I","TRUE","2026-07-09T12:27:29Z","2026-07-10","2031-06-20","","FALSE","BBSF","FALSE","TRUE","","166,344,993+","","EUR","","","","","","","","","","","","","","","","","","","","","","","","","0.01","","","","","","0.005195","","","","","","false","","","3","","","A004","","","","","","","","3757961.79428","MNTH","","","","3","","","","UFRO","EUR","","","","","false","1","","","","","","","","","","FALSE","","","","","","","","","QZTQ4GTC5QMF","NA/CDS Corp Idx","ITRAXX EUROPE"
"4108720271000000101","","NEWT","TRAD","2026-07-09T12:29:20Z","","CR","","I","TRUE","2026-07-09T12:29:20Z","2026-07-10","2031-06-20","","FALSE","BBSF","FALSE","TRUE","","166,344,993+","","EUR","","","","","","","","","","","","","","","","","","","","","","","","","0.01","","","","","","0.005195","","","","","","false","","","3","","","A004","","","","","","","","3757988.90732","MNTH","","","","3","","","","UFRO","EUR","","","","","false","1","","","","","","","","","","FALSE","","","","","","","","","QZTQ4GTC5QMF","NA/CDS Corp Idx","ITRAXX EUROPE"
"4108880854000000101","","NEWT","TRAD","2026-07-09T12:41:35Z","","CR","","I","TRUE","2026-07-09T12:41:35Z","2026-07-10","2031-06-20","","FALSE","BBSF","FALSE","FALSE","","30,000,000","","EUR","","","","","","","","","","","","","","","","","","","","","","","","","0.01","","","","","","0.00518382","","","","","","false","","","3","","","A004","","","","","","","","679317.31000","MNTH","","","","3","","","","UFRO","EUR","","","","","false","1","","","","","","","","","","FALSE","","","","","","","","","QZTQ4GTC5QMF","NA/CDS Corp Idx","ITRAXX EUROPE"
"4108895327000000101","","NEWT","TRAD","2026-07-09T12:43:00Z","","CR","","I","TRUE","2026-07-09T12:43:00Z","2026-07-10","2031-06-20","","FALSE","BBSF","FALSE","FALSE","","20,000,000","","USD","","","","","","","","","","","","","","","","","","","","","","","","","0.01","","","","","","0.00508","","","","","","false","","","3","","","A004","","","","","","","","447024.10000","MNTH","","","","3","","","","UFRO","USD","","","","","false","1","","","","","","","","","","FALSE","","","","","","","","","QZ3WVVQG5T8K","NA/CDS Corp Idx","CDX.NA.IG"
"4108941703000000101","","NEWT","TRAD","2026-07-09T12:45:43Z","","CR","","I","TRUE","2026-07-09T12:45:43Z","2026-07-10","2031-06-20","","","TWSF","FALSE","FALSE","","40,000,000","","USD","","","","","","","","","","","","","","","","","","","","","","","","","0.01","","","","","","0.005085","","","","","","false","","","3","","","A004","","","","","","","","893142.52000","MNTH","","","","3","","","","UFRO","USD","","","","","false","1","","","","","","","","","","FALSE","","","","","","","","","QZ3WVVQG5T8K","NA/CDS Corp Idx","CDX.NA.IG"
"4108863064000000201","","NEWT","TRAD","2026-07-09T12:40:09Z","","CR","","I","TRUE","2026-07-09T12:40:09Z","2026-07-10","2030-12-20","","FALSE","BBSF","FALSE","TRUE","","47,276,998+","","EUR","","","","","","","","","","","","","","","","","","","","","","","","","0.05","","","","","","0.0213135","","","","","","false","","","3","","","A004","","","","","","","","5454669.75206","MNTH","","","","3","","","","UFRO","EUR","","","","","false","1","","","","","","","","","","TRUE","","","","0.003374","","3","","","QZ5F5FRS4TR9","NA/CDS Corp Idx","ITRAXX EUROPE CROSSOVER"
"4108915647000000201","","NEWT","TRAD","2026-07-09T12:44:03Z","","CR","","I","TRUE","2026-07-09T12:44:03Z","2026-07-10","2031-06-20","","","TWSF","FALSE","TRUE","","250,000,000+","","USD","","","","","","","","","","","","","","","","","","","","","","","","","0.01","","","","","","0.005083","","","","","","false","","","3","","","A004","","","","","","","","5584404.94000","MNTH","","","","3","","","","UFRO","USD","","","","","false","1","","","","","","","","","","FALSE","","","","","","","","","QZ3WVVQG5T8K","NA/CDS Corp Idx","CDX.NA.IG"
"4109112434000000101","","NEWT","TRAD","2026-07-09T13:00:08Z","","CR","","I","FALSE","2026-07-09T13:00:08Z","2026-07-10","2031-06-20","","FALSE","BBSF","FALSE","FALSE","","40,000,000","","EUR","","","","","","","","","","","","","","","","","","","","","","","","","0.01","","","","","","0.0054455","","","","","","false","","","3","","","A004","","","","","","","","856744.31000","MNTH","","","","3","","","","UFRO","EUR","","","","","false","1","","","","","","","","","","FALSE","","","","","","","","","QZTB38W3WJ98","NA/CDS Corp Idx","ITRAXX EUROPE SENIOR FINANCIALS"
"4109176286000000101","","NEWT","TRAD","2026-07-09T12:59:43Z","","CR","","N","FALSE","2026-07-09T12:59:43Z","2026-08-19","2026-08-19","2031-06-20","FALSE","BILT","FALSE","FALSE","FALSE","13,000,000","","EUR","","","","","","","","","","","","","","","","","","","","","","","","2026-08-19","0.01","","4,874.99063","EUR","","","","","","","0.005","","false","","","","","3","A004","","","","","","","","","MNTH","","","","3","","","","","","","","","","false","","","","","","","","","","","TRUE","0.000925","","3","","","","","","QZJ64K1NB61B","NA/CDS Idx Swt","NA/CDS Corp Idx"
"4109217850000000401","","NEWT","TRAD","2026-07-09T13:02:42Z","FALSE","CR","","I","TRUE","2026-07-09T13:02:42Z","2026-07-09","2026-08-19","","","BILT","FALSE","FALSE","TRUE","350,199,986+","","EUR","","","","","","","","","","","","","","","","","","","","","","","","2026-08-19","","","260,198.6","EUR","","","0.00575","","","","0.00575","","false","","","3","","3","","","","","","","","","","","","","","","","","","","","","","","","false","1","","","","","","","","","","FALSE","","","","","","","","","QZS1WNR5R2ND","NA/CDS Idx Swt","NA/CDS Corp Idx"
"4094149113000000101","","NEWT","TRAD","2026-07-09T02:53:56Z","","CR","","I","FALSE","2026-07-09T02:53:56Z","2026-07-10","2031-06-20","","","TWSF","FALSE","FALSE","","25,000,000","","USD","","","","","","","","","","","","","","","","","","","","","","","","","0.01","","","","","","0.006945","","","","","","false","","","3","","","A004","","","","","","","","349191.42000","MNTH","","","","3","","","","UFRO","USD","","","","","false","1","","","","","","","","","","FALSE","","","","","","","","","QZ1F7JZSZZ7M","NA/CDS Corp Idx","ITRAXX AUSTRALIA"
"4102572260000000201","","NEWT","TRAD","2026-07-09T09:03:00Z","","CR","","I","TRUE","2026-07-09T09:03:00Z","2026-07-10","2031-06-20","","","TWSF","FALSE","FALSE","","18,000,000","","EUR","","","","","","","","","","","","","","","","","","","","","","","","","0.01","","","","","","0.0051835","","","","","","false","","","3","","","A004","","","","","","","","407615.73562","MNTH","","","","3","","","","UFRO","EUR","","","","","false","1","","","","","","","","","","FALSE","","","","","","","","","QZTQ4GTC5QMF","NA/CDS Corp Idx","ITRAXX EUROPE"
"4102572259000000101","","NEWT","TRAD","2026-07-09T09:02:57Z","","CR","","I","TRUE","2026-07-09T09:02:57Z","2026-07-10","2031-06-20","","","TWSF","FALSE","FALSE","","4,000,000","","EUR","","","","","","","","","","","","","","","","","","","","","","","","","0.05","","","","","","0.024615","","","","","","false","","","3","","","A004","","","","","","","","442044.93024","MNTH","","","","3","","","","UFRO","EUR","","","","","false","1","","","","","","","","","","FALSE","","","","","","","","","QZ3HM9KVK2WL","NA/CDS Corp Idx","ITRAXX EUROPE CROSSOVER"
"4102600699000000201","","NEWT","TRAD","2026-07-09T09:04:06Z","","CR","","I","FALSE","2026-07-09T09:04:06Z","2026-07-10","2031-06-20","","","TWSF","FALSE","FALSE","","2,000,000","","EUR","","","","","","","","","","","","","","","","","","","","","","","","","0.05","","","","","","0.02465","","","","","","false","","","3","","","A004","","","","","","","","220695.37731","MNTH","","","","3","","","","UFRO","EUR","","","","","false","1","","","","","","","","","","FALSE","","","","","","","","","QZ3HM9KVK2WL","NA/CDS Corp Idx","ITRAXX EUROPE CROSSOVER"
"4100708573000000101","","NEWT","TRAD","2026-07-09T08:20:54Z","","CR","","I","TRUE","2026-07-09T08:20:54Z","2026-07-10","2031-06-20","","FALSE","BBSF","FALSE","FALSE","","25,000,000","","EUR","","","","","","","","","","","","","","","","","","","","","","","","","0.05","","","","","","0.024588","","","","","","false","","","3","","","A004","","","","","","","","2765952.02000","MNTH","","","","3","","","","UFRO","EUR","","","","","false","1","","","","","","","","","","FALSE","","","","","","","","","QZ3HM9KVK2WL","NA/CDS Corp Idx","ITRAXX EUROPE CROSSOVER"
"4094337038000000401","4087209519000000101","MODI","TRAD","2026-07-09T04:00:49Z","FALSE","CR","","N","TRUE","2026-07-08T15:34:22Z","2026-03-20","2031-06-20","","FALSE","TWEM","FALSE","FALSE","FALSE","7,000,000","","EUR","","","","","","","","","","","","","","","","","","","","","","","","","0.01","","","","","","","","","","","","false","","","","","","A004","","","","","","","","","MNTH","","","","3","","","","","","","","","","false","1","","","","","","","","","","FALSE","","","","","","","","","QZTQ4GTC5QMF","NA/CDS Corp Idx","ITRAXX EUROPE"
"4095373794000000101","","NEWT","TRAD","2026-07-09T06:19:57Z","","CR","","I","TRUE","2026-07-09T06:19:57Z","2026-07-10","2031-06-20","","FALSE","BBSF","FALSE","TRUE","","47,276,998+","","EUR","","","","","","","","","","","","","","","","","","","","","","","","","0.05","","","","","","0.0245375","","","","","","false","","","3","","","A004","","","","","","","","5241813.76487","MNTH","","","","3","","","","UFRO","EUR","","","","","false","1","","","","","","","","","","FALSE","","","","","","","","","QZ3HM9KVK2WL","NA/CDS Corp Idx","ITRAXX EUROPE CROSSOVER"
"4097143061000000101","","NEWT","TRAD","2026-07-09T07:12:23Z","","CR","","I","TRUE","2026-07-09T07:12:23Z","2026-07-10","2031-06-20","","FALSE","BBSF","FALSE","TRUE","","47,276,998+","","EUR","","","","","","","","","","","","","","","","","","","","","","","","","0.05","","","","","","0.0246289","","","","","","false","","","3","","","A004","","","","","","","","5221587.25541","MNTH","","","","3","","","","UFRO","EUR","","","","","false","1","","","","","","","","","","FALSE","","","","","","","","","QZ3HM9KVK2WL","NA/CDS Corp Idx","ITRAXX EUROPE CROSSOVER"
"4111248183000000101","","NEWT","TRAD","2026-07-09T16:22:35Z","","CR","","I","TRUE","2026-07-09T16:22:35Z","2026-07-10","2031-06-20","","FALSE","BBSF","FALSE","FALSE","","100,000,000","","EUR","","","","","","","","","","","","","","","","","","","","","","","","","0.01","","","","","","0.005165","","","","","","false","","","3","","","A004","","","","","","","","2273213.35000","MNTH","","","","3","","","","UFRO","EUR","","","","","false","1","","","","","","","","","","FALSE","","","","","","","","","QZTQ4GTC5QMF","NA/CDS Corp Idx","ITRAXX EUROPE"
"4111381072000000101","","NEWT","TRAD","2026-07-09T16:29:03Z","","CR","","I","TRUE","2026-07-09T16:29:03Z","2026-07-10","2031-06-20","","FALSE","BBSF","FALSE","FALSE","","10,000,000","","USD","","","","","","","","","","","","","","","","","","","","","","","","","0.05","","","","","","0.01081375","","","","","","false","","","3","","","A004","","","","","","","","830362.50000","MNTH","","","","3","","","","UFRO","USD","","","","","false","0.99","","","","","","","","","","FALSE","","","","","","","","","QZHH8NT767RX","NA/CDS Corp Idx","CDX.NA.HY"
"4111463310000000101","","NEWT","TRAD","2026-07-09T16:33:27Z","","CR","","I","TRUE","2026-07-09T16:33:27Z","2026-07-10","2031-06-20","","FALSE","BBSF","FALSE","FALSE","","10,000,000","","USD","","","","","","","","","","","","","","","","","","","","","","","","","0.05","","","","","","0.0108135","","","","","","false","","","3","","","A004","","","","","","","","830115.00000","MNTH","","","","3","","","","UFRO","USD","","","","","false","0.99","","","","","","","","","","FALSE","","","","","","","","","QZHH8NT767RX","NA/CDS Corp Idx","CDX.NA.HY"
"4113851527000000101","","NEWT","TRAD","2026-07-09T19:12:47Z","","CR","","I","TRUE","2026-07-09T19:12:47Z","2026-07-10","2031-06-20","","","TWSF","FALSE","FALSE","","75,000,000","","USD","","","","","","","","","","","","","","","","","","","","","","","","","0.01","","","","","","0.0050644","","","","","","false","","","3","","","A004","","","","","","","","1681639.12000","MNTH","","","","3","","","","UFRO","USD","","","","","false","1","","","","","","","","","","FALSE","","","","","","","","","QZ3WVVQG5T8K","NA/CDS Corp Idx","CDX.NA.IG"
"4113939053000000101","","NEWT","TRAD","2026-07-09T19:24:26Z","","CR","","I","TRUE","2026-07-09T19:24:26Z","2026-07-10","2031-06-20","","FALSE","BBSF","FALSE","FALSE","","120,000,000","","USD","","","","","","","","","","","","","","","","","","","","","","","","","0.01","","","","","","0.0050683","","","","","","false","","","3","","","A004","","","","","","","","2688503.00000","MNTH","","","","3","","","","UFRO","USD","","","","","false","1","","","","","","","","","","FALSE","","","","","","","","","QZ3WVVQG5T8K","NA/CDS Corp Idx","CDX.NA.IG"
"4113946538000000202","","NEWT","TRAD","2026-07-09T19:25:27Z","","CR","","I","TRUE","2026-07-09T19:25:27Z","2026-03-20","2031-06-20","","FALSE","TPSE","FALSE","FALSE","","5,000,000","","USD","","","","","","","","","","","","","","","","","","","","","","","","","0.05","","","","","","108.1","","USD","","","","false","","","1","","","A004","","","","","","","","","MNTH","","","","3","","","","","","USD","","","","false","0.99","","","","","","","OTHR","","","FALSE","","","","","","","","","QZHH8NT767RX","NA/CDS Corp Idx","CDX.NA.HY"
"4113950599000000101","","NEWT","TRAD","2026-07-09T19:26:16Z","","CR","","I","TRUE","2026-07-09T19:26:16Z","2026-07-10","2031-06-20","","FALSE","BBSF","FALSE","FALSE","","10,000,000","","USD","","","","","","","","","","","","","","","","","","","","","","","","","0.05","","","","","","0.01081","","","","","","false","","","3","","","A004","","","","","","","","826650.00000","MNTH","","","","3","","","","UFRO","USD","","","","","false","0.99","","","","","","","","","","FALSE","","","","","","","","","QZHH8NT767RX","NA/CDS Corp Idx","CDX.NA.HY"
"4113973215000000101","","NEWT","TRAD","2026-07-09T19:32:36Z","","CR","","I","TRUE","2026-07-09T19:32:36Z","2026-07-10","2031-06-20","","FALSE","BBSF","FALSE","FALSE","","90,000,000","","USD","","","","","","","","","","","","","","","","","","","","","","","","","0.01","","","","","","0.0050678","","","","","","false","","","3","","","A004","","","","","","","","2016581.05000","MNTH","","","","3","","","","UFRO","USD","","","","","false","1","","","","","","","","","","FALSE","","","","","","","","","QZ3WVVQG5T8K","NA/CDS Corp Idx","CDX.NA.IG"
"4113973216000000201","4113971483000000101","MODI","TRAD","2026-07-09T19:32:45Z","TRUE","CR","","I","TRUE","2026-07-09T19:31:42Z","2026-03-20","2031-06-20","","FALSE","TPSE","FALSE","FALSE","","30,000,000","","USD","","","","","","","","","","","","","","","","","","","","","","","","","0.05","","","","","","108.095","","USD","","","","false","","","1","","","A004","","","","","","","","","MNTH","","","","3","","","","","","USD","","","","false","0.99","","","","","","","OTHR","","","FALSE","","","","","","","","","QZHH8NT767RX","NA/CDS Corp Idx","CDX.NA.HY"
"4113973218000000401","4113971484000000201","MODI","TRAD","2026-07-09T19:32:53Z","TRUE","CR","","I","TRUE","2026-07-09T19:31:45Z","2026-03-20","2031-06-20","","FALSE","TPSE","FALSE","FALSE","","150,000,000","","USD","","","","","","","","","","","","","","","","","","","","","","","","","0.01","","","","","","0.005065","","","","","","false","","","3","","","A004","","","","","","","","","MNTH","","","","3","","","","","","USD","","","","false","1","","","","","","","OTHR","","","FALSE","","","","","","","","","QZ3WVVQG5T8K","NA/CDS Corp Idx","CDX.NA.IG"
"4113984164000000101","","NEWT","TRAD","2026-07-09T19:35:50Z","","CR","","I","TRUE","2026-07-09T19:35:50Z","2026-07-10","2031-06-20","","FALSE","BBSF","FALSE","FALSE","","110,000,000","","USD","","","","","","","","","","","","","","","","","","","","","","","","","0.01","","","","","","0.005066","","","","","","false","","","3","","","A004","","","","","","","","2465613.19104","MNTH","","","","3","","","","UFRO","USD","","","","","false","1","","","","","","","","","","FALSE","","","","","","","","","QZ3WVVQG5T8K","NA/CDS Corp Idx","CDX.NA.IG"
"4114098697000000101","4113724401000000101","TERM","ETRM","2026-07-09T19:41:19Z","","CR","","N","","2026-07-09T18:48:46Z","2026-07-09","2057-10-17","","FALSE","BILT","FALSE","","FALSE","15,000,000","","USD","","","","","","","","","","","","","","","","","","","","","","","","","0.03","","","","","","","","","","","","false","","","","","","","","","","","","","","2725474.28000","","","","","","","","","UFRO","USD","USD","","","","false","1","","","","","","","","","","FALSE","","","","","","","","","QZTQ2L2MLB9C","NA/CDS Corp Idx","CMBX.NA.BBB-"
"4114332523000000101","","NEWT","TRAD","2026-07-09T19:53:42Z","","CR","","I","TRUE","2026-07-09T19:53:42Z","2026-07-10","2031-06-20","","FALSE","BBSF","FALSE","FALSE","","5,000,000","","USD","","","","","","","","","","","","","","","","","","","","","","","","","0.01","","","","","","0.005067946","","","","","","false","","","3","","","A004","","","","","","","","112029.33675","MNTH","","","","3","","","","UFRO","USD","","","","","false","1","","","","","","","","","","FALSE","","","","","","","","","QZ3WVVQG5T8K","NA/CDS Corp Idx","CDX.NA.IG"
"4114651989000000101","","NEWT","TRAD","2026-07-09T20:06:31Z","","CR","","I","TRUE","2026-07-09T20:06:31Z","2026-07-10","2031-06-20","","FALSE","BBSF","FALSE","FALSE","","10,000,000","","USD","","","","","","","","","","","","","","","","","","","","","","","","","0.05","","","","","","0.0108075","","","","","","false","","","3","","","A004","","","","","","","","824175.00000","MNTH","","","","3","","","","UFRO","USD","","","","","false","0.99","","","","","","","","","","FALSE","","","","","","","","","QZHH8NT767RX","NA/CDS Corp Idx","CDX.NA.HY"
"4113202507000000801","2488066358000000301","TERM","ETRM","2026-07-09T17:48:55Z","","CR","","N","FALSE","2026-03-24T17:26:34Z","2026-03-25","2026-07-10","","TRUE","XOFF","FALSE","FALSE","TRUE","67,000,000","","USD","","","","","","","","","","","","","","","","","","","","","","","","","","","","","","","0.0022","","","","","","false","","","3","","","","","A004","","","","","","21618.71380","","YEAR","","","","1","","","UWIN","USD","USD","","","","false","","","","","","","","","","","FALSE","","","","","","","","","QZL3X1BZHCHZ","NA/CDS Corp SN","No name obtainable"
"4113202502000000301","2488066363000000801","TERM","ETRM","2026-07-09T17:48:55Z","","CR","","N","FALSE","2026-03-24T17:26:34Z","2026-03-25","2026-07-10","","TRUE","XOFF","FALSE","FALSE","TRUE","52,000,000","","USD","","","","","","","","","","","","","","","","","","","","","","","","","","","","","","","0.0022","","","","","","false","","","3","","","","","A004","","","","","","1028182.81788","","YEAR","","","","1","","","UWIN","USD","USD","","","","false","","","","","","","","","","","FALSE","","","","","","","","","QZ22086SDT0Z","NA/CDS Corp SN","DTD 08/15/2024"
"4113327314000000201","","NEWT","TRAD","2026-07-09T18:17:05Z","","CR","","I","TRUE","2026-07-09T18:17:05Z","2026-03-20","2031-06-20","","FALSE","TPSE","FALSE","FALSE","","50,000,000","","USD","","","","","","","","","","","","","","","","","","","","","","","","","0.01","","","","","","0.005047","","","","","","false","","","3","","","A004","","","","","","","","","MNTH","","","","3","","","","","","USD","","","","false","1","","","","","","","OTHR","","","FALSE","","","","","","","","","QZ3WVVQG5T8K","NA/CDS Corp Idx","CDX.NA.IG"
"4113437613000000201","","NEWT","TRAD","2026-07-09T18:23:18Z","","CR","","I","TRUE","2026-07-09T18:23:18Z","2026-07-10","2031-06-20","","FALSE","BBSF","FALSE","FALSE","","25,000,000","","USD","","","","","","","","","","","","","","","","","","","","","","","","","0.01","","","","","","0.00505787","","","","","","false","","","3","","","A004","","","","","","","","561285.77000","MNTH","","","","3","","","","UFRO","USD","","","","","false","1","","","","","","","","","","FALSE","","","","","","","","","QZ3WVVQG5T8K","NA/CDS Corp Idx","CDX.NA.IG"
"4113476448000000101","","NEWT","TRAD","2026-07-09T18:24:48Z","","CR","","I","TRUE","2026-07-09T18:24:48Z","2026-07-10","2031-06-20","","FALSE","BBSF","FALSE","FALSE","","25,000,000","","USD","","","","","","","","","","","","","","","","","","","","","","","","","0.05","","","","","","0.010812","","","","","","false","","","3","","","A004","","","","","","","","2071575.00000","MNTH","","","","3","","","","UFRO","USD","","","","","false","0.99","","","","","","","","","","FALSE","","","","","","","","","QZHH8NT767RX","NA/CDS Corp Idx","CDX.NA.HY"
"4113396428000000101","","NEWT","TRAD","2026-07-09T18:20:42Z","","CR","","I","FALSE","2026-07-09T18:20:42Z","2026-03-20","2031-06-20","","FALSE","GSEF","FALSE","FALSE","","30,000,000","","USD","","","","","","","","","","","","","","","","","","","","","","","","","","","","","","","98.265","","USD","","","","false","","","1","","","A004","","","","","","","","","MNTH","","","","3","","","","","","","","","","false","1","","","","","","","","","","FALSE","","","","","","","","","QZ39BZSFH68L","NA/CDS Sov Idx","CDX.EM"
"4113653588000000101","","NEWT","TRAD","2026-07-09T18:34:53Z","","CR","","I","TRUE","2026-07-09T18:34:53Z","2026-07-10","2031-06-20","","FALSE","BBSF","FALSE","FALSE","","100,000,000","","USD","","","","","","","","","","","","","","","","","","","","","","","","","0.01","","","","","","0.00507","","","","","","false","","","3","","","A004","","","","","","","","2239649.25000","MNTH","","","","3","","","","UFRO","USD","","","","","false","1","","","","","","","","","","FALSE","","","","","","","","","QZ3WVVQG5T8K","NA/CDS Corp Idx","CDX.NA.IG"
"4110274556000000101","","NEWT","TRAD","2026-07-09T14:44:13Z","","CR","","I","TRUE","2026-07-09T14:44:13Z","2026-07-10","2031-06-20","","","TWSF","FALSE","FALSE","","5,000,000","","USD","","","","","","","","","","","","","","","","","","","","","","","","","0.05","","","","","","0.010809","","","","","","false","","","3","","","A004","","","","","","","","412830.49540","MNTH","","","","3","","","","UFRO","USD","","","","","false","0.99","","","","","","","","","","FALSE","","","","","","","","","QZHH8NT767RX","NA/CDS Corp Idx","CDX.NA.HY"
"4110286039000000201","","NEWT","TRAD","2026-07-09T14:45:24Z","","CR","","I","TRUE","2026-07-09T14:45:24Z","2026-07-10","2031-06-20","","","TWSF","FALSE","FALSE","","12,000,000","","EUR","","","","","","","","","","","","","","","","","","","","","","","","","0.01","","","","","","0.0054015","","","","","","false","","","3","","","A004","","","","","","","","259493.87673","MNTH","","","","3","","","","UFRO","EUR","","","","","false","1","","","","","","","","","","FALSE","","","","","","","","","QZTB38W3WJ98","NA/CDS Corp Idx","ITRAXX EUROPE SENIOR FINANCIALS"
"4110328350000000101","","NEWT","TRAD","2026-07-09T14:53:10Z","","CR","","I","TRUE","2026-07-09T14:53:10Z","2026-07-10","2031-06-20","","","TWSF","FALSE","FALSE","","12,000,000","","USD","","","","","","","","","","","","","","","","","","","","","","","","","0.01","","","","","","0.005064","","","","","","false","","","3","","","A004","","","","","","","","269084.49937","MNTH","","","","3","","","","UFRO","USD","","","","","false","1","","","","","","","","","","FALSE","","","","","","","","","QZ3WVVQG5T8K","NA/CDS Corp Idx","CDX.NA.IG"
"4110349394000000101","","NEWT","TRAD","2026-07-09T14:55:38Z","","CR","","I","FALSE","2026-07-09T14:55:20Z","2026-03-20","2031-06-20","","FALSE","BILT","FALSE","FALSE","FALSE","20,000,000","","USD","","","","","","","","","","","","","","","","","","","","","","","","","0.01","","","","","","","","","","","","false","","","","","","A004","","","","","","","","","MNTH","","","","3","","","","","","USD","","","","false","1","","","","","","","","","","FALSE","","","","","","","","","QZ4JMQKL3P03","NA/CDS Corp Idx","CDX.EM"
"4110286038000000101","","NEWT","TRAD","2026-07-09T14:45:24Z","","CR","","I","TRUE","2026-07-09T14:45:24Z","2026-07-10","2031-06-20","","FALSE","BBSF","FALSE","TRUE","","150,000,000","","EUR","","","","","","","","","","","","","","","","","","","","","","","","","0.01","","","","","","0.005155","","","","","","false","","","3","","","A004","","","","","","","","3416852.43000","MNTH","","","","3","","","","UFRO","EUR","","","","","false","1","","","","","","","","","","FALSE","","","","","","","","","QZTQ4GTC5QMF","NA/CDS Corp Idx","ITRAXX EUROPE"
"4109815414000000501","","NEWT","TRAD","2026-07-09T13:52:45Z","","CR","","I","TRUE","2026-07-09T13:52:45Z","2026-07-10","2031-06-20","","FALSE","BBSF","FALSE","FALSE","","3,000,000","","USD","","","","","","","","","","","","","","","","","","","","","","","","","0.01","","","","","","0.0050589","","","","","","false","","","3","","","A004","","","","","","","","67340.52062","MNTH","","","","3","","","","UFRO","USD","","","","","false","1","","","","","","","","","","FALSE","","","","","","","","","QZ3WVVQG5T8K","NA/CDS Corp Idx","CDX.NA.IG"
"4109847869000000101","","NEWT","TRAD","2026-07-09T13:55:09Z","","CR","","I","TRUE","2026-07-09T13:55:09Z","2026-07-10","2031-06-20","","FALSE","BBSF","FALSE","FALSE","","43,000,000","","USD","","","","","","","","","","","","","","","","","","","","","","","","","0.01","","","","","","0.0050556","","","","","","false","","","3","","","A004","","","","","","","","965850.31069","MNTH","","","","3","","","","UFRO","USD","","","","","false","1","","","","","","","","","","FALSE","","","","","","","","","QZ3WVVQG5T8K","NA/CDS Corp Idx","CDX.NA.IG"
"4109862245000000101","","NEWT","TRAD","2026-07-09T13:56:37Z","","CR","","I","TRUE","2026-07-09T13:56:37Z","2026-07-10","2031-06-20","","FALSE","BBSF","FALSE","FALSE","","120,000,000","","USD","","","","","","","","","","","","","","","","","","","","","","","","","0.01","","","","","","0.0050516","","","","","","false","","","3","","","A004","","","","","","","","2697584.13771","MNTH","","","","3","","","","UFRO","USD","","","","","false","1","","","","","","","","","","FALSE","","","","","","","","","QZ3WVVQG5T8K","NA/CDS Corp Idx","CDX.NA.IG"
"4109883807000000101","","NEWT","TRAD","2026-07-09T13:59:12Z","","CR","","I","TRUE","2026-07-09T13:59:12Z","2026-07-10","2031-06-20","","","TWSF","FALSE","FALSE","","35,000,000","","USD","","","","","","","","","","","","","","","","","","","","","","","","","0.05","","","","","","0.010811","","","","","","false","","","3","","","A004","","","","","","","","2896740.00000","MNTH","","","","3","","","","UFRO","USD","","","","","false","0.99","","","","","","","","","","FALSE","","","","","","","","","QZHH8NT767RX","NA/CDS Corp Idx","CDX.NA.HY"
"4109918219000000301","","NEWT","TRAD","2026-07-09T14:03:05Z","","CR","","I","TRUE","2026-07-09T14:03:05Z","2026-07-10","2031-06-20","","FALSE","BBSF","FALSE","FALSE","","25,000,000","","USD","","","","","","","","","","","","","","","","","","","","","","","","","0.05","","","","","","0.01081","","","","","","false","","","3","","","A004","","","","","","","","2066625.00000","MNTH","","","","3","","","","UFRO","USD","","","","","false","0.99","","","","","","","","","","FALSE","","","","","","","","","QZHH8NT767RX","NA/CDS Corp Idx","CDX.NA.HY"
"4109924418000000101","4109918223000000701","MODI","TRAD","2026-07-09T14:03:43Z","TRUE","CR","","I","TRUE","2026-07-09T14:03:19Z","2026-03-20","2031-06-20","","FALSE","TPSE","FALSE","FALSE","","25,000,000","","USD","","","","","","","","","","","","","","","","","","","","","","","","","0.01","","","","","","0.005055","","","","","","false","","","3","","","A004","","","","","","","","","MNTH","","","","3","","","","","","USD","","","","false","1","","","","","","","OTHR","","","FALSE","","","","","","","","","QZ3WVVQG5T8K","NA/CDS Corp Idx","CDX.NA.IG"
"4109519453000000201","","NEWT","TRAD","2026-07-09T13:32:22Z","","CR","","I","TRUE","2026-07-09T13:32:22Z","2026-07-10","2031-06-20","","","TWSF","FALSE","FALSE","","20,000,000","","USD","","","","","","","","","","","","","","","","","","","","","","","","","0.05","","","","","","0.01080452","","","","","","false","","","3","","","A004","","","","","","","","1642449.60000","MNTH","","","","3","","","","UFRO","USD","","","","","false","0.99","","","","","","","","","","FALSE","","","","","","","","","QZHH8NT767RX","NA/CDS Corp Idx","CDX.NA.HY"
"4109417932000000101","","NEWT","TRAD","2026-07-09T13:23:35Z","","CR","","I","FALSE","2026-07-09T13:23:35Z","2026-07-10","2031-06-20","","","TWSF","FALSE","TRUE","","47,276,998+","","EUR","","","","","","","","","","","","","","","","","","","","","","","","","0.05","","","","","","0.024648","","","","","","false","","","3","","","A004","","","","","","","","5217353.98016","MNTH","","","","3","","","","UFRO","EUR","","","","","false","1","","","","","","","","","","FALSE","","","","","","","","","QZ3HM9KVK2WL","NA/CDS Corp Idx","ITRAXX EUROPE CROSSOVER"
"4109582661000000101","","NEWT","TRAD","2026-07-09T13:35:14Z","","CR","","I","TRUE","2026-07-09T13:35:14Z","2026-07-10","2031-06-20","","FALSE","BBSF","FALSE","FALSE","","5,000,000","","USD","","","","","","","","","","","","","","","","","","","","","","","","","0.05","","","","","","0.0108065","","","","","","false","","","3","","","A004","","","","","","","","411592.50000","MNTH","","","","3","","","","UFRO","USD","","","","","false","0.99","","","","","","","","","","FALSE","","","","","","","","","QZHH8NT767RX","NA/CDS Corp Idx","CDX.NA.HY"
"4109626031000000101","4109613661000000201","MODI","TRAD","2026-07-09T13:38:16Z","TRUE","CR","","I","TRUE","2026-07-09T13:37:51Z","2026-03-20","2031-06-20","","FALSE","TPSE","FALSE","FALSE","","20,000,000","","USD","","","","","","","","","","","","","","","","","","","","","","","","","0.05","","","","","","108.089","","USD","","","","false","","","1","","","A004","","","","","","","","","MNTH","","","","3","","","","","","USD","","","","false","0.99","","","","","","","OTHR","","","FALSE","","","","","","","","","QZHH8NT767RX","NA/CDS Corp Idx","CDX.NA.HY"
"4109653023000000501","","NEWT","TRAD","2026-07-09T13:40:54Z","","CR","","I","TRUE","2026-07-09T13:40:54Z","2026-07-10","2031-06-20","","","TWSF","FALSE","FALSE","","5,000,000","","USD","","","","","","","","","","","","","","","","","","","","","","","","","0.05","","","","","","0.01080775","","","","","","false","","","3","","","A004","","","","","","","","412211.25000","MNTH","","","","3","","","","UFRO","USD","","","","","false","0.99","","","","","","","","","","FALSE","","","","","","","","","QZHH8NT767RX","NA/CDS Corp Idx","CDX.NA.HY"
"4109653021000000301","","NEWT","TRAD","2026-07-09T13:40:39Z","","CR","","I","FALSE","2026-07-09T13:40:39Z","2026-07-10","2031-06-20","","","TWSF","FALSE","FALSE","","8,000,000","","USD","","","","","","","","","","","","","","","","","","","","","","","","","0.01","","","","","","0.00507118","","","","","","false","","","3","","","A004","","","","","","","","179129.19000","MNTH","","","","3","","","","UFRO","USD","","","","","false","1","","","","","","","","","","FALSE","","","","","","","","","QZ3WVVQG5T8K","NA/CDS Corp Idx","CDX.NA.IG"
"4109713418000000201","4109708544000000201","MODI","TRAD","2026-07-09T13:44:38Z","TRUE","CR","","I","TRUE","2026-07-09T13:44:19Z","2025-09-22","2030-12-20","","FALSE","TPSE","FALSE","FALSE","","100,000,000","","USD","","","","","","","","","","","","","","","","","","","","","","","","","0.01","","","","","","0.00465","","","","","","false","","","3","","","A004","","","","","","","","","MNTH","","","","3","","","","","","USD","","","","false","1","","","","","","","OTHR","","","FALSE","","","","","","","","","QZN3HTTN5303","NA/CDS Corp Idx","CDX.NA.IG"
"4109560880000000101","","NEWT","TRAD","2026-07-09T13:34:35Z","","CR","","I","TRUE","2026-07-09T13:34:35Z","2026-07-10","2031-06-20","","FALSE","BBSF","FALSE","TRUE","","50,000,000","","USD","","","","","","","","","","","","","","","","","","","","","","","","","0.05","","","","","","0.010807","","","","","","false","","","3","","","A004","","","","","","","","4118400.00000","MNTH","","","","3","","","","UFRO","USD","","","","","false","0.99","","","","","","","","","","FALSE","","","","","","","","","QZHH8NT767RX","NA/CDS Corp Idx","CDX.NA.HY"
"4109938393000000101","","NEWT","TRAD","2026-07-09T14:05:41Z","","CR","","I","TRUE","2026-07-09T14:05:41Z","2026-07-10","2031-06-20","","FALSE","BBSF","FALSE","FALSE","","3,000,000","","USD","","","","","","","","","","","","","","","","","","","","","","","","","0.05","","","","","","0.0108105","","","","","","false","","","3","","","A004","","","","","","","","248143.50000","MNTH","","","","3","","","","UFRO","USD","","","","","false","0.99","","","","","","","","","","FALSE","","","","","","","","","QZHH8NT767RX","NA/CDS Corp Idx","CDX.NA.HY"
"4109981226000000401","","NEWT","TRAD","2026-07-09T14:08:20Z","","CR","","I","FALSE","2026-07-09T14:08:20Z","2026-07-10","2031-06-20","","","TWSF","FALSE","FALSE","","28,000,000","","USD","","","","","","","","","","","","","","","","","","","","","","","","","0.01","","","","","","0.005051","","","","","","false","","","3","","","A004","","","","","","","","629508.69670","MNTH","","","","3","","","","UFRO","USD","","","","","false","1","","","","","","","","","","FALSE","","","","","","","","","QZ3WVVQG5T8K","NA/CDS Corp Idx","CDX.NA.IG"
"4109992936000000201","","NEWT","TRAD","2026-07-09T14:09:38Z","","CR","","I","FALSE","2026-07-09T14:09:38Z","2026-07-10","2031-06-20","","","TWSF","FALSE","FALSE","","40,000,000","","USD","","","","","","","","","","","","","","","","","","","","","","","","","0.05","","","","","","0.0108097","","","","","","false","","","3","","","A004","","","","","","","","3305412.00000","MNTH","","","","3","","","","UFRO","USD","","","","","false","0.99","","","","","","","","","","FALSE","","","","","","","","","QZHH8NT767RX","NA/CDS Corp Idx","CDX.NA.HY"
"4109996578000000101","","NEWT","TRAD","2026-07-09T14:10:23Z","","CR","","I","TRUE","2026-07-09T14:10:23Z","2026-07-10","2031-06-20","","FALSE","BBSF","FALSE","FALSE","","3,000,000","","USD","","","","","","","","","","","","","","","","","","","","","","","","","0.05","","","","","","0.01080952","","","","","","false","","","3","","","A004","","","","","","","","247852.44000","MNTH","","","","3","","","","UFRO","USD","","","","","false","0.99","","","","","","","","","","FALSE","","","","","","","","","QZHH8NT767RX","NA/CDS Corp Idx","CDX.NA.HY"
"4109892952000000301","","NEWT","TRAD","2026-07-09T14:00:55Z","","CR","","I","TRUE","2026-07-09T14:00:55Z","2026-07-10","2031-06-20","","","TWSF","FALSE","TRUE","","250,000,000+","","USD","","","","","","","","","","","","","","","","","","","","","","","","","0.01","","","","","","0.005058","","","","","","false","","","3","","","A004","","","","","","","","5612688.02416","MNTH","","","","3","","","","UFRO","USD","","","","","false","1","","","","","","","","","","FALSE","","","","","","","","","QZ3WVVQG5T8K","NA/CDS Corp Idx","CDX.NA.IG"
"4110021998000000101","","NEWT","TRAD","2026-07-09T14:13:08Z","","CR","","I","TRUE","2026-07-09T14:13:08Z","2026-07-10","2031-06-20","","FALSE","BBSF","FALSE","FALSE","","25,000,000","","USD","","","","","","","","","","","","","","","","","","","","","","","","","0.05","","","","","","0.0108085","","","","","","false","","","3","","","A004","","","","","","","","2062912.50000","MNTH","","","","3","","","","UFRO","USD","","","","","false","0.99","","","","","","","","","","FALSE","","","","","","","","","QZHH8NT767RX","NA/CDS Corp Idx","CDX.NA.HY"
"4110027320000000101","","NEWT","TRAD","2026-07-09T14:13:46Z","","CR","","I","TRUE","2026-07-09T14:13:46Z","2026-07-10","2031-06-20","","","TWSF","FALSE","FALSE","","25,000,000","","EUR","","","","","","","","","","","","","","","","","","","","","","","","","0.01","","","","","","0.005175","","","","","","false","","","3","","","A004","","","","","","","","567131.36000","MNTH","","","","3","","","","UFRO","EUR","","","","","false","1","","","","","","","","","","FALSE","","","","","","","","","QZTQ4GTC5QMF","NA/CDS Corp Idx","ITRAXX EUROPE"
"4110056878000000601","","NEWT","TRAD","2026-07-09T14:16:58Z","","CR","","I","TRUE","2026-07-09T14:16:58Z","2026-07-10","2031-06-20","","FALSE","BBSF","FALSE","FALSE","","50,000,000","","USD","","","","","","","","","","","","","","","","","","","","","","","","","0.01","","","","","","0.005079","","","","","","false","","","3","","","A004","","","","","","","","1117786.69000","MNTH","","","","3","","","","UFRO","USD","","","","","false","1","","","","","","","","","","FALSE","","","","","","","","","QZ3WVVQG5T8K","NA/CDS Corp Idx","CDX.NA.IG"
"4110060865000000101","","NEWT","TRAD","2026-07-09T14:17:07Z","","CR","","I","FALSE","2026-07-09T14:17:07Z","2026-03-20","2031-06-20","","FALSE","TPSE","FALSE","FALSE","","10,000,000","","USD","","","","","","","","","","","","","","","","","","","","","","","","","0.01","","","","","","98.18","","USD","","","","false","","","1","","","A004","","","","","","","","","MNTH","","","","3","","","","","","USD","","","","false","1","","","","","","","OTHR","","","FALSE","","","","","","","","","QZ4JMQKL3P03","NA/CDS Corp Idx","CDX.EM"
"4110091634000000301","","NEWT","TRAD","2026-07-09T14:21:59Z","","CR","","I","TRUE","2026-07-09T14:21:59Z","2026-07-10","2031-06-20","","FALSE","BBSF","FALSE","FALSE","","10,000,000","","EUR","","","","","","","","","","","","","","","","","","","","","","","","","0.05","","","","","","0.02459804","","","","","","false","","","3","","","A004","","","","","","","","1105910.88000","MNTH","","","","3","","","","UFRO","EUR","","","","","false","1","","","","","","","","","","FALSE","","","","","","","","","QZ3HM9KVK2WL","NA/CDS Corp Idx","ITRAXX EUROPE CROSSOVER"
"4109145771000000201","","NEWT","TRAD","2026-07-09T13:03:30Z","","CR","","I","TRUE","2026-07-09T13:03:30Z","2026-07-10","2031-06-20","","FALSE","BBSF","FALSE","TRUE","","47,276,998+","","EUR","","","","","","","","","","","","","","","","","","","","","","","","","0.05","","","","","","0.024605","","","","","","false","","","3","","","A004","","","","","","","","5226874.88529","MNTH","","","","3","","","","UFRO","EUR","","","","","false","1","","","","","","","","","","TRUE","","","","0.003345","","3","","","QZ3HM9KVK2WL","NA/CDS Corp Idx","ITRAXX EUROPE CROSSOVER"
"4110771530000000101","3211229663000000701","EROR","","2026-07-07T16:11:24Z","","CR","","N","FALSE","2022-11-09T15:58:20Z","2022-11-09","2026-12-20","","FALSE","BILT","FALSE","FALSE","FALSE","2,000,000","","USD","","","","","","","","","","","","","","","","","","","","","","","","","0.05","","","","","","","","","","","","false","","","","","","A004","","","","","","","","0.00000","MNTH","","","","3","","","","UFRO","USD","","","","","false","0.95","","","","","","","","","","FALSE","","","","","","","","","QZ68KRHJVV05","NA/CDS Corp Idx Tra","CDX.NA.HY"
"4110560816000000301","","NEWT","TRAD","2026-07-09T15:30:16Z","","CR","","N","FALSE","2026-07-09T15:30:16Z","2026-09-16","2026-09-16","","FALSE","BILT","FALSE","FALSE","TRUE","60,000,000","","USD","","","","","","","","","","","","","","","","","","","","","","","","2026-09-16","","","43,199.856","USD","","","","","","","0.00625","","false","","","","","3","A004","","","","","","","","0.00000","MNTH","","","","3","","","","UFRO","USD","","","","","false","","","","","","","","","","","FALSE","","","","","","","","","QZT4QS79CCTS","NA/CDS Idx Swt","NA/CDS Corp Idx"
"4110589427000000101","","NEWT","TRAD","2026-07-09T15:35:16Z","","CR","","I","TRUE","2026-07-09T15:35:14Z","2026-03-20","2031-06-20","","FALSE","BMTF","FALSE","TRUE","TRUE","250,000,000+","","USD","","","","","","","","","","","","","","","","","","","","","","","","","0.01","","","","","","","","","","","","false","","","","","","A004","","","","","","","","","MNTH","","","","3","","","","","","USD","","","","false","1","","","","","","","","","","FALSE","","","","","","","","","QZ3WVVQG5T8K","NA/CDS Corp Idx","CDX.NA.IG"
"4110485795000000201","","NEWT","TRAD","2026-07-09T15:17:14Z","","CR","","I","TRUE","2026-07-09T15:17:14Z","2026-07-10","2030-12-20","","FALSE","BBSF","FALSE","FALSE","","20,000,000","","EUR","","","","","","","","","","","","","","","","","","","","","","","","","0.05","","","","","","0.021","","","","","","false","","","3","","","A004","","","","","","","","2334778.64000","MNTH","","","","3","","","","UFRO","EUR","","","","","false","1","","","","","","","","","","TRUE","0.05","","3","","","","","","QZ5F5FRS4TR9","NA/CDS Corp Idx","ITRAXX EUROPE CROSSOVER"
"4110424634000000201","","NEWT","TRAD","2026-07-09T15:07:25Z","","CR","","I","TRUE","2026-07-09T15:07:25Z","2026-07-10","2031-06-20","","FALSE","BBSF","FALSE","TRUE","","250,000,000+","","USD","","","","","","","","","","","","","","","","","","","","","","","","","0.01","","","","","","0.005046","","","","","","false","","","3","","","A004","","","","","","","","5626299.12000","MNTH","","","","3","","","","UFRO","USD","","","","","false","1","","","","","","","","","","FALSE","","","","","","","","","QZ3WVVQG5T8K","NA/CDS Corp Idx","CDX.NA.IG"
"4110494204000000101","4110417500000000201","TERM","ETRM","2026-07-09T15:03:55Z","","CR","","I","TRUE","2026-07-09T15:02:37Z","2026-03-20","2031-06-20","","","BILT","FALSE","FALSE","TRUE","200,000,000","","USD","","","","","","","","","","","","","","","","","","","","","","","","","0.01","","","","","","","","","","","","false","","","","","","A004","","","","","","","","4497416.00000","MNTH","","","","3","","","","UFRO","USD","","","","","false","1","","","","","","","","","","FALSE","","","","","","","","","QZ3WVVQG5T8K","NA/CDS Corp Idx","CDX.NA.IG"
"4110489885000000301","4085724902000004501","MODI","TRAD","2025-10-20T15:59:24Z","TRUE","CR","","N","FALSE","2025-10-20T15:59:23Z","2025-09-22","2030-12-20","2030-12-20","TRUE","BILT","FALSE","TRUE","TRUE","100,000,000","","EUR","","","","","","","","","","","","","","","","","","","","","","","","2025-11-19","0.05","","71,000","EUR","","","","","","","0.025","","false","","","","","3","A004","","","","","","","","","MNTH","","","","3","","","","","","","","","","false","1","","","","","","","","","","FALSE","","","","","","","","","QZQ9RDJP4641","NA/CDS Idx Swt","NA/CDS Corp Idx"
"4110515620000000101","","NEWT","TRAD","2026-07-09T15:22:54Z","","CR","","I","FALSE","2026-07-09T15:22:54Z","2026-07-10","2031-06-20","","","TWSF","FALSE","FALSE","","40,000,000","","USD","","","","","","","","","","","","","","","","","","","","","","","","","0.01","","","","","","0.005044","","","","","","false","","","3","","","A004","","","","","","","","900570.24000","MNTH","","","","3","","","","UFRO","USD","","","","","false","1","","","","","","","","","","FALSE","","","","","","","","","QZ3WVVQG5T8K","NA/CDS Corp Idx","CDX.NA.IG"
"4110522789000000201","","NEWT","TRAD","2026-07-09T15:23:53Z","","CR","","I","FALSE","2026-07-09T15:23:53Z","2026-03-20","2031-06-20","","FALSE","TPSE","FALSE","FALSE","","20,000,000","","USD","","","","","","","","","","","","","","","","","","","","","","","","","0.01","","","","","","98.22","","USD","","","","false","","","1","","","A004","","","","","","","","","MNTH","","","","3","","","","","","USD","","","","false","1","","","","","","","OTHR","","","FALSE","","","","","","","","","QZ4JMQKL3P03","NA/CDS Corp Idx","CDX.EM"
"4110531266000000101","4085660587000005401","MODI","TRAD","2025-09-23T11:54:27Z","TRUE","CR","","N","FALSE","2025-09-23T11:54:27Z","2025-03-20","2030-06-20","2030-06-20","TRUE","BILT","FALSE","TRUE","TRUE","100,000,000","","EUR","","","","","","","","","","","","","","","","","","","","","","","","2025-11-19","0.05","","615,000","EUR","","","","","","","0.02625","","false","","","","","3","A004","","","","","","","","","MNTH","","","","3","","","","","","","","","","false","1","","","","","","","","","","FALSE","","","","","","","","","QZQ9RDJP4641","NA/CDS Idx Swt","NA/CDS Corp Idx"
"4110535807000000101","","NEWT","TRAD","2026-07-09T15:25:40Z","","CR","","I","FALSE","2026-07-09T15:25:40Z","2026-03-20","2031-06-20","","FALSE","TPSE","FALSE","FALSE","","20,000,000","","USD","","","","","","","","","","","","","","","","","","","","","","","","","0.01","","","","","","98.22","","USD","","","","false","","","1","","","A004","","","","","","","","","MNTH","","","","3","","","","","","USD","","","","false","1","","","","","","","OTHR","","","FALSE","","","","","","","","","QZ4JMQKL3P03","NA/CDS Corp Idx","CDX.EM"
"4110522788000000101","4110446265000000401","MODI","TRAD","2026-07-08T18:09:35Z","TRUE","CR","","N","FALSE","2026-07-08T17:56:17Z","2026-03-20","2031-06-20","2031-06-20","TRUE","BILT","FALSE","TRUE","TRUE","200,000,000","","USD","","","","","","","","","","","","","","","","","","","","","","","","2026-12-16","0.05","","1,534,500","USD","","","","","","","103","USD","false","","","","","1","A004","","","","","","","","","MNTH","","","","3","","","","","","","","","","false","0.99","","","","","","","","","","FALSE","","","","","","","","","QZX75BBR2PZH","NA/CDS Idx Swt","NA/CDS Corp Idx"
"4110542453000000101","","NEWT","TRAD","2026-07-09T15:27:32Z","","CR","","I","TRUE","2026-07-09T15:27:32Z","2026-07-10","2031-06-20","","","TWSF","FALSE","FALSE","","10,000,000","","USD","","","","","","","","","","","","","","","","","","","","","","","","","0.05","","","","","","0.010813","","","","","","false","","","3","","","A004","","","","","","","","829620.00000","MNTH","","","","3","","","","UFRO","USD","","","","","false","0.99","","","","","","","","","","FALSE","","","","","","","","","QZHH8NT767RX","NA/CDS Corp Idx","CDX.NA.HY"
"4110582499000000101","","NEWT","TRAD","2026-07-09T15:33:58Z","","CR","","I","TRUE","2026-07-09T15:33:58Z","2026-03-20","2031-06-20","","FALSE","TPSE","FALSE","FALSE","","100,000,000","","USD","","","","","","","","","","","","","","","","","","","","","","","","","0.01","","","","","","0.005045","","","","","","false","","","3","","","A004","","","","","","","","","MNTH","","","","3","","","","","","USD","","","","false","1","","","","","","","OTHR","","","FALSE","","","","","","","","","QZ3WVVQG5T8K","NA/CDS Corp Idx","CDX.NA.IG"
"4110605648000000101","","NEWT","TRAD","2026-07-09T15:38:23Z","","CR","","I","TRUE","2026-07-09T15:38:23Z","2026-07-10","2031-06-20","","FALSE","BBSF","FALSE","FALSE","","5,000,000","","USD","","","","","","","","","","","","","","","","","","","","","","","","","0.05","","","","","","0.01081195","","","","","","false","","","3","","","A004","","","","","","","","414290.25000","MNTH","","","","3","","","","UFRO","USD","","","","","false","0.99","","","","","","","","","","FALSE","","","","","","","","","QZHH8NT767RX","NA/CDS Corp Idx","CDX.NA.HY"
"4110642401000000101","","NEWT","TRAD","2026-07-09T15:36:29Z","FALSE","CR","","N","FALSE","2026-07-09T15:36:29Z","2026-07-09","2061-08-17","","FALSE","BILT","FALSE","FALSE","FALSE","10,000,000","","USD","","","","","","","","","","","","","","","","","","","","","","","","","0.03","","","","","","","","","","","","false","","","","","","A004","","","","","","","","2088333.33000","MNTH","","","","1","","","","UFRO","USD","","","","","false","1","","","","","","","","","","FALSE","","","","","","","","","QZ6CG82Z2PRJ","NA/CDS Corp Idx","CMBX.NA.BBB-"
"4110592816000000201","","NEWT","TRAD","2026-07-09T15:35:25Z","","CR","","N","FALSE","2026-07-09T15:35:25Z","2026-10-21","2026-10-21","","FALSE","BILT","FALSE","FALSE","TRUE","50,000,000","","EUR","","","","","","","","","","","","","","","","","","","","","","","","2026-10-21","","","130,000","EUR","","","","","","","0.04","","false","","","","","3","A004","","","","","","","","0.00000","MNTH","","","","3","","","","UFRO","EUR","","","","","false","","","","","","","","","","","FALSE","","","","","","","","","QZWDX55NJN4V","NA/CDS Idx Swt","NA/CDS Corp Idx"
"4111131620000000201","","NEWT","TRAD","2026-07-09T16:14:16Z","","CR","","I","TRUE","2026-07-09T16:14:16Z","2026-07-10","2031-06-20","","FALSE","BBSF","FALSE","FALSE","","50,000,000","","USD","","","","","","","","","","","","","","","","","","","","","","","","","0.01","","","","","","0.005043","","","","","","false","","","3","","","A004","","","","","","","","1125939.30000","MNTH","","","","3","","","","UFRO","USD","","","","","false","1","","","","","","","","","","FALSE","","","","","","","","","QZ3WVVQG5T8K","NA/CDS Corp Idx","CDX.NA.IG"
"4111150690000000401","","NEWT","TRAD","2026-07-09T16:16:38Z","","CR","","I","TRUE","2026-07-09T16:16:38Z","2026-07-10","2031-06-20","","FALSE","BBSF","FALSE","FALSE","","15,000,000","","EUR","","","","","","","","","","","","","","","","","","","","","","","","","0.05","","","","","","0.0244375","","","","","","false","","","3","","","A004","","","","","","","","1670143.92000","MNTH","","","","3","","","","UFRO","EUR","","","","","false","1","","","","","","","","","","FALSE","","","","","","","","","QZ3HM9KVK2WL","NA/CDS Corp Idx","ITRAXX EUROPE CROSSOVER"
"4111146538000000201","","NEWT","TRAD","2026-07-09T16:15:54Z","","CR","","I","TRUE","2026-07-09T16:15:54Z","2026-03-20","2031-06-20","","FALSE","TPSE","FALSE","FALSE","","50,000,000","","USD","","","","","","","","","","","","","","","","","","","","","","","","","0.01","","","","","","0.005035","","","","","","false","","","3","","","A004","","","","","","","","","MNTH","","","","3","","","","","","USD","","","","false","1","","","","","","","OTHR","","","FALSE","","","","","","","","","QZ3WVVQG5T8K","NA/CDS Corp Idx","CDX.NA.IG"
"4113422837000001401","","NEWT","TRAD","2026-07-09T18:17:14Z","","CR","","N","FALSE","2026-07-09T18:17:14Z","2026-07-11","2055-03-15","2055-03-15","TRUE","BILT","FALSE","FALSE","TRUE","120,000,000","","USD","","","","","","","","","","","","","","","","","","","","","","","","","","","","","","","1","","","","","","false","","","4","","","","","A004","","DAIL","","1","","","","","","","","","","","","","USD","","","","true","","","","","","","","OPET","","","FALSE","","","","","","","","","QZWBC8GZ8TBN","NA/CDS Corp Oth","Basket"
"4113422830000000701","","NEWT","TRAD","2026-07-09T18:21:36Z","","CR","","N","FALSE","2026-07-09T18:21:36Z","2026-07-10","2026-10-14","","FALSE","BILT","FALSE","FALSE","TRUE","24,000,000","","USD","","","","","","","","","","","","","","","","","","","","","","","","","0.04625","","","","","","","","","","","","false","","","","","","A006","","","","","","","","239631.41983","MNTH","","","","6","","","","PEXH","USD","","","","","false","","","","","","","","","","","FALSE","","","","","","","","","QZWPDD564ZX3","NA/CDS Corp SN","DTD 04/30/2024"
"4111930266000000201","4110866706000000501","MODI","TRAD","2026-07-09T17:02:25Z","TRUE","CR","","N","FALSE","2026-07-09T15:18:30Z","2026-03-20","2031-06-20","2031-06-20","TRUE","BILT","FALSE","TRUE","TRUE","82,000,000","","USD","","","","","","","","","","","","","","","","","","","","","","","","2026-09-16","0.05","","276,010.62667","USD","","","","","","","105","USD","false","","","","","1","A004","","","","","","","","","MNTH","","","","3","","","","","","","","","","false","1","","","","","","","","","","FALSE","","","","","","","","","QZX75BBR2PZH","NA/CDS Idx Swt","NA/CDS Corp Idx"
"4111930267000000301","4110866703000000201","MODI","TRAD","2026-07-09T17:02:45Z","TRUE","CR","","N","FALSE","2026-07-09T15:18:30Z","2026-03-20","2031-06-20","2031-06-20","TRUE","BILT","FALSE","TRUE","TRUE","82,000,000","","USD","","","","","","","","","","","","","","","","","","","","","","","","2026-08-19","0.05","","202,948.9902","USD","","","","","","","106","USD","false","","","","","1","A004","","","","","","","","","MNTH","","","","3","","","","","","","","","","false","1","","","","","","","","","","FALSE","","","","","","","","","QZX75BBR2PZH","NA/CDS Idx Swt","NA/CDS Corp Idx"
"4111991252000000101","","NEWT","TRAD","2026-07-09T17:11:40Z","","CR","","N","FALSE","2026-07-09T17:10:00Z","2026-07-10","2026-11-06","","TRUE","BILT","FALSE","FALSE","TRUE","100,000,000","","USD","","","","","","","","","","","","","","","","","","","","","","","","","","","","","","","0.0019","","","","","","false","","","3","","","","","A004","","MNTH","","6","","","","MNTH","","","","6","","","","","USD","","","","false","","","","","","","","","","","FALSE","","","","","","","","","QZ5TG0SZP177","NA/CDS Corp SN Sr","DTD 08/15/2020"
"4112050083000000101","","NEWT","TRAD","2026-07-09T17:14:31Z","","CR","","N","FALSE","2026-07-09T17:13:00Z","2026-07-10","2026-11-06","","TRUE","BILT","FALSE","FALSE","TRUE","300,000,000","","USD","","","","","","","","","","","","","","","","","","","","","","","","","","","","","","","0.0019","","","","","","false","","","3","","","","","A004","","MNTH","","6","","","","MNTH","","","","6","","","","","USD","","","","false","","","","","","","","","","","FALSE","","","","","","","","","QZ9KK3FH6XS0","NA/CDS Corp SN Sr","GENERIC TINT PMT"
"4112699135000000302","","NEWT","TRAD","2026-07-09T17:44:06Z","","CR","","I","TRUE","2026-07-09T17:44:06Z","2026-03-20","2031-06-20","","FALSE","TPSE","FALSE","FALSE","","5,000,000","","USD","","","","","","","","","","","","","","","","","","","","","","","","","0.05","","","","","","108.15","","USD","","","","false","","","1","","","A004","","","","","","","","","MNTH","","","","3","","","","","","USD","","","","false","0.99","","","","","","","OTHR","","","FALSE","","","","","","","","","QZHH8NT767RX","NA/CDS Corp Idx","CDX.NA.HY"
"4112437514000000101","3939686368000000301","MODI","TRAD","2026-07-09T17:26:24Z","TRUE","CR","","N","FALSE","2026-06-30T13:54:56Z","2026-03-20","2031-06-20","2031-06-20","TRUE","BILT","FALSE","TRUE","TRUE","400,000,000+","","USD","","","","","","","","","","","","","","","","","","","","","","","","2026-12-16","0.01","","1,009,989.9","USD","","","","","","","0.006","","false","","","","","3","A004","","","","","","","","","MNTH","","","","3","","","","","","","","","","false","1","","","","","","","","","","FALSE","","","","","","","","","QZX75BBR2PZH","NA/CDS Idx Swt","NA/CDS Corp Idx"
"4098719523000000201","","NEWT","TRAD","2026-07-09T07:40:59Z","","CR","","I","FALSE","2026-07-09T07:40:59Z","2026-07-10","2031-06-20","","","TWSF","FALSE","FALSE","","42,000,000","","EUR","","","","","","","","","","","","","","","","","","","","","","","","","0.01","","","","","","0.005168","","","","","","false","","","3","","","A004","","","","","","","","954158.91000","MNTH","","","","3","","","","UFRO","EUR","","","","","false","1","","","","","","","","","","FALSE","","","","","","","","","QZTQ4GTC5QMF","NA/CDS Corp Idx","ITRAXX EUROPE"
"4096430247000000201","","NEWT","TRAD","2026-07-09T06:47:28Z","","CR","","I","TRUE","2026-07-09T06:47:28Z","2026-07-10","2031-06-20","","","TWSF","FALSE","TRUE","","166,344,993+","","EUR","","","","","","","","","","","","","","","","","","","","","","","","","0.01","","","","","","0.0051525","","","","","","false","","","3","","","A004","","","","","","","","3791164.47017","MNTH","","","","3","","","","UFRO","EUR","","","","","false","1","","","","","","","","","","FALSE","","","","","","","","","QZTQ4GTC5QMF","NA/CDS Corp Idx","ITRAXX EUROPE"
"4096794350000000101","","NEWT","TRAD","2026-07-09T06:59:39Z","","CR","","I","TRUE","2026-07-09T06:59:39Z","2026-07-10","2031-06-20","","","TWSF","FALSE","FALSE","","22,000,000","","EUR","","","","","","","","","","","","","","","","","","","","","","","","","0.01","","","","","","0.0051708","","","","","","false","","","3","","","A004","","","","","","","","499507.95680","MNTH","","","","3","","","","UFRO","EUR","","","","","false","1","","","","","","","","","","FALSE","","","","","","","","","QZTQ4GTC5QMF","NA/CDS Corp Idx","ITRAXX EUROPE"
"4115129332000000101","4111698319000000101","CORR","","2026-07-09T16:45:36Z","","CR","","N","FALSE","2026-07-09T16:45:36Z","2026-07-10","2064-11-18","","FALSE","BILT","FALSE","FALSE","FALSE","5,000,000","","USD","","","","","","","","","","","","","","","","","","","","","","","","","0.05","","","","","","","","","","","","false","","","","","","A004","","","","","","","","952777.78000","MNTH","","","","1","","","","UFRO","USD","USD","","","","false","1","","","","","","","","","","FALSE","","","","","","","","","QZ74JHWP5LPJ","NA/CDS Corp Idx","CMBX.NA.BB"
"4100490032000000101","","NEWT","TRAD","2026-07-09T08:14:27Z","","CR","","I","TRUE","2026-07-09T08:14:27Z","2026-07-10","2031-06-20","","FALSE","BBSF","FALSE","FALSE","","4,000,000","","EUR","","","","","","","","","","","","","","","","","","","","","","","","","0.01","","","","","","0.0051665","","","","","","false","","","3","","","A004","","","","","","","","90900.41000","MNTH","","","","3","","","","UFRO","EUR","","","","","false","1","","","","","","","","","","FALSE","","","","","","","","","QZTQ4GTC5QMF","NA/CDS Corp Idx","ITRAXX EUROPE"
"4103191225000000201","4103165867000000201","MODI","TRAD","2026-07-09T09:20:01Z","TRUE","CR","","I","TRUE","2026-07-09T09:19:31Z","2026-03-20","2031-06-20","","FALSE","TPSE","FALSE","FALSE","","47,276,998+","","EUR","","","","","","","","","","","","","","","","","","","","","","","","","0.05","","","","","","0.02465","","","","","","false","","","3","","","A004","","","","","","","","","MNTH","","","","3","","","","","","EUR","","","","false","1","","","","","","","OTHR","","","FALSE","","","","","","","","","QZ3HM9KVK2WL","NA/CDS Corp Idx","ITRAXX EUROPE CROSSOVER"
"4101522551000000101","","NEWT","TRAD","2026-07-09T08:28:04Z","FALSE","CR","","I","TRUE","2026-07-09T08:28:04Z","2026-07-09","2026-08-19","","","BILT","FALSE","FALSE","TRUE","300,000,000","","EUR","","","","","","","","","","","","","","","","","","","","","","","","2026-08-19","","","218,400","EUR","","","0.00575","","","","0.00575","","false","","","3","","3","","","","","","","","","","","","","","","","","","","","","","","","false","1","","","","","","","","","","FALSE","","","","","","","","","QZS1WNR5R2ND","NA/CDS Idx Swt","NA/CDS Corp Idx"
"4106939534000000301","","NEWT","TRAD","2026-07-09T10:36:42Z","","CR","","I","TRUE","2026-07-09T10:36:42Z","2026-07-10","2031-06-20","","","TWSF","FALSE","FALSE","","11,000,000","","EUR","","","","","","","","","","","","","","","","","","","","","","","","","0.05","","","","","","0.024791","","","","","","false","","","3","","","A004","","","","","","","","1206578.43913","MNTH","","","","3","","","","UFRO","EUR","","","","","false","1","","","","","","","","","","FALSE","","","","","","","","","QZ3HM9KVK2WL","NA/CDS Corp Idx","ITRAXX EUROPE CROSSOVER"
"4106912612000000201","","NEWT","TRAD","2026-07-09T10:35:48Z","","CR","","I","TRUE","2026-07-09T10:35:48Z","2026-07-10","2031-06-20","","","TWSF","FALSE","TRUE","","166,344,993+","","EUR","","","","","","","","","","","","","","","","","","","","","","","","","0.01","","","","","","0.0052","","","","","","false","","","3","","","A004","","","","","","","","3754081.38140","MNTH","","","","3","","","","UFRO","EUR","","","","","false","1","","","","","","","","","","TRUE","","","","0.41425","","3","","","QZTQ4GTC5QMF","NA/CDS Corp Idx","ITRAXX EUROPE"
"4107426376000000101","","NEWT","TRAD","2026-07-09T10:55:16Z","","CR","","I","TRUE","2026-07-09T10:55:16Z","2026-07-10","2031-06-20","","FALSE","BBSF","FALSE","FALSE","","15,000,000","","EUR","","","","","","","","","","","","","","","","","","","","","","","","","0.05","","","","","","0.024877","","","","","","false","","","3","","","A004","","","","","","","","1639302.86000","MNTH","","","","3","","","","UFRO","EUR","","","","","false","1","","","","","","","","","","FALSE","","","","","","","","","QZ3HM9KVK2WL","NA/CDS Corp Idx","ITRAXX EUROPE CROSSOVER"
"4107468866000000101","","NEWT","TRAD","2026-07-09T10:58:27Z","","CR","","I","TRUE","2026-07-09T10:58:27Z","2026-07-10","2031-06-20","","FALSE","BBSF","FALSE","FALSE","","10,000,000","","EUR","","","","","","","","","","","","","","","","","","","","","","","","","0.05","","","","","","0.0249063","","","","","","false","","","3","","","A004","","","","","","","","1091500.31000","MNTH","","","","3","","","","UFRO","EUR","","","","","false","1","","","","","","","","","","FALSE","","","","","","","","","QZ3HM9KVK2WL","NA/CDS Corp Idx","ITRAXX EUROPE CROSSOVER"
"4107622342000000201","","NEWT","TRAD","2026-07-09T11:09:54Z","","CR","","I","TRUE","2026-07-09T11:09:54Z","2026-07-10","2031-06-20","","FALSE","BBSF","FALSE","FALSE","","5,000,000","","USD","","","","","","","","","","","","","","","","","","","","","","","","","0.05","","","","","","0.01079955","","","","","","false","","","3","","","A004","","","","","","","","408152.25000","MNTH","","","","3","","","","UFRO","USD","","","","","false","0.99","","","","","","","","","","FALSE","","","","","","","","","QZHH8NT767RX","NA/CDS Corp Idx","CDX.NA.HY"
"4111762478000000301","","NEWT","TRAD","2026-07-09T17:01:41Z","","CR","","I","TRUE","2026-07-09T17:01:41Z","2026-07-10","2031-06-20","","FALSE","BBSF","FALSE","FALSE","","50,000,000","","USD","","","","","","","","","","","","","","","","","","","","","","","","","0.01","","","","","","0.00503564","","","","","","false","","","3","","","A004","","","","","","","","1127606.34000","MNTH","","","","3","","","","UFRO","USD","","","","","false","1","","","","","","","","","","FALSE","","","","","","","","","QZ3WVVQG5T8K","NA/CDS Corp Idx","CDX.NA.IG"
"4111787053000000401","","NEWT","TRAD","2026-07-09T17:02:41Z","","CR","","I","TRUE","2026-07-09T17:02:41Z","2026-07-10","2031-06-20","","","TWSF","FALSE","FALSE","","50,000,000","","USD","","","","","","","","","","","","","","","","","","","","","","","","","0.01","","","","","","0.005038","","","","","","false","","","3","","","A004","","","","","","","","1127071.79000","MNTH","","","","3","","","","UFRO","USD","","","","","false","1","","","","","","","","","","FALSE","","","","","","","","","QZ3WVVQG5T8K","NA/CDS Corp Idx","CDX.NA.IG"
"4111525690000000201","","NEWT","TRAD","2026-07-09T16:37:44Z","","CR","","I","TRUE","2026-07-09T16:37:44Z","2026-07-10","2031-06-20","","FALSE","BBSF","FALSE","FALSE","","7,000,000","","USD","","","","","","","","","","","","","","","","","","","","","","","","","0.05","","","","","","0.01081299","","","","","","false","","","3","","","A004","","","","","","","","580727.07000","MNTH","","","","3","","","","UFRO","USD","","","","","false","0.99","","","","","","","","","","FALSE","","","","","","","","","QZHH8NT767RX","NA/CDS Corp Idx","CDX.NA.HY"
"4111537262000000101","","NEWT","TRAD","2026-07-09T16:38:28Z","","CR","","I","TRUE","2026-07-09T16:38:28Z","2026-07-10","2031-06-20","","FALSE","BBSF","FALSE","FALSE","","50,000,000","","USD","","","","","","","","","","","","","","","","","","","","","","","","","0.01","","","","","","0.00504","","","","","","false","","","3","","","A004","","","","","","","","1126618.79000","MNTH","","","","3","","","","UFRO","USD","","","","","false","1","","","","","","","","","","FALSE","","","","","","","","","QZ3WVVQG5T8K","NA/CDS Corp Idx","CDX.NA.IG"
"4111578232000000101","","NEWT","TRAD","2026-07-09T16:39:18Z","","CR","","I","TRUE","2026-07-09T16:39:18Z","2026-03-20","2026-09-16","","FALSE","BILT","FALSE","FALSE","TRUE","100,000,000","","USD","","","","","","","","","","","","","","","","","","","","","","","","2026-09-16","0.00525","","157,500","USD","","","1","","","","0.525","","false","","","3","","3","A004","","","","","","","","","MNTH","","","","3","","","","","","","","","","false","","","","","","","","","","","FALSE","","","","","","","","","QZ7WW76RFHN3","NA/CDS Idx Swt","NA/CDS Corp Idx"
"4111741872000000101","4111730482000000201","EROR","","2026-07-09T16:58:50Z","","CR","","N","TRUE","2026-07-09T16:56:41Z","2026-07-09","2031-06-20","","FALSE","BILT","FALSE","TRUE","FALSE","166,344,993+","","EUR","","","","","","","","","","","","","","","","","","","","","","","","","0.01","","","","","","","","","","","","false","","","","","","A004","","","","","","","","3800867.82488","MNTH","","","","3","","","","UFRO","EUR","","","","","false","1","","","","","","","","","","FALSE","","","","","","","","","QZTQ4GTC5QMF","NA/CDS Corp Idx","ITRAXX EUROPE"
"4112097931000000101","","NEWT","TRAD","2026-07-09T17:16:15Z","","CR","","I","TRUE","2026-07-09T17:16:15Z","2026-07-10","2031-06-20","","","TWSF","FALSE","FALSE","","8,000,000","","USD","","","","","","","","","","","","","","","","","","","","","","","","","0.05","","","","","","0.01081627","","","","","","false","","","3","","","A004","","","","","","","","666286.66846","MNTH","","","","3","","","","UFRO","USD","","","","","false","0.99","","","","","","","","","","FALSE","","","","","","","","","QZHH8NT767RX","NA/CDS Corp Idx","CDX.NA.HY"
"4112149207000000101","","NEWT","TRAD","2026-07-09T17:18:27Z","","CR","","I","FALSE","2026-07-09T17:18:27Z","2026-07-10","2031-06-20","","FALSE","BBSF","FALSE","FALSE","","4,000,000","","USD","","","","","","","","","","","","","","","","","","","","","","","","","0.01","","","","","","0.0098265","","","","","","false","","","3","","","A004","","","","","","","","67400.00000","MNTH","","","","3","","","","UFRO","USD","","","","","false","1","","","","","","","","","","FALSE","","","","","","","","","QZ4JMQKL3P03","NA/CDS Corp Idx","CDX.EM"
"4111738289000000201","","NEWT","TRAD","2026-07-09T16:55:28Z","","CR","","N","FALSE","2026-07-09T16:55:28Z","2026-07-11","2055-03-15","2055-03-15","TRUE","BILT","FALSE","FALSE","TRUE","36,000,000","","USD","","","","","","","","","","","","","","","","","","","","","","","","","","","","","","","1","","","","","","false","","","4","","","","","A004","","DAIL","","1","","","","","","","","","","","","","USD","","","","true","","","","","","","","OPET","","","FALSE","","","","","","","","","QZWBC8GZ8TBN","NA/CDS Corp Oth","Basket"
"4111709743000000101","","NEWT","TRAD","2026-07-09T16:39:42Z","","CR","","N","FALSE","2026-07-09T16:39:42Z","2026-09-16","2026-09-16","2031-06-20","FALSE","BILT","FALSE","FALSE","FALSE","100,000,000","","USD","","","","","","","","","","","","","","","","","","","","","","","","2026-09-16","0.05","","336,600","USD","","","","","","","1.05","","false","","","","","3","A004","","","","","","","","","MNTH","","","","3","","","","","","","","","","false","","","","","","","","","","","FALSE","","","","","","","","","QZ9LPD3ZB1KR","NA/CDS Idx Swt","NA/CDS Corp Idx"
"4112242370000000101","","NEWT","TRAD","2026-07-09T17:22:50Z","","CR","","I","TRUE","2026-07-09T17:22:50Z","2026-07-10","2031-06-20","","FALSE","BBSF","FALSE","FALSE","","30,000,000","","USD","","","","","","","","","","","","","","","","","","","","","","","","","0.05","","","","","","0.01081599","","","","","","false","","","3","","","A004","","","","","","","","2497740.30000","MNTH","","","","3","","","","UFRO","USD","","","","","false","0.99","","","","","","","","","","FALSE","","","","","","","","","QZHH8NT767RX","NA/CDS Corp Idx","CDX.NA.HY"
"4112301639000000101","","NEWT","TRAD","2026-07-09T17:25:10Z","","CR","","I","TRUE","2026-07-09T17:25:10Z","2026-07-10","2031-06-20","","FALSE","BBSF","FALSE","FALSE","","30,000,000","","USD","","","","","","","","","","","","","","","","","","","","","","","","","0.05","","","","","","0.010815","","","","","","false","","","3","","","A004","","","","","","","","2494800.00000","MNTH","","","","3","","","","UFRO","USD","","","","","false","0.99","","","","","","","","","","FALSE","","","","","","","","","QZHH8NT767RX","NA/CDS Corp Idx","CDX.NA.HY"
"4105451205000000101","","NEWT","TRAD","2026-07-09T10:08:02Z","","CR","","I","TRUE","2026-07-09T10:08:02Z","2026-07-10","2031-06-20","","FALSE","BBSF","FALSE","FALSE","","20,000,000","","EUR","","","","","","","","","","","","","","","","","","","","","","","","","0.01","","","","","","0.0051985","","","","","","false","","","3","","","A004","","","","","","","","451502.08000","MNTH","","","","3","","","","UFRO","EUR","","","","","false","1","","","","","","","","","","FALSE","","","","","","","","","QZTQ4GTC5QMF","NA/CDS Corp Idx","ITRAXX EUROPE"
"4099162117000000101","","NEWT","TRAD","2026-07-09T07:47:42Z","","CR","","I","TRUE","2026-07-09T07:47:42Z","2026-07-10","2031-06-20","","FALSE","BBSF","FALSE","FALSE","","4,000,000","","EUR","","","","","","","","","","","","","","","","","","","","","","","","","0.05","","","","","","0.024546","","","","","","false","","","3","","","A004","","","","","","","","443338.80000","MNTH","","","","3","","","","UFRO","EUR","","","","","false","1","","","","","","","","","","FALSE","","","","","","","","","QZ3HM9KVK2WL","NA/CDS Corp Idx","ITRAXX EUROPE CROSSOVER"
"4098654784000000101","","NEWT","TRAD","2026-07-09T07:39:30Z","","CR","","I","TRUE","2026-07-09T07:39:30Z","2026-07-10","2031-06-20","","FALSE","BBSF","FALSE","FALSE","","100,000,000","","EUR","","","","","","","","","","","","","","","","","","","","","","","","","0.01","","","","","","0.005168","","","","","","false","","","3","","","A004","","","","","","","","2271806.94000","MNTH","","","","3","","","","UFRO","EUR","","","","","false","1","","","","","","","","","","FALSE","","","","","","","","","QZTQ4GTC5QMF","NA/CDS Corp Idx","ITRAXX EUROPE"
"4110110895000000301","","NEWT","TRAD","2026-07-09T14:24:30Z","","CR","","I","TRUE","2026-07-09T14:24:30Z","2026-07-10","2031-06-20","","","TWSF","FALSE","FALSE","","16,000,000","","EUR","","","","","","","","","","","","","","","","","","","","","","","","","0.01","","","","","","0.00517366","","","","","","false","","","3","","","A004","","","","","","","","363064.80835","MNTH","","","","3","","","","UFRO","EUR","","","","","false","1","","","","","","","","","","FALSE","","","","","","","","","QZTQ4GTC5QMF","NA/CDS Corp Idx","ITRAXX EUROPE"
"4110174699000000101","","NEWT","TRAD","2026-07-09T14:31:42Z","","CR","","I","FALSE","2026-07-09T14:31:42Z","2026-03-20","2031-06-20","","FALSE","TPSE","FALSE","FALSE","","10,000,000","","USD","","","","","","","","","","","","","","","","","","","","","","","","","0.01","","","","","","98.18","","USD","","","","false","","","1","","","A004","","","","","","","","","MNTH","","","","3","","","","","","USD","","","","false","1","","","","","","","OTHR","","","FALSE","","","","","","","","","QZ4JMQKL3P03","NA/CDS Corp Idx","CDX.EM"
"4110167542000000401","","NEWT","TRAD","2026-07-09T14:30:40Z","","CR","","I","TRUE","2026-07-09T14:30:36Z","2026-07-10","2031-06-20","","","BILT","FALSE","FALSE","FALSE","13,000,000","","USD","","","","","","","","","","","","","","","","","","","","","","","","","0.01","","","","","","","","","","","","false","","","","","","A004","","","","","","","","292155.36000","MNTH","","","","3","","","","UFRO","USD","","","","","false","1","","","","","","","","","","FALSE","","","","","","","","","QZ3WVVQG5T8K","NA/CDS Corp Idx","CDX.NA.IG"
"4110183634000000301","","NEWT","TRAD","2026-07-09T14:32:31Z","","CR","","I","TRUE","2026-07-09T14:32:31Z","2026-07-10","2031-06-20","","FALSE","BBSF","FALSE","FALSE","","17,000,000","","USD","","","","","","","","","","","","","","","","","","","","","","","","","0.01","","","","","","0.00506","","","","","","false","","","3","","","A004","","","","","","","","381510.32000","MNTH","","","","3","","","","UFRO","USD","","","","","false","1","","","","","","","","","","FALSE","","","","","","","","","QZ3WVVQG5T8K","NA/CDS Corp Idx","CDX.NA.IG"
"4110201950000000101","","NEWT","TRAD","2026-07-09T14:34:30Z","","CR","","I","TRUE","2026-07-09T14:34:30Z","2026-07-10","2031-06-20","","FALSE","BBSF","FALSE","FALSE","","20,000,000","","USD","","","","","","","","","","","","","","","","","","","","","","","","","0.05","","","","","","0.01080773","","","","","","false","","","3","","","A004","","","","","","","","1648805.40000","MNTH","","","","3","","","","UFRO","USD","","","","","false","0.99","","","","","","","","","","FALSE","","","","","","","","","QZHH8NT767RX","NA/CDS Corp Idx","CDX.NA.HY"
"4110105322000000201","","NEWT","TRAD","2026-07-09T14:23:38Z","","CR","","I","TRUE","2026-07-09T14:23:38Z","2026-07-10","2031-06-20","","FALSE","BBSF","FALSE","TRUE","","52,000,000","","USD","","","","","","","","","","","","","","","","","","","","","","","","","0.05","","","","","","0.0108068","","","","","","false","","","3","","","A004","","","","","","","","4282106.40000","MNTH","","","","3","","","","UFRO","USD","","","","","false","0.99","","","","","","","","","","FALSE","","","","","","","","","QZHH8NT767RX","NA/CDS Corp Idx","CDX.NA.HY"
"4110105324000000401","","NEWT","TRAD","2026-07-09T14:23:51Z","","CR","","I","TRUE","2026-07-09T14:23:51Z","2026-07-10","2031-06-20","","FALSE","BBSF","FALSE","TRUE","","50,000,000","","USD","","","","","","","","","","","","","","","","","","","","","","","","","0.05","","","","","","0.01080675","","","","","","false","","","3","","","A004","","","","","","","","4117162.50000","MNTH","","","","3","","","","UFRO","USD","","","","","false","0.99","","","","","","","","","","FALSE","","","","","","","","","QZHH8NT767RX","NA/CDS Corp Idx","CDX.NA.HY"
"4110222280000000101","","NEWT","TRAD","2026-07-09T14:37:08Z","","CR","","I","TRUE","2026-07-09T14:37:08Z","2026-07-10","2031-06-20","","FALSE","BBSF","FALSE","FALSE","","15,000,000","","USD","","","","","","","","","","","","","","","","","","","","","","","","","0.05","","","","","","0.01080845","","","","","","false","","","3","","","A004","","","","","","","","1237676.39041","MNTH","","","","3","","","","UFRO","USD","","","","","false","0.99","","","","","","","","","","FALSE","","","","","","","","","QZHH8NT767RX","NA/CDS Corp Idx","CDX.NA.HY"
"4110162574000000501","","NEWT","TRAD","2026-07-09T14:29:59Z","","CR","","I","FALSE","2026-07-09T14:29:59Z","2026-07-10","2033-06-20","","FALSE","BBSF","FALSE","TRUE","","200,000,000","","EUR","","","","","","","","","","","","","","","","","","","","","","","","","0.01","","","","","","0.00712","","","","","","false","","","3","","","A004","","","","","","","","3651808.43000","MNTH","","","","3","","","","UFRO","EUR","","","","","false","1","","","","","","","","","","TRUE","","","","0.00195","","3","","","QZMS3C1SS9J9","NA/CDS Corp Idx","ITRAXX EUROPE"
"4110235520000000101","","NEWT","TRAD","2026-07-09T14:37:45Z","","CR","","I","FALSE","2026-07-09T14:37:45Z","2026-03-20","2031-06-20","2031-06-20","FALSE","TREU","FALSE","FALSE","FALSE","30,000,000","","EUR","","","","","","","","","","","","","","","","","","","","","","","","","0.05","","","","","","","","","","","","false","","","","","","A004","","","","","","","","3378072.83000","MNTH","","","","3","","","","UFRO","EUR","","","","","false","1","","","","","","","","","","FALSE","","","","","","","","","QZ3HM9KVK2WL","NA/CDS Corp Idx","ITRAXX EUROPE CROSSOVER"
"4110356098000000201","","NEWT","TRAD","2026-07-09T14:56:46Z","","CR","","I","TRUE","2026-07-09T14:56:46Z","2026-07-10","2031-06-20","","","TWSF","FALSE","FALSE","","8,000,000","","EUR","","","","","","","","","","","","","","","","","","","","","","","","","0.05","","","","","","0.02443651","","","","","","false","","","3","","","A004","","","","","","","","890777.25270","MNTH","","","","3","","","","UFRO","EUR","","","","","false","1","","","","","","","","","","FALSE","","","","","","","","","QZ3HM9KVK2WL","NA/CDS Corp Idx","ITRAXX EUROPE CROSSOVER"
"4110369310000000101","","NEWT","TRAD","2026-07-09T15:00:24Z","","CR","","I","FALSE","2026-07-09T15:00:24Z","2026-07-10","2031-06-20","","FALSE","BBSF","FALSE","FALSE","","5,000,000","","EUR","","","","","","","","","","","","","","","","","","","","","","","","","0.01","","","","","","0.0054","","","","","","false","","","3","","","A004","","","","","","","","108157.37000","MNTH","","","","3","","","","UFRO","EUR","","","","","false","1","","","","","","","","","","FALSE","","","","","","","","","QZTB38W3WJ98","NA/CDS Corp Idx","ITRAXX EUROPE SENIOR FINANCIALS"
"4110380622000000201","","NEWT","TRAD","2026-07-09T15:02:09Z","","CR","","I","TRUE","2026-07-09T15:02:09Z","2026-03-20","2031-06-20","","FALSE","TPSE","FALSE","FALSE","","100,000,000","","USD","","","","","","","","","","","","","","","","","","","","","","","","","0.01","","","","","","0.00505","","","","","","false","","","3","","","A004","","","","","","","","","MNTH","","","","3","","","","","","USD","","","","false","1","","","","","","","OTHR","","","FALSE","","","","","","","","","QZ3WVVQG5T8K","NA/CDS Corp Idx","CDX.NA.IG"
"4110332742000000101","","NEWT","TRAD","2026-07-09T14:53:25Z","","CR","","I","TRUE","2026-07-09T14:53:25Z","2026-07-10","2031-06-20","","FALSE","BBSF","FALSE","TRUE","","240,000,000","","USD","","","","","","","","","","","","","","","","","","","","","","","","","0.01","","","","","","0.005062","","","","","","false","","","3","","","A004","","","","","","","","5383878.18767","MNTH","","","","3","","","","UFRO","USD","","","","","false","1","","","","","","","","","","FALSE","","","","","","","","","QZ3WVVQG5T8K","NA/CDS Corp Idx","CDX.NA.IG"
"4110356099000000301","","NEWT","TRAD","2026-07-09T14:56:53Z","","CR","","I","FALSE","2026-07-09T14:56:53Z","2026-07-10","2031-06-20","","","TWSF","FALSE","TRUE","","50,000,000+","","USD","","","","","","","","","","","","","","","","","","","","","","","","","0.01","","","","","","0.0098195","","","","","","false","","","3","","","A004","","","","","","","","877500.00000","MNTH","","","","3","","","","UFRO","USD","","","","","false","1","","","","","","","","","","FALSE","","","","","","","","","QZ4JMQKL3P03","NA/CDS Corp Idx","CDX.EM"
"4110388083000000201","","NEWT","TRAD","2026-07-09T15:03:15Z","","CR","","I","TRUE","2026-07-09T15:03:15Z","2026-07-10","2031-06-20","","FALSE","BBSF","FALSE","TRUE","","70,000,000","","USD","","","","","","","","","","","","","","","","","","","","","","","","","0.05","","","","","","0.01081025","","","","","","false","","","3","","","A004","","","","","","","","5788282.50000","MNTH","","","","3","","","","UFRO","USD","","","","","false","0.99","","","","","","","","","","FALSE","","","","","","","","","QZHH8NT767RX","NA/CDS Corp Idx","CDX.NA.HY"
"4110322312000000201","3916442149000000101","TERM","ETRM","2026-07-09T14:51:02Z","","CR","","N","FALSE","2026-06-09T16:30:06Z","2026-03-20","2026-08-19","","FALSE","BILT","FALSE","FALSE","TRUE","5","","USD","","","","","","","","","","","","","","","","","","","","","","","","2026-08-19","0.0335169512","","","","","","5","","","","","","false","","","3","","","","","","","","","","","","","","","","","","","","","","","","","","false","","","","","","","","","","","FALSE","","","","","","","","","QZVK9BCP48T0","NA/CDS Idx Swt","NA/CDS Corp Idx"
"4109025574000000201","","NEWT","TRAD","2026-07-09T12:52:36Z","","CR","","N","FALSE","2026-07-09T12:52:36Z","2026-07-10","2026-07-15","2031-06-20","FALSE","BILT","FALSE","FALSE","TRUE","130,000,000","","EUR","","","","","","","","","","","","","","","","","","","","","","","","2026-07-15","0.05","","1,618,500","EUR","","","","","","","275","EUR","false","","","","","1","A004","","","","","","","","","MNTH","","","","3","","","","","","","","","","false","","","","","","","","","","","FALSE","","","","","","","","","QZWDX55NJN4V","NA/CDS Idx Swt","NA/CDS Corp Idx"
"4109413519000001101","","NEWT","TRAD","2026-07-08T19:09:43Z","","CR","","N","FALSE","2026-07-08T14:58:21Z","2026-07-09","2026-09-20","","FALSE","BILT","FALSE","FALSE","TRUE","10,000,000","","USD","","","","","","","","","","","","","","","","","","","","","","","","","","","","","","","","0","","","","","true","","","","3","","A004","","","A004","","DAIL","","1","17159.17000","MNTH","","","MNTH","3","","","3","UFRO","USD","","","","","false","1","","","","","","","","","","FALSE","","","","","","","","","QZ9206MF0QMZ","NA/CDS Corp Idx","IBOXX USD LIQUID IG"
"4109423005000000201","","NEWT","TRAD","2026-07-09T13:24:37Z","","CR","","I","FALSE","2026-07-09T13:24:37Z","2026-07-10","2031-06-20","","","TWSF","FALSE","FALSE","","39,000,000","","EUR","","","","","","","","","","","","","","","","","","","","","","","","","0.01","","","","","","0.005185","","","","","","false","","","3","","","A004","","","","","","","","882893.04144","MNTH","","","","3","","","","UFRO","EUR","","","","","false","1","","","","","","","","","","FALSE","","","","","","","","","QZTQ4GTC5QMF","NA/CDS Corp Idx","ITRAXX EUROPE"
"4109413514000000601","","NEWT","TRAD","2026-07-07T17:06:42Z","","CR","","N","FALSE","2026-07-07T16:36:22Z","2026-07-08","2027-03-20","","FALSE","BILT","FALSE","FALSE","TRUE","25,000,000","","USD","","","","","","","","","","","","","","","","","","","","","","","","","","","","","","","","0","","","","","true","","","","3","","A004","","","A004","","DAIL","","1","40372.57000","MNTH","","","MNTH","3","","","3","UFRO","USD","","","","","false","1","","","","","","","","","","FALSE","","","","","","","","","QZ2VLW2S4D7P","NA/CDS Corp Idx","IBOXX USD LIQUID LEVERAGED LOANS INDEX"
"4099818853000000201","","NEWT","TRAD","2026-07-09T07:59:11Z","","CR","","I","FALSE","2026-07-09T07:59:11Z","2026-07-10","2031-06-20","","","TWSF","FALSE","FALSE","","1,000,000","","EUR","","","","","","","","","","","","","","","","","","","","","","","","","0.05","","","","","","0.0245915","","","","","","false","","","3","","","A004","","","","","","","","110621.70000","MNTH","","","","3","","","","UFRO","EUR","","","","","false","1","","","","","","","","","","FALSE","","","","","","","","","QZ3HM9KVK2WL","NA/CDS Corp Idx","ITRAXX EUROPE CROSSOVER"
"4100052464000000101","4037461394000000101","CORR","","2026-07-01T11:51:28Z","","CR","","N","FALSE","2026-06-29T12:18:26Z","2026-07-02","2026-08-03","","FALSE","BILT","FALSE","FALSE","TRUE","170,000,000","","CNY","","","","","","","","","","","","","","","","","","","","","","","","","0","","","","","","0.0045","","","","","","false","","","3","","3","NARR","","","","","","","","","MNTH","","","","6","","","","","","USD","USD","","","false","","","","","","","","","","","FALSE","","","","","","","","","QZJ2SP4RDQ7N","NA/CDS Corp SN","STB 2025 05\REGISTERED\TREASURY BOND\2500005"
"4109462955000000201","","NEWT","TRAD","2026-07-09T13:27:58Z","","CR","","I","TRUE","2026-07-09T13:27:58Z","2026-07-10","2031-06-20","","FALSE","BBSF","FALSE","FALSE","","4,000,000","","USD","","","","","","","","","","","","","","","","","","","","","","","","","0.05","","","","","","0.0108075","","","","","","false","","","3","","","A004","","","","","","","","329669.67033","MNTH","","","","3","","","","UFRO","USD","","","","","false","0.99","","","","","","","","","","FALSE","","","","","","","","","QZHH8NT767RX","NA/CDS Corp Idx","CDX.NA.HY"
"4109456066000000101","","NEWT","TRAD","2026-07-09T13:27:18Z","","CR","","I","TRUE","2026-07-09T13:27:18Z","2026-07-10","2031-06-20","","FALSE","BBSF","FALSE","FALSE","","2,000,000","","EUR","","","","","","","","","","","","","","","","","","","","","","","","","0.05","","","","","","0.0246017","","","","","","false","","","3","","","A004","","","","","","","","221147.70107","MNTH","","","","3","","","","UFRO","EUR","","","","","false","1","","","","","","","","","","FALSE","","","","","","","","","QZ3HM9KVK2WL","NA/CDS Corp Idx","ITRAXX EUROPE CROSSOVER"
"4107675845000000101","","NEWT","TRAD","2026-07-09T11:13:19Z","","CR","","I","TRUE","2026-07-09T11:13:19Z","2026-07-10","2031-06-20","","FALSE","BBSF","FALSE","FALSE","","35,000,000","","EUR","","","","","","","","","","","","","","","","","","","","","","","","","0.01","","","","","","0.00521555","","","","","","false","","","3","","","A004","","","","","","","","787331.97000","MNTH","","","","3","","","","UFRO","EUR","","","","","false","1","","","","","","","","","","FALSE","","","","","","","","","QZTQ4GTC5QMF","NA/CDS Corp Idx","ITRAXX EUROPE"
"4107692249000000101","","NEWT","TRAD","2026-07-09T11:15:16Z","","CR","","I","TRUE","2026-07-09T11:15:16Z","2026-07-10","2031-06-20","","FALSE","BBSF","FALSE","FALSE","","30,000,000","","USD","","","","","","","","","","","","","","","","","","","","","","","","","0.05","","","","","","0.010803","","","","","","false","","","3","","","A004","","","","","","","","2459160.00000","MNTH","","","","3","","","","UFRO","USD","","","","","false","0.99","","","","","","","","","","FALSE","","","","","","","","","QZHH8NT767RX","NA/CDS Corp Idx","CDX.NA.HY"
"4107803091000000101","","NEWT","TRAD","2026-07-09T11:23:12Z","","CR","","I","TRUE","2026-07-09T11:23:12Z","2026-07-10","2031-06-20","","","TWSF","FALSE","FALSE","","24,000,000","","USD","","","","","","","","","","","","","","","","","","","","","","","","","0.05","","","","","","0.0107998","","","","","","false","","","3","","","A004","","","","","","","","1959731.33242","MNTH","","","","3","","","","UFRO","USD","","","","","false","0.99","","","","","","","","","","FALSE","","","","","","","","","QZHH8NT767RX","NA/CDS Corp Idx","CDX.NA.HY"
"4108019776000000101","4107901013000000101","MODI","TRAD","2026-07-09T11:25:12Z","TRUE","CR","","I","FALSE","2026-07-09T11:23:13Z","2026-03-20","2031-06-20","","","BILT","FALSE","FALSE","FALSE","10,000,000","","USD","","","","","","","","","","","","","","","","","","","","","","","","","0.01","","","","","","","","","","","","false","","","","","","A004","","","","","","","","179278.00000","MNTH","","","","3","","","","UFRO","USD","","","","","false","1","","","","","","","","","","FALSE","","","","","","","","","QZ39BZSFH68L","NA/CDS Sov Idx","CDX.EM"
"4108133563000000101","","NEWT","TRAD","2026-07-09T11:42:14Z","","CR","","I","FALSE","2026-07-09T11:42:14Z","2026-03-20","2031-06-20","","FALSE","TPSE","FALSE","FALSE","","10,000,000","","USD","","","","","","","","","","","","","","","","","","","","","","","","","0.01","","","","","","98.16","","USD","","","","false","","","1","","","A004","","","","","","","","","MNTH","","","","3","","","","","","USD","","","","false","1","","","","","","","OTHR","","","FALSE","","","","","","","","","QZ4JMQKL3P03","NA/CDS Corp Idx","CDX.EM"
"4108060366000000101","","NEWT","TRAD","2026-07-09T11:37:47Z","","CR","","I","TRUE","2026-07-09T11:37:47Z","2026-07-10","2031-06-20","","FALSE","BBSF","FALSE","TRUE","","47,276,998+","","EUR","","","","","","","","","","","","","","","","","","","","","","","","","0.05","","","","","","0.0247853","","","","","","false","","","3","","","A004","","","","","","","","5187009.22637","MNTH","","","","3","","","","UFRO","EUR","","","","","false","1","","","","","","","","","","FALSE","","","","","","","","","QZ3HM9KVK2WL","NA/CDS Corp Idx","ITRAXX EUROPE CROSSOVER"
"4108225644000000201","","NEWT","TRAD","2026-07-09T11:48:22Z","","CR","","I","TRUE","2026-07-09T11:48:22Z","2026-07-10","2031-06-20","","FALSE","BBSF","FALSE","FALSE","","15,000,000","","USD","","","","","","","","","","","","","","","","","","","","","","","","","0.05","","","","","","0.0108015","","","","","","false","","","3","","","A004","","","","","","","","1227352.50000","MNTH","","","","3","","","","UFRO","USD","","","","","false","0.99","","","","","","","","","","FALSE","","","","","","","","","QZHH8NT767RX","NA/CDS Corp Idx","CDX.NA.HY"
"4108240166000000101","","NEWT","TRAD","2026-07-09T11:49:17Z","","CR","","I","TRUE","2026-07-09T11:49:17Z","2026-07-10","2031-06-20","","","TWSF","FALSE","FALSE","","8,000,000","","USD","","","","","","","","","","","","","","","","","","","","","","","","","0.05","","","","","","0.01080191","","","","","","false","","","3","","","A004","","","","","","","","654910.75389","MNTH","","","","3","","","","UFRO","USD","","","","","false","0.99","","","","","","","","","","FALSE","","","","","","","","","QZHH8NT767RX","NA/CDS Corp Idx","CDX.NA.HY"
"4108274847000000101","","NEWT","TRAD","2026-07-09T11:51:53Z","","CR","","I","TRUE","2026-07-09T11:51:53Z","2026-07-10","2031-06-20","","","TWSF","FALSE","FALSE","","25,000,000","","USD","","","","","","","","","","","","","","","","","","","","","","","","","0.05","","","","","","0.0108024","","","","","","false","","","3","","","A004","","","","","","","","2047815.00000","MNTH","","","","3","","","","UFRO","USD","","","","","false","0.99","","","","","","","","","","FALSE","","","","","","","","","QZHH8NT767RX","NA/CDS Corp Idx","CDX.NA.HY"
"4108289978000000101","","NEWT","TRAD","2026-07-09T11:53:06Z","","CR","","I","TRUE","2026-07-09T11:53:06Z","2026-07-10","2031-06-20","","FALSE","BBSF","FALSE","FALSE","","20,000,000","","USD","","","","","","","","","","","","","","","","","","","","","","","","","0.05","","","","","","0.0108035","","","","","","false","","","3","","","A004","","","","","","","","1640430.00000","MNTH","","","","3","","","","UFRO","USD","","","","","false","0.99","","","","","","","","","","FALSE","","","","","","","","","QZHH8NT767RX","NA/CDS Corp Idx","CDX.NA.HY"
"4108367157000000201","","NEWT","TRAD","2026-07-09T11:58:57Z","","CR","","I","TRUE","2026-07-09T11:58:57Z","2026-07-10","2035-12-20","","","TWSF","FALSE","FALSE","","630,000","","EUR","","","","","","","","","","","","","","","","","","","","","","","","","0.01","","","","","","0.00917","","","","","","false","","","3","","","A004","","","","","","","","4426.91000","MNTH","","","","3","","","","UFRO","EUR","","","","","false","1","","","","","","","","","","FALSE","","","","","","","","","QZG2WHXF8JQG","NA/CDS Corp Idx","ITRAXX EUROPE"
"4108491869000000401","","NEWT","TRAD","2026-07-09T12:09:53Z","","CR","","I","TRUE","2026-07-09T12:09:53Z","2026-07-10","2031-06-20","","FALSE","BBSF","FALSE","FALSE","","5,000,000","","USD","","","","","","","","","","","","","","","","","","","","","","","","","0.05","","","","","","0.0108055","","","","","","false","","","3","","","A004","","","","","","","","411097.50000","MNTH","","","","3","","","","UFRO","USD","","","","","false","0.99","","","","","","","","","","FALSE","","","","","","","","","QZHH8NT767RX","NA/CDS Corp Idx","CDX.NA.HY"
"4108456430000000201","","NEWT","TRAD","2026-07-09T12:05:57Z","","CR","","I","TRUE","2026-07-09T12:05:57Z","2026-07-10","2031-06-20","","","TWSF","FALSE","TRUE","","55,000,000","","USD","","","","","","","","","","","","","","","","","","","","","","","","","0.05","","","","","","0.01080275","","","","","","false","","","3","","","A004","","","","","","","","4507098.75000","MNTH","","","","3","","","","UFRO","USD","","","","","false","0.99","","","","","","","","","","FALSE","","","","","","","","","QZHH8NT767RX","NA/CDS Corp Idx","CDX.NA.HY"
"4108567094000000201","","NEWT","TRAD","2026-07-09T12:18:04Z","","CR","","I","TRUE","2026-07-09T12:18:04Z","2026-07-10","2031-06-20","","FALSE","BBSF","FALSE","FALSE","","50,000,000","","USD","","","","","","","","","","","","","","","","","","","","","","","","","0.01","","","","","","0.0050872","","","","","","false","","","3","","","A004","","","","","","","","1115930.03000","MNTH","","","","3","","","","UFRO","USD","","","","","false","1","","","","","","","","","","FALSE","","","","","","","","","QZ3WVVQG5T8K","NA/CDS Corp Idx","CDX.NA.IG"
"4108571728000000101","","NEWT","TRAD","2026-07-09T12:18:21Z","","CR","","I","TRUE","2026-07-09T12:18:21Z","2026-07-10","2031-06-20","","FALSE","BBSF","FALSE","FALSE","","73,000","","USD","","","","","","","","","","","","","","","","","","","","","","","","","0.05","","","","","","0.01080355","","","","","","false","","","3","","","A004","","","","","","","","5987.94815","MNTH","","","","3","","","","UFRO","USD","","","","","false","0.99","","","","","","","","","","FALSE","","","","","","","","","QZHH8NT767RX","NA/CDS Corp Idx","CDX.NA.HY"
"4108514119000000101","","NEWT","TRAD","2026-07-09T12:12:03Z","","CR","","I","TRUE","2026-07-09T12:12:03Z","2026-07-10","2031-06-20","","FALSE","BBSF","FALSE","TRUE","","35,000,000","","EUR","","","","","","","","","","","","","","","","","","","","","","","","","0.05","","","","","","0.0246845","","","","","","false","","","3","","","A004","","","","","","","","3856529.66000","MNTH","","","","3","","","","UFRO","EUR","","","","","false","1","","","","","","","","","","FALSE","","","","","","","","","QZ3HM9KVK2WL","NA/CDS Corp Idx","ITRAXX EUROPE CROSSOVER"
"4108802777000000201","","NEWT","TRAD","2026-07-09T12:36:24Z","","CR","","I","TRUE","2026-07-09T12:36:24Z","2026-07-10","2030-12-20","","FALSE","BBSF","FALSE","TRUE","","47,276,998+","","EUR","","","","","","","","","","","","","","","","","","","","","","","","","0.05","","","","","","0.0212253","","","","","","false","","","3","","","A004","","","","","","","","5472793.68842","MNTH","","","","3","","","","UFRO","EUR","","","","","false","1","","","","","","","","","","TRUE","","","","0.003393","","3","","","QZ5F5FRS4TR9","NA/CDS Corp Idx","ITRAXX EUROPE CROSSOVER"
"4108585453000000401","","NEWT","TRAD","2026-07-09T12:19:56Z","","CR","","I","TRUE","2026-07-09T12:19:56Z","2026-07-10","2030-12-20","","FALSE","BBSF","FALSE","TRUE","","47,276,998+","","EUR","","","","","","","","","","","","","","","","","","","","","","","","","0.05","","","","","","0.02135","","","","","","false","","","3","","","A004","","","","","","","","5447213.49576","MNTH","","","","3","","","","UFRO","EUR","","","","","false","1","","","","","","","","","","TRUE","","","","0.003425","","3","","","QZ5F5FRS4TR9","NA/CDS Corp Idx","ITRAXX EUROPE CROSSOVER"
"4108757630000000301","","NEWT","TRAD","2026-07-09T12:32:50Z","","CR","","I","TRUE","2026-07-09T12:32:50Z","2026-07-10","2031-06-20","","FALSE","BBSF","FALSE","FALSE","","5,000,000","","EUR","","","","","","","","","","","","","","","","","","","","","","","","","0.05","","","","","","0.02467845","","","","","","false","","","3","","","A004","","","","","","","","551074.30000","MNTH","","","","3","","","","UFRO","EUR","","","","","false","1","","","","","","","","","","FALSE","","","","","","","","","QZ3HM9KVK2WL","NA/CDS Corp Idx","ITRAXX EUROPE CROSSOVER"
"4108770809000000101","","NEWT","TRAD","2026-07-09T12:34:04Z","","CR","","I","TRUE","2026-07-09T12:34:04Z","2026-07-10","2031-06-20","","FALSE","BBSF","FALSE","FALSE","","50,000,000","","USD","","","","","","","","","","","","","","","","","","","","","","","","","0.01","","","","","","0.005072","","","","","","false","","","3","","","A004","","","","","","","","1119371.74000","MNTH","","","","3","","","","UFRO","USD","","","","","false","1","","","","","","","","","","FALSE","","","","","","","","","QZ3WVVQG5T8K","NA/CDS Corp Idx","CDX.NA.IG"
"4108560707000000201","2670655241000000501","MODI","TRAD","2026-07-09T12:15:33Z","TRUE","CR","","N","FALSE","2026-04-09T14:58:54Z","2026-04-13","2026-07-13","","FALSE","BILT","FALSE","FALSE","TRUE","18,300,000,000","","UGX","","","","","","","","","","","","","","","","","","","","","","","","","0","","","","","","0.008","","","","","","false","","","3","","3","A008","","","","","","","","","DAIL","","","","182","","","","","","USD","USD","","","false","","","","","","","","","","","FALSE","","","","","","","","","QZKD3X9XZFTC","NA/CDS Corp SN","GOVERNMENT BOND"
"4108618291000000101","","NEWT","TRAD","2026-07-09T12:20:46Z","","CR","","N","FALSE","2026-07-09T12:20:46Z","2026-07-13","2026-10-13","","FALSE","BILT","FALSE","FALSE","TRUE","18,300,000,000","","UGX","","","","","","","","","","","","","","","","","","","","","","","","","0","","","","","","0.008","","","","","","false","","","3","","3","A008","","","","","","","","","DAIL","","","","182","","","","","","USD","USD","","","false","","","","","","","","","","","FALSE","","","","","","","","","QZKD3X9XZFTC","NA/CDS Corp SN","GOVERNMENT BOND"
"4109160644000000101","","NEWT","TRAD","2026-07-09T12:59:43Z","","CR","","N","FALSE","2026-07-09T12:59:43Z","2026-08-19","2026-08-19","2031-06-20","FALSE","BILT","FALSE","FALSE","FALSE","13,000,000","","EUR","","","","","","","","","","","","","","","","","","","","","","","","2026-08-19","0.01","","7,149.98625","EUR","","","","","","","0.006","","false","","","","","3","A004","","","","","","","","","MNTH","","","","3","","","","","","","","","","false","","","","","","","","","","","TRUE","0.000925","","3","","","","","","QZ8Z2HV2KGSW","NA/CDS Idx Swt","NA/CDS Corp Idx"
"4108915650000000201","","NEWT","NOVA","2026-07-09T12:42:35Z","","CR","","N","FALSE","2026-06-26T12:17:59Z","2026-03-20","2026-08-19","","FALSE","BILT","FALSE","FALSE","TRUE","200,000,000","","EUR","","","","","","","","","","","","","","","","","","","","","","","","2026-08-19","0.0053131734","","488,000","EUR","","","1","","","","0.55","","false","","","3","","3","A004","","","","","","","","","MNTH","","","","3","","","","","","","","","","false","","","","","","","","","","","FALSE","","","","","","","","","QZS1WNR5R2ND","NA/CDS Idx Swt","NA/CDS Corp Idx"
"4107646563000000101","","NEWT","TRAD","2026-07-09T11:11:11Z","","CR","","I","TRUE","2026-07-09T11:11:11Z","2026-07-10","2031-06-20","","","TWSF","FALSE","FALSE","","25,000,000","","EUR","","","","","","","","","","","","","","","","","","","","","","","","","0.05","","","","","","0.0248123","","","","","","false","","","3","","","A004","","","","","","","","2739727.59000","MNTH","","","","3","","","","UFRO","EUR","","","","","false","1","","","","","","","","","","FALSE","","","","","","","","","QZ3HM9KVK2WL","NA/CDS Corp Idx","ITRAXX EUROPE CROSSOVER"
"4110725066000000101","","NEWT","TRAD","2026-07-09T15:50:47Z","","CR","","I","TRUE","2026-07-09T15:50:47Z","2026-07-10","2031-06-20","","FALSE","BBSF","FALSE","FALSE","","600,000","","USD","","","","","","","","","","","","","","","","","","","","","","","","","0.01","","","","","","0.0050432","","","","","","false","","","3","","","A004","","","","","","","","13510.73000","MNTH","","","","3","","","","UFRO","USD","","","","","false","1","","","","","","","","","","FALSE","","","","","","","","","QZ3WVVQG5T8K","NA/CDS Corp Idx","CDX.NA.IG"
"4110346212000000101","4089435600000000401","MODI","TRAD","2026-07-09T14:55:12Z","TRUE","CR","","N","FALSE","2026-07-08T17:56:17Z","2026-03-20","2031-06-20","2031-06-20","TRUE","BILT","FALSE","TRUE","TRUE","200,000,000","","USD","","","","","","","","","","","","","","","","","","","","","","","","2026-11-18","0.05","","1,425,600","USD","","","","","","","104","USD","false","","","","","1","A004","","","","","","","","","MNTH","","","","3","","","","","","","","","","false","0.99","","","","","","","","","","FALSE","","","","","","","","","QZX75BBR2PZH","NA/CDS Idx Swt","NA/CDS Corp Idx"
"4094016369000000101","","NEWT","TRAD","2026-07-09T00:54:51Z","","CR","","I","FALSE","2026-07-09T00:54:51Z","2026-03-20","2031-06-20","","","BILT","FALSE","FALSE","TRUE","5,000,000","","USD","","","","","","","","","","","","","","","","","","","","","","","","","0.01","","","","","","","","","","","","false","","","","","","A004","","","","","","","","69726.74000","MNTH","","","","3","","","","UFRO","USD","","","","","false","1","","","","","","","","","","FALSE","","","","","","","","","QZ1F7JZSZZ7M","NA/CDS Corp Idx","ITRAXX AUSTRALIA"
"4093763687000000201","","NEWT","TRAD","2026-07-09T01:14:57Z","","CR","","N","FALSE","2026-07-09T01:14:57Z","2026-03-23","2031-06-20","","FALSE","BILT","FALSE","FALSE","TRUE","2,000,000,000","","JPY","","","","","","","","","","","","","","","","","","","","","","","","","0.01","","","","","","","","","","","","false","","","","","","A004","","","","","","","","","MNTH","","","","3","","","","","","JPY","","","","false","1","","","","","","","","","","FALSE","","","","","","","","","QZ9P5KKVF7M5","NA/CDS Corp Idx","ITRAXX JAPAN"
"4104641391000000101","","NEWT","TRAD","2026-07-09T09:50:01Z","","CR","","I","TRUE","2026-07-09T09:50:01Z","2026-07-10","2031-06-20","","FALSE","BBSF","FALSE","FALSE","","40,000,000","","EUR","","","","","","","","","","","","","","","","","","","","","","","","","0.01","","","","","","0.0051875","","","","","","false","","","3","","","A004","","","","","","","","905066.45000","MNTH","","","","3","","","","UFRO","EUR","","","","","false","1","","","","","","","","","","TRUE","","","","0.0001","","3","","","QZTQ4GTC5QMF","NA/CDS Corp Idx","ITRAXX EUROPE"
"4099606689000000101","3604571298000000201","MODI","TRAD","2026-07-09T07:55:36Z","FALSE","CR","","N","FALSE","2026-06-10T14:46:42Z","2026-06-11","2026-08-19","2031-06-20","FALSE","BILT","FALSE","FALSE","TRUE","20,000,000","","EUR","","","","","","","","","","","","","","","","","","","","","","","","2026-08-19","0.05","","114,000","EUR","","","","","","","300","EUR","false","","","","","1","A004","","","","","","","","","MNTH","","","","3","","","","","","","","","","false","","","","","","","","","","","TRUE","9.9999999999","","3","","","","","","QZTL0V3X916X","NA/CDS Idx Swt","NA/CDS Corp Idx"
"4099606690000000201","3604571297000000101","MODI","TRAD","2026-07-09T07:55:56Z","FALSE","CR","","N","FALSE","2026-06-10T14:46:41Z","2026-06-11","2026-08-19","2031-06-20","FALSE","BILT","FALSE","FALSE","TRUE","20,000,000","","EUR","","","","","","","","","","","","","","","","","","","","","","","","2026-08-19","0.05","","54,300","EUR","","","","","","","350","EUR","false","","","","","1","A004","","","","","","","","","MNTH","","","","3","","","","","","","","","","false","","","","","","","","","","","TRUE","9.9999999999","","3","","","","","","QZTL0V3X916X","NA/CDS Idx Swt","NA/CDS Corp Idx"
"4100086539000000201","3604571298000000201","EROR","","2026-07-09T07:55:36Z","","CR","","N","","2026-06-10T14:46:42Z","2026-06-11","2026-08-19","2031-06-20","FALSE","BILT","FALSE","","FALSE","20,000,000","","EUR","","","","","","","","","","","","","","","","","","","","","","","","2026-08-19","0.05","","114,000","EUR","","","","","","","300","EUR","false","","","","","1","","","","","","","","","","","","","","","","","","","","","","","","false","","","","","","","","","","","TRUE","9.9999999999","","3","","","","","","QZTL0V3X916X","NA/CDS Idx Swt","NA/CDS Corp Idx"
"4097059976000000101","","NEWT","TRAD","2026-07-09T07:10:12Z","","CR","","I","TRUE","2026-07-09T07:10:12Z","2026-07-10","2031-06-20","","FALSE","BBSF","FALSE","FALSE","","50,000,000","","EUR","","","","","","","","","","","","","","","","","","","","","","","","","0.01","","","","","","0.00518","","","","","","false","","","3","","","A004","","","","","","","","1133090.82000","MNTH","","","","3","","","","UFRO","EUR","","","","","false","1","","","","","","","","","","FALSE","","","","","","","","","QZTQ4GTC5QMF","NA/CDS Corp Idx","ITRAXX EUROPE"
"4097059979000000401","","NEWT","TRAD","2026-07-02T15:47:48Z","","CR","","I","FALSE","2026-07-02T15:47:48Z","2026-06-22","2031-06-20","","FALSE","BILT","FALSE","FALSE","FALSE","20,000,000","","EUR","","","","","","","","","","","","","","","","","","","","","","","","","0.05","","","","","","","","","","","","false","","","3","","3","A004","","","","","","","","2241048.00000","MNTH","","","","3","","","","UFRO","EUR","EUR","","","","false","1","","","","","","","","","","FALSE","","","","","","","","","QZMMRQ7D06RP","NA/CDS Corp Idx","ITRAXX EUROPE CROSSOVER"
"4098183079000000201","","NEWT","TRAD","2026-07-09T07:30:09Z","","CR","","I","FALSE","2026-07-09T07:30:09Z","2026-07-10","2031-06-20","","","TWSF","FALSE","FALSE","","2,000,000","","EUR","","","","","","","","","","","","","","","","","","","","","","","","","0.01","","","","","","0.0051793","","","","","","false","","","3","","","A004","","","","","","","","45330.20000","MNTH","","","","3","","","","UFRO","EUR","","","","","false","1","","","","","","","","","","TRUE","","","","0.414","","3","","","QZTQ4GTC5QMF","NA/CDS Corp Idx","ITRAXX EUROPE"
"4111215841000000101","","NEWT","TRAD","2026-07-09T16:20:33Z","","CR","","I","TRUE","2026-07-09T16:20:33Z","2026-07-10","2031-06-20","","FALSE","BBSF","FALSE","FALSE","","3,000,000","","USD","","","","","","","","","","","","","","","","","","","","","","","","","0.05","","","","","","0.0108149","","","","","","false","","","3","","","A004","","","","","","","","249450.30000","MNTH","","","","3","","","","UFRO","USD","","","","","false","0.99","","","","","","","","","","FALSE","","","","","","","","","QZHH8NT767RX","NA/CDS Corp Idx","CDX.NA.HY"
"4111258793000000101","","NEWT","TRAD","2026-07-09T16:22:54Z","","CR","","I","TRUE","2026-07-09T16:22:54Z","2026-07-10","2031-06-20","","FALSE","BBSF","FALSE","FALSE","","2,000,000","","EUR","","","","","","","","","","","","","","","","","","","","","","","","","0.05","","","","","","0.02445","","","","","","false","","","3","","","A004","","","","","","","","222568.71000","MNTH","","","","3","","","","UFRO","EUR","","","","","false","1","","","","","","","","","","FALSE","","","","","","","","","QZ3HM9KVK2WL","NA/CDS Corp Idx","ITRAXX EUROPE CROSSOVER"
"4111361478000000101","","NEWT","TRAD","2026-07-09T16:27:37Z","","CR","","I","TRUE","2026-07-09T16:27:37Z","2026-07-10","2031-06-20","","FALSE","BBSF","FALSE","FALSE","","10,000,000","","USD","","","","","","","","","","","","","","","","","","","","","","","","","0.05","","","","","","0.010814","","","","","","false","","","3","","","A004","","","","","","","","830610.00000","MNTH","","","","3","","","","UFRO","USD","","","","","false","0.99","","","","","","","","","","FALSE","","","","","","","","","QZHH8NT767RX","NA/CDS Corp Idx","CDX.NA.HY"
"4111429603000000201","","NEWT","TRAD","2026-07-09T16:31:48Z","","CR","","I","TRUE","2026-07-09T16:31:48Z","2026-07-10","2031-06-20","","FALSE","BBSF","FALSE","FALSE","","8,000,000","","USD","","","","","","","","","","","","","","","","","","","","","","","","","0.01","","","","","","0.0050431","","","","","","false","","","3","","","A004","","","","","","","","180146.66000","MNTH","","","","3","","","","UFRO","USD","","","","","false","1","","","","","","","","","","FALSE","","","","","","","","","QZ3WVVQG5T8K","NA/CDS Corp Idx","CDX.NA.IG"
"4113840074000000101","","NEWT","TRAD","2026-07-09T19:10:28Z","","CR","","I","TRUE","2026-07-09T19:10:28Z","2026-07-10","2031-06-20","","FALSE","BBSF","FALSE","FALSE","","50,000,000","","USD","","","","","","","","","","","","","","","","","","","","","","","","","0.01","","","","","","0.0050685","","","","","","false","","","3","","","A004","","","","","","","","1120164.29000","MNTH","","","","3","","","","UFRO","USD","","","","","false","1","","","","","","","","","","FALSE","","","","","","","","","QZ3WVVQG5T8K","NA/CDS Corp Idx","CDX.NA.IG"
"4113815539000000201","","NEWT","TRAD","2026-07-09T19:05:53Z","","CR","","I","TRUE","2026-07-09T19:05:53Z","2026-07-10","2031-06-20","","FALSE","BBSF","FALSE","FALSE","","5,000,000","","USD","","","","","","","","","","","","","","","","","","","","","","","","","0.05","","","","","","0.01080874","","","","","","false","","","3","","","A004","","","","","","","","412701.95840","MNTH","","","","3","","","","UFRO","USD","","","","","false","0.99","","","","","","","","","","FALSE","","","","","","","","","QZHH8NT767RX","NA/CDS Corp Idx","CDX.NA.HY"
"4113743659000000101","","NEWT","NOVA","2026-07-09T18:51:00Z","","CR","","N","FALSE","2026-07-01T17:24:54Z","2026-03-20","2026-10-21","","FALSE","BILT","FALSE","FALSE","TRUE","120,000,000","","USD","","","","","","","","","","","","","","","","","","","","","","","","2026-10-21","0.0387442985","","0","","","","5","","","","104","USD","false","","","3","","1","A004","","","","","","","","","MNTH","","","","3","","","","","","","","","","false","","","","","","","","","","","FALSE","","","","","","","","","QZVK9BCP48T0","NA/CDS Idx Swt","NA/CDS Corp Idx"
"4114317977000000201","","NEWT","TRAD","2026-07-09T19:53:03Z","","CR","","I","TRUE","2026-07-09T19:53:03Z","2026-07-10","2031-06-20","","","TWSF","FALSE","FALSE","","12,000,000","","USD","","","","","","","","","","","","","","","","","","","","","","","","","0.01","","","","","","0.0050721","","","","","","false","","","3","","","A004","","","","","","","","268644.20521","MNTH","","","","3","","","","UFRO","USD","","","","","false","1","","","","","","","","","","FALSE","","","","","","","","","QZ3WVVQG5T8K","NA/CDS Corp Idx","CDX.NA.IG"
"4114360340000000501","","NEWT","TRAD","2026-07-09T19:54:51Z","","CR","","I","TRUE","2026-07-09T19:54:51Z","2026-07-10","2031-06-20","","FALSE","BBSF","FALSE","FALSE","","44,000,000","","USD","","","","","","","","","","","","","","","","","","","","","","","","","0.01","","","","","","0.00507055","","","","","","false","","","3","","","A004","","","","","","","","985340.90679","MNTH","","","","3","","","","UFRO","USD","","","","","false","1","","","","","","","","","","FALSE","","","","","","","","","QZ3WVVQG5T8K","NA/CDS Corp Idx","CDX.NA.IG"
"4114360338000000301","","NEWT","TRAD","2026-07-09T19:54:44Z","","CR","","I","TRUE","2026-07-09T19:54:44Z","2026-07-10","2031-06-20","","FALSE","BBSF","FALSE","FALSE","","100,000,000","","USD","","","","","","","","","","","","","","","","","","","","","","","","","0.01","","","","","","0.005068","","","","","","false","","","3","","","A004","","","","","","","","2240555.03000","MNTH","","","","3","","","","UFRO","USD","","","","","false","1","","","","","","","","","","FALSE","","","","","","","","","QZ3WVVQG5T8K","NA/CDS Corp Idx","CDX.NA.IG"
"4114487289000000101","","NEWT","TRAD","2026-07-09T20:00:56Z","","CR","","I","TRUE","2026-07-09T20:00:56Z","2026-07-10","2031-06-20","","FALSE","BBSF","FALSE","FALSE","","25,000,000","","USD","","","","","","","","","","","","","","","","","","","","","","","","","0.05","","","","","","0.01080725","","","","","","false","","","3","","","A004","","","","","","","","2059818.75000","MNTH","","","","3","","","","UFRO","USD","","","","","false","0.99","","","","","","","","","","FALSE","","","","","","","","","QZHH8NT767RX","NA/CDS Corp Idx","CDX.NA.HY"
"4113216037000000801","","NEWT","TRAD","2026-07-09T18:10:42Z","","CR","","I","TRUE","2026-07-09T18:10:42Z","2026-07-10","2031-06-20","","FALSE","BBSF","FALSE","FALSE","","26,000,000","","USD","","","","","","","","","","","","","","","","","","","","","","","","","0.05","","","","","","0.0108135","","","","","","false","","","3","","","A004","","","","","","","","2158299.00000","MNTH","","","","3","","","","UFRO","USD","","","","","false","0.99","","","","","","","","","","FALSE","","","","","","","","","QZHH8NT767RX","NA/CDS Corp Idx","CDX.NA.HY"
"4113258462000000101","","NEWT","TRAD","2026-07-09T18:12:58Z","","CR","","I","TRUE","2026-07-09T18:12:58Z","2026-07-10","2031-06-20","","","TWSF","FALSE","FALSE","","5,000,000","","USD","","","","","","","","","","","","","","","","","","","","","","","","","0.05","","","","","","0.01081442","","","","","","false","","","3","","","A004","","","","","","","","415512.90000","MNTH","","","","3","","","","UFRO","USD","","","","","false","0.99","","","","","","","","","","FALSE","","","","","","","","","QZHH8NT767RX","NA/CDS Corp Idx","CDX.NA.HY"
"4113451031000000201","","NEWT","TRAD","2026-07-09T18:23:40Z","","CR","","I","TRUE","2026-07-09T18:23:40Z","2026-07-10","2031-06-20","","FALSE","BBSF","FALSE","FALSE","","10,000,000","","USD","","","","","","","","","","","","","","","","","","","","","","","","","0.05","","","","","","0.010812","","","","","","false","","","3","","","A004","","","","","","","","828630.00000","MNTH","","","","3","","","","UFRO","USD","","","","","false","0.99","","","","","","","","","","FALSE","","","","","","","","","QZHH8NT767RX","NA/CDS Corp Idx","CDX.NA.HY"
"4113529688000000101","","NEWT","TRAD","2026-07-09T18:28:04Z","","CR","","I","TRUE","2026-07-09T18:28:04Z","2026-07-10","2031-06-20","","FALSE","BBSF","FALSE","FALSE","","130,000,000","","USD","","","","","","","","","","","","","","","","","","","","","","","","","0.01","","","","","","0.005055","","","","","","false","","","3","","","A004","","","","","","","","2920375.91040","MNTH","","","","3","","","","UFRO","USD","","","","","false","1","","","","","","","","","","FALSE","","","","","","","","","QZ3WVVQG5T8K","NA/CDS Corp Idx","CDX.NA.IG"
"4113695544000000101","","NEWT","TRAD","2026-07-09T18:39:00Z","","CR","","I","TRUE","2026-07-09T18:39:00Z","2026-03-20","2031-06-20","","FALSE","TPSE","FALSE","FALSE","","10,000,000","","USD","","","","","","","","","","","","","","","","","","","","","","","","","0.05","","","","","","108.098","","USD","","","","false","","","1","","","A004","","","","","","","","","MNTH","","","","3","","","","","","USD","","","","false","0.99","","","","","","","OTHR","","","FALSE","","","","","","","","","QZHH8NT767RX","NA/CDS Corp Idx","CDX.NA.HY"
"4113713527000000201","","NEWT","TRAD","2026-07-09T18:45:34Z","","CR","","I","TRUE","2026-07-09T18:45:34Z","2026-07-10","2031-06-20","","FALSE","BBSF","FALSE","FALSE","","10,000,000","","USD","","","","","","","","","","","","","","","","","","","","","","","","","0.05","","","","","","0.0108086","","","","","","false","","","3","","","A004","","","","","","","","825264.00000","MNTH","","","","3","","","","UFRO","USD","","","","","false","0.99","","","","","","","","","","FALSE","","","","","","","","","QZHH8NT767RX","NA/CDS Corp Idx","CDX.NA.HY"
"4113713526000000101","","NEWT","TRAD","2026-07-09T18:45:35Z","","CR","","I","TRUE","2026-07-09T18:45:35Z","2026-07-10","2031-06-20","","","TWSF","FALSE","FALSE","","130,000,000","","USD","","","","","","","","","","","","","","","","","","","","","","","","","0.01","","","","","","0.0050642","","","","","","false","","","3","","","A004","","","","","","","","2914958.89360","MNTH","","","","3","","","","UFRO","USD","","","","","false","1","","","","","","","","","","FALSE","","","","","","","","","QZ3WVVQG5T8K","NA/CDS Corp Idx","CDX.NA.IG"
"4113655438000000201","","NEWT","TRAD","2026-07-09T18:35:28Z","","CR","","I","TRUE","2026-07-09T18:35:28Z","2026-07-10","2031-06-20","","","TWSF","FALSE","TRUE","","50,000,000","","USD","","","","","","","","","","","","","","","","","","","","","","","","","0.05","","","","","","0.010809","","","","","","false","","","3","","","A004","","","","","","","","4128300.00000","MNTH","","","","3","","","","UFRO","USD","","","","","false","0.99","","","","","","","","","","FALSE","","","","","","","","","QZHH8NT767RX","NA/CDS Corp Idx","CDX.NA.HY"
"4113735474000000101","4113730595000000201","MODI","TRAD","2026-07-09T18:50:57Z","TRUE","CR","","I","TRUE","2026-07-09T18:50:24Z","2026-03-20","2031-06-20","","FALSE","TPSE","FALSE","FALSE","","50,000,000","","USD","","","","","","","","","","","","","","","","","","","","","","","","","0.01","","","","","","0.005065","","","","","","false","","","3","","","A004","","","","","","","","","MNTH","","","","3","","","","","","USD","","","","false","1","","","","","","","OTHR","","","FALSE","","","","","","","","","QZ3WVVQG5T8K","NA/CDS Corp Idx","CDX.NA.IG"
"4110198308000000101","","NEWT","TRAD","2026-07-09T14:33:35Z","","CR","","I","TRUE","2026-07-09T14:33:35Z","2026-07-10","2031-06-20","","FALSE","BBSF","FALSE","TRUE","","166,344,993+","","EUR","","","","","","","","","","","","","","","","","","","","","","","","","0.01","","","","","","0.005158","","","","","","false","","","3","","","A004","","","","","","","","3786824.38687","MNTH","","","","3","","","","UFRO","EUR","","","","","false","1","","","","","","","","","","FALSE","","","","","","","","","QZTQ4GTC5QMF","NA/CDS Corp Idx","ITRAXX EUROPE"
"4110274558000000301","","NEWT","TRAD","2026-07-09T14:44:29Z","","CR","","I","TRUE","2026-07-09T14:44:29Z","2026-07-10","2031-06-20","","FALSE","BBSF","FALSE","FALSE","","20,000,000","","EUR","","","","","","","","","","","","","","","","","","","","","","","","","0.05","","","","","","0.024453","","","","","","false","","","3","","","A004","","","","","","","","2225405.97000","MNTH","","","","3","","","","UFRO","EUR","","","","","false","1","","","","","","","","","","FALSE","","","","","","","","","QZ3HM9KVK2WL","NA/CDS Corp Idx","ITRAXX EUROPE CROSSOVER"
"4110291257000000101","","NEWT","TRAD","2026-07-09T14:44:22Z","","CR","","N","FALSE","2026-07-09T14:44:22Z","2026-07-10","2031-06-20","","FALSE","BILT","FALSE","FALSE","FALSE","20,000,000","","USD","","","","","","","","","","","","","","","","","","","","","","","","","0.05","","","","","","","","","","","","false","","","","","","A004","","","","","","","","1649340.00000","MNTH","","","","3","","","","UFRO","USD","USD","","","","false","0.99","","","","","","","","","","FALSE","","","","","","","","","QZHH8NT767RX","NA/CDS Corp Idx","CDX.NA.HY"
"4110213056000000401","","NEWT","TRAD","2026-07-09T14:36:06Z","","CR","","I","TRUE","2026-07-09T14:36:06Z","2026-07-10","2030-12-20","","FALSE","BBSF","FALSE","TRUE","","250,000,000+","","USD","","","","","","","","","","","","","","","","","","","","","","","","","0.01","","","","","","0.0046312","","","","","","false","","","3","","","A004","","","","","","","","5557133.07254","MNTH","","","","3","","","","UFRO","USD","","","","","false","1","","","","","","","","","","TRUE","","","","0.0004168","","3","","","QZN3HTTN5303","NA/CDS Corp Idx","CDX.NA.IG"
"4110322329000000101","3864464237000000401","MODI","TRAD","2026-07-03T08:22:03Z","FALSE","CR","","N","TRUE","2026-06-25T12:49:35Z","2026-03-20","2031-06-20","","FALSE","BBSF","FALSE","FALSE","FALSE","40,000,000","","EUR","","","","","","","","","","","","","","","","","","","","","","","","","0.05","","","","","","","","","","","","false","","","","","","A004","","","","","","","","","MNTH","","","","3","","","","","","","","","","false","1","","","","","","","","","","FALSE","","","","","","","","","QZ3HM9KVK2WL","NA/CDS Corp Idx","ITRAXX EUROPE CROSSOVER"
"4110260728000000101","","NEWT","TRAD","2026-07-09T14:42:24Z","","CR","","I","TRUE","2026-07-09T14:42:24Z","2026-07-10","2031-06-20","","","TWSF","FALSE","FALSE","","24,000,000","","USD","","","","","","","","","","","","","","","","","","","","","","","","","0.01","","","","","","0.0050596","","","","","","false","","","3","","","A004","","","","","","","","538647.56914","MNTH","","","","3","","","","UFRO","USD","","","","","false","1","","","","","","","","","","FALSE","","","","","","","","","QZ3WVVQG5T8K","NA/CDS Corp Idx","CDX.NA.IG"
"4109834744000000201","","NEWT","TRAD","2026-07-09T13:53:53Z","","CR","","I","TRUE","2026-07-09T13:53:53Z","2026-07-10","2031-06-20","","FALSE","BBSF","FALSE","FALSE","","4,000,000","","USD","","","","","","","","","","","","","","","","","","","","","","","","","0.01","","","","","","0.0050604","","","","","","false","","","3","","","A004","","","","","","","","89759.79913","MNTH","","","","3","","","","UFRO","USD","","","","","false","1","","","","","","","","","","FALSE","","","","","","","","","QZ3WVVQG5T8K","NA/CDS Corp Idx","CDX.NA.IG"
"4109856784000000101","","NEWT","TRAD","2026-07-09T13:56:20Z","","CR","","I","TRUE","2026-07-09T13:56:20Z","2026-07-10","2031-06-20","","FALSE","BBSF","FALSE","FALSE","","20,000,000","","USD","","","","","","","","","","","","","","","","","","","","","","","","","0.05","","","","","","0.010811","","","","","","false","","","3","","","A004","","","","","","","","1655280.00000","MNTH","","","","3","","","","UFRO","USD","","","","","false","0.99","","","","","","","","","","FALSE","","","","","","","","","QZHH8NT767RX","NA/CDS Corp Idx","CDX.NA.HY"
"4109519456000000501","","NEWT","TRAD","2026-07-09T13:31:05Z","","CR","","N","FALSE","2026-07-09T13:31:05Z","2026-07-14","2026-08-04","","FALSE","BILT","FALSE","FALSE","TRUE","290,000,000","","EGP","","","","","","","","","","","","","","","","","","","","","","","","","0","","","","","","0.007","","","","","","false","","","3","","3","A005","","","","","","","","","DAIL","","","","1","","","","","","USD","USD","","","false","","","","","","","","","","","FALSE","","","","","","","","","QZ5SV8QFDWZH","NA/CDS Corp SN","No name obtainable"
"4109904059000000201","","NEWT","TRAD","2026-07-09T14:01:57Z","","CR","","I","TRUE","2026-07-09T14:01:57Z","2026-07-10","2031-06-20","","FALSE","BBSF","FALSE","FALSE","","21,000,000","","USD","","","","","","","","","","","","","","","","","","","","","","","","","0.01","","","","","","0.005054","","","","","","false","","","3","","","A004","","","","","","","","471848.15000","MNTH","","","","3","","","","UFRO","USD","","","","","false","1","","","","","","","","","","FALSE","","","","","","","","","QZ3WVVQG5T8K","NA/CDS Corp Idx","CDX.NA.IG"
"4109892950000000101","","NEWT","TRAD","2026-07-09T14:00:38Z","","CR","","I","TRUE","2026-07-09T14:00:38Z","2026-07-10","2031-06-20","","FALSE","BBSF","FALSE","FALSE","","8,000,000","","EUR","","","","","","","","","","","","","","","","","","","","","","","","","0.05","","","","","","0.0245399","","","","","","false","","","3","","","A004","","","","","","","","886906.10000","MNTH","","","","3","","","","UFRO","EUR","","","","","false","1","","","","","","","","","","FALSE","","","","","","","","","QZ3HM9KVK2WL","NA/CDS Corp Idx","ITRAXX EUROPE CROSSOVER"
"4109911022000000201","","NEWT","TRAD","2026-07-09T14:02:48Z","","CR","","I","FALSE","2026-07-09T14:02:48Z","2026-07-10","2031-06-20","","FALSE","BBSF","FALSE","FALSE","","15,000,000","","USD","","","","","","","","","","","","","","","","","","","","","","","","","0.01","","","","","","0.00982","","","","","","false","","","3","","","A004","","","","","","","","262500.00000","MNTH","","","","3","","","","UFRO","USD","","","","","false","1","","","","","","","","","","FALSE","","","","","","","","","QZ4JMQKL3P03","NA/CDS Corp Idx","CDX.EM"
"4109918223000000701","","NEWT","TRAD","2026-07-09T14:03:19Z","","CR","","I","TRUE","2026-07-09T14:03:19Z","2026-03-20","2031-06-20","","FALSE","TPSE","FALSE","FALSE","","25,000,000","","USD","","","","","","","","","","","","","","","","","","","","","","","","","0.01","","","","","","0.005055","","","","","","false","","","3","","","A004","","","","","","","","","MNTH","","","","3","","","","","","USD","","","","false","1","","","","","","","OTHR","","","FALSE","","","","","","","","","QZ3WVVQG5T8K","NA/CDS Corp Idx","CDX.NA.IG"
"4109393522000000101","","NEWT","TRAD","2026-07-09T13:21:40Z","","CR","","I","TRUE","2026-07-09T13:21:40Z","2026-07-10","2031-06-20","","","TWSF","FALSE","TRUE","","200,000,000","","USD","","","","","","","","","","","","","","","","","","","","","","","","","0.01","","","","","","0.005075","","","","","","false","","","3","","","A004","","","","","","","","4474769.68000","MNTH","","","","3","","","","UFRO","USD","","","","","false","1","","","","","","","","","","FALSE","","","","","","","","","QZ3WVVQG5T8K","NA/CDS Corp Idx","CDX.NA.IG"
"4109582663000000301","","NEWT","TRAD","2026-07-09T13:11:52Z","","CR","","N","FALSE","2026-07-09T13:11:52Z","2026-07-09","2026-07-10","","FALSE","BILT","FALSE","FALSE","TRUE","130,000,000","129,965,707","USD","USD","","","","","","","","","","","","","","","","","","","","","","","","0.037804","0.037804","","","","","","","","","","","false","","","","","","","","","","","","","","","EXPI","","","","1","","","","","","","USD","","","false","","","","","","","","","","","FALSE","","","","","","","","","QZW2QGHXWJ7L","NA/CDS Corp SN","DTD 01/15/2026"
"4109613660000000101","","NEWT","TRAD","2026-07-09T13:37:47Z","","CR","","I","TRUE","2026-07-09T13:37:47Z","2026-07-10","2031-06-20","","FALSE","BBSF","FALSE","FALSE","","100,000,000","","USD","","","","","","","","","","","","","","","","","","","","","","","","","0.01","","","","","","0.005067","","","","","","false","","","3","","","A004","","","","","","","","2241007.93000","MNTH","","","","3","","","","UFRO","USD","","","","","false","1","","","","","","","","","","FALSE","","","","","","","","","QZ3WVVQG5T8K","NA/CDS Corp Idx","CDX.NA.IG"
"4109462954000000101","","NEWT","TRAD","2026-07-09T13:27:34Z","","CR","","I","TRUE","2026-07-09T13:27:34Z","2026-07-10","2036-06-20","","FALSE","BBSF","FALSE","TRUE","","10,000,000","","USD","","","","","","","","","","","","","","","","","","","","","","","","","0.01","","","","","","0.009068","","","","","","false","","","3","","","A004","","","","","","","","76879.36000","MNTH","","","","3","","","","UFRO","USD","","","","","false","1","","","","","","","","","","FALSE","","","","","","","","","QZ21S8101WKL","NA/CDS Corp Idx","CDX.NA.IG"
"4109661264000000401","","NEWT","TRAD","2026-07-09T13:41:36Z","","CR","","I","FALSE","2026-07-09T13:41:36Z","2026-07-10","2031-06-20","","","TWSF","FALSE","FALSE","","1,000,000","","USD","","","","","","","","","","","","","","","","","","","","","","","","","0.05","","","","","","0.01080838","","","","","","false","","","3","","","A004","","","","","","","","82504.62000","MNTH","","","","3","","","","UFRO","USD","","","","","false","0.99","","","","","","","","","","FALSE","","","","","","","","","QZHH8NT767RX","NA/CDS Corp Idx","CDX.NA.HY"
"4109708544000000201","","NEWT","TRAD","2026-07-09T13:44:19Z","","CR","","I","TRUE","2026-07-09T13:44:19Z","2025-09-22","2030-12-20","","FALSE","TPSE","FALSE","FALSE","","100,000,000","","USD","","","","","","","","","","","","","","","","","","","","","","","","","0.01","","","","","","0.00465","","","","","","false","","","3","","","A004","","","","","","","","","MNTH","","","","3","","","","","","USD","","","","false","1","","","","","","","OTHR","","","FALSE","","","","","","","","","QZN3HTTN5303","NA/CDS Corp Idx","CDX.NA.IG"
"4109720632000000301","","NEWT","TRAD","2026-07-09T13:45:20Z","","CR","","I","TRUE","2026-07-09T13:45:20Z","2026-07-10","2031-06-20","","","TWSF","FALSE","FALSE","","15,000,000","","USD","","","","","","","","","","","","","","","","","","","","","","","","","0.01","","","","","","0.0050631","","","","","","false","","","3","","","A004","","","","","","","","336416.16071","MNTH","","","","3","","","","UFRO","USD","","","","","false","1","","","","","","","","","","FALSE","","","","","","","","","QZ3WVVQG5T8K","NA/CDS Corp Idx","CDX.NA.IG"
"4109727029000000101","","NEWT","TRAD","2026-07-09T13:45:35Z","","CR","","I","TRUE","2026-07-09T13:45:35Z","2026-07-10","2030-12-20","","FALSE","BBSF","FALSE","FALSE","","35,000,000","","EUR","","","","","","","","","","","","","","","","","","","","","","","","","0.01","","","","","","0.0046885","","","","","","false","","","3","","","A004","","","","","","","","794271.30000","MNTH","","","","3","","","","UFRO","EUR","","","","","false","1","","","","","","","","","","FALSE","","","","","","","","","QZFB31MBHLT9","NA/CDS Corp Idx","ITRAXX EUROPE"
"4109741796000000101","","NEWT","TRAD","2026-07-09T13:47:08Z","","CR","","I","TRUE","2026-07-09T13:47:08Z","2026-07-10","2031-06-20","","FALSE","BBSF","FALSE","FALSE","","4,000,000","","EUR","","","","","","","","","","","","","","","","","","","","","","","","","0.01","","","","","","0.0051729","","","","","","false","","","3","","","A004","","","","","","","","90780.40000","MNTH","","","","3","","","","UFRO","EUR","","","","","false","1","","","","","","","","","","FALSE","","","","","","","","","QZTQ4GTC5QMF","NA/CDS Corp Idx","ITRAXX EUROPE"
"4109981224000000201","","NEWT","TRAD","2026-07-09T14:08:12Z","","CR","","I","TRUE","2026-07-09T14:08:12Z","2026-07-10","2031-06-20","","FALSE","BBSF","FALSE","FALSE","","10,000,000","","USD","","","","","","","","","","","","","","","","","","","","","","","","","0.05","","","","","","0.01080925","","","","","","false","","","3","","","A004","","","","","","","","825907.50000","MNTH","","","","3","","","","UFRO","USD","","","","","false","0.99","","","","","","","","","","FALSE","","","","","","","","","QZHH8NT767RX","NA/CDS Corp Idx","CDX.NA.HY"
"4110015176000000101","","NEWT","TRAD","2026-07-09T14:12:17Z","","CR","","I","TRUE","2026-07-09T14:12:17Z","2026-07-10","2031-06-20","","","TWSF","FALSE","FALSE","","530,000","","USD","","","","","","","","","","","","","","","","","","","","","","","","","0.05","","","","","","0.01081","","","","","","false","","","3","","","A004","","","","","","","","43812.59717","MNTH","","","","3","","","","UFRO","USD","","","","","false","0.99","","","","","","","","","","FALSE","","","","","","","","","QZHH8NT767RX","NA/CDS Corp Idx","CDX.NA.HY"
"4110056873000000101","","NEWT","TRAD","2026-07-09T14:16:34Z","","CR","","I","TRUE","2026-07-09T14:16:34Z","2026-07-10","2031-06-20","","FALSE","BBSF","FALSE","FALSE","","100,000,000","","USD","","","","","","","","","","","","","","","","","","","","","","","","","0.01","","","","","","0.005075","","","","","","false","","","3","","","A004","","","","","","","","2237388.41635","MNTH","","","","3","","","","UFRO","USD","","","","","false","1","","","","","","","","","","FALSE","","","","","","","","","QZ3WVVQG5T8K","NA/CDS Corp Idx","CDX.NA.IG"
"4109815411000000201","","NEWT","TRAD","2026-07-09T13:52:13Z","FALSE","CR","","N","FALSE","2026-07-09T13:52:13Z","2027-06-30","2031-11-24","","FALSE","BILT","FALSE","FALSE","TRUE","300,000","","USD","","","","","","","","","","","","","","","","","","","","","","","","","","","","","","","","","","","","","false","","","","","","","","","","","","","","299999.78880","","","","","","","","","UFRO","USD","USD","","","","false","","","","","","","","","","","FALSE","","","","","","","","","QZPZQ7TNBXX7","NA/CDS Corp Basket","Basket"
"4110128156000000101","","NEWT","TRAD","2026-07-09T14:26:43Z","","CR","","I","FALSE","2026-07-09T14:26:43Z","2026-07-10","2031-06-20","","FALSE","BBSF","FALSE","FALSE","","44,000,000","","EUR","","","","","","","","","","","","","","","","","","","","","","","","","0.01","","","","","","0.0054175","","","","","","false","","","3","","","A004","","","","","","","","948182.10000","MNTH","","","","3","","","","UFRO","EUR","","","","","false","1","","","","","","","","","","FALSE","","","","","","","","","QZTB38W3WJ98","NA/CDS Corp Idx","ITRAXX EUROPE SENIOR FINANCIALS"
"4110183632000000102","","NEWT","TRAD","2026-07-09T14:32:28Z","","CR","","I","TRUE","2026-07-09T14:32:28Z","2026-03-20","2031-06-20","","FALSE","TPSE","FALSE","FALSE","","15,000,000","","USD","","","","","","","","","","","","","","","","","","","","","","","","","0.05","","","","","","108.09","","USD","","","","false","","","1","","","A004","","","","","","","","","MNTH","","","","3","","","","","","USD","","","","false","0.99","","","","","","","OTHR","","","FALSE","","","","","","","","","QZHH8NT767RX","NA/CDS Corp Idx","CDX.NA.HY"
"4110241921000000101","","NEWT","TRAD","2026-07-09T14:40:15Z","","CR","","I","TRUE","2026-07-09T14:40:15Z","2026-07-10","2031-06-20","","FALSE","BBSF","FALSE","FALSE","","35,000,000","","USD","","","","","","","","","","","","","","","","","","","","","","","","","0.05","","","","","","0.01080875","","","","","","false","","","3","","","A004","","","","","","","","2888943.75000","MNTH","","","","3","","","","UFRO","USD","","","","","false","0.99","","","","","","","","","","FALSE","","","","","","","","","QZHH8NT767RX","NA/CDS Corp Idx","CDX.NA.HY"
"4110503921000000401","","NEWT","TRAD","2026-07-09T15:18:20Z","","CR","","N","FALSE","2026-07-09T15:18:20Z","2026-07-10","2030-12-20","","TRUE","BILT","FALSE","FALSE","FALSE","10,000,000","","EUR","","","","","","","","","","","","","","","","","","","","","","","","","0.05","","","","","","","","","","","","false","","","","","","A004","","","","","","","","705000.00000","MNTH","","","","3","","","","UFRO","EUR","","","","","false","1","","","","","","","","","","FALSE","","","","","","","","","QZB5DPT9MS3H","NA/CDS Corp Idx Tra","ITRAXX EUROPE CROSSOVER"
"4110503758000000101","","NEWT","TRAD","2026-07-09T15:21:14Z","","CR","","I","TRUE","2026-07-09T15:21:14Z","2026-07-10","2031-06-20","","","TWSF","FALSE","FALSE","","140,000","","EUR","","","","","","","","","","","","","","","","","","","","","","","","","0.01","","","","","","0.0053835","","","","","","false","","","3","","","A004","","","","","","","","3039.20602","MNTH","","","","3","","","","UFRO","EUR","","","","","false","1","","","","","","","","","","FALSE","","","","","","","","","QZTB38W3WJ98","NA/CDS Corp Idx","ITRAXX EUROPE SENIOR FINANCIALS"
"4110526077000000101","","NEWT","TRAD","2026-07-09T15:24:44Z","","CR","","I","TRUE","2026-07-09T15:24:44Z","2026-07-10","2031-06-20","","","TWSF","FALSE","FALSE","","1,000,000","","EUR","","","","","","","","","","","","","","","","","","","","","","","","","0.01","","","","","","0.00513725","","","","","","false","","","3","","","A004","","","","","","","","22862.20216","MNTH","","","","3","","","","UFRO","EUR","","","","","false","1","","","","","","","","","","FALSE","","","","","","","","","QZTQ4GTC5QMF","NA/CDS Corp Idx","ITRAXX EUROPE"
"4110535809000000301","","NEWT","TRAD","2026-07-09T15:25:47Z","","CR","","I","FALSE","2026-07-09T15:25:47Z","2026-03-20","2031-06-20","","FALSE","TPSE","FALSE","FALSE","","10,000,000","","USD","","","","","","","","","","","","","","","","","","","","","","","","","0.01","","","","","","98.22","","USD","","","","false","","","1","","","A004","","","","","","","","","MNTH","","","","3","","","","","","USD","","","","false","1","","","","","","","OTHR","","","FALSE","","","","","","","","","QZ4JMQKL3P03","NA/CDS Corp Idx","CDX.EM"
"4110421732000000101","","NEWT","TRAD","2026-07-09T15:06:06Z","","CR","","N","FALSE","2026-07-09T15:06:06Z","2026-07-09","2026-09-16","2031-06-20","FALSE","BILT","FALSE","FALSE","TRUE","110,000,000","","USD","","","","","","","","","","","","","","","","","","","","","","","","2026-09-16","0.01","","102,740.26152","USD","","","","","","","0.006","","false","","","","","3","A004","","","","","","","","","MNTH","","","","3","","","","","","","","","","false","1","","","","","","","","","","FALSE","","","","","","","","","QZT4QS79CCTS","NA/CDS Idx Swt","NA/CDS Corp Idx"
"4110574521000000101","","NEWT","TRAD","2026-07-09T15:32:45Z","","CR","","I","TRUE","2026-07-09T15:32:45Z","2026-07-10","2031-06-20","","FALSE","BBSF","FALSE","FALSE","","50,000,000","","USD","","","","","","","","","","","","","","","","","","","","","","","","","0.01","","","","","","0.00504771","","","","","","false","","","3","","","A004","","","","","","","","1124872.53000","MNTH","","","","3","","","","UFRO","USD","","","","","false","1","","","","","","","","","","FALSE","","","","","","","","","QZ3WVVQG5T8K","NA/CDS Corp Idx","CDX.NA.IG"
"4110582500000000201","","NEWT","TRAD","2026-07-09T15:34:00Z","","CR","","I","TRUE","2026-07-09T15:34:00Z","2026-07-10","2031-06-20","","","TWSF","FALSE","FALSE","","150,000,000","","USD","","","","","","","","","","","","","","","","","","","","","","","","","0.01","","","","","","0.0050455","","","","","","false","","","3","","","A004","","","","","","","","3376119.21000","MNTH","","","","3","","","","UFRO","USD","","","","","false","1","","","","","","","","","","FALSE","","","","","","","","","QZ3WVVQG5T8K","NA/CDS Corp Idx","CDX.NA.IG"
"4110595294000000301","","NEWT","TRAD","2026-07-09T15:36:36Z","","CR","","I","TRUE","2026-07-09T15:36:36Z","2026-07-10","2031-06-20","","FALSE","BBSF","FALSE","FALSE","","5,000,000","","EUR","","","","","","","","","","","","","","","","","","","","","","","","","0.05","","","","","","0.0244375","","","","","","false","","","3","","","A004","","","","","","","","556714.64000","MNTH","","","","3","","","","UFRO","EUR","","","","","false","1","","","","","","","","","","FALSE","","","","","","","","","QZ3HM9KVK2WL","NA/CDS Corp Idx","ITRAXX EUROPE CROSSOVER"
"4110623205000000301","","NEWT","TRAD","2026-07-09T15:41:05Z","","CR","","I","TRUE","2026-07-09T15:41:05Z","2026-07-10","2031-06-20","","FALSE","BBSF","FALSE","FALSE","","25,000,000","","USD","","","","","","","","","","","","","","","","","","","","","","","","","0.05","","","","","","0.01081225","","","","","","false","","","3","","","A004","","","","","","","","2072193.75000","MNTH","","","","3","","","","UFRO","USD","","","","","false","0.99","","","","","","","","","","FALSE","","","","","","","","","QZHH8NT767RX","NA/CDS Corp Idx","CDX.NA.HY"
"4110569761000000101","","NEWT","TRAD","2026-07-09T15:32:15Z","","CR","","I","TRUE","2026-07-09T15:32:15Z","2026-07-10","2031-06-20","","FALSE","BBSF","FALSE","TRUE","","250,000,000+","","USD","","","","","","","","","","","","","","","","","","","","","","","","","0.01","","","","","","0.005045","","","","","","false","","","3","","","A004","","","","","","","","5627413.24322","MNTH","","","","3","","","","UFRO","USD","","","","","false","1","","","","","","","","","","FALSE","","","","","","","","","QZ3WVVQG5T8K","NA/CDS Corp Idx","CDX.NA.IG"
"4110636128000000101","","NEWT","TRAD","2026-07-09T15:43:04Z","","CR","","I","TRUE","2026-07-09T15:43:04Z","2026-07-10","2031-06-20","","","TWSF","FALSE","FALSE","","3,000,000","","USD","","","","","","","","","","","","","","","","","","","","","","","","","0.05","","","","","","0.0108135","","","","","","false","","","3","","","A004","","","","","","","","249033.50386","MNTH","","","","3","","","","UFRO","USD","","","","","false","0.99","","","","","","","","","","FALSE","","","","","","","","","QZHH8NT767RX","NA/CDS Corp Idx","CDX.NA.HY"
"4110589373000000301","","NEWT","TRAD","2026-07-09T15:35:13Z","","CR","","N","FALSE","2026-07-09T15:35:13Z","2026-09-16","2026-09-16","","FALSE","BILT","FALSE","FALSE","TRUE","200,000,000","","EUR","","","","","","","","","","","","","","","","","","","","","","","","2026-09-16","","","578,000","EUR","","","","","","","0.00575","","false","","","","","3","A004","","","","","","","","0.00000","MNTH","","","","3","","","","UFRO","EUR","","","","","false","","","","","","","","","","","FALSE","","","","","","","","","QZS1WNR5R2ND","NA/CDS Idx Swt","NA/CDS Corp Idx"
"4110632481000000101","","NEWT","TRAD","2026-07-09T15:41:02Z","","CR","","N","FALSE","2026-07-09T15:41:02Z","2026-07-10","2026-08-10","","FALSE","BILT","FALSE","FALSE","TRUE","170,000,000","","USD","","","","","","","","","","","","","","","","","","","","","","","","","0.03625","","","","","","","","","","","","false","","","","","","A006","","","","","","","","487009.26176","MNTH","","","","6","","","","PEXH","USD","","","","","false","","","","","","","","","","","FALSE","","","","","","","","","QZ74SZ88PHDZ","NA/CDS Corp SN","DTD 05/15/2023"
"4111095305000000301","","NEWT","TRAD","2026-07-09T16:11:12Z","","CR","","I","TRUE","2026-07-09T16:11:12Z","2026-07-10","2031-06-20","","FALSE","BBSF","FALSE","FALSE","","100,000,000","","USD","","","","","","","","","","","","","","","","","","","","","","","","","0.01","","","","","","0.005038","","","","","","false","","","3","","","A004","","","","","","","","2254143.58000","MNTH","","","","3","","","","UFRO","USD","","","","","false","1","","","","","","","","","","FALSE","","","","","","","","","QZ3WVVQG5T8K","NA/CDS Corp Idx","CDX.NA.IG"
"4112082811000000101","","NEWT","TRAD","2026-07-09T17:15:50Z","","CR","","I","TRUE","2026-07-09T17:15:50Z","2026-07-10","2030-12-20","","FALSE","BBSF","FALSE","TRUE","","76,000,000+","","USD","","","","","","","","","","","","","","","","","","","","","","","","","0.05","","","","","","0.01081875","","","","","","false","","","3","","","A004","","","","","","","","6284196.25313","MNTH","","","","3","","","","UFRO","USD","","","","","false","0.98","","","","","","","","","","TRUE","","","","0.00000275","","3","","","QZMD5JCHG48C","NA/CDS Corp Idx","CDX.NA.HY"
"4111762476000000101","","NEWT","TRAD","2026-07-09T17:01:13Z","","CR","","N","FALSE","2026-07-09T13:52:22Z","2026-03-20","2031-06-20","2031-06-20","TRUE","BILT","FALSE","FALSE","TRUE","10,000,000","","USD","","","","","","","","","","","","","","","","","","","","","","","","2026-10-21","0.01","","25,000","USD","","","","","","","0.00525","","false","","","","","3","A004","","","","","","","","","MNTH","","","","3","","","","","","","","","","false","1","","","","","","","","","","FALSE","","","","","","","","","QZX75BBR2PZH","NA/CDS Idx Swt","NA/CDS Corp Idx"
"4111838945000000401","","NEWT","TRAD","2026-07-09T17:03:12Z","","CR","","I","FALSE","2026-07-09T17:03:12Z","2026-07-09","2026-11-18","2031-06-20","FALSE","BILT","FALSE","FALSE","TRUE","100,000,000","","USD","","","","","","","","","","","","","","","","","","","","","","","","2026-11-18","0.05","","201,960","USD","","","","","","","0.0097","","false","","","","","3","A004","","","","","","","","","MNTH","","","","3","","","","","","","","","","false","0.99","","","","","","","","","","FALSE","","","","","","","","","QZHJMSG8W2ZX","NA/CDS Idx Swt","NA/CDS Corp Idx"
"4112067652000000101","4111912826000000101","CORR","","2026-07-09T17:11:02Z","","CR","","I","FALSE","2026-07-09T17:06:12Z","2026-07-09","2026-10-21","2031-06-20","FALSE","BILT","FALSE","FALSE","TRUE","400,000,000+","","USD","","","","","","","","","","","","","","","","","","","","","","","","2026-10-21","0.01","","417,200","USD","","","","","","","0.0065","","false","","","","","3","A004","","","","","","","","","MNTH","","","","3","","","","","","","","","","false","1","","","","","","","","","","FALSE","","","","","","","","","QZT4QS79CCTS","NA/CDS Idx Swt","NA/CDS Corp Idx"
"4112726501000000202","4112699135000000302","MODI","TRAD","2026-07-09T17:45:18Z","TRUE","CR","","I","TRUE","2026-07-09T17:44:06Z","2026-03-20","2031-06-20","","FALSE","TPSE","FALSE","FALSE","","5,000,000","","USD","","","","","","","","","","","","","","","","","","","","","","","","","0.05","","","","","","108.15","","USD","","","","false","","","1","","","A004","","","","","","","","","MNTH","","","","3","","","","","","USD","","","","false","0.99","","","","","","","OTHR","","","FALSE","","","","","","","","","QZHH8NT767RX","NA/CDS Corp Idx","CDX.NA.HY"
"4112743236000000101","","NEWT","TRAD","2026-07-09T17:46:39Z","","CR","","I","FALSE","2026-07-09T17:46:39Z","2026-07-10","2031-06-20","","FALSE","BBSF","FALSE","FALSE","","25,000,000","","USD","","","","","","","","","","","","","","","","","","","","","","","","","0.01","","","","","","0.0098266","","","","","","false","","","3","","","A004","","","","","","","","421000.00000","MNTH","","","","3","","","","UFRO","USD","","","","","false","1","","","","","","","","","","FALSE","","","","","","","","","QZ4JMQKL3P03","NA/CDS Corp Idx","CDX.EM"
"4115083978000000102","","NEWT","TRAD","2026-07-09T20:28:37Z","","CR","","I","TRUE","2026-07-09T20:28:37Z","2026-03-20","2031-06-20","","FALSE","TPSE","FALSE","FALSE","","5,000,000","","USD","","","","","","","","","","","","","","","","","","","","","","","","","0.05","","","","","","108.07","","USD","","","","false","","","1","","","A004","","","","","","","","","MNTH","","","","3","","","","","","USD","","","","false","0.99","","","","","","","OTHR","","","FALSE","","","","","","","","","QZHH8NT767RX","NA/CDS Corp Idx","CDX.NA.HY"
"4115114703000000101","4115083978000000102","MODI","TRAD","2026-07-09T20:29:37Z","TRUE","CR","","I","TRUE","2026-07-09T20:28:37Z","2026-03-20","2031-06-20","","FALSE","TPSE","FALSE","FALSE","","5,000,000","","USD","","","","","","","","","","","","","","","","","","","","","","","","","0.05","","","","","","108.07","","USD","","","","false","","","1","","","A004","","","","","","","","","MNTH","","","","3","","","","","","USD","","","","false","0.99","","","","","","","OTHR","","","FALSE","","","","","","","","","QZHH8NT767RX","NA/CDS Corp Idx","CDX.NA.HY"
"4115420672000000101","4115409587000000101","MODI","TRAD","2026-07-09T20:50:31Z","TRUE","CR","","I","TRUE","2026-07-09T20:49:52Z","2026-03-20","2031-06-20","","FALSE","TPSE","FALSE","FALSE","","5,000,000","","USD","","","","","","","","","","","","","","","","","","","","","","","","","0.05","","","","","","108.0775","","USD","","","","false","","","1","","","A004","","","","","","","","","MNTH","","","","3","","","","","","USD","","","","false","0.99","","","","","","","OTHR","","","FALSE","","","","","","","","","QZHH8NT767RX","NA/CDS Corp Idx","CDX.NA.HY"
"4101935405000000101","","NEWT","TRAD","2026-07-09T08:47:35Z","","CR","","I","TRUE","2026-07-09T08:47:35Z","2026-07-10","2031-06-20","","FALSE","BBSF","FALSE","FALSE","","25,000,000","","EUR","","","","","","","","","","","","","","","","","","","","","","","","","0.01","","","","","","0.005185","","","","","","false","","","3","","","A004","","","","","","","","565959.48000","MNTH","","","","3","","","","UFRO","EUR","","","","","false","1","","","","","","","","","","FALSE","","","","","","","","","QZTQ4GTC5QMF","NA/CDS Corp Idx","ITRAXX EUROPE"
"4098654785000000201","","NEWT","TRAD","2026-07-09T07:39:43Z","","CR","","I","TRUE","2026-07-09T07:39:43Z","2026-07-10","2031-06-20","","","TWSF","FALSE","TRUE","","166,344,993+","","EUR","","","","","","","","","","","","","","","","","","","","","","","","","0.01","","","","","","0.005168","","","","","","false","","","3","","","A004","","","","","","","","3779037.24769","MNTH","","","","3","","","","UFRO","EUR","","","","","false","1","","","","","","","","","","FALSE","","","","","","","","","QZTQ4GTC5QMF","NA/CDS Corp Idx","ITRAXX EUROPE"
"4106965068000000201","","NEWT","TRAD","2026-07-09T10:37:20Z","","CR","","I","TRUE","2026-07-09T10:37:20Z","2026-07-10","2031-06-20","","","TWSF","FALSE","FALSE","","22,000,000","","EUR","","","","","","","","","","","","","","","","","","","","","","","","","0.01","","","","","","0.0052095","","","","","","false","","","3","","","A004","","","","","","","","495520.14658","MNTH","","","","3","","","","UFRO","EUR","","","","","false","1","","","","","","","","","","FALSE","","","","","","","","","QZTQ4GTC5QMF","NA/CDS Corp Idx","ITRAXX EUROPE"
"4101737672000000101","","NEWT","TRAD","2026-07-09T08:42:08Z","","CR","","I","TRUE","2026-07-09T08:42:08Z","2026-07-10","2031-06-20","","FALSE","BBSF","FALSE","FALSE","","15,000,000","","EUR","","","","","","","","","","","","","","","","","","","","","","","","","0.01","","","","","","0.00517855","","","","","","false","","","3","","","A004","","","","","","","","340029.20000","MNTH","","","","3","","","","UFRO","EUR","","","","","false","1","","","","","","","","","","FALSE","","","","","","","","","QZTQ4GTC5QMF","NA/CDS Corp Idx","ITRAXX EUROPE"
"4101765610000000101","","NEWT","TRAD","2026-07-09T08:42:36Z","","CR","","I","TRUE","2026-07-09T08:42:36Z","2026-03-20","2031-06-20","","FALSE","TPSE","FALSE","FALSE","","10,000,000","","EUR","","","","","","","","","","","","","","","","","","","","","","","","","0.05","","","","","","0.024625","","","","","","false","","","3","","","A004","","","","","","","","","MNTH","","","","3","","","","","","EUR","","","","false","1","","","","","","","OTHR","","","FALSE","","","","","","","","","QZ3HM9KVK2WL","NA/CDS Corp Idx","ITRAXX EUROPE CROSSOVER"
"4103457069000000101","","NEWT","TRAD","2026-07-09T09:20:09Z","","CR","","I","TRUE","2026-07-09T09:20:09Z","2026-03-20","2031-06-20","","","BILT","FALSE","FALSE","FALSE","75,000,000","","EUR","","","","","","","","","","","","","","","","","","","","","","","","","0.01","","","","","","","","","","","","false","","","","","","A004","","","","","","","","1697000.00000","MNTH","","","","3","","","","UFRO","EUR","","","","","false","1","","","","","","","","","","FALSE","","","","","","","","","QZTQ4GTC5QMF","NA/CDS Corp Idx","ITRAXX EUROPE"
"4111750407000000301","","NEWT","TRAD","2026-07-09T16:59:48Z","","CR","","I","TRUE","2026-07-09T16:59:48Z","2026-07-10","2031-06-20","","FALSE","BBSF","FALSE","FALSE","","25,000,000","","USD","","","","","","","","","","","","","","","","","","","","","","","","","0.01","","","","","","0.005039","","","","","","false","","","3","","","A004","","","","","","","","563422.64000","MNTH","","","","3","","","","UFRO","USD","","","","","false","1","","","","","","","","","","FALSE","","","","","","","","","QZ3WVVQG5T8K","NA/CDS Corp Idx","CDX.NA.IG"
"4111762477000000201","","NEWT","TRAD","2026-07-09T17:01:31Z","","CR","","I","TRUE","2026-07-09T17:01:31Z","2026-07-10","2031-06-20","","FALSE","BBSF","FALSE","FALSE","","21,000,000","","USD","","","","","","","","","","","","","","","","","","","","","","","","","0.05","","","","","","0.0108139","","","","","","false","","","3","","","A004","","","","","","","","1744073.10000","MNTH","","","","3","","","","UFRO","USD","","","","","false","0.99","","","","","","","","","","FALSE","","","","","","","","","QZHH8NT767RX","NA/CDS Corp Idx","CDX.NA.HY"
"4111753776000000101","","NEWT","TRAD","2026-07-09T17:00:22Z","","CR","","I","TRUE","2026-07-09T17:00:22Z","2026-07-10","2031-06-20","","","TWSF","FALSE","FALSE","","10,000,000","","USD","","","","","","","","","","","","","","","","","","","","","","","","","0.05","","","","","","0.0108125","","","","","","false","","","3","","","A004","","","","","","","","829123.75631","MNTH","","","","3","","","","UFRO","USD","","","","","false","0.99","","","","","","","","","","TRUE","","","","0.0108125","","3","","","QZHH8NT767RX","NA/CDS Corp Idx","CDX.NA.HY"
"4111753777000000201","","NEWT","TRAD","2026-07-09T17:00:31Z","","CR","","I","TRUE","2026-07-09T17:00:31Z","2026-07-10","2031-06-20","","","TWSF","FALSE","FALSE","","10,000,000","","USD","","","","","","","","","","","","","","","","","","","","","","","","","0.05","","","","","","0.0108125","","","","","","false","","","3","","","A004","","","","","","","","829125.00000","MNTH","","","","3","","","","UFRO","USD","","","","","false","0.99","","","","","","","","","","TRUE","","","","0.0108125","","3","","","QZHH8NT767RX","NA/CDS Corp Idx","CDX.NA.HY"
"4111100781000000201","","NEWT","TRAD","2026-07-09T16:09:17Z","","CR","","N","FALSE","2026-07-09T16:09:17Z","2026-03-20","2026-10-21","","FALSE","BILT","FALSE","FALSE","TRUE","120,000,000","","EUR","","","","","","","","","","","","","","","","","","","","","","","","2026-10-21","0.03","","741,360","EUR","","","5","","","","3","","false","","","3","","3","A004","","","","","","","","","MNTH","","","","3","","","","","","","","","","false","","","","","","","","","","","FALSE","","","","","","","","","QZTL0V3X916X","NA/CDS Idx Swt","NA/CDS Corp Idx"
"4111640483000000101","4111633866000000101","MODI","TRAD","2026-07-09T16:48:46Z","TRUE","CR","","I","TRUE","2026-07-09T16:48:26Z","2026-03-20","2031-06-20","","FALSE","TPSE","FALSE","FALSE","","50,000,000","","USD","","","","","","","","","","","","","","","","","","","","","","","","","0.01","","","","","","0.00504","","","","","","false","","","3","","","A004","","","","","","","","","MNTH","","","","3","","","","","","USD","","","","false","1","","","","","","","OTHR","","","FALSE","","","","","","","","","QZ3WVVQG5T8K","NA/CDS Corp Idx","CDX.NA.IG"
"4111686947000000101","","NEWT","TRAD","2026-07-09T16:43:16Z","","CR","","N","FALSE","2026-07-09T16:43:16Z","2026-07-10","2072-12-16","","FALSE","BILT","FALSE","FALSE","FALSE","5,000,000","","USD","","","","","","","","","","","","","","","","","","","","","","","","","0.05","","","","","","","","","","","","false","","","","","","A004","","","","","","","","1452777.78000","MNTH","","","","1","","","","UFRO","USD","USD","","","","false","1","","","","","","","","","","FALSE","","","","","","","","","QZKQC4H7728D","NA/CDS Corp Idx","CMBX.NA.BB"
"4112003643000000101","4111760252000000201","CORR","","2026-07-09T17:11:52Z","","CR","","N","FALSE","2026-07-09T17:07:03Z","2026-07-10","2030-12-20","","TRUE","BILT","FALSE","FALSE","FALSE","8,000,000","","USD","","","","","","","","","","","","","","","","","","","","","","","","","0.05","","","","","","","","","","","","false","","","","","","A004","","","","","","","","1173598.82640","MNTH","","","","3","","","","UFRO","USD","","","","","false","0.98","","","","","","","","","","FALSE","","","","","","","","","QZ7ZRB20S7R5","NA/CDS Corp Idx Tra","CDX.NA.HY"
"4112118731000000101","","NEWT","TRAD","2026-07-09T17:17:24Z","","CR","","I","TRUE","2026-07-09T17:17:24Z","2026-07-10","2031-06-20","","FALSE","BBSF","FALSE","FALSE","","150,000,000","","USD","","","","","","","","","","","","","","","","","","","","","","","","","0.01","","","","","","0.0050363","","","","","","false","","","3","","","A004","","","","","","","","3382370.54000","MNTH","","","","3","","","","UFRO","USD","","","","","false","1","","","","","","","","","","FALSE","","","","","","","","","QZ3WVVQG5T8K","NA/CDS Corp Idx","CDX.NA.IG"
"4111726864000000101","","NEWT","TRAD","2026-07-09T16:54:17Z","","CR","","N","FALSE","2026-07-09T16:54:17Z","2026-07-11","2055-03-15","2055-03-15","TRUE","BILT","FALSE","FALSE","TRUE","6,000,000","","USD","","","","","","","","","","","","","","","","","","","","","","","","","","","","","","","1","","","","","","false","","","4","","","","","A004","","DAIL","","1","","","","","","","","","","","","","USD","","","","true","","","","","","","","OPET","","","FALSE","","","","","","","","","QZWBC8GZ8TBN","NA/CDS Corp Oth","Basket"
"4111726871000000801","2707076543000000201","TERM","ETRM","2026-07-09T16:55:28Z","","CR","","N","FALSE","2026-04-13T18:29:48Z","2026-07-11","2055-03-15","2055-03-15","TRUE","BILT","FALSE","FALSE","TRUE","37,000,000","","USD","","","","","","","","","","","","","","","","","","","","","","","","","","","","","","","1","","","","","","false","","","4","","","","","A004","","DAIL","","1","","","","","","","","","","","","","USD","","","","true","","","","","","","","OPET","","","FALSE","","","","","","","","","QZWBC8GZ8TBN","NA/CDS Corp Oth","Basket"
"4111703761000000201","4111703760000000101","MODI","TRAD","2026-07-09T16:54:42Z","TRUE","CR","","I","TRUE","2026-07-09T16:54:14Z","2026-03-20","2031-06-20","","FALSE","TPSE","FALSE","FALSE","","25,000,000","","USD","","","","","","","","","","","","","","","","","","","","","","","","","0.01","","","","","","0.00504","","","","","","false","","","3","","","A004","","","","","","","","","MNTH","","","","3","","","","","","USD","","","","false","1","","","","","","","OTHR","","","FALSE","","","","","","","","","QZ3WVVQG5T8K","NA/CDS Corp Idx","CDX.NA.IG"
"4111732462000000101","2707074244000000301","TERM","ETRM","2026-07-09T16:55:41Z","","CR","","N","FALSE","2026-04-13T18:29:07Z","2026-07-11","2055-03-15","2055-03-15","TRUE","BILT","FALSE","FALSE","TRUE","120,000,000","","USD","","","","","","","","","","","","","","","","","","","","","","","","","","","","","","","1","","","","","","false","","","4","","","","","A004","","DAIL","","1","","","","","","","","","","","","","USD","","","","true","","","","","","","","OPET","","","FALSE","","","","","","","","","QZWBC8GZ8TBN","NA/CDS Corp Oth","Basket"
"4115680734000000101","","NEWT","TRAD","2026-07-09T21:06:44Z","","CR","","N","FALSE","2026-07-09T21:06:44Z","2026-07-09","2028-07-12","","FALSE","BILT","FALSE","FALSE","TRUE","370,000,000","","USD","","","","","","","","","","","","","","","","","","","","","","","","","0.0175","","","","","","","","","","","","false","","","","","","A006","","","","","","","","9246094.75445","MNTH","","","","6","","","","PEXH","USD","USD","","","","false","","","","","","","","","","","FALSE","","","","","","","","","QZ23KZG9KT9K","NA/CDS Corp SN","DTD 08/15/2021"
"4115638116000000201","","NEWT","TRAD","2026-07-09T21:06:44Z","","CR","","N","FALSE","2026-07-09T21:06:44Z","2026-07-09","2028-07-12","","FALSE","BILT","FALSE","FALSE","TRUE","370,000,000","","USD","","","","","","","","","","","","","","","","","","","","","","","","","0.0175","","","","","","","","","","","","false","","","","","","A006","","","","","","","","9246037.93007","MNTH","","","","6","","","","PEXH","USD","USD","","","","false","","","","","","","","","","","FALSE","","","","","","","","","QZ23KZG9KT9K","NA/CDS Corp SN","DTD 08/15/2021"
"4105037172000000101","","NEWT","TRAD","2026-07-09T09:57:22Z","","CR","","I","TRUE","2026-07-09T09:57:22Z","2026-07-10","2031-06-20","","","TWSF","FALSE","TRUE","","47,276,998+","","EUR","","","","","","","","","","","","","","","","","","","","","","","","","0.05","","","","","","0.024694","","","","","","false","","","3","","","A004","","","","","","","","5207207.36344","MNTH","","","","3","","","","UFRO","EUR","","","","","false","1","","","","","","","","","","FALSE","","","","","","","","","QZ3HM9KVK2WL","NA/CDS Corp Idx","ITRAXX EUROPE CROSSOVER"
"4105387286000000101","","NEWT","TRAD","2026-07-09T10:06:30Z","","CR","","I","TRUE","2026-07-09T10:06:30Z","2026-07-10","2031-06-20","","","TWSF","FALSE","TRUE","","47,276,998+","","EUR","","","","","","","","","","","","","","","","","","","","","","","","","0.05","","","","","","0.024745","","","","","","false","","","3","","","A004","","","","","","","","5195970.03981","MNTH","","","","3","","","","UFRO","EUR","","","","","false","1","","","","","","","","","","FALSE","","","","","","","","","QZ3HM9KVK2WL","NA/CDS Corp Idx","ITRAXX EUROPE CROSSOVER"
"4110231207000000301","","NEWT","TRAD","2026-07-09T14:38:33Z","","CR","","I","TRUE","2026-07-09T14:38:33Z","2026-07-10","2031-06-20","","FALSE","BBSF","FALSE","FALSE","","100,000,000","","USD","","","","","","","","","","","","","","","","","","","","","","","","","0.01","","","","","","0.0050614","","","","","","false","","","3","","","A004","","","","","","","","2243544.24000","MNTH","","","","3","","","","UFRO","USD","","","","","false","1","","","","","","","","","","FALSE","","","","","","","","","QZ3WVVQG5T8K","NA/CDS Corp Idx","CDX.NA.IG"
"4110241922000000201","","NEWT","TRAD","2026-07-09T14:40:16Z","","CR","","I","TRUE","2026-07-09T14:40:16Z","2026-07-10","2031-06-20","","FALSE","BBSF","FALSE","FALSE","","30,000,000","","EUR","","","","","","","","","","","","","","","","","","","","","","","","","0.01","","","","","","0.005151","","","","","","false","","","3","","","A004","","","","","","","","683933.11000","MNTH","","","","3","","","","UFRO","EUR","","","","","false","1","","","","","","","","","","FALSE","","","","","","","","","QZTQ4GTC5QMF","NA/CDS Corp Idx","ITRAXX EUROPE"
"4110162573000000401","","NEWT","TRAD","2026-07-09T14:29:59Z","","CR","","I","TRUE","2026-07-09T14:29:59Z","2026-07-10","2031-06-20","","FALSE","BBSF","FALSE","TRUE","","166,344,993+","","EUR","","","","","","","","","","","","","","","","","","","","","","","","","0.01","","","","","","0.00517","","","","","","false","","","3","","","A004","","","","","","","","3777467.13267","MNTH","","","","3","","","","UFRO","EUR","","","","","false","1","","","","","","","","","","TRUE","","","","0.00195","","3","","","QZTQ4GTC5QMF","NA/CDS Corp Idx","ITRAXX EUROPE"
"4110301630000000301","","NEWT","TRAD","2026-07-09T14:49:04Z","","CR","","I","TRUE","2026-07-09T14:49:04Z","2026-07-10","2031-06-20","","FALSE","BBSF","FALSE","TRUE","","166,344,993+","","EUR","","","","","","","","","","","","","","","","","","","","","","","","","0.01","","","","","","0.005153","","","","","","false","","","3","","","A004","","","","","","","","3790735.25985","MNTH","","","","3","","","","UFRO","EUR","","","","","false","1","","","","","","","","","","FALSE","","","","","","","","","QZTQ4GTC5QMF","NA/CDS Corp Idx","ITRAXX EUROPE"
"4110337755000000101","","NEWT","TRAD","2026-07-09T14:54:07Z","","CR","","I","TRUE","2026-07-09T14:54:07Z","2026-07-10","2031-06-20","","FALSE","BBSF","FALSE","TRUE","","45,000,000","","EUR","","","","","","","","","","","","","","","","","","","","","","","","","0.05","","","","","","0.024445","","","","","","false","","","3","","","A004","","","","","","","","5008864.39444","MNTH","","","","3","","","","UFRO","EUR","","","","","false","1","","","","","","","","","","FALSE","","","","","","","","","QZ3HM9KVK2WL","NA/CDS Corp Idx","ITRAXX EUROPE CROSSOVER"
"4110424633000000101","","NEWT","TRAD","2026-07-09T15:07:25Z","","CR","","I","TRUE","2026-07-09T15:07:25Z","2026-07-10","2031-06-20","","FALSE","BBSF","FALSE","FALSE","","100,000,000","","USD","","","","","","","","","","","","","","","","","","","","","","","","","0.01","","","","","","0.00507","","","","","","false","","","3","","","A004","","","","","","","","2239649.25000","MNTH","","","","3","","","","UFRO","USD","","","","","false","1","","","","","","","","","","TRUE","","","","0.00507","","3","","","QZ3WVVQG5T8K","NA/CDS Corp Idx","CDX.NA.IG"
"4110421807000000201","","NEWT","TRAD","2026-07-09T15:06:59Z","","CR","","I","TRUE","2026-07-09T15:06:59Z","2026-07-10","2031-06-20","","FALSE","BBSF","FALSE","FALSE","","17,000,000","","USD","","","","","","","","","","","","","","","","","","","","","","","","","0.05","","","","","","0.010805","","","","","","false","","","3","","","A004","","","","","","","","1396890.00000","MNTH","","","","3","","","","UFRO","USD","","","","","false","0.99","","","","","","","","","","TRUE","","","","0.010805","","3","","","QZHH8NT767RX","NA/CDS Corp Idx","CDX.NA.HY"
"4110442964000000401","","NEWT","TRAD","2026-07-09T15:10:36Z","","CR","","I","TRUE","2026-07-09T15:10:36Z","2026-07-10","2031-06-20","","FALSE","BBSF","FALSE","FALSE","","25,000,000","","USD","","","","","","","","","","","","","","","","","","","","","","","","","0.05","","","","","","0.01081","","","","","","false","","","3","","","A004","","","","","","","","2066625.00000","MNTH","","","","3","","","","UFRO","USD","","","","","false","0.99","","","","","","","","","","FALSE","","","","","","","","","QZHH8NT767RX","NA/CDS Corp Idx","CDX.NA.HY"
"4110460838000000201","","NEWT","TRAD","2026-07-09T15:14:03Z","","CR","","I","TRUE","2026-07-09T15:14:03Z","2026-07-10","2031-06-20","","","TWSF","FALSE","FALSE","","130,000,000","","USD","","","","","","","","","","","","","","","","","","","","","","","","","0.01","","","","","","0.0050521","","","","","","false","","","3","","","A004","","","","","","","","2922083.52800","MNTH","","","","3","","","","UFRO","USD","","","","","false","1","","","","","","","","","","FALSE","","","","","","","","","QZ3WVVQG5T8K","NA/CDS Corp Idx","CDX.NA.IG"
"4110467042000000101","","NEWT","TRAD","2026-07-09T15:15:02Z","","CR","","I","TRUE","2026-07-09T15:15:02Z","2026-07-10","2031-06-20","","","TWSF","FALSE","FALSE","","6,000,000","","EUR","","","","","","","","","","","","","","","","","","","","","","","","","0.05","","","","","","0.02438","","","","","","false","","","3","","","A004","","","","","","","","669675.17624","MNTH","","","","3","","","","UFRO","EUR","","","","","false","1","","","","","","","","","","FALSE","","","","","","","","","QZ3HM9KVK2WL","NA/CDS Corp Idx","ITRAXX EUROPE CROSSOVER"
"4110482521000000101","","NEWT","TRAD","2026-07-09T15:16:45Z","","CR","","I","TRUE","2026-07-09T15:16:45Z","2026-07-10","2031-06-20","","FALSE","BBSF","FALSE","FALSE","","45,000,000","","EUR","","","","","","","","","","","","","","","","","","","","","","","","","0.01","","","","","","0.0051355","","","","","","false","","","3","","","A004","","","","","","","","1029170.17000","MNTH","","","","3","","","","UFRO","EUR","","","","","false","1","","","","","","","","","","FALSE","","","","","","","","","QZTQ4GTC5QMF","NA/CDS Corp Idx","ITRAXX EUROPE"
"4110270708000000101","","NEWT","TRAD","2026-07-09T14:43:32Z","","CR","","I","TRUE","2026-07-09T14:43:32Z","2026-07-10","2031-06-20","","FALSE","BBSF","FALSE","FALSE","","25,000,000","","USD","","","","","","","","","","","","","","","","","","","","","","","","","0.05","","","","","","0.01080875","","","","","","false","","","3","","","A004","","","","","","","","2063531.25000","MNTH","","","","3","","","","UFRO","USD","","","","","false","0.99","","","","","","","","","","FALSE","","","","","","","","","QZHH8NT767RX","NA/CDS Corp Idx","CDX.NA.HY"
"4109393523000000201","","NEWT","TRAD","2026-07-09T13:21:51Z","","CR","","I","TRUE","2026-07-09T13:21:51Z","2026-07-10","2031-06-20","","","TWSF","FALSE","FALSE","","27,000,000","","USD","","","","","","","","","","","","","","","","","","","","","","","","","0.05","","","","","","0.01080613","","","","","","false","","","3","","","A004","","","","","","","","2221613.16000","MNTH","","","","3","","","","UFRO","USD","","","","","false","0.99","","","","","","","","","","FALSE","","","","","","","","","QZHH8NT767RX","NA/CDS Corp Idx","CDX.NA.HY"
"4109255564000000301","","NEWT","TRAD","2026-07-09T13:12:43Z","","CR","","I","TRUE","2026-07-09T13:12:43Z","2026-07-10","2031-06-20","","","TWSF","FALSE","TRUE","","250,000,000+","","USD","","","","","","","","","","","","","","","","","","","","","","","","","0.01","","","","","","0.005079","","","","","","false","","","3","","","A004","","","","","","","","5588933.45000","MNTH","","","","3","","","","UFRO","USD","","","","","false","1","","","","","","","","","","FALSE","","","","","","","","","QZ3WVVQG5T8K","NA/CDS Corp Idx","CDX.NA.IG"
"4102241734000000101","","NEWT","TRAD","2026-07-09T08:53:51Z","","CR","","I","FALSE","2026-07-09T08:53:51Z","2026-07-10","2031-06-20","","","TWSF","FALSE","FALSE","","3,000,000","","EUR","","","","","","","","","","","","","","","","","","","","","","","","","0.05","","","","","","0.0246009","","","","","","false","","","3","","","A004","","","","","","","","331732.77736","MNTH","","","","3","","","","UFRO","EUR","","","","","false","1","","","","","","","","","","FALSE","","","","","","","","","QZ3HM9KVK2WL","NA/CDS Corp Idx","ITRAXX EUROPE CROSSOVER"
"4100410609000000101","4100400947000000101","TERM","CLRG","2026-07-09T08:11:39Z","","CR","","I","FALSE","2026-07-09T08:11:39Z","2026-07-10","2031-06-20","","","BTFE","FALSE","FALSE","FALSE","10,000,000","","EUR","","","","","","","","","","","","","","","","","","","","","","","","","","","","","","","","","","","","","false","","","","","","A004","","","","","","","","215378.97000","MNTH","","","","3","","","","UFRO","EUR","","","","","false","1","","","","","","","","","","FALSE","","","","","","","","","QZTB38W3WJ98","NA/CDS Corp Idx","ITRAXX EUROPE SENIOR FINANCIALS"
"4099797387000000101","","NEWT","TRAD","2026-07-09T07:58:48Z","","CR","","I","TRUE","2026-07-09T07:58:48Z","2026-07-10","2031-06-20","","FALSE","BBSF","FALSE","FALSE","","11,000,000","","EUR","","","","","","","","","","","","","","","","","","","","","","","","","0.05","","","","","","0.0246","","","","","","false","","","3","","","A004","","","","","","","","1216401.07000","MNTH","","","","3","","","","UFRO","EUR","","","","","false","1","","","","","","","","","","FALSE","","","","","","","","","QZ3HM9KVK2WL","NA/CDS Corp Idx","ITRAXX EUROPE CROSSOVER"
"4099329479000000201","","NEWT","TRAD","2026-07-09T07:50:42Z","","CR","","I","TRUE","2026-07-09T07:50:42Z","2026-07-10","2031-06-20","","FALSE","BBSF","FALSE","TRUE","","166,344,993+","","EUR","","","","","","","","","","","","","","","","","","","","","","","","","0.01","","","","","","0.005152","","","","","","false","","","3","","","A004","","","","","","","","3791542.71377","MNTH","","","","3","","","","UFRO","EUR","","","","","false","1","","","","","","","","","","TRUE","","","","0.000487","","3","","","QZTQ4GTC5QMF","NA/CDS Corp Idx","ITRAXX EUROPE"
"4100052466000000301","","NEWT","TRAD","2026-07-09T08:05:52Z","","CR","","I","TRUE","2026-07-09T08:05:52Z","2026-07-10","2031-06-20","","","TWSF","FALSE","FALSE","","5,000,000","","EUR","","","","","","","","","","","","","","","","","","","","","","","","","0.05","","","","","","0.0245591","","","","","","false","","","3","","","A004","","","","","","","","553864.88571","MNTH","","","","3","","","","UFRO","EUR","","","","","false","1","","","","","","","","","","FALSE","","","","","","","","","QZ3HM9KVK2WL","NA/CDS Corp Idx","ITRAXX EUROPE CROSSOVER"
"4100325993000000101","","NEWT","TRAD","2026-07-09T08:09:52Z","","CR","","I","FALSE","2026-07-09T08:09:52Z","2026-07-10","2031-06-20","","","TWSF","FALSE","FALSE","","3,000,000","","EUR","","","","","","","","","","","","","","","","","","","","","","","","","0.01","","","","","","0.0051691","","","","","","false","","","3","","","A004","","","","","","","","68138.96174","MNTH","","","","3","","","","UFRO","EUR","","","","","false","1","","","","","","","","","","FALSE","","","","","","","","","QZTQ4GTC5QMF","NA/CDS Corp Idx","ITRAXX EUROPE"
"4100400947000000101","","NEWT","TRAD","2026-07-09T08:11:39Z","","CR","","I","FALSE","2026-07-09T08:11:39Z","2026-07-10","2031-06-20","","","BTFE","FALSE","FALSE","FALSE","10,000,000","","EUR","","","","","","","","","","","","","","","","","","","","","","","","","","","","","","","","","","","","","false","","","","","","A004","","","","","","","","215378.97000","MNTH","","","","3","","","","UFRO","EUR","","","","","false","1","","","","","","","","","","FALSE","","","","","","","","","QZTB38W3WJ98","NA/CDS Corp Idx","ITRAXX EUROPE SENIOR FINANCIALS"
"4107730665000000101","","NEWT","TRAD","2026-07-09T11:18:04Z","","CR","","I","TRUE","2026-07-09T11:18:04Z","2026-07-10","2031-06-20","","","TWSF","FALSE","FALSE","","2,000,000","","USD","","","","","","","","","","","","","","","","","","","","","","","","","0.01","","","","","","0.00510405","","","","","","false","","","3","","","A004","","","","","","","","44484.73800","MNTH","","","","3","","","","UFRO","USD","","","","","false","1","","","","","","","","","","FALSE","","","","","","","","","QZ3WVVQG5T8K","NA/CDS Corp Idx","CDX.NA.IG"
"4107901013000000101","","NEWT","TRAD","2026-07-09T11:23:13Z","","CR","","I","FALSE","2026-07-09T11:23:13Z","2026-03-20","2031-06-20","","","BILT","FALSE","FALSE","FALSE","10,000,000","","USD","","","","","","","","","","","","","","","","","","","","","","","","","0.01","","","","","","","","","","","","false","","","","","","A004","","","","","","","","179000.00000","MNTH","","","","3","","","","UFRO","USD","","","","","false","1","","","","","","","","","","FALSE","","","","","","","","","QZ39BZSFH68L","NA/CDS Sov Idx","CDX.EM"
"4108198189000000301","","NEWT","TRAD","2026-07-09T11:46:54Z","","CR","","I","TRUE","2026-07-09T11:46:54Z","2026-07-10","2031-06-20","","FALSE","BBSF","FALSE","FALSE","","130,000,000","","USD","","","","","","","","","","","","","","","","","","","","","","","","","0.01","","","","","","0.005105","","","","","","false","","","3","","","A004","","","","","","","","2890940.37440","MNTH","","","","3","","","","UFRO","USD","","","","","false","1","","","","","","","","","","FALSE","","","","","","","","","QZ3WVVQG5T8K","NA/CDS Corp Idx","CDX.NA.IG"
"4108509302000000102","4108503331000000302","MODI","TRAD","2026-07-09T12:11:29Z","TRUE","CR","","I","TRUE","2026-07-09T12:11:05Z","2026-03-20","2031-06-20","","FALSE","TPSE","FALSE","FALSE","","50,000,000","","USD","","","","","","","","","","","","","","","","","","","","","","","","","0.01","","","","","","0.00508","","","","","","false","","","3","","","A004","","","","","","","","","MNTH","","","","3","","","","","","USD","","","","false","1","","","","","","","OTHR","","","FALSE","","","","","","","","","QZ3WVVQG5T8K","NA/CDS Corp Idx","CDX.NA.IG"
"4108357835000000101","","NEWT","TRAD","2026-07-09T11:58:24Z","","CR","","I","FALSE","2026-07-09T11:58:24Z","2026-07-10","2031-06-20","","FALSE","BBSF","FALSE","FALSE","","20,000,000","","USD","","","","","","","","","","","","","","","","","","","","","","","","","0.01","","","","","","0.009817","","","","","","false","","","3","","","A004","","","","","","","","356000.00000","MNTH","","","","3","","","","UFRO","USD","","","","","false","1","","","","","","","","","","FALSE","","","","","","","","","QZ4JMQKL3P03","NA/CDS Corp Idx","CDX.EM"
"4108378578000000101","","NEWT","TRAD","2026-07-09T12:00:04Z","","CR","","I","TRUE","2026-07-09T12:00:04Z","2026-07-10","2031-06-20","","","TWSF","FALSE","TRUE","","130,000,000","","EUR","","","","","","","","","","","","","","","","","","","","","","","","","0.01","","","","","","0.0052","","","","","","false","","","3","","","A004","","","","","","","","2933849.57840","MNTH","","","","3","","","","UFRO","EUR","","","","","false","1","","","","","","","","","","FALSE","","","","","","","","","QZTQ4GTC5QMF","NA/CDS Corp Idx","ITRAXX EUROPE"
"4108219491000000101","3815000221000000201","TERM","NOVA","2026-07-09T11:48:00Z","","CR","","N","FALSE","2026-06-23T12:07:40Z","2026-07-09","2026-07-09","","FALSE","BILT","FALSE","FALSE","TRUE","50,000,000","","EUR","","","","","","","","","","","","","","","","","","","","","","","","2026-07-09","","","125,000","EUR","","","","","","","0.025","","false","","","","","3","A004","","","","","","","","0.00000","MNTH","","","","3","","","","UFRO","EUR","","","","","false","","","","","","","","","","","FALSE","","","","","","","","","QZTL0V3X916X","NA/CDS Idx Swt","NA/CDS Corp Idx"
"4108264193000000101","","NEWT","TRAD","2026-07-09T11:48:30Z","","CR","","I","FALSE","2026-07-09T11:48:30Z","2026-07-10","2031-06-20","","FALSE","BILT","FALSE","FALSE","TRUE","45,000,000","","USD","","","","","","","","","","","","","","","","","","","","","","","","","0.01","","","","","","","","","","","","false","","","","","","A004","","","","","","","","802127.09872","MNTH","","","","3","","","","UFRO","USD","","","","","false","1","","","","","","","","","","FALSE","","","","","","","","","QZ4JMQKL3P03","NA/CDS Corp Idx","CDX.EM"
"4108456429000000101","","NEWT","TRAD","2026-07-09T12:05:36Z","","CR","","I","TRUE","2026-07-09T12:05:36Z","2026-07-10","2031-06-20","","","TWSF","FALSE","TRUE","","47,276,998+","","EUR","","","","","","","","","","","","","","","","","","","","","","","","","0.05","","","","","","0.02475","","","","","","false","","","3","","","A004","","","","","","","","5194809.99756","MNTH","","","","3","","","","UFRO","EUR","","","","","false","1","","","","","","","","","","FALSE","","","","","","","","","QZ3HM9KVK2WL","NA/CDS Corp Idx","ITRAXX EUROPE CROSSOVER"
"4108494998000000101","","NEWT","TRAD","2026-07-09T12:10:13Z","","CR","","I","TRUE","2026-07-09T12:10:13Z","2026-07-10","2031-06-20","","FALSE","BBSF","FALSE","TRUE","","250,000,000+","","USD","","","","","","","","","","","","","","","","","","","","","","","","","0.01","","","","","","0.005084","","","","","","false","","","3","","","A004","","","","","","","","5583250.50024","MNTH","","","","3","","","","UFRO","USD","","","","","false","1","","","","","","","","","","FALSE","","","","","","","","","QZ3WVVQG5T8K","NA/CDS Corp Idx","CDX.NA.IG"
"4108585454000000501","","NEWT","TRAD","2026-07-09T12:19:56Z","","CR","","I","TRUE","2026-07-09T12:19:56Z","2026-07-10","2031-06-20","","FALSE","BBSF","FALSE","TRUE","","47,276,998+","","EUR","","","","","","","","","","","","","","","","","","","","","","","","","0.05","","","","","","0.024775","","","","","","false","","","3","","","A004","","","","","","","","5189285.15061","MNTH","","","","3","","","","UFRO","EUR","","","","","false","1","","","","","","","","","","TRUE","","","","0.003425","","3","","","QZ3HM9KVK2WL","NA/CDS Corp Idx","ITRAXX EUROPE CROSSOVER"
"4108673128000000101","","NEWT","TRAD","2026-07-09T12:26:08Z","","CR","","I","TRUE","2026-07-09T12:26:08Z","2026-07-10","2031-06-20","","FALSE","BBSF","FALSE","TRUE","","50,000,000","","USD","","","","","","","","","","","","","","","","","","","","","","","","","0.05","","","","","","0.0108055","","","","","","false","","","3","","","A004","","","","","","","","4110975.00000","MNTH","","","","3","","","","UFRO","USD","","","","","false","0.99","","","","","","","","","","FALSE","","","","","","","","","QZHH8NT767RX","NA/CDS Corp Idx","CDX.NA.HY"
"4109102202000000101","","NEWT","TRAD","2026-07-09T12:58:43Z","","CR","","I","TRUE","2026-07-09T12:58:43Z","2026-07-10","2031-06-20","","FALSE","BBSF","FALSE","FALSE","","100,000,000","","USD","","","","","","","","","","","","","","","","","","","","","","","","","0.01","","","","","","0.005081","","","","","","false","","","3","","","A004","","","","","","","","2234667.67000","MNTH","","","","3","","","","UFRO","USD","","","","","false","1","","","","","","","","","","FALSE","","","","","","","","","QZ3WVVQG5T8K","NA/CDS Corp Idx","CDX.NA.IG"
"4109033009000000301","","NEWT","TRAD","2026-07-09T12:53:29Z","","CR","","I","TRUE","2026-07-09T12:53:29Z","2026-07-10","2031-06-20","","FALSE","BBSF","FALSE","TRUE","","170,000,000","","EUR","","","","","","","","","","","","","","","","","","","","","","","","","0.01","","","","","","0.005196","","","","","","false","","","3","","","A004","","","","","","","","3839748.27144","MNTH","","","","3","","","","UFRO","EUR","","","","","false","1","","","","","","","","","","FALSE","","","","","","","","","QZTQ4GTC5QMF","NA/CDS Corp Idx","ITRAXX EUROPE"
"4109217849000000301","","NEWT","TRAD","2026-07-09T13:02:46Z","FALSE","CR","","I","TRUE","2026-07-09T13:02:46Z","2026-07-09","2026-08-19","","","BILT","FALSE","FALSE","TRUE","350,199,986+","","EUR","","","","","","","","","","","","","","","","","","","","","","","","2026-08-19","","","115,566","EUR","","","0.00675","","","","0.00675","","false","","","3","","3","","","","","","","","","","","","","","","","","","","","","","","","false","1","","","","","","","","","","FALSE","","","","","","","","","QZS1WNR5R2ND","NA/CDS Idx Swt","NA/CDS Corp Idx"
"4109161658000000101","","NEWT","TRAD","2026-07-09T13:04:52Z","","CR","","I","TRUE","2026-07-09T13:04:52Z","2026-07-10","2031-06-20","","FALSE","BBSF","FALSE","TRUE","","47,276,998+","","EUR","","","","","","","","","","","","","","","","","","","","","","","","","0.05","","","","","","0.0246125","","","","","","false","","","3","","","A004","","","","","","","","5225215.48150","MNTH","","","","3","","","","UFRO","EUR","","","","","false","1","","","","","","","","","","FALSE","","","","","","","","","QZ3HM9KVK2WL","NA/CDS Corp Idx","ITRAXX EUROPE CROSSOVER"
"4109217848000000201","","NEWT","TRAD","2026-07-09T13:05:25Z","FALSE","CR","","I","TRUE","2026-07-09T13:05:25Z","2026-07-09","2026-08-19","","","BILT","FALSE","FALSE","TRUE","350,199,986+","","EUR","","","","","","","","","","","","","","","","","","","","","","","","2026-08-19","","","129,923.2725","EUR","","","0.0065","","","","0.0065","","false","","","3","","3","","","","","","","","","","","","","","","","","","","","","","","","false","1","","","","","","","","","","FALSE","","","","","","","","","QZS1WNR5R2ND","NA/CDS Idx Swt","NA/CDS Corp Idx"
"4110765672000000201","","NEWT","TRAD","2026-07-09T15:54:00Z","","CR","","I","TRUE","2026-07-09T15:54:00Z","2026-07-10","2031-06-20","","FALSE","BBSF","FALSE","FALSE","","3,000,000","","EUR","","","","","","","","","","","","","","","","","","","","","","","","","0.05","","","","","","0.02441275","","","","","","false","","","3","","","A004","","","","","","","","334377.87228","MNTH","","","","3","","","","UFRO","EUR","","","","","false","1","","","","","","","","","","FALSE","","","","","","","","","QZ3HM9KVK2WL","NA/CDS Corp Idx","ITRAXX EUROPE CROSSOVER"
"4110493586000000101","","NEWT","TRAD","2026-07-09T15:18:40Z","","CR","","I","TRUE","2026-07-09T15:18:40Z","2026-07-10","2031-06-20","","FALSE","BBSF","FALSE","FALSE","","10,000,000","","EUR","","","","","","","","","","","","","","","","","","","","","","","","","0.05","","","","","","0.02437213","","","","","","false","","","3","","","A004","","","","","","","","1116493.32000","MNTH","","","","3","","","","UFRO","EUR","","","","","false","1","","","","","","","","","","FALSE","","","","","","","","","QZ3HM9KVK2WL","NA/CDS Corp Idx","ITRAXX EUROPE CROSSOVER"
"4110493587000000201","","NEWT","TRAD","2026-07-09T15:18:41Z","","CR","","I","TRUE","2026-07-09T15:18:41Z","2026-07-10","2031-06-20","","FALSE","BBSF","FALSE","FALSE","","2,000,000","","USD","","","","","","","","","","","","","","","","","","","","","","","","","0.05","","","","","","0.01081046","","","","","","false","","","3","","","A004","","","","","","","","165421.08000","MNTH","","","","3","","","","UFRO","USD","","","","","false","0.99","","","","","","","","","","FALSE","","","","","","","","","QZHH8NT767RX","NA/CDS Corp Idx","CDX.NA.HY"
"4110435431000000201","","NEWT","TRAD","2026-07-09T15:09:15Z","","CR","","I","TRUE","2026-07-09T15:09:15Z","2026-07-10","2031-06-20","","FALSE","BBSF","FALSE","TRUE","","150,000,000","","EUR","","","","","","","","","","","","","","","","","","","","","","","","","0.01","","","","","","0.00516","","","","","","false","","","3","","","A004","","","","","","","","3413336.15000","MNTH","","","","3","","","","UFRO","EUR","","","","","false","1","","","","","","","","","","TRUE","","","","0.00516","","3","","","QZTQ4GTC5QMF","NA/CDS Corp Idx","ITRAXX EUROPE"
"4110507993000000101","","NEWT","TRAD","2026-07-09T15:21:29Z","","CR","","I","TRUE","2026-07-09T15:21:29Z","2026-07-10","2031-06-20","","FALSE","BBSF","FALSE","FALSE","","25,000,000","","EUR","","","","","","","","","","","","","","","","","","","","","","","","","0.01","","","","","","0.0051351","","","","","","false","","","3","","","A004","","","","","","","","571808.10000","MNTH","","","","3","","","","UFRO","EUR","","","","","false","1","","","","","","","","","","FALSE","","","","","","","","","QZTQ4GTC5QMF","NA/CDS Corp Idx","ITRAXX EUROPE"
"4110449502000000101","","NEWT","TRAD","2026-07-09T15:11:47Z","","CR","","I","TRUE","2026-07-09T15:11:47Z","2026-07-10","2031-06-20","","FALSE","BBSF","FALSE","TRUE","","250,000,000+","","USD","","","","","","","","","","","","","","","","","","","","","","","","","0.01","","","","","","0.005051515","","","","","","false","","","3","","","A004","","","","","","","","5620076.77444","MNTH","","","","3","","","","UFRO","USD","","","","","false","1","","","","","","","","","","FALSE","","","","","","","","","QZ3WVVQG5T8K","NA/CDS Corp Idx","CDX.NA.IG"
"4110535811000000501","","NEWT","TRAD","2026-07-09T15:26:00Z","","CR","","I","TRUE","2026-07-09T15:26:00Z","2026-07-10","2031-06-20","","FALSE","BBSF","FALSE","FALSE","","35,000,000","","EUR","","","","","","","","","","","","","","","","","","","","","","","","","0.01","","","","","","0.005136","","","","","","false","","","3","","","A004","","","","","","","","800385.91756","MNTH","","","","3","","","","UFRO","EUR","","","","","false","1","","","","","","","","","","FALSE","","","","","","","","","QZTQ4GTC5QMF","NA/CDS Corp Idx","ITRAXX EUROPE"
"4110568223000000201","","NEWT","TRAD","2026-07-09T15:31:57Z","","CR","","I","TRUE","2026-07-09T15:31:57Z","2026-03-20","2031-06-20","","FALSE","TPSE","FALSE","FALSE","","50,000,000","","USD","","","","","","","","","","","","","","","","","","","","","","","","","0.01","","","","","","0.005045","","","","","","false","","","3","","","A004","","","","","","","","","MNTH","","","","3","","","","","","USD","","","","false","1","","","","","","","OTHR","","","FALSE","","","","","","","","","QZ3WVVQG5T8K","NA/CDS Corp Idx","CDX.NA.IG"
"4110512592000000101","","NEWT","TRAD","2026-07-09T15:22:15Z","","CR","","I","TRUE","2026-07-09T15:22:15Z","2026-07-10","2030-12-20","","FALSE","BBSF","FALSE","TRUE","","47,276,998+","","EUR","","","","","","","","","","","","","","","","","","","","","","","","","0.05","","","","","","0.021","","","","","","false","","","3","","","A004","","","","","","","","5519040.79900","MNTH","","","","3","","","","UFRO","EUR","","","","","false","1","","","","","","","","","","TRUE","","","","0.021","","3","","","QZ5F5FRS4TR9","NA/CDS Corp Idx","ITRAXX EUROPE CROSSOVER"
"4110592841000000101","","NEWT","TRAD","2026-07-09T15:35:46Z","","CR","","I","TRUE","2026-07-09T15:35:46Z","2026-07-10","2031-06-20","","FALSE","BBSF","FALSE","FALSE","","100,000,000","","EUR","","","","","","","","","","","","","","","","","","","","","","","","","0.01","","","","","","0.00515","","","","","","false","","","3","","","A004","","","","","","","","2280245.89000","MNTH","","","","3","","","","UFRO","EUR","","","","","false","1","","","","","","","","","","FALSE","","","","","","","","","QZTQ4GTC5QMF","NA/CDS Corp Idx","ITRAXX EUROPE"
"4110632469000000501","","NEWT","TRAD","2026-07-09T15:42:24Z","","CR","","I","TRUE","2026-07-09T15:42:24Z","2026-07-10","2031-06-20","","","TWSF","FALSE","FALSE","","17,000,000","","USD","","","","","","","","","","","","","","","","","","","","","","","","","0.01","","","","","","0.005045","","","","","","false","","","3","","","A004","","","","","","","","382666.63165","MNTH","","","","3","","","","UFRO","USD","","","","","false","1","","","","","","","","","","FALSE","","","","","","","","","QZ3WVVQG5T8K","NA/CDS Corp Idx","CDX.NA.IG"
"4110866707000000601","","NEWT","TRAD","2026-07-09T16:01:00Z","","CR","","I","TRUE","2026-07-09T16:01:00Z","2026-07-10","2031-06-20","","","TWSF","FALSE","FALSE","","8,000,000","","EUR","","","","","","","","","","","","","","","","","","","","","","","","","0.01","","","","","","0.008765","","","","","","false","","","3","","","A004","","","","","","","","49172.26363","MNTH","","","","3","","","","UFRO","EUR","","","","","false","1","","","","","","","","","","FALSE","","","","","","","","","QZ5GD86QBKCC","NA/CDS Corp Idx","ITRAXX EUROPE SUB FINANCIALS"
"4094075012000000101","","NEWT","TRAD","2026-07-09T02:17:12Z","","CR","","I","FALSE","2026-07-09T02:17:12Z","2026-07-10","2031-06-20","","","TWSF","FALSE","FALSE","","2,000,000","","USD","","","","","","","","","","","","","","","","","","","","","","","","","0.01","","","","","","0.0069055","","","","","","false","","","3","","","A004","","","","","","","","28287.84444","MNTH","","","","3","","","","UFRO","USD","","","","","false","1","","","","","","","","","","FALSE","","","","","","","","","QZD2VPNQ9ZFX","NA/CDS Corp Idx","ITRAXX ASIA EX-JAPAN IG"
"4094130444000000101","4078365938000000101","EROR","","2026-07-09T02:35:49Z","","CR","","","","2026-07-08T09:01:05Z","2026-07-09","2031-06-20","","","","","","FALSE","","","","","","","","","","","","","","","","","","","","","","","","","","","","0.01","","","","","","","","","","","","","","","","","","","","","","","","","","67445.90000","","","","","","","","","UFRO","USD","","","","","","","","","","","","","","","","","","","","","","","","","QZD2VPNQ9ZFX","NA/CDS Corp Idx","ITRAXX ASIA EX-JAPAN IG"
"4094129523000000101","","NEWT","TRAD","2026-07-09T02:36:57Z","","CR","","I","FALSE","2026-07-09T02:36:57Z","2026-07-10","2031-06-20","","FALSE","BBSF","FALSE","TRUE","","25,000,000","","USD","","","","","","","","","","","","","","","","","","","","","","","","","0.01","","","","","","0.0069175","","","","","","false","","","3","","","A004","","","","","","","","352259.39000","MNTH","","","","3","","","","UFRO","USD","","","","","false","1","","","","","","","","","","FALSE","","","","","","","","","QZ1F7JZSZZ7M","NA/CDS Corp Idx","ITRAXX AUSTRALIA"
"4093763686000000101","","NEWT","TRAD","2026-07-09T01:14:59Z","","CR","","I","FALSE","2026-07-09T01:14:59Z","2026-07-10","2031-06-20","","","TWSF","FALSE","FALSE","","13,000,000","","USD","","","","","","","","","","","","","","","","","","","","","","","","","0.01","","","","","","0.006955","","","","","","false","","","3","","","A004","","","","","","","","180999.63401","MNTH","","","","3","","","","UFRO","USD","","","","","false","1","","","","","","","","","","FALSE","","","","","","","","","QZD2VPNQ9ZFX","NA/CDS Corp Idx","ITRAXX ASIA EX-JAPAN IG"
"4093780957000000301","","NEWT","TRAD","2026-07-09T01:19:16Z","","CR","","I","FALSE","2026-07-09T01:19:16Z","2026-03-20","2031-06-20","2031-06-20","FALSE","BILT","FALSE","FALSE","TRUE","25,000,000","","USD","","","","","","","","","","","","","","","","","","","","","","","","","0.01","","","","","","","","","","","","false","","","","","","A004","","","","","","","","348633.68000","MNTH","","","","3","","","","UFRO","USD","","","","","false","1","","","","","","","","","","FALSE","","","","","","","","","QZD2VPNQ9ZFX","NA/CDS Corp Idx","ITRAXX ASIA EX-JAPAN IG"
"4093648655000000101","3950697290000000201","CORR","","2026-07-09T00:18:39Z","","CR","","N","FALSE","2026-07-01T02:39:29Z","2026-07-02","2036-02-15","","FALSE","BILT","FALSE","FALSE","FALSE","250,000,000","","USD","","","","","","","","","","","","","","","","","","","","","","","","","0.04125","","","","","","","","","","","","false","","","","","","A006","","","","","","","","3615136.11000","MNTH","","","","6","","","","PEXH","USD","USD","","","","false","","","","","","","","","","","FALSE","","","","","","","","","QZHBRN49DHP1","NA/CDS Corp SN","No name obtainable"
"4094337035000000101","4084523268000000301","MODI","TRAD","2026-07-09T04:00:48Z","FALSE","CR","","N","TRUE","2026-07-08T12:04:05Z","2026-03-20","2031-06-20","","FALSE","TWEM","FALSE","FALSE","FALSE","9,000,000","","EUR","","","","","","","","","","","","","","","","","","","","","","","","","0.05","","","","","","","","","","","","false","","","","","","A004","","","","","","","","","MNTH","","","","3","","","","","","","","","","false","1","","","","","","","","","","FALSE","","","","","","","","","QZ3HM9KVK2WL","NA/CDS Corp Idx","ITRAXX EUROPE CROSSOVER"
"4096900167000000101","","NEWT","TRAD","2026-07-09T07:05:03Z","","CR","","I","TRUE","2026-07-09T07:05:03Z","2026-07-10","2031-06-20","","FALSE","BBSF","FALSE","FALSE","","10,000,000","","EUR","","","","","","","","","","","","","","","","","","","","","","","","","0.05","","","","","","0.024609","","","","","","false","","","3","","","A004","","","","","","","","1105397.94000","MNTH","","","","3","","","","UFRO","EUR","","","","","false","1","","","","","","","","","","FALSE","","","","","","","","","QZ3HM9KVK2WL","NA/CDS Corp Idx","ITRAXX EUROPE CROSSOVER"
"4097041992000000301","","NEWT","TRAD","2026-07-09T07:09:24Z","","CR","","I","TRUE","2026-07-09T07:09:24Z","2026-07-10","2031-06-20","","FALSE","BBSF","FALSE","FALSE","","10,000,000","","EUR","","","","","","","","","","","","","","","","","","","","","","","","","0.01","","","","","","0.005173","","","","","","false","","","3","","","A004","","","","","","","","226946.30000","MNTH","","","","3","","","","UFRO","EUR","","","","","false","1","","","","","","","","","","FALSE","","","","","","","","","QZTQ4GTC5QMF","NA/CDS Corp Idx","ITRAXX EUROPE"
"4097078471000000101","","NEWT","TRAD","2026-07-09T07:10:23Z","","CR","","I","TRUE","2026-07-09T07:10:23Z","2026-07-10","2031-06-20","","","TWSF","FALSE","FALSE","","25,000,000","","EUR","","","","","","","","","","","","","","","","","","","","","","","","","0.01","","","","","","0.005173","","","","","","false","","","3","","","A004","","","","","","","","567365.75000","MNTH","","","","3","","","","UFRO","EUR","","","","","false","1","","","","","","","","","","FALSE","","","","","","","","","QZTQ4GTC5QMF","NA/CDS Corp Idx","ITRAXX EUROPE"
"4096415507000000101","","NEWT","TRAD","2026-07-09T06:46:36Z","","CR","","N","FALSE","2026-07-09T06:46:36Z","2026-03-23","2031-06-20","","FALSE","BILT","FALSE","FALSE","TRUE","2,000,000,000","","JPY","","","","","","","","","","","","","","","","","","","","","","","","","0.01","","","","","","","","","","","","false","","","","","","A004","","","","","","","","","MNTH","","","","3","","","","","","JPY","","","","false","1","","","","","","","","","","FALSE","","","","","","","","","QZ9P5KKVF7M5","NA/CDS Corp Idx","ITRAXX JAPAN"
"4111258795000000301","","NEWT","TRAD","2026-07-09T16:23:10Z","","CR","","I","TRUE","2026-07-09T16:23:10Z","2026-07-10","2031-06-20","","FALSE","BBSF","FALSE","FALSE","","6,000,000","","USD","","","","","","","","","","","","","","","","","","","","","","","","","0.01","","","","","","0.005037234","","","","","","false","","","3","","","A004","","","","","","","","135269.43000","MNTH","","","","3","","","","UFRO","USD","","","","","false","1","","","","","","","","","","FALSE","","","","","","","","","QZ3WVVQG5T8K","NA/CDS Corp Idx","CDX.NA.IG"
"4110866703000000201","","NEWT","TRAD","2026-07-09T16:00:41Z","","CR","","N","FALSE","2026-07-09T15:18:30Z","2026-03-20","2031-06-20","2031-06-20","TRUE","BILT","FALSE","TRUE","TRUE","82,000,000","","USD","","","","","","","","","","","","","","","","","","","","","","","","2026-08-19","0.05","","202,948.9902","USD","","","","","","","106","USD","false","","","","","1","A004","","","","","","","","","MNTH","","","","3","","","","","","","","","","false","0.99","","","","","","","","","","FALSE","","","","","","","","","QZX75BBR2PZH","NA/CDS Idx Swt","NA/CDS Corp Idx"
"4111354042000000101","","NEWT","TRAD","2026-07-09T16:26:55Z","","CR","","I","TRUE","2026-07-09T16:26:55Z","2026-07-10","2031-06-20","","FALSE","BBSF","FALSE","FALSE","","10,000,000","","USD","","","","","","","","","","","","","","","","","","","","","","","","","0.05","","","","","","0.010814","","","","","","false","","","3","","","A004","","","","","","","","830610.00000","MNTH","","","","3","","","","UFRO","USD","","","","","false","0.99","","","","","","","","","","FALSE","","","","","","","","","QZHH8NT767RX","NA/CDS Corp Idx","CDX.NA.HY"
"4111361654000000101","","NEWT","TRAD","2026-07-09T16:25:21Z","","CR","","I","TRUE","2026-07-09T16:25:21Z","2026-03-20","2031-06-20","","","BILT","FALSE","FALSE","FALSE","150,000,000","","USD","","","","","","","","","","","","","","","","","","","","","","","","","0.01","","","","","","","","","","","","false","","","","","","A004","","","","","","","","3379856.00000","MNTH","","","","3","","","","UFRO","USD","","","","","false","1","","","","","","","","","","FALSE","","","","","","","","","QZ3WVVQG5T8K","NA/CDS Corp Idx","CDX.NA.IG"
"4113828175000000101","","NEWT","TRAD","2026-07-09T19:04:46Z","FALSE","CR","","N","FALSE","2026-07-09T19:04:46Z","2026-07-09","2072-12-16","","FALSE","BILT","FALSE","FALSE","FALSE","4,000,000","","USD","","","","","","","","","","","","","","","","","","","","","","","","","0.05","","","","","","","","","","","","false","","","","","","A004","","","","","","","","1627226.28520","MNTH","","","","1","","","","UFRO","USD","","","","","false","1","","","","","","","","","","FALSE","","","","","","","","","QZKHVR17B7HR","NA/CDS Corp Idx","CMBX.NA.BB"
"4113843372000000201","","NEWT","TRAD","2026-07-09T18:58:55Z","FALSE","CR","","N","FALSE","2026-07-09T18:58:55Z","2026-07-09","2057-10-17","","FALSE","BILT","FALSE","FALSE","FALSE","10,000,000","","USD","","","","","","","","","","","","","","","","","","","","","","","","","0.03","","","","","","","","","","","","false","","","","","","A004","","","","","","","","1799148.20000","MNTH","","","","1","","","","UFRO","USD","","","","","false","0.634121233","","","","","","","","","","FALSE","","","","","","","","","QZ8QWFFWHMWV","NA/CDS Corp Idx","CMBX.NA.BBB-"
"4113740919000000101","","NEWT","NOVA","2026-07-09T18:50:15Z","","CR","","N","FALSE","2026-07-01T17:24:54Z","2026-03-20","2026-10-21","","FALSE","BILT","FALSE","FALSE","TRUE","3,000,000","","USD","","","","","","","","","","","","","","","","","","","","","","","","2026-10-21","0.0387442985","","0","","","","5","","","","104","USD","false","","","3","","1","A004","","","","","","","","","MNTH","","","","3","","","","","","","","","","false","","","","","","","","","","","FALSE","","","","","","","","","QZVK9BCP48T0","NA/CDS Idx Swt","NA/CDS Corp Idx"
"4113740920000000201","","NEWT","NOVA","2026-07-09T18:50:34Z","","CR","","N","FALSE","2026-07-01T17:24:54Z","2026-03-20","2026-10-21","","FALSE","BILT","FALSE","FALSE","TRUE","25,000,000","","USD","","","","","","","","","","","","","","","","","","","","","","","","2026-10-21","0.0387442985","","0","","","","5","","","","104","USD","false","","","3","","1","A004","","","","","","","","","MNTH","","","","3","","","","","","","","","","false","","","","","","","","","","","FALSE","","","","","","","","","QZVK9BCP48T0","NA/CDS Idx Swt","NA/CDS Corp Idx"
"4113910000000000201","","NEWT","TRAD","2026-07-09T19:22:50Z","","CR","","I","TRUE","2026-07-09T19:22:50Z","2026-07-10","2031-06-20","","FALSE","BBSF","FALSE","FALSE","","80,000,000","","USD","","","","","","","","","","","","","","","","","","","","","","","","","0.01","","","","","","0.005065","","","","","","false","","","3","","","A004","","","","","","","","1793530.99000","MNTH","","","","3","","","","UFRO","USD","","","","","false","1","","","","","","","","","","FALSE","","","","","","","","","QZ3WVVQG5T8K","NA/CDS Corp Idx","CDX.NA.IG"
"4113782745000000101","","NEWT","TRAD","2026-07-09T18:58:25Z","","CR","","N","FALSE","2026-07-09T18:58:25Z","2026-07-10","2026-08-11","","FALSE","BILT","FALSE","FALSE","TRUE","110,000,000","","USD","","","","","","","","","","","","","","","","","","","","","","","","","0.01375","","","","","","","","","","","","false","","","","","","A006","","","","","","","","260475.09679","MNTH","","","","6","","","","PEXH","USD","USD","","","","false","","","","","","","","","","","FALSE","","","","","","","","","QZ49689VCQM9","NA/CDS Corp SN","DTD 10/31/2021"
"4113970019000000201","","NEWT","TRAD","2026-07-09T19:31:27Z","","CR","","I","TRUE","2026-07-09T19:31:27Z","2026-03-20","2031-06-20","","FALSE","TPSE","FALSE","FALSE","","75,000,000","","USD","","","","","","","","","","","","","","","","","","","","","","","","","0.05","","","","","","108.095","","USD","","","","false","","","1","","","A004","","","","","","","","","MNTH","","","","3","","","","","","USD","","","","false","0.99","","","","","","","OTHR","","","FALSE","","","","","","","","","QZHH8NT767RX","NA/CDS Corp Idx","CDX.NA.HY"
"4113909999000000101","","NEWT","TRAD","2026-07-09T19:22:38Z","","CR","","I","TRUE","2026-07-09T19:22:38Z","2026-07-10","2031-06-20","","FALSE","BBSF","FALSE","TRUE","","50,000,000","","USD","","","","","","","","","","","","","","","","","","","","","","","","","0.05","","","","","","0.01081025","","","","","","false","","","3","","","A004","","","","","","","","4134487.50000","MNTH","","","","3","","","","UFRO","USD","","","","","false","0.99","","","","","","","","","","FALSE","","","","","","","","","QZHH8NT767RX","NA/CDS Corp Idx","CDX.NA.HY"
"4113876031000000401","4113797072000000201","EROR","","2026-07-09T19:11:44Z","","CR","","","","2026-07-09T18:56:49Z","2026-07-09","2026-09-16","","","","","","FALSE","","","","","","","","","","","","","","","","","","","","","","","","","","","","0.05","","","","","","","","","","","","","","","","","","","","","","","","","","","","","","","","","","","","","","","","","","","","","","","","","","","","","","","","","","","","","QZHJMSG8W2ZX","NA/CDS Idx Swt","NA/CDS Corp Idx"
"4114054666000000101","","NEWT","TRAD","2026-06-25T19:36:06Z","","CR","","N","FALSE","2026-06-15T22:14:06Z","2026-06-26","2026-12-20","2026-12-20","FALSE","BILT","FALSE","FALSE","TRUE","2,000,000","","USD","","","","","","","","","","","","","","","","","","","","","","","","","","","","","","","2.2975","0","","","","","true","","","3","3","","A004","","","A004","","DAIL","","1","","MNTH","","","MNTH","3","","","3","","","","","","","false","1","","","","","","","","","","FALSE","","","","","","","","","QZ2VLW2S4D7P","NA/CDS Corp Idx","IBOXX USD LIQUID LEVERAGED LOANS INDEX"
"4114231740000000101","","NEWT","TRAD","2026-07-09T19:48:18Z","","CR","","I","TRUE","2026-07-09T19:48:18Z","2026-07-10","2031-06-20","","FALSE","BBSF","FALSE","FALSE","","15,000,000","","USD","","","","","","","","","","","","","","","","","","","","","","","","","0.01","","","","","","0.0050656","","","","","","false","","","3","","","A004","","","","","","","","336246.30000","MNTH","","","","3","","","","UFRO","USD","","","","","false","1","","","","","","","","","","FALSE","","","","","","","","","QZ3WVVQG5T8K","NA/CDS Corp Idx","CDX.NA.IG"
"4114261353000000101","","NEWT","TRAD","2026-07-09T19:49:42Z","","CR","","I","TRUE","2026-07-09T19:49:42Z","2026-07-10","2031-06-20","","FALSE","BBSF","FALSE","FALSE","","850,000","","USD","","","","","","","","","","","","","","","","","","","","","","","","","0.05","","","","","","0.0108091","","","","","","false","","","3","","","A004","","","","","","","","70189.52000","MNTH","","","","3","","","","UFRO","USD","","","","","false","0.99","","","","","","","","","","FALSE","","","","","","","","","QZHH8NT767RX","NA/CDS Corp Idx","CDX.NA.HY"
"4114302321000000301","4111748300000000201","CORR","","2026-07-09T16:51:01Z","","CR","","N","FALSE","2026-07-09T16:51:01Z","2026-07-10","2064-11-18","","FALSE","BILT","FALSE","FALSE","FALSE","10,000,000","","USD","","","","","","","","","","","","","","","","","","","","","","","","","0.05","","","","","","","","","","","","false","","","","","","A004","","","","","","","","1905555.56000","MNTH","","","","1","","","","UFRO","USD","USD","","","","false","1","","","","","","","","","","FALSE","","","","","","","","","QZ74JHWP5LPJ","NA/CDS Corp Idx","CMBX.NA.BB"
"4114373712000000101","","NEWT","TRAD","2026-07-09T19:55:04Z","","CR","","I","TRUE","2026-07-09T19:55:04Z","2026-07-10","2031-06-20","","FALSE","BBSF","FALSE","FALSE","","10,000,000","","USD","","","","","","","","","","","","","","","","","","","","","","","","","0.05","","","","","","0.0108072","","","","","","false","","","3","","","A004","","","","","","","","823878.00000","MNTH","","","","3","","","","UFRO","USD","","","","","false","0.99","","","","","","","","","","FALSE","","","","","","","","","QZHH8NT767RX","NA/CDS Corp Idx","CDX.NA.HY"
"4110301629000000201","","NEWT","TRAD","2026-07-09T14:48:55Z","","CR","","I","TRUE","2026-07-09T14:48:55Z","2026-07-10","2031-06-20","","FALSE","BBSF","FALSE","FALSE","","20,000,000","","EUR","","","","","","","","","","","","","","","","","","","","","","","","","0.01","","","","","","0.005153","","","","","","false","","","3","","","A004","","","","","","","","455767.86000","MNTH","","","","3","","","","UFRO","EUR","","","","","false","1","","","","","","","","","","FALSE","","","","","","","","","QZTQ4GTC5QMF","NA/CDS Corp Idx","ITRAXX EUROPE"
"4110346213000000201","","NEWT","TRAD","2026-07-09T14:55:16Z","","CR","","I","TRUE","2026-07-09T14:55:16Z","2026-07-10","2031-06-20","","FALSE","BBSF","FALSE","FALSE","","12,000,000","","USD","","","","","","","","","","","","","","","","","","","","","","","","","0.01","","","","","","0.005062","","","","","","false","","","3","","","A004","","","","","","","","269192.70000","MNTH","","","","3","","","","UFRO","USD","","","","","false","1","","","","","","","","","","FALSE","","","","","","","","","QZ3WVVQG5T8K","NA/CDS Corp Idx","CDX.NA.IG"
"4109720633000000401","","NEWT","TRAD","2026-07-09T13:45:26Z","","CR","","I","TRUE","2026-07-09T13:45:26Z","2026-07-10","2031-06-20","","FALSE","BBSF","FALSE","TRUE","","50,000,000","","USD","","","","","","","","","","","","","","","","","","","","","","","","","0.05","","","","","","0.0108095","","","","","","false","","","3","","","A004","","","","","","","","4130775.00000","MNTH","","","","3","","","","UFRO","USD","","","","","false","0.99","","","","","","","","","","FALSE","","","","","","","","","QZHH8NT767RX","NA/CDS Corp Idx","CDX.NA.HY"
"4109755118000000101","","NEWT","TRAD","2026-07-09T13:48:05Z","","CR","","I","TRUE","2026-07-09T13:48:05Z","2026-07-10","2029-12-20","","FALSE","BBSF","FALSE","TRUE","","110,000,000","","EUR","","","","","","","","","","","","","","","","","","","","","","","","","0.05","","","","","","0.019009","","","","","","false","","","3","","","A004","","","","","","","","10619991.47861","MNTH","","","","3","","","","UFRO","EUR","","","","","false","0.95999","","","","","","","","","","TRUE","","","","0.005605","","3","","","QZC9WN4TPTDV","NA/CDS Corp Idx","ITRAXX EUROPE CROSSOVER"
"4109918217000000101","","NEWT","TRAD","2026-07-09T14:02:56Z","","CR","","I","TRUE","2026-07-09T14:02:56Z","2026-07-10","2031-06-20","","FALSE","BBSF","FALSE","FALSE","","120,000,000","","USD","","","","","","","","","","","","","","","","","","","","","","","","","0.01","","","","","","0.005051959","","","","","","false","","","3","","","A004","","","","","","","","2697384.51000","MNTH","","","","3","","","","UFRO","USD","","","","","false","1","","","","","","","","","","FALSE","","","","","","","","","QZ3WVVQG5T8K","NA/CDS Corp Idx","CDX.NA.IG"
"4109519452000000101","","NEWT","TRAD","2026-07-09T13:32:10Z","","CR","","I","TRUE","2026-07-09T13:32:10Z","2026-07-10","2031-06-20","","FALSE","BBSF","FALSE","FALSE","","3,000,000","","USD","","","","","","","","","","","","","","","","","","","","","","","","","0.05","","","","","","0.01080403","","","","","","false","","","3","","","A004","","","","","","","","246221.91000","MNTH","","","","3","","","","UFRO","USD","","","","","false","0.99","","","","","","","","","","FALSE","","","","","","","","","QZHH8NT767RX","NA/CDS Corp Idx","CDX.NA.HY"
"4109538683000000101","","NEWT","TRAD","2026-07-09T13:33:14Z","","CR","","I","FALSE","2026-07-09T13:33:14Z","2026-07-10","2031-06-20","","FALSE","BBSF","FALSE","FALSE","","25,000,000","","USD","","","","","","","","","","","","","","","","","","","","","","","","","0.01","","","","","","0.0098175","","","","","","false","","","3","","","A004","","","","","","","","443750.00000","MNTH","","","","3","","","","UFRO","USD","","","","","false","1","","","","","","","","","","FALSE","","","","","","","","","QZ4JMQKL3P03","NA/CDS Corp Idx","CDX.EM"
"4109547825000000102","4109538686000000401","MODI","TRAD","2026-07-09T13:34:05Z","TRUE","CR","","I","TRUE","2026-07-09T13:33:28Z","2026-03-20","2031-06-20","","FALSE","TPSE","FALSE","FALSE","","100,000,000","","USD","","","","","","","","","","","","","","","","","","","","","","","","","0.01","","","","","","0.005085","","","","","","false","","","3","","","A004","","","","","","","","","MNTH","","","","3","","","","","","USD","","","","false","1","","","","","","","OTHR","","","FALSE","","","","","","","","","QZ3WVVQG5T8K","NA/CDS Corp Idx","CDX.NA.IG"
"4109598430000000201","","NEWT","TRAD","2026-07-09T13:36:50Z","","CR","","I","TRUE","2026-07-09T13:36:50Z","2026-07-10","2031-06-20","","FALSE","BBSF","FALSE","FALSE","","25,000,000","","USD","","","","","","","","","","","","","","","","","","","","","","","","","0.05","","","","","","0.01080775","","","","","","false","","","3","","","A004","","","","","","","","2061056.25000","MNTH","","","","3","","","","UFRO","USD","","","","","false","0.99","","","","","","","","","","FALSE","","","","","","","","","QZHH8NT767RX","NA/CDS Corp Idx","CDX.NA.HY"
"4109648957000000101","","NEWT","TRAD","2026-07-09T13:40:17Z","","CR","","I","TRUE","2026-07-09T13:40:17Z","2026-07-10","2031-06-20","","FALSE","BBSF","FALSE","FALSE","","120,000,000","","USD","","","","","","","","","","","","","","","","","","","","","","","","","0.01","","","","","","0.005062","","","","","","false","","","3","","","A004","","","","","","","","2691931.47089","MNTH","","","","3","","","","UFRO","USD","","","","","false","1","","","","","","","","","","FALSE","","","","","","","","","QZ3WVVQG5T8K","NA/CDS Corp Idx","CDX.NA.IG"
"4109694648000000101","","NEWT","TRAD","2026-07-09T13:43:08Z","","CR","","I","FALSE","2026-07-09T13:43:08Z","2026-07-10","2031-06-20","","FALSE","BBSF","FALSE","FALSE","","72,000,000","","EUR","","","","","","","","","","","","","","","","","","","","","","","","","0.01","","","","","","0.0054315","","","","","","false","","","3","","","A004","","","","","","","","1546854.96000","MNTH","","","","3","","","","UFRO","EUR","","","","","false","1","","","","","","","","","","FALSE","","","","","","","","","QZTB38W3WJ98","NA/CDS Corp Idx","ITRAXX EUROPE SENIOR FINANCIALS"
"4109755120000000301","","NEWT","TRAD","2026-07-09T13:48:24Z","","CR","","I","TRUE","2026-07-09T13:48:24Z","2026-07-10","2031-06-20","","FALSE","BBSF","FALSE","FALSE","","2,000,000","","USD","","","","","","","","","","","","","","","","","","","","","","","","","0.05","","","","","","0.0108095","","","","","","false","","","3","","","A004","","","","","","","","165231.00000","MNTH","","","","3","","","","UFRO","USD","","","","","false","0.99","","","","","","","","","","FALSE","","","","","","","","","QZHH8NT767RX","NA/CDS Corp Idx","CDX.NA.HY"
"4110050611000000201","","NEWT","TRAD","2026-07-09T14:16:19Z","","CR","","I","TRUE","2026-07-09T14:16:19Z","2026-07-10","2031-06-20","","","TWSF","FALSE","FALSE","","5,000,000","","USD","","","","","","","","","","","","","","","","","","","","","","","","","0.05","","","","","","0.01080725","","","","","","false","","","3","","","A004","","","","","","","","411963.75000","MNTH","","","","3","","","","UFRO","USD","","","","","false","0.99","","","","","","","","","","FALSE","","","","","","","","","QZHH8NT767RX","NA/CDS Corp Idx","CDX.NA.HY"
"4110056879000000701","","NEWT","TRAD","2026-07-09T14:16:58Z","","CR","","I","TRUE","2026-07-09T14:16:58Z","2026-07-10","2031-06-20","","","TWSF","FALSE","FALSE","","33,000,000","","USD","","","","","","","","","","","","","","","","","","","","","","","","","0.01","","","","","","0.0050773","","","","","","false","","","3","","","A004","","","","","","","","737992.53228","MNTH","","","","3","","","","UFRO","USD","","","","","false","1","","","","","","","","","","FALSE","","","","","","","","","QZ3WVVQG5T8K","NA/CDS Corp Idx","CDX.NA.IG"
"4110091632000000101","","NEWT","TRAD","2026-07-09T14:21:43Z","","CR","","I","TRUE","2026-07-09T14:21:43Z","2026-07-10","2031-06-20","","FALSE","BBSF","FALSE","FALSE","","50,000,000","","EUR","","","","","","","","","","","","","","","","","","","","","","","","","0.01","","","","","","0.005183","","","","","","false","","","3","","","A004","","","","","","","","1132387.70000","MNTH","","","","3","","","","UFRO","EUR","","","","","false","1","","","","","","","","","","FALSE","","","","","","","","","QZTQ4GTC5QMF","NA/CDS Corp Idx","ITRAXX EUROPE"
"4110116239000000101","","NEWT","TRAD","2026-07-09T14:24:37Z","","CR","","I","TRUE","2026-07-09T14:24:37Z","2026-07-10","2031-06-20","","FALSE","BBSF","FALSE","FALSE","","5,000,000","","USD","","","","","","","","","","","","","","","","","","","","","","","","","0.05","","","","","","0.01080651","","","","","","false","","","3","","","A004","","","","","","","","411597.45000","MNTH","","","","3","","","","UFRO","USD","","","","","false","0.99","","","","","","","","","","FALSE","","","","","","","","","QZHH8NT767RX","NA/CDS Corp Idx","CDX.NA.HY"
"4110105321000000101","","NEWT","TRAD","2026-07-09T14:23:28Z","","CR","","I","TRUE","2026-07-09T14:23:28Z","2026-03-20","2031-06-20","","FALSE","TPSE","FALSE","FALSE","","15,000,000","","USD","","","","","","","","","","","","","","","","","","","","","","","","","0.05","","","","","","108.059","","USD","","","","false","","","1","","","A004","","","","","","","","","MNTH","","","","3","","","","","","USD","","","","false","0.99","","","","","","","OTHR","","","FALSE","","","","","","","","","QZHH8NT767RX","NA/CDS Corp Idx","CDX.NA.HY"
"4110174701000000301","","NEWT","TRAD","2026-07-09T14:31:51Z","","CR","","I","TRUE","2026-07-09T14:31:51Z","2026-07-10","2031-06-20","","FALSE","BBSF","FALSE","FALSE","","15,000,000","","EUR","","","","","","","","","","","","","","","","","","","","","","","","","0.05","","","","","","0.024484","","","","","","false","","","3","","","A004","","","","","","","","1666875.97000","MNTH","","","","3","","","","UFRO","EUR","","","","","false","1","","","","","","","","","","FALSE","","","","","","","","","QZ3HM9KVK2WL","NA/CDS Corp Idx","ITRAXX EUROPE CROSSOVER"
"4110198309000000201","4110183632000000102","MODI","TRAD","2026-07-09T14:33:41Z","TRUE","CR","","I","TRUE","2026-07-09T14:32:28Z","2026-03-20","2031-06-20","","FALSE","TPSE","FALSE","FALSE","","15,000,000","","USD","","","","","","","","","","","","","","","","","","","","","","","","","0.05","","","","","","108.09","","USD","","","","false","","","1","","","A004","","","","","","","","","MNTH","","","","3","","","","","","USD","","","","false","0.99","","","","","","","OTHR","","","FALSE","","","","","","","","","QZHH8NT767RX","NA/CDS Corp Idx","CDX.NA.HY"
"4110210529000000101","","NEWT","TRAD","2026-07-09T14:35:16Z","","CR","","I","TRUE","2026-07-09T14:35:16Z","2026-07-10","2031-06-20","","FALSE","BBSF","FALSE","FALSE","","26,000,000","","EUR","","","","","","","","","","","","","","","","","","","","","","","","","0.05","","","","","","0.0244573","","","","","","false","","","3","","","A004","","","","","","","","2892503.92000","MNTH","","","","3","","","","UFRO","EUR","","","","","false","1","","","","","","","","","","FALSE","","","","","","","","","QZ3HM9KVK2WL","NA/CDS Corp Idx","ITRAXX EUROPE CROSSOVER"
"4110222281000000201","","NEWT","TRAD","2026-07-09T14:37:16Z","","CR","","I","TRUE","2026-07-09T14:37:16Z","2026-07-10","2031-06-20","","FALSE","BBSF","FALSE","FALSE","","30,000,000","","USD","","","","","","","","","","","","","","","","","","","","","","","","","0.05","","","","","","0.0108086","","","","","","false","","","3","","","A004","","","","","","","","2475792.00000","MNTH","","","","3","","","","UFRO","USD","","","","","false","0.99","","","","","","","","","","FALSE","","","","","","","","","QZHH8NT767RX","NA/CDS Corp Idx","CDX.NA.HY"
"4110238144000000101","","NEWT","TRAD","2026-07-09T14:39:59Z","","CR","","I","TRUE","2026-07-09T14:39:59Z","2026-07-10","2031-06-20","","FALSE","BBSF","FALSE","FALSE","","10,000,000","","USD","","","","","","","","","","","","","","","","","","","","","","","","","0.05","","","","","","0.01080849","","","","","","false","","","3","","","A004","","","","","","","","825155.10000","MNTH","","","","3","","","","UFRO","USD","","","","","false","0.99","","","","","","","","","","FALSE","","","","","","","","","QZHH8NT767RX","NA/CDS Corp Idx","CDX.NA.HY"
"4110237239000000201","","NEWT","TRAD","2026-07-09T14:37:45Z","","CR","","I","TRUE","2026-07-09T14:37:45Z","2026-03-20","2031-06-20","2031-06-20","FALSE","TREU","FALSE","FALSE","FALSE","30,000,000","","EUR","","","","","","","","","","","","","","","","","","","","","","","","","0.05","","","","","","","","","","","","false","","","","","","A004","","","","","","","","3378072.83000","MNTH","","","","3","","","","UFRO","EUR","","","","","false","1","","","","","","","","","","TRUE","0.0061","","3","","","","","","QZ3HM9KVK2WL","NA/CDS Corp Idx","ITRAXX EUROPE CROSSOVER"
"4110362720000000101","","NEWT","TRAD","2026-07-09T14:58:46Z","","CR","","I","TRUE","2026-07-09T14:58:46Z","2026-07-10","2031-06-20","","FALSE","BBSF","FALSE","FALSE","","2,000,000","","USD","","","","","","","","","","","","","","","","","","","","","","","","","0.05","","","","","","0.0108095","","","","","","false","","","3","","","A004","","","","","","","","165231.00000","MNTH","","","","3","","","","UFRO","USD","","","","","false","0.99","","","","","","","","","","FALSE","","","","","","","","","QZHH8NT767RX","NA/CDS Corp Idx","CDX.NA.HY"
"4110394037000000101","4110384334000000201","MODI","TRAD","2026-07-09T15:03:31Z","TRUE","CR","","I","TRUE","2026-07-09T15:02:41Z","2026-03-20","2031-06-20","","FALSE","TPSE","FALSE","FALSE","","200,000,000","","USD","","","","","","","","","","","","","","","","","","","","","","","","","0.01","","","","","","0.00505","","","","","","false","","","3","","","A004","","","","","","","","","MNTH","","","","3","","","","","","USD","","","","false","1","","","","","","","OTHR","","","FALSE","","","","","","","","","QZ3WVVQG5T8K","NA/CDS Corp Idx","CDX.NA.IG"
"4110411332000000201","","NEWT","TRAD","2026-07-09T15:04:48Z","","CR","","I","TRUE","2026-07-09T15:04:48Z","2026-03-20","2031-06-20","","FALSE","TPSE","FALSE","FALSE","","100,000,000","","USD","","","","","","","","","","","","","","","","","","","","","","","","","0.01","","","","","","0.00505","","","","","","false","","","3","","","A004","","","","","","","","","MNTH","","","","3","","","","","","USD","","","","false","1","","","","","","","OTHR","","","FALSE","","","","","","","","","QZ3WVVQG5T8K","NA/CDS Corp Idx","CDX.NA.IG"
"4110446263000000201","","NEWT","TRAD","2026-07-09T15:10:54Z","","CR","","I","TRUE","2026-07-09T15:10:54Z","2026-07-10","2031-06-20","","FALSE","BBSF","FALSE","FALSE","","25,000,000","","USD","","","","","","","","","","","","","","","","","","","","","","","","","0.05","","","","","","0.01080975","","","","","","false","","","3","","","A004","","","","","","","","2066006.25000","MNTH","","","","3","","","","UFRO","USD","","","","","false","0.99","","","","","","","","","","FALSE","","","","","","","","","QZHH8NT767RX","NA/CDS Corp Idx","CDX.NA.HY"
"4110471907000000101","","NEWT","TRAD","2026-07-09T15:15:25Z","","CR","","I","TRUE","2026-07-09T15:15:25Z","2026-07-10","2031-06-20","","","TWSF","FALSE","FALSE","","4,000,000","","EUR","","","","","","","","","","","","","","","","","","","","","","","","","0.05","","","","","","0.0243609","","","","","","false","","","3","","","A004","","","","","","","","446807.94000","MNTH","","","","3","","","","UFRO","EUR","","","","","false","1","","","","","","","","","","FALSE","","","","","","","","","QZ3HM9KVK2WL","NA/CDS Corp Idx","ITRAXX EUROPE CROSSOVER"
"4109019585000000201","","NEWT","TRAD","2026-07-09T12:52:18Z","","CR","","N","FALSE","2026-07-09T12:52:18Z","2026-07-10","2026-09-16","2031-06-20","FALSE","BILT","FALSE","FALSE","TRUE","350,199,986+","","EUR","","","","","","","","","","","","","","","","","","","","","","","","2026-09-16","0.01","","379,964.2875","EUR","","","","","","","52.5","EUR","false","","","","","1","A004","","","","","","","","","MNTH","","","","3","","","","","","","","","","false","","","","","","","","","","","FALSE","","","","","","","","","QZ2L66CGCV9J","NA/CDS Idx Swt","NA/CDS Corp Idx"
"4110748592000000101","","NEWT","TRAD","2026-07-09T15:52:16Z","","CR","","I","FALSE","2026-07-09T15:52:16Z","2026-07-10","2031-06-20","","","TWSF","FALSE","TRUE","","45,000,000","","USD","","","","","","","","","","","","","","","","","","","","","","","","","0.01","","","","","","0.009823","","","","","","false","","","3","","","A004","","","","","","","","774000.00000","MNTH","","","","3","","","","UFRO","USD","","","","","false","1","","","","","","","","","","FALSE","","","","","","","","","QZ4JMQKL3P03","NA/CDS Corp Idx","CDX.EM"
"4114502745000000102","4114487291000000301","MODI","TRAD","2026-07-09T20:01:34Z","TRUE","CR","","I","TRUE","2026-07-09T20:01:19Z","2026-03-20","2031-06-20","","FALSE","TPSE","FALSE","FALSE","","25,000,000","","USD","","","","","","","","","","","","","","","","","","","","","","","","","0.01","","","","","","0.00507","","","","","","false","","","3","","","A004","","","","","","","","","MNTH","","","","3","","","","","","USD","","","","false","1","","","","","","","OTHR","","","FALSE","","","","","","","","","QZ3WVVQG5T8K","NA/CDS Corp Idx","CDX.NA.IG"
"4114669885000000101","","NEWT","TRAD","2026-07-09T20:08:09Z","","CR","","I","TRUE","2026-07-09T20:08:09Z","2026-07-10","2031-06-20","","FALSE","BBSF","FALSE","FALSE","","5,000,000","","USD","","","","","","","","","","","","","","","","","","","","","","","","","0.01","","","","","","0.005070803","","","","","","false","","","3","","","A004","","","","","","","","111964.28000","MNTH","","","","3","","","","UFRO","USD","","","","","false","1","","","","","","","","","","FALSE","","","","","","","","","QZ3WVVQG5T8K","NA/CDS Corp Idx","CDX.NA.IG"
"4113202505000000601","2488066360000000501","TERM","ETRM","2026-07-09T17:48:55Z","","CR","","N","FALSE","2026-03-24T17:26:34Z","2026-03-25","2026-07-10","","TRUE","XOFF","FALSE","FALSE","TRUE","67,000,000","","USD","","","","","","","","","","","","","","","","","","","","","","","","","","","","","","","0.0022","","","","","","false","","","3","","","","","A004","","","","","","9523.02117","","YEAR","","","","1","","","UWIN","USD","USD","","","","false","","","","","","","","","","","FALSE","","","","","","","","","QZVNLV1ZB8KV","NA/CDS Corp SN","DTD 02/15/2010"
"4113216033000000401","","NEWT","TRAD","2026-07-09T17:48:55Z","","CR","","N","FALSE","2026-07-09T17:48:55Z","2026-07-10","2026-11-06","","TRUE","XOFF","FALSE","FALSE","TRUE","30,000,000","","USD","","","","","","","","","","","","","","","","","","","","","","","","","","","","","","","0.00185","","","","","","false","","","3","","","","","A004","","","","","","","","YEAR","","","","1","","","","","USD","","","","false","","","","","","","","","","","FALSE","","","","","","","","","QZ8TXFN2D0NR","NA/CDS Corp SN","INT PMT ON  150"
"4113382080000000101","","NEWT","TRAD","2026-07-09T18:20:03Z","","CR","","I","FALSE","2026-07-09T18:20:03Z","2026-03-20","2031-06-20","","FALSE","GSEF","FALSE","FALSE","","10,000,000","","USD","","","","","","","","","","","","","","","","","","","","","","","","","","","","","","","98.265","","USD","","","","false","","","1","","","A004","","","","","","","","","MNTH","","","","3","","","","","","","","","","false","1","","","","","","","","","","FALSE","","","","","","","","","QZ39BZSFH68L","NA/CDS Sov Idx","CDX.EM"
"4113437612000000101","","NEWT","TRAD","2026-07-09T18:23:14Z","","CR","","I","FALSE","2026-07-09T18:23:14Z","2026-07-10","2031-06-20","","FALSE","BBSF","FALSE","FALSE","","20,000,000","","USD","","","","","","","","","","","","","","","","","","","","","","","","","0.01","","","","","","0.0098255","","","","","","false","","","3","","","A004","","","","","","","","339000.00000","MNTH","","","","3","","","","UFRO","USD","","","","","false","1","","","","","","","","","","FALSE","","","","","","","","","QZ4JMQKL3P03","NA/CDS Corp Idx","CDX.EM"
"4113489992000000201","","NEWT","TRAD","2026-07-09T18:25:39Z","","CR","","I","TRUE","2026-07-09T18:25:39Z","2026-07-10","2031-06-20","","FALSE","BBSF","FALSE","FALSE","","130,000,000","","USD","","","","","","","","","","","","","","","","","","","","","","","","","0.01","","","","","","0.005062","","","","","","false","","","3","","","A004","","","","","","","","2916254.22400","MNTH","","","","3","","","","UFRO","USD","","","","","false","1","","","","","","","","","","FALSE","","","","","","","","","QZ3WVVQG5T8K","NA/CDS Corp Idx","CDX.NA.IG"
"4113396444000000301","4111726864000000101","EROR","","2026-07-09T18:19:13Z","","CR","","N","FALSE","2026-07-09T16:54:17Z","2026-07-11","2055-03-15","2055-03-15","TRUE","BILT","FALSE","FALSE","FALSE","6,000,000","","USD","","","","","","","","","","","","","","","","","","","","","","","","","","","","","","","1","","","","","","false","","","4","","","","","A004","","DAIL","","1","","","","","","","","","","","","","USD","","","","true","","","","","","","","OPET","","","FALSE","","","","","","","","","QZWBC8GZ8TBN","NA/CDS Corp Oth","Basket"
"4113409856000000101","4111738289000000201","EROR","","2026-07-09T18:19:04Z","","CR","","N","FALSE","2026-07-09T16:55:28Z","2026-07-11","2055-03-15","2055-03-15","TRUE","BILT","FALSE","FALSE","FALSE","36,000,000","","USD","","","","","","","","","","","","","","","","","","","","","","","","","","","","","","","1","","","","","","false","","","4","","","","","A004","","DAIL","","1","","","","","","","","","","","","","USD","","","","true","","","","","","","","OPET","","","FALSE","","","","","","","","","QZWBC8GZ8TBN","NA/CDS Corp Oth","Basket"
"4113409857000000201","4111732465000000401","EROR","","2026-07-09T18:19:04Z","","CR","","N","FALSE","2026-07-09T16:55:15Z","2026-07-11","2055-03-15","2055-03-15","TRUE","BILT","FALSE","FALSE","FALSE","120,000,000","","USD","","","","","","","","","","","","","","","","","","","","","","","","","","","","","","","1","","","","","","false","","","4","","","","","A004","","DAIL","","1","","","","","","","","","","","","","USD","","","","true","","","","","","","","OPET","","","FALSE","","","","","","","","","QZWBC8GZ8TBN","NA/CDS Corp Oth","Basket"
"4113327313000000101","","NEWT","TRAD","2026-07-09T18:17:04Z","","CR","","I","FALSE","2026-07-09T18:17:04Z","2026-07-10","2031-06-20","","","TWSF","FALSE","TRUE","","35,000,000","","USD","","","","","","","","","","","","","","","","","","","","","","","","","0.01","","","","","","0.009827","","","","","","false","","","3","","","A004","","","","","","","","588000.00000","MNTH","","","","3","","","","UFRO","USD","","","","","false","1","","","","","","","","","","FALSE","","","","","","","","","QZ4JMQKL3P03","NA/CDS Corp Idx","CDX.EM"
"4113543600000000101","","NEWT","TRAD","2026-07-09T18:28:26Z","","CR","","I","TRUE","2026-07-09T18:28:26Z","2026-07-10","2031-06-20","","FALSE","BBSF","FALSE","FALSE","","10,000,000","","USD","","","","","","","","","","","","","","","","","","","","","","","","","0.05","","","","","","0.01081075","","","","","","false","","","3","","","A004","","","","","","","","827392.50000","MNTH","","","","3","","","","UFRO","USD","","","","","false","0.99","","","","","","","","","","FALSE","","","","","","","","","QZHH8NT767RX","NA/CDS Corp Idx","CDX.NA.HY"
"4113599572000000201","","NEWT","TRAD","2026-07-09T18:31:54Z","","CR","","I","TRUE","2026-07-09T18:31:54Z","2026-07-10","2031-06-20","","FALSE","BBSF","FALSE","FALSE","","23,000,000","","USD","","","","","","","","","","","","","","","","","","","","","","","","","0.01","","","","","","0.005066","","","","","","false","","","3","","","A004","","","","","","","","515535.99000","MNTH","","","","3","","","","UFRO","USD","","","","","false","1","","","","","","","","","","FALSE","","","","","","","","","QZ3WVVQG5T8K","NA/CDS Corp Idx","CDX.NA.IG"
"4113626652000000101","","NEWT","TRAD","2026-07-09T18:33:24Z","","CR","","I","TRUE","2026-07-09T18:33:24Z","2026-07-10","2031-06-20","","FALSE","BBSF","FALSE","FALSE","","30,000,000","","USD","","","","","","","","","","","","","","","","","","","","","","","","","0.05","","","","","","0.010815","","","","","","false","","","3","","","A004","","","","","","","","2494800.00000","MNTH","","","","3","","","","UFRO","USD","","","","","false","0.99","","","","","","","","","","TRUE","0.4156","","3","","","","","","QZHH8NT767RX","NA/CDS Corp Idx","CDX.NA.HY"
"4113423850000000701","","NEWT","TRAD","2026-07-09T18:17:08Z","","CR","","N","FALSE","2026-07-09T18:17:08Z","2026-07-11","2055-03-15","2055-03-15","TRUE","BILT","FALSE","FALSE","TRUE","37,000,000","","USD","","","","","","","","","","","","","","","","","","","","","","","","","","","","","","","1","","","","","","false","","","4","","","","","A004","","DAIL","","1","","","","","","","","","","","","","USD","","","","true","","","","","","","","OPET","","","FALSE","","","","","","","","","QZWBC8GZ8TBN","NA/CDS Corp Oth","Basket"
"4113423851000000801","","NEWT","TRAD","2026-07-09T18:21:40Z","","CR","","N","FALSE","2026-07-09T18:21:40Z","2026-07-10","2026-10-14","","FALSE","BILT","FALSE","FALSE","TRUE","17,000,000","","USD","","","","","","","","","","","","","","","","","","","","","","","","","0.0425","","","","","","","","","","","","false","","","","","","A006","","","","","","","","197353.56447","MNTH","","","","6","","","","PEXH","USD","","","","","false","","","","","","","","","","","FALSE","","","","","","","","","QZHW6NNGTS3M","NA/CDS Corp SN","DTD 01/31/2025"
"4113709188000000101","","NEWT","TRAD","2026-07-09T18:43:58Z","","CR","","I","TRUE","2026-07-09T18:43:58Z","2026-07-10","2031-06-20","","FALSE","BBSF","FALSE","TRUE","","200,000,000","","USD","","","","","","","","","","","","","","","","","","","","","","","","","0.01","","","","","","0.005066","","","","","","false","","","3","","","A004","","","","","","","","4482921.67000","MNTH","","","","3","","","","UFRO","USD","","","","","false","1","","","","","","","","","","FALSE","","","","","","","","","QZ3WVVQG5T8K","NA/CDS Corp Idx","CDX.NA.IG"
"4113771938000000201","","NEWT","TRAD","2026-07-09T18:58:13Z","","CR","","I","FALSE","2026-07-09T18:58:13Z","2026-07-10","2031-06-20","","","TWSF","FALSE","FALSE","","4,000,000","","USD","","","","","","","","","","","","","","","","","","","","","","","","","0.05","","","","","","0.01080899","","","","","","false","","","3","","","A004","","","","","","","","330260.04000","MNTH","","","","3","","","","UFRO","USD","","","","","false","0.99","","","","","","","","","","FALSE","","","","","","","","","QZHH8NT767RX","NA/CDS Corp Idx","CDX.NA.HY"
"4112670899000000101","","NEWT","TRAD","2026-07-09T17:42:22Z","","CR","","I","FALSE","2026-07-09T17:42:22Z","2026-03-20","2031-06-20","","FALSE","TPSE","FALSE","FALSE","","10,000,000","","USD","","","","","","","","","","","","","","","","","","","","","","","","","0.01","","","","","","98.275","","USD","","","","false","","","1","","","A004","","","","","","","","","MNTH","","","","3","","","","","","USD","","","","false","1","","","","","","","OTHR","","","FALSE","","","","","","","","","QZ4JMQKL3P03","NA/CDS Corp Idx","CDX.EM"
"4096430246000000101","","NEWT","TRAD","2026-07-09T06:47:21Z","","CR","","I","TRUE","2026-07-09T06:47:21Z","2026-07-10","2031-06-20","","","TWSF","FALSE","TRUE","","47,276,998+","","EUR","","","","","","","","","","","","","","","","","","","","","","","","","0.05","","","","","","0.024515","","","","","","false","","","3","","","A004","","","","","","","","5246921.45960","MNTH","","","","3","","","","UFRO","EUR","","","","","false","1","","","","","","","","","","FALSE","","","","","","","","","QZ3HM9KVK2WL","NA/CDS Corp Idx","ITRAXX EUROPE CROSSOVER"
"4100141866000000101","","NEWT","TRAD","2026-07-09T08:07:21Z","","CR","","N","FALSE","2026-07-09T08:07:21Z","2026-06-11","2026-08-19","2031-06-20","FALSE","BILT","FALSE","FALSE","TRUE","20,000,000","","EUR","","","","","","","","","","","","","","","","","","","","","","","","2026-08-19","0.05","","54,300","EUR","","","","","","","350","EUR","false","","","","","1","A004","","","","","","","","","MNTH","","","","3","","","","","","","","","","false","","","","","","","","","","","TRUE","9.9999999999","","3","","","","","","QZTL0V3X916X","NA/CDS Idx Swt","NA/CDS Corp Idx"
"4101522552000000201","","NEWT","TRAD","2026-07-09T08:39:07Z","","CR","","I","FALSE","2026-07-09T08:39:07Z","2026-07-10","2031-06-20","","","TWSF","FALSE","FALSE","","42,000,000","","EUR","","","","","","","","","","","","","","","","","","","","","","","","","0.01","","","","","","0.005185","","","","","","false","","","3","","","A004","","","","","","","","950811.93000","MNTH","","","","3","","","","UFRO","EUR","","","","","false","1","","","","","","","","","","FALSE","","","","","","","","","QZTQ4GTC5QMF","NA/CDS Corp Idx","ITRAXX EUROPE"
"4107283179000000101","","NEWT","TRAD","2026-07-09T10:46:49Z","","CR","","I","TRUE","2026-07-09T10:46:49Z","2026-07-10","2031-06-20","","FALSE","BBSF","FALSE","TRUE","","166,344,993+","","EUR","","","","","","","","","","","","","","","","","","","","","","","","","0.01","","","","","","0.0052","","","","","","false","","","3","","","A004","","","","","","","","3754097.49167","MNTH","","","","3","","","","UFRO","EUR","","","","","false","1","","","","","","","","","","TRUE","","","","0.0052","","3","","","QZTQ4GTC5QMF","NA/CDS Corp Idx","ITRAXX EUROPE"
"4107546484000000201","4107541568000000301","TERM","CLRG","2026-07-09T11:02:17Z","","CR","","I","TRUE","2026-07-09T11:02:17Z","2026-07-10","2031-06-20","","","BTFE","FALSE","FALSE","FALSE","10,000,000","","EUR","","","","","","","","","","","","","","","","","","","","","","","","","","","","","","","","","","","","","false","","","","","","A004","","","","","","","","224884.04000","MNTH","","","","3","","","","UFRO","EUR","","","","","false","1","","","","","","","","","","FALSE","","","","","","","","","QZTQ4GTC5QMF","NA/CDS Corp Idx","ITRAXX EUROPE"
"4111679235000000201","","NEWT","TRAD","2026-07-09T16:51:34Z","","CR","","I","TRUE","2026-07-09T16:51:34Z","2026-07-10","2031-06-20","","FALSE","BBSF","FALSE","TRUE","","250,000,000+","","USD","","","","","","","","","","","","","","","","","","","","","","","","","0.01","","","","","","0.00504","","","","","","false","","","3","","","A004","","","","","","","","5633093.93000","MNTH","","","","3","","","","UFRO","USD","","","","","false","1","","","","","","","","","","TRUE","","","","0.000417","","3","","","QZ3WVVQG5T8K","NA/CDS Corp Idx","CDX.NA.IG"
"4111543471000000101","","NEWT","TRAD","2026-07-09T16:39:11Z","","CR","","I","TRUE","2026-07-09T16:39:11Z","2026-07-10","2035-12-20","","","TWSF","FALSE","FALSE","","530,000","","USD","","","","","","","","","","","","","","","","","","","","","","","","","0.01","","","","","","0.0088386","","","","","","false","","","3","","","A004","","","","","","","","4839.99221","MNTH","","","","3","","","","UFRO","USD","","","","","false","1","","","","","","","","","","FALSE","","","","","","","","","QZQN50BQC8ZT","NA/CDS Corp Idx","CDX.NA.IG"
"4111593084000000101","","NEWT","TRAD","2026-07-09T16:45:12Z","","CR","","I","TRUE","2026-07-09T16:45:12Z","2026-07-10","2031-06-20","","FALSE","BBSF","FALSE","FALSE","","2,000,000","","USD","","","","","","","","","","","","","","","","","","","","","","","","","0.05","","","","","","0.010813","","","","","","false","","","3","","","A004","","","","","","","","165924.00000","MNTH","","","","3","","","","UFRO","USD","","","","","false","0.99","","","","","","","","","","FALSE","","","","","","","","","QZHH8NT767RX","NA/CDS Corp Idx","CDX.NA.HY"
"4111633866000000101","","NEWT","TRAD","2026-07-09T16:48:26Z","","CR","","I","TRUE","2026-07-09T16:48:26Z","2026-03-20","2031-06-20","","FALSE","TPSE","FALSE","FALSE","","50,000,000","","USD","","","","","","","","","","","","","","","","","","","","","","","","","0.01","","","","","","0.00504","","","","","","false","","","3","","","A004","","","","","","","","","MNTH","","","","3","","","","","","USD","","","","false","1","","","","","","","OTHR","","","FALSE","","","","","","","","","QZ3WVVQG5T8K","NA/CDS Corp Idx","CDX.NA.IG"
"4111646312000000101","","NEWT","TRAD","2026-07-09T16:46:50Z","","CR","","I","TRUE","2026-07-09T16:46:50Z","2026-03-20","2031-06-20","","","BILT","FALSE","FALSE","FALSE","20,000,000","","USD","","","","","","","","","","","","","","","","","","","","","","","","","0.05","","","","","","","","","","","","false","","","","","","A004","","","","","","","","1659240.00000","MNTH","","","","3","","","","UFRO","USD","","","","","false","0.99","","","","","","","","","","FALSE","","","","","","","","","QZHH8NT767RX","NA/CDS Corp Idx","CDX.NA.HY"
"4111730482000000201","","NEWT","TRAD","2026-07-09T16:56:41Z","","CR","","N","TRUE","2026-07-09T16:56:41Z","2026-07-09","2031-06-20","","FALSE","BILT","FALSE","TRUE","TRUE","166,344,993+","","EUR","","","","","","","","","","","","","","","","","","","","","","","","","0.01","","","","","","","","","","","","false","","","","","","A004","","","","","","","","3800867.82488","MNTH","","","","3","","","","UFRO","EUR","","","","","false","1","","","","","","","","","","FALSE","","","","","","","","","QZTQ4GTC5QMF","NA/CDS Corp Idx","ITRAXX EUROPE"
"4111732463000000201","","NEWT","TRAD","2026-07-09T16:55:01Z","","CR","","N","FALSE","2026-07-09T16:55:01Z","2026-07-11","2055-03-15","2055-03-15","TRUE","BILT","FALSE","FALSE","TRUE","6,000,000","","USD","","","","","","","","","","","","","","","","","","","","","","","","","","","","","","","1","","","","","","false","","","4","","","","","A004","","DAIL","","1","","","","","","","","","","","","","USD","","","","true","","","","","","","","OPET","","","FALSE","","","","","","","","","QZWBC8GZ8TBN","NA/CDS Corp Oth","Basket"
"4111741961000000101","","NEWT","TRAD","2026-07-09T16:55:55Z","","CR","","N","FALSE","2026-07-09T16:55:55Z","2026-07-11","2055-03-15","2055-03-15","TRUE","BILT","FALSE","FALSE","TRUE","110,000,000","","USD","","","","","","","","","","","","","","","","","","","","","","","","","","","","","","","1","","","","","","false","","","4","","","","","A004","","DAIL","","1","","","","","","","","","","","","","USD","","","","true","","","","","","","","OPET","","","FALSE","","","","","","","","","QZWBC8GZ8TBN","NA/CDS Corp Oth","Basket"
"4103165867000000201","","NEWT","TRAD","2026-07-09T09:19:31Z","","CR","","I","TRUE","2026-07-09T09:19:31Z","2026-03-20","2031-06-20","","FALSE","TPSE","FALSE","FALSE","","47,276,998+","","EUR","","","","","","","","","","","","","","","","","","","","","","","","","0.05","","","","","","0.02465","","","","","","false","","","3","","","A004","","","","","","","","","MNTH","","","","3","","","","","","EUR","","","","false","1","","","","","","","OTHR","","","FALSE","","","","","","","","","QZ3HM9KVK2WL","NA/CDS Corp Idx","ITRAXX EUROPE CROSSOVER"
"4109373114000000101","","NEWT","TRAD","2026-07-09T13:20:44Z","","CR","","I","TRUE","2026-07-09T13:20:44Z","2026-07-10","2031-06-20","","","TWSF","FALSE","FALSE","","100,000,000","","USD","","","","","","","","","","","","","","","","","","","","","","","","","0.01","","","","","","0.00508","","","","","","false","","","3","","","A004","","","","","","","","2235120.52000","MNTH","","","","3","","","","UFRO","USD","","","","","false","1","","","","","","","","","","FALSE","","","","","","","","","QZ3WVVQG5T8K","NA/CDS Corp Idx","CDX.NA.IG"
"4103904059000000101","","NEWT","TRAD","2026-07-09T09:34:08Z","","CR","","I","TRUE","2026-07-09T09:34:08Z","2026-07-10","2031-06-20","","FALSE","BBSF","FALSE","FALSE","","10,000,000","","EUR","","","","","","","","","","","","","","","","","","","","","","","","","0.01","","","","","","0.00519315","","","","","","false","","","3","","","A004","","","","","","","","226001.79000","MNTH","","","","3","","","","UFRO","EUR","","","","","false","1","","","","","","","","","","FALSE","","","","","","","","","QZTQ4GTC5QMF","NA/CDS Corp Idx","ITRAXX EUROPE"
"4100458793000000101","","NEWT","TRAD","2026-07-09T08:14:14Z","","CR","","I","TRUE","2026-07-09T08:14:14Z","2026-07-10","2031-06-20","","FALSE","BBSF","FALSE","FALSE","","25,000,000","","EUR","","","","","","","","","","","","","","","","","","","","","","","","","0.05","","","","","","0.02454685","","","","","","false","","","3","","","A004","","","","","","","","2770768.02000","MNTH","","","","3","","","","UFRO","EUR","","","","","false","1","","","","","","","","","","FALSE","","","","","","","","","QZ3HM9KVK2WL","NA/CDS Corp Idx","ITRAXX EUROPE CROSSOVER"
"4099818852000000101","","NEWT","TRAD","2026-07-09T07:59:06Z","","CR","","I","TRUE","2026-07-09T07:59:06Z","2026-07-10","2031-06-20","","FALSE","BBSF","FALSE","FALSE","","5,000,000","","EUR","","","","","","","","","","","","","","","","","","","","","","","","","0.05","","","","","","0.0245915","","","","","","false","","","3","","","A004","","","","","","","","553108.49000","MNTH","","","","3","","","","UFRO","EUR","","","","","false","1","","","","","","","","","","FALSE","","","","","","","","","QZ3HM9KVK2WL","NA/CDS Corp Idx","ITRAXX EUROPE CROSSOVER"
"4100052465000000201","","NEWT","TRAD","2026-07-09T08:05:49Z","","CR","","I","TRUE","2026-07-09T08:05:49Z","2026-07-10","2031-06-20","","","TWSF","FALSE","FALSE","","29,000,000","","EUR","","","","","","","","","","","","","","","","","","","","","","","","","0.01","","","","","","0.00517292","","","","","","false","","","3","","","A004","","","","","","","","658153.77799","MNTH","","","","3","","","","UFRO","EUR","","","","","false","1","","","","","","","","","","FALSE","","","","","","","","","QZTQ4GTC5QMF","NA/CDS Corp Idx","ITRAXX EUROPE"
"4099818854000000301","","NEWT","TRAD","2026-07-09T07:59:30Z","","CR","","I","TRUE","2026-07-09T07:59:30Z","2026-07-10","2031-06-20","","","TWSF","FALSE","TRUE","","166,344,993+","","EUR","","","","","","","","","","","","","","","","","","","","","","","","","0.01","","","","","","0.00517233","","","","","","false","","","3","","","A004","","","","","","","","3775633.45300","MNTH","","","","3","","","","UFRO","EUR","","","","","false","1","","","","","","","","","","FALSE","","","","","","","","","QZTQ4GTC5QMF","NA/CDS Corp Idx","ITRAXX EUROPE"
"4103139949000000101","","NEWT","TRAD","2026-07-09T09:18:52Z","","CR","","I","TRUE","2026-07-09T09:18:52Z","2026-07-10","2031-06-20","","FALSE","BBSF","FALSE","TRUE","","47,276,998+","","EUR","","","","","","","","","","","","","","","","","","","","","","","","","0.05","","","","","","0.02468","","","","","","false","","","3","","","A004","","","","","","","","5210285.15906","MNTH","","","","3","","","","UFRO","EUR","","","","","false","1","","","","","","","","","","FALSE","","","","","","","","","QZ3HM9KVK2WL","NA/CDS Corp Idx","ITRAXX EUROPE CROSSOVER"
"4107523754000000201","","NEWT","TRAD","2026-07-09T11:03:11Z","","CR","","I","FALSE","2026-07-09T11:03:11Z","2026-07-10","2031-06-20","","FALSE","BBSF","FALSE","TRUE","","96,304,996+","","EUR","","","","","","","","","","","","","","","","","","","","","","","","","0.01","","","","","","0.0054925","","","","","","false","","","3","","","A004","","","","","","","","2041550.96946","MNTH","","","","3","","","","UFRO","EUR","","","","","false","1","","","","","","","","","","TRUE","","","","0.000645","","3","","","QZTB38W3WJ98","NA/CDS Corp Idx","ITRAXX EUROPE SENIOR FINANCIALS"
"4107919189000000101","","NEWT","TRAD","2026-07-09T11:30:34Z","","CR","","I","TRUE","2026-07-09T11:30:34Z","2026-07-10","2031-06-20","","FALSE","BBSF","FALSE","FALSE","","5,000,000","","EUR","","","","","","","","","","","","","","","","","","","","","","","","","0.05","","","","","","0.0248065","","","","","","false","","","3","","","A004","","","","","","","","548081.03000","MNTH","","","","3","","","","UFRO","EUR","","","","","false","1","","","","","","","","","","FALSE","","","","","","","","","QZ3HM9KVK2WL","NA/CDS Corp Idx","ITRAXX EUROPE CROSSOVER"
"4107945162000000201","","NEWT","TRAD","2026-07-09T11:31:48Z","","CR","","I","TRUE","2026-07-09T11:31:48Z","2026-07-10","2031-06-20","","","TWSF","FALSE","TRUE","","76,000,000+","","USD","","","","","","","","","","","","","","","","","","","","","","","","","0.05","","","","","","0.010801","","","","","","false","","","3","","","A004","","","","","","","","6214784.88750","MNTH","","","","3","","","","UFRO","USD","","","","","false","0.99","","","","","","","","","","FALSE","","","","","","","","","QZHH8NT767RX","NA/CDS Corp Idx","CDX.NA.HY"
"4108231321000000101","","NEWT","TRAD","2026-07-09T11:49:07Z","","CR","","I","TRUE","2026-07-09T11:49:07Z","2026-07-10","2031-06-20","","FALSE","BBSF","FALSE","FALSE","","50,000,000","","USD","","","","","","","","","","","","","","","","","","","","","","","","","0.01","","","","","","0.005094","","","","","","false","","","3","","","A004","","","","","","","","1114390.46000","MNTH","","","","3","","","","UFRO","USD","","","","","false","1","","","","","","","","","","FALSE","","","","","","","","","QZ3WVVQG5T8K","NA/CDS Corp Idx","CDX.NA.IG"
"4108225643000000101","","NEWT","TRAD","2026-07-09T11:48:22Z","","CR","","I","FALSE","2026-07-09T11:48:22Z","2026-07-10","2031-06-20","","","TWSF","FALSE","FALSE","","13,000,000","","USD","","","","","","","","","","","","","","","","","","","","","","","","","0.01","","","","","","0.0098156","","","","","","false","","","3","","","A004","","","","","","","","233220.00000","MNTH","","","","3","","","","UFRO","USD","","","","","false","1","","","","","","","","","","FALSE","","","","","","","","","QZ4JMQKL3P03","NA/CDS Corp Idx","CDX.EM"
"4108400999000000101","","NEWT","TRAD","2026-07-09T12:01:43Z","","CR","","I","TRUE","2026-07-09T12:01:43Z","2026-07-10","2031-06-20","","FALSE","BBSF","FALSE","FALSE","","100,000,000","","USD","","","","","","","","","","","","","","","","","","","","","","","","","0.01","","","","","","0.00509115","","","","","","false","","","3","","","A004","","","","","","","","2230071.42000","MNTH","","","","3","","","","UFRO","USD","","","","","false","1","","","","","","","","","","FALSE","","","","","","","","","QZ3WVVQG5T8K","NA/CDS Corp Idx","CDX.NA.IG"
"4108441771000000101","","NEWT","TRAD","2026-07-09T12:04:37Z","","CR","","I","TRUE","2026-07-09T12:04:37Z","2026-07-10","2031-06-20","","FALSE","BBSF","FALSE","FALSE","","5,000,000","","EUR","","","","","","","","","","","","","","","","","","","","","","","","","0.05","","","","","","0.02474349","","","","","","false","","","3","","","A004","","","","","","","","549553.57000","MNTH","","","","3","","","","UFRO","EUR","","","","","false","1","","","","","","","","","","FALSE","","","","","","","","","QZ3HM9KVK2WL","NA/CDS Corp Idx","ITRAXX EUROPE CROSSOVER"
"4108491866000000101","","NEWT","TRAD","2026-07-09T12:09:35Z","","CR","","I","TRUE","2026-07-09T12:09:35Z","2026-07-10","2031-06-20","","FALSE","BBSF","FALSE","FALSE","","20,000,000","","EUR","","","","","","","","","","","","","","","","","","","","","","","","","0.05","","","","","","0.0247055","","","","","","false","","","3","","","A004","","","","","","","","2201766.96000","MNTH","","","","3","","","","UFRO","EUR","","","","","false","1","","","","","","","","","","FALSE","","","","","","","","","QZ3HM9KVK2WL","NA/CDS Corp Idx","ITRAXX EUROPE CROSSOVER"
"4108555594000000101","","NEWT","TRAD","2026-07-09T12:16:46Z","","CR","","I","TRUE","2026-07-09T12:16:46Z","2026-07-10","2031-06-20","","FALSE","BBSF","FALSE","FALSE","","7,300","","USD","","","","","","","","","","","","","","","","","","","","","","","","","0.05","","","","","","0.01080334","","","","","","false","","","3","","","A004","","","","","","","","598.64000","MNTH","","","","3","","","","UFRO","USD","","","","","false","0.99","","","","","","","","","","FALSE","","","","","","","","","QZHH8NT767RX","NA/CDS Corp Idx","CDX.NA.HY"
"4108609894000000201","","NEWT","TRAD","2026-07-09T12:22:11Z","","CR","","I","TRUE","2026-07-09T12:22:11Z","2026-07-10","2031-06-20","","FALSE","BBSF","FALSE","FALSE","","10,000,000","","USD","","","","","","","","","","","","","","","","","","","","","","","","","0.01","","","","","","0.00508514","","","","","","false","","","3","","","A004","","","","","","","","223279.29000","MNTH","","","","3","","","","UFRO","USD","","","","","false","1","","","","","","","","","","FALSE","","","","","","","","","QZ3WVVQG5T8K","NA/CDS Corp Idx","CDX.NA.IG"
"4108626418000000101","","NEWT","TRAD","2026-07-09T12:23:10Z","","CR","","I","TRUE","2026-07-09T12:23:10Z","2026-07-10","2031-06-20","","FALSE","BBSF","FALSE","FALSE","","15,000,000","","USD","","","","","","","","","","","","","","","","","","","","","","","","","0.05","","","","","","0.0108047","","","","","","false","","","3","","","A004","","","","","","","","1232104.50000","MNTH","","","","3","","","","UFRO","USD","","","","","false","0.99","","","","","","","","","","FALSE","","","","","","","","","QZHH8NT767RX","NA/CDS Corp Idx","CDX.NA.HY"
"4108632720000000101","","NEWT","TRAD","2026-07-09T12:23:54Z","","CR","","I","TRUE","2026-07-09T12:23:54Z","2026-07-10","2031-06-20","","FALSE","BBSF","FALSE","FALSE","","15,000,000","","USD","","","","","","","","","","","","","","","","","","","","","","","","","0.05","","","","","","0.01080425","","","","","","false","","","3","","","A004","","","","","","","","1231436.25000","MNTH","","","","3","","","","UFRO","USD","","","","","false","0.99","","","","","","","","","","FALSE","","","","","","","","","QZHH8NT767RX","NA/CDS Corp Idx","CDX.NA.HY"
"4108696287000000201","","NEWT","TRAD","2026-07-09T12:28:09Z","","CR","","I","TRUE","2026-07-09T12:28:09Z","2026-07-10","2031-06-20","","","TWSF","FALSE","FALSE","","5,000,000","","EUR","","","","","","","","","","","","","","","","","","","","","","","","","0.05","","","","","","0.024692","","","","","","false","","","3","","","A004","","","","","","","","550757.42000","MNTH","","","","3","","","","UFRO","EUR","","","","","false","1","","","","","","","","","","FALSE","","","","","","","","","QZ3HM9KVK2WL","NA/CDS Corp Idx","ITRAXX EUROPE CROSSOVER"
"4108757629000000201","","NEWT","TRAD","2026-07-09T12:32:41Z","","CR","","I","TRUE","2026-07-09T12:32:41Z","2026-07-10","2031-06-20","","FALSE","BBSF","FALSE","FALSE","","20,000,000","","EUR","","","","","","","","","","","","","","","","","","","","","","","","","0.05","","","","","","0.02468476","","","","","","false","","","3","","","A004","","","","","","","","2203706.91000","MNTH","","","","3","","","","UFRO","EUR","","","","","false","1","","","","","","","","","","FALSE","","","","","","","","","QZ3HM9KVK2WL","NA/CDS Corp Idx","ITRAXX EUROPE CROSSOVER"
"4108802778000000301","","NEWT","TRAD","2026-07-09T12:36:07Z","FALSE","CR","","I","TRUE","2026-07-09T12:36:07Z","2026-03-20","2031-06-20","","","BMTF","FALSE","FALSE","FALSE","75,000,000","","USD","","","","","","","","","","","","","","","","","","","","","","","","","0.01","","","","","","","","","","","","false","","","","","","A004","","","","","","","","1677631.05000","MNTH","","","","3","","","","UFRO","USD","","","","","false","1","","","","","","","","","","FALSE","","","","","","","","","QZ3WVVQG5T8K","NA/CDS Corp Idx","CDX.NA.IG"
"4108863066000000401","","NEWT","TRAD","2026-07-09T12:40:23Z","","CR","","I","TRUE","2026-07-09T12:40:23Z","2026-07-10","2031-06-20","","","TWSF","FALSE","FALSE","","5,000,000","","EUR","","","","","","","","","","","","","","","","","","","","","","","","","0.05","","","","","","0.02463498","","","","","","false","","","3","","","A004","","","","","","","","552091.11000","MNTH","","","","3","","","","UFRO","EUR","","","","","false","1","","","","","","","","","","FALSE","","","","","","","","","QZ3HM9KVK2WL","NA/CDS Corp Idx","ITRAXX EUROPE CROSSOVER"
"4108888622000000101","","NEWT","TRAD","2026-07-09T12:42:15Z","","CR","","I","TRUE","2026-07-09T12:42:15Z","2026-07-10","2031-06-20","","","TWSF","FALSE","FALSE","","19,000,000","","USD","","","","","","","","","","","","","","","","","","","","","","","","","0.01","","","","","","0.0050804","","","","","","false","","","3","","","A004","","","","","","","","424638.90979","MNTH","","","","3","","","","UFRO","USD","","","","","false","1","","","","","","","","","","FALSE","","","","","","","","","QZ3WVVQG5T8K","NA/CDS Corp Idx","CDX.NA.IG"
"4108873041000000101","","NEWT","TRAD","2026-07-09T12:37:57Z","","CR","","I","TRUE","2026-07-09T12:37:57Z","2025-09-22","2030-12-20","","","TREU","FALSE","FALSE","FALSE","20,000,000","","EUR","","","","","","","","","","","","","","","","","","","","","","","","","0.05","","","","","","","","","","","","false","","","","","","A004","","","","","","","","2334778.64000","MNTH","","","","3","","","","UFRO","EUR","","","","","false","1","","","","","","","","","","FALSE","","","","","","","","","QZ5F5FRS4TR9","NA/CDS Corp Idx","ITRAXX EUROPE CROSSOVER"
"4108941704000000201","","NEWT","TRAD","2026-07-09T12:45:48Z","","CR","","I","TRUE","2026-07-09T12:45:48Z","2026-07-10","2031-06-20","","","TWSF","FALSE","FALSE","","4,000,000","","EUR","","","","","","","","","","","","","","","","","","","","","","","","","0.01","","","","","","0.0054366","","","","","","false","","","3","","","A004","","","","","","","","85840.60056","MNTH","","","","3","","","","UFRO","EUR","","","","","false","1","","","","","","","","","","FALSE","","","","","","","","","QZTB38W3WJ98","NA/CDS Corp Idx","ITRAXX EUROPE SENIOR FINANCIALS"
"4109145770000000101","","NEWT","TRAD","2026-07-09T13:03:30Z","","CR","","I","TRUE","2026-07-09T13:03:30Z","2026-07-10","2030-12-20","","FALSE","BBSF","FALSE","TRUE","","47,276,998+","","EUR","","","","","","","","","","","","","","","","","","","","","","","","","0.05","","","","","","0.02126","","","","","","false","","","3","","","A004","","","","","","","","5465646.50108","MNTH","","","","3","","","","UFRO","EUR","","","","","false","1","","","","","","","","","","TRUE","","","","0.003345","","3","","","QZ5F5FRS4TR9","NA/CDS Corp Idx","ITRAXX EUROPE CROSSOVER"
"4109306519000000101","","NEWT","TRAD","2026-07-09T13:05:45Z","","CR","","N","FALSE","2026-07-09T13:05:45Z","2026-10-21","2026-10-21","2031-06-20","FALSE","BILT","FALSE","FALSE","FALSE","150,000,000","","USD","","","","","","","","","","","","","","","","","","","","","","","","2026-10-21","0.05","","727,650","USD","","","","","","","1.04","","false","","","","","3","A004","","","","","","","","","MNTH","","","","3","","","","","","","","","","false","","","","","","","","","","","FALSE","","","","","","","","","QZ9LPD3ZB1KR","NA/CDS Idx Swt","NA/CDS Corp Idx"
"4110560814000000101","","NEWT","TRAD","2026-07-09T15:30:16Z","","CR","","N","FALSE","2026-07-09T15:30:16Z","2026-08-19","2026-08-19","","FALSE","BILT","FALSE","FALSE","TRUE","60,000,000","","USD","","","","","","","","","","","","","","","","","","","","","","","","2026-08-19","","","11,999.96","USD","","","","","","","0.00475","","false","","","","","3","A004","","","","","","","","0.00000","MNTH","","","","3","","","","UFRO","USD","","","","","false","","","","","","","","","","","FALSE","","","","","","","","","QZ7WW76RFHN3","NA/CDS Idx Swt","NA/CDS Corp Idx"
"4110495041000000201","","NEWT","TRAD","2026-07-09T15:19:22Z","","CR","","I","TRUE","2026-07-09T15:19:22Z","2026-07-10","2031-06-20","","FALSE","BBSF","FALSE","FALSE","","20,000,000","","EUR","","","","","","","","","","","","","","","","","","","","","","","","","0.05","","","","","","0.0243753","","","","","","false","","","3","","","A004","","","","","","","","2232689.41000","MNTH","","","","3","","","","UFRO","EUR","","","","","false","1","","","","","","","","","","TRUE","","","","0.003335","","3","","","QZ3HM9KVK2WL","NA/CDS Corp Idx","ITRAXX EUROPE CROSSOVER"
"4110535829000000101","","NEWT","TRAD","2026-07-09T15:23:50Z","","CR","","I","FALSE","2026-07-09T15:23:50Z","2026-03-20","2031-06-20","","","BTFE","FALSE","FALSE","FALSE","7,000,000","","USD","","","","","","","","","","","","","","","","","","","","","","","","","0.01","","","","","","","","","","","","false","","","","","","A004","","","","","","","","157568.53847","MNTH","","","","3","","","","UFRO","USD","","","","","false","1","","","","","","","","","","FALSE","","","","","","","","","QZ3WVVQG5T8K","NA/CDS Corp Idx","CDX.NA.IG"
"4110558487000000101","","NEWT","TRAD","2026-07-09T15:30:10Z","","CR","","I","TRUE","2026-07-09T15:30:10Z","2026-07-10","2031-06-20","","FALSE","BBSF","FALSE","FALSE","","110,000,000","","USD","","","","","","","","","","","","","","","","","","","","","","","","","0.01","","","","","","0.005045","","","","","","false","","","3","","","A004","","","","","","","","2476069.89000","MNTH","","","","3","","","","UFRO","USD","","","","","false","1","","","","","","","","","","FALSE","","","","","","","","","QZ3WVVQG5T8K","NA/CDS Corp Idx","CDX.NA.IG"
"4110574522000000201","","NEWT","TRAD","2026-07-09T15:32:44Z","","CR","","I","TRUE","2026-07-09T15:32:44Z","2026-03-20","2031-06-20","","FALSE","TPSE","FALSE","FALSE","","200,000,000","","USD","","","","","","","","","","","","","","","","","","","","","","","","","0.01","","","","","","0.005045","","","","","","false","","","3","","","A004","","","","","","","","","MNTH","","","","3","","","","","","USD","","","","false","1","","","","","","","OTHR","","","FALSE","","","","","","","","","QZ3WVVQG5T8K","NA/CDS Corp Idx","CDX.NA.IG"
"4110574524000000401","4110569763000000301","MODI","TRAD","2026-07-09T15:33:02Z","TRUE","CR","","I","TRUE","2026-07-09T15:32:28Z","2026-03-20","2031-06-20","","FALSE","TPSE","FALSE","FALSE","","50,000,000","","USD","","","","","","","","","","","","","","","","","","","","","","","","","0.01","","","","","","0.005045","","","","","","false","","","3","","","A004","","","","","","","","","MNTH","","","","3","","","","","","USD","","","","false","1","","","","","","","OTHR","","","FALSE","","","","","","","","","QZ3WVVQG5T8K","NA/CDS Corp Idx","CDX.NA.IG"
"4110463689000000201","","NEWT","TRAD","2026-07-09T15:08:07Z","","CR","","N","FALSE","2026-07-09T15:08:07Z","2026-07-09","2033-06-20","","FALSE","BILT","FALSE","TRUE","TRUE","150,000,000","","EUR","","","","","","","","","","","","","","","","","","","","","","","","","0.01","","","","","","","","","","","","false","","","","","","A004","","","","","","","","2700003.43000","MNTH","","","","3","","","","UFRO","EUR","","","","","false","1","","","","","","","","","","FALSE","","","","","","","","","QZMS3C1SS9J9","NA/CDS Corp Idx","ITRAXX EUROPE"
"4110636076000000101","","NEWT","TRAD","2026-07-09T15:40:02Z","","CR","","I","TRUE","2026-07-09T15:40:02Z","2026-03-20","2031-06-20","","","BMTF","FALSE","FALSE","FALSE","50,000,000","","EUR","","","","","","","","","","","","","","","","","","","","","","","","","0.01","","","","","","","","","","","","false","","","","","","A004","","","","","","","","1140826.25000","MNTH","","","","3","","","","UFRO","EUR","","","","","false","1","","","","","","","","","","FALSE","","","","","","","","","QZTQ4GTC5QMF","NA/CDS Corp Idx","ITRAXX EUROPE"
"4094265798000000101","4093763687000000201","MODI","TRAD","2026-07-09T03:15:24Z","TRUE","CR","","N","FALSE","2026-07-09T01:14:57Z","2026-03-23","2031-06-20","","FALSE","BILT","FALSE","FALSE","TRUE","2,000,000,000","","JPY","","","","","","","","","","","","","","","","","","","","","","","","","0.01","","","","","","","","","","","","false","","","","","","A004","","","","","","","","","MNTH","","","","3","","","","","","JPY","","","","false","1","","","","","","","","","","FALSE","","","","","","","","","QZ9P5KKVF7M5","NA/CDS Corp Idx","ITRAXX JAPAN"
"4094107606000000101","","NEWT","TRAD","2026-07-09T02:29:34Z","","CR","","I","FALSE","2026-07-09T02:29:34Z","2026-07-10","2031-06-20","","","TWSF","FALSE","FALSE","","1,000,000","","USD","","","","","","","","","","","","","","","","","","","","","","","","","0.01","","","","","","0.00691","","","","","","false","","","3","","","A004","","","","","","","","14123.85000","MNTH","","","","3","","","","UFRO","USD","","","","","false","1","","","","","","","","","","FALSE","","","","","","","","","QZD2VPNQ9ZFX","NA/CDS Corp Idx","ITRAXX ASIA EX-JAPAN IG"
"4104467373000000101","","NEWT","TRAD","2026-07-09T09:45:51Z","","CR","","I","TRUE","2026-07-09T09:45:51Z","2026-07-10","2031-06-20","","FALSE","BBSF","FALSE","TRUE","","40,000,000","","EUR","","","","","","","","","","","","","","","","","","","","","","","","","0.05","","","","","","0.024725","","","","","","false","","","3","","","A004","","","","","","","","4399886.53000","MNTH","","","","3","","","","UFRO","EUR","","","","","false","1","","","","","","","","","","FALSE","","","","","","","","","QZ3HM9KVK2WL","NA/CDS Corp Idx","ITRAXX EUROPE CROSSOVER"
"4094337036000000201","4084523269000000401","MODI","TRAD","2026-07-09T04:00:48Z","FALSE","CR","","N","TRUE","2026-07-08T12:04:05Z","2026-03-20","2031-06-20","","FALSE","TWEM","FALSE","FALSE","FALSE","5,000,000","","EUR","","","","","","","","","","","","","","","","","","","","","","","","","0.05","","","","","","","","","","","","false","","","","","","A004","","","","","","","","","MNTH","","","","3","","","","","","","","","","false","1","","","","","","","","","","FALSE","","","","","","","","","QZ3HM9KVK2WL","NA/CDS Corp Idx","ITRAXX EUROPE CROSSOVER"
"4096915036000000101","","NEWT","TRAD","2026-07-09T07:05:29Z","","CR","","I","TRUE","2026-07-09T07:05:29Z","2026-07-10","2031-06-20","","FALSE","BBSF","FALSE","FALSE","","50,000,000","","EUR","","","","","","","","","","","","","","","","","","","","","","","","","0.01","","","","","","0.005173","","","","","","false","","","3","","","A004","","","","","","","","1134731.50000","MNTH","","","","3","","","","UFRO","EUR","","","","","false","1","","","","","","","","","","FALSE","","","","","","","","","QZTQ4GTC5QMF","NA/CDS Corp Idx","ITRAXX EUROPE"
"4096963542000000101","","NEWT","TRAD","2026-07-09T07:06:32Z","","CR","","I","TRUE","2026-07-09T07:06:32Z","2026-07-10","2031-06-20","","FALSE","BBSF","FALSE","FALSE","","10,000,000","","EUR","","","","","","","","","","","","","","","","","","","","","","","","","0.05","","","","","","0.024618","","","","","","false","","","3","","","A004","","","","","","","","1104976.76000","MNTH","","","","3","","","","UFRO","EUR","","","","","false","1","","","","","","","","","","FALSE","","","","","","","","","QZ3HM9KVK2WL","NA/CDS Corp Idx","ITRAXX EUROPE CROSSOVER"
"4098094285000000101","","NEWT","TRAD","2026-07-09T07:29:04Z","","CR","","I","TRUE","2026-07-09T07:29:04Z","2026-07-10","2031-06-20","","","TWSF","FALSE","FALSE","","5,000,000","","EUR","","","","","","","","","","","","","","","","","","","","","","","","","0.01","","","","","","0.00517","","","","","","false","","","3","","","A004","","","","","","","","113543.47000","MNTH","","","","3","","","","UFRO","EUR","","","","","false","1","","","","","","","","","","FALSE","","","","","","","","","QZTQ4GTC5QMF","NA/CDS Corp Idx","ITRAXX EUROPE"
"4097462609000000101","","NEWT","TRAD","2026-07-09T07:17:38Z","","CR","","I","TRUE","2026-07-09T07:17:38Z","2026-07-10","2031-06-20","","FALSE","BBSF","FALSE","TRUE","","47,276,998+","","EUR","","","","","","","","","","","","","","","","","","","","","","","","","0.05","","","","","","0.02455","","","","","","false","","","3","","","A004","","","","","","","","5238935.90645","MNTH","","","","3","","","","UFRO","EUR","","","","","false","1","","","","","","","","","","FALSE","","","","","","","","","QZ3HM9KVK2WL","NA/CDS Corp Idx","ITRAXX EUROPE CROSSOVER"
"4098127147000000101","","NEWT","TRAD","2026-07-09T07:29:41Z","","CR","","I","TRUE","2026-07-09T07:29:41Z","2026-07-10","2031-06-20","","","TWSF","FALSE","FALSE","","10,000,000","","EUR","","","","","","","","","","","","","","","","","","","","","","","","","0.05","","","","","","0.0245769","","","","","","false","","","3","","","A004","","","","","","","","1106900.38000","MNTH","","","","3","","","","UFRO","EUR","","","","","false","1","","","","","","","","","","FALSE","","","","","","","","","QZ3HM9KVK2WL","NA/CDS Corp Idx","ITRAXX EUROPE CROSSOVER"
"4111268890000000201","","NEWT","TRAD","2026-07-09T16:23:23Z","","CR","","I","TRUE","2026-07-09T16:23:23Z","2026-03-20","2031-06-20","","FALSE","BGCD","FALSE","FALSE","","166,344,993+","","EUR","","","","","","","","","","","","","","","","","","","","","","","","","","","","","","","0.00515","","","","","","false","","","3","","","A004","","","","","","","","","MNTH","","","","3","","","","","","","","","","false","1","","","","","","","","","","FALSE","","","","","","","","","QZTQ4GTC5QMF","NA/CDS Corp Idx","ITRAXX EUROPE"
"4110866705000000401","","NEWT","TRAD","2026-07-09T16:00:41Z","","CR","","N","FALSE","2026-07-09T15:18:30Z","2026-03-20","2031-06-20","2031-06-20","TRUE","BILT","FALSE","TRUE","TRUE","82,000,000","","USD","","","","","","","","","","","","","","","","","","","","","","","","2026-08-19","0.05","","64,943.67686","USD","","","","","","","108.5","USD","false","","","","","1","A004","","","","","","","","","MNTH","","","","3","","","","","","","","","","false","0.99","","","","","","","","","","FALSE","","","","","","","","","QZQ9RDJP4641","NA/CDS Idx Swt","NA/CDS Corp Idx"
"4110866704000000301","","NEWT","TRAD","2026-07-09T16:00:41Z","","CR","","N","FALSE","2026-07-09T15:18:30Z","2026-03-20","2031-06-20","2031-06-20","TRUE","BILT","FALSE","TRUE","TRUE","82,000,000","","USD","","","","","","","","","","","","","","","","","","","","","","","","2026-09-16","0.05","","192,395.64271","USD","","","","","","","108","USD","false","","","","","1","A004","","","","","","","","","MNTH","","","","3","","","","","","","","","","false","0.99","","","","","","","","","","FALSE","","","","","","","","","QZQ9RDJP4641","NA/CDS Idx Swt","NA/CDS Corp Idx"
"4111061940000000101","","NEWT","TRAD","2026-07-09T16:06:58Z","","CR","","N","FALSE","2026-07-09T16:06:58Z","2026-03-20","2026-10-21","","FALSE","BILT","FALSE","FALSE","TRUE","80,000,000","","EUR","","","","","","","","","","","","","","","","","","","","","","","","2026-10-21","0.0275","","646,360","EUR","","","5","","","","2.75","","false","","","3","","3","A004","","","","","","","","","MNTH","","","","3","","","","","","","","","","false","","","","","","","","","","","FALSE","","","","","","","","","QZTL0V3X916X","NA/CDS Idx Swt","NA/CDS Corp Idx"
"4113856175000000301","","NEWT","TRAD","2026-07-09T19:13:59Z","","CR","","I","TRUE","2026-07-09T19:13:59Z","2026-07-10","2031-06-20","","FALSE","BBSF","FALSE","FALSE","","10,000,000","","USD","","","","","","","","","","","","","","","","","","","","","","","","","0.05","","","","","","0.01080974","","","","","","false","","","3","","","A004","","","","","","","","826392.60000","MNTH","","","","3","","","","UFRO","USD","","","","","false","0.99","","","","","","","","","","FALSE","","","","","","","","","QZHH8NT767RX","NA/CDS Corp Idx","CDX.NA.HY"
"4113782747000000301","","NEWT","TRAD","2026-07-09T18:58:30Z","","CR","","N","FALSE","2026-07-09T18:58:30Z","2026-07-10","2026-08-11","","FALSE","BILT","FALSE","FALSE","TRUE","100,000,000","","USD","","","","","","","","","","","","","","","","","","","","","","","","","0","","","","","","","","","","","","false","","","","","","A006","","","","","","","","38039.21000","EXPI","","","","1","","","","PEXH","USD","USD","","","","false","","","","","","","","","","","FALSE","","","","","","","","","QZD8N5X4C74T","NA/CDS Corp SN","GENERIC TINT PMT"
"4113948520000000101","4113946538000000202","MODI","TRAD","2026-07-09T19:26:00Z","TRUE","CR","","I","TRUE","2026-07-09T19:25:27Z","2026-03-20","2031-06-20","","FALSE","TPSE","FALSE","FALSE","","5,000,000","","USD","","","","","","","","","","","","","","","","","","","","","","","","","0.05","","","","","","108.1","","USD","","","","false","","","1","","","A004","","","","","","","","","MNTH","","","","3","","","","","","USD","","","","false","0.99","","","","","","","OTHR","","","FALSE","","","","","","","","","QZHH8NT767RX","NA/CDS Corp Idx","CDX.NA.HY"
"4113950601000000301","","NEWT","TRAD","2026-07-09T19:26:32Z","","CR","","I","TRUE","2026-07-09T19:26:32Z","2026-07-10","2031-06-20","","FALSE","BBSF","FALSE","FALSE","","50,000,000","","USD","","","","","","","","","","","","","","","","","","","","","","","","","0.01","","","","","","0.00506814","","","","","","false","","","3","","","A004","","","","","","","","1120245.81000","MNTH","","","","3","","","","UFRO","USD","","","","","false","1","","","","","","","","","","FALSE","","","","","","","","","QZ3WVVQG5T8K","NA/CDS Corp Idx","CDX.NA.IG"
"4113971488000000601","","NEWT","TRAD","2026-07-09T19:32:08Z","","CR","","I","TRUE","2026-07-09T19:32:08Z","2026-07-10","2031-06-20","","","TWSF","FALSE","FALSE","","150,000,000","","USD","","","","","","","","","","","","","","","","","","","","","","","","","0.01","","","","","","0.0050662","","","","","","false","","","3","","","A004","","","","","","","","3362055.38000","MNTH","","","","3","","","","UFRO","USD","","","","","false","1","","","","","","","","","","FALSE","","","","","","","","","QZ3WVVQG5T8K","NA/CDS Corp Idx","CDX.NA.IG"
"4113953887000000101","","NEWT","TRAD","2026-07-09T19:27:25Z","","CR","","I","TRUE","2026-07-09T19:27:25Z","2026-07-10","2031-06-20","","FALSE","BBSF","FALSE","TRUE","","50,000,000","","USD","","","","","","","","","","","","","","","","","","","","","","","","","0.05","","","","","","0.01080925","","","","","","false","","","3","","","A004","","","","","","","","4129537.50000","MNTH","","","","3","","","","UFRO","USD","","","","","false","0.99","","","","","","","","","","FALSE","","","","","","","","","QZHH8NT767RX","NA/CDS Corp Idx","CDX.NA.HY"
"4114346323000000101","","NEWT","TRAD","2026-07-09T19:54:05Z","","CR","","I","TRUE","2026-07-09T19:54:05Z","2026-07-10","2031-06-20","","FALSE","BBSF","FALSE","FALSE","","20,000,000","","USD","","","","","","","","","","","","","","","","","","","","","","","","","0.05","","","","","","0.01080825","","","","","","false","","","3","","","A004","","","","","","","","1649835.00000","MNTH","","","","3","","","","UFRO","USD","","","","","false","0.99","","","","","","","","","","FALSE","","","","","","","","","QZHH8NT767RX","NA/CDS Corp Idx","CDX.NA.HY"
"4114386932000000201","","NEWT","TRAD","2026-07-09T19:56:06Z","","CR","","I","TRUE","2026-07-09T19:56:06Z","2026-07-10","2031-06-20","","FALSE","BBSF","FALSE","FALSE","","20,000,000","","USD","","","","","","","","","","","","","","","","","","","","","","","","","0.01","","","","","","0.005076","","","","","","false","","","3","","","A004","","","","","","","","447386.39000","MNTH","","","","3","","","","UFRO","USD","","","","","false","1","","","","","","","","","","FALSE","","","","","","","","","QZ3WVVQG5T8K","NA/CDS Corp Idx","CDX.NA.IG"
"4114487290000000201","","NEWT","TRAD","2026-07-09T20:00:59Z","","CR","","I","TRUE","2026-07-09T20:00:59Z","2026-07-10","2031-06-20","","FALSE","BBSF","FALSE","FALSE","","130,000,000","","USD","","","","","","","","","","","","","","","","","","","","","","","","","0.01","","","","","","0.005071","","","","","","false","","","3","","","A004","","","","","","","","2910955.26800","MNTH","","","","3","","","","UFRO","USD","","","","","false","1","","","","","","","","","","FALSE","","","","","","","","","QZ3WVVQG5T8K","NA/CDS Corp Idx","CDX.NA.IG"
"4114502746000000201","","NEWT","TRAD","2026-07-09T20:01:48Z","","CR","","I","FALSE","2026-07-09T20:01:48Z","2026-07-10","2031-06-20","","","TWSF","FALSE","FALSE","","11,000,000","","USD","","","","","","","","","","","","","","","","","","","","","","","","","0.01","","","","","","0.0050753","","","","","","false","","","3","","","A004","","","","","","","","246097.39000","MNTH","","","","3","","","","UFRO","USD","","","","","false","1","","","","","","","","","","FALSE","","","","","","","","","QZ3WVVQG5T8K","NA/CDS Corp Idx","CDX.NA.IG"
"4114487291000000301","","NEWT","TRAD","2026-07-09T20:01:19Z","","CR","","I","TRUE","2026-07-09T20:01:19Z","2026-03-20","2031-06-20","","FALSE","TPSE","FALSE","FALSE","","25,000,000","","USD","","","","","","","","","","","","","","","","","","","","","","","","","0.01","","","","","","0.00507","","","","","","false","","","3","","","A004","","","","","","","","","MNTH","","","","3","","","","","","USD","","","","false","1","","","","","","","OTHR","","","FALSE","","","","","","","","","QZ3WVVQG5T8K","NA/CDS Corp Idx","CDX.NA.IG"
"4114586097000000101","","NEWT","TRAD","2026-07-09T20:03:50Z","","CR","","I","TRUE","2026-07-09T20:03:50Z","2026-07-10","2031-06-20","","FALSE","BBSF","FALSE","FALSE","","50,000,000","","USD","","","","","","","","","","","","","","","","","","","","","","","","","0.01","","","","","","0.005078","","","","","","false","","","3","","","A004","","","","","","","","1118013.12000","MNTH","","","","3","","","","UFRO","USD","","","","","false","1","","","","","","","","","","FALSE","","","","","","","","","QZ3WVVQG5T8K","NA/CDS Corp Idx","CDX.NA.IG"
"4113216030000000101","","NEWT","TRAD","2026-07-09T17:48:55Z","","CR","","N","FALSE","2026-07-09T17:48:55Z","2026-07-10","2026-11-06","","TRUE","XOFF","FALSE","FALSE","TRUE","68,000,000","","USD","","","","","","","","","","","","","","","","","","","","","","","","","","","","","","","0.00185","","","","","","false","","","3","","","","","A004","","","","","","","","YEAR","","","","1","","","","","USD","","","","false","","","","","","","","","","","FALSE","","","","","","","","","QZL3X1BZHCHZ","NA/CDS Corp SN","No name obtainable"
"4113202501000000201","2488066364000000901","TERM","ETRM","2026-07-09T17:48:55Z","","CR","","N","FALSE","2026-03-24T17:26:34Z","2026-03-25","2026-07-10","","TRUE","XOFF","FALSE","FALSE","TRUE","47,000,000","","USD","","","","","","","","","","","","","","","","","","","","","","","","","","","","","","","0.0022","","","","","","false","","","3","","","","","A004","","","","","","1081127.01480","","YEAR","","","","1","","","UWIN","USD","USD","","","","false","","","","","","","","","","","FALSE","","","","","","","","","QZC559XW181X","NA/CDS Corp SN","DTD 01/17/2023"
"4113216035000000601","","NEWT","TRAD","2026-07-09T17:48:55Z","","CR","","N","FALSE","2026-07-09T17:48:55Z","2026-07-10","2026-11-06","","TRUE","XOFF","FALSE","FALSE","TRUE","52,000,000","","USD","","","","","","","","","","","","","","","","","","","","","","","","","","","","","","","0.00185","","","","","","false","","","3","","","","","A004","","","","","","","","YEAR","","","","1","","","","","USD","","","","false","","","","","","","","","","","FALSE","","","","","","","","","QZ22086SDT0Z","NA/CDS Corp SN","DTD 08/15/2024"
"4113327315000000301","","NEWT","TRAD","2026-07-09T18:17:22Z","","CR","","I","TRUE","2026-07-09T18:17:22Z","2026-07-10","2031-06-20","","FALSE","BBSF","FALSE","FALSE","","100,000,000","","USD","","","","","","","","","","","","","","","","","","","","","","","","","0.01","","","","","","0.0050466","","","","","","false","","","3","","","A004","","","","","","","","2250247.86000","MNTH","","","","3","","","","UFRO","USD","","","","","false","1","","","","","","","","","","FALSE","","","","","","","","","QZ3WVVQG5T8K","NA/CDS Corp Idx","CDX.NA.IG"
"4110213057000000501","","NEWT","TRAD","2026-07-09T14:36:06Z","","CR","","I","TRUE","2026-07-09T14:36:06Z","2026-07-10","2031-06-20","","FALSE","BBSF","FALSE","TRUE","","250,000,000+","","USD","","","","","","","","","","","","","","","","","","","","","","","","","0.01","","","","","","0.005048","","","","","","false","","","3","","","A004","","","","","","","","5624041.63100","MNTH","","","","3","","","","UFRO","USD","","","","","false","1","","","","","","","","","","TRUE","","","","0.0004168","","3","","","QZ3WVVQG5T8K","NA/CDS Corp Idx","CDX.NA.IG"
"4110349397000000401","","NEWT","TRAD","2026-07-09T14:56:09Z","","CR","","I","TRUE","2026-07-09T14:56:09Z","2026-07-10","2031-06-20","","FALSE","BBSF","FALSE","FALSE","","50,000,000","","EUR","","","","","","","","","","","","","","","","","","","","","","","","","0.01","","","","","","0.00514935","","","","","","false","","","3","","","A004","","","","","","","","1140275.33000","MNTH","","","","3","","","","UFRO","EUR","","","","","false","1","","","","","","","","","","FALSE","","","","","","","","","QZTQ4GTC5QMF","NA/CDS Corp Idx","ITRAXX EUROPE"
"4109826615000000301","","NEWT","TRAD","2026-07-09T13:53:30Z","","CR","","I","FALSE","2026-07-09T13:53:30Z","2026-07-10","2031-06-20","","FALSE","BBSF","FALSE","FALSE","","5,000,000","","USD","","","","","","","","","","","","","","","","","","","","","","","","","0.01","","","","","","0.0098189","","","","","","false","","","3","","","A004","","","","","","","","88050.00000","MNTH","","","","3","","","","UFRO","USD","","","","","false","1","","","","","","","","","","FALSE","","","","","","","","","QZ4JMQKL3P03","NA/CDS Corp Idx","CDX.EM"
"4109852017000000101","","NEWT","TRAD","2026-07-09T13:55:23Z","","CR","","I","TRUE","2026-07-09T13:55:23Z","2026-07-10","2031-06-20","","FALSE","BBSF","FALSE","FALSE","","3,000,000","","USD","","","","","","","","","","","","","","","","","","","","","","","","","0.05","","","","","","0.010812","","","","","","false","","","3","","","A004","","","","","","","","248589.00000","MNTH","","","","3","","","","UFRO","USD","","","","","false","0.99","","","","","","","","","","FALSE","","","","","","","","","QZHH8NT767RX","NA/CDS Corp Idx","CDX.NA.HY"
"4109867505000000101","","NEWT","TRAD","2026-07-09T13:57:16Z","","CR","","I","TRUE","2026-07-09T13:57:16Z","2026-07-10","2031-06-20","","","TWSF","FALSE","FALSE","","20,000,000","","USD","","","","","","","","","","","","","","","","","","","","","","","","","0.05","","","","","","0.0108111","","","","","","false","","","3","","","A004","","","","","","","","1655478.00000","MNTH","","","","3","","","","UFRO","USD","","","","","false","0.99","","","","","","","","","","FALSE","","","","","","","","","QZHH8NT767RX","NA/CDS Corp Idx","CDX.NA.HY"
"4109924420000000301","","NEWT","TRAD","2026-07-09T14:03:54Z","","CR","","I","TRUE","2026-07-09T14:03:49Z","2026-07-10","2031-06-20","","","BILT","FALSE","FALSE","FALSE","15,000,000","","USD","","","","","","","","","","","","","","","","","","","","","","","","","0.05","","","","","","","","","","","","false","","","","","","A004","","","","","","","","1239975.00000","MNTH","","","","3","","","","UFRO","USD","","","","","false","0.99","","","","","","","","","","FALSE","","","","","","","","","QZHH8NT767RX","NA/CDS Corp Idx","CDX.NA.HY"
"4109488457000000301","","NEWT","TRAD","2026-07-09T13:29:36Z","","CR","","I","TRUE","2026-07-09T13:29:36Z","2026-07-10","2031-06-20","","FALSE","BBSF","FALSE","FALSE","","5,000,000","","USD","","","","","","","","","","","","","","","","","","","","","","","","","0.05","","","","","","0.01080725","","","","","","false","","","3","","","A004","","","","","","","","411963.75000","MNTH","","","","3","","","","UFRO","USD","","","","","false","0.99","","","","","","","","","","FALSE","","","","","","","","","QZHH8NT767RX","NA/CDS Corp Idx","CDX.NA.HY"
"4109502921000000401","","NEWT","TRAD","2026-07-09T13:30:48Z","","CR","","I","TRUE","2026-07-09T13:30:48Z","2026-07-10","2031-06-20","","","TWSF","FALSE","FALSE","","44,000,000","","USD","","","","","","","","","","","","","","","","","","","","","","","","","0.01","","","","","","0.0050814","","","","","","false","","","3","","","A004","","","","","","","","983171.24865","MNTH","","","","3","","","","UFRO","USD","","","","","false","1","","","","","","","","","","TRUE","","","","0.39921","","3","","","QZ3WVVQG5T8K","NA/CDS Corp Idx","CDX.NA.IG"
"4109582662000000201","","NEWT","TRAD","2026-07-09T13:11:52Z","","CR","","N","FALSE","2026-07-09T13:11:52Z","2026-07-09","2026-07-16","","FALSE","BILT","FALSE","FALSE","TRUE","50,000,000","49,986,609","USD","USD","","","","","","","","","","","","","","","","","","","","","","","","0.038126","0.038126","","","","","","","","","","","false","","","","","","","","","","","","","","","EXPI","","","","1","","","","","","","USD","","","false","","","","","","","","","","","FALSE","","","","","","","","","QZW2QGHXWJ7L","NA/CDS Corp SN","DTD 01/15/2026"
"4109635265000000101","","NEWT","TRAD","2026-07-09T13:38:54Z","","CR","","I","FALSE","2026-07-09T13:38:54Z","2026-03-20","2031-06-20","","FALSE","TPSE","FALSE","FALSE","","10,000,000","","USD","","","","","","","","","","","","","","","","","","","","","","","","","0.01","","","","","","98.17","","USD","","","","false","","","1","","","A004","","","","","","","","","MNTH","","","","3","","","","","","USD","","","","false","1","","","","","","","OTHR","","","FALSE","","","","","","","","","QZ4JMQKL3P03","NA/CDS Corp Idx","CDX.EM"
"4109661261000000101","","NEWT","TRAD","2026-07-09T13:41:26Z","","CR","","I","FALSE","2026-07-09T13:41:26Z","2026-07-10","2031-06-20","","","TWSF","FALSE","FALSE","","1,000,000","","USD","","","","","","","","","","","","","","","","","","","","","","","","","0.01","","","","","","0.0098174","","","","","","false","","","3","","","A004","","","","","","","","17760.00000","MNTH","","","","3","","","","UFRO","USD","","","","","false","1","","","","","","","","","","FALSE","","","","","","","","","QZ4JMQKL3P03","NA/CDS Corp Idx","CDX.EM"
"4109661263000000301","","NEWT","TRAD","2026-07-09T13:41:32Z","","CR","","I","TRUE","2026-07-09T13:41:32Z","2026-07-10","2031-06-20","","FALSE","BBSF","FALSE","FALSE","","20,000,000","","USD","","","","","","","","","","","","","","","","","","","","","","","","","0.05","","","","","","0.0108086","","","","","","false","","","3","","","A004","","","","","","","","1650528.00000","MNTH","","","","3","","","","UFRO","USD","","","","","false","0.99","","","","","","","","","","FALSE","","","","","","","","","QZHH8NT767RX","NA/CDS Corp Idx","CDX.NA.HY"
"4109713417000000101","4109708543000000101","MODI","TRAD","2026-07-09T13:44:29Z","TRUE","CR","","I","TRUE","2026-07-09T13:44:04Z","2025-09-22","2030-12-20","","FALSE","TPSE","FALSE","FALSE","","25,000,000","","USD","","","","","","","","","","","","","","","","","","","","","","","","","0.01","","","","","","0.00465","","","","","","false","","","3","","","A004","","","","","","","","","MNTH","","","","3","","","","","","USD","","","","false","1","","","","","","","OTHR","","","FALSE","","","","","","","","","QZN3HTTN5303","NA/CDS Corp Idx","CDX.NA.IG"
"4109727030000000201","","NEWT","TRAD","2026-07-09T13:45:39Z","","CR","","I","TRUE","2026-07-09T13:45:39Z","2026-07-10","2031-06-20","","","TWSF","FALSE","FALSE","","20,000,000","","EUR","","","","","","","","","","","","","","","","","","","","","","","","","0.01","","","","","","0.0051785","","","","","","false","","","3","","","A004","","","","","","","","453376.96000","MNTH","","","","3","","","","UFRO","EUR","","","","","false","1","","","","","","","","","","FALSE","","","","","","","","","QZTQ4GTC5QMF","NA/CDS Corp Idx","ITRAXX EUROPE"
"4109763131000000101","","NEWT","TRAD","2026-07-09T13:48:30Z","","CR","","I","TRUE","2026-07-09T13:48:30Z","2026-07-10","2031-06-20","","FALSE","BBSF","FALSE","FALSE","","25,000,000","","USD","","","","","","","","","","","","","","","","","","","","","","","","","0.05","","","","","","0.01080925","","","","","","false","","","3","","","A004","","","","","","","","2064768.75000","MNTH","","","","3","","","","UFRO","USD","","","","","false","0.99","","","","","","","","","","FALSE","","","","","","","","","QZHH8NT767RX","NA/CDS Corp Idx","CDX.NA.HY"
"4109981223000000101","","NEWT","TRAD","2026-07-09T14:08:09Z","","CR","","I","TRUE","2026-07-09T14:08:09Z","2026-07-10","2031-06-20","","FALSE","BBSF","FALSE","FALSE","","75,000,000","","USD","","","","","","","","","","","","","","","","","","","","","","","","","0.01","","","","","","0.005055","","","","","","false","","","3","","","A004","","","","","","","","1684832.25000","MNTH","","","","3","","","","UFRO","USD","","","","","false","1","","","","","","","","","","FALSE","","","","","","","","","QZ3WVVQG5T8K","NA/CDS Corp Idx","CDX.NA.IG"
"4109976823000000101","","NEWT","TRAD","2026-07-09T14:07:39Z","","CR","","I","FALSE","2026-07-09T14:07:39Z","2026-07-10","2031-06-20","","","TWSF","FALSE","FALSE","","42,000,000","","USD","","","","","","","","","","","","","","","","","","","","","","","","","0.01","","","","","","0.0050577","","","","","","false","","","3","","","A004","","","","","","","","942992.43000","MNTH","","","","3","","","","UFRO","USD","","","","","false","1","","","","","","","","","","FALSE","","","","","","","","","QZ3WVVQG5T8K","NA/CDS Corp Idx","CDX.NA.IG"
"4109981227000000501","","NEWT","TRAD","2026-07-09T14:08:36Z","","CR","","I","TRUE","2026-07-09T14:08:36Z","2026-07-10","2031-06-20","","FALSE","BBSF","FALSE","FALSE","","25,000,000","","USD","","","","","","","","","","","","","","","","","","","","","","","","","0.01","","","","","","0.005055","","","","","","false","","","3","","","A004","","","","","","","","561610.75000","MNTH","","","","3","","","","UFRO","USD","","","","","false","1","","","","","","","","","","FALSE","","","","","","","","","QZ3WVVQG5T8K","NA/CDS Corp Idx","CDX.NA.IG"
"4110010388000000201","","NEWT","TRAD","2026-07-09T14:12:10Z","","CR","","I","TRUE","2026-07-09T14:12:10Z","2026-07-10","2031-06-20","","FALSE","BBSF","FALSE","FALSE","","37,000,000","","EUR","","","","","","","","","","","","","","","","","","","","","","","","","0.01","","","","","","0.005173","","","","","","false","","","3","","","A004","","","","","","","","839701.31000","MNTH","","","","3","","","","UFRO","EUR","","","","","false","1","","","","","","","","","","FALSE","","","","","","","","","QZTQ4GTC5QMF","NA/CDS Corp Idx","ITRAXX EUROPE"
"4110100191000000201","","NEWT","TRAD","2026-07-09T14:23:01Z","","CR","","I","TRUE","2026-07-09T14:23:01Z","2026-07-10","2031-06-20","","FALSE","BBSF","FALSE","FALSE","","50,000,000","","USD","","","","","","","","","","","","","","","","","","","","","","","","","0.01","","","","","","0.005078","","","","","","false","","","3","","","A004","","","","","","","","1118013.12000","MNTH","","","","3","","","","UFRO","USD","","","","","false","1","","","","","","","","","","FALSE","","","","","","","","","QZ3WVVQG5T8K","NA/CDS Corp Idx","CDX.NA.IG"
"4110119723000000101","","NEWT","TRAD","2026-07-09T14:25:01Z","","CR","","I","TRUE","2026-07-09T14:25:01Z","2026-07-10","2031-06-20","","FALSE","BBSF","FALSE","FALSE","","40,000,000","","USD","","","","","","","","","","","","","","","","","","","","","","","","","0.01","","","","","","0.00507","","","","","","false","","","3","","","A004","","","","","","","","895859.70000","MNTH","","","","3","","","","UFRO","USD","","","","","false","1","","","","","","","","","","FALSE","","","","","","","","","QZ3WVVQG5T8K","NA/CDS Corp Idx","CDX.NA.IG"
"4110167543000000501","","NEWT","TRAD","2026-07-09T14:31:28Z","","CR","","I","TRUE","2026-07-09T14:31:28Z","2026-07-10","2031-06-20","","FALSE","BBSF","FALSE","FALSE","","30,000,000","","USD","","","","","","","","","","","","","","","","","","","","","","","","","0.05","","","","","","0.01080814","","","","","","false","","","3","","","A004","","","","","","","","2474425.80000","MNTH","","","","3","","","","UFRO","USD","","","","","false","0.99","","","","","","","","","","FALSE","","","","","","","","","QZHH8NT767RX","NA/CDS Corp Idx","CDX.NA.HY"
"4110201951000000201","","NEWT","TRAD","2026-07-09T14:34:33Z","","CR","","I","TRUE","2026-07-09T14:34:33Z","2026-07-10","2031-06-20","","","TWSF","FALSE","FALSE","","25,000,000","","EUR","","","","","","","","","","","","","","","","","","","","","","","","","0.01","","","","","","0.00515923","","","","","","false","","","3","","","A004","","","","","","","","568979.61000","MNTH","","","","3","","","","UFRO","EUR","","","","","false","1","","","","","","","","","","FALSE","","","","","","","","","QZTQ4GTC5QMF","NA/CDS Corp Idx","ITRAXX EUROPE"
"4110388084000000301","4110380622000000201","MODI","TRAD","2026-07-09T15:03:17Z","TRUE","CR","","I","TRUE","2026-07-09T15:02:09Z","2026-03-20","2031-06-20","","FALSE","TPSE","FALSE","FALSE","","100,000,000","","USD","","","","","","","","","","","","","","","","","","","","","","","","","0.01","","","","","","0.00505","","","","","","false","","","3","","","A004","","","","","","","","","MNTH","","","","3","","","","","","USD","","","","false","1","","","","","","","OTHR","","","FALSE","","","","","","","","","QZ3WVVQG5T8K","NA/CDS Corp Idx","CDX.NA.IG"
"4110394038000000201","","NEWT","TRAD","2026-07-09T15:03:58Z","","CR","","I","TRUE","2026-07-09T15:03:58Z","2026-03-20","2031-06-20","","FALSE","TPSE","FALSE","FALSE","","50,000,000","","USD","","","","","","","","","","","","","","","","","","","","","","","","","0.01","","","","","","0.00505","","","","","","false","","","3","","","A004","","","","","","","","","MNTH","","","","3","","","","","","USD","","","","false","1","","","","","","","OTHR","","","FALSE","","","","","","","","","QZ3WVVQG5T8K","NA/CDS Corp Idx","CDX.NA.IG"
"4110418775000000101","","NEWT","TRAD","2026-07-09T15:05:52Z","","CR","","I","TRUE","2026-07-09T15:05:52Z","2026-07-10","2031-06-20","","FALSE","BBSF","FALSE","FALSE","","60,000,000","","USD","","","","","","","","","","","","","","","","","","","","","","","","","0.01","","","","","","0.00505","","","","","","false","","","3","","","A004","","","","","","","","1349224.66000","MNTH","","","","3","","","","UFRO","USD","","","","","false","1","","","","","","","","","","FALSE","","","","","","","","","QZ3WVVQG5T8K","NA/CDS Corp Idx","CDX.NA.IG"
"4110424635000000301","","NEWT","TRAD","2026-07-09T15:07:28Z","","CR","","I","TRUE","2026-07-09T15:07:28Z","2026-07-10","2031-06-20","","","TWSF","FALSE","FALSE","","3,000,000","","EUR","","","","","","","","","","","","","","","","","","","","","","","","","0.05","","","","","","0.0243653","","","","","","false","","","3","","","A004","","","","","","","","335045.09581","MNTH","","","","3","","","","UFRO","EUR","","","","","false","1","","","","","","","","","","FALSE","","","","","","","","","QZ3HM9KVK2WL","NA/CDS Corp Idx","ITRAXX EUROPE CROSSOVER"
"4110432701000000201","","NEWT","TRAD","2026-07-09T15:08:56Z","","CR","","I","FALSE","2026-07-09T15:08:56Z","2026-07-10","2031-06-20","","FALSE","BBSF","FALSE","FALSE","","25,000,000","","USD","","","","","","","","","","","","","","","","","","","","","","","","","0.01","","","","","","0.0098205","","","","","","false","","","3","","","A004","","","","","","","","436250.00000","MNTH","","","","3","","","","UFRO","USD","","","","","false","1","","","","","","","","","","FALSE","","","","","","","","","QZ4JMQKL3P03","NA/CDS Corp Idx","CDX.EM"
"4110471909000000301","","NEWT","TRAD","2026-07-09T15:15:36Z","","CR","","I","FALSE","2026-07-09T15:15:36Z","2026-07-10","2036-06-20","","","TWSF","FALSE","FALSE","","27,000,000","","EUR","","","","","","","","","","","","","","","","","","","","","","","","","0.01","","","","","","0.0092625","","","","","","false","","","3","","","A004","","","","","","","","176521.53000","MNTH","","","","3","","","","UFRO","EUR","","","","","false","1","","","","","","","","","","FALSE","","","","","","","","","QZ4LNL81ZBTS","NA/CDS Corp Idx","ITRAXX EUROPE"
"4110592815000000101","","NEWT","TRAD","2026-07-09T15:35:13Z","","CR","","N","FALSE","2026-07-09T15:35:13Z","2026-11-18","2026-11-18","","FALSE","BILT","FALSE","FALSE","TRUE","150,000,000","","EUR","","","","","","","","","","","","","","","","","","","","","","","","2026-11-18","","","330,000","EUR","","","","","","","0.006","","false","","","","","3","A004","","","","","","","","0.00000","MNTH","","","","3","","","","UFRO","EUR","","","","","false","","","","","","","","","","","FALSE","","","","","","","","","QZ2L66CGCV9J","NA/CDS Idx Swt","NA/CDS Corp Idx"
"4110725068000000301","","NEWT","TRAD","2026-07-09T15:50:54Z","","CR","","I","TRUE","2026-07-09T15:50:54Z","2026-07-10","2035-12-20","","FALSE","BBSF","FALSE","TRUE","","400,000,000+","","USD","","","","","","","","","","","","","","","","","","","","","","","","","0.01","","","","","","0.00885325","","","","","","false","","","3","","","A004","","","","","","","","3608918.25723","MNTH","","","","3","","","","UFRO","USD","","","","","false","1","","","","","","","","","","TRUE","","","","0.00019775","","3","","","QZQN50BQC8ZT","NA/CDS Corp Idx","CDX.NA.IG"
"4104097663000000101","","NEWT","TRAD","2026-07-09T09:35:01Z","","CR","","I","TRUE","2026-07-09T09:35:01Z","2026-03-20","2031-06-20","","","BMTF","FALSE","FALSE","FALSE","2,000,000","","EUR","","","","","","","","","","","","","","","","","","","","","","","","","0.01","","","","","","","","","","","","false","","","","","","A004","","","","","","","","45126.73409","MNTH","","","","3","","","","UFRO","EUR","","","","","false","1","","","","","","","","","","FALSE","","","","","","","","","QZTQ4GTC5QMF","NA/CDS Corp Idx","ITRAXX EUROPE"
"4101566437000000101","","NEWT","TRAD","2026-07-09T08:27:52Z","FALSE","CR","","I","TRUE","2026-07-09T08:27:52Z","2026-07-09","2026-08-19","","","BILT","FALSE","FALSE","TRUE","200,000,000","","EUR","","","","","","","","","","","","","","","","","","","","","","","","2026-08-19","","","182,800","EUR","","","0.0055","","","","0.0055","","false","","","3","","3","","","","","","","","","","","","","","","","","","","","","","","","false","1","","","","","","","","","","FALSE","","","","","","","","","QZS1WNR5R2ND","NA/CDS Idx Swt","NA/CDS Corp Idx"
"4107345608000000101","","NEWT","TRAD","2026-07-09T10:51:10Z","","CR","","I","TRUE","2026-07-09T10:51:10Z","2026-07-10","2031-06-20","","FALSE","BBSF","FALSE","FALSE","","50,000,000","","EUR","","","","","","","","","","","","","","","","","","","","","","","","","0.01","","","","","","0.0052155","","","","","","false","","","3","","","A004","","","","","","","","1124771.67000","MNTH","","","","3","","","","UFRO","EUR","","","","","false","1","","","","","","","","","","FALSE","","","","","","","","","QZTQ4GTC5QMF","NA/CDS Corp Idx","ITRAXX EUROPE"
"4101765612000000301","4101765610000000101","MODI","TRAD","2026-07-09T08:42:45Z","TRUE","CR","","I","TRUE","2026-07-09T08:42:36Z","2026-03-20","2031-06-20","","FALSE","TPSE","FALSE","FALSE","","10,000,000","","EUR","","","","","","","","","","","","","","","","","","","","","","","","","0.05","","","","","","0.024625","","","","","","false","","","3","","","A004","","","","","","","","","MNTH","","","","3","","","","","","EUR","","","","false","1","","","","","","","OTHR","","","FALSE","","","","","","","","","QZ3HM9KVK2WL","NA/CDS Corp Idx","ITRAXX EUROPE CROSSOVER"
"4107516856000000101","","NEWT","TRAD","2026-07-09T11:02:36Z","","CR","","I","TRUE","2026-07-09T11:02:36Z","2026-07-10","2031-06-20","","FALSE","BBSF","FALSE","FALSE","","5,000,000","","EUR","","","","","","","","","","","","","","","","","","","","","","","","","0.05","","","","","","0.0248198","","","","","","false","","","3","","","A004","","","","","","","","547770.30000","MNTH","","","","3","","","","UFRO","EUR","","","","","false","1","","","","","","","","","","FALSE","","","","","","","","","QZ3HM9KVK2WL","NA/CDS Corp Idx","ITRAXX EUROPE CROSSOVER"
"4111806660000000101","","NEWT","TRAD","2026-07-09T16:53:40Z","","CR","","N","FALSE","2026-07-09T16:53:40Z","2026-07-10","2064-11-18","","FALSE","BILT","FALSE","FALSE","FALSE","23,000,000","","USD","","","","","","","","","","","","","","","","","","","","","","","","","0.05","","","","","","","","","","","","false","","","","","","A004","","","","","","","","4339643.34375","MNTH","","","","1","","","","UFRO","USD","USD","","","","false","1","","","","","","","","","","FALSE","","","","","","","","","QZ74JHWP5LPJ","NA/CDS Corp Idx","CMBX.NA.BB"
"4111838946000000501","","NEWT","TRAD","2026-07-09T16:54:53Z","","CR","","N","FALSE","2026-07-09T16:54:53Z","2026-07-10","2072-12-16","","FALSE","BILT","FALSE","FALSE","FALSE","26,000,000","","USD","","","","","","","","","","","","","","","","","","","","","","","","","0.05","","","","","","","","","","","","false","","","","","","A004","","","","","","","","7489473.24670","MNTH","","","","1","","","","UFRO","USD","USD","","","","false","1","","","","","","","","","","FALSE","","","","","","","","","QZKQC4H7728D","NA/CDS Corp Idx","CMBX.NA.BB"
"4111525691000000301","","NEWT","TRAD","2026-07-09T16:37:45Z","","CR","","I","TRUE","2026-07-09T16:37:45Z","2026-07-10","2031-06-20","","FALSE","BBSF","FALSE","FALSE","","20,000,000","","USD","","","","","","","","","","","","","","","","","","","","","","","","","0.05","","","","","","0.010813","","","","","","false","","","3","","","A004","","","","","","","","1659240.00000","MNTH","","","","3","","","","UFRO","USD","","","","","false","0.99","","","","","","","","","","FALSE","","","","","","","","","QZHH8NT767RX","NA/CDS Corp Idx","CDX.NA.HY"
"4111584004000000101","","NEWT","TRAD","2026-07-09T16:40:42Z","","CR","","I","TRUE","2026-07-09T16:40:42Z","2026-03-20","2026-10-21","","FALSE","BILT","FALSE","FALSE","TRUE","100,000,000","","USD","","","","","","","","","","","","","","","","","","","","","","","","2026-10-21","0.00575","","161,250","USD","","","1","","","","0.575","","false","","","3","","3","A004","","","","","","","","","MNTH","","","","3","","","","","","","","","","false","","","","","","","","","","","FALSE","","","","","","","","","QZ7WW76RFHN3","NA/CDS Idx Swt","NA/CDS Corp Idx"
"4111912825000000101","","NEWT","TRAD","2026-07-09T17:07:59Z","","CR","","I","TRUE","2026-07-09T17:07:59Z","2026-07-10","2031-06-20","","","TWSF","FALSE","FALSE","","5,000,000","","USD","","","","","","","","","","","","","","","","","","","","","","","","","0.05","","","","","","0.01081499","","","","","","false","","","3","","","A004","","","","","","","","415795.05000","MNTH","","","","3","","","","UFRO","USD","","","","","false","0.99","","","","","","","","","","FALSE","","","","","","","","","QZHH8NT767RX","NA/CDS Corp Idx","CDX.NA.HY"
"4112035728000000101","","NEWT","TRAD","2026-07-09T17:13:51Z","","CR","","I","FALSE","2026-07-09T17:13:51Z","2026-07-10","2031-06-20","","FALSE","BBSF","FALSE","FALSE","","2,000,000","","USD","","","","","","","","","","","","","","","","","","","","","","","","","0.01","","","","","","0.009826","","","","","","false","","","3","","","A004","","","","","","","","33799.99155","MNTH","","","","3","","","","UFRO","USD","","","","","false","1","","","","","","","","","","FALSE","","","","","","","","","QZ4JMQKL3P03","NA/CDS Corp Idx","CDX.EM"
"4112181283000000101","","NEWT","TRAD","2026-07-09T17:20:14Z","","CR","","I","FALSE","2026-07-09T17:20:14Z","2026-07-10","2031-06-20","","","TWSF","FALSE","FALSE","","25,000,000","","USD","","","","","","","","","","","","","","","","","","","","","","","","","0.01","","","","","","0.0098255","","","","","","false","","","3","","","A004","","","","","","","","423750.00000","MNTH","","","","3","","","","UFRO","USD","","","","","false","1","","","","","","","","","","FALSE","","","","","","","","","QZ4JMQKL3P03","NA/CDS Corp Idx","CDX.EM"
"4111732465000000401","","NEWT","TRAD","2026-07-09T16:55:15Z","","CR","","N","FALSE","2026-07-09T16:55:15Z","2026-07-11","2055-03-15","2055-03-15","TRUE","BILT","FALSE","FALSE","TRUE","120,000,000","","USD","","","","","","","","","","","","","","","","","","","","","","","","","","","","","","","1","","","","","","false","","","4","","","","","A004","","DAIL","","1","","","","","","","","","","","","","USD","","","","true","","","","","","","","OPET","","","FALSE","","","","","","","","","QZWBC8GZ8TBN","NA/CDS Corp Oth","Basket"
"4111698319000000101","","NEWT","TRAD","2026-07-09T16:45:36Z","","CR","","N","FALSE","2026-07-09T16:45:36Z","2026-07-10","2064-11-18","","FALSE","BILT","FALSE","FALSE","FALSE","5,000,000","","USD","","","","","","","","","","","","","","","","","","","","","","","","","0.05","","","","","","","","","","","","false","","","","","","A004","","","","","","","","952777.78000","MNTH","","","","1","","","","UFRO","USD","USD","","","","false","1","","","","","","","","","","FALSE","","","","","","","","","QZ74JHWP5LPJ","NA/CDS Corp Idx","CMBX.NA.BB"
"4111732466000000501","2707076545000000401","TERM","ETRM","2026-07-09T16:55:55Z","","CR","","N","FALSE","2026-04-13T18:30:17Z","2026-07-11","2055-03-15","2055-03-15","TRUE","BILT","FALSE","FALSE","TRUE","33,000,000","","USD","","","","","","","","","","","","","","","","","","","","","","","","","","","","","","","1","","","","","","false","","","4","","","","","A004","","DAIL","","1","","","","","","","","","","","","","USD","","","","true","","","","","","","","OPET","","","FALSE","","","","","","","","","QZWBC8GZ8TBN","NA/CDS Corp Oth","Basket"
"4105508091000000101","","NEWT","TRAD","2026-07-09T10:08:54Z","","CR","","I","FALSE","2026-07-09T10:08:54Z","2026-07-10","2031-06-20","","","TWSF","FALSE","FALSE","","10,000,000","","EUR","","","","","","","","","","","","","","","","","","","","","","","","","0.05","","","","","","0.0247144","","","","","","false","","","3","","","A004","","","","","","","","1100467.29000","MNTH","","","","3","","","","UFRO","EUR","","","","","false","1","","","","","","","","","","FALSE","","","","","","","","","QZ3HM9KVK2WL","NA/CDS Corp Idx","ITRAXX EUROPE CROSSOVER"
"4109019584000000101","","NEWT","TRAD","2026-07-09T12:52:15Z","","CR","","N","FALSE","2026-07-09T12:52:15Z","2026-07-10","2026-09-16","2031-06-20","FALSE","BILT","FALSE","FALSE","TRUE","180,000,000","","EUR","","","","","","","","","","","","","","","","","","","","","","","","2026-09-16","0.05","","1,268,998.2375","EUR","","","","","","","262.5","EUR","false","","","","","1","A004","","","","","","","","","MNTH","","","","3","","","","","","","","","","false","","","","","","","","","","","FALSE","","","","","","","","","QZTL0V3X916X","NA/CDS Idx Swt","NA/CDS Corp Idx"
"4109025573000000101","","NEWT","TRAD","2026-07-09T12:52:33Z","","CR","","N","FALSE","2026-07-09T12:52:33Z","2026-07-10","2026-07-15","2031-06-20","FALSE","BILT","FALSE","FALSE","TRUE","350,199,986+","","EUR","","","","","","","","","","","","","","","","","","","","","","","","2026-07-15","0.01","","507,790","EUR","","","","","","","55","EUR","false","","","","","1","A004","","","","","","","","","MNTH","","","","3","","","","","","","","","","false","","","","","","","","","","","FALSE","","","","","","","","","QZ2L66CGCV9J","NA/CDS Idx Swt","NA/CDS Corp Idx"
"4103828322000000101","4103457069000000101","MODI","TRAD","2026-07-09T09:21:18Z","TRUE","CR","","I","TRUE","2026-07-09T09:20:09Z","2026-03-20","2031-06-20","","","BILT","FALSE","FALSE","","75,000,000","","EUR","","","","","","","","","","","","","","","","","","","","","","","","","0.01","","","","","","","","","","","","false","","","","","","A004","","","","","","","","1696999.59000","MNTH","","","","3","","","","UFRO","EUR","","","","","false","1","","","","","","","","","","FALSE","","","","","","","","","QZTQ4GTC5QMF","NA/CDS Corp Idx","ITRAXX EUROPE"
"4116242939000000101","2218818981000000201","MODI","TRAD","2026-07-09T22:32:29Z","TRUE","CR","","N","FALSE","2026-02-25T21:03:30Z","2026-02-25","2026-12-10","","FALSE","BILT","FALSE","FALSE","TRUE","260,000,000","","USD","","","","","","","","","","","","","","","","","","","","","","","","","","","","","","","","","","","","","false","","","","","","","","","","","","","","0.00000","","","","","","","","","UFRO","USD","USD","","","","true","","","","","","","","","","","FALSE","","","","","","","","","QZRR0D5S3SHF","NA/CDS Corp Basket","Basket"
"4099329478000000101","","NEWT","TRAD","2026-07-09T07:50:42Z","","CR","","I","TRUE","2026-07-09T07:50:42Z","2026-07-10","2030-12-20","","FALSE","BBSF","FALSE","TRUE","","166,344,993+","","EUR","","","","","","","","","","","","","","","","","","","","","","","","","0.01","","","","","","0.004665","","","","","","false","","","3","","","A004","","","","","","","","3791596.43825","MNTH","","","","3","","","","UFRO","EUR","","","","","false","1","","","","","","","","","","TRUE","","","","0.000487","","3","","","QZFB31MBHLT9","NA/CDS Corp Idx","ITRAXX EUROPE"
"4103587868000000101","","NEWT","TRAD","2026-07-09T09:26:36Z","FALSE","CR","","I","FALSE","2026-07-09T09:26:36Z","2026-03-20","2031-06-20","","","IOCD","FALSE","FALSE","FALSE","25,000,000","","EUR","","","","","","","","","","","","","","","","","","","","","","","","","0.01","","","","","","","","","","","","false","","","","","","A004","","","","","","","","565666.53000","MNTH","","","","3","","","","UFRO","EUR","","","","","false","1","","","","","","","","","","FALSE","","","","","","","","","QZTQ4GTC5QMF","NA/CDS Corp Idx","ITRAXX EUROPE"
"4113451033000000401","","NEWT","TRAD","2026-07-09T18:23:47Z","","CR","","I","TRUE","2026-07-09T18:23:47Z","2026-07-10","2031-06-20","","","TWSF","FALSE","FALSE","","9,000,000","","USD","","","","","","","","","","","","","","","","","","","","","","","","","0.01","","","","","","0.00505815","","","","","","false","","","3","","","A004","","","","","","","","202050.78767","MNTH","","","","3","","","","UFRO","USD","","","","","false","1","","","","","","","","","","FALSE","","","","","","","","","QZ3WVVQG5T8K","NA/CDS Corp Idx","CDX.NA.IG"
"4113451030000000101","","NEWT","TRAD","2026-07-09T18:23:35Z","","CR","","I","FALSE","2026-07-09T18:23:35Z","2026-07-10","2031-06-20","","FALSE","BBSF","FALSE","FALSE","","3,000,000","","USD","","","","","","","","","","","","","","","","","","","","","","","","","0.01","","","","","","0.009827","","","","","","false","","","3","","","A004","","","","","","","","50400.00000","MNTH","","","","3","","","","UFRO","USD","","","","","false","1","","","","","","","","","","FALSE","","","","","","","","","QZ4JMQKL3P03","NA/CDS Corp Idx","CDX.EM"
"4113409858000000301","4111732463000000201","EROR","","2026-07-09T18:19:13Z","","CR","","N","FALSE","2026-07-09T16:55:01Z","2026-07-11","2055-03-15","2055-03-15","TRUE","BILT","FALSE","FALSE","FALSE","6,000,000","","USD","","","","","","","","","","","","","","","","","","","","","","","","","","","","","","","1","","","","","","false","","","4","","","","","A004","","DAIL","","1","","","","","","","","","","","","","USD","","","","true","","","","","","","","OPET","","","FALSE","","","","","","","","","QZWBC8GZ8TBN","NA/CDS Corp Oth","Basket"
"4113640168000000201","","NEWT","TRAD","2026-07-09T18:34:08Z","","CR","","I","TRUE","2026-07-09T18:34:08Z","2026-03-20","2031-06-20","","FALSE","GSEF","FALSE","FALSE","","5,000,000","","USD","","","","","","","","","","","","","","","","","","","","","","","","","","","","","","","108.11","","USD","","","","false","","","1","","","A004","","","","","","","","","MNTH","","","","3","","","","","","","","","","false","0.99","","","","","","","","","","FALSE","","","","","","","","","QZHH8NT767RX","NA/CDS Corp Idx","CDX.NA.HY"
"4113422824000000101","","NEWT","TRAD","2026-07-09T18:16:56Z","","CR","","N","FALSE","2026-07-09T18:16:56Z","2026-07-11","2055-03-15","2055-03-15","TRUE","BILT","FALSE","FALSE","TRUE","6,000,000","","USD","","","","","","","","","","","","","","","","","","","","","","","","","","","","","","","1","","","","","","false","","","4","","","","","A004","","DAIL","","1","","","","","","","","","","","","","USD","","","","true","","","","","","","","OPET","","","FALSE","","","","","","","","","QZWBC8GZ8TBN","NA/CDS Corp Oth","Basket"
"4113423854000001101","","NEWT","TRAD","2026-07-09T18:17:38Z","","CR","","N","FALSE","2026-07-09T18:17:38Z","2026-07-11","2055-03-15","2055-03-15","TRUE","BILT","FALSE","FALSE","TRUE","6,000,000","","USD","","","","","","","","","","","","","","","","","","","","","","","","","","","","","","","1","","","","","","false","","","4","","","","","A004","","DAIL","","1","","","","","","","","","","","","","USD","","","","true","","","","","","","","OPET","","","FALSE","","","","","","","","","QZWBC8GZ8TBN","NA/CDS Corp Oth","Basket"
"4113724401000000101","","NEWT","TRAD","2026-07-09T18:48:46Z","","CR","","N","FALSE","2026-07-09T18:48:46Z","2026-07-09","2057-10-17","","FALSE","BILT","FALSE","FALSE","FALSE","15,000,000","","USD","","","","","","","","","","","","","","","","","","","","","","","","","0.03","","","","","","","","","","","","false","","","","","","A004","","","","","","","","2725474.28000","MNTH","","","","1","","","","UFRO","USD","USD","","","","false","1","","","","","","","","","","FALSE","","","","","","","","","QZTQ2L2MLB9C","NA/CDS Corp Idx","CMBX.NA.BBB-"
"4113769338000000202","","NEWT","TRAD","2026-07-09T18:57:37Z","","CR","","I","TRUE","2026-07-09T18:57:37Z","2026-03-20","2031-06-20","","FALSE","TPSE","FALSE","FALSE","","25,000,000","","USD","","","","","","","","","","","","","","","","","","","","","","","","","0.01","","","","","","0.00507","","","","","","false","","","3","","","A004","","","","","","","","","MNTH","","","","3","","","","","","USD","","","","false","1","","","","","","","OTHR","","","FALSE","","","","","","","","","QZ3WVVQG5T8K","NA/CDS Corp Idx","CDX.NA.IG"
"4113640822000000201","","NEWT","TRAD","2026-07-09T18:33:58Z","","CR","","N","FALSE","2026-07-09T18:33:58Z","2026-07-09","2026-09-16","2031-06-20","FALSE","BILT","FALSE","FALSE","TRUE","150,000,000","","USD","","","","","","","","","","","","","","","","","","","","","","","","2026-09-16","0.05","","244,134","USD","","","","","","","0.0103","","false","","","","","3","A004","","","","","","","","","MNTH","","","","3","","","","","","","","","","false","0.99","","","","","","","","","","FALSE","","","","","","","","","QZHJMSG8W2ZX","NA/CDS Idx Swt","NA/CDS Corp Idx"
"4113783208000000101","","NEWT","TRAD","2026-07-09T19:00:10Z","","CR","","I","TRUE","2026-07-09T19:00:10Z","2026-07-10","2031-06-20","","FALSE","BBSF","FALSE","FALSE","","10,000,000","","USD","","","","","","","","","","","","","","","","","","","","","","","","","0.05","","","","","","0.01080902","","","","","","false","","","3","","","A004","","","","","","","","825679.80000","MNTH","","","","3","","","","UFRO","USD","","","","","false","0.99","","","","","","","","","","FALSE","","","","","","","","","QZHH8NT767RX","NA/CDS Corp Idx","CDX.NA.HY"
"4111930268000000401","4110866705000000401","MODI","TRAD","2026-07-09T17:03:04Z","TRUE","CR","","N","FALSE","2026-07-09T15:18:30Z","2026-03-20","2031-06-20","2031-06-20","TRUE","BILT","FALSE","TRUE","TRUE","82,000,000","","USD","","","","","","","","","","","","","","","","","","","","","","","","2026-08-19","0.05","","64,943.67686","USD","","","","","","","108.5","USD","false","","","","","1","A004","","","","","","","","","MNTH","","","","3","","","","","","","","","","false","1","","","","","","","","","","FALSE","","","","","","","","","QZQ9RDJP4641","NA/CDS Idx Swt","NA/CDS Corp Idx"
"4111912826000000101","","NEWT","TRAD","2026-07-09T17:06:12Z","","CR","","N","FALSE","2026-07-09T17:06:12Z","2026-07-09","2026-10-21","2031-06-20","FALSE","BILT","FALSE","FALSE","TRUE","400,000,000+","","USD","","","","","","","","","","","","","","","","","","","","","","","","2026-10-21","0.01","","417,200","USD","","","","","","","0.0065","","false","","","","","3","A004","","","","","","","","","MNTH","","","","3","","","","","","","","","","false","1","","","","","","","","","","FALSE","","","","","","","","","QZT4QS79CCTS","NA/CDS Idx Swt","NA/CDS Corp Idx"
"4112336513000000101","","NEWT","TRAD","2026-07-09T17:26:43Z","","CR","","I","FALSE","2026-07-09T17:26:43Z","2026-07-10","2031-06-20","","","TWSF","FALSE","TRUE","","30,000,000","","USD","","","","","","","","","","","","","","","","","","","","","","","","","0.01","","","","","","0.009827","","","","","","false","","","3","","","A004","","","","","","","","504000.00000","MNTH","","","","3","","","","UFRO","USD","","","","","false","1","","","","","","","","","","FALSE","","","","","","","","","QZ4JMQKL3P03","NA/CDS Corp Idx","CDX.EM"
"4112699134000000201","","NEWT","TRAD","2026-07-09T17:44:04Z","","CR","","I","TRUE","2026-07-09T17:44:04Z","2026-03-20","2031-06-20","","FALSE","TPSE","FALSE","FALSE","","25,000,000","","USD","","","","","","","","","","","","","","","","","","","","","","","","","0.01","","","","","","0.00504","","","","","","false","","","3","","","A004","","","","","","","","","MNTH","","","","3","","","","","","USD","","","","false","1","","","","","","","OTHR","","","FALSE","","","","","","","","","QZ3WVVQG5T8K","NA/CDS Corp Idx","CDX.NA.IG"
"4112815316000000101","","NEWT","TRAD","2026-07-09T17:49:26Z","","CR","","I","TRUE","2026-07-09T17:49:26Z","2026-07-10","2031-06-20","","","TWSF","FALSE","FALSE","","50,000,000","","USD","","","","","","","","","","","","","","","","","","","","","","","","","0.01","","","","","","0.0050405","","","","","","false","","","3","","","A004","","","","","","","","1126505.54000","MNTH","","","","3","","","","UFRO","USD","","","","","false","1","","","","","","","","","","FALSE","","","","","","","","","QZ3WVVQG5T8K","NA/CDS Corp Idx","CDX.NA.IG"
"4096400946000000101","","NEWT","TRAD","2026-07-09T06:46:10Z","","CR","","I","TRUE","2026-07-09T06:46:10Z","2026-07-10","2031-06-20","","","TWSF","FALSE","FALSE","","16,000,000","","EUR","","","","","","","","","","","","","","","","","","","","","","","","","0.05","","","","","","0.024599","","","","","","false","","","3","","","A004","","","","","","","","1769385.53000","MNTH","","","","3","","","","UFRO","EUR","","","","","false","1","","","","","","","","","","FALSE","","","","","","","","","QZ3HM9KVK2WL","NA/CDS Corp Idx","ITRAXX EUROPE CROSSOVER"
"4096464157000000101","","NEWT","TRAD","2026-07-09T06:48:47Z","","CR","","I","TRUE","2026-07-09T06:48:47Z","2026-07-10","2031-06-20","","","TWSF","FALSE","FALSE","","67,000,000","","EUR","","","","","","","","","","","","","","","","","","","","","","","","","0.01","","","","","","0.00516749","","","","","","false","","","3","","","A004","","","","","","","","1522266.23313","MNTH","","","","3","","","","UFRO","EUR","","","","","false","1","","","","","","","","","","FALSE","","","","","","","","","QZTQ4GTC5QMF","NA/CDS Corp Idx","ITRAXX EUROPE"
"4109456067000000201","","NEWT","TRAD","2026-07-09T13:27:22Z","","CR","","I","TRUE","2026-07-09T13:27:22Z","2026-07-10","2031-06-20","","","TWSF","FALSE","FALSE","","11,000,000","","EUR","","","","","","","","","","","","","","","","","","","","","","","","","0.01","","","","","","0.00518475","","","","","","false","","","3","","","A004","","","","","","","","249035.58483","MNTH","","","","3","","","","UFRO","EUR","","","","","false","1","","","","","","","","","","FALSE","","","","","","","","","QZTQ4GTC5QMF","NA/CDS Corp Idx","ITRAXX EUROPE"
"4107523753000000101","","NEWT","TRAD","2026-07-09T11:03:11Z","","CR","","I","FALSE","2026-07-09T11:03:11Z","2026-07-10","2030-12-20","","FALSE","BBSF","FALSE","TRUE","","96,304,996+","","EUR","","","","","","","","","","","","","","","","","","","","","","","","","0.01","","","","","","0.0048475","","","","","","false","","","3","","","A004","","","","","","","","2120295.71161","MNTH","","","","3","","","","UFRO","EUR","","","","","false","1","","","","","","","","","","TRUE","","","","0.000645","","3","","","QZ6ZQJVF8F9P","NA/CDS Corp Idx","ITRAXX EUROPE SENIOR FINANCIALS"
"4107706067000000201","","NEWT","TRAD","2026-07-09T11:16:24Z","","CR","","I","TRUE","2026-07-09T11:16:24Z","2026-07-10","2031-06-20","","FALSE","BBSF","FALSE","FALSE","","50,000,000","","EUR","","","","","","","","","","","","","","","","","","","","","","","","","0.01","","","","","","0.005215","","","","","","false","","","3","","","A004","","","","","","","","1124888.82000","MNTH","","","","3","","","","UFRO","EUR","","","","","false","1","","","","","","","","","","FALSE","","","","","","","","","QZTQ4GTC5QMF","NA/CDS Corp Idx","ITRAXX EUROPE"
"4107746239000000201","4107739846000000101","TERM","CLRG","2026-07-09T11:17:23Z","","CR","","I","TRUE","2026-07-09T11:17:23Z","2026-07-10","2031-06-20","","","BTFE","FALSE","FALSE","FALSE","10,000,000","","USD","","","","","","","","","","","","","","","","","","","","","","","","","","","","","","","","","","","","","false","","","","","","A004","","","","","","","","222787.53000","MNTH","","","","3","","","","UFRO","USD","","","","","false","1","","","","","","","","","","FALSE","","","","","","","","","QZ3WVVQG5T8K","NA/CDS Corp Idx","CDX.NA.IG"
"4108023634000000101","","NEWT","TRAD","2026-07-09T11:36:22Z","","CR","","I","TRUE","2026-07-09T11:36:22Z","2026-07-10","2031-06-20","","FALSE","BBSF","FALSE","FALSE","","10,000,000","","USD","","","","","","","","","","","","","","","","","","","","","","","","","0.05","","","","","","0.01079991","","","","","","false","","","3","","","A004","","","","","","","","816660.90000","MNTH","","","","3","","","","UFRO","USD","","","","","false","0.99","","","","","","","","","","FALSE","","","","","","","","","QZHH8NT767RX","NA/CDS Corp Idx","CDX.NA.HY"
"4107884386000000101","","NEWT","TRAD","2026-07-09T11:28:10Z","","CR","","I","FALSE","2026-07-09T11:28:10Z","2026-07-10","2031-06-20","","","TWSF","FALSE","TRUE","","47,276,998+","","EUR","","","","","","","","","","","","","","","","","","","","","","","","","0.05","","","","","","0.024825","","","","","","false","","","3","","","A004","","","","","","","","5178244.55507","MNTH","","","","3","","","","UFRO","EUR","","","","","false","1","","","","","","","","","","FALSE","","","","","","","","","QZ3HM9KVK2WL","NA/CDS Corp Idx","ITRAXX EUROPE CROSSOVER"
"4108160842000000101","","NEWT","TRAD","2026-07-09T11:44:22Z","","CR","","I","TRUE","2026-07-09T11:44:22Z","2026-07-10","2031-06-20","","FALSE","BBSF","FALSE","FALSE","","25,000,000","","USD","","","","","","","","","","","","","","","","","","","","","","","","","0.05","","","","","","0.01079975","","","","","","false","","","3","","","A004","","","","","","","","2041256.25000","MNTH","","","","3","","","","UFRO","USD","","","","","false","0.99","","","","","","","","","","FALSE","","","","","","","","","QZHH8NT767RX","NA/CDS Corp Idx","CDX.NA.HY"
"4108186748000000201","","NEWT","TRAD","2026-07-09T11:46:03Z","","CR","","I","TRUE","2026-07-09T11:46:03Z","2026-07-10","2031-06-20","","","TWSF","FALSE","FALSE","","35,000,000","","USD","","","","","","","","","","","","","","","","","","","","","","","","","0.05","","","","","","0.01080125","","","","","","false","","","3","","","A004","","","","","","","","2862956.25000","MNTH","","","","3","","","","UFRO","USD","","","","","false","0.99","","","","","","","","","","FALSE","","","","","","","","","QZHH8NT767RX","NA/CDS Corp Idx","CDX.NA.HY"
"4108206925000000201","","NEWT","TRAD","2026-07-09T11:47:22Z","","CR","","I","TRUE","2026-07-09T11:47:22Z","2026-07-10","2031-06-20","","FALSE","BBSF","FALSE","FALSE","","50,000,000","","USD","","","","","","","","","","","","","","","","","","","","","","","","","0.01","","","","","","0.005094","","","","","","false","","","3","","","A004","","","","","","","","1114390.46000","MNTH","","","","3","","","","UFRO","USD","","","","","false","1","","","","","","","","","","FALSE","","","","","","","","","QZ3WVVQG5T8K","NA/CDS Corp Idx","CDX.NA.IG"
"4108509303000000201","","NEWT","TRAD","2026-07-09T12:11:33Z","","CR","","I","FALSE","2026-07-09T12:11:33Z","2026-07-10","2031-06-20","","FALSE","BBSF","FALSE","FALSE","","25,000,000","","EUR","","","","","","","","","","","","","","","","","","","","","","","","","0.01","","","","","","0.0088608","","","","","","false","","","3","","","A004","","","","","","","","142674.75000","MNTH","","","","3","","","","UFRO","EUR","","","","","false","1","","","","","","","","","","FALSE","","","","","","","","","QZ5GD86QBKCC","NA/CDS Corp Idx","ITRAXX EUROPE SUB FINANCIALS"
"4108247962000000101","","NEWT","TRAD","2026-07-09T11:50:07Z","","CR","","I","TRUE","2026-07-09T10:52:53Z","2026-03-20","2031-06-20","","FALSE","IOCD","FALSE","FALSE","FALSE","10,000,000","","EUR","","","","","","","","","","","","","","","","","","","","","","","","","0.05","","","","","","","","","","","","false","","","","","","A004","","","","","","","","","MNTH","","","","3","","","","","","EUR","","","","false","1","","","","","","","","","","FALSE","","","","","","","","","QZ3HM9KVK2WL","NA/CDS Corp Idx","ITRAXX EUROPE CROSSOVER"
"4108325866000000101","","NEWT","TRAD","2026-07-09T11:55:47Z","","CR","","I","TRUE","2026-07-09T11:55:47Z","2026-07-10","2031-06-20","","","TWSF","FALSE","FALSE","","5,000,000","","USD","","","","","","","","","","","","","","","","","","","","","","","","","0.05","","","","","","0.0108035","","","","","","false","","","3","","","A004","","","","","","","","410107.50000","MNTH","","","","3","","","","UFRO","USD","","","","","false","0.99","","","","","","","","","","FALSE","","","","","","","","","QZHH8NT767RX","NA/CDS Corp Idx","CDX.NA.HY"
"4108464627000000101","","NEWT","TRAD","2026-07-09T12:07:08Z","","CR","","I","TRUE","2026-07-09T12:07:08Z","2026-07-10","2031-06-20","","FALSE","BBSF","FALSE","FALSE","","21,000,000","","USD","","","","","","","","","","","","","","","","","","","","","","","","","0.01","","","","","","0.005086","","","","","","false","","","3","","","A004","","","","","","","","468804.73000","MNTH","","","","3","","","","UFRO","USD","","","","","false","1","","","","","","","","","","FALSE","","","","","","","","","QZ3WVVQG5T8K","NA/CDS Corp Idx","CDX.NA.IG"
"4108478795000000201","","NEWT","TRAD","2026-07-09T12:08:09Z","","CR","","I","TRUE","2026-07-09T12:08:09Z","2026-07-10","2031-06-20","","FALSE","BBSF","FALSE","FALSE","","5,000,000","","EUR","","","","","","","","","","","","","","","","","","","","","","","","","0.05","","","","","","0.0247687","","","","","","false","","","3","","","A004","","","","","","","","548964.33000","MNTH","","","","3","","","","UFRO","EUR","","","","","false","1","","","","","","","","","","FALSE","","","","","","","","","QZ3HM9KVK2WL","NA/CDS Corp Idx","ITRAXX EUROPE CROSSOVER"
"4108478794000000101","","NEWT","TRAD","2026-07-09T12:07:54Z","","CR","","I","TRUE","2026-07-09T12:07:54Z","2026-07-10","2031-06-20","","FALSE","BBSF","FALSE","FALSE","","3,000,000","","USD","","","","","","","","","","","","","","","","","","","","","","","","","0.05","","","","","","0.010803004","","","","","","false","","","3","","","A004","","","","","","","","245917.19000","MNTH","","","","3","","","","UFRO","USD","","","","","false","0.99","","","","","","","","","","FALSE","","","","","","","","","QZHH8NT767RX","NA/CDS Corp Idx","CDX.NA.HY"
"4108158179000000101","3815000220000000101","TERM","NOVA","2026-07-09T11:43:54Z","","CR","","N","FALSE","2026-06-23T12:07:40Z","2026-07-09","2026-07-09","","FALSE","BILT","FALSE","FALSE","TRUE","50,000,000","","EUR","","","","","","","","","","","","","","","","","","","","","","","","2026-07-09","","","109,250","EUR","","","","","","","0.02625","","false","","","","","3","A004","","","","","","","","0.00000","MNTH","","","","3","","","","UFRO","EUR","","","","","false","","","","","","","","","","","FALSE","","","","","","","","","QZWDX55NJN4V","NA/CDS Idx Swt","NA/CDS Corp Idx"
"4108640901000000101","4108632721000000201","MODI","TRAD","2026-07-09T12:24:41Z","TRUE","CR","","I","TRUE","2026-07-09T12:24:02Z","2026-03-20","2031-06-20","","FALSE","TPSE","FALSE","FALSE","","5,000,000","","USD","","","","","","","","","","","","","","","","","","","","","","","","","0.05","","","","","","108.045","","USD","","","","false","","","1","","","A004","","","","","","","","","MNTH","","","","3","","","","","","USD","","","","false","0.99","","","","","","","OTHR","","","FALSE","","","","","","","","","QZHH8NT767RX","NA/CDS Corp Idx","CDX.NA.HY"
"4108802776000000101","","NEWT","TRAD","2026-07-09T12:36:09Z","","CR","","I","FALSE","2026-07-09T12:36:09Z","2026-07-10","2031-06-20","","","TWSF","FALSE","TRUE","","35,000,000","","EUR","","","","","","","","","","","","","","","","","","","","","","","","","0.05","","","","","","0.024658","","","","","","false","","","3","","","A004","","","","","","","","3860868.23000","MNTH","","","","3","","","","UFRO","EUR","","","","","false","1","","","","","","","","","","FALSE","","","","","","","","","QZ3HM9KVK2WL","NA/CDS Corp Idx","ITRAXX EUROPE CROSSOVER"
"4108551320000000201","","NEWT","TRAD","2026-07-09T12:16:06Z","","CR","","I","TRUE","2026-07-09T12:16:06Z","2026-07-10","2031-06-20","","FALSE","BBSF","FALSE","TRUE","","47,276,998+","","EUR","","","","","","","","","","","","","","","","","","","","","","","","","0.05","","","","","","0.02467985","","","","","","false","","","3","","","A004","","","","","","","","5210318.32860","MNTH","","","","3","","","","UFRO","EUR","","","","","false","1","","","","","","","","","","TRUE","","","","0.0034285","","3","","","QZ3HM9KVK2WL","NA/CDS Corp Idx","ITRAXX EUROPE CROSSOVER"
"4108750080000000201","","NEWT","TRAD","2026-07-09T12:32:01Z","","CR","","I","TRUE","2026-07-09T12:32:01Z","2026-03-20","2031-06-20","","FALSE","GSEF","FALSE","FALSE","","20,000,000","","EUR","","","","","","","","","","","","","","","","","","","","","","","","","","","","","","","0.024675","","","","","","false","","","3","","","A004","","","","","","","","","MNTH","","","","3","","","","","","","","","","false","1","","","","","","","","","","TRUE","","","","0.003925","","3","","","QZ3HM9KVK2WL","NA/CDS Corp Idx","ITRAXX EUROPE CROSSOVER"
"4108750079000000101","","NEWT","TRAD","2026-07-09T12:32:01Z","","CR","","I","TRUE","2026-07-09T12:32:01Z","2026-03-20","2031-06-20","","FALSE","GSEF","FALSE","FALSE","","80,000,000","","EUR","","","","","","","","","","","","","","","","","","","","","","","","","","","","","","","0.0051875","","","","","","false","","","3","","","A004","","","","","","","","","MNTH","","","","3","","","","","","","","","","false","1","","","","","","","","","","TRUE","","","","0.003925","","3","","","QZTQ4GTC5QMF","NA/CDS Corp Idx","ITRAXX EUROPE"
"4108618292000000201","","NEWT","TRAD","2026-07-09T12:22:46Z","","CR","","I","TRUE","2026-07-09T12:22:46Z","2026-07-10","2031-06-20","","FALSE","BBSF","FALSE","TRUE","","250,000,000+","","USD","","","","","","","","","","","","","","","","","","","","","","","","","0.01","","","","","","0.005083","","","","","","false","","","3","","","A004","","","","","","","","5584404.94000","MNTH","","","","3","","","","UFRO","USD","","","","","false","1","","","","","","","","","","FALSE","","","","","","","","","QZ3WVVQG5T8K","NA/CDS Corp Idx","CDX.NA.IG"
"4108766379000000301","","NEWT","TRAD","2026-07-09T12:33:40Z","","CR","","I","TRUE","2026-07-09T12:33:40Z","2026-07-10","2031-06-20","","FALSE","BBSF","FALSE","FALSE","","30,000,000","","USD","","","","","","","","","","","","","","","","","","","","","","","","","0.05","","","","","","0.0108061","","","","","","false","","","3","","","A004","","","","","","","","2468367.00000","MNTH","","","","3","","","","UFRO","USD","","","","","false","0.99","","","","","","","","","","FALSE","","","","","","","","","QZHH8NT767RX","NA/CDS Corp Idx","CDX.NA.HY"
"4108888623000000201","","NEWT","TRAD","2026-07-09T12:42:15Z","","CR","","I","TRUE","2026-07-09T12:42:15Z","2026-07-10","2031-06-20","","FALSE","BBSF","FALSE","FALSE","","18,000,000","","EUR","","","","","","","","","","","","","","","","","","","","","","","","","0.05","","","","","","0.0246327","","","","","","false","","","3","","","A004","","","","","","","","1987720.02000","MNTH","","","","3","","","","UFRO","EUR","","","","","false","1","","","","","","","","","","FALSE","","","","","","","","","QZ3HM9KVK2WL","NA/CDS Corp Idx","ITRAXX EUROPE CROSSOVER"
"4109033007000000101","","NEWT","TRAD","2026-07-09T12:53:07Z","","CR","","I","FALSE","2026-07-09T12:53:06Z","2026-03-20","2031-06-20","","FALSE","BILT","FALSE","FALSE","FALSE","10,000,000","","USD","","","","","","","","","","","","","","","","","","","","","","","","","0.01","","","","","","","","","","","","false","","","","","","A004","","","","","","","","","MNTH","","","","3","","","","","","USD","","","","false","1","","","","","","","","","","FALSE","","","","","","","","","QZ4JMQKL3P03","NA/CDS Corp Idx","CDX.EM"
"4109097065000000101","","NEWT","TRAD","2026-07-09T12:58:23Z","","CR","","I","TRUE","2026-07-09T12:58:23Z","2026-07-10","2031-06-20","","FALSE","BBSF","FALSE","FALSE","","50,000,000","","EUR","","","","","","","","","","","","","","","","","","","","","","","","","0.01","","","","","","0.0051968","","","","","","false","","","3","","","A004","","","","","","","","1129153.57000","MNTH","","","","3","","","","UFRO","EUR","","","","","false","1","","","","","","","","","","FALSE","","","","","","","","","QZTQ4GTC5QMF","NA/CDS Corp Idx","ITRAXX EUROPE"
"4109138033000000401","","NEWT","TRAD","2026-07-09T13:02:48Z","","CR","","I","TRUE","2026-07-09T13:02:48Z","2026-07-10","2031-06-20","","","TWSF","FALSE","FALSE","","3,000,000","","EUR","","","","","","","","","","","","","","","","","","","","","","","","","0.05","","","","","","0.024635","","","","","","false","","","3","","","A004","","","","","","","","331253.23679","MNTH","","","","3","","","","UFRO","EUR","","","","","false","1","","","","","","","","","","FALSE","","","","","","","","","QZ3HM9KVK2WL","NA/CDS Corp Idx","ITRAXX EUROPE CROSSOVER"
"4109067133000000101","","NEWT","TRAD","2026-07-09T12:55:39Z","","CR","","I","TRUE","2026-07-09T12:55:39Z","2026-07-10","2031-06-20","","FALSE","BBSF","FALSE","TRUE","","47,276,998+","","EUR","","","","","","","","","","","","","","","","","","","","","","","","","0.05","","","","","","0.02475","","","","","","false","","","3","","","A004","","","","","","","","5194750.65982","MNTH","","","","3","","","","UFRO","EUR","","","","","false","1","","","","","","","","","","TRUE","","","","0.00705","","3","","","QZ3HM9KVK2WL","NA/CDS Corp Idx","ITRAXX EUROPE CROSSOVER"
"4109184132000000101","","NEWT","TRAD","2026-07-09T13:07:03Z","","CR","","I","TRUE","2026-07-09T13:07:03Z","2026-07-10","2031-06-20","","","TWSF","FALSE","FALSE","","50,000,000","","USD","","","","","","","","","","","","","","","","","","","","","","","","","0.01","","","","","","0.0050798","","","","","","false","","","3","","","A004","","","","","","","","1117605.55000","MNTH","","","","3","","","","UFRO","USD","","","","","false","1","","","","","","","","","","FALSE","","","","","","","","","QZ3WVVQG5T8K","NA/CDS Corp Idx","CDX.NA.IG"
"4094060177000000401","4078414135000000101","EROR","","2026-07-09T02:08:20Z","","CR","","","","2026-07-08T09:01:09Z","2026-07-09","2031-06-20","","","","","","FALSE","","","","","","","","","","","","","","","","","","","","","","","","","","","","0.01","","","","","","","","","","","","","","","","","","","","","","","","","","40467.54000","","","","","","","","","UFRO","USD","","","","","","","","","","","","","","","","","","","","","","","","","QZD2VPNQ9ZFX","NA/CDS Corp Idx","ITRAXX ASIA EX-JAPAN IG"
"4093648656000000201","3950697289000000101","CORR","","2026-07-09T00:17:25Z","","CR","","N","FALSE","2026-07-01T02:38:45Z","2026-07-02","2036-02-15","","FALSE","BILT","FALSE","FALSE","FALSE","250,000,000","","USD","","","","","","","","","","","","","","","","","","","","","","","","","0.04125","","","","","","","","","","","","false","","","","","","A006","","","","","","","","3615136.11000","MNTH","","","","6","","","","PEXH","USD","USD","","","","false","","","","","","","","","","","FALSE","","","","","","","","","QZHBRN49DHP1","NA/CDS Corp SN","No name obtainable"
"4102415846000000201","","NEWT","TRAD","2026-07-09T08:53:27Z","FALSE","CR","","I","TRUE","2026-07-09T08:53:27Z","2026-07-09","2026-08-19","","","BILT","FALSE","FALSE","TRUE","75,000,000","","EUR","","","","","","","","","","","","","","","","","","","","","","","","2026-08-19","","","90,000","EUR","","","0.03","","","","0.03","","false","","","3","","3","","","","","","","","","","","","","","","","","","","","","","","","false","1","","","","","","","","","","FALSE","","","","","","","","","QZTL0V3X916X","NA/CDS Idx Swt","NA/CDS Corp Idx"
"4104728198000000101","","NEWT","TRAD","2026-07-09T09:52:13Z","","CR","","I","TRUE","2026-07-09T09:52:13Z","2026-07-10","2031-06-20","","","TWSF","FALSE","FALSE","","3,000,000","","EUR","","","","","","","","","","","","","","","","","","","","","","","","","0.05","","","","","","0.024675","","","","","","false","","","3","","","A004","","","","","","","","330692.99000","MNTH","","","","3","","","","UFRO","EUR","","","","","false","1","","","","","","","","","","FALSE","","","","","","","","","QZ3HM9KVK2WL","NA/CDS Corp Idx","ITRAXX EUROPE CROSSOVER"
"4100739095000000101","","NEWT","TRAD","2026-07-09T08:21:36Z","","CR","","I","TRUE","2026-07-09T08:21:36Z","2026-07-10","2031-06-20","","FALSE","BBSF","FALSE","FALSE","","15,000,000","","EUR","","","","","","","","","","","","","","","","","","","","","","","","","0.01","","","","","","0.00517304","","","","","","false","","","3","","","A004","","","","","","","","340416.64000","MNTH","","","","3","","","","UFRO","EUR","","","","","false","1","","","","","","","","","","FALSE","","","","","","","","","QZTQ4GTC5QMF","NA/CDS Corp Idx","ITRAXX EUROPE"
"4095746732000000101","","NEWT","TRAD","2026-07-09T06:30:51Z","","CR","","I","TRUE","2026-07-09T06:30:51Z","2026-07-10","2031-06-20","","FALSE","BBSF","FALSE","FALSE","","10,000,000","","EUR","","","","","","","","","","","","","","","","","","","","","","","","","0.05","","","","","","0.0245025","","","","","","false","","","3","","","A004","","","","","","","","1110384.09000","MNTH","","","","3","","","","UFRO","EUR","","","","","false","1","","","","","","","","","","FALSE","","","","","","","","","QZ3HM9KVK2WL","NA/CDS Corp Idx","ITRAXX EUROPE CROSSOVER"
"4095838067000000101","","NEWT","TRAD","2026-07-09T06:32:31Z","","CR","","I","TRUE","2026-07-09T06:32:31Z","2026-07-10","2031-06-20","","","TWSF","FALSE","FALSE","","49,000,000","","EUR","","","","","","","","","","","","","","","","","","","","","","","","","0.01","","","","","","0.00515555","","","","","","false","","","3","","","A004","","","","","","","","1116045.44000","MNTH","","","","3","","","","UFRO","EUR","","","","","false","1","","","","","","","","","","FALSE","","","","","","","","","QZTQ4GTC5QMF","NA/CDS Corp Idx","ITRAXX EUROPE"
"4097184016000000101","","NEWT","TRAD","2026-07-09T07:12:42Z","","CR","","I","TRUE","2026-07-09T07:12:39Z","2026-03-20","2031-06-20","","FALSE","TREU","FALSE","TRUE","TRUE","40,000,000","","EUR","","","","","","","","","","","","","","","","","","","","","","","","","0.05","","","","","","","","","","","","false","","","","","","A004","","","","","","","","","MNTH","","","","3","","","","","","EUR","","","","false","1","","","","","","","","","","FALSE","","","","","","","","","QZ3HM9KVK2WL","NA/CDS Corp Idx","ITRAXX EUROPE CROSSOVER"
"4097776190000000101","","NEWT","TRAD","2026-07-09T07:24:22Z","","CR","","I","TRUE","2026-07-09T07:24:22Z","2026-07-10","2031-06-20","","FALSE","BBSF","FALSE","FALSE","","1,000,000","","EUR","","","","","","","","","","","","","","","","","","","","","","","","","0.01","","","","","","0.005166","","","","","","false","","","3","","","A004","","","","","","","","22727.45000","MNTH","","","","3","","","","UFRO","EUR","","","","","false","1","","","","","","","","","","FALSE","","","","","","","","","QZTQ4GTC5QMF","NA/CDS Corp Idx","ITRAXX EUROPE"
"4097126173000000101","","NEWT","TRAD","2026-07-09T07:11:31Z","","CR","","I","TRUE","2026-07-09T07:11:31Z","2026-07-10","2031-06-20","","FALSE","BBSF","FALSE","FALSE","","20,000,000","","EUR","","","","","","","","","","","","","","","","","","","","","","","","","0.05","","","","","","0.02463","","","","","","false","","","3","","","A004","","","","","","","","2208830.48000","MNTH","","","","3","","","","UFRO","EUR","","","","","false","1","","","","","","","","","","FALSE","","","","","","","","","QZ3HM9KVK2WL","NA/CDS Corp Idx","ITRAXX EUROPE CROSSOVER"
"4097589207000000101","","NEWT","TRAD","2026-07-09T07:20:27Z","","CR","","I","TRUE","2026-07-09T07:20:27Z","2026-07-10","2031-06-20","","FALSE","BBSF","FALSE","TRUE","","47,276,998+","","EUR","","","","","","","","","","","","","","","","","","","","","","","","","0.05","","","","","","0.024625","","","","","","false","","","3","","","A004","","","","","","","","5222450.02284","MNTH","","","","3","","","","UFRO","EUR","","","","","false","1","","","","","","","","","","FALSE","","","","","","","","","QZ3HM9KVK2WL","NA/CDS Corp Idx","ITRAXX EUROPE CROSSOVER"
"4098183078000000101","","NEWT","TRAD","2026-07-09T07:30:09Z","","CR","","I","FALSE","2026-07-09T07:30:09Z","2026-07-10","2036-06-20","","","TWSF","FALSE","FALSE","","1,000,000","","EUR","","","","","","","","","","","","","","","","","","","","","","","","","0.01","","","","","","0.0093193","","","","","","false","","","3","","","A004","","","","","","","","6070.36000","MNTH","","","","3","","","","UFRO","EUR","","","","","false","1","","","","","","","","","","TRUE","","","","0.414","","3","","","QZ4LNL81ZBTS","NA/CDS Corp Idx","ITRAXX EUROPE"
"4111087213000000101","","NEWT","TRAD","2026-07-09T16:10:20Z","","CR","","I","TRUE","2026-07-09T16:10:20Z","2026-07-10","2031-06-20","","FALSE","BBSF","FALSE","TRUE","","250,000,000+","","USD","","","","","","","","","","","","","","","","","","","","","","","","","0.01","","","","","","0.005036","","","","","","false","","","3","","","A004","","","","","","","","5637623.99000","MNTH","","","","3","","","","UFRO","USD","","","","","false","1","","","","","","","","","","FALSE","","","","","","","","","QZ3WVVQG5T8K","NA/CDS Corp Idx","CDX.NA.IG"
"4110866706000000501","","NEWT","TRAD","2026-07-09T16:00:41Z","","CR","","N","FALSE","2026-07-09T15:18:30Z","2026-03-20","2031-06-20","2031-06-20","TRUE","BILT","FALSE","TRUE","TRUE","82,000,000","","USD","","","","","","","","","","","","","","","","","","","","","","","","2026-09-16","0.05","","276,010.62667","USD","","","","","","","105","USD","false","","","","","1","A004","","","","","","","","","MNTH","","","","3","","","","","","","","","","false","0.99","","","","","","","","","","FALSE","","","","","","","","","QZX75BBR2PZH","NA/CDS Idx Swt","NA/CDS Corp Idx"
"4111327227000000101","","NEWT","TRAD","2026-07-09T16:26:16Z","","CR","","I","TRUE","2026-07-09T16:26:16Z","2026-03-20","2031-06-20","","FALSE","TPSE","FALSE","FALSE","","150,000,000","","USD","","","","","","","","","","","","","","","","","","","","","","","","","0.01","","","","","","0.00504","","","","","","false","","","3","","","A004","","","","","","","","","MNTH","","","","3","","","","","","USD","","","","false","1","","","","","","","OTHR","","","FALSE","","","","","","","","","QZ3WVVQG5T8K","NA/CDS Corp Idx","CDX.NA.IG"
"4111362334000000201","","NEWT","TRAD","2026-07-09T15:25:57Z","","CR","","N","FALSE","2026-07-09T15:25:57Z","2026-03-20","2026-09-16","2031-06-20","FALSE","BILT","FALSE","FALSE","TRUE","400,000,000+","","USD","","","","","","","","","","","","","","","","","","","","","","","","2026-09-16","0.01","","144,000","USD","","","","","","","0.00475","","false","","","","","3","A004","","","","","","","","","MNTH","","","","3","","","","","","","","","","false","1","","","","","","","","","","FALSE","","","","","","","","","QZT4QS79CCTS","NA/CDS Idx Swt","NA/CDS Corp Idx"
"4113846194000000201","","NEWT","TRAD","2026-07-09T19:11:35Z","","CR","","I","TRUE","2026-07-09T19:11:35Z","2026-07-10","2031-06-20","","FALSE","BBSF","FALSE","FALSE","","10,000,000","","USD","","","","","","","","","","","","","","","","","","","","","","","","","0.01","","","","","","0.005069","","","","","","false","","","3","","","A004","","","","","","","","224010.21000","MNTH","","","","3","","","","UFRO","USD","","","","","false","1","","","","","","","","","","FALSE","","","","","","","","","QZ3WVVQG5T8K","NA/CDS Corp Idx","CDX.NA.IG"
"4113805914000000101","","NEWT","TRAD","2026-07-09T19:03:56Z","","CR","","I","TRUE","2026-07-09T19:03:56Z","2026-07-10","2031-06-20","","FALSE","BBSF","FALSE","TRUE","","50,000,000","","USD","","","","","","","","","","","","","","","","","","","","","","","","","0.05","","","","","","0.01080925","","","","","","false","","","3","","","A004","","","","","","","","4129537.50000","MNTH","","","","3","","","","UFRO","USD","","","","","false","0.99","","","","","","","","","","FALSE","","","","","","","","","QZHH8NT767RX","NA/CDS Corp Idx","CDX.NA.HY"
"4113870795000000101","","NEWT","TRAD","2026-07-09T19:17:24Z","","CR","","I","TRUE","2026-07-09T19:17:24Z","2026-07-10","2031-06-20","","FALSE","BBSF","FALSE","TRUE","","50,000,000","","USD","","","","","","","","","","","","","","","","","","","","","","","","","0.05","","","","","","0.01080975","","","","","","false","","","3","","","A004","","","","","","","","4132012.50000","MNTH","","","","3","","","","UFRO","USD","","","","","false","0.99","","","","","","","","","","FALSE","","","","","","","","","QZHH8NT767RX","NA/CDS Corp Idx","CDX.NA.HY"
"4113959405000000101","","NEWT","TRAD","2026-07-09T19:29:16Z","","CR","","I","TRUE","2026-07-09T19:29:16Z","2026-07-10","2031-06-20","","FALSE","BBSF","FALSE","FALSE","","9,000,000","","USD","","","","","","","","","","","","","","","","","","","","","","","","","0.05","","","","","","0.0108095","","","","","","false","","","3","","","A004","","","","","","","","743540.12470","MNTH","","","","3","","","","UFRO","USD","","","","","false","0.99","","","","","","","","","","FALSE","","","","","","","","","QZHH8NT767RX","NA/CDS Corp Idx","CDX.NA.HY"
"4113962976000000201","","NEWT","TRAD","2026-07-09T19:30:20Z","","CR","","N","FALSE","2026-07-09T19:30:20Z","2026-07-09","2057-10-17","","FALSE","BILT","FALSE","FALSE","FALSE","15,000,000","","USD","","","","","","","","","","","","","","","","","","","","","","","","","0.03","","","","","","","","","","","","false","","","","","","A004","","","","","","","","2731419.17000","MNTH","","","","1","","","","UFRO","USD","USD","","","","false","1","","","","","","","","","","FALSE","","","","","","","","","QZTQ2L2MLB9C","NA/CDS Corp Idx","CMBX.NA.BBB-"
"4113971487000000501","4113970020000000301","MODI","TRAD","2026-07-09T19:31:57Z","TRUE","CR","","I","TRUE","2026-07-09T19:31:30Z","2026-03-20","2031-06-20","","FALSE","TPSE","FALSE","FALSE","","250,000,000+","","USD","","","","","","","","","","","","","","","","","","","","","","","","","0.01","","","","","","0.005065","","","","","","false","","","3","","","A004","","","","","","","","","MNTH","","","","3","","","","","","USD","","","","false","1","","","","","","","OTHR","","","FALSE","","","","","","","","","QZ3WVVQG5T8K","NA/CDS Corp Idx","CDX.NA.IG"
"4113971486000000401","","NEWT","TRAD","2026-07-09T19:31:54Z","","CR","","I","TRUE","2026-07-09T19:31:54Z","2026-07-10","2031-06-20","","FALSE","BBSF","FALSE","FALSE","","20,000,000","","USD","","","","","","","","","","","","","","","","","","","","","","","","","0.05","","","","","","0.01080925","","","","","","false","","","3","","","A004","","","","","","","","1651815.00000","MNTH","","","","3","","","","UFRO","USD","","","","","false","0.99","","","","","","","","","","FALSE","","","","","","","","","QZHH8NT767RX","NA/CDS Corp Idx","CDX.NA.HY"
"4113971484000000201","","NEWT","TRAD","2026-07-09T19:31:45Z","","CR","","I","TRUE","2026-07-09T19:31:45Z","2026-03-20","2031-06-20","","FALSE","TPSE","FALSE","FALSE","","150,000,000","","USD","","","","","","","","","","","","","","","","","","","","","","","","","0.01","","","","","","0.005065","","","","","","false","","","3","","","A004","","","","","","","","","MNTH","","","","3","","","","","","USD","","","","false","1","","","","","","","OTHR","","","FALSE","","","","","","","","","QZ3WVVQG5T8K","NA/CDS Corp Idx","CDX.NA.IG"
"4113971485000000301","4113970019000000201","MODI","TRAD","2026-07-09T19:31:47Z","TRUE","CR","","I","TRUE","2026-07-09T19:31:27Z","2026-03-20","2031-06-20","","FALSE","TPSE","FALSE","FALSE","","75,000,000","","USD","","","","","","","","","","","","","","","","","","","","","","","","","0.05","","","","","","108.095","","USD","","","","false","","","1","","","A004","","","","","","","","","MNTH","","","","3","","","","","","USD","","","","false","0.99","","","","","","","OTHR","","","FALSE","","","","","","","","","QZHH8NT767RX","NA/CDS Corp Idx","CDX.NA.HY"
"4113971483000000101","","NEWT","TRAD","2026-07-09T19:31:42Z","","CR","","I","TRUE","2026-07-09T19:31:42Z","2026-03-20","2031-06-20","","FALSE","TPSE","FALSE","FALSE","","30,000,000","","USD","","","","","","","","","","","","","","","","","","","","","","","","","0.05","","","","","","108.095","","USD","","","","false","","","1","","","A004","","","","","","","","","MNTH","","","","3","","","","","","USD","","","","false","0.99","","","","","","","OTHR","","","FALSE","","","","","","","","","QZHH8NT767RX","NA/CDS Corp Idx","CDX.NA.HY"
"4113852775000000101","4113797072000000201","CORR","","2026-07-09T19:11:44Z","","CR","","N","FALSE","2026-07-09T18:56:49Z","2026-07-09","2026-09-16","2031-06-20","FALSE","BILT","FALSE","FALSE","TRUE","6,000,000","","USD","","","","","","","","","","","","","","","","","","","","","","","","2026-09-16","0.05","","9,646.56","USD","","","","","","","0.0102","","false","","","","","3","A004","","","","","","","","","MNTH","","","","3","","","","","","","","","","false","0.99","","","","","","","","","","FALSE","","","","","","","","","QZHJMSG8W2ZX","NA/CDS Idx Swt","NA/CDS Corp Idx"
"4114184296000000101","","NEWT","TRAD","2026-07-09T19:45:41Z","","CR","","I","TRUE","2026-07-09T19:45:41Z","2026-07-10","2031-06-20","","FALSE","BBSF","FALSE","FALSE","","100,000,000","","USD","","","","","","","","","","","","","","","","","","","","","","","","","0.01","","","","","","0.005062","","","","","","false","","","3","","","A004","","","","","","","","2243272.48000","MNTH","","","","3","","","","UFRO","USD","","","","","false","1","","","","","","","","","","FALSE","","","","","","","","","QZ3WVVQG5T8K","NA/CDS Corp Idx","CDX.NA.IG"
"4114069303000000101","","NEWT","TRAD","2026-07-09T19:39:50Z","","CR","","I","TRUE","2026-07-09T19:39:50Z","2026-07-10","2031-06-20","","FALSE","BBSF","FALSE","TRUE","","250,000,000+","","USD","","","","","","","","","","","","","","","","","","","","","","","","","0.01","","","","","","0.005063","","","","","","false","","","3","","","A004","","","","","","","","5607048.92000","MNTH","","","","3","","","","UFRO","USD","","","","","false","1","","","","","","","","","","FALSE","","","","","","","","","QZ3WVVQG5T8K","NA/CDS Corp Idx","CDX.NA.IG"
"4114416151000000201","","NEWT","TRAD","2026-07-09T19:57:57Z","","CR","","I","TRUE","2026-07-09T19:57:57Z","2026-07-10","2031-06-20","","FALSE","BBSF","FALSE","FALSE","","8,000,000","","USD","","","","","","","","","","","","","","","","","","","","","","","","","0.01","","","","","","0.0050676","","","","","","false","","","3","","","A004","","","","","","","","179258.90000","MNTH","","","","3","","","","UFRO","USD","","","","","false","1","","","","","","","","","","FALSE","","","","","","","","","QZ3WVVQG5T8K","NA/CDS Corp Idx","CDX.NA.IG"
"4114416150000000101","","NEWT","TRAD","2026-07-09T19:57:51Z","","CR","","I","TRUE","2026-07-09T19:57:51Z","2026-07-10","2031-06-20","","FALSE","BBSF","FALSE","FALSE","","25,000,000","","USD","","","","","","","","","","","","","","","","","","","","","","","","","0.01","","","","","","0.0050711","","","","","","false","","","3","","","A004","","","","","","","","559787.77000","MNTH","","","","3","","","","UFRO","USD","","","","","false","1","","","","","","","","","","FALSE","","","","","","","","","QZ3WVVQG5T8K","NA/CDS Corp Idx","CDX.NA.IG"
"4114487288000000401","4111786856000000101","CORR","","2026-07-09T16:52:37Z","","CR","","N","FALSE","2026-07-09T16:52:37Z","2026-07-10","2064-11-18","","FALSE","BILT","FALSE","FALSE","FALSE","8,000,000","","USD","","","","","","","","","","","","","","","","","","","","","","","","","0.03","","","","","","","","","","","","false","","","","","","A004","","","","","","","","1070670.01250","MNTH","","","","1","","","","UFRO","USD","USD","","","","false","1","","","","","","","","","","FALSE","","","","","","","","","QZPD14V70KWX","NA/CDS Corp Idx","CMBX.NA.BBB-"
"4114069304000000201","877713556","MODI","TRAD","2026-07-09T19:34:36Z","TRUE","CR","","N","FALSE","2023-12-29T14:56:39Z","2023-12-29","2032-12-31","","TRUE","XXXX","FALSE","FALSE","TRUE","160,000,000","2,416,393","USD","USD","","","","","","","","","","","","","","","","","","","","","","","","0","","0","USD","","","","","","","","","false","","","","","","","","","","","","","","","MNTH","","","","1","","","","","","USD","","","","false","","","","","","","","","","","FALSE","","","","","","","","","QZ1XBVNPWZHZ","NA/Cr Sw Oth CDS Corp Cs",""
"4114534693000000101","","NEWT","TRAD","2026-07-09T20:02:40Z","","CR","","I","TRUE","2026-07-09T20:02:40Z","2026-07-10","2031-06-20","","FALSE","BBSF","FALSE","FALSE","","10,000,000","","USD","","","","","","","","","","","","","","","","","","","","","","","","","0.05","","","","","","0.0108062","","","","","","false","","","3","","","A004","","","","","","","","822888.00000","MNTH","","","","3","","","","UFRO","USD","","","","","false","0.99","","","","","","","","","","FALSE","","","","","","","","","QZHH8NT767RX","NA/CDS Corp Idx","CDX.NA.HY"
"4114555611000000101","","NEWT","TRAD","2026-07-09T20:03:25Z","","CR","","I","TRUE","2026-07-09T20:03:25Z","2026-07-10","2031-06-20","","FALSE","BBSF","FALSE","FALSE","","5,000,000","","USD","","","","","","","","","","","","","","","","","","","","","","","","","0.05","","","","","","0.0108061","","","","","","false","","","3","","","A004","","","","","","","","411393.59493","MNTH","","","","3","","","","UFRO","USD","","","","","false","0.99","","","","","","","","","","FALSE","","","","","","","","","QZHH8NT767RX","NA/CDS Corp Idx","CDX.NA.HY"
"4114156378000000101","1136379880","MODI","TRAD","2026-07-09T19:37:51Z","TRUE","CR","","N","FALSE","2024-08-30T16:01:50Z","2024-08-30","2029-12-31","","TRUE","XXXX","FALSE","FALSE","TRUE","110,000,000","1,687,908","USD","USD","","","","","","","","","","","","","","","","","","","","","","","","0","","0","USD","","","","","","","","","false","","","","","","","","","","","","","","","MNTH","","","","1","","","","","","USD","","","","false","","","","","","","","","","","FALSE","","","","","","","","","QZ1XBVNPWZHZ","NA/Cr Sw Oth CDS Corp Cs",""
"4114586099000000301","","NEWT","TRAD","2026-07-09T20:03:56Z","","CR","","I","TRUE","2026-07-09T20:03:56Z","2026-07-10","2031-06-20","","FALSE","BBSF","FALSE","FALSE","","75,000,000","","USD","","","","","","","","","","","","","","","","","","","","","","","","","0.01","","","","","","0.005077","","","","","","false","","","3","","","A004","","","","","","","","1677359.33000","MNTH","","","","3","","","","UFRO","USD","","","","","false","1","","","","","","","","","","FALSE","","","","","","","","","QZ3WVVQG5T8K","NA/CDS Corp Idx","CDX.NA.IG"
"4114665115000000201","","NEWT","TRAD","2026-07-09T20:07:32Z","","CR","","I","TRUE","2026-07-09T20:07:32Z","2026-07-10","2031-06-20","","FALSE","BBSF","FALSE","FALSE","","75,000,000","","USD","","","","","","","","","","","","","","","","","","","","","","","","","0.01","","","","","","0.0050666","","","","","","false","","","3","","","A004","","","","","","","","1680891.82000","MNTH","","","","3","","","","UFRO","USD","","","","","false","1","","","","","","","","","","FALSE","","","","","","","","","QZ3WVVQG5T8K","NA/CDS Corp Idx","CDX.NA.IG"
"4113188720000000101","","NEWT","TRAD","2026-07-09T18:09:54Z","","CR","","I","FALSE","2026-07-09T18:09:54Z","2026-07-10","2031-06-20","","FALSE","BBSF","FALSE","FALSE","","10,000,000","","USD","","","","","","","","","","","","","","","","","","","","","","","","","0.01","","","","","","0.0098245","","","","","","false","","","3","","","A004","","","","","","","","170500.00000","MNTH","","","","3","","","","UFRO","USD","","","","","false","1","","","","","","","","","","FALSE","","","","","","","","","QZ4JMQKL3P03","NA/CDS Corp Idx","CDX.EM"
"4113284536000000101","","NEWT","TRAD","2026-07-09T18:14:17Z","","CR","","I","TRUE","2026-07-09T18:14:17Z","2026-07-10","2031-06-20","","FALSE","BBSF","FALSE","FALSE","","200,000,000","","USD","","","","","","","","","","","","","","","","","","","","","","","","","0.01","","","","","","0.005044","","","","","","false","","","3","","","A004","","","","","","","","4502859.31942","MNTH","","","","3","","","","UFRO","USD","","","","","false","1","","","","","","","","","","FALSE","","","","","","","","","QZ3WVVQG5T8K","NA/CDS Corp Idx","CDX.NA.IG"
"4113285449000000101","","NEWT","TRAD","2026-07-09T18:14:56Z","","CR","","I","TRUE","2026-07-09T18:14:56Z","2026-07-10","2031-06-20","","","TWSF","FALSE","FALSE","","2,000,000","","USD","","","","","","","","","","","","","","","","","","","","","","","","","0.05","","","","","","0.01081375","","","","","","false","","","3","","","A004","","","","","","","","166072.50000","MNTH","","","","3","","","","UFRO","USD","","","","","false","0.99","","","","","","","","","","FALSE","","","","","","","","","QZHH8NT767RX","NA/CDS Corp Idx","CDX.NA.HY"
"4113381247000000101","","NEWT","TRAD","2026-07-09T18:19:54Z","","CR","","I","TRUE","2026-07-09T18:19:54Z","2026-07-10","2031-06-20","","FALSE","BBSF","FALSE","FALSE","","100,000,000","","USD","","","","","","","","","","","","","","","","","","","","","","","","","0.01","","","","","","0.005049","","","","","","false","","","3","","","A004","","","","","","","","2249160.74000","MNTH","","","","3","","","","UFRO","USD","","","","","false","1","","","","","","","","","","FALSE","","","","","","","","","QZ3WVVQG5T8K","NA/CDS Corp Idx","CDX.NA.IG"
"4113382088000000801","4111741961000000101","EROR","","2026-07-09T18:19:05Z","","CR","","N","FALSE","2026-07-09T16:55:55Z","2026-07-11","2055-03-15","2055-03-15","TRUE","BILT","FALSE","FALSE","FALSE","110,000,000","","USD","","","","","","","","","","","","","","","","","","","","","","","","","","","","","","","1","","","","","","false","","","4","","","","","A004","","DAIL","","1","","","","","","","","","","","","","USD","","","","true","","","","","","","","OPET","","","FALSE","","","","","","","","","QZWBC8GZ8TBN","NA/CDS Corp Oth","Basket"
"4113503042000000201","","NEWT","TRAD","2026-07-09T18:26:26Z","","CR","","I","TRUE","2026-07-09T18:26:26Z","2026-07-10","2031-06-20","","","TWSF","FALSE","FALSE","","25,000,000","","USD","","","","","","","","","","","","","","","","","","","","","","","","","0.05","","","","","","0.01081125","","","","","","false","","","3","","","A004","","","","","","","","2069718.75000","MNTH","","","","3","","","","UFRO","USD","","","","","false","0.99","","","","","","","","","","FALSE","","","","","","","","","QZHH8NT767RX","NA/CDS Corp Idx","CDX.NA.HY"
"4113396445000000401","4111722739000000301","EROR","","2026-07-09T18:19:13Z","","CR","","N","FALSE","2026-07-09T16:54:10Z","2026-07-11","2055-03-15","2055-03-15","TRUE","BILT","FALSE","FALSE","FALSE","5,000,000","","USD","","","","","","","","","","","","","","","","","","","","","","","","","","","","","","","1","","","","","","false","","","4","","","","","A004","","DAIL","","1","","","","","","","","","","","","","USD","","","","true","","","","","","","","OPET","","","FALSE","","","","","","","","","QZWBC8GZ8TBN","NA/CDS Corp Oth","Basket"
"4113559296000000101","","NEWT","TRAD","2026-07-09T18:30:05Z","","CR","","I","TRUE","2026-07-09T18:30:05Z","2026-07-10","2031-06-20","","FALSE","BBSF","FALSE","FALSE","","2,000,000","","USD","","","","","","","","","","","","","","","","","","","","","","","","","0.05","","","","","","0.01081131","","","","","","false","","","3","","","A004","","","","","","","","165589.38000","MNTH","","","","3","","","","UFRO","USD","","","","","false","0.99","","","","","","","","","","FALSE","","","","","","","","","QZHH8NT767RX","NA/CDS Corp Idx","CDX.NA.HY"
"4113572709000000101","","NEWT","TRAD","2026-07-09T18:30:25Z","","CR","","I","TRUE","2026-07-09T18:30:25Z","2026-07-10","2031-06-20","","FALSE","BBSF","FALSE","FALSE","","10,000,000","","USD","","","","","","","","","","","","","","","","","","","","","","","","","0.05","","","","","","0.01081225","","","","","","false","","","3","","","A004","","","","","","","","828877.50000","MNTH","","","","3","","","","UFRO","USD","","","","","false","0.99","","","","","","","","","","FALSE","","","","","","","","","QZHH8NT767RX","NA/CDS Corp Idx","CDX.NA.HY"
"4113599571000000101","","NEWT","TRAD","2026-07-09T18:31:43Z","","CR","","I","TRUE","2026-07-09T18:31:43Z","2026-07-10","2031-06-20","","FALSE","BBSF","FALSE","FALSE","","100,000,000","","USD","","","","","","","","","","","","","","","","","","","","","","","","","0.01","","","","","","0.0050614","","","","","","false","","","3","","","A004","","","","","","","","2243544.24000","MNTH","","","","3","","","","UFRO","USD","","","","","false","1","","","","","","","","","","FALSE","","","","","","","","","QZ3WVVQG5T8K","NA/CDS Corp Idx","CDX.NA.IG"
"4113640167000000101","","NEWT","TRAD","2026-07-09T18:33:46Z","","CR","","I","TRUE","2026-07-09T18:33:46Z","2026-07-10","2031-06-20","","FALSE","BBSF","FALSE","FALSE","","25,000,000","","USD","","","","","","","","","","","","","","","","","","","","","","","","","0.05","","","","","","0.01081","","","","","","false","","","3","","","A004","","","","","","","","2066625.00000","MNTH","","","","3","","","","UFRO","USD","","","","","false","0.99","","","","","","","","","","FALSE","","","","","","","","","QZHH8NT767RX","NA/CDS Corp Idx","CDX.NA.HY"
"4113683868000000101","","NEWT","TRAD","2026-07-09T18:36:21Z","","CR","","I","FALSE","2026-07-09T18:36:21Z","2026-07-10","2031-06-20","","FALSE","BBSF","FALSE","FALSE","","20,000,000","","USD","","","","","","","","","","","","","","","","","","","","","","","","","0.01","","","","","","0.009825","","","","","","false","","","3","","","A004","","","","","","","","340000.00000","MNTH","","","","3","","","","UFRO","USD","","","","","false","1","","","","","","","","","","FALSE","","","","","","","","","QZ4JMQKL3P03","NA/CDS Corp Idx","CDX.EM"
"4113696582000000201","4113695544000000101","MODI","TRAD","2026-07-09T18:39:29Z","TRUE","CR","","I","TRUE","2026-07-09T18:39:00Z","2026-03-20","2031-06-20","","FALSE","TPSE","FALSE","FALSE","","10,000,000","","USD","","","","","","","","","","","","","","","","","","","","","","","","","0.05","","","","","","108.098","","USD","","","","false","","","1","","","A004","","","","","","","","","MNTH","","","","3","","","","","","USD","","","","false","0.99","","","","","","","OTHR","","","FALSE","","","","","","","","","QZHH8NT767RX","NA/CDS Corp Idx","CDX.NA.HY"
"4113699379000000101","","NEWT","TRAD","2026-07-09T18:40:27Z","","CR","","I","TRUE","2026-07-09T18:40:27Z","2026-07-10","2031-06-20","","","TWSF","FALSE","FALSE","","130,000,000","","USD","","","","","","","","","","","","","","","","","","","","","","","","","0.01","","","","","","0.005069","","","","","","false","","","3","","","A004","","","","","","","","2912132.77680","MNTH","","","","3","","","","UFRO","USD","","","","","false","1","","","","","","","","","","FALSE","","","","","","","","","QZ3WVVQG5T8K","NA/CDS Corp Idx","CDX.NA.IG"
"4113586258000000201","","NEWT","TRAD","2026-07-09T18:31:13Z","","CR","","I","TRUE","2026-07-09T18:31:13Z","2026-07-10","2031-06-20","","FALSE","BBSF","FALSE","TRUE","","250,000,000+","","USD","","","","","","","","","","","","","","","","","","","","","","","","","0.01","","","","","","0.005063","","","","","","false","","","3","","","A004","","","","","","","","5607048.92000","MNTH","","","","3","","","","UFRO","USD","","","","","false","1","","","","","","","","","","FALSE","","","","","","","","","QZ3WVVQG5T8K","NA/CDS Corp Idx","CDX.NA.IG"
"4113422836000001301","","NEWT","TRAD","2026-07-09T18:17:02Z","","CR","","N","FALSE","2026-07-09T18:17:02Z","2026-07-11","2055-03-15","2055-03-15","TRUE","BILT","FALSE","FALSE","TRUE","110,000,000","","USD","","","","","","","","","","","","","","","","","","","","","","","","","","","","","","","1","","","","","","false","","","4","","","","","A004","","DAIL","","1","","","","","","","","","","","","","USD","","","","true","","","","","","","","OPET","","","FALSE","","","","","","","","","QZWBC8GZ8TBN","NA/CDS Corp Oth","Basket"
"4113422831000000801","","NEWT","TRAD","2026-07-09T18:17:26Z","","CR","","N","FALSE","2026-07-09T18:17:26Z","2026-07-11","2055-03-15","2055-03-15","TRUE","BILT","FALSE","FALSE","TRUE","5,000,000","","USD","","","","","","","","","","","","","","","","","","","","","","","","","","","","","","","1","","","","","","false","","","4","","","","","A004","","DAIL","","1","","","","","","","","","","","","","USD","","","","true","","","","","","","","OPET","","","FALSE","","","","","","","","","QZWBC8GZ8TBN","NA/CDS Corp Oth","Basket"
"4113503102000000101","","NEWT","TRAD","2026-07-09T18:23:00Z","","CR","","I","FALSE","2026-07-09T18:23:00Z","2026-03-20","2031-06-20","","","BILT","FALSE","FALSE","TRUE","50,000,000+","","USD","","","","","","","","","","","","","","","","","","","","","","","","","0.01","","","","","","","","","","","","false","","","","","","A004","","","","","","","","845000.00000","MNTH","","","","3","","","","UFRO","USD","","","","","false","1","","","","","","","","","","FALSE","","","","","","","","","QZ39BZSFH68L","NA/CDS Sov Idx","CDX.EM"
"4113726124000000101","","NEWT","TRAD","2026-07-09T18:49:41Z","","CR","","I","TRUE","2026-07-09T18:49:41Z","2026-07-10","2031-06-20","","FALSE","BBSF","FALSE","FALSE","","20,000,000","","USD","","","","","","","","","","","","","","","","","","","","","","","","","0.05","","","","","","0.01081","","","","","","false","","","3","","","A004","","","","","","","","1653300.00000","MNTH","","","","3","","","","UFRO","USD","","","","","false","0.99","","","","","","","","","","FALSE","","","","","","","","","QZHH8NT767RX","NA/CDS Corp Idx","CDX.NA.HY"
"4113760201000000202","4113760200000000101","MODI","TRAD","2026-07-09T18:55:22Z","TRUE","CR","","I","TRUE","2026-07-09T18:54:57Z","2026-03-20","2031-06-20","","FALSE","TPSE","FALSE","FALSE","","75,000,000","","USD","","","","","","","","","","","","","","","","","","","","","","","","","0.01","","","","","","0.00507","","","","","","false","","","3","","","A004","","","","","","","","","MNTH","","","","3","","","","","","USD","","","","false","1","","","","","","","OTHR","","","FALSE","","","","","","","","","QZ3WVVQG5T8K","NA/CDS Corp Idx","CDX.NA.IG"
"4110290610000000101","","NEWT","TRAD","2026-07-09T14:45:54Z","","CR","","I","TRUE","2026-07-09T14:45:54Z","2026-07-10","2031-06-20","","FALSE","BBSF","FALSE","FALSE","","100,000,000","","USD","","","","","","","","","","","","","","","","","","","","","","","","","0.01","","","","","","0.0050616","","","","","","false","","","3","","","A004","","","","","","","","2243453.65000","MNTH","","","","3","","","","UFRO","USD","","","","","false","1","","","","","","","","","","FALSE","","","","","","","","","QZ3WVVQG5T8K","NA/CDS Corp Idx","CDX.NA.IG"
"4110213054000000201","","NEWT","TRAD","2026-07-09T14:36:00Z","","CR","","I","TRUE","2026-07-09T14:36:00Z","2026-07-10","2031-06-20","","FALSE","BBSF","FALSE","TRUE","","50,000,000","","USD","","","","","","","","","","","","","","","","","","","","","","","","","0.05","","","","","","0.0108086","","","","","","false","","","3","","","A004","","","","","","","","4126320.00000","MNTH","","","","3","","","","UFRO","USD","","","","","false","0.99","","","","","","","","","","FALSE","","","","","","","","","QZHH8NT767RX","NA/CDS Corp Idx","CDX.NA.HY"
"4110295973000000101","","NEWT","TRAD","2026-07-09T14:47:05Z","","CR","","I","FALSE","2026-07-09T14:47:05Z","2026-03-20","2031-06-20","","FALSE","BILT","FALSE","FALSE","FALSE","25,000,000","","USD","","","","","","","","","","","","","","","","","","","","","","","","","0.01","","","","","","","","","","","","false","","","","","","A004","","","","","","","","","MNTH","","","","3","","","","","","USD","","","","false","1","","","","","","","","","","FALSE","","","","","","","","","QZ4JMQKL3P03","NA/CDS Corp Idx","CDX.EM"
"4110303691000000201","","NEWT","TRAD","2026-07-09T14:49:54Z","","CR","","I","TRUE","2026-07-09T14:49:54Z","2026-07-10","2031-06-20","","FALSE","BBSF","FALSE","FALSE","","10,000,000","","EUR","","","","","","","","","","","","","","","","","","","","","","","","","0.01","","","","","","0.0051515","","","","","","false","","","3","","","A004","","","","","","","","227954.27030","MNTH","","","","3","","","","UFRO","EUR","","","","","false","1","","","","","","","","","","FALSE","","","","","","","","","QZTQ4GTC5QMF","NA/CDS Corp Idx","ITRAXX EUROPE"
"4109805948000000101","","NEWT","TRAD","2026-07-09T13:51:57Z","","CR","","I","FALSE","2026-07-09T13:51:57Z","2026-07-10","2031-06-20","","","TWSF","FALSE","FALSE","","4,000,000","","USD","","","","","","","","","","","","","","","","","","","","","","","","","0.01","","","","","","0.0098182","","","","","","false","","","3","","","A004","","","","","","","","70720.00000","MNTH","","","","3","","","","UFRO","USD","","","","","false","1","","","","","","","","","","FALSE","","","","","","","","","QZ4JMQKL3P03","NA/CDS Corp Idx","CDX.EM"
"4109815412000000301","","NEWT","TRAD","2026-07-09T13:52:43Z","","CR","","I","TRUE","2026-07-09T13:52:43Z","2026-07-10","2031-06-20","","FALSE","BBSF","FALSE","FALSE","","15,000,000","","USD","","","","","","","","","","","","","","","","","","","","","","","","","0.05","","","","","","0.01081025","","","","","","false","","","3","","","A004","","","","","","","","1240346.25000","MNTH","","","","3","","","","UFRO","USD","","","","","false","0.99","","","","","","","","","","FALSE","","","","","","","","","QZHH8NT767RX","NA/CDS Corp Idx","CDX.NA.HY"
"4109843545000000101","","NEWT","TRAD","2026-07-09T13:54:13Z","","CR","","I","TRUE","2026-07-09T13:54:13Z","2026-07-10","2031-06-20","","FALSE","BBSF","FALSE","FALSE","","38,000,000","","EUR","","","","","","","","","","","","","","","","","","","","","","","","","0.01","","","","","","0.00517161","","","","","","false","","","3","","","A004","","","","","","","","862639.73699","MNTH","","","","3","","","","UFRO","EUR","","","","","false","1","","","","","","","","","","FALSE","","","","","","","","","QZTQ4GTC5QMF","NA/CDS Corp Idx","ITRAXX EUROPE"
"4109852020000000401","","NEWT","TRAD","2026-07-09T13:55:39Z","","CR","","I","TRUE","2026-07-09T13:55:39Z","2026-07-10","2031-06-20","","","TWSF","FALSE","FALSE","","10,000,000","","USD","","","","","","","","","","","","","","","","","","","","","","","","","0.01","","","","","","0.00505","","","","","","false","","","3","","","A004","","","","","","","","224870.78000","MNTH","","","","3","","","","UFRO","USD","","","","","false","1","","","","","","","","","","FALSE","","","","","","","","","QZ3WVVQG5T8K","NA/CDS Corp Idx","CDX.NA.IG"
"4109843546000000201","","NEWT","TRAD","2026-07-09T13:54:39Z","","CR","","I","TRUE","2026-07-09T13:54:39Z","2026-07-10","2031-06-20","","FALSE","BBSF","FALSE","FALSE","","10,000,000","","USD","","","","","","","","","","","","","","","","","","","","","","","","","0.05","","","","","","0.010812","","","","","","false","","","3","","","A004","","","","","","","","828630.00000","MNTH","","","","3","","","","UFRO","USD","","","","","false","0.99","","","","","","","","","","FALSE","","","","","","","","","QZHH8NT767RX","NA/CDS Corp Idx","CDX.NA.HY"
"4109527856000000401","3702847047000000101","TERM","NOVA","2026-07-09T13:33:09Z","","CR","","N","FALSE","2026-06-16T11:01:06Z","2026-06-17","2026-08-19","2031-06-20","FALSE","BILT","FALSE","FALSE","TRUE","300,000,000","","EUR","","","","","","","","","","","","","","","","","","","","","","","","2026-08-19","0.01","","279,000","EUR","","","","","","","57.5","EUR","false","","","","","1","A004","","","","","","","","","MNTH","","","","3","","","","","","","","","","false","","","","","","","","","","","FALSE","","","","","","","","","QZS1WNR5R2ND","NA/CDS Idx Swt","NA/CDS Corp Idx"
"4109892951000000201","","NEWT","TRAD","2026-07-09T14:00:45Z","","CR","","I","TRUE","2026-07-09T14:00:45Z","2026-07-10","2031-06-20","","FALSE","BBSF","FALSE","FALSE","","37,000,000","","EUR","","","","","","","","","","","","","","","","","","","","","","","","","0.01","","","","","","0.00517029","","","","","","false","","","3","","","A004","","","","","","","","840171.36000","MNTH","","","","3","","","","UFRO","EUR","","","","","false","1","","","","","","","","","","FALSE","","","","","","","","","QZTQ4GTC5QMF","NA/CDS Corp Idx","ITRAXX EUROPE"
"4109918218000000201","","NEWT","TRAD","2026-07-09T14:03:01Z","","CR","","I","TRUE","2026-07-09T14:03:01Z","2026-07-10","2031-06-20","","FALSE","BBSF","FALSE","FALSE","","100,000,000","","EUR","","","","","","","","","","","","","","","","","","","","","","","","","0.01","","","","","","0.00517129","","","","","","false","","","3","","","A004","","","","","","","","2270264.62000","MNTH","","","","3","","","","UFRO","EUR","","","","","false","1","","","","","","","","","","FALSE","","","","","","","","","QZTQ4GTC5QMF","NA/CDS Corp Idx","ITRAXX EUROPE"
"4109488455000000101","","NEWT","TRAD","2026-07-09T13:29:35Z","","CR","","I","TRUE","2026-07-09T13:29:35Z","2026-07-10","2031-06-20","","FALSE","BBSF","FALSE","FALSE","","5,000,000","","USD","","","","","","","","","","","","","","","","","","","","","","","","","0.05","","","","","","0.010807","","","","","","false","","","3","","","A004","","","","","","","","411840.00000","MNTH","","","","3","","","","UFRO","USD","","","","","false","0.99","","","","","","","","","","FALSE","","","","","","","","","QZHH8NT767RX","NA/CDS Corp Idx","CDX.NA.HY"
"4109495071000000101","","NEWT","TRAD","2026-07-09T13:30:08Z","","CR","","I","TRUE","2026-07-09T13:30:08Z","2026-07-10","2031-06-20","","","TWSF","FALSE","FALSE","","25,000,000","","EUR","","","","","","","","","","","","","","","","","","","","","","","","","0.05","","","","","","0.0245958","","","","","","false","","","3","","","A004","","","","","","","","2765039.31000","MNTH","","","","3","","","","UFRO","EUR","","","","","false","1","","","","","","","","","","FALSE","","","","","","","","","QZ3HM9KVK2WL","NA/CDS Corp Idx","ITRAXX EUROPE CROSSOVER"
"4109383950000000101","","NEWT","TRAD","2026-07-09T13:21:04Z","","CR","","I","TRUE","2026-07-09T13:21:04Z","2026-07-10","2031-06-20","","","TWSF","FALSE","TRUE","","76,000,000+","","USD","","","","","","","","","","","","","","","","","","","","","","","","","0.05","","","","","","0.0108058","","","","","","false","","","3","","","A004","","","","","","","","6250939.20000","MNTH","","","","3","","","","UFRO","USD","","","","","false","0.99","","","","","","","","","","FALSE","","","","","","","","","QZHH8NT767RX","NA/CDS Corp Idx","CDX.NA.HY"
"4109502920000000301","","NEWT","TRAD","2026-07-09T13:30:48Z","","CR","","I","TRUE","2026-07-09T13:30:48Z","2026-07-10","2036-06-20","","","TWSF","FALSE","FALSE","","25,000,000","","USD","","","","","","","","","","","","","","","","","","","","","","","","","0.01","","","","","","0.0090735","","","","","","false","","","3","","","A004","","","","","","","","191130.44270","MNTH","","","","3","","","","UFRO","USD","","","","","false","1","","","","","","","","","","TRUE","","","","0.39921","","3","","","QZ21S8101WKL","NA/CDS Corp Idx","CDX.NA.IG"
"4109661262000000201","","NEWT","TRAD","2026-07-09T13:41:31Z","","CR","","I","TRUE","2026-07-09T13:41:31Z","2026-07-10","2031-06-20","","FALSE","BBSF","FALSE","FALSE","","100,000,000","","EUR","","","","","","","","","","","","","","","","","","","","","","","","","0.01","","","","","","0.0051841","","","","","","false","","","3","","","A004","","","","","","","","2264259.79000","MNTH","","","","3","","","","UFRO","EUR","","","","","false","1","","","","","","","","","","FALSE","","","","","","","","","QZTQ4GTC5QMF","NA/CDS Corp Idx","ITRAXX EUROPE"
"4109519457000000601","","NEWT","TRAD","2026-07-09T13:32:35Z","","CR","","I","TRUE","2026-07-09T13:32:35Z","2026-07-10","2031-06-20","","FALSE","BBSF","FALSE","TRUE","","250,000,000+","","USD","","","","","","","","","","","","","","","","","","","","","","","","","0.01","","","","","","0.005086","","","","","","false","","","3","","","A004","","","","","","","","5581008.65000","MNTH","","","","3","","","","UFRO","USD","","","","","false","1","","","","","","","","","","FALSE","","","","","","","","","QZ3WVVQG5T8K","NA/CDS Corp Idx","CDX.NA.IG"
"4109708543000000101","","NEWT","TRAD","2026-07-09T13:44:04Z","","CR","","I","TRUE","2026-07-09T13:44:04Z","2025-09-22","2030-12-20","","FALSE","TPSE","FALSE","FALSE","","25,000,000","","USD","","","","","","","","","","","","","","","","","","","","","","","","","0.01","","","","","","0.00465","","","","","","false","","","3","","","A004","","","","","","","","","MNTH","","","","3","","","","","","USD","","","","false","1","","","","","","","OTHR","","","FALSE","","","","","","","","","QZN3HTTN5303","NA/CDS Corp Idx","CDX.NA.IG"
"4109720631000000201","","NEWT","TRAD","2026-07-09T13:45:17Z","","CR","","I","TRUE","2026-07-09T13:45:17Z","2026-07-10","2031-06-20","","FALSE","BBSF","FALSE","FALSE","","12,000,000","","EUR","","","","","","","","","","","","","","","","","","","","","","","","","0.01","","","","","","0.00517904","","","","","","false","","","3","","","A004","","","","","","","","271995.80000","MNTH","","","","3","","","","UFRO","EUR","","","","","false","1","","","","","","","","","","FALSE","","","","","","","","","QZTQ4GTC5QMF","NA/CDS Corp Idx","ITRAXX EUROPE"
"4109720630000000101","","NEWT","TRAD","2026-07-09T13:45:05Z","","CR","","I","TRUE","2026-07-09T13:45:05Z","2026-07-10","2031-06-20","","","TWSF","FALSE","FALSE","","15,000,000","","EUR","","","","","","","","","","","","","","","","","","","","","","","","","0.01","","","","","","0.0054326","","","","","","false","","","3","","","A004","","","","","","","","322184.26000","MNTH","","","","3","","","","UFRO","EUR","","","","","false","1","","","","","","","","","","FALSE","","","","","","","","","QZTB38W3WJ98","NA/CDS Corp Idx","ITRAXX EUROPE SENIOR FINANCIALS"
"4109727031000000301","","NEWT","TRAD","2026-07-09T13:45:43Z","","CR","","I","TRUE","2026-07-09T13:45:43Z","2026-07-10","2031-06-20","","FALSE","BBSF","FALSE","FALSE","","50,000,000","","USD","","","","","","","","","","","","","","","","","","","","","","","","","0.01","","","","","","0.005063","","","","","","false","","","3","","","A004","","","","","","","","1121409.78000","MNTH","","","","3","","","","UFRO","USD","","","","","false","1","","","","","","","","","","FALSE","","","","","","","","","QZ3WVVQG5T8K","NA/CDS Corp Idx","CDX.NA.IG"
"4109732847000000201","","NEWT","TRAD","2026-07-09T13:46:23Z","","CR","","I","TRUE","2026-07-09T13:46:23Z","2026-07-10","2031-06-20","","","TWSF","FALSE","FALSE","","10,000,000","","EUR","","","","","","","","","","","","","","","","","","","","","","","","","0.01","","","","","","0.0051755","","","","","","false","","","3","","","A004","","","","","","","","226829.11000","MNTH","","","","3","","","","UFRO","EUR","","","","","false","1","","","","","","","","","","FALSE","","","","","","","","","QZTQ4GTC5QMF","NA/CDS Corp Idx","ITRAXX EUROPE"
"4109968475000000301","","NEWT","TRAD","2026-07-09T14:07:26Z","","CR","","I","TRUE","2026-07-09T14:07:26Z","2026-07-10","2031-06-20","","FALSE","BBSF","FALSE","FALSE","","77,000,000","","EUR","","","","","","","","","","","","","","","","","","","","","","","","","0.01","","","","","","0.0051725","","","","","","false","","","3","","","A004","","","","","","","","1747666.99000","MNTH","","","","3","","","","UFRO","EUR","","","","","false","1","","","","","","","","","","FALSE","","","","","","","","","QZTQ4GTC5QMF","NA/CDS Corp Idx","ITRAXX EUROPE"
"4109918222000000601","","NEWT","TRAD","2026-07-09T14:03:17Z","","CR","","I","TRUE","2026-07-09T14:03:17Z","2026-07-10","2031-06-20","","FALSE","BBSF","FALSE","TRUE","","250,000,000+","","USD","","","","","","","","","","","","","","","","","","","","","","","","","0.01","","","","","","0.005069","","","","","","false","","","3","","","A004","","","","","","","","5600287.24239","MNTH","","","","3","","","","UFRO","USD","","","","","false","1","","","","","","","","","","TRUE","","","","0.0004166","","3","","","QZ3WVVQG5T8K","NA/CDS Corp Idx","CDX.NA.IG"
"4110038891000000201","4110038890000000101","MODI","TRAD","2026-07-09T14:15:02Z","TRUE","CR","","I","TRUE","2026-07-09T14:14:44Z","2026-03-20","2031-06-20","","FALSE","TPSE","FALSE","FALSE","","20,000,000","","USD","","","","","","","","","","","","","","","","","","","","","","","","","0.05","","","","","","108.091","","USD","","","","false","","","1","","","A004","","","","","","","","","MNTH","","","","3","","","","","","USD","","","","false","0.99","","","","","","","OTHR","","","FALSE","","","","","","","","","QZHH8NT767RX","NA/CDS Corp Idx","CDX.NA.HY"
"4110056877000000501","","NEWT","TRAD","2026-07-09T14:16:53Z","","CR","","I","TRUE","2026-07-09T14:16:53Z","2026-07-10","2031-06-20","","FALSE","BBSF","FALSE","FALSE","","25,000,000","","EUR","","","","","","","","","","","","","","","","","","","","","","","","","0.01","","","","","","0.005179","","","","","","false","","","3","","","A004","","","","","","","","566662.60000","MNTH","","","","3","","","","UFRO","EUR","","","","","false","1","","","","","","","","","","FALSE","","","","","","","","","QZTQ4GTC5QMF","NA/CDS Corp Idx","ITRAXX EUROPE"
"4110056874000000201","","NEWT","TRAD","2026-07-09T14:16:39Z","","CR","","I","TRUE","2026-07-09T14:16:39Z","2026-07-10","2031-06-20","","FALSE","BBSF","FALSE","FALSE","","10,000,000","","USD","","","","","","","","","","","","","","","","","","","","","","","","","0.05","","","","","","0.010806","","","","","","false","","","3","","","A004","","","","","","","","822690.00000","MNTH","","","","3","","","","UFRO","USD","","","","","false","0.99","","","","","","","","","","FALSE","","","","","","","","","QZHH8NT767RX","NA/CDS Corp Idx","CDX.NA.HY"
"4109833695000000101","","NEWT","TRAD","2026-07-09T13:53:28Z","","CR","","N","FALSE","2026-07-09T13:53:28Z","2026-03-20","2026-07-15","2031-06-20","FALSE","BILT","FALSE","FALSE","TRUE","350,199,986+","","EUR","","","","","","","","","","","","","","","","","","","","","","","","2026-07-15","0.01","","3,502","EUR","","","","","","","0.01","","false","","","","","3","A004","","","","","","","","","MNTH","","","","3","","","","","","","","","","false","1","","","","","","","","","","FALSE","","","","","","","","","QZS1WNR5R2ND","NA/CDS Idx Swt","NA/CDS Corp Idx"
"4109217847000000101","","NEWT","TRAD","2026-07-09T13:05:30Z","FALSE","CR","","I","TRUE","2026-07-09T13:05:30Z","2026-07-09","2026-08-19","","","BILT","FALSE","FALSE","TRUE","350,199,986+","","EUR","","","","","","","","","","","","","","","","","","","","","","","","2026-08-19","","","77,043.45","EUR","","","0.0075","","","","0.0075","","false","","","3","","3","","","","","","","","","","","","","","","","","","","","","","","","false","1","","","","","","","","","","FALSE","","","","","","","","","QZS1WNR5R2ND","NA/CDS Idx Swt","NA/CDS Corp Idx"
"4110632471000000701","","NEWT","TRAD","2026-07-09T15:42:42Z","","CR","","I","FALSE","2026-07-09T15:42:42Z","2026-07-10","2031-06-20","","","TWSF","FALSE","TRUE","","250,000,000+","","USD","","","","","","","","","","","","","","","","","","","","","","","","","0.01","","","","","","0.005045","","","","","","false","","","3","","","A004","","","","","","","","5627431.57000","MNTH","","","","3","","","","UFRO","USD","","","","","false","1","","","","","","","","","","FALSE","","","","","","","","","QZ3WVVQG5T8K","NA/CDS Corp Idx","CDX.NA.IG"
"4110560817000000401","","NEWT","TRAD","2026-07-09T15:30:16Z","","CR","","N","FALSE","2026-07-09T15:30:16Z","2026-09-16","2026-09-16","","FALSE","BILT","FALSE","FALSE","TRUE","60,000,000","","USD","","","","","","","","","","","","","","","","","","","","","","","","2026-09-16","","","22,499.925","USD","","","","","","","0.00475","","false","","","","","3","A004","","","","","","","","0.00000","MNTH","","","","3","","","","UFRO","USD","","","","","false","","","","","","","","","","","FALSE","","","","","","","","","QZ7WW76RFHN3","NA/CDS Idx Swt","NA/CDS Corp Idx"
"4110671848000000101","","NEWT","TRAD","2026-07-09T15:46:54Z","","CR","","I","TRUE","2026-07-09T15:46:54Z","2026-07-10","2031-06-20","","FALSE","BBSF","FALSE","FALSE","","50,000,000","","EUR","","","","","","","","","","","","","","","","","","","","","","","","","0.01","","","","","","0.0051469","","","","","","false","","","3","","","A004","","","","","","","","1140849.70000","MNTH","","","","3","","","","UFRO","EUR","","","","","false","1","","","","","","","","","","FALSE","","","","","","","","","QZTQ4GTC5QMF","NA/CDS Corp Idx","ITRAXX EUROPE"
"4110497867000000101","","NEWT","TRAD","2026-07-09T15:19:45Z","","CR","","I","TRUE","2026-07-09T15:19:45Z","2026-07-10","2031-06-20","","FALSE","BBSF","FALSE","FALSE","","1,000,000","","EUR","","","","","","","","","","","","","","","","","","","","","","","","","0.05","","","","","","0.02437763","","","","","","false","","","3","","","A004","","","","","","","","111623.00343","MNTH","","","","3","","","","UFRO","EUR","","","","","false","1","","","","","","","","","","FALSE","","","","","","","","","QZ3HM9KVK2WL","NA/CDS Corp Idx","ITRAXX EUROPE CROSSOVER"
"4110507994000000201","","NEWT","TRAD","2026-07-09T15:21:39Z","","CR","","I","FALSE","2026-07-09T15:21:39Z","2026-03-20","2031-06-20","","FALSE","TPSE","FALSE","FALSE","","10,000,000","","USD","","","","","","","","","","","","","","","","","","","","","","","","","0.01","","","","","","98.22","","USD","","","","false","","","1","","","A004","","","","","","","","","MNTH","","","","3","","","","","","USD","","","","false","1","","","","","","","OTHR","","","FALSE","","","","","","","","","QZ4JMQKL3P03","NA/CDS Corp Idx","CDX.EM"
"4110463831000000101","","NEWT","TRAD","2026-07-09T15:14:24Z","","CR","","I","TRUE","2026-07-09T15:14:24Z","2026-07-10","2030-12-20","","FALSE","BBSF","FALSE","TRUE","","166,344,993+","","EUR","","","","","","","","","","","","","","","","","","","","","","","","","0.01","","","","","","0.004637","","","","","","false","","","3","","","A004","","","","","","","","3811440.66815","MNTH","","","","3","","","","UFRO","EUR","","","","","false","1","","","","","","","","","","TRUE","","","","0.000486","","3","","","QZFB31MBHLT9","NA/CDS Corp Idx","ITRAXX EUROPE"
"4110489204000000101","","NEWT","TRAD","2026-07-09T15:00:00Z","","CR","","N","FALSE","2026-07-09T15:00:00Z","2026-10-21","2026-10-21","2031-06-20","FALSE","BILT","FALSE","FALSE","TRUE","350,199,986+","","EUR","","","","","","","","","","","","","","","","","","","","","","","","2026-10-21","0.01","","350,200","EUR","","","","","","","0.007","","false","","","","","3","A004","","","","","","","","","MNTH","","","","3","","","","","","","","","","false","","","","","","","","","","","TRUE","0.00075","","3","","","","","","QZ8Z2HV2KGSW","NA/CDS Idx Swt","NA/CDS Corp Idx"
"4110476394000000101","","NEWT","TRAD","2026-07-09T15:16:36Z","","CR","","I","FALSE","2026-07-09T15:16:36Z","2026-07-10","2031-06-20","","","TWSF","FALSE","TRUE","","250,000,000+","","USD","","","","","","","","","","","","","","","","","","","","","","","","","0.01","","","","","","0.005047","","","","","","false","","","3","","","A004","","","","","","","","5625166.68000","MNTH","","","","3","","","","UFRO","USD","","","","","false","1","","","","","","","","","","FALSE","","","","","","","","","QZ3WVVQG5T8K","NA/CDS Corp Idx","CDX.NA.IG"
"4110569764000000401","4110568223000000201","MODI","TRAD","2026-07-09T15:32:36Z","TRUE","CR","","I","TRUE","2026-07-09T15:31:57Z","2026-03-20","2031-06-20","","FALSE","TPSE","FALSE","FALSE","","50,000,000","","USD","","","","","","","","","","","","","","","","","","","","","","","","","0.01","","","","","","0.005045","","","","","","false","","","3","","","A004","","","","","","","","","MNTH","","","","3","","","","","","USD","","","","false","1","","","","","","","OTHR","","","FALSE","","","","","","","","","QZ3WVVQG5T8K","NA/CDS Corp Idx","CDX.NA.IG"
"4110574523000000301","4110569762000000201","MODI","TRAD","2026-07-09T15:32:50Z","TRUE","CR","","I","TRUE","2026-07-09T15:32:13Z","2026-03-20","2031-06-20","","FALSE","TPSE","FALSE","FALSE","","150,000,000","","USD","","","","","","","","","","","","","","","","","","","","","","","","","0.01","","","","","","0.005045","","","","","","false","","","3","","","A004","","","","","","","","","MNTH","","","","3","","","","","","USD","","","","false","1","","","","","","","OTHR","","","FALSE","","","","","","","","","QZ3WVVQG5T8K","NA/CDS Corp Idx","CDX.NA.IG"
"4110579425000000201","4110574522000000201","MODI","TRAD","2026-07-09T15:33:32Z","TRUE","CR","","I","TRUE","2026-07-09T15:32:44Z","2026-03-20","2031-06-20","","FALSE","TPSE","FALSE","FALSE","","200,000,000","","USD","","","","","","","","","","","","","","","","","","","","","","","","","0.01","","","","","","0.005045","","","","","","false","","","3","","","A004","","","","","","","","","MNTH","","","","3","","","","","","USD","","","","false","1","","","","","","","OTHR","","","FALSE","","","","","","","","","QZ3WVVQG5T8K","NA/CDS Corp Idx","CDX.NA.IG"
"4110584853000000201","","NEWT","TRAD","2026-07-09T15:34:39Z","","CR","","I","FALSE","2026-07-09T15:34:39Z","2026-07-10","2031-06-20","","FALSE","BBSF","FALSE","FALSE","","5,000,000","","USD","","","","","","","","","","","","","","","","","","","","","","","","","0.01","","","","","","0.0098221","","","","","","false","","","3","","","A004","","","","","","","","86450.00000","MNTH","","","","3","","","","UFRO","USD","","","","","false","1","","","","","","","","","","FALSE","","","","","","","","","QZ4JMQKL3P03","NA/CDS Corp Idx","CDX.EM"
"4110538959000000101","","NEWT","TRAD","2026-07-09T15:16:51Z","","CR","","N","FALSE","2026-07-09T15:16:51Z","2026-03-20","2026-09-16","2031-06-20","FALSE","BILT","FALSE","FALSE","TRUE","100,000,000","","USD","","","","","","","","","","","","","","","","","","","","","","","","2026-09-16","0.05","","153,450","USD","","","","","","","108.5","USD","false","","","","","1","A004","","","","","","","","","MNTH","","","","3","","","","","","","","","","false","0.99","","","","","","","","","","FALSE","","","","","","","","","QZHJMSG8W2ZX","NA/CDS Idx Swt","NA/CDS Corp Idx"
"4111017608000006101","","NEWT","TRAD","2026-07-09T16:06:28Z","","CR","","I","TRUE","2026-07-09T16:06:28Z","2026-07-10","2031-06-20","","","TWSF","FALSE","FALSE","","9,000,000","","EUR","","","","","","","","","","","","","","","","","","","","","","","","","0.05","","","","","","0.024371","","","","","","false","","","3","","","A004","","","","","","","","1004891.67000","MNTH","","","","3","","","","UFRO","EUR","","","","","false","1","","","","","","","","","","FALSE","","","","","","","","","QZ3HM9KVK2WL","NA/CDS Corp Idx","ITRAXX EUROPE CROSSOVER"
"4111111023000000101","","NEWT","TRAD","2026-07-09T16:08:11Z","FALSE","CR","","N","FALSE","2026-07-09T16:08:11Z","2026-07-09","2054-11-18","","FALSE","BILT","FALSE","FALSE","FALSE","10,000,000","","USD","","","","","","","","","","","","","","","","","","","","","","","","","0.03","","","","","","","","","","","","false","","","","","","A004","","","","","","","","1038333.33000","MNTH","","","","1","","","","UFRO","USD","","","","","false","1","","","","","","","","","","FALSE","","","","","","","","","QZW8Q42DFGR0","NA/CDS Corp Idx","CMBX.NA.BBB-"
"4111150687000000102","4111146537000000101","MODI","TRAD","2026-07-09T16:16:13Z","TRUE","CR","","I","TRUE","2026-07-09T16:15:39Z","2026-03-20","2031-06-20","","FALSE","TPSE","FALSE","FALSE","","50,000,000","","USD","","","","","","","","","","","","","","","","","","","","","","","","","0.01","","","","","","0.005035","","","","","","false","","","3","","","A004","","","","","","","","","MNTH","","","","3","","","","","","USD","","","","false","1","","","","","","","OTHR","","","FALSE","","","","","","","","","QZ3WVVQG5T8K","NA/CDS Corp Idx","CDX.NA.IG"
"4115409587000000101","","NEWT","TRAD","2026-07-09T20:49:52Z","","CR","","I","TRUE","2026-07-09T20:49:52Z","2026-03-20","2031-06-20","","FALSE","TPSE","FALSE","FALSE","","5,000,000","","USD","","","","","","","","","","","","","","","","","","","","","","","","","0.05","","","","","","108.0775","","USD","","","","false","","","1","","","A004","","","","","","","","","MNTH","","","","3","","","","","","USD","","","","false","0.99","","","","","","","OTHR","","","FALSE","","","","","","","","","QZHH8NT767RX","NA/CDS Corp Idx","CDX.NA.HY"
"4104097664000000101","","NEWT","TRAD","2026-07-09T09:39:24Z","","CR","","I","TRUE","2026-07-09T09:39:24Z","2026-07-10","2031-06-20","","FALSE","BBSF","FALSE","FALSE","","35,000,000","","EUR","","","","","","","","","","","","","","","","","","","","","","","","","0.01","","","","","","0.005196","","","","","","false","","","3","","","A004","","","","","","","","790538.73000","MNTH","","","","3","","","","UFRO","EUR","","","","","false","1","","","","","","","","","","FALSE","","","","","","","","","QZTQ4GTC5QMF","NA/CDS Corp Idx","ITRAXX EUROPE"
"4101445715000000101","","NEWT","TRAD","2026-07-09T08:36:45Z","","CR","","I","TRUE","2026-07-09T08:36:45Z","2026-07-10","2031-06-20","","FALSE","BBSF","FALSE","TRUE","","166,344,993+","","EUR","","","","","","","","","","","","","","","","","","","","","","","","","0.01","","","","","","0.005175","","","","","","false","","","3","","","A004","","","","","","","","3773571.85841","MNTH","","","","3","","","","UFRO","EUR","","","","","false","1","","","","","","","","","","TRUE","","","","0.005175","","3","","","QZTQ4GTC5QMF","NA/CDS Corp Idx","ITRAXX EUROPE"
"4099637962000000101","","NEWT","TRAD","2026-07-09T07:56:09Z","","CR","","I","TRUE","2026-07-09T07:56:09Z","2026-07-10","2031-06-20","","FALSE","BBSF","FALSE","FALSE","","10,000,000","","EUR","","","","","","","","","","","","","","","","","","","","","","","","","0.05","","","","","","0.0245448","","","","","","false","","","3","","","A004","","","","","","","","1108403.19000","MNTH","","","","3","","","","UFRO","EUR","","","","","false","1","","","","","","","","","","FALSE","","","","","","","","","QZ3HM9KVK2WL","NA/CDS Corp Idx","ITRAXX EUROPE CROSSOVER"
"4107075176000000101","","NEWT","TRAD","2026-07-09T10:40:24Z","","CR","","I","TRUE","2026-07-09T10:40:24Z","2026-07-10","2031-06-20","","FALSE","BBSF","FALSE","FALSE","","10,000,000","","EUR","","","","","","","","","","","","","","","","","","","","","","","","","0.05","","","","","","0.024795","","","","","","false","","","3","","","A004","","","","","","","","1096699.46000","MNTH","","","","3","","","","UFRO","EUR","","","","","false","1","","","","","","","","","","FALSE","","","","","","","","","QZ3HM9KVK2WL","NA/CDS Corp Idx","ITRAXX EUROPE CROSSOVER"
"4107207436000000101","","NEWT","TRAD","2026-07-09T10:44:00Z","","CR","","I","TRUE","2026-07-09T10:44:00Z","2026-07-10","2031-06-20","","FALSE","BBSF","FALSE","FALSE","","10,000,000","","EUR","","","","","","","","","","","","","","","","","","","","","","","","","0.05","","","","","","0.0247848","","","","","","false","","","3","","","A004","","","","","","","","1097176.15000","MNTH","","","","3","","","","UFRO","EUR","","","","","false","1","","","","","","","","","","FALSE","","","","","","","","","QZ3HM9KVK2WL","NA/CDS Corp Idx","ITRAXX EUROPE CROSSOVER"
"4107420817000000101","","NEWT","TRAD","2026-07-09T10:53:12Z","","CR","","I","FALSE","2026-07-09T10:53:12Z","2026-07-10","2031-06-20","","FALSE","BILT","FALSE","FALSE","FALSE","10,000,000","","USD","","","","","","","","","","","","","","","","","","","","","","","","","0.01","","","","","","","","","","","","false","","","","","","A004","","","","","","","","176000.00000","MNTH","","","","3","","","","UFRO","USD","","","","","false","1","","","","","","","","","","FALSE","","","","","","","","","QZ4JMQKL3P03","NA/CDS Corp Idx","CDX.EM"
"4107443660000000201","","NEWT","TRAD","2026-07-09T10:56:19Z","","CR","","I","TRUE","2026-07-09T10:56:19Z","2026-07-10","2031-06-20","","FALSE","BBSF","FALSE","FALSE","","20,000,000","","EUR","","","","","","","","","","","","","","","","","","","","","","","","","0.05","","","","","","0.024887","","","","","","false","","","3","","","A004","","","","","","","","2184803.11000","MNTH","","","","3","","","","UFRO","EUR","","","","","false","1","","","","","","","","","","FALSE","","","","","","","","","QZ3HM9KVK2WL","NA/CDS Corp Idx","ITRAXX EUROPE CROSSOVER"
"4101765611000000201","","NEWT","TRAD","2026-07-09T08:42:43Z","","CR","","I","TRUE","2026-07-09T08:42:43Z","2026-07-10","2031-06-20","","FALSE","BBSF","FALSE","FALSE","","25,000,000","","EUR","","","","","","","","","","","","","","","","","","","","","","","","","0.05","","","","","","0.02462835","","","","","","false","","","3","","","A004","","","","","","","","2761231.11000","MNTH","","","","3","","","","UFRO","EUR","","","","","false","1","","","","","","","","","","FALSE","","","","","","","","","QZ3HM9KVK2WL","NA/CDS Corp Idx","ITRAXX EUROPE CROSSOVER"
"4107541567000000201","","NEWT","TRAD","2026-07-09T11:04:26Z","","CR","","I","TRUE","2026-07-09T11:04:26Z","2026-07-10","2031-06-20","","FALSE","BBSF","FALSE","FALSE","","12,000,000","","EUR","","","","","","","","","","","","","","","","","","","","","","","","","0.01","","","","","","0.00521549","","","","","","false","","","3","","","A004","","","","","","","","269945.76000","MNTH","","","","3","","","","UFRO","EUR","","","","","false","1","","","","","","","","","","FALSE","","","","","","","","","QZTQ4GTC5QMF","NA/CDS Corp Idx","ITRAXX EUROPE"
"4111748301000000301","","NEWT","TRAD","2026-07-09T16:49:44Z","","CR","","N","FALSE","2026-07-09T16:49:44Z","2026-07-10","2064-11-18","","FALSE","BILT","FALSE","FALSE","FALSE","5,000,000","","USD","","","","","","","","","","","","","","","","","","","","","","","","","0.05","","","","","","","","","","","","false","","","","","","A004","","","","","","","","952777.78000","MNTH","","","","1","","","","UFRO","USD","USD","","","","false","1","","","","","","","","","","FALSE","","","","","","","","","QZ74JHWP5LPJ","NA/CDS Corp Idx","CMBX.NA.BB"
"4111760252000000201","","NEWT","TRAD","2026-07-09T16:57:51Z","","CR","","N","FALSE","2026-07-09T16:57:51Z","2026-07-10","2030-12-20","","TRUE","BILT","FALSE","FALSE","FALSE","8,000,000","","USD","","","","","","","","","","","","","","","","","","","","","","","","","0.05","","","","","","","","","","","","false","","","","","","A004","","","","","","","","533599.46640","MNTH","","","","3","","","","UFRO","USD","","","","","false","0.98","","","","","","","","","","FALSE","","","","","","","","","QZ7ZRB20S7R5","NA/CDS Corp Idx Tra","CDX.NA.HY"
"4111862946000000101","","NEWT","TRAD","2026-07-09T17:05:29Z","","CR","","I","TRUE","2026-07-09T17:05:29Z","2026-07-10","2031-06-20","","","TWSF","FALSE","FALSE","","38,000,000","","USD","","","","","","","","","","","","","","","","","","","","","","","","","0.01","","","","","","0.00503699","","","","","","false","","","3","","","A004","","","","","","","","856752.26312","MNTH","","","","3","","","","UFRO","USD","","","","","false","1","","","","","","","","","","FALSE","","","","","","","","","QZ3WVVQG5T8K","NA/CDS Corp Idx","CDX.NA.IG"
"4111879280000000101","","NEWT","TRAD","2026-07-09T16:55:46Z","","CR","","N","FALSE","2026-07-09T16:55:46Z","2026-07-10","2064-11-18","","FALSE","BILT","FALSE","FALSE","FALSE","5,000,000","","USD","","","","","","","","","","","","","","","","","","","","","","","","","0.03","","","","","","","","","","","","false","","","","","","A004","","","","","","","","669166.67000","MNTH","","","","1","","","","UFRO","USD","USD","","","","false","1","","","","","","","","","","FALSE","","","","","","","","","QZPD14V70KWX","NA/CDS Corp Idx","CMBX.NA.BBB-"
"4111479114000000301","4111361654000000101","MODI","TRAD","2026-07-09T16:27:34Z","TRUE","CR","","I","TRUE","2026-07-09T16:25:21Z","2026-03-20","2031-06-20","","","BILT","FALSE","FALSE","","150,000,000","","USD","","","","","","","","","","","","","","","","","","","","","","","","","0.01","","","","","","","","","","","","false","","","","","","A004","","","","","","","","3379856.36000","MNTH","","","","3","","","","UFRO","USD","","","","","false","1","","","","","","","","","","FALSE","","","","","","","","","QZ3WVVQG5T8K","NA/CDS Corp Idx","CDX.NA.IG"
"4111518734000000101","","NEWT","TRAD","2026-07-09T16:36:56Z","","CR","","I","TRUE","2026-07-09T16:36:56Z","2026-07-10","2031-06-20","","","TWSF","FALSE","FALSE","","370,000","","USD","","","","","","","","","","","","","","","","","","","","","","","","","0.05","","","","","","0.01081175","","","","","","false","","","3","","","A004","","","","","","","","30650.14741","MNTH","","","","3","","","","UFRO","USD","","","","","false","0.99","","","","","","","","","","FALSE","","","","","","","","","QZHH8NT767RX","NA/CDS Corp Idx","CDX.NA.HY"
"4111717908000000301","2707076544000000301","TERM","ETRM","2026-07-09T16:54:10Z","","CR","","N","FALSE","2026-04-13T18:30:14Z","2026-07-11","2055-03-15","2055-03-15","TRUE","BILT","FALSE","FALSE","TRUE","5,000,000","","USD","","","","","","","","","","","","","","","","","","","","","","","","","","","","","","","1","","","","","","false","","","4","","","","","A004","","DAIL","","1","","","","","","","","","","","","","USD","","","","true","","","","","","","","OPET","","","FALSE","","","","","","","","","QZWBC8GZ8TBN","NA/CDS Corp Oth","Basket"
"4111717909000000401","2707074245000000401","TERM","ETRM","2026-07-09T16:54:17Z","","CR","","N","FALSE","2026-04-13T18:29:26Z","2026-07-11","2055-03-15","2055-03-15","TRUE","BILT","FALSE","FALSE","TRUE","6,000,000","","USD","","","","","","","","","","","","","","","","","","","","","","","","","","","","","","","1","","","","","","false","","","4","","","","","A004","","DAIL","","1","","","","","","","","","","","","","USD","","","","true","","","","","","","","OPET","","","FALSE","","","","","","","","","QZWBC8GZ8TBN","NA/CDS Corp Oth","Basket"
"4111726865000000201","2707074911000000201","TERM","ETRM","2026-07-09T16:55:01Z","","CR","","N","FALSE","2026-04-13T18:29:52Z","2026-07-11","2055-03-15","2055-03-15","TRUE","BILT","FALSE","FALSE","TRUE","6,000,000","","USD","","","","","","","","","","","","","","","","","","","","","","","","","","","","","","","1","","","","","","false","","","4","","","","","A004","","DAIL","","1","","","","","","","","","","","","","USD","","","","true","","","","","","","","OPET","","","FALSE","","","","","","","","","QZWBC8GZ8TBN","NA/CDS Corp Oth","Basket"
"4111699847000000101","","NEWT","TRAD","2026-07-09T16:53:45Z","","CR","","I","TRUE","2026-07-09T16:53:45Z","2026-07-10","2031-06-20","","","TWSF","FALSE","FALSE","","5,000,000","","USD","","","","","","","","","","","","","","","","","","","","","","","","","0.05","","","","","","0.01081375","","","","","","false","","","3","","","A004","","","","","","","","415182.00243","MNTH","","","","3","","","","UFRO","USD","","","","","false","0.99","","","","","","","","","","FALSE","","","","","","","","","QZHH8NT767RX","NA/CDS Corp Idx","CDX.NA.HY"
"4111711629000000101","","NEWT","TRAD","2026-07-09T16:46:23Z","","CR","","N","FALSE","2026-07-09T16:46:23Z","2026-07-10","2072-12-16","","FALSE","BILT","FALSE","FALSE","FALSE","10,000,000","","USD","","","","","","","","","","","","","","","","","","","","","","","","","0.05","","","","","","","","","","","","false","","","","","","A004","","","","","","","","2905555.56000","MNTH","","","","1","","","","UFRO","USD","USD","","","","false","1","","","","","","","","","","FALSE","","","","","","","","","QZKQC4H7728D","NA/CDS Corp Idx","CMBX.NA.BB"
"4111732413000000101","","NEWT","TRAD","2026-07-09T16:57:34Z","","CR","","I","TRUE","2026-07-09T16:57:34Z","2026-07-10","2031-06-20","","FALSE","BBSF","FALSE","FALSE","","180,000,000","","USD","","","","","","","","","","","","","","","","","","","","","","","","","0.01","","","","","","0.0050365","","","","","","false","","","3","","","A004","","","","","","","","4058675.92751","MNTH","","","","3","","","","UFRO","USD","","","","","false","1","","","","","","","","","","FALSE","","","","","","","","","QZ3WVVQG5T8K","NA/CDS Corp Idx","CDX.NA.IG"
"4111738294000000701","","NEWT","TRAD","2026-07-09T16:55:41Z","","CR","","N","FALSE","2026-07-09T16:55:41Z","2026-07-11","2055-03-15","2055-03-15","TRUE","BILT","FALSE","FALSE","TRUE","37,000,000","","USD","","","","","","","","","","","","","","","","","","","","","","","","","","","","","","","1","","","","","","false","","","4","","","","","A004","","DAIL","","1","","","","","","","","","","","","","USD","","","","true","","","","","","","","OPET","","","FALSE","","","","","","","","","QZWBC8GZ8TBN","NA/CDS Corp Oth","Basket"
"4102948508000000101","","NEWT","TRAD","2026-07-09T09:13:32Z","","CR","","I","TRUE","2026-07-09T09:13:32Z","2026-07-10","2031-06-20","","FALSE","BBSF","FALSE","FALSE","","15,000,000","","EUR","","","","","","","","","","","","","","","","","","","","","","","","","0.05","","","","","","0.02465796","","","","","","false","","","3","","","A004","","","","","","","","1654660.62000","MNTH","","","","3","","","","UFRO","EUR","","","","","false","1","","","","","","","","","","FALSE","","","","","","","","","QZ3HM9KVK2WL","NA/CDS Corp Idx","ITRAXX EUROPE CROSSOVER"
"4105662124000000101","","NEWT","TRAD","2026-07-09T10:10:24Z","FALSE","CR","","N","TRUE","2026-07-09T10:10:24Z","2026-07-10","2031-06-20","","FALSE","BILT","FALSE","FALSE","FALSE","20,000,000","99,999,999,999,999,999,999.99999","EUR","","","","","","","","","","","","","","","","","","","","","","","","","0.01","","","","","","0.005198","","","","","","false","","","3","","","A004","","","","","","","","451548.94000","MNTH","","","","3","","","","UFRO","EUR","EUR","","","","false","1","","","","","","","","","","FALSE","","","","","","","","","QZM3XSRRBS54","NA/CDS Corp Idx","ITRAXX EUROPE"
"4106101868000000101","","NEWT","TRAD","2026-07-09T10:17:51Z","","CR","","I","TRUE","2026-07-09T10:17:51Z","2026-07-10","2031-06-20","","FALSE","BBSF","FALSE","FALSE","","25,000,000","","EUR","","","","","","","","","","","","","","","","","","","","","","","","","0.01","","","","","","0.0052005","","","","","","false","","","3","","","A004","","","","","","","","564143.26000","MNTH","","","","3","","","","UFRO","EUR","","","","","false","1","","","","","","","","","","FALSE","","","","","","","","","QZTQ4GTC5QMF","NA/CDS Corp Idx","ITRAXX EUROPE"
"4105193791000000101","","NEWT","TRAD","2026-07-09T10:01:28Z","","CR","","I","FALSE","2026-07-09T10:01:28Z","2026-07-10","2031-06-20","","","TWSF","FALSE","FALSE","","40,000,000","","EUR","","","","","","","","","","","","","","","","","","","","","","","","","0.01","","","","","","0.0054582","","","","","","false","","","3","","","A004","","","","","","","","854368.25000","MNTH","","","","3","","","","UFRO","EUR","","","","","false","1","","","","","","","","","","FALSE","","","","","","","","","QZTB38W3WJ98","NA/CDS Corp Idx","ITRAXX EUROPE SENIOR FINANCIALS"
"4110105323000000301","4110105321000000101","MODI","TRAD","2026-07-09T14:23:47Z","TRUE","CR","","I","TRUE","2026-07-09T14:23:28Z","2026-03-20","2031-06-20","","FALSE","TPSE","FALSE","FALSE","","15,000,000","","USD","","","","","","","","","","","","","","","","","","","","","","","","","0.05","","","","","","108.059","","USD","","","","false","","","1","","","A004","","","","","","","","","MNTH","","","","3","","","","","","USD","","","","false","0.99","","","","","","","OTHR","","","FALSE","","","","","","","","","QZHH8NT767RX","NA/CDS Corp Idx","CDX.NA.HY"
"4110153555000000301","","NEWT","TRAD","2026-07-09T14:29:12Z","","CR","","I","TRUE","2026-07-09T14:29:12Z","2026-07-10","2031-06-20","","","TWSF","FALSE","FALSE","","75,000,000","","EUR","","","","","","","","","","","","","","","","","","","","","","","","","0.01","","","","","","0.005161","","","","","","false","","","3","","","A004","","","","","","","","1706316.46000","MNTH","","","","3","","","","UFRO","EUR","","","","","false","1","","","","","","","","","","FALSE","","","","","","","","","QZTQ4GTC5QMF","NA/CDS Corp Idx","ITRAXX EUROPE"
"4110167539000000101","","NEWT","TRAD","2026-07-09T14:31:08Z","","CR","","I","TRUE","2026-07-09T14:31:08Z","2026-07-10","2031-06-20","","FALSE","BBSF","FALSE","FALSE","","87,000,000","","EUR","","","","","","","","","","","","","","","","","","","","","","","","","0.01","","","","","","0.00518","","","","","","false","","","3","","","A004","","","","","","","","1971574.20608","MNTH","","","","3","","","","UFRO","EUR","","","","","false","1","","","","","","","","","","TRUE","","","","0.00414","","3","","","QZTQ4GTC5QMF","NA/CDS Corp Idx","ITRAXX EUROPE"
"4110183633000000201","","NEWT","TRAD","2026-07-09T14:32:32Z","","CR","","I","TRUE","2026-07-09T14:32:32Z","2026-03-20","2031-06-20","","FALSE","TPSE","FALSE","FALSE","","75,000,000","","USD","","","","","","","","","","","","","","","","","","","","","","","","","0.01","","","","","","0.005055","","","","","","false","","","3","","","A004","","","","","","","","","MNTH","","","","3","","","","","","USD","","","","false","1","","","","","","","OTHR","","","FALSE","","","","","","","","","QZ3WVVQG5T8K","NA/CDS Corp Idx","CDX.NA.IG"
"4110198310000000302","4110183633000000201","MODI","TRAD","2026-07-09T14:33:48Z","TRUE","CR","","I","TRUE","2026-07-09T14:32:32Z","2026-03-20","2031-06-20","","FALSE","TPSE","FALSE","FALSE","","75,000,000","","USD","","","","","","","","","","","","","","","","","","","","","","","","","0.01","","","","","","0.005055","","","","","","false","","","3","","","A004","","","","","","","","","MNTH","","","","3","","","","","","USD","","","","false","1","","","","","","","OTHR","","","FALSE","","","","","","","","","QZ3WVVQG5T8K","NA/CDS Corp Idx","CDX.NA.IG"
"4110234411000000101","","NEWT","TRAD","2026-07-09T14:38:58Z","","CR","","I","FALSE","2026-07-09T14:38:58Z","2026-07-10","2031-06-20","","FALSE","BBSF","FALSE","FALSE","","15,000,000","","USD","","","","","","","","","","","","","","","","","","","","","","","","","0.01","","","","","","0.0098194","","","","","","false","","","3","","","A004","","","","","","","","263400.00000","MNTH","","","","3","","","","UFRO","USD","","","","","false","1","","","","","","","","","","FALSE","","","","","","","","","QZ4JMQKL3P03","NA/CDS Corp Idx","CDX.EM"
"4110361632000000201","","NEWT","TRAD","2026-07-09T14:58:18Z","","CR","","I","TRUE","2026-07-09T14:58:18Z","2026-07-10","2031-06-20","","FALSE","BBSF","FALSE","FALSE","","5,000,000","","EUR","","","","","","","","","","","","","","","","","","","","","","","","","0.01","","","","","","0.00515","","","","","","false","","","3","","","A004","","","","","","","","114012.29000","MNTH","","","","3","","","","UFRO","EUR","","","","","false","1","","","","","","","","","","FALSE","","","","","","","","","QZTQ4GTC5QMF","NA/CDS Corp Idx","ITRAXX EUROPE"
"4110232706000000101","","NEWT","TRAD","2026-07-09T14:35:47Z","","CR","","N","FALSE","2026-07-09T14:35:47Z","2026-07-09","2026-09-16","2031-06-20","FALSE","BILT","FALSE","FALSE","TRUE","400,000,000+","","USD","","","","","","","","","","","","","","","","","","","","","","","","2026-09-16","0.01","","147,200","USD","","","","","","","0.007","","false","","","","","3","A004","","","","","","","","","MNTH","","","","3","","","","","","","","","","false","1","","","","","","","","","","FALSE","","","","","","","","","QZT4QS79CCTS","NA/CDS Idx Swt","NA/CDS Corp Idx"
"4110235520000000201","","NEWT","TRAD","2026-07-09T14:37:45Z","","CR","","I","FALSE","2026-07-09T14:37:45Z","2025-03-20","2030-06-20","2030-06-20","FALSE","TREU","FALSE","FALSE","TRUE","35,000,000","","EUR","","","","","","","","","","","","","","","","","","","","","","","","","0.05","","","","","","","","","","","","false","","","","","","A004","","","","","","","","3981126.07000","MNTH","","","","3","","","","UFRO","EUR","","","","","false","0.97332","","","","","","","","","","FALSE","","","","","","","","","QZ4NJT4ZGXSR","NA/CDS Corp Idx","ITRAXX EUROPE CROSSOVER"
"4110411333000000301","4110409628000000101","MODI","TRAD","2026-07-09T15:04:53Z","TRUE","CR","","I","TRUE","2026-07-09T15:04:32Z","2026-03-20","2031-06-20","","FALSE","TPSE","FALSE","FALSE","","100,000,000","","USD","","","","","","","","","","","","","","","","","","","","","","","","","0.01","","","","","","0.00505","","","","","","false","","","3","","","A004","","","","","","","","","MNTH","","","","3","","","","","","USD","","","","false","1","","","","","","","OTHR","","","FALSE","","","","","","","","","QZ3WVVQG5T8K","NA/CDS Corp Idx","CDX.NA.IG"
"4110417499000000101","","NEWT","TRAD","2026-07-09T15:01:54Z","","CR","","I","TRUE","2026-07-09T15:01:54Z","2026-03-20","2031-06-20","","","BILT","FALSE","FALSE","FALSE","100,000,000","","USD","","","","","","","","","","","","","","","","","","","","","","","","","0.01","","","","","","","","","","","","false","","","","","","A004","","","","","","","","2248708.00000","MNTH","","","","3","","","","UFRO","USD","","","","","false","1","","","","","","","","","","FALSE","","","","","","","","","QZ3WVVQG5T8K","NA/CDS Corp Idx","CDX.NA.IG"
"4110421806000000101","","NEWT","TRAD","2026-07-09T15:06:40Z","","CR","","I","TRUE","2026-07-09T15:06:40Z","2026-07-10","2031-06-20","","","TWSF","FALSE","FALSE","","4,000,000","","EUR","","","","","","","","","","","","","","","","","","","","","","","","","0.05","","","","","","0.0243685","","","","","","false","","","3","","","A004","","","","","","","","446665.41000","MNTH","","","","3","","","","UFRO","EUR","","","","","false","1","","","","","","","","","","FALSE","","","","","","","","","QZ3HM9KVK2WL","NA/CDS Corp Idx","ITRAXX EUROPE CROSSOVER"
"4110435432000000301","","NEWT","TRAD","2026-07-09T15:09:18Z","","CR","","I","TRUE","2026-07-09T15:09:18Z","2026-07-10","2031-06-20","","FALSE","BBSF","FALSE","FALSE","","50,000,000","","EUR","","","","","","","","","","","","","","","","","","","","","","","","","0.01","","","","","","0.0051375","","","","","","false","","","3","","","A004","","","","","","","","1143053.50000","MNTH","","","","3","","","","UFRO","EUR","","","","","false","1","","","","","","","","","","FALSE","","","","","","","","","QZTQ4GTC5QMF","NA/CDS Corp Idx","ITRAXX EUROPE"
"4110450748000000101","4110417500000000201","MODI","TRAD","2026-07-09T15:03:55Z","TRUE","CR","","I","TRUE","2026-07-09T15:02:37Z","2026-03-20","2031-06-20","","","BILT","FALSE","TRUE","","200,000,000","","USD","","","","","","","","","","","","","","","","","","","","","","","","","0.01","","","","","","","","","","","","false","","","","","","A004","","","","","","","","4497415.54000","MNTH","","","","3","","","","UFRO","USD","","","","","false","1","","","","","","","","","","FALSE","","","","","","","","","QZ3WVVQG5T8K","NA/CDS Corp Idx","CDX.NA.IG"
"4109406083000000201","","NEWT","TRAD","2026-07-09T13:22:55Z","","CR","","I","FALSE","2026-07-09T13:22:55Z","2026-07-10","2031-06-20","","","TWSF","FALSE","FALSE","","10,000,000","","USD","","","","","","","","","","","","","","","","","","","","","","","","","0.01","","","","","","0.0098171","","","","","","false","","","3","","","A004","","","","","","","","177900.00000","MNTH","","","","3","","","","UFRO","USD","","","","","false","1","","","","","","","","","","FALSE","","","","","","","","","QZ4JMQKL3P03","NA/CDS Corp Idx","CDX.EM"
"4109403673000000201","","NEWT","TRAD","2026-07-09T13:22:37Z","","CR","","I","TRUE","2026-07-09T13:22:37Z","2026-07-10","2031-06-20","","FALSE","BBSF","FALSE","FALSE","","1,000,000","","USD","","","","","","","","","","","","","","","","","","","","","","","","","0.05","","","","","","0.010806","","","","","","false","","","3","","","A004","","","","","","","","82269.00000","MNTH","","","","3","","","","UFRO","USD","","","","","false","0.99","","","","","","","","","","FALSE","","","","","","","","","QZHH8NT767RX","NA/CDS Corp Idx","CDX.NA.HY"
"4109413513000000501","","NEWT","TRAD","2026-07-08T19:20:45Z","","CR","","N","FALSE","2026-07-08T18:39:45Z","2026-07-09","2026-09-20","","FALSE","BILT","FALSE","FALSE","TRUE","7,000,000","","USD","","","","","","","","","","","","","","","","","","","","","","","","","","","","","","","","0","","","","","true","","","","3","","A004","","","A004","","DAIL","","1","12011.36360","MNTH","","","MNTH","3","","","3","UFRO","USD","","","","","false","1","","","","","","","","","","FALSE","","","","","","","","","QZ9206MF0QMZ","NA/CDS Corp Idx","IBOXX USD LIQUID IG"
"4116376804000000101","2389053306000000301","MODI","TRAD","2026-07-09T22:40:25Z","TRUE","CR","","N","FALSE","2023-11-28T11:14:40Z","2023-11-06","2026-10-05","","FALSE","BILT","FALSE","FALSE","TRUE","22,000,000","","EUR","","","","","","","","","","","","","","","","","","","","","","","","","","","","","","","","","","","","","false","","","","","","","","","","","","","","0.00000","","","","","","","","","UFRO","EUR","EUR","","","","true","","","","","","","","","","","FALSE","","","","","","","","","QZRR0D5S3SHF","NA/CDS Corp Basket","Basket"
"4116402441000000101","2389053305000000201","MODI","TRAD","2026-07-09T22:41:49Z","TRUE","CR","","N","FALSE","2024-02-26T20:10:18Z","2024-02-26","2026-10-05","","FALSE","BILT","FALSE","FALSE","TRUE","32,000,000","","USD","","","","","","","","","","","","","","","","","","","","","","","","","","","","","","","","","","","","","false","","","","","","","","","","","","","","0.00000","","","","","","","","","UFRO","USD","USD","","","","true","","","","","","","","","","","FALSE","","","","","","","","","QZRR0D5S3SHF","NA/CDS Corp Basket","Basket"
"4099866633000000101","","NEWT","TRAD","2026-07-09T08:01:28Z","","CR","","I","TRUE","2026-07-09T08:01:28Z","2026-07-10","2031-06-20","","FALSE","BBSF","FALSE","FALSE","","50,000,000","","EUR","","","","","","","","","","","","","","","","","","","","","","","","","0.01","","","","","","0.005177","","","","","","false","","","3","","","A004","","","","","","","","1133793.96000","MNTH","","","","3","","","","UFRO","EUR","","","","","false","1","","","","","","","","","","FALSE","","","","","","","","","QZTQ4GTC5QMF","NA/CDS Corp Idx","ITRAXX EUROPE"
"4100109669000000101","","NEWT","TRAD","2026-07-09T08:06:53Z","","CR","","I","TRUE","2026-07-09T08:06:53Z","2026-07-10","2031-06-20","","FALSE","BBSF","FALSE","FALSE","","10,000,000","","EUR","","","","","","","","","","","","","","","","","","","","","","","","","0.05","","","","","","0.0245798","","","","","","false","","","3","","","A004","","","","","","","","1106764.63000","MNTH","","","","3","","","","UFRO","EUR","","","","","false","1","","","","","","","","","","FALSE","","","","","","","","","QZ3HM9KVK2WL","NA/CDS Corp Idx","ITRAXX EUROPE CROSSOVER"
"4113762517000000101","","NEWT","TRAD","2026-07-09T18:55:41Z","","CR","","I","TRUE","2026-07-09T18:55:41Z","2026-07-10","2031-06-20","","","TWSF","FALSE","FALSE","","63,000,000","","USD","","","","","","","","","","","","","","","","","","","","","","","","","0.01","","","","","","0.0050676","","","","","","false","","","3","","","A004","","","","","","","","1411663.80096","MNTH","","","","3","","","","UFRO","USD","","","","","false","1","","","","","","","","","","FALSE","","","","","","","","","QZ3WVVQG5T8K","NA/CDS Corp Idx","CDX.NA.IG"
"4113771937000000101","4113769338000000202","MODI","TRAD","2026-07-09T18:58:00Z","TRUE","CR","","I","TRUE","2026-07-09T18:57:37Z","2026-03-20","2031-06-20","","FALSE","TPSE","FALSE","FALSE","","25,000,000","","USD","","","","","","","","","","","","","","","","","","","","","","","","","0.01","","","","","","0.00507","","","","","","false","","","3","","","A004","","","","","","","","","MNTH","","","","3","","","","","","USD","","","","false","1","","","","","","","OTHR","","","FALSE","","","","","","","","","QZ3WVVQG5T8K","NA/CDS Corp Idx","CDX.NA.IG"
"4112351279000000101","4112336514000000201","MODI","TRAD","2026-07-09T17:27:33Z","TRUE","CR","","I","TRUE","2026-07-09T17:27:07Z","2026-03-20","2031-06-20","","FALSE","TPSE","FALSE","FALSE","","100,000,000","","USD","","","","","","","","","","","","","","","","","","","","","","","","","0.01","","","","","","0.005039","","","","","","false","","","3","","","A004","","","","","","","","","MNTH","","","","3","","","","","","USD","","","","false","1","","","","","","","OTHR","","","FALSE","","","","","","","","","QZ3WVVQG5T8K","NA/CDS Corp Idx","CDX.NA.IG"
"4112421972000000101","","NEWT","TRAD","2026-07-09T17:30:36Z","","CR","","I","TRUE","2026-07-09T17:30:36Z","2026-07-10","2031-06-20","","","TWSF","FALSE","FALSE","","100,000,000","","USD","","","","","","","","","","","","","","","","","","","","","","","","","0.01","","","","","","0.0050387","","","","","","false","","","3","","","A004","","","","","","","","2253826.47000","MNTH","","","","3","","","","UFRO","USD","","","","","false","1","","","","","","","","","","FALSE","","","","","","","","","QZ3WVVQG5T8K","NA/CDS Corp Idx","CDX.NA.IG"
"4114931895000000101","","NEWT","TRAD","2026-07-09T20:24:53Z","","CR","","I","TRUE","2026-07-09T20:24:53Z","2026-07-10","2031-06-20","","FALSE","BBSF","FALSE","FALSE","","5,000,000","","USD","","","","","","","","","","","","","","","","","","","","","","","","","0.05","","","","","","0.01080667","","","","","","false","","","3","","","A004","","","","","","","","411676.65000","MNTH","","","","3","","","","UFRO","USD","","","","","false","0.99","","","","","","","","","","FALSE","","","","","","","","","QZHH8NT767RX","NA/CDS Corp Idx","CDX.NA.HY"
"4096313831000000101","","NEWT","TRAD","2026-07-09T06:43:45Z","","CR","","I","TRUE","2026-07-09T06:43:45Z","2026-07-10","2031-06-20","","FALSE","BBSF","FALSE","FALSE","","25,000,000","","EUR","","","","","","","","","","","","","","","","","","","","","","","","","0.05","","","","","","0.0245915","","","","","","false","","","3","","","A004","","","","","","","","2765542.46000","MNTH","","","","3","","","","UFRO","EUR","","","","","false","1","","","","","","","","","","FALSE","","","","","","","","","QZ3HM9KVK2WL","NA/CDS Corp Idx","ITRAXX EUROPE CROSSOVER"
"4096415508000000201","","NEWT","TRAD","2026-07-09T06:46:44Z","","CR","","I","TRUE","2026-07-09T06:46:44Z","2026-07-10","2031-06-20","","","TWSF","FALSE","FALSE","","18,000,000","","EUR","","","","","","","","","","","","","","","","","","","","","","","","","0.01","","","","","","0.005424","","","","","","false","","","3","","","A004","","","","","","","","387345.30000","MNTH","","","","3","","","","UFRO","EUR","","","","","false","1","","","","","","","","","","FALSE","","","","","","","","","QZTB38W3WJ98","NA/CDS Corp Idx","ITRAXX EUROPE SENIOR FINANCIALS"
"4096643743000000101","","NEWT","TRAD","2026-07-09T06:53:57Z","","CR","","I","TRUE","2026-07-09T06:53:57Z","2026-07-10","2031-06-20","","","TWSF","FALSE","FALSE","","63,000,000","","EUR","","","","","","","","","","","","","","","","","","","","","","","","","0.01","","","","","","0.00516225","","","","","","false","","","3","","","A004","","","","","","","","1432936.63000","MNTH","","","","3","","","","UFRO","EUR","","","","","false","1","","","","","","","","","","FALSE","","","","","","","","","QZTQ4GTC5QMF","NA/CDS Corp Idx","ITRAXX EUROPE"
"4096695697000000101","","NEWT","TRAD","2026-07-09T06:55:32Z","","CR","","I","TRUE","2026-07-09T06:55:32Z","2026-07-10","2031-06-20","","FALSE","BBSF","FALSE","FALSE","","40,000,000","","EUR","","","","","","","","","","","","","","","","","","","","","","","","","0.01","","","","","","0.005165","","","","","","false","","","3","","","A004","","","","","","","","909285.34000","MNTH","","","","3","","","","UFRO","EUR","","","","","false","1","","","","","","","","","","FALSE","","","","","","","","","QZTQ4GTC5QMF","NA/CDS Corp Idx","ITRAXX EUROPE"
"4107755097000000101","","NEWT","TRAD","2026-07-09T11:19:36Z","","CR","","I","TRUE","2026-07-09T11:19:36Z","2026-07-10","2031-06-20","","FALSE","BBSF","FALSE","FALSE","","5,000,000","","USD","","","","","","","","","","","","","","","","","","","","","","","","","0.05","","","","","","0.0108005","","","","","","false","","","3","","","A004","","","","","","","","408622.50000","MNTH","","","","3","","","","UFRO","USD","","","","","false","0.99","","","","","","","","","","FALSE","","","","","","","","","QZHH8NT767RX","NA/CDS Corp Idx","CDX.NA.HY"
"4108154650000000101","","NEWT","TRAD","2026-07-09T11:43:58Z","","CR","","I","TRUE","2026-07-09T11:43:58Z","2026-07-10","2031-06-20","","FALSE","BBSF","FALSE","FALSE","","130,000,000","","USD","","","","","","","","","","","","","","","","","","","","","","","","","0.01","","","","","","0.005096","","","","","","false","","","3","","","A004","","","","","","","","2896237.90560","MNTH","","","","3","","","","UFRO","USD","","","","","false","1","","","","","","","","","","FALSE","","","","","","","","","QZ3WVVQG5T8K","NA/CDS Corp Idx","CDX.NA.IG"
"4107945161000000101","","NEWT","TRAD","2026-07-09T11:31:46Z","","CR","","I","TRUE","2026-07-09T11:31:46Z","2026-07-10","2031-06-20","","","TWSF","FALSE","TRUE","","220,000,000","","USD","","","","","","","","","","","","","","","","","","","","","","","","","0.01","","","","","","0.0051","","","","","","false","","","3","","","A004","","","","","","","","4897329.46264","MNTH","","","","3","","","","UFRO","USD","","","","","false","1","","","","","","","","","","FALSE","","","","","","","","","QZ3WVVQG5T8K","NA/CDS Corp Idx","CDX.NA.IG"
"4108133564000000201","","NEWT","TRAD","2026-07-09T11:42:33Z","","CR","","I","TRUE","2026-07-09T11:42:33Z","2026-07-10","2031-06-20","","","TWSF","FALSE","FALSE","","23,000,000","","USD","","","","","","","","","","","","","","","","","","","","","","","","","0.01","","","","","","0.0051","","","","","","false","","","3","","","A004","","","","","","","","511994.54651","MNTH","","","","3","","","","UFRO","USD","","","","","false","1","","","","","","","","","","FALSE","","","","","","","","","QZ3WVVQG5T8K","NA/CDS Corp Idx","CDX.NA.IG"
"4108503329000000101","","NEWT","TRAD","2026-07-09T12:10:40Z","","CR","","I","TRUE","2026-07-09T12:10:40Z","2026-07-10","2031-06-20","","FALSE","BBSF","FALSE","FALSE","","10,000,000","","USD","","","","","","","","","","","","","","","","","","","","","","","","","0.05","","","","","","0.010805","","","","","","false","","","3","","","A004","","","","","","","","821700.00000","MNTH","","","","3","","","","UFRO","USD","","","","","false","0.99","","","","","","","","","","FALSE","","","","","","","","","QZHH8NT767RX","NA/CDS Corp Idx","CDX.NA.HY"
"4108503331000000302","","NEWT","TRAD","2026-07-09T12:11:05Z","","CR","","I","TRUE","2026-07-09T12:11:05Z","2026-03-20","2031-06-20","","FALSE","TPSE","FALSE","FALSE","","50,000,000","","USD","","","","","","","","","","","","","","","","","","","","","","","","","0.01","","","","","","0.00508","","","","","","false","","","3","","","A004","","","","","","","","","MNTH","","","","3","","","","","","USD","","","","false","1","","","","","","","OTHR","","","FALSE","","","","","","","","","QZ3WVVQG5T8K","NA/CDS Corp Idx","CDX.NA.IG"
"4108367156000000101","","NEWT","TRAD","2026-07-09T11:58:53Z","","CR","","I","TRUE","2026-07-09T11:58:53Z","2026-07-10","2030-12-20","","FALSE","BBSF","FALSE","FALSE","","47,000,000","","EUR","","","","","","","","","","","","","","","","","","","","","","","","","0.01","","","","","","0.0047","","","","","","false","","","3","","","A004","","","","","","","","1064287.95181","MNTH","","","","3","","","","UFRO","EUR","","","","","false","1","","","","","","","","","","TRUE","0.18415","","3","","","","","","QZFB31MBHLT9","NA/CDS Corp Idx","ITRAXX EUROPE"
"4108491867000000201","","NEWT","TRAD","2026-07-09T12:09:38Z","","CR","","I","TRUE","2026-07-09T12:09:38Z","2026-07-10","2031-06-20","","FALSE","BBSF","FALSE","FALSE","","15,000,000","","EUR","","","","","","","","","","","","","","","","","","","","","","","","","0.01","","","","","","0.0051939","","","","","","false","","","3","","","A004","","","","","","","","338949.95000","MNTH","","","","3","","","","UFRO","EUR","","","","","false","1","","","","","","","","","","FALSE","","","","","","","","","QZTQ4GTC5QMF","NA/CDS Corp Idx","ITRAXX EUROPE"
"4108534877000000101","","NEWT","TRAD","2026-07-09T12:14:32Z","","CR","","I","TRUE","2026-07-09T12:14:32Z","2026-07-10","2031-06-20","","FALSE","BBSF","FALSE","FALSE","","6,000,000","","USD","","","","","","","","","","","","","","","","","","","","","","","","","0.05","","","","","","0.01080495","","","","","","false","","","3","","","A004","","","","","","","","492990.30000","MNTH","","","","3","","","","UFRO","USD","","","","","false","0.99","","","","","","","","","","FALSE","","","","","","","","","QZHH8NT767RX","NA/CDS Corp Idx","CDX.NA.HY"
"4108525369000000101","","NEWT","TRAD","2026-07-09T12:13:15Z","","CR","","I","TRUE","2026-07-09T12:13:15Z","2026-07-10","2031-06-20","","","TWSF","FALSE","FALSE","","150,000,000","","USD","","","","","","","","","","","","","","","","","","","","","","","","","0.01","","","","","","0.0050866","","","","","","false","","","3","","","A004","","","","","","","","3348197.64000","MNTH","","","","3","","","","UFRO","USD","","","","","false","1","","","","","","","","","","FALSE","","","","","","","","","QZ3WVVQG5T8K","NA/CDS Corp Idx","CDX.NA.IG"
"4108589665000000201","","NEWT","TRAD","2026-07-09T12:20:32Z","","CR","","I","TRUE","2026-07-09T12:20:32Z","2026-07-10","2031-06-20","","FALSE","BBSF","FALSE","FALSE","","3,000,000","","USD","","","","","","","","","","","","","","","","","","","","","","","","","0.05","","","","","","0.010804363","","","","","","false","","","3","","","A004","","","","","","","","246320.81000","MNTH","","","","3","","","","UFRO","USD","","","","","false","0.99","","","","","","","","","","FALSE","","","","","","","","","QZHH8NT767RX","NA/CDS Corp Idx","CDX.NA.HY"
"4108626419000000201","","NEWT","TRAD","2026-07-09T12:23:14Z","","CR","","I","TRUE","2026-07-09T12:23:14Z","2026-07-10","2031-06-20","","FALSE","BBSF","FALSE","FALSE","","50,000,000","","USD","","","","","","","","","","","","","","","","","","","","","","","","","0.01","","","","","","0.00508284","","","","","","false","","","3","","","A004","","","","","","","","1116917.22000","MNTH","","","","3","","","","UFRO","USD","","","","","false","1","","","","","","","","","","FALSE","","","","","","","","","QZ3WVVQG5T8K","NA/CDS Corp Idx","CDX.NA.IG"
"4108802779000000401","","NEWT","TRAD","2026-07-09T12:36:24Z","","CR","","I","TRUE","2026-07-09T12:36:24Z","2026-07-10","2031-06-20","","FALSE","BBSF","FALSE","TRUE","","47,276,998+","","EUR","","","","","","","","","","","","","","","","","","","","","","","","","0.05","","","","","","0.0246183","","","","","","false","","","3","","","A004","","","","","","","","5223932.27971","MNTH","","","","3","","","","UFRO","EUR","","","","","false","1","","","","","","","","","","TRUE","","","","0.003393","","3","","","QZ3HM9KVK2WL","NA/CDS Corp Idx","ITRAXX EUROPE CROSSOVER"
"4108819193000000101","","NEWT","TRAD","2026-07-09T12:35:26Z","","CR","","I","FALSE","2026-07-09T12:35:26Z","2025-09-22","2030-12-20","2030-12-20","FALSE","TREU","FALSE","FALSE","FALSE","30,000,000","","EUR","","","","","","","","","","","","","","","","","","","","","","","","","0.05","","","","","","","","","","","","false","","","","","","A004","","","","","","","","3502167.96000","MNTH","","","","3","","","","UFRO","EUR","","","","","false","1","","","","","","","","","","FALSE","","","","","","","","","QZ5F5FRS4TR9","NA/CDS Corp Idx","ITRAXX EUROPE CROSSOVER"
"4108689055000000301","","NEWT","TRAD","2026-07-09T12:27:31Z","","CR","","I","TRUE","2026-07-09T12:27:31Z","2026-07-10","2036-06-20","","FALSE","BBSF","FALSE","TRUE","","230,000,000","","EUR","","","","","","","","","","","","","","","","","","","","","","","","","0.01","","","","","","0.00932","","","","","","false","","","3","","","A004","","","","","","","","1394856.30000","MNTH","","","","3","","","","UFRO","EUR","","","","","false","1","","","","","","","","","","FALSE","","","","","","","","","QZ4LNL81ZBTS","NA/CDS Corp Idx","ITRAXX EUROPE"
"4108863063000000101","","NEWT","TRAD","2026-07-09T12:39:59Z","","CR","","I","FALSE","2026-07-09T12:39:59Z","2026-07-10","2031-06-20","","","TWSF","FALSE","FALSE","","8,000,000","","USD","","","","","","","","","","","","","","","","","","","","","","","","","0.05","","","","","","0.01080646","","","","","","false","","","3","","","A004","","","","","","","","658517.47645","MNTH","","","","3","","","","UFRO","USD","","","","","false","0.99","","","","","","","","","","FALSE","","","","","","","","","QZHH8NT767RX","NA/CDS Corp Idx","CDX.NA.HY"
"4108906461000000101","","NEWT","TRAD","2026-07-09T12:43:12Z","","CR","","I","TRUE","2026-07-09T12:43:12Z","2026-07-10","2031-06-20","","","TWSF","FALSE","FALSE","","4,000,000","","USD","","","","","","","","","","","","","","","","","","","","","","","","","0.05","","","","","","0.01080546","","","","","","false","","","3","","","A004","","","","","","","","328863.36406","MNTH","","","","3","","","","UFRO","USD","","","","","false","0.99","","","","","","","","","","FALSE","","","","","","","","","QZHH8NT767RX","NA/CDS Corp Idx","CDX.NA.HY"
"4108906462000000201","","NEWT","TRAD","2026-07-09T12:43:39Z","","CR","","I","TRUE","2026-07-09T12:43:39Z","2026-07-10","2031-06-20","","FALSE","BBSF","FALSE","FALSE","","50,000,000","","USD","","","","","","","","","","","","","","","","","","","","","","","","","0.01","","","","","","0.005081","","","","","","false","","","3","","","A004","","","","","","","","1117333.83000","MNTH","","","","3","","","","UFRO","USD","","","","","false","1","","","","","","","","","","FALSE","","","","","","","","","QZ3WVVQG5T8K","NA/CDS Corp Idx","CDX.NA.IG"
"4109004833000000201","","NEWT","TRAD","2026-07-09T12:51:05Z","","CR","","I","TRUE","2026-07-09T12:51:05Z","2026-07-10","2031-06-20","","FALSE","BBSF","FALSE","FALSE","","30,000,000","","USD","","","","","","","","","","","","","","","","","","","","","","","","","0.05","","","","","","0.01080555","","","","","","false","","","3","","","A004","","","","","","","","2466733.50000","MNTH","","","","3","","","","UFRO","USD","","","","","false","0.99","","","","","","","","","","FALSE","","","","","","","","","QZHH8NT767RX","NA/CDS Corp Idx","CDX.NA.HY"
"4109033008000000201","","NEWT","TRAD","2026-07-09T12:53:23Z","","CR","","I","TRUE","2026-07-09T12:53:23Z","2026-07-10","2031-06-20","","FALSE","BBSF","FALSE","FALSE","","50,000,000","","USD","","","","","","","","","","","","","","","","","","","","","","","","","0.01","","","","","","0.005078","","","","","","false","","","3","","","A004","","","","","","","","1118013.12000","MNTH","","","","3","","","","UFRO","USD","","","","","false","1","","","","","","","","","","FALSE","","","","","","","","","QZ3WVVQG5T8K","NA/CDS Corp Idx","CDX.NA.IG"
"4109067134000000201","","NEWT","TRAD","2026-07-09T12:55:44Z","","CR","","I","TRUE","2026-07-09T12:55:44Z","2026-07-10","2031-06-20","","FALSE","BBSF","FALSE","FALSE","","5,000,000","","USD","","","","","","","","","","","","","","","","","","","","","","","","","0.01","","","","","","0.00508","","","","","","false","","","3","","","A004","","","","","","","","111756.03000","MNTH","","","","3","","","","UFRO","USD","","","","","false","1","","","","","","","","","","FALSE","","","","","","","","","QZ3WVVQG5T8K","NA/CDS Corp Idx","CDX.NA.IG"
"4109090566000000201","","NEWT","TRAD","2026-07-09T12:57:55Z","","CR","","I","TRUE","2026-07-09T12:57:55Z","2026-07-10","2031-06-20","","FALSE","BBSF","FALSE","FALSE","","95,000,000","","EUR","","","","","","","","","","","","","","","","","","","","","","","","","0.01","","","","","","0.0052","","","","","","false","","","3","","","A004","","","","","","","","2143967.00000","MNTH","","","","3","","","","UFRO","EUR","","","","","false","1","","","","","","","","","","TRUE","","","","0.001085","","3","","","QZTQ4GTC5QMF","NA/CDS Corp Idx","ITRAXX EUROPE"
"4109184133000000201","","NEWT","TRAD","2026-07-09T13:07:25Z","","CR","","I","TRUE","2026-07-09T13:07:25Z","2026-07-10","2031-06-20","","FALSE","BBSF","FALSE","FALSE","","50,000,000","","EUR","","","","","","","","","","","","","","","","","","","","","","","","","0.01","","","","","","0.005186","","","","","","false","","","3","","","A004","","","","","","","","1131684.60000","MNTH","","","","3","","","","UFRO","EUR","","","","","false","1","","","","","","","","","","FALSE","","","","","","","","","QZTQ4GTC5QMF","NA/CDS Corp Idx","ITRAXX EUROPE"
"4109211013000000101","","NEWT","TRAD","2026-07-09T13:09:28Z","","CR","","I","TRUE","2026-07-09T13:09:28Z","2026-07-10","2031-06-20","","FALSE","BBSF","FALSE","FALSE","","50,000,000","","USD","","","","","","","","","","","","","","","","","","","","","","","","","0.01","","","","","","0.0050799","","","","","","false","","","3","","","A004","","","","","","","","1117582.90000","MNTH","","","","3","","","","UFRO","USD","","","","","false","1","","","","","","","","","","FALSE","","","","","","","","","QZ3WVVQG5T8K","NA/CDS Corp Idx","CDX.NA.IG"
"4109138031000000201","","NEWT","TRAD","2026-07-09T13:02:26Z","","CR","","I","TRUE","2026-07-09T13:02:26Z","2026-07-10","2028-12-20","","FALSE","BBSF","FALSE","TRUE","","120,000,000","","EUR","","","","","","","","","","","","","","","","","","","","","","","","","0.05","","","","","","0.0152125","","","","","","false","","","3","","","A004","","","","","","","","9492285.67230","MNTH","","","","3","","","","UFRO","EUR","","","","","false","0.94665","","","","","","","","","","TRUE","","","","0.002175","","3","","","QZ2Q1GQSPKPM","NA/CDS Corp Idx","ITRAXX EUROPE CROSSOVER"
"4109138030000000101","","NEWT","TRAD","2026-07-09T13:02:26Z","","CR","","I","TRUE","2026-07-09T13:02:26Z","2026-07-10","2028-06-20","","FALSE","BBSF","FALSE","TRUE","","150,000,000","","EUR","","","","","","","","","","","","","","","","","","","","","","","","","0.05","","","","","","0.0130375","","","","","","false","","","3","","","A004","","","","","","","","10243766.05000","MNTH","","","","3","","","","UFRO","EUR","","","","","false","0.94665","","","","","","","","","","TRUE","","","","0.002175","","3","","","QZ6FM8459K9M","NA/CDS Corp Idx","ITRAXX EUROPE CROSSOVER"
"4109020366000000101","","NEWT","TRAD","2026-07-09T12:48:43Z","","CR","","I","FALSE","2026-07-09T12:48:43Z","2025-03-20","2030-06-20","","","BTFE","FALSE","FALSE","TRUE","37,000,000","","EUR","","","","","","","","","","","","","","","","","","","","","","","","","0.05","","","","","","","","","","","","false","","","","","","A004","","","","","","","","4135857.77120","MNTH","","","","3","","","","UFRO","EUR","","","","","false","0.97332","","","","","","","","","","TRUE","","","","0.006225","","3","","","QZ4NJT4ZGXSR","NA/CDS Corp Idx","ITRAXX EUROPE CROSSOVER"
"4109306500000000101","","NEWT","TRAD","2026-07-09T13:16:03Z","","CR","","I","TRUE","2026-07-09T13:16:03Z","2026-07-10","2031-06-20","","FALSE","BBSF","FALSE","FALSE","","25,000,000","","USD","","","","","","","","","","","","","","","","","","","","","","","","","0.05","","","","","","0.010805","","","","","","false","","","3","","","A004","","","","","","","","2054250.00000","MNTH","","","","3","","","","UFRO","USD","","","","","false","0.99","","","","","","","","","","TRUE","","","","0.010805","","3","","","QZHH8NT767RX","NA/CDS Corp Idx","CDX.NA.HY"
"4108853123000000101","","NEWT","TRAD","2026-07-09T12:39:16Z","","CR","","I","TRUE","2026-07-09T12:39:16Z","2026-07-10","2031-06-20","","FALSE","BBSF","FALSE","FALSE","","20,000,000","","EUR","","","","","","","","","","","","","","","","","","","","","","","","","0.05","","","","","","0.02462785","","","","","","false","","","3","","","A004","","","","","","","","2209031.68000","MNTH","","","","3","","","","UFRO","EUR","","","","","false","1","","","","","","","","","","FALSE","","","","","","","","","QZ3HM9KVK2WL","NA/CDS Corp Idx","ITRAXX EUROPE CROSSOVER"
"4094200223000000201","2977552187000000201","MODI","TRAD","2026-07-09T03:04:46Z","FALSE","CR","","N","FALSE","2026-05-06T08:26:33Z","2026-05-12","2026-08-04","","FALSE","BILT","FALSE","FALSE","TRUE","550,000,000","","EGP","","","","","","","","","","","","","","","","","","","","","","","","","0","","","","","","0.0075","","","","","","false","","","3","","3","A005","","","","","","","","","DAIL","","","","1","","","","","","USD","USD","","","false","","","","","","","","","","","FALSE","","","","","","","","","QZ5SV8QFDWZH","NA/CDS Corp SN","No name obtainable"
"4102415845000000101","","NEWT","TRAD","2026-07-09T08:53:29Z","FALSE","CR","","I","TRUE","2026-07-09T08:53:29Z","2026-07-09","2026-08-19","","","BILT","FALSE","FALSE","TRUE","75,000,000","","EUR","","","","","","","","","","","","","","","","","","","","","","","","2026-08-19","","","247,500","EUR","","","0.0275","","","","0.0275","","false","","","3","","3","","","","","","","","","","","","","","","","","","","","","","","","false","1","","","","","","","","","","FALSE","","","","","","","","","QZTL0V3X916X","NA/CDS Idx Swt","NA/CDS Corp Idx"
"4100141868000000301","3604571297000000101","EROR","","2026-07-09T07:55:56Z","","CR","","N","","2026-06-10T14:46:41Z","2026-06-11","2026-08-19","2031-06-20","FALSE","BILT","FALSE","","FALSE","20,000,000","","EUR","","","","","","","","","","","","","","","","","","","","","","","","2026-08-19","0.05","","54,300","EUR","","","","","","","350","EUR","false","","","","","1","","","","","","","","","","","","","","","","","","","","","","","","false","","","","","","","","","","","TRUE","9.9999999999","","3","","","","","","QZTL0V3X916X","NA/CDS Idx Swt","NA/CDS Corp Idx"
"4094337037000000301","4084185220000000101","MODI","TRAD","2026-07-09T04:00:48Z","FALSE","CR","","N","TRUE","2026-07-08T11:36:22Z","2026-03-20","2031-06-20","","FALSE","TWEM","FALSE","FALSE","FALSE","4,000,000","","EUR","","","","","","","","","","","","","","","","","","","","","","","","","0.01","","","","","","","","","","","","false","","","","","","A004","","","","","","","","","MNTH","","","","3","","","","","","","","","","false","1","","","","","","","","","","FALSE","","","","","","","","","QZTQ4GTC5QMF","NA/CDS Corp Idx","ITRAXX EUROPE"
"4111268889000000101","","NEWT","TRAD","2026-07-09T16:23:23Z","","CR","","I","TRUE","2026-07-09T16:23:23Z","2026-03-20","2031-06-20","","FALSE","BGCD","FALSE","FALSE","","25,000,000","","EUR","","","","","","","","","","","","","","","","","","","","","","","","","","","","","","","0.00515","","","","","","false","","","3","","","A004","","","","","","","","","MNTH","","","","3","","","","","","","","","","false","1","","","","","","","","","","FALSE","","","","","","","","","QZTQ4GTC5QMF","NA/CDS Corp Idx","ITRAXX EUROPE"
"4111354044000000301","4111327227000000101","MODI","TRAD","2026-07-09T16:27:08Z","TRUE","CR","","I","TRUE","2026-07-09T16:26:16Z","2026-03-20","2031-06-20","","FALSE","TPSE","FALSE","FALSE","","150,000,000","","USD","","","","","","","","","","","","","","","","","","","","","","","","","0.01","","","","","","0.00504","","","","","","false","","","3","","","A004","","","","","","","","","MNTH","","","","3","","","","","","USD","","","","false","1","","","","","","","OTHR","","","FALSE","","","","","","","","","QZ3WVVQG5T8K","NA/CDS Corp Idx","CDX.NA.IG"
"4113837392000000101","","NEWT","TRAD","2026-07-09T19:09:38Z","","CR","","I","TRUE","2026-07-09T19:09:38Z","2026-07-10","2031-06-20","","FALSE","BBSF","FALSE","FALSE","","50,000,000","","USD","","","","","","","","","","","","","","","","","","","","","","","","","0.01","","","","","","0.005067","","","","","","false","","","3","","","A004","","","","","","","","1120503.97000","MNTH","","","","3","","","","UFRO","USD","","","","","false","1","","","","","","","","","","FALSE","","","","","","","","","QZ3WVVQG5T8K","NA/CDS Corp Idx","CDX.NA.IG"
"4113730594000000101","4109582663000000301","MODI","TRAD","2026-07-09T18:47:18Z","FALSE","CR","","N","FALSE","2026-07-09T13:11:52Z","2026-07-09","2026-07-10","","FALSE","BILT","FALSE","FALSE","TRUE","130,000,000","129,965,707","USD","USD","","","","","","","","","","","","","","","","","","","","","","","","0.037804","0.037804","","","","","","","","","","","false","","","","","","","","","","","","","","","EXPI","","","","1","","","","","","","USD","","","false","","","","","","","","","","","FALSE","","","","","","","","","QZW2QGHXWJ7L","NA/CDS Corp SN","DTD 01/15/2026"
"4113856173000000101","","NEWT","TRAD","2026-07-09T19:13:45Z","","CR","","I","TRUE","2026-07-09T19:13:45Z","2026-03-20","2031-06-20","","FALSE","TPSE","FALSE","FALSE","","50,000,000","","USD","","","","","","","","","","","","","","","","","","","","","","","","","0.01","","","","","","0.005065","","","","","","false","","","3","","","A004","","","","","","","","","MNTH","","","","3","","","","","","USD","","","","false","1","","","","","","","OTHR","","","FALSE","","","","","","","","","QZ3WVVQG5T8K","NA/CDS Corp Idx","CDX.NA.IG"
"4113856177000000501","4113856173000000101","MODI","TRAD","2026-07-09T19:14:02Z","TRUE","CR","","I","TRUE","2026-07-09T19:13:45Z","2026-03-20","2031-06-20","","FALSE","TPSE","FALSE","FALSE","","50,000,000","","USD","","","","","","","","","","","","","","","","","","","","","","","","","0.01","","","","","","0.005065","","","","","","false","","","3","","","A004","","","","","","","","","MNTH","","","","3","","","","","","USD","","","","false","1","","","","","","","OTHR","","","FALSE","","","","","","","","","QZ3WVVQG5T8K","NA/CDS Corp Idx","CDX.NA.IG"
"4113876014000000101","","NEWT","TRAD","2026-07-09T19:18:25Z","","CR","","I","TRUE","2026-07-09T19:18:25Z","2026-07-10","2031-06-20","","FALSE","BBSF","FALSE","FALSE","","38,000,000","","USD","","","","","","","","","","","","","","","","","","","","","","","","","0.01","","","","","","0.005067","","","","","","false","","","3","","","A004","","","","","","","","851580.20834","MNTH","","","","3","","","","UFRO","USD","","","","","false","1","","","","","","","","","","FALSE","","","","","","","","","QZ3WVVQG5T8K","NA/CDS Corp Idx","CDX.NA.IG"
"4113881250000000101","","NEWT","TRAD","2026-07-09T19:19:36Z","","CR","","I","TRUE","2026-07-09T19:19:36Z","2026-07-10","2029-06-20","","","TWSF","FALSE","FALSE","","13,000,000","","USD","","","","","","","","","","","","","","","","","","","","","","","","","0.05","","","","","","0.01073992","","","","","","false","","","3","","","A004","","","","","","","","984453.32960","MNTH","","","","3","","","","UFRO","USD","","","","","false","0.99","","","","","","","","","","FALSE","","","","","","","","","QZJZ1NZJZQCG","NA/CDS Corp Idx","CDX.NA.HY"
"4113797072000000201","","NEWT","TRAD","2026-07-09T18:56:49Z","","CR","","N","FALSE","2026-07-09T18:56:49Z","2026-07-09","2026-09-16","2031-06-20","FALSE","BILT","FALSE","FALSE","TRUE","6,000,000","","USD","","","","","","","","","","","","","","","","","","","","","","","","2026-09-16","0.05","","9,646.56","USD","","","","","","","0.0102","","false","","","","","3","A004","","","","","","","","","MNTH","","","","3","","","","","","","","","","false","0.99","","","","","","","","","","FALSE","","","","","","","","","QZHJMSG8W2ZX","NA/CDS Idx Swt","NA/CDS Corp Idx"
"4113859306000000101","","NEWT","TRAD","2026-07-09T19:14:38Z","","CR","","I","TRUE","2026-07-09T19:14:38Z","2026-07-10","2031-06-20","","FALSE","BBSF","FALSE","TRUE","","250,000,000+","","USD","","","","","","","","","","","","","","","","","","","","","","","","","0.01","","","","","","0.0050611","","","","","","false","","","3","","","A004","","","","","","","","5609200.28000","MNTH","","","","3","","","","UFRO","USD","","","","","false","1","","","","","","","","","","FALSE","","","","","","","","","QZ3WVVQG5T8K","NA/CDS Corp Idx","CDX.NA.IG"
"4113950600000000201","","NEWT","TRAD","2026-07-09T19:26:18Z","","CR","","I","TRUE","2026-07-09T19:26:18Z","2026-07-10","2031-06-20","","","TWSF","FALSE","TRUE","","200,000,000","","USD","","","","","","","","","","","","","","","","","","","","","","","","","0.01","","","","","","0.0050675","","","","","","false","","","3","","","A004","","","","","","","","4481562.97000","MNTH","","","","3","","","","UFRO","USD","","","","","false","1","","","","","","","","","","FALSE","","","","","","","","","QZ3WVVQG5T8K","NA/CDS Corp Idx","CDX.NA.IG"
"4113955656000000101","","NEWT","TRAD","2026-07-09T19:28:08Z","","CR","","I","TRUE","2026-07-09T19:28:08Z","2026-07-10","2031-06-20","","FALSE","BBSF","FALSE","TRUE","","60,000,000","","USD","","","","","","","","","","","","","","","","","","","","","","","","","0.05","","","","","","0.01081","","","","","","false","","","3","","","A004","","","","","","","","4959900.00000","MNTH","","","","3","","","","UFRO","USD","","","","","false","0.99","","","","","","","","","","FALSE","","","","","","","","","QZHH8NT767RX","NA/CDS Corp Idx","CDX.NA.HY"
"4113970018000000101","","NEWT","TRAD","2026-07-09T19:30:58Z","FALSE","CR","","I","TRUE","2026-07-09T19:30:58Z","2026-07-09","2026-10-21","","","BILT","FALSE","FALSE","TRUE","400,000,000+","","USD","","","","","","","","","","","","","","","","","","","","","","","","2026-10-21","","","782,000","USD","","","0.0055","","","","0.0055","","false","","","3","","3","","","","","","","","","","","","","","","","","","","","","","","","false","1","","","","","","","","","","FALSE","","","","","","","","","QZ7WW76RFHN3","NA/CDS Idx Swt","NA/CDS Corp Idx"
"4114288654000000201","","NEWT","TRAD","2026-07-09T19:51:35Z","","CR","","I","TRUE","2026-07-09T19:51:35Z","2026-07-10","2031-06-20","","FALSE","BBSF","FALSE","FALSE","","38,000,000","","USD","","","","","","","","","","","","","","","","","","","","","","","","","0.05","","","","","","0.0108085","","","","","","false","","","3","","","A004","","","","","","","","3135627.00000","MNTH","","","","3","","","","UFRO","USD","","","","","false","0.99","","","","","","","","","","FALSE","","","","","","","","","QZHH8NT767RX","NA/CDS Corp Idx","CDX.NA.HY"
"4114288653000000101","","NEWT","TRAD","2026-07-09T19:51:23Z","","CR","","I","TRUE","2026-07-09T19:51:23Z","2026-07-10","2031-06-20","","FALSE","BBSF","FALSE","FALSE","","5,000,000","","USD","","","","","","","","","","","","","","","","","","","","","","","","","0.05","","","","","","0.01080851","","","","","","false","","","3","","","A004","","","","","","","","412589.26909","MNTH","","","","3","","","","UFRO","USD","","","","","false","0.99","","","","","","","","","","FALSE","","","","","","","","","QZHH8NT767RX","NA/CDS Corp Idx","CDX.NA.HY"
"4114288656000000101","4111760251000000101","CORR","","2026-07-09T19:48:55Z","","CR","","N","FALSE","2026-07-09T16:52:03Z","2026-07-10","2064-11-18","","FALSE","BILT","FALSE","FALSE","FALSE","8,000,000","","USD","","","","","","","","","","","","","","","","","","","","","","","","","0.05","","","","","","","","","","","","false","","","","","","A004","","","","","","","","1524449.21189","MNTH","","","","1","","","","UFRO","USD","USD","","","","false","1","","","","","","","","","","FALSE","","","","","","","","","QZ74JHWP5LPJ","NA/CDS Corp Idx","CMBX.NA.BB"
"4114386931000000101","","NEWT","TRAD","2026-07-09T19:56:02Z","","CR","","I","TRUE","2026-07-09T19:56:02Z","2026-07-10","2031-06-20","","FALSE","BBSF","FALSE","FALSE","","3,000,000","","USD","","","","","","","","","","","","","","","","","","","","","","","","","0.05","","","","","","0.0108071","","","","","","false","","","3","","","A004","","","","","","","","247133.20573","MNTH","","","","3","","","","UFRO","USD","","","","","false","0.99","","","","","","","","","","FALSE","","","","","","","","","QZHH8NT767RX","NA/CDS Corp Idx","CDX.NA.HY"
"4114442539000000101","","NEWT","TRAD","2026-07-09T19:59:02Z","","CR","","I","TRUE","2026-07-09T19:59:02Z","2026-07-10","2031-06-20","","FALSE","BBSF","FALSE","FALSE","","160,000,000","","USD","","","","","","","","","","","","","","","","","","","","","","","","","0.01","","","","","","0.0050703","","","","","","false","","","3","","","A004","","","","","","","","3583228.12757","MNTH","","","","3","","","","UFRO","USD","","","","","false","1","","","","","","","","","","FALSE","","","","","","","","","QZ3WVVQG5T8K","NA/CDS Corp Idx","CDX.NA.IG"
"4114455589000000101","","NEWT","TRAD","2026-07-09T19:59:17Z","","CR","","I","TRUE","2026-07-09T19:59:17Z","2026-07-10","2031-06-20","","FALSE","BBSF","FALSE","FALSE","","180,000,000","","USD","","","","","","","","","","","","","","","","","","","","","","","","","0.01","","","","","","0.005072","","","","","","false","","","3","","","A004","","","","","","","","4029732.65686","MNTH","","","","3","","","","UFRO","USD","","","","","false","1","","","","","","","","","","FALSE","","","","","","","","","QZ3WVVQG5T8K","NA/CDS Corp Idx","CDX.NA.IG"
"4114659049000000101","","NEWT","TRAD","2026-07-09T20:06:51Z","","CR","","I","TRUE","2026-07-09T20:06:51Z","2026-07-10","2031-06-20","","FALSE","BBSF","FALSE","FALSE","","25,000,000","","USD","","","","","","","","","","","","","","","","","","","","","","","","","0.01","","","","","","0.00507083","","","","","","false","","","3","","","A004","","","","","","","","559818.34000","MNTH","","","","3","","","","UFRO","USD","","","","","false","1","","","","","","","","","","FALSE","","","","","","","","","QZ3WVVQG5T8K","NA/CDS Corp Idx","CDX.NA.IG"
"4113202500000000101","","NEWT","TRAD","2026-07-09T18:10:14Z","","CR","","I","TRUE","2026-07-09T18:10:14Z","2026-07-10","2031-06-20","","FALSE","BBSF","FALSE","FALSE","","50,000,000","","USD","","","","","","","","","","","","","","","","","","","","","","","","","0.01","","","","","","0.005048","","","","","","false","","","3","","","A004","","","","","","","","1124806.85000","MNTH","","","","3","","","","UFRO","USD","","","","","false","1","","","","","","","","","","FALSE","","","","","","","","","QZ3WVVQG5T8K","NA/CDS Corp Idx","CDX.NA.IG"
"4113202503000000401","2488066362000000701","TERM","ETRM","2026-07-09T17:48:55Z","","CR","","N","FALSE","2026-03-24T17:26:34Z","2026-03-25","2026-07-10","","TRUE","XOFF","FALSE","FALSE","TRUE","130,000,000","","USD","","","","","","","","","","","","","","","","","","","","","","","","","","","","","","","0.0022","","","","","","false","","","3","","","","","A004","","","","","","1267209.69627","","YEAR","","","","1","","","UWIN","USD","USD","","","","false","","","","","","","","","","","FALSE","","","","","","","","","QZTSB3M68469","NA/CDS Corp SN","DTD 11/15/2020"
"4113216032000000301","","NEWT","TRAD","2026-07-09T17:48:55Z","","CR","","N","FALSE","2026-07-09T17:48:55Z","2026-07-10","2026-11-06","","TRUE","XOFF","FALSE","FALSE","TRUE","68,000,000","","USD","","","","","","","","","","","","","","","","","","","","","","","","","","","","","","","0.00185","","","","","","false","","","3","","","","","A004","","","","","","","","YEAR","","","","1","","","","","USD","","","","false","","","","","","","","","","","FALSE","","","","","","","","","QZVNLV1ZB8KV","NA/CDS Corp SN","DTD 02/15/2010"
"4113382082000000201","4111738294000000701","EROR","","2026-07-09T18:19:04Z","","CR","","N","FALSE","2026-07-09T16:55:41Z","2026-07-11","2055-03-15","2055-03-15","TRUE","BILT","FALSE","FALSE","FALSE","37,000,000","","USD","","","","","","","","","","","","","","","","","","","","","","","","","","","","","","","1","","","","","","false","","","4","","","","","A004","","DAIL","","1","","","","","","","","","","","","","USD","","","","true","","","","","","","","OPET","","","FALSE","","","","","","","","","QZWBC8GZ8TBN","NA/CDS Corp Oth","Basket"
"4113503041000000101","","NEWT","TRAD","2026-07-09T18:26:04Z","","CR","","I","TRUE","2026-07-09T18:26:04Z","2026-07-10","2031-06-20","","","TWSF","FALSE","FALSE","","20,000,000","","USD","","","","","","","","","","","","","","","","","","","","","","","","","0.05","","","","","","0.01081175","","","","","","false","","","3","","","A004","","","","","","","","1656765.00000","MNTH","","","","3","","","","UFRO","USD","","","","","false","0.99","","","","","","","","","","FALSE","","","","","","","","","QZHH8NT767RX","NA/CDS Corp Idx","CDX.NA.HY"
"4110303690000000101","","NEWT","TRAD","2026-07-09T14:49:25Z","","CR","","I","TRUE","2026-07-09T14:49:25Z","2026-07-10","2031-06-20","","FALSE","BBSF","FALSE","FALSE","","1,000,000","","USD","","","","","","","","","","","","","","","","","","","","","","","","","0.05","","","","","","0.01080877","","","","","","false","","","3","","","A004","","","","","","","","82542.82810","MNTH","","","","3","","","","UFRO","USD","","","","","false","0.99","","","","","","","","","","FALSE","","","","","","","","","QZHH8NT767RX","NA/CDS Corp Idx","CDX.NA.HY"
"4110352460000000101","","NEWT","TRAD","2026-07-09T14:56:32Z","","CR","","I","TRUE","2026-07-09T14:56:32Z","2026-07-10","2031-06-20","","FALSE","BBSF","FALSE","FALSE","","2,000,000","","USD","","","","","","","","","","","","","","","","","","","","","","","","","0.05","","","","","","0.01080888","","","","","","false","","","3","","","A004","","","","","","","","165108.07934","MNTH","","","","3","","","","UFRO","USD","","","","","false","0.99","","","","","","","","","","FALSE","","","","","","","","","QZHH8NT767RX","NA/CDS Corp Idx","CDX.NA.HY"
"4109834745000000301","","NEWT","TRAD","2026-07-09T13:53:57Z","","CR","","I","TRUE","2026-07-09T13:53:57Z","2026-07-10","2031-06-20","","","TWSF","FALSE","FALSE","","2,000,000","","EUR","","","","","","","","","","","","","","","","","","","","","","","","","0.05","","","","","","0.024576","","","","","","false","","","3","","","A004","","","","","","","","221388.50000","MNTH","","","","3","","","","UFRO","EUR","","","","","false","1","","","","","","","","","","FALSE","","","","","","","","","QZ3HM9KVK2WL","NA/CDS Corp Idx","ITRAXX EUROPE CROSSOVER"
"4109834746000000401","","NEWT","TRAD","2026-07-09T13:54:06Z","","CR","","I","TRUE","2026-07-09T13:54:06Z","2026-07-10","2031-06-20","","FALSE","BBSF","FALSE","FALSE","","100,000,000","","EUR","","","","","","","","","","","","","","","","","","","","","","","","","0.01","","","","","","0.005176","","","","","","false","","","3","","","A004","","","","","","","","2268056.68000","MNTH","","","","3","","","","UFRO","EUR","","","","","false","1","","","","","","","","","","FALSE","","","","","","","","","QZTQ4GTC5QMF","NA/CDS Corp Idx","ITRAXX EUROPE"
"4109874805000000101","","NEWT","TRAD","2026-07-09T13:57:54Z","","CR","","I","FALSE","2026-07-09T13:57:54Z","2026-07-10","2031-06-20","","FALSE","BBSF","FALSE","FALSE","","10,000,000","","USD","","","","","","","","","","","","","","","","","","","","","","","","","0.01","","","","","","0.00981988","","","","","","false","","","3","","","A004","","","","","","","","175120.00000","MNTH","","","","3","","","","UFRO","USD","","","","","false","1","","","","","","","","","","FALSE","","","","","","","","","QZ4JMQKL3P03","NA/CDS Corp Idx","CDX.EM"
"4109755119000000201","","NEWT","TRAD","2026-07-09T13:48:05Z","","CR","","I","TRUE","2026-07-09T13:48:05Z","2026-07-10","2031-06-20","","FALSE","BBSF","FALSE","TRUE","","47,276,998+","","EUR","","","","","","","","","","","","","","","","","","","","","","","","","0.05","","","","","","0.024614","","","","","","false","","","3","","","A004","","","","","","","","5224883.61587","MNTH","","","","3","","","","UFRO","EUR","","","","","false","1","","","","","","","","","","TRUE","","","","0.005605","","3","","","QZ3HM9KVK2WL","NA/CDS Corp Idx","ITRAXX EUROPE CROSSOVER"
"4109932309000000101","","NEWT","TRAD","2026-07-09T14:04:56Z","","CR","","I","TRUE","2026-07-09T14:04:56Z","2026-07-10","2030-12-20","","","TWSF","FALSE","FALSE","","200,000","","USD","","","","","","","","","","","","","","","","","","","","","","","","","0.01","","","","","","0.0046377","","","","","","false","","","3","","","A004","","","","","","","","4440.32889","MNTH","","","","3","","","","UFRO","USD","","","","","false","1","","","","","","","","","","FALSE","","","","","","","","","QZN3HTTN5303","NA/CDS Corp Idx","CDX.NA.IG"
"4109519455000000401","","NEWT","TRAD","2026-07-09T13:32:30Z","","CR","","I","TRUE","2026-07-09T13:32:30Z","2026-07-10","2031-06-20","","","TWSF","FALSE","FALSE","","25,000,000","","USD","","","","","","","","","","","","","","","","","","","","","","","","","0.01","","","","","","0.005085","","","","","","false","","","3","","","A004","","","","","","","","558214.07000","MNTH","","","","3","","","","UFRO","USD","","","","","false","1","","","","","","","","","","FALSE","","","","","","","","","QZ3WVVQG5T8K","NA/CDS Corp Idx","CDX.NA.IG"
"4109538685000000301","","NEWT","TRAD","2026-07-09T13:33:18Z","","CR","","I","FALSE","2026-07-09T13:33:18Z","2026-07-10","2031-06-20","","","TWSF","FALSE","FALSE","","2,000,000","","USD","","","","","","","","","","","","","","","","","","","","","","","","","0.01","","","","","","0.005086","","","","","","false","","","3","","","A004","","","","","","","","44648.07000","MNTH","","","","3","","","","UFRO","USD","","","","","false","1","","","","","","","","","","TRUE","","","","0.39925","","3","","","QZ3WVVQG5T8K","NA/CDS Corp Idx","CDX.NA.IG"
"4109552550000000101","4086473474000000101","EROR","","2026-07-09T13:31:38Z","","CR","","","","2026-07-08T14:50:42Z","2026-07-08","2026-08-19","","","","","","FALSE","","","","","","","","","","","","","","","","","","","","","","","","","","","","0.01","","","","","","","","","","","","","","","","","","","","","","","","","","","","","","","","","","","","","","","","","","","","","","","","","","","","","","","","","","","","","QZ2L66CGCV9J","NA/CDS Idx Swt","NA/CDS Corp Idx"
"4109613661000000201","","NEWT","TRAD","2026-07-09T13:37:51Z","","CR","","I","TRUE","2026-07-09T13:37:51Z","2026-03-20","2031-06-20","","FALSE","TPSE","FALSE","FALSE","","20,000,000","","USD","","","","","","","","","","","","","","","","","","","","","","","","","0.05","","","","","","108.089","","USD","","","","false","","","1","","","A004","","","","","","","","","MNTH","","","","3","","","","","","USD","","","","false","0.99","","","","","","","OTHR","","","FALSE","","","","","","","","","QZHH8NT767RX","NA/CDS Corp Idx","CDX.NA.HY"
"4109653024000000601","","NEWT","TRAD","2026-07-09T13:41:00Z","","CR","","I","TRUE","2026-07-09T13:41:00Z","2026-07-10","2031-06-20","","","TWSF","FALSE","FALSE","","90,000,000","","USD","","","","","","","","","","","","","","","","","","","","","","","","","0.01","","","","","","0.0050725","","","","","","false","","","3","","","A004","","","","","","","","2014665.33000","MNTH","","","","3","","","","UFRO","USD","","","","","false","1","","","","","","","","","","FALSE","","","","","","","","","QZ3WVVQG5T8K","NA/CDS Corp Idx","CDX.NA.IG"
"4109511209000000101","","NEWT","TRAD","2026-07-09T13:31:28Z","","CR","","I","TRUE","2026-07-09T13:31:28Z","2026-07-10","2031-06-20","","FALSE","BBSF","FALSE","TRUE","","50,000,000","","USD","","","","","","","","","","","","","","","","","","","","","","","","","0.05","","","","","","0.01080475","","","","","","false","","","3","","","A004","","","","","","","","4107262.50000","MNTH","","","","3","","","","UFRO","USD","","","","","false","0.99","","","","","","","","","","FALSE","","","","","","","","","QZHH8NT767RX","NA/CDS Corp Idx","CDX.NA.HY"
"4109843547000000301","","NEWT","TRAD","2026-07-09T13:54:43Z","","CR","","I","TRUE","2026-07-09T13:54:43Z","2026-07-10","2031-06-20","","","TWSF","FALSE","TRUE","","47,276,998+","","EUR","","","","","","","","","","","","","","","","","","","","","","","","","0.05","","","","","","0.024576","","","","","","false","","","3","","","A004","","","","","","","","5233292.12344","MNTH","","","","3","","","","UFRO","EUR","","","","","false","1","","","","","","","","","","FALSE","","","","","","","","","QZ3HM9KVK2WL","NA/CDS Corp Idx","ITRAXX EUROPE CROSSOVER"
"4109852019000000301","","NEWT","TRAD","2026-07-09T13:55:29Z","","CR","","I","TRUE","2026-07-09T13:55:29Z","2026-07-10","2031-06-20","","FALSE","BBSF","FALSE","TRUE","","65,000,000","","USD","","","","","","","","","","","","","","","","","","","","","","","","","0.05","","","","","","0.010811","","","","","","false","","","3","","","A004","","","","","","","","5379660.00000","MNTH","","","","3","","","","UFRO","USD","","","","","false","0.99","","","","","","","","","","FALSE","","","","","","","","","QZHH8NT767RX","NA/CDS Corp Idx","CDX.NA.HY"
"4109968473000000101","","NEWT","TRAD","2026-07-09T14:07:16Z","","CR","","I","TRUE","2026-07-09T14:07:16Z","2026-07-10","2031-06-20","","","TWSF","FALSE","FALSE","","4,000,000","","EUR","","","","","","","","","","","","","","","","","","","","","","","","","0.05","","","","","","0.0245515","","","","","","false","","","3","","","A004","","","","","","","","443236.48397","MNTH","","","","3","","","","UFRO","EUR","","","","","false","1","","","","","","","","","","FALSE","","","","","","","","","QZ3HM9KVK2WL","NA/CDS Corp Idx","ITRAXX EUROPE CROSSOVER"
"4110001773000000101","","NEWT","TRAD","2026-07-09T14:10:56Z","","CR","","I","FALSE","2026-07-09T14:10:56Z","2026-07-10","2031-06-20","","FALSE","BBSF","FALSE","FALSE","","10,000,000","","USD","","","","","","","","","","","","","","","","","","","","","","","","","0.01","","","","","","0.0098181","","","","","","false","","","3","","","A004","","","","","","","","176900.00000","MNTH","","","","3","","","","UFRO","USD","","","","","false","1","","","","","","","","","","FALSE","","","","","","","","","QZ4JMQKL3P03","NA/CDS Corp Idx","CDX.EM"
"4110006273000000401","","NEWT","TRAD","2026-07-09T14:11:29Z","","CR","","I","TRUE","2026-07-09T14:11:29Z","2026-07-10","2031-06-20","","FALSE","BBSF","FALSE","FALSE","","50,000,000","","USD","","","","","","","","","","","","","","","","","","","","","","","","","0.01","","","","","","0.005058","","","","","","false","","","3","","","A004","","","","","","","","1122542.09000","MNTH","","","","3","","","","UFRO","USD","","","","","false","1","","","","","","","","","","FALSE","","","","","","","","","QZ3WVVQG5T8K","NA/CDS Corp Idx","CDX.NA.IG"
"4110021434000000201","","NEWT","TRAD","2026-07-09T14:11:14Z","","CR","","I","FALSE","2026-07-09T14:11:14Z","2026-03-20","2031-06-20","","","BTFE","FALSE","FALSE","FALSE","10,000,000","","USD","","","","","","","","","","","","","","","","","","","","","","","","","0.01","","","","","","","","","","","","false","","","","","","A004","","","","","","","","224417.83000","MNTH","","","","3","","","","UFRO","USD","","","","","false","1","","","","","","","","","","FALSE","","","","","","","","","QZ3WVVQG5T8K","NA/CDS Corp Idx","CDX.NA.IG"
"4109918224000000801","","NEWT","TRAD","2026-07-09T14:03:27Z","","CR","","I","TRUE","2026-07-09T14:03:27Z","2026-07-10","2031-06-20","","","TWSF","FALSE","TRUE","","166,344,993+","","EUR","","","","","","","","","","","","","","","","","","","","","","","","","0.01","","","","","","0.005185","","","","","","false","","","3","","","A004","","","","","","","","3765668.01942","MNTH","","","","3","","","","UFRO","EUR","","","","","false","1","","","","","","","","","","TRUE","","","","0.005185","","3","","","QZTQ4GTC5QMF","NA/CDS Corp Idx","ITRAXX EUROPE"
"4110038893000000401","","NEWT","TRAD","2026-07-09T14:15:16Z","","CR","","I","TRUE","2026-07-09T14:15:16Z","2026-07-10","2031-06-20","","FALSE","BBSF","FALSE","FALSE","","20,000,000","","USD","","","","","","","","","","","","","","","","","","","","","","","","","0.05","","","","","","0.0108085","","","","","","false","","","3","","","A004","","","","","","","","1650330.00000","MNTH","","","","3","","","","UFRO","USD","","","","","false","0.99","","","","","","","","","","FALSE","","","","","","","","","QZHH8NT767RX","NA/CDS Corp Idx","CDX.NA.HY"
"4110038890000000101","","NEWT","TRAD","2026-07-09T14:14:44Z","","CR","","I","TRUE","2026-07-09T14:14:44Z","2026-03-20","2031-06-20","","FALSE","TPSE","FALSE","FALSE","","20,000,000","","USD","","","","","","","","","","","","","","","","","","","","","","","","","0.05","","","","","","108.091","","USD","","","","false","","","1","","","A004","","","","","","","","","MNTH","","","","3","","","","","","USD","","","","false","0.99","","","","","","","OTHR","","","FALSE","","","","","","","","","QZHH8NT767RX","NA/CDS Corp Idx","CDX.NA.HY"
"4109833696000000201","","NEWT","TRAD","2026-07-09T13:53:31Z","","CR","","N","FALSE","2026-07-09T13:53:31Z","2026-03-20","2026-07-15","2031-06-20","FALSE","BILT","FALSE","FALSE","TRUE","350,199,986+","","EUR","","","","","","","","","","","","","","","","","","","","","","","","2026-07-15","0.01","","7,695,645","EUR","","","","","","","0.01","","false","","","","","3","A004","","","","","","","","","MNTH","","","","3","","","","","","","","","","false","1","","","","","","","","","","FALSE","","","","","","","","","QZ2L66CGCV9J","NA/CDS Idx Swt","NA/CDS Corp Idx"
"4109992935000000101","","NEWT","TRAD","2026-07-09T14:09:31Z","","CR","","I","TRUE","2026-07-09T14:09:31Z","2026-07-10","2031-06-20","","FALSE","BBSF","FALSE","TRUE","","250,000,000+","","USD","","","","","","","","","","","","","","","","","","","","","","","","","0.01","","","","","","0.005056","","","","","","false","","","3","","","A004","","","","","","","","5614952.69843","MNTH","","","","3","","","","UFRO","USD","","","","","false","1","","","","","","","","","","FALSE","","","","","","","","","QZ3WVVQG5T8K","NA/CDS Corp Idx","CDX.NA.IG"
"4110080108000000101","4110073302000000201","MODI","TRAD","2026-07-09T14:20:42Z","TRUE","CR","","I","TRUE","2026-07-09T14:20:01Z","2026-03-20","2031-06-20","","FALSE","TPSE","FALSE","FALSE","","10,000,000","","USD","","","","","","","","","","","","","","","","","","","","","","","","","0.05","","","","","","108.066","","USD","","","","false","","","1","","","A004","","","","","","","","","MNTH","","","","3","","","","","","USD","","","","false","0.99","","","","","","","OTHR","","","FALSE","","","","","","","","","QZHH8NT767RX","NA/CDS Corp Idx","CDX.NA.HY"
"4110085723000000101","","NEWT","TRAD","2026-07-09T14:21:16Z","","CR","","I","TRUE","2026-07-09T14:21:16Z","2026-07-10","2031-06-20","","FALSE","BBSF","FALSE","FALSE","","50,000,000","","USD","","","","","","","","","","","","","","","","","","","","","","","","","0.01","","","","","","0.0050776","","","","","","false","","","3","","","A004","","","","","","","","1118103.69000","MNTH","","","","3","","","","UFRO","USD","","","","","false","1","","","","","","","","","","FALSE","","","","","","","","","QZ3WVVQG5T8K","NA/CDS Corp Idx","CDX.NA.IG"
"4110110894000000201","","NEWT","TRAD","2026-07-09T14:24:06Z","","CR","","I","TRUE","2026-07-09T14:24:06Z","2026-07-10","2031-06-20","","FALSE","BBSF","FALSE","FALSE","","4,000,000","","USD","","","","","","","","","","","","","","","","","","","","","","","","","0.05","","","","","","0.010807","","","","","","false","","","3","","","A004","","","","","","","","329472.00000","MNTH","","","","3","","","","UFRO","USD","","","","","false","0.99","","","","","","","","","","FALSE","","","","","","","","","QZHH8NT767RX","NA/CDS Corp Idx","CDX.NA.HY"
"4110119724000000201","","NEWT","TRAD","2026-07-09T14:25:03Z","","CR","","I","TRUE","2026-07-09T14:25:03Z","2026-07-10","2031-06-20","","FALSE","BBSF","FALSE","FALSE","","3,000,000","","USD","","","","","","","","","","","","","","","","","","","","","","","","","0.05","","","","","","0.01080673","","","","","","false","","","3","","","A004","","","","","","","","247023.81600","MNTH","","","","3","","","","UFRO","USD","","","","","false","0.99","","","","","","","","","","FALSE","","","","","","","","","QZHH8NT767RX","NA/CDS Corp Idx","CDX.NA.HY"
"4110119725000000301","","NEWT","TRAD","2026-07-09T14:25:24Z","","CR","","I","TRUE","2026-07-09T14:25:24Z","2026-07-10","2031-06-20","","FALSE","BBSF","FALSE","FALSE","","25,000,000","","USD","","","","","","","","","","","","","","","","","","","","","","","","","0.05","","","","","","0.010806","","","","","","false","","","3","","","A004","","","","","","","","2056725.00000","MNTH","","","","3","","","","UFRO","USD","","","","","false","0.99","","","","","","","","","","FALSE","","","","","","","","","QZHH8NT767RX","NA/CDS Corp Idx","CDX.NA.HY"
"4107646564000000201","4091890259000000101","TERM","ETRM","2026-07-09T11:11:18Z","","CR","","N","","2026-07-08T21:23:22Z","2026-07-09","2026-09-20","","FALSE","BILT","FALSE","","FALSE","33,000,000","33,000,000","USD","USD","","","","","","","","","","","","","","","","","","","","","","","","0","","","","","","","","","","","","false","","","","","","","","","","","DAIL","","1","56625.26018","","","MNTH","","","","3","","UFRO","USD","USD","USD","","","false","1","","","","","","","","","","FALSE","","","","","","","","","QZBH41B83BS7","NA/CDS Corp Idx","IBOXX USD LIQUID HIGH YIELD INDEX"
"4110632465000000101","","NEWT","TRAD","2026-07-09T15:42:12Z","","CR","","I","TRUE","2026-07-09T15:42:12Z","2026-07-10","2031-06-20","","FALSE","BBSF","FALSE","TRUE","","51,000,000","","USD","","","","","","","","","","","","","","","","","","","","","","","","","0.05","","","","","","0.01081276","","","","","","false","","","3","","","A004","","","","","","","","4229830.67058","MNTH","","","","3","","","","UFRO","USD","","","","","false","0.99","","","","","","","","","","FALSE","","","","","","","","","QZHH8NT767RX","NA/CDS Corp Idx","CDX.NA.HY"
"4110495042000000301","","NEWT","TRAD","2026-07-09T15:19:20Z","","CR","","N","TRUE","2026-07-09T15:19:20Z","2026-03-20","2031-06-20","","FALSE","BMTF","FALSE","FALSE","FALSE","5,000,000","","EUR","","","","","","","","","","","","","","","","","","","","","","","","","0.05","","","","","","","","","","","","false","","","","","","A004","","","","","","","","557639.11000","MNTH","","","","3","","","","UFRO","EUR","","","","","false","1","","","","","","","","","","FALSE","","","","","","","","","QZ3HM9KVK2WL","NA/CDS Corp Idx","ITRAXX EUROPE CROSSOVER"
"4110500375000000101","","NEWT","TRAD","2026-07-09T15:20:35Z","","CR","","I","TRUE","2026-07-09T15:20:35Z","2026-07-10","2031-06-20","","FALSE","BBSF","FALSE","FALSE","","850,000","","USD","","","","","","","","","","","","","","","","","","","","","","","","","0.05","","","","","","0.0108105","","","","","","false","","","3","","","A004","","","","","","","","70307.33000","MNTH","","","","3","","","","UFRO","USD","","","","","false","0.99","","","","","","","","","","FALSE","","","","","","","","","QZHH8NT767RX","NA/CDS Corp Idx","CDX.NA.HY"
"4110346669000000101","","NEWT","TRAD","2026-07-09T14:54:55Z","","CR","","N","FALSE","2026-07-09T14:54:55Z","2026-07-09","2027-12-20","","FALSE","BILT","FALSE","FALSE","TRUE","50,000,000","","EUR","","","","","","","","","","","","","","","","","","","","","","","","","0.01","","","","","","","","","","","","false","","","","","","A004","","","","","","","","1162500.00000","MNTH","","","","3","","","","UFRO","EUR","","","","","false","1","","","","","","","","","","FALSE","","","","","","","","","QZM6T3P70P9G","NA/CDS Corp Idx Tra","ITRAXX EUROPE"
"4110535808000000201","","NEWT","TRAD","2026-07-09T15:25:44Z","","CR","","I","FALSE","2026-07-09T15:25:44Z","2026-03-20","2031-06-20","","FALSE","TPSE","FALSE","FALSE","","10,000,000","","USD","","","","","","","","","","","","","","","","","","","","","","","","","0.01","","","","","","98.22","","USD","","","","false","","","1","","","A004","","","","","","","","","MNTH","","","","3","","","","","","USD","","","","false","1","","","","","","","OTHR","","","FALSE","","","","","","","","","QZ4JMQKL3P03","NA/CDS Corp Idx","CDX.EM"
"4110565447000000101","","NEWT","TRAD","2026-07-09T15:31:08Z","","CR","","I","TRUE","2026-07-09T15:31:08Z","2026-07-10","2031-06-20","","FALSE","BBSF","FALSE","FALSE","","9,000,000","","EUR","","","","","","","","","","","","","","","","","","","","","","","","","0.05","","","","","","0.0244218","","","","","","false","","","3","","","A004","","","","","","","","1002748.53000","MNTH","","","","3","","","","UFRO","EUR","","","","","false","1","","","","","","","","","","FALSE","","","","","","","","","QZ3HM9KVK2WL","NA/CDS Corp Idx","ITRAXX EUROPE CROSSOVER"
"4110569762000000201","","NEWT","TRAD","2026-07-09T15:32:13Z","","CR","","I","TRUE","2026-07-09T15:32:13Z","2026-03-20","2031-06-20","","FALSE","TPSE","FALSE","FALSE","","150,000,000","","USD","","","","","","","","","","","","","","","","","","","","","","","","","0.01","","","","","","0.005045","","","","","","false","","","3","","","A004","","","","","","","","","MNTH","","","","3","","","","","","USD","","","","false","1","","","","","","","OTHR","","","FALSE","","","","","","","","","QZ3WVVQG5T8K","NA/CDS Corp Idx","CDX.NA.IG"
"4110579424000000101","","NEWT","TRAD","2026-07-09T15:33:32Z","","CR","","I","TRUE","2026-07-09T15:33:32Z","2026-07-10","2031-06-20","","","TWSF","FALSE","FALSE","","22,000,000","","EUR","","","","","","","","","","","","","","","","","","","","","","","","","0.01","","","","","","0.00514809","","","","","","false","","","3","","","A004","","","","","","","","501852.95133","MNTH","","","","3","","","","UFRO","EUR","","","","","false","1","","","","","","","","","","FALSE","","","","","","","","","QZTQ4GTC5QMF","NA/CDS Corp Idx","ITRAXX EUROPE"
"4110595293000000201","4110592843000000301","MODI","TRAD","2026-07-09T15:36:36Z","TRUE","CR","","I","TRUE","2026-07-09T15:35:57Z","2026-03-20","2031-06-20","","FALSE","TPSE","FALSE","FALSE","","5,000,000","","USD","","","","","","","","","","","","","","","","","","","","","","","","","0.05","","","","","","108.115","","USD","","","","false","","","1","","","A004","","","","","","","","","MNTH","","","","3","","","","","","USD","","","","false","0.99","","","","","","","OTHR","","","FALSE","","","","","","","","","QZHH8NT767RX","NA/CDS Corp Idx","CDX.NA.HY"
"4110837533000000101","","NEWT","TRAD","2026-07-09T15:58:58Z","","CR","","I","TRUE","2026-07-09T15:58:58Z","2026-07-10","2031-06-20","","FALSE","BBSF","FALSE","FALSE","","20,000,000","","EUR","","","","","","","","","","","","","","","","","","","","","","","","","0.05","","","","","","0.024425","","","","","","false","","","3","","","A004","","","","","","","","2228030.13000","MNTH","","","","3","","","","UFRO","EUR","","","","","false","1","","","","","","","","","","FALSE","","","","","","","","","QZ3HM9KVK2WL","NA/CDS Corp Idx","ITRAXX EUROPE CROSSOVER"
"4110918050000000201","","NEWT","TRAD","2026-07-09T16:02:16Z","","CR","","I","TRUE","2026-07-09T16:02:16Z","2026-07-10","2031-06-20","","","TWSF","FALSE","FALSE","","9,000,000","","USD","","","","","","","","","","","","","","","","","","","","","","","","","0.05","","","","","","0.01081475","","","","","","false","","","3","","","A004","","","","","","","","748217.31110","MNTH","","","","3","","","","UFRO","USD","","","","","false","0.99","","","","","","","","","","FALSE","","","","","","","","","QZHH8NT767RX","NA/CDS Corp Idx","CDX.NA.HY"
"4110892343000000101","","NEWT","TRAD","2026-07-09T16:01:48Z","","CR","","I","TRUE","2026-07-09T16:01:48Z","2026-07-10","2031-06-20","","FALSE","BBSF","FALSE","FALSE","","54,000,000","","USD","","","","","","","","","","","","","","","","","","","","","","","","","0.01","","","","","","0.005044","","","","","","false","","","3","","","A004","","","","","","","","1215769.83000","MNTH","","","","3","","","","UFRO","USD","","","","","false","1","","","","","","","","","","FALSE","","","","","","","","","QZ3WVVQG5T8K","NA/CDS Corp Idx","CDX.NA.IG"
"4110846254000000101","","NEWT","TRAD","2026-07-09T16:00:10Z","","CR","","I","TRUE","2026-07-09T16:00:10Z","2026-07-10","2031-06-20","","FALSE","BBSF","FALSE","TRUE","","200,000,000","","USD","","","","","","","","","","","","","","","","","","","","","","","","","0.01","","","","","","0.005044","","","","","","false","","","3","","","A004","","","","","","","","4502851.22000","MNTH","","","","3","","","","UFRO","USD","","","","","false","1","","","","","","","","","","FALSE","","","","","","","","","QZ3WVVQG5T8K","NA/CDS Corp Idx","CDX.NA.IG"
"4111131619000000101","","NEWT","TRAD","2026-07-09T16:14:01Z","","CR","","I","TRUE","2026-07-09T16:14:01Z","2026-07-10","2031-06-20","","","TWSF","FALSE","FALSE","","150,000,000","","USD","","","","","","","","","","","","","","","","","","","","","","","","","0.01","","","","","","0.005041","","","","","","false","","","3","","","A004","","","","","","","","3379176.86000","MNTH","","","","3","","","","UFRO","USD","","","","","false","1","","","","","","","","","","FALSE","","","","","","","","","QZ3WVVQG5T8K","NA/CDS Corp Idx","CDX.NA.IG"
"4111142884000000401","","NEWT","TRAD","2026-07-09T16:09:12Z","FALSE","CR","","N","FALSE","2026-07-09T16:09:12Z","2026-07-09","2056-12-15","","FALSE","BILT","FALSE","FALSE","FALSE","5,000,000","","USD","","","","","","","","","","","","","","","","","","","","","","","","","0.03","","","","","","","","","","","","false","","","","","","A004","","","","","","","","717604.17000","MNTH","","","","1","","","","UFRO","USD","","","","","false","1","","","","","","","","","","FALSE","","","","","","","","","QZVL6K25F49F","NA/CDS Corp Idx","CMBX.NA.BBB-"
"4111025202000008001","","NEWT","TRAD","2026-07-09T16:07:20Z","","CR","","I","TRUE","2026-07-09T16:07:20Z","2026-07-10","2031-06-20","","FALSE","BBSF","FALSE","TRUE","","250,000,000+","","USD","","","","","","","","","","","","","","","","","","","","","","","","","0.01","","","","","","0.0050388","","","","","","false","","","3","","","A004","","","","","","","","5634452.93000","MNTH","","","","3","","","","UFRO","USD","","","","","false","1","","","","","","","","","","FALSE","","","","","","","","","QZ3WVVQG5T8K","NA/CDS Corp Idx","CDX.NA.IG"
"4106426033000000101","","NEWT","TRAD","2026-07-09T10:22:43Z","","CR","","I","TRUE","2026-07-09T10:22:43Z","2026-07-10","2031-06-20","","FALSE","BBSF","FALSE","FALSE","","50,000,000","","EUR","","","","","","","","","","","","","","","","","","","","","","","","","0.01","","","","","","0.005201","","","","","","false","","","3","","","A004","","","","","","","","1128169.34000","MNTH","","","","3","","","","UFRO","EUR","","","","","false","1","","","","","","","","","","FALSE","","","","","","","","","QZTQ4GTC5QMF","NA/CDS Corp Idx","ITRAXX EUROPE"
"4103290799000000101","","NEWT","TRAD","2026-07-09T09:21:19Z","","CR","","I","TRUE","2026-07-09T09:21:19Z","2026-07-10","2031-06-20","","","TWSF","FALSE","FALSE","","30,000,000","","EUR","","","","","","","","","","","","","","","","","","","","","","","","","0.05","","","","","","0.0246679","","","","","","false","","","3","","","A004","","","","","","","","3307926.26000","MNTH","","","","3","","","","UFRO","EUR","","","","","false","1","","","","","","","","","","FALSE","","","","","","","","","QZ3HM9KVK2WL","NA/CDS Corp Idx","ITRAXX EUROPE CROSSOVER"
"4101623458000000101","","NEWT","TRAD","2026-07-09T08:40:06Z","","CR","","I","TRUE","2026-07-09T08:40:06Z","2026-07-10","2031-06-20","","","TWSF","FALSE","FALSE","","25,000,000","","EUR","","","","","","","","","","","","","","","","","","","","","","","","","0.05","","","","","","0.024631","","","","","","false","","","3","","","A004","","","","","","","","2760921.11000","MNTH","","","","3","","","","UFRO","EUR","","","","","false","1","","","","","","","","","","FALSE","","","","","","","","","QZ3HM9KVK2WL","NA/CDS Corp Idx","ITRAXX EUROPE CROSSOVER"
"4107325003000000101","","NEWT","TRAD","2026-07-09T10:50:16Z","","CR","","I","TRUE","2026-07-09T10:50:16Z","2026-07-10","2031-06-20","","FALSE","BBSF","FALSE","FALSE","","10,000,000","","EUR","","","","","","","","","","","","","","","","","","","","","","","","","0.05","","","","","","0.024831","","","","","","false","","","3","","","A004","","","","","","","","1095017.31000","MNTH","","","","3","","","","UFRO","EUR","","","","","false","1","","","","","","","","","","FALSE","","","","","","","","","QZ3HM9KVK2WL","NA/CDS Corp Idx","ITRAXX EUROPE CROSSOVER"
"4107541568000000301","","NEWT","TRAD","2026-07-09T11:02:17Z","","CR","","I","TRUE","2026-07-09T11:02:17Z","2026-07-10","2031-06-20","","","BTFE","FALSE","FALSE","FALSE","10,000,000","","EUR","","","","","","","","","","","","","","","","","","","","","","","","","","","","","","","","","","","","","false","","","","","","A004","","","","","","","","224884.04000","MNTH","","","","3","","","","UFRO","EUR","","","","","false","1","","","","","","","","","","FALSE","","","","","","","","","QZTQ4GTC5QMF","NA/CDS Corp Idx","ITRAXX EUROPE"
"4107589798000000101","","NEWT","TRAD","2026-07-09T11:07:49Z","","CR","","I","TRUE","2026-07-09T11:07:49Z","2026-07-10","2031-06-20","","FALSE","BBSF","FALSE","FALSE","","40,000,000","","USD","","","","","","","","","","","","","","","","","","","","","","","","","0.05","","","","","","0.010802","","","","","","false","","","3","","","A004","","","","","","","","3274920.00000","MNTH","","","","3","","","","UFRO","USD","","","","","false","0.99","","","","","","","","","","FALSE","","","","","","","","","QZHH8NT767RX","NA/CDS Corp Idx","CDX.NA.HY"
"4111679234000000101","","NEWT","TRAD","2026-07-09T16:51:34Z","","CR","","I","TRUE","2026-07-09T16:51:34Z","2026-07-10","2030-12-20","","FALSE","BBSF","FALSE","TRUE","","250,000,000+","","USD","","","","","","","","","","","","","","","","","","","","","","","","","0.01","","","","","","0.004623","","","","","","false","","","3","","","A004","","","","","","","","5565587.74705","MNTH","","","","3","","","","UFRO","USD","","","","","false","1","","","","","","","","","","TRUE","","","","0.000417","","3","","","QZN3HTTN5303","NA/CDS Corp Idx","CDX.NA.IG"
"4111129652000000101","","NEWT","TRAD","2026-07-09T16:12:00Z","","CR","","N","FALSE","2026-07-09T16:12:00Z","2026-03-20","2026-10-21","","FALSE","BILT","FALSE","FALSE","TRUE","40,000,000","","EUR","","","","","","","","","","","","","","","","","","","","","","","","2026-10-21","0.0325","","190,000","EUR","","","5","","","","3.25","","false","","","3","","3","A004","","","","","","","","","MNTH","","","","3","","","","","","","","","","false","","","","","","","","","","","FALSE","","","","","","","","","QZTL0V3X916X","NA/CDS Idx Swt","NA/CDS Corp Idx"
"4111557535000000101","","NEWT","TRAD","2026-07-09T16:40:17Z","","CR","","I","TRUE","2026-07-09T16:40:17Z","2026-07-10","2030-12-20","","FALSE","BBSF","FALSE","FALSE","","12,000,000","","USD","","","","","","","","","","","","","","","","","","","","","","","","","0.05","","","","","","0.010816","","","","","","false","","","3","","","A004","","","","","","","","989016.00000","MNTH","","","","3","","","","UFRO","USD","","","","","false","0.98","","","","","","","","","","FALSE","","","","","","","","","QZMD5JCHG48C","NA/CDS Corp Idx","CDX.NA.HY"
"4111474454000000201","","NEWT","TRAD","2026-07-09T16:34:06Z","","CR","","I","TRUE","2026-07-09T16:34:06Z","2026-07-10","2031-06-20","","FALSE","BBSF","FALSE","TRUE","","240,000,000","","USD","","","","","","","","","","","","","","","","","","","","","","","","","0.01","","","","","","0.005039","","","","","","false","","","3","","","A004","","","","","","","","5408881.71837","MNTH","","","","3","","","","UFRO","USD","","","","","false","1","","","","","","","","","","FALSE","","","","","","","","","QZ3WVVQG5T8K","NA/CDS Corp Idx","CDX.NA.IG"
"4111752393000000101","","NEWT","TRAD","2026-07-09T16:57:08Z","","CR","","I","TRUE","2026-07-09T16:57:08Z","2026-03-20","2026-11-18","","FALSE","BILT","FALSE","FALSE","TRUE","100,000,000","","USD","","","","","","","","","","","","","","","","","","","","","","","","2026-11-18","0.97","","201,960","USD","","","5","","","","97","USD","false","","","3","","1","A004","","","","","","","","","MNTH","","","","3","","","","","","","","","","false","","","","","","","","","","","FALSE","","","","","","","","","QZVK9BCP48T0","NA/CDS Idx Swt","NA/CDS Corp Idx"
"4112066247000000101","","NEWT","TRAD","2026-07-09T17:13:46Z","","CR","","I","FALSE","2026-07-09T17:13:40Z","2026-07-10","2031-06-20","","","BILT","FALSE","FALSE","FALSE","2,000,000","","USD","","","","","","","","","","","","","","","","","","","","","","","","","0.01","","","","","","","","","","","","false","","","","","","A004","","","","","","","","33620.00000","MNTH","","","","3","","","","UFRO","USD","","","","","false","1","","","","","","","","","","FALSE","","","","","","","","","QZ4JMQKL3P03","NA/CDS Corp Idx","CDX.EM"
"4111722739000000301","","NEWT","TRAD","2026-07-09T16:54:10Z","","CR","","N","FALSE","2026-07-09T16:54:10Z","2026-07-11","2055-03-15","2055-03-15","TRUE","BILT","FALSE","FALSE","TRUE","5,000,000","","USD","","","","","","","","","","","","","","","","","","","","","","","","","","","","","","","1","","","","","","false","","","4","","","","","A004","","DAIL","","1","","","","","","","","","","","","","USD","","","","true","","","","","","","","OPET","","","FALSE","","","","","","","","","QZWBC8GZ8TBN","NA/CDS Corp Oth","Basket"
"4112276789000000301","","NEWT","TRAD","2026-07-09T17:24:20Z","","CR","","I","TRUE","2026-07-09T17:24:20Z","2026-07-10","2031-06-20","","FALSE","BBSF","FALSE","FALSE","","10,000,000","","USD","","","","","","","","","","","","","","","","","","","","","","","","","0.05","","","","","","0.01081645","","","","","","false","","","3","","","A004","","","","","","","","833035.50000","MNTH","","","","3","","","","UFRO","USD","","","","","false","0.99","","","","","","","","","","FALSE","","","","","","","","","QZHH8NT767RX","NA/CDS Corp Idx","CDX.NA.HY"
"4112276787000000101","","NEWT","TRAD","2026-07-09T17:23:55Z","","CR","","I","TRUE","2026-07-09T17:23:55Z","2026-07-10","2031-06-20","","FALSE","BBSF","FALSE","FALSE","","25,000,000","","USD","","","","","","","","","","","","","","","","","","","","","","","","","0.05","","","","","","0.0108155","","","","","","false","","","3","","","A004","","","","","","","","2080237.50000","MNTH","","","","3","","","","UFRO","USD","","","","","false","0.99","","","","","","","","","","FALSE","","","","","","","","","QZHH8NT767RX","NA/CDS Corp Idx","CDX.NA.HY"
"4096231570000000101","","NEWT","TRAD","2026-07-09T06:41:14Z","","CR","","I","TRUE","2026-07-09T06:41:14Z","2026-07-10","2031-06-20","","FALSE","BBSF","FALSE","FALSE","","20,000,000","","EUR","","","","","","","","","","","","","","","","","","","","","","","","","0.05","","","","","","0.024596","","","","","","false","","","3","","","A004","","","","","","","","2212012.73000","MNTH","","","","3","","","","UFRO","EUR","","","","","false","1","","","","","","","","","","FALSE","","","","","","","","","QZ3HM9KVK2WL","NA/CDS Corp Idx","ITRAXX EUROPE CROSSOVER"
"4110056875000000301","","NEWT","TRAD","2026-07-09T14:16:42Z","","CR","","I","TRUE","2026-07-09T14:16:42Z","2026-07-10","2036-06-20","","FALSE","BBSF","FALSE","TRUE","","10,000,000","","USD","","","","","","","","","","","","","","","","","","","","","","","","","0.01","","","","","","0.00907444","","","","","","false","","","3","","","A004","","","","","","","","76379.19000","MNTH","","","","3","","","","UFRO","USD","","","","","false","1","","","","","","","","","","FALSE","","","","","","","","","QZ21S8101WKL","NA/CDS Corp Idx","CDX.NA.IG"
"4110096227000000101","","NEWT","TRAD","2026-07-09T14:22:12Z","","CR","","I","FALSE","2026-07-09T14:22:12Z","2026-07-10","2031-06-20","","","TWSF","FALSE","TRUE","","40,000,000","","USD","","","","","","","","","","","","","","","","","","","","","","","","","0.01","","","","","","0.009818","","","","","","false","","","3","","","A004","","","","","","","","708000.00000","MNTH","","","","3","","","","UFRO","USD","","","","","false","1","","","","","","","","","","FALSE","","","","","","","","","QZ4JMQKL3P03","NA/CDS Corp Idx","CDX.EM"
"4110205899000000101","","NEWT","TRAD","2026-07-09T14:34:36Z","","CR","","I","TRUE","2026-07-09T14:34:36Z","2026-07-10","2031-06-20","","","TWSF","FALSE","FALSE","","10,000,000","","EUR","","","","","","","","","","","","","","","","","","","","","","","","","0.01","","","","","","0.0051545","","","","","","false","","","3","","","A004","","","","","","","","227813.60000","MNTH","","","","3","","","","UFRO","EUR","","","","","false","1","","","","","","","","","","FALSE","","","","","","","","","QZTQ4GTC5QMF","NA/CDS Corp Idx","ITRAXX EUROPE"
"4110006271000000201","4089435600000000401","MODI","TRAD","2026-07-09T14:11:18Z","TRUE","CR","","N","FALSE","2026-07-08T17:56:17Z","2026-03-20","2031-06-20","2031-06-20","TRUE","BILT","FALSE","TRUE","TRUE","200,000,000","","USD","","","","","","","","","","","","","","","","","","","","","","","","2026-11-18","0.05","","1,425,600","USD","","","","","","","104","USD","false","","","","","1","A004","","","","","","","","","MNTH","","","","3","","","","","","","","","","false","0.99","","","","","","","","","","FALSE","","","","","","","","","QZX75BBR2PZH","NA/CDS Idx Swt","NA/CDS Corp Idx"
"4110213053000000101","","NEWT","TRAD","2026-07-09T14:35:50Z","","CR","","I","TRUE","2026-07-09T14:35:50Z","2026-07-10","2031-06-20","","FALSE","BBSF","FALSE","FALSE","","40,000,000","","USD","","","","","","","","","","","","","","","","","","","","","","","","","0.01","","","","","","0.0050586","","","","","","false","","","3","","","A004","","","","","","","","897924.97000","MNTH","","","","3","","","","UFRO","USD","","","","","false","1","","","","","","","","","","FALSE","","","","","","","","","QZ3WVVQG5T8K","NA/CDS Corp Idx","CDX.NA.IG"
"4110372507000000101","","NEWT","TRAD","2026-07-09T15:00:53Z","","CR","","I","FALSE","2026-07-09T15:00:53Z","2026-07-10","2031-06-20","","","TWSF","FALSE","FALSE","","4,000,000","","USD","","","","","","","","","","","","","","","","","","","","","","","","","0.01","","","","","","0.005051","","","","","","false","","","3","","","A004","","","","","","","","89930.21760","MNTH","","","","3","","","","UFRO","USD","","","","","false","1","","","","","","","","","","FALSE","","","","","","","","","QZ3WVVQG5T8K","NA/CDS Corp Idx","CDX.NA.IG"
"4110409628000000101","","NEWT","TRAD","2026-07-09T15:04:32Z","","CR","","I","TRUE","2026-07-09T15:04:32Z","2026-03-20","2031-06-20","","FALSE","TPSE","FALSE","FALSE","","100,000,000","","USD","","","","","","","","","","","","","","","","","","","","","","","","","0.01","","","","","","0.00505","","","","","","false","","","3","","","A004","","","","","","","","","MNTH","","","","3","","","","","","USD","","","","false","1","","","","","","","OTHR","","","FALSE","","","","","","","","","QZ3WVVQG5T8K","NA/CDS Corp Idx","CDX.NA.IG"
"4110411331000000101","4110394038000000201","MODI","TRAD","2026-07-09T15:04:39Z","TRUE","CR","","I","TRUE","2026-07-09T15:03:58Z","2026-03-20","2031-06-20","","FALSE","TPSE","FALSE","FALSE","","50,000,000","","USD","","","","","","","","","","","","","","","","","","","","","","","","","0.01","","","","","","0.00505","","","","","","false","","","3","","","A004","","","","","","","","","MNTH","","","","3","","","","","","USD","","","","false","1","","","","","","","OTHR","","","FALSE","","","","","","","","","QZ3WVVQG5T8K","NA/CDS Corp Idx","CDX.NA.IG"
"4110415189000000301","","NEWT","TRAD","2026-07-09T15:05:46Z","","CR","","I","TRUE","2026-07-09T15:05:46Z","2026-07-10","2031-06-20","","FALSE","BBSF","FALSE","FALSE","","50,000,000","","EUR","","","","","","","","","","","","","","","","","","","","","","","","","0.01","","","","","","0.0051405","","","","","","false","","","3","","","A004","","","","","","","","1142350.14000","MNTH","","","","3","","","","UFRO","EUR","","","","","false","1","","","","","","","","","","FALSE","","","","","","","","","QZTQ4GTC5QMF","NA/CDS Corp Idx","ITRAXX EUROPE"
"4110455163000000101","","NEWT","TRAD","2026-07-09T15:12:48Z","","CR","","I","TRUE","2026-07-09T15:12:48Z","2026-07-10","2031-06-20","","FALSE","BBSF","FALSE","FALSE","","25,000,000","","EUR","","","","","","","","","","","","","","","","","","","","","","","","","0.01","","","","","","0.005139","","","","","","false","","","3","","","A004","","","","","","","","571350.91000","MNTH","","","","3","","","","UFRO","EUR","","","","","false","1","","","","","","","","","","FALSE","","","","","","","","","QZTQ4GTC5QMF","NA/CDS Corp Idx","ITRAXX EUROPE"
"4110183635000000401","","NEWT","TRAD","2026-07-09T14:32:44Z","","CR","","I","TRUE","2026-07-09T14:32:44Z","2026-07-10","2036-06-20","","FALSE","BBSF","FALSE","TRUE","","15,000,000","","USD","","","","","","","","","","","","","","","","","","","","","","","","","0.01","","","","","","0.00905555","","","","","","false","","","3","","","A004","","","","","","","","116769.65000","MNTH","","","","3","","","","UFRO","USD","","","","","false","1","","","","","","","","","","FALSE","","","","","","","","","QZ21S8101WKL","NA/CDS Corp Idx","CDX.NA.IG"
"4109173159000000101","4109025573000000101","TERM","ETRM","2026-07-09T13:06:11Z","","CR","","N","","2026-07-09T12:52:33Z","2026-07-10","2026-07-15","2031-06-20","FALSE","BILT","FALSE","","FALSE","350,199,986+","","EUR","","","","","","","","","","","","","","","","","","","","","","","","2026-07-15","0.01","","507,790","EUR","","","","","","","55","EUR","false","","","","","1","","","","","","","","","","","","","","","","","","","","","","","","false","","","","","","","","","","","FALSE","","","","","","","","","QZ2L66CGCV9J","NA/CDS Idx Swt","NA/CDS Corp Idx"
"4109351673000000101","","NEWT","TRAD","2026-07-09T13:19:24Z","","CR","","I","TRUE","2026-07-09T13:19:24Z","2026-07-10","2031-06-20","","FALSE","BBSF","FALSE","FALSE","","50,000,000","","EUR","","","","","","","","","","","","","","","","","","","","","","","","","0.01","","","","","","0.005183","","","","","","false","","","3","","","A004","","","","","","","","1132387.70000","MNTH","","","","3","","","","UFRO","EUR","","","","","false","1","","","","","","","","","","FALSE","","","","","","","","","QZTQ4GTC5QMF","NA/CDS Corp Idx","ITRAXX EUROPE"
"4109403672000000101","","NEWT","TRAD","2026-07-09T13:22:11Z","","CR","","I","TRUE","2026-07-09T13:22:11Z","2026-07-10","2031-06-20","","","TWSF","FALSE","FALSE","","10,000,000","","USD","","","","","","","","","","","","","","","","","","","","","","","","","0.05","","","","","","0.010807","","","","","","false","","","3","","","A004","","","","","","","","823680.00000","MNTH","","","","3","","","","UFRO","USD","","","","","false","0.99","","","","","","","","","","FALSE","","","","","","","","","QZHH8NT767RX","NA/CDS Corp Idx","CDX.NA.HY"
"4109423004000000101","","NEWT","TRAD","2026-07-09T13:24:18Z","","CR","","I","TRUE","2026-07-09T13:24:18Z","2026-07-10","2031-06-20","","","TWSF","FALSE","FALSE","","10,000,000","","EUR","","","","","","","","","","","","","","","","","","","","","","","","","0.01","","","","","","0.00519075","","","","","","false","","","3","","","A004","","","","","","","","226114.28000","MNTH","","","","3","","","","UFRO","EUR","","","","","false","1","","","","","","","","","","FALSE","","","","","","","","","QZTQ4GTC5QMF","NA/CDS Corp Idx","ITRAXX EUROPE"
"4109413512000000401","4047115616000000801","CORR","","2026-07-06T14:44:40Z","","CR","","N","FALSE","2026-07-06T14:44:40Z","2026-03-20","2026-12-16","2031-06-20","FALSE","BILT","FALSE","FALSE","TRUE","400,000,000+","","USD","","","","","","","","","","","","","","","","","","","","","","","","2026-12-16","0.05","","3,643,211.385","USD","","","","","","","106.75","USD","false","","","","","1","A004","","","","","","","","","MNTH","","","","3","","","","","","","","","","false","1","","","","","","","","","","FALSE","","","","","","","","","QZHJMSG8W2ZX","NA/CDS Idx Swt","NA/CDS Corp Idx"
"4109452519000000101","","NEWT","TRAD","2026-07-09T13:26:39Z","","CR","","I","FALSE","2026-07-09T13:26:39Z","2026-07-10","2031-06-20","","FALSE","BBSF","FALSE","FALSE","","2,000,000","","EUR","","","","","","","","","","","","","","","","","","","","","","","","","0.01","","","","","","0.005436","","","","","","false","","","3","","","A004","","","","","","","","42925.98602","MNTH","","","","3","","","","UFRO","EUR","","","","","false","1","","","","","","","","","","FALSE","","","","","","","","","QZTB38W3WJ98","NA/CDS Corp Idx","ITRAXX EUROPE SENIOR FINANCIALS"
"4109444824000000101","","NEWT","TRAD","2026-07-09T13:26:01Z","","CR","","I","TRUE","2026-07-09T13:26:01Z","2026-07-10","2031-06-20","","FALSE","BBSF","FALSE","FALSE","","9,000,000","","EUR","","","","","","","","","","","","","","","","","","","","","","","","","0.01","","","","","","0.0051844","","","","","","false","","","3","","","A004","","","","","","","","203770.40977","MNTH","","","","3","","","","UFRO","EUR","","","","","false","1","","","","","","","","","","FALSE","","","","","","","","","QZTQ4GTC5QMF","NA/CDS Corp Idx","ITRAXX EUROPE"
"4103860428000000101","","NEWT","TRAD","2026-07-09T09:32:36Z","","CR","","I","TRUE","2026-07-09T09:32:36Z","2026-07-10","2031-06-20","","FALSE","BBSF","FALSE","FALSE","","25,000,000","","EUR","","","","","","","","","","","","","","","","","","","","","","","","","0.05","","","","","","0.024679","","","","","","false","","","3","","","A004","","","","","","","","2755307.18000","MNTH","","","","3","","","","UFRO","EUR","","","","","false","1","","","","","","","","","","FALSE","","","","","","","","","QZ3HM9KVK2WL","NA/CDS Corp Idx","ITRAXX EUROPE CROSSOVER"
"4100361569000000101","","NEWT","TRAD","2026-07-09T08:11:24Z","","CR","","I","FALSE","2026-07-09T08:11:24Z","2026-07-10","2031-06-20","","","TWSF","FALSE","FALSE","","10,000,000","","EUR","","","","","","","","","","","","","","","","","","","","","","","","","0.05","","","","","","0.024584","","","","","","false","","","3","","","A004","","","","","","","","1106568.04000","MNTH","","","","3","","","","UFRO","EUR","","","","","false","1","","","","","","","","","","FALSE","","","","","","","","","QZ3HM9KVK2WL","NA/CDS Corp Idx","ITRAXX EUROPE CROSSOVER"
"4113396429000000201","","NEWT","TRAD","2026-07-09T18:21:08Z","","CR","","I","TRUE","2026-07-09T18:21:08Z","2026-07-10","2031-06-20","","","TWSF","FALSE","FALSE","","20,000,000","","USD","","","","","","","","","","","","","","","","","","","","","","","","","0.05","","","","","","0.01081383","","","","","","false","","","3","","","A004","","","","","","","","1660883.40000","MNTH","","","","3","","","","UFRO","USD","","","","","false","0.99","","","","","","","","","","FALSE","","","","","","","","","QZHH8NT767RX","NA/CDS Corp Idx","CDX.NA.HY"
"4113529689000000201","","NEWT","TRAD","2026-07-09T18:28:10Z","","CR","","I","TRUE","2026-07-09T18:28:10Z","2026-07-10","2031-06-20","","FALSE","BBSF","FALSE","FALSE","","100,000,000","","USD","","","","","","","","","","","","","","","","","","","","","","","","","0.01","","","","","","0.005055","","","","","","false","","","3","","","A004","","","","","","","","2246443.00000","MNTH","","","","3","","","","UFRO","USD","","","","","false","1","","","","","","","","","","FALSE","","","","","","","","","QZ3WVVQG5T8K","NA/CDS Corp Idx","CDX.NA.IG"
"4113422851000000101","","NEWT","TRAD","2026-07-09T18:21:59Z","","CR","","I","TRUE","2026-07-09T18:21:59Z","2026-07-10","2031-06-20","","FALSE","BBSF","FALSE","TRUE","","50,000,000","","USD","","","","","","","","","","","","","","","","","","","","","","","","","0.05","","","","","","0.0108125","","","","","","false","","","3","","","A004","","","","","","","","4145625.00000","MNTH","","","","3","","","","UFRO","USD","","","","","false","0.99","","","","","","","","","","FALSE","","","","","","","","","QZHH8NT767RX","NA/CDS Corp Idx","CDX.NA.HY"
"4113692503000000101","","NEWT","TRAD","2026-07-09T18:37:44Z","","CR","","I","TRUE","2026-07-09T18:37:44Z","2026-07-10","2031-06-20","","FALSE","BBSF","FALSE","FALSE","","60,000,000","","USD","","","","","","","","","","","","","","","","","","","","","","","","","0.01","","","","","","0.005072","","","","","","false","","","3","","","A004","","","","","","","","1343246.08000","MNTH","","","","3","","","","UFRO","USD","","","","","false","1","","","","","","","","","","FALSE","","","","","","","","","QZ3WVVQG5T8K","NA/CDS Corp Idx","CDX.NA.IG"
"4113699380000000201","","NEWT","TRAD","2026-07-09T18:40:42Z","","CR","","I","TRUE","2026-07-09T18:40:42Z","2026-07-10","2030-06-20","","","TWSF","FALSE","FALSE","","2,000,000","","USD","","","","","","","","","","","","","","","","","","","","","","","","","0.01","","","","","","0.004288","","","","","","false","","","3","","","A004","","","","","","","","42550.04704","MNTH","","","","3","","","","UFRO","USD","","","","","false","1","","","","","","","","","","FALSE","","","","","","","","","QZ0PH5HG4P9T","NA/CDS Corp Idx","CDX.NA.IG"
"4113572710000000201","","NEWT","TRAD","2026-07-09T18:30:32Z","","CR","","I","TRUE","2026-07-09T18:30:32Z","2026-07-10","2031-06-20","","FALSE","BBSF","FALSE","TRUE","","250,000,000+","","USD","","","","","","","","","","","","","","","","","","","","","","","","","0.01","","","","","","0.005062","","","","","","false","","","3","","","A004","","","","","","","","5608158.77561","MNTH","","","","3","","","","UFRO","USD","","","","","false","1","","","","","","","","","","FALSE","","","","","","","","","QZ3WVVQG5T8K","NA/CDS Corp Idx","CDX.NA.IG"
"4113423844000000101","","NEWT","TRAD","2026-07-09T18:17:21Z","","CR","","N","FALSE","2026-07-09T18:17:21Z","2026-07-11","2055-03-15","2055-03-15","TRUE","BILT","FALSE","FALSE","TRUE","36,000,000","","USD","","","","","","","","","","","","","","","","","","","","","","","","","","","","","","","1","","","","","","false","","","4","","","","","A004","","DAIL","","1","","","","","","","","","","","","","USD","","","","true","","","","","","","","OPET","","","FALSE","","","","","","","","","QZWBC8GZ8TBN","NA/CDS Corp Oth","Basket"
"4113423855000001201","","NEWT","TRAD","2026-07-09T18:21:38Z","","CR","","N","FALSE","2026-07-09T18:21:38Z","2026-07-10","2026-10-14","","FALSE","BILT","FALSE","FALSE","TRUE","160,000,000","","USD","","","","","","","","","","","","","","","","","","","","","","","","","0.0425","","","","","","","","","","","","false","","","","","","A006","","","","","","","","1857446.62773","MNTH","","","","6","","","","PEXH","USD","","","","","false","","","","","","","","","","","FALSE","","","","","","","","","QZHW6NNGTS3M","NA/CDS Corp SN","DTD 01/31/2025"
"4113422826000000301","","NEWT","TRAD","2026-07-09T18:21:37Z","","CR","","N","FALSE","2026-07-09T18:21:37Z","2026-07-10","2026-10-14","","FALSE","BILT","FALSE","FALSE","TRUE","18,000,000","","USD","","","","","","","","","","","","","","","","","","","","","","","","","0.04625","","","","","","","","","","","","false","","","","","","A006","","","","","","","","179724.12357","MNTH","","","","6","","","","PEXH","USD","","","","","false","","","","","","","","","","","FALSE","","","","","","","","","QZWPDD564ZX3","NA/CDS Corp SN","DTD 04/30/2024"
"4113422829000000601","","NEWT","TRAD","2026-07-09T18:21:39Z","","CR","","N","FALSE","2026-07-09T18:21:39Z","2026-07-10","2026-10-14","","FALSE","BILT","FALSE","FALSE","TRUE","22,000,000","","USD","","","","","","","","","","","","","","","","","","","","","","","","","0.0425","","","","","","","","","","","","false","","","","","","A006","","","","","","","","255399.49865","MNTH","","","","6","","","","PEXH","USD","","","","","false","","","","","","","","","","","FALSE","","","","","","","","","QZHW6NNGTS3M","NA/CDS Corp SN","DTD 01/31/2025"
"4113724402000000201","","NEWT","TRAD","2026-07-09T18:48:56Z","","CR","","I","TRUE","2026-07-09T18:48:56Z","2026-07-10","2031-06-20","","FALSE","BBSF","FALSE","TRUE","","50,000,000","","USD","","","","","","","","","","","","","","","","","","","","","","","","","0.05","","","","","","0.0108095","","","","","","false","","","3","","","A004","","","","","","","","4130775.00000","MNTH","","","","3","","","","UFRO","USD","","","","","false","0.99","","","","","","","","","","FALSE","","","","","","","","","QZHH8NT767RX","NA/CDS Corp Idx","CDX.NA.HY"
"4113779663000000101","","NEWT","TRAD","2026-07-09T18:59:51Z","","CR","","I","TRUE","2026-07-09T18:59:51Z","2026-07-10","2031-06-20","","","TWSF","FALSE","FALSE","","73,000,000","","USD","","","","","","","","","","","","","","","","","","","","","","","","","0.01","","","","","","0.00506255","","","","","","false","","","3","","","A004","","","","","","","","1637407.07000","MNTH","","","","3","","","","UFRO","USD","","","","","false","1","","","","","","","","","","FALSE","","","","","","","","","QZ3WVVQG5T8K","NA/CDS Corp Idx","CDX.NA.IG"
"4111930265000000101","4110866704000000301","MODI","TRAD","2026-07-09T17:02:08Z","TRUE","CR","","N","FALSE","2026-07-09T15:18:30Z","2026-03-20","2031-06-20","2031-06-20","TRUE","BILT","FALSE","TRUE","TRUE","82,000,000","","USD","","","","","","","","","","","","","","","","","","","","","","","","2026-09-16","0.05","","192,395.64271","USD","","","","","","","108","USD","false","","","","","1","A004","","","","","","","","","MNTH","","","","3","","","","","","","","","","false","1","","","","","","","","","","FALSE","","","","","","","","","QZQ9RDJP4641","NA/CDS Idx Swt","NA/CDS Corp Idx"
"4111882308000000101","","NEWT","TRAD","2026-07-09T17:06:49Z","","CR","","N","FALSE","2026-07-09T13:52:22Z","2026-03-20","2031-06-20","2031-06-20","TRUE","BILT","FALSE","FALSE","TRUE","2,000,000","","USD","","","","","","","","","","","","","","","","","","","","","","","","2026-10-21","0.05","","24,354","USD","","","","","","","107","USD","false","","","","","1","A004","","","","","","","","","MNTH","","","","3","","","","","","","","","","false","1","","","","","","","","","","FALSE","","","","","","","","","QZX75BBR2PZH","NA/CDS Idx Swt","NA/CDS Corp Idx"
"4112467468000000101","","NEWT","TRAD","2026-07-09T17:32:31Z","","CR","","I","TRUE","2026-07-09T17:32:31Z","2026-07-10","2031-06-20","","FALSE","BBSF","FALSE","FALSE","","50,000,000","","USD","","","","","","","","","","","","","","","","","","","","","","","","","0.01","","","","","","0.0050399","","","","","","false","","","3","","","A004","","","","","","","","1126641.44000","MNTH","","","","3","","","","UFRO","USD","","","","","false","1","","","","","","","","","","FALSE","","","","","","","","","QZ3WVVQG5T8K","NA/CDS Corp Idx","CDX.NA.IG"
"4112599691000000101","","NEWT","TRAD","2026-07-09T17:39:34Z","","CR","","I","TRUE","2026-07-09T17:39:34Z","2026-07-10","2031-06-20","","FALSE","BBSF","FALSE","FALSE","","50,000,000","","USD","","","","","","","","","","","","","","","","","","","","","","","","","0.01","","","","","","0.005044","","","","","","false","","","3","","","A004","","","","","","","","1125712.80000","MNTH","","","","3","","","","UFRO","USD","","","","","false","1","","","","","","","","","","FALSE","","","","","","","","","QZ3WVVQG5T8K","NA/CDS Corp Idx","CDX.NA.IG"
"4112699133000000101","","NEWT","TRAD","2026-07-09T17:44:04Z","","CR","","I","TRUE","2026-07-09T17:44:04Z","2026-07-10","2031-06-20","","","TWSF","FALSE","FALSE","","12,000,000","","USD","","","","","","","","","","","","","","","","","","","","","","","","","0.01","","","","","","0.0050413","","","","","","false","","","3","","","A004","","","","","","","","270318.31609","MNTH","","","","3","","","","UFRO","USD","","","","","false","1","","","","","","","","","","FALSE","","","","","","","","","QZ3WVVQG5T8K","NA/CDS Corp Idx","CDX.NA.IG"
"4114812423000000101","","NEWT","TRAD","2026-07-09T20:20:10Z","","CR","","I","TRUE","2026-07-09T20:20:10Z","2026-07-10","2031-06-20","","FALSE","BBSF","FALSE","FALSE","","45,000,000","","USD","","","","","","","","","","","","","","","","","","","","","","","","","0.05","","","","","","0.010808","","","","","","false","","","3","","","A004","","","","","","","","3711015.00000","MNTH","","","","3","","","","UFRO","USD","","","","","false","0.99","","","","","","","","","","FALSE","","","","","","","","","QZHH8NT767RX","NA/CDS Corp Idx","CDX.NA.HY"
"4098719522000000101","","NEWT","TRAD","2026-07-09T07:40:50Z","","CR","","I","TRUE","2026-07-09T07:40:50Z","2026-07-10","2031-06-20","","FALSE","BBSF","FALSE","FALSE","","20,000,000","","EUR","","","","","","","","","","","","","","","","","","","","","","","","","0.05","","","","","","0.0245595","","","","","","false","","","3","","","A004","","","","","","","","2215429.89000","MNTH","","","","3","","","","UFRO","EUR","","","","","false","1","","","","","","","","","","FALSE","","","","","","","","","QZ3HM9KVK2WL","NA/CDS Corp Idx","ITRAXX EUROPE CROSSOVER"
"4098918754000000101","","NEWT","TRAD","2026-07-09T07:44:37Z","","CR","","I","TRUE","2026-07-09T07:44:37Z","2026-07-10","2031-06-20","","FALSE","BBSF","FALSE","FALSE","","5,000,000","","EUR","","","","","","","","","","","","","","","","","","","","","","","","","0.05","","","","","","0.0245585","","","","","","false","","","3","","","A004","","","","","","","","553880.88000","MNTH","","","","3","","","","UFRO","EUR","","","","","false","1","","","","","","","","","","FALSE","","","","","","","","","QZ3HM9KVK2WL","NA/CDS Corp Idx","ITRAXX EUROPE CROSSOVER"
"4109472823000000201","4109019585000000201","CORR","","2026-07-09T12:52:18Z","","CR","","N","FALSE","2026-07-09T12:52:18Z","2026-07-10","2026-09-16","2031-06-20","FALSE","BILT","FALSE","FALSE","TRUE","350,199,986+","","EUR","","","","","","","","","","","","","","","","","","","","","","","","2026-09-16","0.01","","379,964.2875","EUR","","","","","","","52.5","EUR","false","","","","","1","A004","","","","","","","","","MNTH","","","","3","","","","","","","","","","false","","","","","","","","","","","TRUE","9.9999999999","","3","","","","","","QZ2L66CGCV9J","NA/CDS Idx Swt","NA/CDS Corp Idx"
"4107713152000000101","","NEWT","TRAD","2026-07-09T11:16:57Z","","CR","","I","TRUE","2026-07-09T11:16:57Z","2026-07-10","2031-06-20","","","TWSF","FALSE","FALSE","","10,000,000","","EUR","","","","","","","","","","","","","","","","","","","","","","","","","0.01","","","","","","0.005219","","","","","","false","","","3","","","A004","","","","","","","","224790.32000","MNTH","","","","3","","","","UFRO","EUR","","","","","false","1","","","","","","","","","","FALSE","","","","","","","","","QZTQ4GTC5QMF","NA/CDS Corp Idx","ITRAXX EUROPE"
"4107730666000000201","2367214025000000101","EROR","","2026-07-09T11:17:29Z","","CR","","N","","2025-01-21T22:06:38Z","2022-09-20","2027-12-20","","FALSE","BILT","FALSE","","FALSE","30,000,000","","USD","","","","","","","","","","","","","","","","","","","","","","","","","0.01","","","","","","","","","","","","false","","","","","","","","","","","","","","","","","","","","","","","","","USD","","","","true","1","","","","","","","","","","FALSE","","","","","","","","","QZP3NHDNQRFJ","NA/CDS Corp Idx Tra","CDX.NA.IG"
"4107739846000000101","","NEWT","TRAD","2026-07-09T11:17:23Z","","CR","","I","TRUE","2026-07-09T11:17:23Z","2026-07-10","2031-06-20","","","BTFE","FALSE","FALSE","FALSE","10,000,000","","USD","","","","","","","","","","","","","","","","","","","","","","","","","","","","","","","","","","","","","false","","","","","","A004","","","","","","","","222787.53000","MNTH","","","","3","","","","UFRO","USD","","","","","false","1","","","","","","","","","","FALSE","","","","","","","","","QZ3WVVQG5T8K","NA/CDS Corp Idx","CDX.NA.IG"
"4107760785000000201","","NEWT","TRAD","2026-07-09T11:20:08Z","","CR","","I","TRUE","2026-07-09T11:20:08Z","2026-07-10","2031-06-20","","FALSE","BBSF","FALSE","FALSE","","25,000,000","","USD","","","","","","","","","","","","","","","","","","","","","","","","","0.05","","","","","","0.0108005","","","","","","false","","","3","","","A004","","","","","","","","2043112.50000","MNTH","","","","3","","","","UFRO","USD","","","","","false","0.99","","","","","","","","","","FALSE","","","","","","","","","QZHH8NT767RX","NA/CDS Corp Idx","CDX.NA.HY"
"4107760786000000301","","NEWT","TRAD","2026-07-09T11:20:12Z","","CR","","I","TRUE","2026-07-09T11:20:12Z","2026-07-10","2031-06-20","","FALSE","BBSF","FALSE","FALSE","","10,000,000","","EUR","","","","","","","","","","","","","","","","","","","","","","","","","0.05","","","","","","0.024796","","","","","","false","","","3","","","A004","","","","","","","","1096652.73000","MNTH","","","","3","","","","UFRO","EUR","","","","","false","1","","","","","","","","","","FALSE","","","","","","","","","QZ3HM9KVK2WL","NA/CDS Corp Idx","ITRAXX EUROPE CROSSOVER"
"4107770293000000101","","NEWT","TRAD","2026-07-09T11:20:40Z","","CR","","I","TRUE","2026-07-09T11:20:40Z","2026-07-10","2031-06-20","","FALSE","BBSF","FALSE","FALSE","","130,000,000","","USD","","","","","","","","","","","","","","","","","","","","","","","","","0.01","","","","","","0.005103","","","","","","false","","","3","","","A004","","","","","","","","2892117.57120","MNTH","","","","3","","","","UFRO","USD","","","","","false","1","","","","","","","","","","FALSE","","","","","","","","","QZ3WVVQG5T8K","NA/CDS Corp Idx","CDX.NA.IG"
"4107779782000000101","","NEWT","TRAD","2026-07-09T11:21:37Z","","CR","","I","TRUE","2026-07-09T11:21:37Z","2026-07-10","2031-06-20","","FALSE","BBSF","FALSE","FALSE","","25,000,000","","EUR","","","","","","","","","","","","","","","","","","","","","","","","","0.01","","","","","","0.00520903","","","","","","false","","","3","","","A004","","","","","","","","563143.84000","MNTH","","","","3","","","","UFRO","EUR","","","","","false","1","","","","","","","","","","FALSE","","","","","","","","","QZTQ4GTC5QMF","NA/CDS Corp Idx","ITRAXX EUROPE"
"4107961121000000101","","NEWT","TRAD","2026-06-12T08:39:40Z","FALSE","CR","","I","FALSE","2026-06-12T08:39:40Z","2026-06-12","2026-07-15","","","BILT","FALSE","FALSE","TRUE","50,000,000","","EUR","","","","","","","","","","","","","","","","","","","","","","","","2026-07-15","","","0","","","","0.0275","","","","0.0275","","false","","","3","","3","","","","","","","","","","","","","","","","","","","","","","","","false","1","","","","","","","","","","FALSE","","","","","","","","","QZTL0V3X916X","NA/CDS Idx Swt","NA/CDS Corp Idx"
"4108048623000000101","","NEWT","TRAD","2026-07-09T11:37:29Z","","CR","","I","TRUE","2026-07-09T11:37:29Z","2026-07-10","2031-06-20","","FALSE","BBSF","FALSE","FALSE","","25,000,000","","EUR","","","","","","","","","","","","","","","","","","","","","","","","","0.01","","","","","","0.005216","","","","","","false","","","3","","","A004","","","","","","","","562327.26000","MNTH","","","","3","","","","UFRO","EUR","","","","","false","1","","","","","","","","","","FALSE","","","","","","","","","QZTQ4GTC5QMF","NA/CDS Corp Idx","ITRAXX EUROPE"
"4108106143000000101","","NEWT","TRAD","2026-07-09T11:40:26Z","","CR","","I","TRUE","2026-07-09T11:40:26Z","2026-07-10","2031-06-20","","FALSE","BBSF","FALSE","FALSE","","50,000,000","","EUR","","","","","","","","","","","","","","","","","","","","","","","","","0.01","","","","","","0.005208","","","","","","false","","","3","","","A004","","","","","","","","1126529.04000","MNTH","","","","3","","","","UFRO","EUR","","","","","false","1","","","","","","","","","","FALSE","","","","","","","","","QZTQ4GTC5QMF","NA/CDS Corp Idx","ITRAXX EUROPE"
"4108240167000000201","","NEWT","TRAD","2026-07-09T11:49:31Z","","CR","","I","TRUE","2026-07-09T11:49:31Z","2026-07-10","2031-06-20","","","TWSF","FALSE","FALSE","","20,000,000","","USD","","","","","","","","","","","","","","","","","","","","","","","","","0.05","","","","","","0.0108011","","","","","","false","","","3","","","A004","","","","","","","","1635678.00000","MNTH","","","","3","","","","UFRO","USD","","","","","false","0.99","","","","","","","","","","FALSE","","","","","","","","","QZHH8NT767RX","NA/CDS Corp Idx","CDX.NA.HY"
"4108343363000000101","","NEWT","TRAD","2026-07-09T11:57:31Z","","CR","","I","TRUE","2026-07-09T11:57:31Z","2026-07-10","2031-06-20","","FALSE","BBSF","FALSE","FALSE","","50,000,000","","USD","","","","","","","","","","","","","","","","","","","","","","","","","0.01","","","","","","0.00508688","","","","","","false","","","3","","","A004","","","","","","","","1116002.48000","MNTH","","","","3","","","","UFRO","USD","","","","","false","1","","","","","","","","","","FALSE","","","","","","","","","QZ3WVVQG5T8K","NA/CDS Corp Idx","CDX.NA.IG"
"4108491868000000301","","NEWT","TRAD","2026-07-09T12:09:51Z","","CR","","I","TRUE","2026-07-09T12:09:51Z","2026-07-10","2031-06-20","","FALSE","BBSF","FALSE","FALSE","","20,000,000","","USD","","","","","","","","","","","","","","","","","","","","","","","","","0.01","","","","","","0.0050812","","","","","","false","","","3","","","A004","","","","","","","","446915.42000","MNTH","","","","3","","","","UFRO","USD","","","","","false","1","","","","","","","","","","FALSE","","","","","","","","","QZ3WVVQG5T8K","NA/CDS Corp Idx","CDX.NA.IG"
"4108519358000000101","","NEWT","TRAD","2026-07-09T12:12:56Z","","CR","","I","FALSE","2026-07-09T12:12:56Z","2026-07-10","2031-06-20","","","TWSF","FALSE","FALSE","","4,000,000","","USD","","","","","","","","","","","","","","","","","","","","","","","","","0.05","","","","","","0.0108049","","","","","","false","","","3","","","A004","","","","","","","","328640.40000","MNTH","","","","3","","","","UFRO","USD","","","","","false","0.99","","","","","","","","","","FALSE","","","","","","","","","QZHH8NT767RX","NA/CDS Corp Idx","CDX.NA.HY"
"4108238218000000201","","NEWT","TRAD","2026-07-09T11:48:20Z","","CR","","I","FALSE","2026-07-09T11:48:20Z","2026-07-10","2031-06-20","","FALSE","BILT","FALSE","FALSE","TRUE","50,000,000+","","USD","","","","","","","","","","","","","","","","","","","","","","","","","0.01","","","","","","","","","","","","false","","","","","","A004","","","","","","","","891265.37816","MNTH","","","","3","","","","UFRO","USD","","","","","false","1","","","","","","","","","","FALSE","","","","","","","","","QZ4JMQKL3P03","NA/CDS Corp Idx","CDX.EM"
"4108682434000000101","","NEWT","TRAD","2026-07-09T12:27:06Z","","CR","","I","TRUE","2026-07-09T12:27:06Z","2026-07-10","2031-06-20","","FALSE","BBSF","FALSE","TRUE","","40,000,000","","EUR","","","","","","","","","","","","","","","","","","","","","","","","","0.05","","","","","","0.0247069","","","","","","false","","","3","","","A004","","","","","","","","4403272.03000","MNTH","","","","3","","","","UFRO","EUR","","","","","false","1","","","","","","","","","","FALSE","","","","","","","","","QZ3HM9KVK2WL","NA/CDS Corp Idx","ITRAXX EUROPE CROSSOVER"
"4108689056000000401","","NEWT","TRAD","2026-07-09T12:27:45Z","","CR","","I","TRUE","2026-07-09T12:27:45Z","2026-07-10","2031-06-20","","FALSE","BBSF","FALSE","TRUE","","250,000,000+","","USD","","","","","","","","","","","","","","","","","","","","","","","","","0.01","","","","","","0.0050777","","","","","","false","","","3","","","A004","","","","","","","","5590382.88005","MNTH","","","","3","","","","UFRO","USD","","","","","false","1","","","","","","","","","","FALSE","","","","","","","","","QZ3WVVQG5T8K","NA/CDS Corp Idx","CDX.NA.IG"
"4108696286000000101","","NEWT","TRAD","2026-07-09T12:28:00Z","","CR","","I","TRUE","2026-07-09T12:28:00Z","2026-07-10","2031-06-20","","FALSE","BBSF","FALSE","TRUE","","200,000,000","","USD","","","","","","","","","","","","","","","","","","","","","","","","","0.01","","","","","","0.005076","","","","","","false","","","3","","","A004","","","","","","","","4473863.94000","MNTH","","","","3","","","","UFRO","USD","","","","","false","1","","","","","","","","","","FALSE","","","","","","","","","QZ3WVVQG5T8K","NA/CDS Corp Idx","CDX.NA.IG"
"4108941705000000301","","NEWT","TRAD","2026-07-09T12:45:54Z","","CR","","I","TRUE","2026-07-09T12:45:54Z","2026-07-10","2031-06-20","","FALSE","BBSF","FALSE","FALSE","","40,000,000","","USD","","","","","","","","","","","","","","","","","","","","","","","","","0.05","","","","","","0.01080411","","","","","","false","","","3","","","A004","","","","","","","","3283275.60000","MNTH","","","","3","","","","UFRO","USD","","","","","false","0.99","","","","","","","","","","FALSE","","","","","","","","","QZHH8NT767RX","NA/CDS Corp Idx","CDX.NA.HY"
"4108946866000000101","","NEWT","TRAD","2026-07-09T12:44:39Z","","CR","","N","FALSE","2026-07-09T12:44:39Z","2025-09-22","2030-12-20","2030-12-20","FALSE","BILT","FALSE","FALSE","FALSE","30,000,000","","EUR","","","","","","","","","","","","","","","","","","","","","","","","","0.05","","","","","","","","","","","","false","","","","","","A004","","","","","","","","4260000.00000","MNTH","","","","3","","","","UFRO","EUR","","","","","false","1","","","","","","","","","","FALSE","","","","","","","","","QZB5DPT9MS3H","NA/CDS Corp Idx Tra","ITRAXX EUROPE CROSSOVER"
"4108888624000000301","","NEWT","TRAD","2026-07-09T12:42:12Z","","CR","","N","FALSE","2026-07-09T12:19:36Z","2026-03-20","2031-06-20","2031-06-20","TRUE","BILT","FALSE","TRUE","TRUE","250,000,000","","USD","","","","","","","","","","","","","","","","","","","","","","","","2026-11-18","0.01","","243,750","USD","","","","","","","0.008","","false","","","","","3","A004","","","","","","","","","MNTH","","","","3","","","","","","","","","","false","1","","","","","","","","","","FALSE","","","","","","","","","QZX75BBR2PZH","NA/CDS Idx Swt","NA/CDS Corp Idx"
"4109192889000000101","","NEWT","TRAD","2026-07-09T13:07:25Z","","CR","","I","TRUE","2026-07-09T13:07:25Z","2026-07-10","2031-06-20","","FALSE","BBSF","FALSE","FALSE","","50,000,000","","USD","","","","","","","","","","","","","","","","","","","","","","","","","0.01","","","","","","0.0050799","","","","","","false","","","3","","","A004","","","","","","","","1117582.90000","MNTH","","","","3","","","","UFRO","USD","","","","","false","1","","","","","","","","","","FALSE","","","","","","","","","QZ3WVVQG5T8K","NA/CDS Corp Idx","CDX.NA.IG"
"4108915646000000101","4090015858000000101","MODI","TRAD","2026-07-09T12:43:45Z","TRUE","CR","","N","FALSE","2026-07-08T18:28:50Z","2026-07-09","2026-10-09","","TRUE","BILT","FALSE","FALSE","TRUE","200,000,000","200,000,000","USD","USD","","","","","","","","","","","","","","","","","","","","","","","","","","","","","","0.0016","","","","","","false","","","3","","","","","A004","A020","EXPI","EXPI","1","1","","","EXPI","","EXPI","","1","","1","","","USD","USD","","","false","1","","","","","","","","","","FALSE","","","","","","","","","QZFNT9JCBS79","NA/Cr Sw Idx TRtn Corp Cs",""
"4109242408000000101","","NEWT","TRAD","2026-07-09T13:11:03Z","","CR","","I","TRUE","2026-07-09T13:11:03Z","2026-07-10","2031-06-20","","FALSE","BBSF","FALSE","FALSE","","15,000,000","","USD","","","","","","","","","","","","","","","","","","","","","","","","","0.01","","","","","","0.00508125","","","","","","false","","","3","","","A004","","","","","","","","335183.17000","MNTH","","","","3","","","","UFRO","USD","","","","","false","1","","","","","","","","","","FALSE","","","","","","","","","QZ3WVVQG5T8K","NA/CDS Corp Idx","CDX.NA.IG"
"4109255563000000201","","NEWT","TRAD","2026-07-09T13:12:29Z","","CR","","I","TRUE","2026-07-09T13:12:29Z","2026-07-10","2031-06-20","","FALSE","BBSF","FALSE","FALSE","","40,000,000","","USD","","","","","","","","","","","","","","","","","","","","","","","","","0.05","","","","","","0.010805","","","","","","false","","","3","","","A004","","","","","","","","3286800.00000","MNTH","","","","3","","","","UFRO","USD","","","","","false","0.99","","","","","","","","","","TRUE","0.49","","3","","","","","","QZHH8NT767RX","NA/CDS Corp Idx","CDX.NA.HY"
"4110560815000000201","","NEWT","TRAD","2026-07-09T15:30:16Z","","CR","","N","FALSE","2026-07-09T15:30:16Z","2026-08-19","2026-08-19","","FALSE","BILT","FALSE","FALSE","TRUE","60,000,000","","USD","","","","","","","","","","","","","","","","","","","","","","","","2026-08-19","","","24,899.917","USD","","","","","","","0.006","","false","","","","","3","A004","","","","","","","","0.00000","MNTH","","","","3","","","","UFRO","USD","","","","","false","","","","","","","","","","","FALSE","","","","","","","","","QZT4QS79CCTS","NA/CDS Idx Swt","NA/CDS Corp Idx"
"4110623203000000101","","NEWT","TRAD","2026-07-09T15:40:36Z","","CR","","I","TRUE","2026-07-09T15:40:36Z","2026-07-10","2031-06-20","","FALSE","BBSF","FALSE","TRUE","","250,000,000+","","USD","","","","","","","","","","","","","","","","","","","","","","","","","0.01","","","","","","0.005046","","","","","","false","","","3","","","A004","","","","","","","","5626276.61980","MNTH","","","","3","","","","UFRO","USD","","","","","false","1","","","","","","","","","","FALSE","","","","","","","","","QZ3WVVQG5T8K","NA/CDS Corp Idx","CDX.NA.IG"
"4110495040000000101","","NEWT","TRAD","2026-07-09T15:19:22Z","","CR","","I","TRUE","2026-07-09T15:19:22Z","2026-07-10","2030-12-20","","FALSE","BBSF","FALSE","FALSE","","20,000,000","","EUR","","","","","","","","","","","","","","","","","","","","","","","","","0.05","","","","","","0.0210403","","","","","","false","","","3","","","A004","","","","","","","","2331274.93000","MNTH","","","","3","","","","UFRO","EUR","","","","","false","1","","","","","","","","","","TRUE","","","","0.003335","","3","","","QZ5F5FRS4TR9","NA/CDS Corp Idx","ITRAXX EUROPE CROSSOVER"
"4094333365000000101","","NEWT","TRAD","2026-07-09T03:57:09Z","","CR","","I","FALSE","2026-07-09T03:57:09Z","2026-07-10","2031-06-20","","","TWSF","FALSE","FALSE","","2,000,000","","USD","","","","","","","","","","","","","","","","","","","","","","","","","0.01","","","","","","0.00696","","","","","","false","","","3","","","A004","","","","","","","","27801.36886","MNTH","","","","3","","","","UFRO","USD","","","","","false","1","","","","","","","","","","FALSE","","","","","","","","","QZ1F7JZSZZ7M","NA/CDS Corp Idx","ITRAXX AUSTRALIA"
"4097660556000000101","","NEWT","TRAD","2026-07-09T07:21:46Z","","CR","","I","FALSE","2026-07-09T07:21:46Z","2026-07-10","2031-06-20","","","TWSF","FALSE","FALSE","","20,000,000","","USD","","","","","","","","","","","","","","","","","","","","","","","","","0.01","","","","","","0.006855","","","","","","false","","","3","","","A004","","","","","","","","287387.65000","MNTH","","","","3","","","","UFRO","USD","","","","","false","1","","","","","","","","","","FALSE","","","","","","","","","QZ1F7JZSZZ7M","NA/CDS Corp Idx","ITRAXX AUSTRALIA"
"4096828123000000101","","NEWT","TRAD","2026-07-09T07:02:02Z","","CR","","I","TRUE","2026-07-09T07:02:02Z","2026-07-10","2031-06-20","","FALSE","BBSF","FALSE","TRUE","","47,276,998+","","EUR","","","","","","","","","","","","","","","","","","","","","","","","","0.05","","","","","","0.024575","","","","","","false","","","3","","","A004","","","","","","","","5233513.43653","MNTH","","","","3","","","","UFRO","EUR","","","","","false","1","","","","","","","","","","FALSE","","","","","","","","","QZ3HM9KVK2WL","NA/CDS Corp Idx","ITRAXX EUROPE CROSSOVER"
"4111236858000000101","","NEWT","TRAD","2026-07-09T16:21:38Z","","CR","","I","TRUE","2026-07-09T16:21:38Z","2026-07-10","2031-06-20","","FALSE","BBSF","FALSE","FALSE","","15,000,000","","USD","","","","","","","","","","","","","","","","","","","","","","","","","0.05","","","","","","0.0108148","","","","","","false","","","3","","","A004","","","","","","","","1247103.00000","MNTH","","","","3","","","","UFRO","USD","","","","","false","0.99","","","","","","","","","","FALSE","","","","","","","","","QZHH8NT767RX","NA/CDS Corp Idx","CDX.NA.HY"
"4110832848000000201","2647735503000000201","MODI","TRAD","2026-07-09T15:56:10Z","TRUE","CR","","N","FALSE","2026-04-08T09:34:01Z","2026-04-14","2026-07-14","","FALSE","BILT","FALSE","FALSE","TRUE","290,000,000","","EGP","","","","","","","","","","","","","","","","","","","","","","","","","0","","","","","","0.007","","","","","","false","","","3","","3","A005","","","","","","","","","DAIL","","","","1","","","","","","USD","USD","","","false","","","","","","","","","","","FALSE","","","","","","","","","QZ5SV8QFDWZH","NA/CDS Corp SN","No name obtainable"
"4111111024000000201","","NEWT","TRAD","2026-07-09T16:12:34Z","","CR","","I","TRUE","2026-07-09T16:12:34Z","2026-07-10","2031-06-20","","FALSE","BBSF","FALSE","TRUE","","50,000,000","","USD","","","","","","","","","","","","","","","","","","","","","","","","","0.05","","","","","","0.01081425","","","","","","false","","","3","","","A004","","","","","","","","4154287.50000","MNTH","","","","3","","","","UFRO","USD","","","","","false","0.99","","","","","","","","","","FALSE","","","","","","","","","QZHH8NT767RX","NA/CDS Corp Idx","CDX.NA.HY"
"4111405055000000101","","NEWT","TRAD","2026-07-09T16:30:33Z","","CR","","I","TRUE","2026-07-09T16:30:33Z","2026-07-10","2031-06-20","","FALSE","BBSF","FALSE","FALSE","","25,000,000","","USD","","","","","","","","","","","","","","","","","","","","","","","","","0.05","","","","","","0.010813","","","","","","false","","","3","","","A004","","","","","","","","2074050.00000","MNTH","","","","3","","","","UFRO","USD","","","","","false","0.99","","","","","","","","","","FALSE","","","","","","","","","QZHH8NT767RX","NA/CDS Corp Idx","CDX.NA.HY"
"4113960669000000101","","NEWT","TRAD","2026-07-09T19:29:50Z","","CR","","I","TRUE","2026-07-09T19:29:50Z","2026-07-10","2031-06-20","","FALSE","BBSF","FALSE","TRUE","","250,000,000+","","USD","","","","","","","","","","","","","","","","","","","","","","","","","0.01","","","","","","0.005075","","","","","","false","","","3","","","A004","","","","","","","","5593444.87061","MNTH","","","","3","","","","UFRO","USD","","","","","false","1","","","","","","","","","","TRUE","0.1955","","3","","","","","","QZ3WVVQG5T8K","NA/CDS Corp Idx","CDX.NA.IG"
"4113815538000000101","","NEWT","TRAD","2026-07-09T19:05:31Z","","CR","","I","TRUE","2026-07-09T19:05:31Z","2026-07-10","2031-06-20","","FALSE","BBSF","FALSE","FALSE","","11,000,000","","USD","","","","","","","","","","","","","","","","","","","","","","","","","0.01","","","","","","0.0050666","","","","","","false","","","3","","","A004","","","","","","","","246530.80000","MNTH","","","","3","","","","UFRO","USD","","","","","false","1","","","","","","","","","","FALSE","","","","","","","","","QZ3WVVQG5T8K","NA/CDS Corp Idx","CDX.NA.IG"
"4113856174000000201","","NEWT","TRAD","2026-07-09T19:13:52Z","","CR","","I","TRUE","2026-07-09T19:13:52Z","2026-07-10","2031-06-20","","FALSE","BBSF","FALSE","FALSE","","20,000,000","","USD","","","","","","","","","","","","","","","","","","","","","","","","","0.01","","","","","","0.005066","","","","","","false","","","3","","","A004","","","","","","","","448292.17000","MNTH","","","","3","","","","UFRO","USD","","","","","false","1","","","","","","","","","","FALSE","","","","","","","","","QZ3WVVQG5T8K","NA/CDS Corp Idx","CDX.NA.IG"
"4113970020000000301","","NEWT","TRAD","2026-07-09T19:31:30Z","","CR","","I","TRUE","2026-07-09T19:31:30Z","2026-03-20","2031-06-20","","FALSE","TPSE","FALSE","FALSE","","250,000,000+","","USD","","","","","","","","","","","","","","","","","","","","","","","","","0.01","","","","","","0.005065","","","","","","false","","","3","","","A004","","","","","","","","","MNTH","","","","3","","","","","","USD","","","","false","1","","","","","","","OTHR","","","FALSE","","","","","","","","","QZ3WVVQG5T8K","NA/CDS Corp Idx","CDX.NA.IG"
"4113955657000000201","","NEWT","TRAD","2026-07-09T19:28:19Z","","CR","","I","TRUE","2026-07-09T19:28:19Z","2026-07-10","2031-06-20","","FALSE","BBSF","FALSE","TRUE","","50,000,000","","USD","","","","","","","","","","","","","","","","","","","","","","","","","0.05","","","","","","0.010809","","","","","","false","","","3","","","A004","","","","","","","","4128300.00000","MNTH","","","","3","","","","UFRO","USD","","","","","false","0.99","","","","","","","","","","FALSE","","","","","","","","","QZHH8NT767RX","NA/CDS Corp Idx","CDX.NA.HY"
"4113881262000000101","4110421732000000101","CORR","","2026-07-09T19:17:34Z","","CR","","N","FALSE","2026-07-09T15:06:06Z","2026-07-09","2026-09-16","2031-06-20","FALSE","BILT","FALSE","FALSE","TRUE","110,000,000","","USD","","","","","","","","","","","","","","","","","","","","","","","","2026-09-16","0.01","","102,740.26152","USD","","","","","","","0.006","","false","","","","","3","A004","","","","","","","","","MNTH","","","","3","","","","","","","","","","false","1","","","","","","","","","","FALSE","","","","","","","","","QZT4QS79CCTS","NA/CDS Idx Swt","NA/CDS Corp Idx"
"4114316123000000101","","NEWT","TRAD","2026-07-09T19:52:32Z","","CR","","I","TRUE","2026-07-09T19:52:32Z","2026-07-10","2031-06-20","","FALSE","BBSF","FALSE","FALSE","","40,000,000","","USD","","","","","","","","","","","","","","","","","","","","","","","","","0.05","","","","","","0.01080825","","","","","","false","","","3","","","A004","","","","","","","","3299670.00000","MNTH","","","","3","","","","UFRO","USD","","","","","false","0.99","","","","","","","","","","FALSE","","","","","","","","","QZHH8NT767RX","NA/CDS Corp Idx","CDX.NA.HY"
"4114360339000000401","","NEWT","TRAD","2026-07-09T19:54:50Z","","CR","","I","TRUE","2026-07-09T19:54:50Z","2026-07-10","2031-06-20","","FALSE","BBSF","FALSE","FALSE","","10,000,000","","USD","","","","","","","","","","","","","","","","","","","","","","","","","0.01","","","","","","0.00507","","","","","","false","","","3","","","A004","","","","","","","","223964.92000","MNTH","","","","3","","","","UFRO","USD","","","","","false","1","","","","","","","","","","FALSE","","","","","","","","","QZ3WVVQG5T8K","NA/CDS Corp Idx","CDX.NA.IG"
"4114373713000000201","","NEWT","TRAD","2026-07-09T19:55:24Z","","CR","","I","TRUE","2026-07-09T19:55:24Z","2026-07-10","2031-06-20","","FALSE","BBSF","FALSE","FALSE","","31,000,000","","USD","","","","","","","","","","","","","","","","","","","","","","","","","0.05","","","","","","0.0108071","","","","","","false","","","3","","","A004","","","","","","","","2553726.92717","MNTH","","","","3","","","","UFRO","USD","","","","","false","0.99","","","","","","","","","","FALSE","","","","","","","","","QZHH8NT767RX","NA/CDS Corp Idx","CDX.NA.HY"
"4114401240000000101","","NEWT","TRAD","2026-07-09T19:56:49Z","","CR","","I","TRUE","2026-07-09T19:56:49Z","2026-07-10","2031-06-20","","FALSE","BBSF","FALSE","FALSE","","2,000,000","","USD","","","","","","","","","","","","","","","","","","","","","","","","","0.01","","","","","","0.0050713","","","","","","false","","","3","","","A004","","","","","","","","44781.21000","MNTH","","","","3","","","","UFRO","USD","","","","","false","1","","","","","","","","","","FALSE","","","","","","","","","QZ3WVVQG5T8K","NA/CDS Corp Idx","CDX.NA.IG"
"4114691295000000101","","NEWT","TRAD","2026-07-09T20:11:13Z","","CR","","I","TRUE","2026-07-09T20:11:13Z","2026-07-10","2031-06-20","","","TWSF","FALSE","FALSE","","27,000,000","","USD","","","","","","","","","","","","","","","","","","","","","","","","","0.01","","","","","","0.0050699","","","","","","false","","","3","","","A004","","","","","","","","604716.17144","MNTH","","","","3","","","","UFRO","USD","","","","","false","1","","","","","","","","","","FALSE","","","","","","","","","QZ3WVVQG5T8K","NA/CDS Corp Idx","CDX.NA.IG"
"4113202506000000701","2488066359000000401","TERM","ETRM","2026-07-09T17:48:55Z","","CR","","N","FALSE","2026-03-24T17:26:34Z","2026-03-25","2026-07-10","","TRUE","XOFF","FALSE","FALSE","TRUE","35,000,000","","USD","","","","","","","","","","","","","","","","","","","","","","","","","","","","","","","0.0022","","","","","","false","","","3","","","","","A004","","","","","","23182.68721","","YEAR","","","","1","","","UWIN","USD","USD","","","","false","","","","","","","","","","","FALSE","","","","","","","","","QZBWQQLLMMHB","NA/CDS Corp SN","GENERIC TINT PMT"
"4113216031000000201","","NEWT","TRAD","2026-07-09T17:48:55Z","","CR","","N","FALSE","2026-07-09T17:48:55Z","2026-07-10","2026-11-06","","TRUE","XOFF","FALSE","FALSE","TRUE","35,000,000","","USD","","","","","","","","","","","","","","","","","","","","","","","","","","","","","","","0.00185","","","","","","false","","","3","","","","","A004","","","","","","","","YEAR","","","","1","","","","","USD","","","","false","","","","","","","","","","","FALSE","","","","","","","","","QZBWQQLLMMHB","NA/CDS Corp SN","GENERIC TINT PMT"
"4113216034000000501","","NEWT","TRAD","2026-07-09T17:48:55Z","","CR","","N","FALSE","2026-07-09T17:48:55Z","2026-07-10","2026-11-06","","TRUE","XOFF","FALSE","FALSE","TRUE","130,000,000","","USD","","","","","","","","","","","","","","","","","","","","","","","","","","","","","","","0.00185","","","","","","false","","","3","","","","","A004","","","","","","","","YEAR","","","","1","","","","","USD","","","","false","","","","","","","","","","","FALSE","","","","","","","","","QZTSB3M68469","NA/CDS Corp SN","DTD 11/15/2020"
"4113341184000000101","4113327314000000201","MODI","TRAD","2026-07-09T18:17:22Z","TRUE","CR","","I","TRUE","2026-07-09T18:17:05Z","2026-03-20","2031-06-20","","FALSE","TPSE","FALSE","FALSE","","50,000,000","","USD","","","","","","","","","","","","","","","","","","","","","","","","","0.01","","","","","","0.005047","","","","","","false","","","3","","","A004","","","","","","","","","MNTH","","","","3","","","","","","USD","","","","false","1","","","","","","","OTHR","","","FALSE","","","","","","","","","QZ3WVVQG5T8K","NA/CDS Corp Idx","CDX.NA.IG"
"4113409855000000101","","NEWT","TRAD","2026-07-09T18:21:13Z","","CR","","I","FALSE","2026-07-09T18:21:13Z","2026-03-20","2031-06-20","","FALSE","GSEF","FALSE","FALSE","","5,000,000","","USD","","","","","","","","","","","","","","","","","","","","","","","","","","","","","","","98.265","","USD","","","","false","","","1","","","A004","","","","","","","","","MNTH","","","","3","","","","","","","","","","false","1","","","","","","","","","","FALSE","","","","","","","","","QZ39BZSFH68L","NA/CDS Sov Idx","CDX.EM"
"4113517066000000101","","NEWT","TRAD","2026-07-09T18:27:12Z","","CR","","I","TRUE","2026-07-09T18:27:12Z","2026-07-10","2031-06-20","","FALSE","BBSF","FALSE","FALSE","","30,000,000","","USD","","","","","","","","","","","","","","","","","","","","","","","","","0.01","","","","","","0.005063","","","","","","false","","","3","","","A004","","","","","","","","672845.87000","MNTH","","","","3","","","","UFRO","USD","","","","","false","1","","","","","","","","","","FALSE","","","","","","","","","QZ3WVVQG5T8K","NA/CDS Corp Idx","CDX.NA.IG"
"4113544889000000101","","NEWT","TRAD","2026-07-09T18:29:28Z","","CR","","I","FALSE","2026-07-09T18:29:28Z","2026-07-10","2031-06-20","","FALSE","BBSF","FALSE","FALSE","","10,000,000","","USD","","","","","","","","","","","","","","","","","","","","","","","","","0.01","","","","","","0.009825","","","","","","false","","","3","","","A004","","","","","","","","170000.00000","MNTH","","","","3","","","","UFRO","USD","","","","","false","1","","","","","","","","","","FALSE","","","","","","","","","QZ4JMQKL3P03","NA/CDS Corp Idx","CDX.EM"
"4113669718000000201","","NEWT","TRAD","2026-07-09T18:35:59Z","","CR","","I","FALSE","2026-07-09T18:35:59Z","2026-03-20","2031-06-20","","FALSE","TPSE","FALSE","FALSE","","10,000,000","","USD","","","","","","","","","","","","","","","","","","","","","","","","","0.01","","","","","","98.26","","USD","","","","false","","","1","","","A004","","","","","","","","","MNTH","","","","3","","","","","","USD","","","","false","1","","","","","","","OTHR","","","FALSE","","","","","","","","","QZ4JMQKL3P03","NA/CDS Corp Idx","CDX.EM"
"4113586259000000301","","NEWT","TRAD","2026-07-09T18:31:24Z","","CR","","I","TRUE","2026-07-09T18:31:24Z","2026-07-10","2031-06-20","","FALSE","BBSF","FALSE","TRUE","","200,000,000","","USD","","","","","","","","","","","","","","","","","","","","","","","","","0.01","","","","","","0.0050595","","","","","","false","","","3","","","A004","","","","","","","","4488809.58000","MNTH","","","","3","","","","UFRO","USD","","","","","false","1","","","","","","","","","","FALSE","","","","","","","","","QZ3WVVQG5T8K","NA/CDS Corp Idx","CDX.NA.IG"
"4113586257000000101","","NEWT","TRAD","2026-07-09T18:31:03Z","","CR","","I","TRUE","2026-07-09T18:31:03Z","2026-07-10","2031-06-20","","FALSE","BBSF","FALSE","TRUE","","200,000,000","","USD","","","","","","","","","","","","","","","","","","","","","","","","","0.01","","","","","","0.005062","","","","","","false","","","3","","","A004","","","","","","","","4486544.97000","MNTH","","","","3","","","","UFRO","USD","","","","","false","1","","","","","","","","","","FALSE","","","","","","","","","QZ3WVVQG5T8K","NA/CDS Corp Idx","CDX.NA.IG"
"4113719784000000101","","NEWT","TRAD","2026-07-09T18:47:35Z","","CR","","I","TRUE","2026-07-09T18:47:35Z","2026-07-10","2031-06-20","","FALSE","BBSF","FALSE","FALSE","","7,000,000","","USD","","","","","","","","","","","","","","","","","","","","","","","","","0.05","","","","","","0.010808406","","","","","","false","","","3","","","A004","","","","","","","","577550.36000","MNTH","","","","3","","","","UFRO","USD","","","","","false","0.99","","","","","","","","","","FALSE","","","","","","","","","QZHH8NT767RX","NA/CDS Corp Idx","CDX.NA.HY"
"4110280934000000101","","NEWT","TRAD","2026-07-09T14:44:46Z","","CR","","I","FALSE","2026-07-09T14:44:46Z","2026-07-10","2031-06-20","","","TWSF","FALSE","FALSE","","100,000,000","","EUR","","","","","","","","","","","","","","","","","","","","","","","","","0.01","","","","","","0.005159","","","","","","false","","","3","","","A004","","","","","","","","2276026.26000","MNTH","","","","3","","","","UFRO","EUR","","","","","false","1","","","","","","","","","","FALSE","","","","","","","","","QZTQ4GTC5QMF","NA/CDS Corp Idx","ITRAXX EUROPE"
"4110299452000000101","","NEWT","TRAD","2026-07-09T14:48:27Z","","CR","","I","TRUE","2026-07-09T14:48:27Z","2026-07-10","2031-06-20","","FALSE","BBSF","FALSE","FALSE","","15,000,000","","USD","","","","","","","","","","","","","","","","","","","","","","","","","0.01","","","","","","0.0050593","","","","","","false","","","3","","","A004","","","","","","","","336674.58735","MNTH","","","","3","","","","UFRO","USD","","","","","false","1","","","","","","","","","","FALSE","","","","","","","","","QZ3WVVQG5T8K","NA/CDS Corp Idx","CDX.NA.IG"
"4110301628000000101","","NEWT","TRAD","2026-07-09T14:48:53Z","","CR","","I","TRUE","2026-07-09T14:48:53Z","2026-07-10","2031-06-20","","FALSE","BBSF","FALSE","FALSE","","5,000,000","","EUR","","","","","","","","","","","","","","","","","","","","","","","","","0.05","","","","","","0.0244624","","","","","","false","","","3","","","A004","","","","","","","","556131.28000","MNTH","","","","3","","","","UFRO","EUR","","","","","false","1","","","","","","","","","","FALSE","","","","","","","","","QZ3HM9KVK2WL","NA/CDS Corp Idx","ITRAXX EUROPE CROSSOVER"
"4110231206000000201","","NEWT","TRAD","2026-07-09T14:38:26Z","","CR","","I","TRUE","2026-07-09T14:38:26Z","2026-07-10","2031-06-20","","FALSE","BBSF","FALSE","TRUE","","250,000,000+","","USD","","","","","","","","","","","","","","","","","","","","","","","","","0.01","","","","","","0.0050595","","","","","","false","","","3","","","A004","","","","","","","","5610989.53929","MNTH","","","","3","","","","UFRO","USD","","","","","false","1","","","","","","","","","","FALSE","","","","","","","","","QZ3WVVQG5T8K","NA/CDS Corp Idx","CDX.NA.IG"
"4110234412000000201","","NEWT","TRAD","2026-07-09T14:39:11Z","","CR","","I","TRUE","2026-07-09T14:39:11Z","2026-07-10","2031-06-20","","FALSE","BBSF","FALSE","TRUE","","160,000,000","","EUR","","","","","","","","","","","","","","","","","","","","","","","","","0.01","","","","","","0.005153","","","","","","false","","","3","","","A004","","","","","","","","3646133.99625","MNTH","","","","3","","","","UFRO","EUR","","","","","false","1","","","","","","","","","","FALSE","","","","","","","","","QZTQ4GTC5QMF","NA/CDS Corp Idx","ITRAXX EUROPE"
"4110238145000000201","","NEWT","TRAD","2026-07-09T14:40:03Z","","CR","","I","TRUE","2026-07-09T14:40:03Z","2026-07-10","2031-06-20","","FALSE","BBSF","FALSE","TRUE","","47,276,998+","","EUR","","","","","","","","","","","","","","","","","","","","","","","","","0.05","","","","","","0.02444","","","","","","false","","","3","","","A004","","","","","","","","5263405.75700","MNTH","","","","3","","","","UFRO","EUR","","","","","false","1","","","","","","","","","","FALSE","","","","","","","","","QZ3HM9KVK2WL","NA/CDS Corp Idx","ITRAXX EUROPE CROSSOVER"
"4110308487000000201","","NEWT","TRAD","2026-07-09T14:50:22Z","","CR","","I","TRUE","2026-07-09T14:50:22Z","2026-07-10","2031-06-20","","FALSE","BBSF","FALSE","FALSE","","3,000,000","","EUR","","","","","","","","","","","","","","","","","","","","","","","","","0.05","","","","","","0.02444025","","","","","","false","","","3","","","A004","","","","","","","","333991.50890","MNTH","","","","3","","","","UFRO","EUR","","","","","false","1","","","","","","","","","","FALSE","","","","","","","","","QZ3HM9KVK2WL","NA/CDS Corp Idx","ITRAXX EUROPE CROSSOVER"
"4110324957000000101","","NEWT","TRAD","2026-07-09T14:52:20Z","","CR","","I","TRUE","2026-07-09T14:52:20Z","2026-07-10","2031-06-20","","FALSE","BBSF","FALSE","FALSE","","45,000,000","","EUR","","","","","","","","","","","","","","","","","","","","","","","","","0.01","","","","","","0.00515145","","","","","","false","","","3","","","A004","","","","","","","","1025804.72000","MNTH","","","","3","","","","UFRO","EUR","","","","","false","1","","","","","","","","","","FALSE","","","","","","","","","QZTQ4GTC5QMF","NA/CDS Corp Idx","ITRAXX EUROPE"
"4109797912000000101","","NEWT","TRAD","2026-07-09T13:47:14Z","","CR","","N","FALSE","2026-07-07T22:44:00Z","2026-09-16","2026-09-16","2031-06-20","FALSE","BILT","FALSE","FALSE","FALSE","35,000,000","","USD","","","","","","","","","","","","","","","","","","","","","","","","2026-09-16","0.01","","16,625","USD","","","","","","","0.007","","false","","","","","3","A004","","","","","","","","","MNTH","","","","3","","","","","","","","","","false","","","","","","","","","","","FALSE","","","","","","","","","QZ9Z7H8JV03N","NA/CDS Idx Swt","NA/CDS Corp Idx"
"4109805922000000101","","NEWT","TRAD","2026-07-09T13:47:38Z","","CR","","N","FALSE","2026-07-07T22:44:00Z","2026-09-16","2026-09-16","2031-06-20","FALSE","BILT","FALSE","FALSE","FALSE","35,000,000","","USD","","","","","","","","","","","","","","","","","","","","","","","","2026-09-16","0.01","","31,500","USD","","","","","","","0.006","","false","","","","","3","A004","","","","","","","","","MNTH","","","","3","","","","","","","","","","false","","","","","","","","","","","FALSE","","","","","","","","","QZ9Z7H8JV03N","NA/CDS Idx Swt","NA/CDS Corp Idx"
"4109815413000000401","","NEWT","TRAD","2026-07-09T13:52:44Z","","CR","","I","TRUE","2026-07-09T13:52:44Z","2026-07-10","2031-06-20","","FALSE","BBSF","FALSE","FALSE","","2,000,000","","USD","","","","","","","","","","","","","","","","","","","","","","","","","0.05","","","","","","0.01081025","","","","","","false","","","3","","","A004","","","","","","","","165379.50000","MNTH","","","","3","","","","UFRO","USD","","","","","false","0.99","","","","","","","","","","FALSE","","","","","","","","","QZHH8NT767RX","NA/CDS Corp Idx","CDX.NA.HY"
"4109896569000000101","","NEWT","TRAD","2026-07-09T14:01:10Z","","CR","","I","TRUE","2026-07-09T14:01:10Z","2026-07-10","2031-06-20","","FALSE","BBSF","FALSE","FALSE","","32,000,000","","EUR","","","","","","","","","","","","","","","","","","","","","","","","","0.01","","","","","","0.00516967","","","","","","false","","","3","","","A004","","","","","","","","726728.19774","MNTH","","","","3","","","","UFRO","EUR","","","","","false","1","","","","","","","","","","FALSE","","","","","","","","","QZTQ4GTC5QMF","NA/CDS Corp Idx","ITRAXX EUROPE"
"4109911021000000101","","NEWT","TRAD","2026-07-09T14:02:21Z","","CR","","I","TRUE","2026-07-09T14:02:21Z","2026-07-10","2031-06-20","","FALSE","BBSF","FALSE","FALSE","","10,000,000","","USD","","","","","","","","","","","","","","","","","","","","","","","","","0.05","","","","","","0.0108101","","","","","","false","","","3","","","A004","","","","","","","","826749.00000","MNTH","","","","3","","","","UFRO","USD","","","","","false","0.99","","","","","","","","","","FALSE","","","","","","","","","QZHH8NT767RX","NA/CDS Corp Idx","CDX.NA.HY"
"4109502918000000101","","NEWT","TRAD","2026-07-09T13:30:34Z","","CR","","I","TRUE","2026-07-09T13:30:34Z","2026-07-10","2031-06-20","","FALSE","BBSF","FALSE","FALSE","","200,000,000","","USD","","","","","","","","","","","","","","","","","","","","","","","","","0.01","","","","","","0.005075","","","","","","false","","","3","","","A004","","","","","","","","4474777.72805","MNTH","","","","3","","","","UFRO","USD","","","","","false","1","","","","","","","","","","FALSE","","","","","","","","","QZ3WVVQG5T8K","NA/CDS Corp Idx","CDX.NA.IG"
"4109538684000000201","","NEWT","TRAD","2026-07-09T13:33:18Z","","CR","","I","FALSE","2026-07-09T13:33:18Z","2026-07-10","2036-06-20","","","TWSF","FALSE","FALSE","","1,000,000","","USD","","","","","","","","","","","","","","","","","","","","","","","","","0.01","","","","","","0.0090785","","","","","","false","","","3","","","A004","","","","","","","","7606.39000","MNTH","","","","3","","","","UFRO","USD","","","","","false","1","","","","","","","","","","TRUE","","","","0.39925","","3","","","QZ21S8101WKL","NA/CDS Corp Idx","CDX.NA.IG"
"4109538686000000401","","NEWT","TRAD","2026-07-09T13:33:28Z","","CR","","I","TRUE","2026-07-09T13:33:28Z","2026-03-20","2031-06-20","","FALSE","TPSE","FALSE","FALSE","","100,000,000","","USD","","","","","","","","","","","","","","","","","","","","","","","","","0.01","","","","","","0.005085","","","","","","false","","","3","","","A004","","","","","","","","","MNTH","","","","3","","","","","","USD","","","","false","1","","","","","","","OTHR","","","FALSE","","","","","","","","","QZ3WVVQG5T8K","NA/CDS Corp Idx","CDX.NA.IG"
"4109770697000000101","","NEWT","TRAD","2026-07-09T13:49:22Z","","CR","","I","FALSE","2026-07-09T13:49:22Z","2026-07-10","2031-06-20","","","TWSF","FALSE","FALSE","","2,000,000","","EUR","","","","","","","","","","","","","","","","","","","","","","","","","0.01","","","","","","0.00518","","","","","","false","","","3","","","A004","","","","","","","","45323.63750","MNTH","","","","3","","","","UFRO","EUR","","","","","false","1","","","","","","","","","","FALSE","","","","","","","","","QZTQ4GTC5QMF","NA/CDS Corp Idx","ITRAXX EUROPE"
"4109461730000000101","3917375888000000501","TERM","ETRM","2026-07-09T13:25:24Z","","CR","","N","FALSE","2026-06-29T13:01:56Z","2026-03-20","2026-10-21","","FALSE","BILT","FALSE","FALSE","TRUE","5","","USD","","","","","","","","","","","","","","","","","","","","","","","","2026-10-21","1.05","","","","","","5","","","","","","false","","","3","","","","","","","","","","","","","","","","","","","","","","","","","","false","","","","","","","","","","","FALSE","","","","","","","","","QZVK9BCP48T0","NA/CDS Idx Swt","NA/CDS Corp Idx"
"4109944397000000101","","NEWT","TRAD","2026-07-09T14:06:03Z","","CR","","I","TRUE","2026-07-09T14:06:03Z","2026-07-10","2031-06-20","","FALSE","BBSF","FALSE","FALSE","","50,000,000","","USD","","","","","","","","","","","","","","","","","","","","","","","","","0.01","","","","","","0.005052","","","","","","false","","","3","","","A004","","","","","","","","1123900.93000","MNTH","","","","3","","","","UFRO","USD","","","","","false","1","","","","","","","","","","FALSE","","","","","","","","","QZ3WVVQG5T8K","NA/CDS Corp Idx","CDX.NA.IG"
"4110022000000000301","","NEWT","TRAD","2026-07-09T14:13:23Z","","CR","","I","TRUE","2026-07-09T14:13:23Z","2026-07-10","2031-06-20","","","TWSF","FALSE","FALSE","","180,000,000","","USD","","","","","","","","","","","","","","","","","","","","","","","","","0.01","","","","","","0.0050625","","","","","","false","","","3","","","A004","","","","","","","","4037477.23353","MNTH","","","","3","","","","UFRO","USD","","","","","false","1","","","","","","","","","","FALSE","","","","","","","","","QZ3WVVQG5T8K","NA/CDS Corp Idx","CDX.NA.IG"
"4110010387000000101","","NEWT","TRAD","2026-07-09T14:11:46Z","","CR","","I","TRUE","2026-07-09T14:11:46Z","2026-07-10","2031-06-20","","FALSE","BBSF","FALSE","FALSE","","35,000,000","","USD","","","","","","","","","","","","","","","","","","","","","","","","","0.05","","","","","","0.010809","","","","","","false","","","3","","","A004","","","","","","","","2889810.00000","MNTH","","","","3","","","","UFRO","USD","","","","","false","0.99","","","","","","","","","","FALSE","","","","","","","","","QZHH8NT767RX","NA/CDS Corp Idx","CDX.NA.HY"
"4110056876000000401","","NEWT","TRAD","2026-07-09T14:16:53Z","","CR","","I","TRUE","2026-07-09T14:16:53Z","2026-07-10","2031-06-20","","","TWSF","FALSE","FALSE","","20,000,000","","USD","","","","","","","","","","","","","","","","","","","","","","","","","0.05","","","","","","0.0108065","","","","","","false","","","3","","","A004","","","","","","","","1646370.00000","MNTH","","","","3","","","","UFRO","USD","","","","","false","0.99","","","","","","","","","","FALSE","","","","","","","","","QZHH8NT767RX","NA/CDS Corp Idx","CDX.NA.HY"
"4110065899000000101","","NEWT","TRAD","2026-07-09T14:18:29Z","","CR","","I","TRUE","2026-07-09T14:18:29Z","2026-07-10","2031-06-20","","FALSE","BBSF","FALSE","FALSE","","25,000,000","","EUR","","","","","","","","","","","","","","","","","","","","","","","","","0.01","","","","","","0.0051788","","","","","","false","","","3","","","A004","","","","","","","","566686.04000","MNTH","","","","3","","","","UFRO","EUR","","","","","false","1","","","","","","","","","","FALSE","","","","","","","","","QZTQ4GTC5QMF","NA/CDS Corp Idx","ITRAXX EUROPE"
"4110073301000000101","","NEWT","TRAD","2026-07-09T14:19:50Z","","CR","","I","FALSE","2026-07-09T14:19:50Z","2026-07-10","2031-06-20","","","TWSF","FALSE","FALSE","","5,000,000","","USD","","","","","","","","","","","","","","","","","","","","","","","","","0.01","","","","","","0.0098175","","","","","","false","","","3","","","A004","","","","","","","","88750.00000","MNTH","","","","3","","","","UFRO","USD","","","","","false","1","","","","","","","","","","FALSE","","","","","","","","","QZ4JMQKL3P03","NA/CDS Corp Idx","CDX.EM"
"4110070533000000101","","NEWT","TRAD","2026-07-09T14:19:15Z","","CR","","I","TRUE","2026-07-09T14:19:15Z","2026-07-10","2031-06-20","","FALSE","BBSF","FALSE","FALSE","","100,000,000","","EUR","","","","","","","","","","","","","","","","","","","","","","","","","0.01","","","","","","0.0051791","","","","","","false","","","3","","","A004","","","","","","","","2266603.52000","MNTH","","","","3","","","","UFRO","EUR","","","","","false","1","","","","","","","","","","FALSE","","","","","","","","","QZTQ4GTC5QMF","NA/CDS Corp Idx","ITRAXX EUROPE"
"4110080110000000301","","NEWT","TRAD","2026-07-09T14:20:45Z","","CR","","I","FALSE","2026-07-09T14:20:45Z","2026-07-10","2031-06-20","","","TWSF","FALSE","FALSE","","42,000,000","","USD","","","","","","","","","","","","","","","","","","","","","","","","","0.01","","","","","","0.0050777","","","","","","false","","","3","","","A004","","","","","","","","939188.08000","MNTH","","","","3","","","","UFRO","USD","","","","","false","1","","","","","","","","","","FALSE","","","","","","","","","QZ3WVVQG5T8K","NA/CDS Corp Idx","CDX.NA.IG"
"4110167541000000301","","NEWT","TRAD","2026-07-09T14:31:15Z","","CR","","I","TRUE","2026-07-09T14:31:15Z","2026-07-10","2029-12-20","","","TWSF","FALSE","FALSE","","13,000,000","","USD","","","","","","","","","","","","","","","","","","","","","","","","","0.01","","","","","","0.00371069","","","","","","false","","","3","","","A004","","","","","","","","269740.99360","MNTH","","","","3","","","","UFRO","USD","","","","","false","1","","","","","","","","","","FALSE","","","","","","","","","QZMGWFQC6DXH","NA/CDS Corp Idx","CDX.NA.IG"
"4110191857000000101","","NEWT","TRAD","2026-07-09T14:32:58Z","","CR","","I","TRUE","2026-07-09T14:32:58Z","2026-07-10","2031-06-20","","FALSE","BBSF","FALSE","FALSE","","3,000,000","","USD","","","","","","","","","","","","","","","","","","","","","","","","","0.05","","","","","","0.01080763","","","","","","false","","","3","","","A004","","","","","","","","247290.28746","MNTH","","","","3","","","","UFRO","USD","","","","","false","0.99","","","","","","","","","","FALSE","","","","","","","","","QZHH8NT767RX","NA/CDS Corp Idx","CDX.NA.HY"
"4110006272000000301","4089435600000000401","MODI","TRAD","2026-07-09T14:11:19Z","TRUE","CR","","N","FALSE","2026-07-08T17:56:17Z","2026-03-20","2031-06-20","2031-06-20","TRUE","BILT","FALSE","TRUE","TRUE","200,000,000","","USD","","","","","","","","","","","","","","","","","","","","","","","","2026-11-18","0.05","","1,425,600","USD","","","","","","","104","USD","false","","","","","1","A004","","","","","","","","","MNTH","","","","3","","","","","","","","","","false","0.99","","","","","","","","","","FALSE","","","","","","","","","QZX75BBR2PZH","NA/CDS Idx Swt","NA/CDS Corp Idx"
"4110438499000000101","","NEWT","TRAD","2026-07-09T15:09:50Z","","CR","","I","FALSE","2026-07-09T15:09:50Z","2026-07-10","2031-06-20","","","TWSF","FALSE","TRUE","","40,000,000","","EUR","","","","","","","","","","","","","","","","","","","","","","","","","0.05","","","","","","0.024385","","","","","","false","","","3","","","A004","","","","","","","","4463559.83000","MNTH","","","","3","","","","UFRO","EUR","","","","","false","1","","","","","","","","","","FALSE","","","","","","","","","QZ3HM9KVK2WL","NA/CDS Corp Idx","ITRAXX EUROPE CROSSOVER"
"4110522790000000301","","NEWT","TRAD","2026-07-09T15:24:22Z","","CR","","I","TRUE","2026-07-09T15:24:22Z","2026-07-10","2031-06-20","","","TWSF","FALSE","FALSE","","1,000,000","","EUR","","","","","","","","","","","","","","","","","","","","","","","","","0.05","","","","","","0.024346","","","","","","false","","","3","","","A004","","","","","","","","111771.22648","MNTH","","","","3","","","","UFRO","EUR","","","","","false","1","","","","","","","","","","FALSE","","","","","","","","","QZ3HM9KVK2WL","NA/CDS Corp Idx","ITRAXX EUROPE CROSSOVER"
"4110526078000000201","","NEWT","TRAD","2026-07-09T15:24:47Z","","CR","","I","TRUE","2026-07-09T15:24:47Z","2026-07-10","2031-06-20","","FALSE","BBSF","FALSE","FALSE","","10,000,000","","EUR","","","","","","","","","","","","","","","","","","","","","","","","","0.01","","","","","","0.005139","","","","","","false","","","3","","","A004","","","","","","","","228540.36000","MNTH","","","","3","","","","UFRO","EUR","","","","","false","1","","","","","","","","","","FALSE","","","","","","","","","QZTQ4GTC5QMF","NA/CDS Corp Idx","ITRAXX EUROPE"
"4110569763000000301","","NEWT","TRAD","2026-07-09T15:32:28Z","","CR","","I","TRUE","2026-07-09T15:32:28Z","2026-03-20","2031-06-20","","FALSE","TPSE","FALSE","FALSE","","50,000,000","","USD","","","","","","","","","","","","","","","","","","","","","","","","","0.01","","","","","","0.005045","","","","","","false","","","3","","","A004","","","","","","","","","MNTH","","","","3","","","","","","USD","","","","false","1","","","","","","","OTHR","","","FALSE","","","","","","","","","QZ3WVVQG5T8K","NA/CDS Corp Idx","CDX.NA.IG"
"4110577954000000101","","NEWT","TRAD","2026-07-09T15:23:50Z","","CR","","N","FALSE","2026-07-09T15:23:50Z","2026-07-10","2030-12-20","","TRUE","BILT","FALSE","FALSE","FALSE","15,000,000","","EUR","","","","","","","","","","","","","","","","","","","","","","","","","0.05","","","","","","","","","","","","false","","","","","","A004","","","","","","","","4831500.00000","MNTH","","","","3","","","","UFRO","EUR","","","","","false","1","","","","","","","","","","FALSE","","","","","","","","","QZB5DPT9MS3H","NA/CDS Corp Idx Tra","ITRAXX EUROPE CROSSOVER"
"4110584852000000101","4110582499000000101","MODI","TRAD","2026-07-09T15:34:30Z","TRUE","CR","","I","TRUE","2026-07-09T15:33:58Z","2026-03-20","2031-06-20","","FALSE","TPSE","FALSE","FALSE","","100,000,000","","USD","","","","","","","","","","","","","","","","","","","","","","","","","0.01","","","","","","0.005045","","","","","","false","","","3","","","A004","","","","","","","","","MNTH","","","","3","","","","","","USD","","","","false","1","","","","","","","OTHR","","","FALSE","","","","","","","","","QZ3WVVQG5T8K","NA/CDS Corp Idx","CDX.NA.IG"
"4110595295000000401","","NEWT","TRAD","2026-07-09T15:36:54Z","","CR","","I","TRUE","2026-07-09T15:36:54Z","2026-07-10","2031-06-20","","FALSE","BBSF","FALSE","FALSE","","66,000,000","","EUR","","","","","","","","","","","","","","","","","","","","","","","","","0.01","","","","","","0.0051468","","","","","","false","","","3","","","A004","","","","","","","","1505952.55000","MNTH","","","","3","","","","UFRO","EUR","","","","","false","1","","","","","","","","","","FALSE","","","","","","","","","QZTQ4GTC5QMF","NA/CDS Corp Idx","ITRAXX EUROPE"
"4110592843000000301","","NEWT","TRAD","2026-07-09T15:35:57Z","","CR","","I","TRUE","2026-07-09T15:35:57Z","2026-03-20","2031-06-20","","FALSE","TPSE","FALSE","FALSE","","5,000,000","","USD","","","","","","","","","","","","","","","","","","","","","","","","","0.05","","","","","","108.115","","USD","","","","false","","","1","","","A004","","","","","","","","","MNTH","","","","3","","","","","","USD","","","","false","0.99","","","","","","","OTHR","","","FALSE","","","","","","","","","QZHH8NT767RX","NA/CDS Corp Idx","CDX.NA.HY"
"4110577949000000101","","NEWT","TRAD","2026-07-09T15:31:22Z","","CR","","I","TRUE","2026-07-09T15:31:22Z","2026-03-20","2031-06-20","","","BILT","FALSE","FALSE","TRUE","250,000,000+","","USD","","","","","","","","","","","","","","","","","","","","","","","","","0.01","","","","","","","","","","","","false","","","","","","A004","","","","","","","","5627431.87500","MNTH","","","","3","","","","UFRO","USD","","","","","false","1","","","","","","","","","","FALSE","","","","","","","","","QZ3WVVQG5T8K","NA/CDS Corp Idx","CDX.NA.IG"
"4110883690000000101","","NEWT","TRAD","2026-07-09T16:01:12Z","","CR","","I","TRUE","2026-07-09T16:01:12Z","2026-07-10","2031-06-20","","FALSE","BBSF","FALSE","FALSE","","10,000,000","","USD","","","","","","","","","","","","","","","","","","","","","","","","","0.05","","","","","","0.010813","","","","","","false","","","3","","","A004","","","","","","","","829620.00000","MNTH","","","","3","","","","UFRO","USD","","","","","false","0.99","","","","","","","","","","FALSE","","","","","","","","","QZHH8NT767RX","NA/CDS Corp Idx","CDX.NA.HY"
"4111142881000000101","","NEWT","TRAD","2026-07-09T16:15:13Z","","CR","","I","TRUE","2026-07-09T16:15:13Z","2026-07-10","2031-06-20","","FALSE","BBSF","FALSE","FALSE","","50,000,000","","USD","","","","","","","","","","","","","","","","","","","","","","","","","0.01","","","","","","0.0050402","","","","","","false","","","3","","","A004","","","","","","","","1126573.49000","MNTH","","","","3","","","","UFRO","USD","","","","","false","1","","","","","","","","","","FALSE","","","","","","","","","QZ3WVVQG5T8K","NA/CDS Corp Idx","CDX.NA.IG"
"4111150688000000201","","NEWT","TRAD","2026-07-09T16:16:18Z","","CR","","I","TRUE","2026-07-09T16:16:18Z","2026-07-10","2031-06-20","","FALSE","BBSF","FALSE","FALSE","","50,000,000","","EUR","","","","","","","","","","","","","","","","","","","","","","","","","0.01","","","","","","0.0051525","","","","","","false","","","3","","","A004","","","","","","","","1139536.87000","MNTH","","","","3","","","","UFRO","EUR","","","","","false","1","","","","","","","","","","FALSE","","","","","","","","","QZTQ4GTC5QMF","NA/CDS Corp Idx","ITRAXX EUROPE"
"4111146537000000101","","NEWT","TRAD","2026-07-09T16:15:39Z","","CR","","I","TRUE","2026-07-09T16:15:39Z","2026-03-20","2031-06-20","","FALSE","TPSE","FALSE","FALSE","","50,000,000","","USD","","","","","","","","","","","","","","","","","","","","","","","","","0.01","","","","","","0.005035","","","","","","false","","","3","","","A004","","","","","","","","","MNTH","","","","3","","","","","","USD","","","","false","1","","","","","","","OTHR","","","FALSE","","","","","","","","","QZ3WVVQG5T8K","NA/CDS Corp Idx","CDX.NA.IG"
"4115223441000000101","","NEWT","TRAD","2026-07-09T20:37:40Z","","CR","","I","TRUE","2026-07-09T20:37:40Z","2026-07-10","2031-06-20","","","TWSF","FALSE","FALSE","","570,000","","USD","","","","","","","","","","","","","","","","","","","","","","","","","0.05","","","","","","0.010808","","","","","","false","","","3","","","A004","","","","","","","","47006.13840","MNTH","","","","3","","","","UFRO","USD","","","","","false","0.99","","","","","","","","","","FALSE","","","","","","","","","QZHH8NT767RX","NA/CDS Corp Idx","CDX.NA.HY"
"4101492433000000101","","NEWT","TRAD","2026-07-09T08:38:27Z","","CR","","I","TRUE","2026-07-09T08:38:27Z","2026-07-10","2031-06-20","","","TWSF","FALSE","TRUE","","130,000,000","","EUR","","","","","","","","","","","","","","","","","","","","","","","","","0.01","","","","","","0.005182","","","","","","false","","","3","","","A004","","","","","","","","2944817.39760","MNTH","","","","3","","","","UFRO","EUR","","","","","false","1","","","","","","","","","","FALSE","","","","","","","","","QZTQ4GTC5QMF","NA/CDS Corp Idx","ITRAXX EUROPE"
"4100086538000000101","","NEWT","TRAD","2026-07-09T08:06:15Z","","CR","","N","FALSE","2026-07-09T08:06:15Z","2026-06-11","2026-08-19","2031-06-20","FALSE","BILT","FALSE","FALSE","TRUE","20,000,000","","EUR","","","","","","","","","","","","","","","","","","","","","","","","2026-08-19","0.05","","114,000","EUR","","","","","","","300","EUR","false","","","","","1","A004","","","","","","","","","MNTH","","","","3","","","","","","","","","","false","","","","","","","","","","","TRUE","9.9999999999","","3","","","","","","QZTL0V3X916X","NA/CDS Idx Swt","NA/CDS Corp Idx"
"4099518423000000101","","NEWT","TRAD","2026-07-09T07:33:48Z","","CR","","I","TRUE","2026-07-09T07:33:48Z","2026-07-10","2031-06-20","","","BILT","FALSE","FALSE","TRUE","25,000,000","","USD","","","","","","","","","","","","","","","","","","","","","","","","","","","","","","","","","","","","","false","","","","","","A004","","","","","","","","357002.13000","MNTH","","","","3","","","","UFRO","USD","USD","","","","false","1","","","","","","","","","","FALSE","","","","","","","","","QZXRFP00VGBR","NA/CDS Corp Idx","ITRAXX ASIA EX-JAPAN IG"
"4106506861000000101","","NEWT","TRAD","2026-07-09T10:24:47Z","","CR","","I","TRUE","2026-07-09T10:24:47Z","2026-07-10","2031-06-20","","FALSE","BBSF","FALSE","FALSE","","10,000,000","","EUR","","","","","","","","","","","","","","","","","","","","","","","","","0.05","","","","","","0.02473","","","","","","false","","","3","","","A004","","","","","","","","1099737.85000","MNTH","","","","3","","","","UFRO","EUR","","","","","false","1","","","","","","","","","","FALSE","","","","","","","","","QZ3HM9KVK2WL","NA/CDS Corp Idx","ITRAXX EUROPE CROSSOVER"
"4106449566000000101","","NEWT","TRAD","2026-07-09T10:23:43Z","","CR","","I","TRUE","2026-07-09T10:23:43Z","2026-07-10","2031-06-20","","FALSE","BBSF","FALSE","FALSE","","50,000,000","","EUR","","","","","","","","","","","","","","","","","","","","","","","","","0.01","","","","","","0.005199","","","","","","false","","","3","","","A004","","","","","","","","1128638.02000","MNTH","","","","3","","","","UFRO","EUR","","","","","false","1","","","","","","","","","","FALSE","","","","","","","","","QZTQ4GTC5QMF","NA/CDS Corp Idx","ITRAXX EUROPE"
"4103191224000000101","4103165866000000101","MODI","TRAD","2026-07-09T09:20:01Z","TRUE","CR","","I","TRUE","2026-07-09T09:19:22Z","2026-03-20","2031-06-20","","FALSE","TPSE","FALSE","FALSE","","25,000,000","","EUR","","","","","","","","","","","","","","","","","","","","","","","","","0.01","","","","","","0.0051875","","","","","","false","","","3","","","A004","","","","","","","","","MNTH","","","","3","","","","","","EUR","","","","false","1","","","","","","","OTHR","","","FALSE","","","","","","","","","QZTQ4GTC5QMF","NA/CDS Corp Idx","ITRAXX EUROPE"
"4103191226000000301","4103165868000000301","MODI","TRAD","2026-07-09T09:20:01Z","TRUE","CR","","I","TRUE","2026-07-09T09:19:38Z","2026-03-20","2031-06-20","","FALSE","TPSE","FALSE","FALSE","","75,000,000","","EUR","","","","","","","","","","","","","","","","","","","","","","","","","0.01","","","","","","0.0051875","","","","","","false","","","3","","","A004","","","","","","","","","MNTH","","","","3","","","","","","EUR","","","","false","1","","","","","","","OTHR","","","FALSE","","","","","","","","","QZTQ4GTC5QMF","NA/CDS Corp Idx","ITRAXX EUROPE"
"4106631825000000101","","NEWT","TRAD","2026-07-09T10:28:11Z","","CR","","I","TRUE","2026-07-09T10:28:11Z","2026-07-10","2031-06-20","","FALSE","BBSF","FALSE","TRUE","","166,344,993+","","EUR","","","","","","","","","","","","","","","","","","","","","","","","","0.01","","","","","","0.00519","","","","","","false","","","3","","","A004","","","","","","","","3761887.01644","MNTH","","","","3","","","","UFRO","EUR","","","","","false","1","","","","","","","","","","TRUE","","","","0.00519","","3","","","QZTQ4GTC5QMF","NA/CDS Corp Idx","ITRAXX EUROPE"
"4107148555000000101","","NEWT","TRAD","2026-07-09T10:42:08Z","","CR","","I","TRUE","2026-07-09T10:42:08Z","2026-07-10","2031-06-20","","FALSE","BBSF","FALSE","FALSE","","20,000,000","","EUR","","","","","","","","","","","","","","","","","","","","","","","","","0.05","","","","","","0.0247948","","","","","","false","","","3","","","A004","","","","","","","","2193417.62000","MNTH","","","","3","","","","UFRO","EUR","","","","","false","1","","","","","","","","","","FALSE","","","","","","","","","QZ3HM9KVK2WL","NA/CDS Corp Idx","ITRAXX EUROPE CROSSOVER"
"4106912611000000101","","NEWT","TRAD","2026-07-09T10:35:48Z","","CR","","I","TRUE","2026-07-09T10:35:48Z","2026-07-10","2036-06-20","","","TWSF","FALSE","TRUE","","120,000,000","","EUR","","","","","","","","","","","","","","","","","","","","","","","","","0.01","","","","","","0.0093425","","","","","","false","","","3","","","A004","","","","","","","","705545.81985","MNTH","","","","3","","","","UFRO","EUR","","","","","false","1","","","","","","","","","","TRUE","","","","0.41425","","3","","","QZ4LNL81ZBTS","NA/CDS Corp Idx","ITRAXX EUROPE"
"4111748299000000101","","NEWT","TRAD","2026-07-09T16:48:57Z","","CR","","N","FALSE","2026-07-09T16:48:57Z","2026-07-10","2072-12-16","","FALSE","BILT","FALSE","FALSE","FALSE","5,000,000","","USD","","","","","","","","","","","","","","","","","","","","","","","","","0.05","","","","","","","","","","","","false","","","","","","A004","","","","","","","","1452777.78000","MNTH","","","","1","","","","UFRO","USD","USD","","","","false","1","","","","","","","","","","FALSE","","","","","","","","","QZKQC4H7728D","NA/CDS Corp Idx","CMBX.NA.BB"
"4111760251000000101","","NEWT","TRAD","2026-07-09T16:52:03Z","","CR","","N","FALSE","2026-07-09T16:52:03Z","2026-07-10","2064-11-18","","FALSE","BILT","FALSE","FALSE","FALSE","8,000,000","","USD","","","","","","","","","","","","","","","","","","","","","","","","","0.05","","","","","","","","","","","","false","","","","","","A004","","","","","","","","1524449.21189","MNTH","","","","1","","","","UFRO","USD","USD","","","","false","1","","","","","","","","","","FALSE","","","","","","","","","QZ74JHWP5LPJ","NA/CDS Corp Idx","CMBX.NA.BB"
"4111327229000000301","","NEWT","TRAD","2026-07-09T16:26:33Z","","CR","","I","FALSE","2026-07-09T16:26:33Z","2026-07-10","2031-06-20","","","TWSF","FALSE","TRUE","","220,000,000","","USD","","","","","","","","","","","","","","","","","","","","","","","","","0.01","","","","","","0.0050389","","","","","","false","","","3","","","A004","","","","","","","","4958218.92000","MNTH","","","","3","","","","UFRO","USD","","","","","false","1","","","","","","","","","","FALSE","","","","","","","","","QZ3WVVQG5T8K","NA/CDS Corp Idx","CDX.NA.IG"
"4111599430000000101","","NEWT","TRAD","2026-07-09T16:45:23Z","","CR","","I","TRUE","2026-07-09T16:45:23Z","2026-07-10","2030-12-20","","FALSE","BBSF","FALSE","FALSE","","50,000,000","","USD","","","","","","","","","","","","","","","","","","","","","","","","","0.01","","","","","","0.0046198","","","","","","false","","","3","","","A004","","","","","","","","1113776.12000","MNTH","","","","3","","","","UFRO","USD","","","","","false","1","","","","","","","","","","FALSE","","","","","","","","","QZN3HTTN5303","NA/CDS Corp Idx","CDX.NA.IG"
"4111633868000000301","","NEWT","TRAD","2026-07-09T16:48:29Z","","CR","","I","TRUE","2026-07-09T16:48:29Z","2026-07-10","2030-12-20","","FALSE","BBSF","FALSE","FALSE","","23,000,000","","USD","","","","","","","","","","","","","","","","","","","","","","","","","0.05","","","","","","0.0108","","","","","","false","","","3","","","A004","","","","","","","","1859550.00000","MNTH","","","","3","","","","UFRO","USD","","","","","false","0.98","","","","","","","","","","TRUE","0.05","","3","","","","","","QZMD5JCHG48C","NA/CDS Corp Idx","CDX.NA.HY"
"4111730481000000101","","NEWT","TRAD","2026-07-09T16:56:41Z","","CR","","N","FALSE","2026-07-09T16:56:41Z","2026-07-15","2026-07-15","","FALSE","BILT","FALSE","FALSE","TRUE","10,000","","EUR","","","","","","","","","","","","","","","","","","","","","","","","2026-07-15","","","0","","","","","","","","0.0001","","false","","","","","3","A004","","","","","","","","0.00000","MNTH","","","","3","","","","UFRO","EUR","","","","","false","","","","","","","","","","","FALSE","","","","","","","","","QZ2L66CGCV9J","NA/CDS Idx Swt","NA/CDS Corp Idx"
"4111752395000000301","4111730481000000101","EROR","","2026-07-09T16:59:51Z","","CR","","N","FALSE","2026-07-09T16:56:41Z","2026-07-15","2026-07-15","","FALSE","BILT","FALSE","FALSE","TRUE","10,000","","EUR","","","","","","","","","","","","","","","","","","","","","","","","2026-07-15","","","0","","","","","","","","0.0001","","false","","","","","3","A004","","","","","","","","0.00000","MNTH","","","","3","","","","UFRO","EUR","","","","","false","","","","","","","","","","","FALSE","","","","","","","","","QZ2L66CGCV9J","NA/CDS Idx Swt","NA/CDS Corp Idx"
"4112276788000000201","","NEWT","TRAD","2026-07-09T17:24:04Z","","CR","","I","TRUE","2026-07-09T17:24:04Z","2026-07-10","2031-06-20","","FALSE","BBSF","FALSE","FALSE","","33,000,000","","USD","","","","","","","","","","","","","","","","","","","","","","","","","0.05","","","","","","0.0108155","","","","","","false","","","3","","","A004","","","","","","","","2745913.50000","MNTH","","","","3","","","","UFRO","USD","","","","","false","0.99","","","","","","","","","","FALSE","","","","","","","","","QZHH8NT767RX","NA/CDS Corp Idx","CDX.NA.HY"
"4102620412000000101","","NEWT","TRAD","2026-07-09T09:03:23Z","FALSE","CR","","I","TRUE","2026-07-09T09:03:23Z","2026-03-20","2031-06-20","","","TREU","FALSE","FALSE","TRUE","40,000,000","","EUR","","","","","","","","","","","","","","","","","","","","","","","","","0.05","","","","","","","","","","","","false","","","","","","A004","","","","","","","","4412607.96000","MNTH","","","","3","","","","UFRO","EUR","","","","","false","1","","","","","","","","","","FALSE","","","","","","","","","QZ3HM9KVK2WL","NA/CDS Corp Idx","ITRAXX EUROPE CROSSOVER"
"4103139950000000201","","NEWT","TRAD","2026-07-09T09:19:02Z","","CR","","I","FALSE","2026-07-09T09:19:02Z","2026-07-10","2031-06-20","","","TWSF","FALSE","FALSE","","50,000,000","","EUR","","","","","","","","","","","","","","","","","","","","","","","","","0.01","","","","","","0.00518314","","","","","","false","","","3","","","A004","","","","","","","","1132354.89000","MNTH","","","","3","","","","UFRO","EUR","","","","","false","1","","","","","","","","","","FALSE","","","","","","","","","QZTQ4GTC5QMF","NA/CDS Corp Idx","ITRAXX EUROPE"
"4103165866000000101","","NEWT","TRAD","2026-07-09T09:19:22Z","","CR","","I","TRUE","2026-07-09T09:19:22Z","2026-03-20","2031-06-20","","FALSE","TPSE","FALSE","FALSE","","25,000,000","","EUR","","","","","","","","","","","","","","","","","","","","","","","","","0.01","","","","","","0.0051875","","","","","","false","","","3","","","A004","","","","","","","","","MNTH","","","","3","","","","","","EUR","","","","false","1","","","","","","","OTHR","","","FALSE","","","","","","","","","QZTQ4GTC5QMF","NA/CDS Corp Idx","ITRAXX EUROPE"
"4103165868000000301","","NEWT","TRAD","2026-07-09T09:19:38Z","","CR","","I","TRUE","2026-07-09T09:19:38Z","2026-03-20","2031-06-20","","FALSE","TPSE","FALSE","FALSE","","75,000,000","","EUR","","","","","","","","","","","","","","","","","","","","","","","","","0.01","","","","","","0.0051875","","","","","","false","","","3","","","A004","","","","","","","","","MNTH","","","","3","","","","","","EUR","","","","false","1","","","","","","","OTHR","","","FALSE","","","","","","","","","QZTQ4GTC5QMF","NA/CDS Corp Idx","ITRAXX EUROPE"
"4095685456000000101","","NEWT","TRAD","2026-07-09T06:30:02Z","","CR","","I","TRUE","2026-07-09T06:30:02Z","2026-07-10","2031-06-20","","FALSE","BBSF","FALSE","TRUE","","40,000,000","","EUR","","","","","","","","","","","","","","","","","","","","","","","","","0.05","","","","","","0.0245055","","","","","","false","","","3","","","A004","","","","","","","","4440974.34000","MNTH","","","","3","","","","UFRO","EUR","","","","","false","1","","","","","","","","","","FALSE","","","","","","","","","QZ3HM9KVK2WL","NA/CDS Corp Idx","ITRAXX EUROPE CROSSOVER"
"4098621331000000101","","NEWT","TRAD","2026-07-09T07:37:23Z","FALSE","CR","","N","TRUE","2026-07-09T07:37:23Z","2026-07-10","2031-06-20","","FALSE","BILT","FALSE","FALSE","FALSE","20,000,000","99,999,999,999,999,999,999.99999","EUR","","","","","","","","","","","","","","","","","","","","","","","","","0.01","","","","","","0.00515888","","","","","","false","","","3","","","A004","","","","","","","","455216.50000","MNTH","","","","3","","","","UFRO","EUR","EUR","","","","false","1","","","","","","","","","","FALSE","","","","","","","","","QZM3XSRRBS54","NA/CDS Corp Idx","ITRAXX EUROPE"
"4098654786000000301","","NEWT","TRAD","2026-07-09T07:39:46Z","","CR","","I","FALSE","2026-07-09T07:39:46Z","2026-07-10","2031-06-20","","","TWSF","FALSE","FALSE","","30,000,000","","EUR","","","","","","","","","","","","","","","","","","","","","","","","","0.01","","","","","","0.005424","","","","","","false","","","3","","","A004","","","","","","","","645575.49000","MNTH","","","","3","","","","UFRO","EUR","","","","","false","1","","","","","","","","","","FALSE","","","","","","","","","QZTB38W3WJ98","NA/CDS Corp Idx","ITRAXX EUROPE SENIOR FINANCIALS"
"4110148604000000101","","NEWT","TRAD","2026-07-09T14:28:31Z","","CR","","I","TRUE","2026-07-09T14:28:31Z","2026-07-10","2031-06-20","","FALSE","BBSF","FALSE","TRUE","","35,000,000","","EUR","","","","","","","","","","","","","","","","","","","","","","","","","0.05","","","","","","0.0245175","","","","","","false","","","3","","","A004","","","","","","","","3883885.51000","MNTH","","","","3","","","","UFRO","EUR","","","","","false","1","","","","","","","","","","FALSE","","","","","","","","","QZ3HM9KVK2WL","NA/CDS Corp Idx","ITRAXX EUROPE CROSSOVER"
"4110167540000000201","","NEWT","TRAD","2026-07-09T14:31:08Z","","CR","","I","TRUE","2026-07-09T14:31:08Z","2026-07-10","2036-06-20","","FALSE","BBSF","FALSE","TRUE","","52,000,000","","EUR","","","","","","","","","","","","","","","","","","","","","","","","","0.01","","","","","","0.00932","","","","","","false","","","3","","","A004","","","","","","","","315359.42000","MNTH","","","","3","","","","UFRO","EUR","","","","","false","1","","","","","","","","","","TRUE","","","","0.00414","","3","","","QZ4LNL81ZBTS","NA/CDS Corp Idx","ITRAXX EUROPE"
"4110356097000000101","","NEWT","TRAD","2026-07-09T14:56:44Z","","CR","","I","TRUE","2026-07-09T14:56:44Z","2026-07-10","2031-06-20","","","TWSF","FALSE","FALSE","","39,000,000","","EUR","","","","","","","","","","","","","","","","","","","","","","","","","0.01","","","","","","0.00514997","","","","","","false","","","3","","","A004","","","","","","","","889301.05756","MNTH","","","","3","","","","UFRO","EUR","","","","","false","1","","","","","","","","","","FALSE","","","","","","","","","QZTQ4GTC5QMF","NA/CDS Corp Idx","ITRAXX EUROPE"
"4110411334000000401","4110411332000000201","MODI","TRAD","2026-07-09T15:05:06Z","TRUE","CR","","I","TRUE","2026-07-09T15:04:48Z","2026-03-20","2031-06-20","","FALSE","TPSE","FALSE","FALSE","","100,000,000","","USD","","","","","","","","","","","","","","","","","","","","","","","","","0.01","","","","","","0.00505","","","","","","false","","","3","","","A004","","","","","","","","","MNTH","","","","3","","","","","","USD","","","","false","1","","","","","","","OTHR","","","FALSE","","","","","","","","","QZ3WVVQG5T8K","NA/CDS Corp Idx","CDX.NA.IG"
"4110424637000000501","","NEWT","TRAD","2026-07-09T15:07:38Z","","CR","","I","TRUE","2026-07-09T15:07:38Z","2026-07-10","2031-06-20","","FALSE","BBSF","FALSE","FALSE","","25,000,000","","USD","","","","","","","","","","","","","","","","","","","","","","","","","0.05","","","","","","0.01081","","","","","","false","","","3","","","A004","","","","","","","","2066625.00000","MNTH","","","","3","","","","UFRO","USD","","","","","false","0.99","","","","","","","","","","FALSE","","","","","","","","","QZHH8NT767RX","NA/CDS Corp Idx","CDX.NA.HY"
"4110369311000000201","","NEWT","TRAD","2026-07-09T15:00:27Z","","CR","","I","TRUE","2026-07-09T15:00:27Z","2026-07-10","2031-06-20","","","TWSF","FALSE","TRUE","","150,000,000","","EUR","","","","","","","","","","","","","","","","","","","","","","","","","0.01","","","","","","0.005142","","","","","","false","","","3","","","A004","","","","","","","","3425995.40000","MNTH","","","","3","","","","UFRO","EUR","","","","","false","1","","","","","","","","","","FALSE","","","","","","","","","QZTQ4GTC5QMF","NA/CDS Corp Idx","ITRAXX EUROPE"
"4110446264000000301","","NEWT","TRAD","2026-07-09T15:10:55Z","","CR","","I","TRUE","2026-07-09T15:10:55Z","2026-07-10","2031-06-20","","","TWSF","FALSE","FALSE","","14,000,000","","EUR","","","","","","","","","","","","","","","","","","","","","","","","","0.01","","","","","","0.0051319","","","","","","false","","","3","","","A004","","","","","","","","320422.61000","MNTH","","","","3","","","","UFRO","EUR","","","","","false","1","","","","","","","","","","FALSE","","","","","","","","","QZTQ4GTC5QMF","NA/CDS Corp Idx","ITRAXX EUROPE"
"4110417500000000201","","NEWT","TRAD","2026-07-09T15:02:37Z","","CR","","I","TRUE","2026-07-09T15:02:37Z","2026-03-20","2031-06-20","","","BILT","FALSE","FALSE","TRUE","200,000,000","","USD","","","","","","","","","","","","","","","","","","","","","","","","","0.01","","","","","","","","","","","","false","","","","","","A004","","","","","","","","4497416.00000","MNTH","","","","3","","","","UFRO","USD","","","","","false","1","","","","","","","","","","FALSE","","","","","","","","","QZ3WVVQG5T8K","NA/CDS Corp Idx","CDX.NA.IG"
"4110460837000000101","","NEWT","TRAD","2026-07-09T15:13:54Z","","CR","","I","TRUE","2026-07-09T15:13:54Z","2026-07-10","2031-06-20","","FALSE","BBSF","FALSE","FALSE","","20,000,000","","USD","","","","","","","","","","","","","","","","","","","","","","","","","0.05","","","","","","0.010811","","","","","","false","","","3","","","A004","","","","","","","","1655280.00000","MNTH","","","","3","","","","UFRO","USD","","","","","false","0.99","","","","","","","","","","FALSE","","","","","","","","","QZHH8NT767RX","NA/CDS Corp Idx","CDX.NA.HY"
"4109351674000000201","","NEWT","TRAD","2026-07-09T13:19:29Z","","CR","","I","FALSE","2026-07-09T13:19:29Z","2026-07-10","2031-06-20","","","TWSF","FALSE","FALSE","","10,000,000","","EUR","","","","","","","","","","","","","","","","","","","","","","","","","0.01","","","","","","0.008859","","","","","","false","","","3","","","A004","","","","","","","","57152.46000","MNTH","","","","3","","","","UFRO","EUR","","","","","false","1","","","","","","","","","","FALSE","","","","","","","","","QZ5GD86QBKCC","NA/CDS Corp Idx","ITRAXX EUROPE SUB FINANCIALS"
"4109413517000000901","","NEWT","TRAD","2026-07-06T17:58:00Z","","CR","","N","FALSE","2026-07-06T17:58:00Z","2026-07-06","2033-05-31","2033-05-31","TRUE","BILT","FALSE","FALSE","TRUE","7,000,000","","USD","","","","","","","","","","","","","","","","","","","","","","","","","","","","","","","1","0.00029","","","","","false","","","4","3","","","","A004","","DAIL","","1","","","","","","","","","","","","","USD","","","","false","","","","","","","","OPET","","","FALSE","","","","","","","","","QZKDVK3GBV2M","NA/CDS Corp Oth Sr","DTD 05/31/2026"
"4109413518000001001","4047115616000001301","CORR","","2026-07-06T14:44:41Z","","CR","","N","FALSE","2026-07-06T14:44:41Z","2026-03-20","2026-12-16","2031-06-20","FALSE","BILT","FALSE","FALSE","TRUE","400,000,000+","","USD","","","","","","","","","","","","","","","","","","","","","","","","2026-12-16","0.05","","5,583,617.44875","USD","","","","","","","106","USD","false","","","","","1","A004","","","","","","","","","MNTH","","","","3","","","","","","","","","","false","1","","","","","","","","","","FALSE","","","","","","","","","QZVK9BCP48T0","NA/CDS Idx Swt","NA/CDS Corp Idx"
"4109413511000000301","","NEWT","TRAD","2026-07-07T11:30:56Z","","CR","","N","FALSE","2026-07-06T15:15:40Z","2026-03-20","2026-09-16","2031-06-20","FALSE","BILT","FALSE","FALSE","TRUE","100,000,000","","EUR","","","","","","","","","","","","","","","","","","","","","","","","2026-09-16","0.05","","1,390,000","EUR","","","","","","","0.0225","","false","","","","","3","A004","","","","","","","","","MNTH","","","","3","","","","","","","","","","false","1","","","","","","","","","","FALSE","","","","","","","","","QZTL0V3X916X","NA/CDS Idx Swt","NA/CDS Corp Idx"
"4102306713000000101","","NEWT","TRAD","2026-07-09T08:55:25Z","","CR","","I","FALSE","2026-07-09T08:55:25Z","2026-07-10","2031-06-20","","","TWSF","FALSE","FALSE","","24,000,000","","EUR","","","","","","","","","","","","","","","","","","","","","","","","","0.01","","","","","","0.00518108","","","","","","false","","","3","","","A004","","","","","","","","543761.75475","MNTH","","","","3","","","","UFRO","EUR","","","","","false","1","","","","","","","","","","FALSE","","","","","","","","","QZTQ4GTC5QMF","NA/CDS Corp Idx","ITRAXX EUROPE"
"4116061935000000101","4111882308000000101","MODI","TRAD","2026-07-09T22:15:16Z","TRUE","CR","","N","FALSE","2026-07-09T13:52:22Z","2026-03-20","2031-06-20","2031-06-20","TRUE","BILT","FALSE","FALSE","TRUE","2,000,000","","USD","","","","","","","","","","","","","","","","","","","","","","","","2026-10-21","0.05","","24,354","USD","","","","","","","107","USD","false","","","","","1","A004","","","","","","","","","MNTH","","","","3","","","","","","","","","","false","0.99","","","","","","","","","","FALSE","","","","","","","","","QZX75BBR2PZH","NA/CDS Idx Swt","NA/CDS Corp Idx"
"4102481464000000101","","NEWT","TRAD","2026-07-09T09:00:38Z","","CR","","N","FALSE","2026-07-09T09:00:38Z","2026-03-20","2031-06-20","2031-06-20","TRUE","BILT","FALSE","TRUE","TRUE","350,199,986+","","EUR","","","","","","","","","","","","","","","","","","","","","","","","2026-08-19","0.01","","231,132","EUR","","","","","","","0.00575","","false","","","","","3","A004","","","","","","","","","MNTH","","","","3","","","","","","","","","","false","1","","","","","","","","","","FALSE","","","","","","","","","QZX75BBR2PZH","NA/CDS Idx Swt","NA/CDS Corp Idx"
"4113423845000000201","","NEWT","TRAD","2026-07-09T18:21:35Z","","CR","","N","FALSE","2026-07-09T18:21:35Z","2026-07-10","2026-10-14","","FALSE","BILT","FALSE","FALSE","TRUE","180,000,000","","USD","","","","","","","","","","","","","","","","","","","","","","","","","0.04625","","","","","","","","","","","","false","","","","","","A006","","","","","","","","1797235.23724","MNTH","","","","6","","","","PEXH","USD","","","","","false","","","","","","","","","","","FALSE","","","","","","","","","QZWPDD564ZX3","NA/CDS Corp SN","DTD 04/30/2024"
"4113730595000000201","","NEWT","TRAD","2026-07-09T18:50:24Z","","CR","","I","TRUE","2026-07-09T18:50:24Z","2026-03-20","2031-06-20","","FALSE","TPSE","FALSE","FALSE","","50,000,000","","USD","","","","","","","","","","","","","","","","","","","","","","","","","0.01","","","","","","0.005065","","","","","","false","","","3","","","A004","","","","","","","","","MNTH","","","","3","","","","","","USD","","","","false","1","","","","","","","OTHR","","","FALSE","","","","","","","","","QZ3WVVQG5T8K","NA/CDS Corp Idx","CDX.NA.IG"
"4113754464000000101","","NEWT","TRAD","2026-07-09T18:54:03Z","","CR","","I","TRUE","2026-07-09T18:54:03Z","2026-07-10","2031-06-20","","FALSE","BBSF","FALSE","FALSE","","50,000,000","","USD","","","","","","","","","","","","","","","","","","","","","","","","","0.01","","","","","","0.00507019","","","","","","false","","","3","","","A004","","","","","","","","1119781.60000","MNTH","","","","3","","","","UFRO","USD","","","","","false","1","","","","","","","","","","FALSE","","","","","","","","","QZ3WVVQG5T8K","NA/CDS Corp Idx","CDX.NA.IG"
"4113669748000000301","","NEWT","TRAD","2026-07-09T18:34:00Z","","CR","","N","FALSE","2026-07-09T18:34:00Z","2026-07-09","2026-10-21","2031-06-20","FALSE","BILT","FALSE","FALSE","TRUE","150,000,000","","USD","","","","","","","","","","","","","","","","","","","","","","","","2026-10-21","0.05","","861,300","USD","","","","","","","0.0105","","false","","","","","3","A004","","","","","","","","","MNTH","","","","3","","","","","","","","","","false","0.99","","","","","","","","","","FALSE","","","","","","","","","QZHJMSG8W2ZX","NA/CDS Idx Swt","NA/CDS Corp Idx"
"4112082812000000201","","NEWT","TRAD","2026-07-09T17:15:50Z","","CR","","I","TRUE","2026-07-09T17:15:50Z","2026-07-10","2031-06-20","","FALSE","BBSF","FALSE","TRUE","","76,000,000+","","USD","","","","","","","","","","","","","","","","","","","","","","","","","0.05","","","","","","0.010816","","","","","","false","","","3","","","A004","","","","","","","","6327692.32590","MNTH","","","","3","","","","UFRO","USD","","","","","false","0.99","","","","","","","","","","TRUE","","","","0.00000275","","3","","","QZHH8NT767RX","NA/CDS Corp Idx","CDX.NA.HY"
"4112336514000000201","","NEWT","TRAD","2026-07-09T17:27:07Z","","CR","","I","TRUE","2026-07-09T17:27:07Z","2026-03-20","2031-06-20","","FALSE","TPSE","FALSE","FALSE","","100,000,000","","USD","","","","","","","","","","","","","","","","","","","","","","","","","0.01","","","","","","0.005039","","","","","","false","","","3","","","A004","","","","","","","","","MNTH","","","","3","","","","","","USD","","","","false","1","","","","","","","OTHR","","","FALSE","","","","","","","","","QZ3WVVQG5T8K","NA/CDS Corp Idx","CDX.NA.IG"
"4112017680000000101","","NEWT","TRAD","2026-07-09T17:13:05Z","","CR","","N","FALSE","2026-07-09T17:11:00Z","2026-07-10","2026-11-06","","TRUE","BILT","FALSE","FALSE","TRUE","260,000,000","","USD","","","","","","","","","","","","","","","","","","","","","","","","","","","","","","","0.0019","","","","","","false","","","3","","","","","A004","","MNTH","","6","","","","MNTH","","","","6","","","","","USD","","","","false","","","","","","","","","","","FALSE","","","","","","","","","QZT6MSZGSSCT","NA/CDS Corp SN Sr","NT 194"
"4112726500000000101","","NEWT","TRAD","2026-07-09T17:45:14Z","","CR","","I","TRUE","2026-07-09T17:45:14Z","2026-07-10","2031-06-20","","","TWSF","FALSE","FALSE","","3,000,000","","USD","","","","","","","","","","","","","","","","","","","","","","","","","0.05","","","","","","0.0108149","","","","","","false","","","3","","","A004","","","","","","","","249450.13883","MNTH","","","","3","","","","UFRO","USD","","","","","false","0.99","","","","","","","","","","FALSE","","","","","","","","","QZHH8NT767RX","NA/CDS Corp Idx","CDX.NA.HY"
"4112712862000000102","4112699134000000201","MODI","TRAD","2026-07-09T17:44:55Z","TRUE","CR","","I","TRUE","2026-07-09T17:44:04Z","2026-03-20","2031-06-20","","FALSE","TPSE","FALSE","FALSE","","25,000,000","","USD","","","","","","","","","","","","","","","","","","","","","","","","","0.01","","","","","","0.00504","","","","","","false","","","3","","","A004","","","","","","","","","MNTH","","","","3","","","","","","USD","","","","false","1","","","","","","","OTHR","","","FALSE","","","","","","","","","QZ3WVVQG5T8K","NA/CDS Corp Idx","CDX.NA.IG"
"4096174956000000101","","NEWT","TRAD","2026-07-09T06:39:56Z","","CR","","I","TRUE","2026-07-09T06:39:56Z","2026-07-10","2031-06-20","","FALSE","BBSF","FALSE","TRUE","","130,000,000","","EUR","","","","","","","","","","","","","","","","","","","","","","","","","0.01","","","","","","0.0051595","","","","","","false","","","3","","","A004","","","","","","","","2958529.40240","MNTH","","","","3","","","","UFRO","EUR","","","","","false","1","","","","","","","","","","FALSE","","","","","","","","","QZTQ4GTC5QMF","NA/CDS Corp Idx","ITRAXX EUROPE"
"4098857940000000101","","NEWT","TRAD","2026-07-09T07:43:02Z","","CR","","I","TRUE","2026-07-09T07:43:02Z","2026-07-10","2031-06-20","","FALSE","BBSF","FALSE","FALSE","","3,000,000","","EUR","","","","","","","","","","","","","","","","","","","","","","","","","0.01","","","","","","0.0051708","","","","","","false","","","3","","","A004","","","","","","","","68114.83000","MNTH","","","","3","","","","UFRO","EUR","","","","","false","1","","","","","","","","","","FALSE","","","","","","","","","QZTQ4GTC5QMF","NA/CDS Corp Idx","ITRAXX EUROPE"
