"Dissemination Identifier","Original Dissemination Identifier","Action type","Event type","Event timestamp","Amendment indicator","Asset Class","Product name","Cleared","Mandatory clearing indicator","Execution Timestamp","Effective Date","Expiration Date","Maturity date of the underlier","Non-standardized term indicator","Platform identifier","Prime brokerage transaction indicator","Block trade election indicator","Large notional off-facility swap election indicator","Notional amount-Leg 1","Notional amount-Leg 2","Notional currency-Leg 1","Notional currency-Leg 2","Notional quantity-Leg 1","Notional quantity-Leg 2","Total notional quantity-Leg 1","Total notional quantity-Leg 2","Quantity frequency multiplier-Leg 1","Quantity frequency multiplier-Leg 2","Quantity unit of measure-Leg 1","Quantity unit of measure-Leg 2","Quantity frequency-Leg 1","Quantity frequency-Leg 2","Notional amount in effect on associated effective date-Leg 1","Notional amount in effect on associated effective date-Leg 2","Effective date of the notional amount-Leg 1","Effective date of the notional amount-Leg 2","End date of the notional amount-Leg 1","End date of the notional amount-Leg 2","Call amount","Call currency","Put amount","Put currency","Exchange rate","Exchange rate basis","First exercise date","Fixed rate-Leg 1","Fixed rate-Leg 2","Option Premium Amount","Option Premium Currency","Price","Price unit of measure","Spread-Leg 1","Spread-Leg 2","Spread currency-Leg 1","Spread currency-Leg 2","Strike Price","Strike price currency/currency pair","Post-priced swap indicator","Price currency","Price notation","Spread notation-Leg 1","Spread notation-Leg 2","Strike price notation","Fixed rate day count convention-leg 1","Fixed rate day count convention-leg 2","Floating rate day count convention-leg 1","Floating rate day count convention-leg 2","Floating rate reset frequency period-leg 1","Floating rate reset frequency period-leg 2","Floating rate reset frequency period multiplier-leg 1","Floating rate reset frequency period multiplier-leg 2","Other payment amount","Fixed rate payment frequency period-Leg 1","Floating rate payment frequency period-Leg 1","Fixed rate payment frequency period-Leg 2","Floating rate payment frequency period-Leg 2","Fixed rate payment frequency period multiplier-Leg 1","Floating rate payment frequency period multiplier-Leg 1","Fixed rate payment frequency period multiplier-Leg 2","Floating rate payment frequency period multiplier-Leg 2","Other payment type","Other payment currency","Settlement currency-Leg 1","Settlement currency-Leg 2","Settlement location","Collateralisation category","Custom basket indicator","Index factor","Underlier ID-Leg 1","Underlier ID-Leg 2","Underlier ID source-Leg 1","Underlying Asset Name","Underlying asset subtype or underlying contract subtype-Leg 1","Underlying asset subtype or underlying contract subtype-Leg 2","Embedded Option type","Option Type","Option Style","Package indicator","Package transaction price","Package transaction price currency","Package transaction price notation","Package transaction spread","Package transaction spread currency","Package transaction spread notation","Physical delivery location-Leg 1","Delivery Type","Unique Product Identifier","UPI FISN","UPI Underlier Name"
"3484013525000000101","","NEWT","TRAD","2026-06-03T20:11:05Z","","CR","","I","FALSE","2026-06-03T20:11:05Z","2026-06-04","2031-06-20","","FALSE","BBSF","FALSE","FALSE","","10,000,000","","USD","","","","","","","","","","","","","","","","","","","","","","","","","0.01","","","","","","0.0097755","","","","","","false","","","3","","","A004","","","","","","","","203388.89000","MNTH","","","","3","","","","UFRO","USD","","","","","false","1","","","","","","","","","","FALSE","","","","","","","","","QZ4JMQKL3P03","NA/CDS Corp Idx","CDX.EM"
"3479509911000000101","","NEWT","TRAD","2026-06-03T14:14:07Z","","CR","","N","FALSE","2026-06-03T14:14:07Z","2025-09-22","2030-12-20","2030-12-20","FALSE","BILT","FALSE","FALSE","FALSE","25,000,000","","USD","","","","","","","","","","","","","","","","","","","","","","","","","0.05","","","","","","","","","","","","false","","","","","","A004","","","","","","","","1807638.89000","MNTH","","","","3","","","","UFRO","USD","","","","","false","0.98","","","","","","","","","","FALSE","","","","","","","","","QZ7ZRB20S7R5","NA/CDS Corp Idx Tra","CDX.NA.HY"
"3465241990000000301","","NEWT","TRAD","2026-06-03T06:47:15Z","","CR","","I","TRUE","2026-06-03T06:47:15Z","2026-06-04","2031-06-20","","FALSE","BBSF","FALSE","FALSE","","10,000,000","","EUR","","","","","","","","","","","","","","","","","","","","","","","","","0.05","","","","","","0.0260838","","","","","","false","","","3","","","A004","","","","","","","","1136026.00000","MNTH","","","","3","","","","UFRO","EUR","","","","","false","1","","","","","","","","","","FALSE","","","","","","","","","QZ3HM9KVK2WL","NA/CDS Corp Idx","ITRAXX EUROPE CROSSOVER"
"3464773447000000101","","NEWT","TRAD","2026-06-03T06:37:58Z","","CR","","I","TRUE","2026-06-03T06:37:58Z","2026-06-04","2031-06-20","","","TWSF","FALSE","TRUE","","46,423,803+","","EUR","","","","","","","","","","","","","","","","","","","","","","","","","0.05","","","","","","0.025975","","","","","","false","","","3","","","A004","","","","","","","","5297708.03045","MNTH","","","","3","","","","UFRO","EUR","","","","","false","1","","","","","","","","","","FALSE","","","","","","","","","QZ3HM9KVK2WL","NA/CDS Corp Idx","ITRAXX EUROPE CROSSOVER"
"3464096215000000101","","NEWT","TRAD","2026-06-03T03:31:33Z","","CR","","N","FALSE","2026-06-03T03:31:33Z","2026-03-23","2031-06-20","2031-06-20","FALSE","BILT","FALSE","FALSE","TRUE","2,000,000,000","","JPY","","","","","","","","","","","","","","","","","","","","","","","","","0.01","","","","","","","","","","","","false","","","","","","A004","","","","","","","","43404821.21000","MNTH","","","","3","","","","UFRO","JPY","","","","","false","1","","","","","","","","","","FALSE","","","","","","","","","QZ9P5KKVF7M5","NA/CDS Corp Idx","ITRAXX JAPAN"
"3464084170000000101","2389053306000000301","MODI","TRAD","2026-06-03T03:30:59Z","TRUE","CR","","N","FALSE","2023-11-28T11:14:40Z","2023-11-06","2026-08-05","","FALSE","BILT","FALSE","FALSE","TRUE","23,000,000","","EUR","","","","","","","","","","","","","","","","","","","","","","","","","","","","","","","","","","","","","false","","","","","","","","","","","","","","0.00000","","","","","","","","","UFRO","EUR","EUR","","","","true","","","","","","","","","","","FALSE","","","","","","","","","QZRR0D5S3SHF","NA/CDS Corp Basket","Basket"
"3483905482000000401","","NEWT","TRAD","2026-06-03T19:48:54Z","","CR","","I","TRUE","2026-06-03T19:48:54Z","2026-06-04","2031-06-20","","","TWSF","FALSE","FALSE","","17,000,000","","USD","","","","","","","","","","","","","","","","","","","","","","","","","0.05","","","","","","0.0108117","","","","","","false","","","3","","","A004","","","","","","","","1543746.55105","MNTH","","","","3","","","","UFRO","USD","","","","","false","0.99","","","","","","","","","","FALSE","","","","","","","","","QZHH8NT767RX","NA/CDS Corp Idx","CDX.NA.HY"
"3483916328000000101","","NEWT","TRAD","2026-06-03T19:57:25Z","","CR","","I","TRUE","2026-06-03T19:57:25Z","2026-06-04","2031-06-20","","FALSE","BBSF","FALSE","FALSE","","3,000,000","","USD","","","","","","","","","","","","","","","","","","","","","","","","","0.05","","","","","","0.010811","","","","","","false","","","3","","","A004","","","","","","","","272218.08887","MNTH","","","","3","","","","UFRO","USD","","","","","false","0.99","","","","","","","","","","FALSE","","","","","","","","","QZHH8NT767RX","NA/CDS Corp Idx","CDX.NA.HY"
"3483942135000000401","","NEWT","TRAD","2026-06-03T20:02:16Z","","CR","","I","TRUE","2026-06-03T20:02:16Z","2026-06-04","2031-06-20","","FALSE","BBSF","FALSE","FALSE","","10,000,000","","USD","","","","","","","","","","","","","","","","","","","","","","","","","0.05","","","","","","0.01081025","","","","","","false","","","3","","","A004","","","","","","","","906647.50000","MNTH","","","","3","","","","UFRO","USD","","","","","false","0.99","","","","","","","","","","FALSE","","","","","","","","","QZHH8NT767RX","NA/CDS Corp Idx","CDX.NA.HY"
"3483975831000000101","","NEWT","TRAD","2026-06-03T20:05:13Z","","CR","","I","TRUE","2026-06-03T20:05:13Z","2026-06-04","2031-06-20","","FALSE","BBSF","FALSE","FALSE","","10,000,000","","USD","","","","","","","","","","","","","","","","","","","","","","","","","0.05","","","","","","0.0108085","","","","","","false","","","3","","","A004","","","","","","","","904915.00000","MNTH","","","","3","","","","UFRO","USD","","","","","false","0.99","","","","","","","","","","FALSE","","","","","","","","","QZHH8NT767RX","NA/CDS Corp Idx","CDX.NA.HY"
"3484955061000000101","","NEWT","TRAD","2026-06-03T20:49:25Z","","CR","","I","TRUE","2026-06-03T20:49:25Z","2026-06-04","2031-06-20","","FALSE","BBSF","FALSE","FALSE","","6,000,000","","USD","","","","","","","","","","","","","","","","","","","","","","","","","0.05","","","","","","0.0108049","","","","","","false","","","3","","","A004","","","","","","","","540811.05068","MNTH","","","","3","","","","UFRO","USD","","","","","false","0.99","","","","","","","","","","FALSE","","","","","","","","","QZHH8NT767RX","NA/CDS Corp Idx","CDX.NA.HY"
"3477164467000000101","","NEWT","TRAD","2026-06-03T11:15:34Z","","CR","","N","FALSE","2026-06-03T11:15:34Z","2026-03-20","2026-09-16","","FALSE","BILT","FALSE","FALSE","TRUE","343,880,019+","","EUR","","","","","","","","","","","","","","","","","","","","","","","","2026-09-16","0.0065","","508,942.4","EUR","","","1","","","","0.65","EUR","false","","","3","","3","A004","","","","","","","","","MNTH","","","","3","","","","","","","","","","false","","","","","","","","","","","FALSE","","","","","","","","","QZS1WNR5R2ND","NA/CDS Idx Swt","NA/CDS Corp Idx"
"3484051769000000101","","NEWT","TRAD","2026-06-03T20:13:22Z","","CR","","I","TRUE","2026-06-03T20:13:22Z","2026-03-20","2031-06-20","","FALSE","TPSE","FALSE","FALSE","","5,000,000","","USD","","","","","","","","","","","","","","","","","","","","","","","","","0.05","","","","","","108.085","","USD","","","","false","","","1","","","A004","","","","","","","","","MNTH","","","","3","","","","","","USD","","","","false","0.99","","","","","","","OTHR","","","FALSE","","","","","","","","","QZHH8NT767RX","NA/CDS Corp Idx","CDX.NA.HY"
"3484657816000000101","","NEWT","TRAD","2026-06-03T20:37:45Z","","CR","","I","TRUE","2026-06-03T20:37:45Z","2026-06-04","2031-06-20","","","TWSF","FALSE","FALSE","","10,000,000","","USD","","","","","","","","","","","","","","","","","","","","","","","","","0.05","","","","","","0.0108035","","","","","","false","","","3","","","A004","","","","","","","","899965.00000","MNTH","","","","3","","","","UFRO","USD","","","","","false","0.99","","","","","","","","","","FALSE","","","","","","","","","QZHH8NT767RX","NA/CDS Corp Idx","CDX.NA.HY"
"3485214217000000101","","NEWT","TRAD","2026-06-03T21:06:51Z","","CR","","I","TRUE","2026-06-03T21:06:51Z","2026-06-04","2031-06-20","","FALSE","BBSF","FALSE","FALSE","","25,000,000","","USD","","","","","","","","","","","","","","","","","","","","","","","","","0.01","","","","","","0.005145","","","","","","false","","","3","","","A004","","","","","","","","603050.33000","MNTH","","","","3","","","","UFRO","USD","","","","","false","1","","","","","","","","","","FALSE","","","","","","","","","QZ3WVVQG5T8K","NA/CDS Corp Idx","CDX.NA.IG"
"3477678495000000201","3459612867000000201","MODI","TRAD","2026-06-03T12:00:12Z","TRUE","CR","","N","FALSE","2026-06-02T13:57:32Z","2026-03-20","2031-06-20","2031-06-20","TRUE","BILT","FALSE","TRUE","TRUE","180,000,000","","USD","","","","","","","","","","","","","","","","","","","","","","","","2026-08-19","0.05","","886,545","USD","","","","","","","105.5","USD","false","","","","","1","A004","","","","","","","","","MNTH","","","","3","","","","","","","","","","false","0.99","","","","","","","","","","FALSE","","","","","","","","","QZX75BBR2PZH","NA/CDS Idx Swt","NA/CDS Corp Idx"
"3478179209000000101","","NEWT","TRAD","2026-06-03T12:32:33Z","","CR","","I","TRUE","2026-06-03T12:32:33Z","2026-06-04","2031-06-20","","FALSE","BBSF","FALSE","FALSE","","15,000,000","","USD","","","","","","","","","","","","","","","","","","","","","","","","","0.05","","","","","","0.01081673","","","","","","false","","","3","","","A004","","","","","","","","1369594.05000","MNTH","","","","3","","","","UFRO","USD","","","","","false","0.99","","","","","","","","","","FALSE","","","","","","","","","QZHH8NT767RX","NA/CDS Corp Idx","CDX.NA.HY"
"3479589392000000301","","NEWT","TRAD","2026-06-03T14:19:51Z","","CR","","I","TRUE","2026-06-03T14:19:51Z","2026-06-04","2031-06-20","","FALSE","BBSF","FALSE","TRUE","","230,000,000","","USD","","","","","","","","","","","","","","","","","","","","","","","","","0.01","","","","","","0.00509015","","","","","","false","","","3","","","A004","","","","","","","","5606390.64094","MNTH","","","","3","","","","UFRO","USD","","","","","false","1","","","","","","","","","","FALSE","","","","","","","","","QZ3WVVQG5T8K","NA/CDS Corp Idx","CDX.NA.IG"
"3477833724000000201","","NEWT","TRAD","2026-06-03T12:13:15Z","","CR","","I","FALSE","2026-06-03T12:13:15Z","2026-06-04","2031-06-20","","","TWSF","FALSE","FALSE","","1,000,000","","USD","","","","","","","","","","","","","","","","","","","","","","","","","0.01","","","","","","0.005072","","","","","","false","","","3","","","A004","","","","","","","","24459.61000","MNTH","","","","3","","","","UFRO","USD","","","","","false","1","","","","","","","","","","FALSE","","","","","","","","","QZ3WVVQG5T8K","NA/CDS Corp Idx","CDX.NA.IG"
"3478126667000000101","","NEWT","TRAD","2026-06-03T12:20:11Z","","CR","","N","FALSE","2026-06-03T12:20:11Z","2026-06-17","2026-06-17","2031-06-20","FALSE","BILT","FALSE","FALSE","FALSE","400,000,000+","","USD","","","","","","","","","","","","","","","","","","","","","","","","2026-06-17","0.01","","76,000","USD","","","","","","","0.0055","","false","","","","","3","A004","","","","","","","","","MNTH","","","","3","","","","","","","","","","false","","","","","","","","","","","FALSE","","","","","","","","","QZ9Z7H8JV03N","NA/CDS Idx Swt","NA/CDS Corp Idx"
"3478246131000000301","","NEWT","TRAD","2026-06-03T12:37:19Z","","CR","","I","TRUE","2026-06-03T12:37:19Z","2026-06-04","2031-06-20","","FALSE","BBSF","FALSE","FALSE","","5,000,000","","USD","","","","","","","","","","","","","","","","","","","","","","","","","0.05","","","","","","0.01081668","","","","","","false","","","3","","","A004","","","","","","","","456506.60000","MNTH","","","","3","","","","UFRO","USD","","","","","false","0.99","","","","","","","","","","FALSE","","","","","","","","","QZHH8NT767RX","NA/CDS Corp Idx","CDX.NA.HY"
"3477775621000000201","","NEWT","TRAD","2026-06-03T12:07:54Z","","CR","","I","FALSE","2026-06-03T12:07:54Z","2026-06-04","2031-06-20","","","TWSF","FALSE","FALSE","","15,000,000","","USD","","","","","","","","","","","","","","","","","","","","","","","","","0.05","","","","","","0.0108195","","","","","","false","","","3","","","A004","","","","","","","","1373707.50000","MNTH","","","","3","","","","UFRO","USD","","","","","false","0.99","","","","","","","","","","FALSE","","","","","","","","","QZHH8NT767RX","NA/CDS Corp Idx","CDX.NA.HY"
"3483365933000000101","","NEWT","TRAD","2026-06-03T19:15:52Z","","CR","","N","FALSE","2026-06-03T19:15:52Z","2026-06-03","2058-12-17","","FALSE","BILT","FALSE","FALSE","FALSE","5,000,000","","USD","","","","","","","","","","","","","","","","","","","","","","","","","0.05","","","","","","","","","","","","false","","","","","","A004","","","","","","","","687500.00000","MNTH","","","","1","","","","UFRO","USD","USD","","","","false","1","","","","","","","","","","FALSE","","","","","","","","","QZL67P4FP1NK","NA/CDS Corp Idx","CMBX.NA.BB"
"3481718937000000301","","NEWT","TRAD","2026-06-03T16:59:42Z","","CR","","I","FALSE","2026-06-03T16:59:42Z","2026-06-04","2031-06-20","","","TWSF","FALSE","FALSE","","25,000,000","","USD","","","","","","","","","","","","","","","","","","","","","","","","","0.05","","","","","","0.01080975","","","","","","false","","","3","","","A004","","","","","","","","2265381.25000","MNTH","","","","3","","","","UFRO","USD","","","","","false","0.99","","","","","","","","","","FALSE","","","","","","","","","QZHH8NT767RX","NA/CDS Corp Idx","CDX.NA.HY"
"3481667692000000101","","NEWT","TRAD","2026-06-03T16:52:57Z","","CR","","I","TRUE","2026-06-03T16:52:57Z","2026-06-04","2031-06-20","","FALSE","BBSF","FALSE","TRUE","","250,000,000+","","USD","","","","","","","","","","","","","","","","","","","","","","","","","0.01","","","","","","0.00511","","","","","","false","","","3","","","A004","","","","","","","","6070963.01000","MNTH","","","","3","","","","UFRO","USD","","","","","false","1","","","","","","","","","","FALSE","","","","","","","","","QZ3WVVQG5T8K","NA/CDS Corp Idx","CDX.NA.IG"
"3482356172000000101","","NEWT","TRAD","2026-06-03T17:11:41Z","","CR","","I","TRUE","2026-06-03T17:11:41Z","2026-06-04","2031-06-20","","FALSE","BBSF","FALSE","FALSE","","5,000,000","","USD","","","","","","","","","","","","","","","","","","","","","","","","","0.05","","","","","","0.01081125","","","","","","false","","","3","","","A004","","","","","","","","453818.75000","MNTH","","","","3","","","","UFRO","USD","","","","","false","0.99","","","","","","","","","","FALSE","","","","","","","","","QZHH8NT767RX","NA/CDS Corp Idx","CDX.NA.HY"
"3483307834000000101","3483307834000000101","CORR","","2026-06-03T18:53:04Z","","CR","","N","FALSE","2016-08-25T20:09:57Z","2016-08-24","2049-03-15","2049-03-15","FALSE","BILT","FALSE","FALSE","FALSE","45,000","","USD","","","","","","","","","","","","","","","","","","","","","","","","","0.0109","","","","","","","","","","","","false","","","","","","A004","","","","","","","","","","","","","","","","","","","","","","","false","1","","","","","","","","","","FALSE","","","","","","","","","QZ4STD00VNWR","NA/CDS Corp Idx","CMBX.NA.AJ"
"3483310487000000101","","NEWT","TRAD","2026-06-03T18:55:04Z","","CR","","N","FALSE","2026-06-03T18:55:04Z","2026-06-03","2065-04-17","","FALSE","BILT","FALSE","FALSE","FALSE","5,000,000","","USD","","","","","","","","","","","","","","","","","","","","","","","","","0.05","","","","","","","","","","","","false","","","","","","A004","","","","","","","","1384375.00000","MNTH","","","","1","","","","UFRO","USD","USD","","","","false","1","","","","","","","","","","FALSE","","","","","","","","","QZCHQ3BC8BXN","NA/CDS Corp Idx","CMBX.NA.BB"
"3483263216000000101","","NEWT","TRAD","2026-06-03T18:36:51Z","","CR","","I","FALSE","2026-06-03T18:36:51Z","2026-03-20","2031-06-20","","FALSE","BILT","FALSE","FALSE","TRUE","50,000,000+","","USD","","","","","","","","","","","","","","","","","","","","","","","","","0.01","","","","","","","","","","","","false","","","","","","A004","","","","","","","","","MNTH","","","","3","","","","","","USD","","","","false","1","","","","","","","","","","FALSE","","","","","","","","","QZ4JMQKL3P03","NA/CDS Corp Idx","CDX.EM"
"3483339134000000201","","NEWT","TRAD","2026-06-03T19:04:28Z","","CR","","I","TRUE","2026-06-03T19:04:28Z","2026-06-04","2031-06-20","","FALSE","BBSF","FALSE","FALSE","","5,000,000","","USD","","","","","","","","","","","","","","","","","","","","","","","","","0.05","","","","","","0.01080975","","","","","","false","","","3","","","A004","","","","","","","","453076.25000","MNTH","","","","3","","","","UFRO","USD","","","","","false","0.99","","","","","","","","","","FALSE","","","","","","","","","QZHH8NT767RX","NA/CDS Corp Idx","CDX.NA.HY"
"3483339135000000301","","NEWT","TRAD","2026-06-03T19:04:29Z","","CR","","I","TRUE","2026-06-03T19:04:29Z","2026-06-04","2031-06-20","","FALSE","BBSF","FALSE","FALSE","","15,000,000","","USD","","","","","","","","","","","","","","","","","","","","","","","","","0.05","","","","","","0.010809","","","","","","false","","","3","","","A004","","","","","","","","1358115.00000","MNTH","","","","3","","","","UFRO","USD","","","","","false","0.99","","","","","","","","","","FALSE","","","","","","","","","QZHH8NT767RX","NA/CDS Corp Idx","CDX.NA.HY"
"3483359389000000301","","NEWT","TRAD","2026-06-03T19:12:33Z","","CR","","I","TRUE","2026-06-03T19:12:33Z","2026-06-04","2031-06-20","","FALSE","BBSF","FALSE","FALSE","","5,000,000","","USD","","","","","","","","","","","","","","","","","","","","","","","","","0.05","","","","","","0.01080975","","","","","","false","","","3","","","A004","","","","","","","","453076.25000","MNTH","","","","3","","","","UFRO","USD","","","","","false","0.99","","","","","","","","","","FALSE","","","","","","","","","QZHH8NT767RX","NA/CDS Corp Idx","CDX.NA.HY"
"3483365125000000101","","NEWT","TRAD","2026-06-03T19:15:14Z","","CR","","I","TRUE","2026-06-03T19:15:14Z","2026-06-04","2031-06-20","","FALSE","BBSF","FALSE","FALSE","","25,000,000","","USD","","","","","","","","","","","","","","","","","","","","","","","","","0.01","","","","","","0.00511567","","","","","","false","","","3","","","A004","","","","","","","","606440.78000","MNTH","","","","3","","","","UFRO","USD","","","","","false","1","","","","","","","","","","FALSE","","","","","","","","","QZ3WVVQG5T8K","NA/CDS Corp Idx","CDX.NA.IG"
"3478320245000000201","3162401226000000101","CORR","","2026-06-03T12:40:16Z","","CR","","N","FALSE","2026-05-15T19:16:26Z","2026-05-18","2026-11-18","","FALSE","BILT","FALSE","FALSE","FALSE","100,000,000","","USD","","","","","","","","","","","","","","","","","","","","","","","","","0.0475","","","","","","","","","","","","false","","","","","","A006","","","","","","","","1639241.03414","MNTH","","","","6","","","","PEXH","USD","USD","","","","false","","","","","","","","","","","FALSE","","","","","","","","","QZRNJL5RBBRR","NA/CDS Corp SN","DTD 11/15/2023"
"3483367767000000201","","NEWT","TRAD","2026-06-03T19:17:09Z","","CR","","I","TRUE","2026-06-03T19:17:09Z","2026-06-04","2031-06-20","","FALSE","BBSF","FALSE","FALSE","","150,000,000","","USD","","","","","","","","","","","","","","","","","","","","","","","","","0.01","","","","","","0.005115","","","","","","false","","","3","","","A004","","","","","","","","3639109.41000","MNTH","","","","3","","","","UFRO","USD","","","","","false","1","","","","","","","","","","FALSE","","","","","","","","","QZ3WVVQG5T8K","NA/CDS Corp Idx","CDX.NA.IG"
"3483370443000000101","","NEWT","TRAD","2026-06-03T19:18:19Z","","CR","","I","TRUE","2026-06-03T19:18:19Z","2026-06-04","2031-06-20","","","TWSF","FALSE","FALSE","","60,000,000","","USD","","","","","","","","","","","","","","","","","","","","","","","","","0.01","","","","","","0.0051","","","","","","false","","","3","","","A004","","","","","","","","1459806.01000","MNTH","","","","3","","","","UFRO","USD","","","","","false","1","","","","","","","","","","TRUE","","","","0.0051","","3","","","QZ3WVVQG5T8K","NA/CDS Corp Idx","CDX.NA.IG"
"3482323933000000101","","NEWT","TRAD","2026-06-03T17:11:03Z","","CR","","I","TRUE","2026-06-03T17:11:03Z","2026-06-04","2030-12-20","","FALSE","BBSF","FALSE","TRUE","","46,423,803+","","EUR","","","","","","","","","","","","","","","","","","","","","","","","","0.05","","","","","","0.0225","","","","","","false","","","3","","","A004","","","","","","","","5595912.00043","MNTH","","","","3","","","","UFRO","EUR","","","","","false","1","","","","","","","","","","TRUE","-0.1351","","3","","","","","","QZ5F5FRS4TR9","NA/CDS Corp Idx","ITRAXX EUROPE CROSSOVER"
"3482991825000000101","","NEWT","TRAD","2026-06-03T17:25:56Z","","CR","","I","TRUE","2026-06-03T17:25:56Z","2026-06-04","2031-06-20","","FALSE","BBSF","FALSE","FALSE","","50,000,000","","USD","","","","","","","","","","","","","","","","","","","","","","","","","0.01","","","","","","0.005101","","","","","","false","","","3","","","A004","","","","","","","","1216273.76000","MNTH","","","","3","","","","UFRO","USD","","","","","false","1","","","","","","","","","","FALSE","","","","","","","","","QZ3WVVQG5T8K","NA/CDS Corp Idx","CDX.NA.IG"
"3483339133000000101","","NEWT","TRAD","2026-06-03T19:04:26Z","","CR","","N","FALSE","2026-06-03T19:04:26Z","2026-06-04","2026-06-20","","FALSE","BILT","FALSE","FALSE","TRUE","50,000,000","50,000,000","USD","USD","","","","","","","","","","","","","","","","","","","","","","","","0","","","","","","","","","","","","false","","","","","","A004","","","A004","","DAIL","","1","383354.06000","EXPI","","","MNTH","1","","","3","UFRO","USD","USD","USD","","","false","1","","","","","","","","","","FALSE","","","","","","","","","QZ3550R1MV14","NA/CDS Corp Idx","IBOXX USD LIQUID HIGH YIELD INDEX"
"3485756975000000101","2251155304000001201","TERM","ETRM","2026-06-03T20:00:17Z","","CR","","N","FALSE","2026-03-04T16:36:32Z","2026-03-05","2026-06-04","","TRUE","XOFF","FALSE","FALSE","TRUE","15,000,000","","USD","","","","","","","","","","","","","","","","","","","","","","","","","","","","","","","0.0012","","","","","","false","","","3","","","","","A004","","","","","","886615.39048","","YEAR","","","","1","","","UWIN","USD","USD","","","","false","","","","","","","","","","","FALSE","","","","","","","","","QZB7GX8NQ1RW","NA/CDS Corp SN","DTD 05/15/2011"
"3485577404000000201","3479331777000000301","CORR","","2026-06-03T22:12:12Z","","CR","","N","FALSE","2026-06-03T13:56:39Z","2026-06-17","2026-06-17","","FALSE","BILT","FALSE","FALSE","TRUE","190,000,000","","USD","","","","","","","","","","","","","","","","","","","","","","","","2026-06-17","","","0","","","","","","","","0.01","","false","","","","","3","A004","","","","","","","","0.00000","MNTH","","","","3","","","","UFRO","USD","","","","","false","","","","","","","","","","","FALSE","","","","","","","","","QZT4QS79CCTS","NA/CDS Idx Swt","NA/CDS Corp Idx"
"3485331555000000201","","NEWT","TRAD","2026-06-03T21:13:28Z","","CR","","N","FALSE","2026-06-03T21:13:28Z","2026-06-04","2056-12-15","","FALSE","BILT","FALSE","FALSE","TRUE","50,000,000+","","USD","","","","","","","","","","","","","","","","","","","","","","","","","0.03","","","","","","","","","","","","false","","","","","","A004","","","","","","","","7587500.00000","MNTH","","","","1","","","","UFRO","USD","USD","","","","false","1","","","","","","","","","","FALSE","","","","","","","","","QZ51QNNKSSZL","NA/CDS Corp Idx","CMBX.NA.BBB-"
"3485509083000000101","","NEWT","TRAD","2026-06-03T21:09:23Z","","CR","","N","FALSE","2026-06-03T21:09:23Z","2026-06-05","2026-09-01","","FALSE","BILT","FALSE","FALSE","TRUE","66,000,000","","BRL","","","","","","","","","","","","","","","","","","","","","","","","","0","","","","","","","","","","","","false","","","","","","A018","","","","","","","","0.00000;251264592.97980","EXPI","","","","1","","","","PEXH;PEXH","USD;USD","USD","","","","false","","","","","","","","","","","FALSE","","","","","","","","","QZJM7VHT6XD1","NA/CDS Corp SN","TREASURY FINANCIAL BILLS"
"3480656137000000101","3480622180000000101","MODI","TRAD","2026-06-03T15:58:48Z","TRUE","CR","","I","TRUE","2026-06-03T15:57:33Z","2026-03-20","2031-06-20","","FALSE","TPSE","FALSE","FALSE","","50,000,000","","USD","","","","","","","","","","","","","","","","","","","","","","","","","0.05","","","","","","108.105","","USD","","","","false","","","1","","","A004","","","","","","","","","MNTH","","","","3","","","","","","USD","","","","false","0.99","","","","","","","OTHR","","","FALSE","","","","","","","","","QZHH8NT767RX","NA/CDS Corp Idx","CDX.NA.HY"
"3480576069000000101","","NEWT","TRAD","2026-06-03T15:53:24Z","","CR","","N","FALSE","2026-06-03T15:53:24Z","2026-06-04","2026-09-20","2026-09-20","FALSE","BILT","FALSE","FALSE","TRUE","120,000,000","","USD","","","","","","","","","","","","","","","","","","","","","","","","","","","","","","","","","","","","","false","","","","","","A004","","","","","","","","920048.40716","MNTH","","","","3","","","","UFRO","USD","","","","","false","1","","","","","","","","","","FALSE","","","","","","","","","QZ5ND0SMQQL4","NA/Cr Sw Idx TRtn Corp Ph",""
"3480558980000000201","","NEWT","TRAD","2026-06-03T15:53:19Z","","CR","","I","FALSE","2026-06-03T15:53:19Z","2026-06-04","2031-06-20","","","TWSF","FALSE","TRUE","","250,000,000+","","USD","","","","","","","","","","","","","","","","","","","","","","","","","0.01","","","","","","0.005105","","","","","","false","","","3","","","A004","","","","","","","","6076743.90500","MNTH","","","","3","","","","UFRO","USD","","","","","false","1","","","","","","","","","","FALSE","","","","","","","","","QZ3WVVQG5T8K","NA/CDS Corp Idx","CDX.NA.IG"
"3480792994000000101","","NEWT","TRAD","2026-06-03T16:03:12Z","","CR","","I","TRUE","2026-06-03T16:03:12Z","2026-06-04","2031-06-20","","FALSE","BBSF","FALSE","FALSE","","12,000,000","","USD","","","","","","","","","","","","","","","","","","","","","","","","","0.05","","","","","","0.01081074","","","","","","false","","","3","","","A004","","","","","","","","1088559.12000","MNTH","","","","3","","","","UFRO","USD","","","","","false","0.99","","","","","","","","","","FALSE","","","","","","","","","QZHH8NT767RX","NA/CDS Corp Idx","CDX.NA.HY"
"3481528220000000401","","NEWT","TRAD","2026-06-03T16:45:15Z","","CR","","I","TRUE","2026-06-03T16:45:15Z","2026-06-04","2031-06-20","","FALSE","BBSF","FALSE","FALSE","","19,000,000","","USD","","","","","","","","","","","","","","","","","","","","","","","","","0.05","","","","","","0.01080575","","","","","","false","","","3","","","A004","","","","","","","","1714172.79202","MNTH","","","","3","","","","UFRO","USD","","","","","false","0.99","","","","","","","","","","FALSE","","","","","","","","","QZHH8NT767RX","NA/CDS Corp Idx","CDX.NA.HY"
"3481286406000000201","","NEWT","TRAD","2026-06-03T16:30:14Z","","CR","","I","TRUE","2026-06-03T16:30:14Z","2026-06-04","2031-06-20","","FALSE","BBSF","FALSE","FALSE","","45,000,000","","USD","","","","","","","","","","","","","","","","","","","","","","","","","0.01","","","","","","0.00510985","","","","","","false","","","3","","","A004","","","","","","","","1092804.56000","MNTH","","","","3","","","","UFRO","USD","","","","","false","1","","","","","","","","","","FALSE","","","","","","","","","QZ3WVVQG5T8K","NA/CDS Corp Idx","CDX.NA.IG"
"3480578310000000401","","NEWT","TRAD","2026-06-03T15:55:05Z","","CR","","I","TRUE","2026-06-03T15:55:05Z","2026-06-04","2031-06-20","","","TWSF","FALSE","FALSE","","6,000,000","","EUR","","","","","","","","","","","","","","","","","","","","","","","","","0.05","","","","","","0.026316","","","","","","false","","","3","","","A004","","","","","","","","675044.21000","MNTH","","","","3","","","","UFRO","EUR","","","","","false","1","","","","","","","","","","FALSE","","","","","","","","","QZ3HM9KVK2WL","NA/CDS Corp Idx","ITRAXX EUROPE CROSSOVER"
"3480587936000000101","","NEWT","TRAD","2026-06-03T15:54:43Z","","CR","","I","TRUE","2026-06-03T15:54:43Z","2026-03-20","2031-06-20","","FALSE","TPSE","FALSE","FALSE","","120,000,000","","EUR","","","","","","","","","","","","","","","","","","","","","","","","","0.01","","","","","","0.0053875","","","","","","false","","","3","","","A004","","","","","","","","","MNTH","","","","3","","","","","","EUR","","","","false","1","","","","","","","OTHR","","","TRUE","","","","0.004725","","3","","","QZTQ4GTC5QMF","NA/CDS Corp Idx","ITRAXX EUROPE"
"3480605368000000101","","NEWT","TRAD","2026-06-03T15:56:39Z","","CR","","I","TRUE","2026-06-03T15:56:39Z","2026-06-04","2031-06-20","","FALSE","BBSF","FALSE","FALSE","","50,000,000","","EUR","","","","","","","","","","","","","","","","","","","","","","","","","0.01","","","","","","0.0053815","","","","","","false","","","3","","","A004","","","","","","","","1187858.04000","MNTH","","","","3","","","","UFRO","EUR","","","","","false","1","","","","","","","","","","FALSE","","","","","","","","","QZTQ4GTC5QMF","NA/CDS Corp Idx","ITRAXX EUROPE"
"3480595498000000601","3480587936000000101","MODI","TRAD","2026-06-03T15:55:58Z","TRUE","CR","","I","TRUE","2026-06-03T15:54:43Z","2026-03-20","2031-06-20","","FALSE","TPSE","FALSE","FALSE","","120,000,000","","EUR","","","","","","","","","","","","","","","","","","","","","","","","","0.01","","","","","","0.0053875","","","","","","false","","","3","","","A004","","","","","","","","","MNTH","","","","3","","","","","","EUR","","","","false","1","","","","","","","OTHR","","","TRUE","","","","0.004725","","3","","","QZTQ4GTC5QMF","NA/CDS Corp Idx","ITRAXX EUROPE"
"3480391845000000101","3480388634000000501","MODI","TRAD","2026-06-03T15:42:21Z","TRUE","CR","","I","TRUE","2026-06-03T15:42:13Z","2026-03-20","2031-06-20","","FALSE","TPSE","FALSE","FALSE","","50,000,000","","EUR","","","","","","","","","","","","","","","","","","","","","","","","","0.01","","","","","","0.0053625","","","","","","false","","","3","","","A004","","","","","","","","","MNTH","","","","3","","","","","","EUR","","","","false","1","","","","","","","OTHR","","","FALSE","","","","","","","","","QZTQ4GTC5QMF","NA/CDS Corp Idx","ITRAXX EUROPE"
"3481022058000000201","","NEWT","TRAD","2026-06-03T16:15:36Z","","CR","","I","TRUE","2026-06-03T16:15:36Z","2026-06-04","2031-06-20","","FALSE","BBSF","FALSE","FALSE","","3,000,000","","EUR","","","","","","","","","","","","","","","","","","","","","","","","","0.05","","","","","","0.02629","","","","","","false","","","3","","","A004","","","","","","","","337889.71200","MNTH","","","","3","","","","UFRO","EUR","","","","","false","1","","","","","","","","","","FALSE","","","","","","","","","QZ3HM9KVK2WL","NA/CDS Corp Idx","ITRAXX EUROPE CROSSOVER"
"3480664689000000401","","NEWT","TRAD","2026-06-03T15:59:48Z","","CR","","I","TRUE","2026-06-03T15:59:48Z","2026-03-20","2031-06-20","","FALSE","TPSE","FALSE","FALSE","","130,000,000","","USD","","","","","","","","","","","","","","","","","","","","","","","","","0.01","","","","","","0.0051025","","","","","","false","","","3","","","A004","","","","","","","","","MNTH","","","","3","","","","","","USD","","","","false","1","","","","","","","OTHR","","","FALSE","","","","","","","","","QZ3WVVQG5T8K","NA/CDS Corp Idx","CDX.NA.IG"
"3480022781000000101","","NEWT","TRAD","2026-06-03T15:04:49Z","","CR","","I","TRUE","2026-06-03T15:04:49Z","2026-06-04","2031-06-20","","FALSE","BBSF","FALSE","FALSE","","25,000,000","","EUR","","","","","","","","","","","","","","","","","","","","","","","","","0.01","","","","","","0.005353","","","","","","false","","","3","","","A004","","","","","","","","597332.40000","MNTH","","","","3","","","","UFRO","EUR","","","","","false","1","","","","","","","","","","FALSE","","","","","","","","","QZTQ4GTC5QMF","NA/CDS Corp Idx","ITRAXX EUROPE"
"3480066760000000501","","NEWT","TRAD","2026-06-03T15:10:11Z","","CR","","I","TRUE","2026-06-03T15:10:11Z","2026-06-04","2031-06-20","","FALSE","BBSF","FALSE","TRUE","","163,343,009+","","EUR","","","","","","","","","","","","","","","","","","","","","","","","","0.01","","","","","","0.005356","","","","","","false","","","3","","","A004","","","","","","","","3900390.04183","MNTH","","","","3","","","","UFRO","EUR","","","","","false","1","","","","","","","","","","FALSE","","","","","","","","","QZTQ4GTC5QMF","NA/CDS Corp Idx","ITRAXX EUROPE"
"3480198594000000501","","NEWT","TRAD","2026-06-03T15:23:40Z","","CR","","I","FALSE","2026-06-03T15:23:32Z","2026-06-04","2031-06-20","","","BILT","FALSE","FALSE","FALSE","4,000,000","","USD","","","","","","","","","","","","","","","","","","","","","","","","","0.01","","","","","","","","","","","","false","","","","","","A004","","","","","","","","79595.56000","MNTH","","","","3","","","","UFRO","USD","","","","","false","1","","","","","","","","","","FALSE","","","","","","","","","QZ4JMQKL3P03","NA/CDS Corp Idx","CDX.EM"
"3480454667000000501","","NEWT","TRAD","2026-06-03T15:46:37Z","","CR","","I","TRUE","2026-06-03T15:46:37Z","2026-06-04","2031-06-20","","FALSE","BBSF","FALSE","FALSE","","25,000,000","","USD","","","","","","","","","","","","","","","","","","","","","","","","","0.01","","","","","","0.0051027","","","","","","false","","","3","","","A004","","","","","","","","607940.32000","MNTH","","","","3","","","","UFRO","USD","","","","","false","1","","","","","","","","","","FALSE","","","","","","","","","QZ3WVVQG5T8K","NA/CDS Corp Idx","CDX.NA.IG"
"3467160833000000201","","NEWT","TRAD","2026-06-03T07:41:24Z","","CR","","I","FALSE","2026-06-03T07:41:24Z","2026-06-04","2031-06-20","","","TWSF","FALSE","TRUE","","46,423,803+","","EUR","","","","","","","","","","","","","","","","","","","","","","","","","0.05","","","","","","0.02608","","","","","","false","","","3","","","A004","","","","","","","","5274719.97681","MNTH","","","","3","","","","UFRO","EUR","","","","","false","1","","","","","","","","","","FALSE","","","","","","","","","QZ3HM9KVK2WL","NA/CDS Corp Idx","ITRAXX EUROPE CROSSOVER"
"3465402727000000101","","NEWT","TRAD","2026-06-03T06:44:27Z","","CR","","I","FALSE","2026-06-03T06:44:27Z","2026-06-03","2031-06-20","","","XXXX","FALSE","FALSE","TRUE","10,000,000","","USD","","","","","","","","","","","","","","","","","","","","","","","","","0.01","","","","","","","","","","","","false","","","","","","A004","","","","","","","","152683.67000","MNTH","","","","3","","","","UFRO","USD","","","","","false","1","","","","","","","","","","FALSE","","","","","","","","","QZD2VPNQ9ZFX","NA/CDS Corp Idx","ITRAXX ASIA EX-JAPAN IG"
"3465495669000000201","3465320107000000201","EROR","","2026-06-03T06:55:25Z","","CR","","I","","2026-06-03T06:55:25Z","2026-03-20","2031-06-20","","","","FALSE","","FALSE","10,000,000","","EUR","","","","","","","","","","","","","","","","","","","","","","","","","0.05","","","","","","","","","","","","false","","","","","","","","","","","","","","1135261.00000","","","","","","","","","UFRO","EUR","","","","","false","1","","","","","","","","","","FALSE","","","","","","","","","QZ3HM9KVK2WL","NA/CDS Corp Idx","ITRAXX EUROPE CROSSOVER"
"3465208035000000101","","NEWT","TRAD","2026-06-03T06:45:28Z","","CR","","N","FALSE","2026-06-03T06:45:28Z","2026-03-20","2031-06-20","","FALSE","BILT","FALSE","FALSE","TRUE","25,000,000","","USD","","","","","","","","","","","","","","","","","","","","","","","","","0.01","","","","","","","","","","","","false","","","","","","A004","","","","","","","","380002.42000","MNTH","","","","3","","","","UFRO","USD","","","","","false","1","","","","","","","","","","FALSE","","","","","","","","","QZD2VPNQ9ZFX","NA/CDS Corp Idx","ITRAXX ASIA EX-JAPAN IG"
"3465361373000000101","","NEWT","TRAD","2026-06-03T06:58:26Z","","CR","","I","TRUE","2026-06-03T06:58:26Z","2026-06-04","2031-06-20","","FALSE","BBSF","FALSE","FALSE","","5,000,000","","EUR","","","","","","","","","","","","","","","","","","","","","","","","","0.05","","","","","","0.026092","","","","","","false","","","3","","","A004","","","","","","","","567819.45000","MNTH","","","","3","","","","UFRO","EUR","","","","","false","1","","","","","","","","","","FALSE","","","","","","","","","QZ3HM9KVK2WL","NA/CDS Corp Idx","ITRAXX EUROPE CROSSOVER"
"3479623404000001101","","NEWT","TRAD","2026-06-03T14:21:38Z","","CR","","I","TRUE","2026-06-03T14:21:38Z","2026-06-04","2031-06-20","","FALSE","BBSF","FALSE","FALSE","","15,000,000","","EUR","","","","","","","","","","","","","","","","","","","","","","","","","0.05","","","","","","0.0262","","","","","","false","","","3","","","A004","","","","","","","","1695813.98000","MNTH","","","","3","","","","UFRO","EUR","","","","","false","1","","","","","","","","","","FALSE","","","","","","","","","QZ3HM9KVK2WL","NA/CDS Corp Idx","ITRAXX EUROPE CROSSOVER"
"3478320706000000101","","NEWT","TRAD","2026-06-03T12:41:37Z","","CR","","I","TRUE","2026-06-03T12:41:37Z","2026-06-04","2031-06-20","","FALSE","BBSF","FALSE","FALSE","","5,000,000","","USD","","","","","","","","","","","","","","","","","","","","","","","","","0.05","","","","","","0.01081625","","","","","","false","","","3","","","A004","","","","","","","","456293.75000","MNTH","","","","3","","","","UFRO","USD","","","","","false","0.99","","","","","","","","","","FALSE","","","","","","","","","QZHH8NT767RX","NA/CDS Corp Idx","CDX.NA.HY"
"3478284457000000101","3478274037000000401","MODI","TRAD","2026-06-03T12:39:25Z","TRUE","CR","","I","TRUE","2026-06-03T12:38:57Z","2026-03-20","2031-06-20","","FALSE","TPSE","FALSE","FALSE","","10,000,000","","USD","","","","","","","","","","","","","","","","","","","","","","","","","0.05","","","","","","108.165","","USD","","","","false","","","1","","","A004","","","","","","","","","MNTH","","","","3","","","","","","USD","","","","false","0.99","","","","","","","OTHR","","","FALSE","","","","","","","","","QZHH8NT767RX","NA/CDS Corp Idx","CDX.NA.HY"
"3479668385000000101","","NEWT","TRAD","2026-06-03T14:26:42Z","","CR","","I","TRUE","2026-06-03T14:26:42Z","2026-06-04","2031-06-20","","FALSE","BBSF","FALSE","FALSE","","100,000,000","","USD","","","","","","","","","","","","","","","","","","","","","","","","","0.01","","","","","","0.0050749","","","","","","false","","","3","","","A004","","","","","","","","2444619.92000","MNTH","","","","3","","","","UFRO","USD","","","","","false","1","","","","","","","","","","FALSE","","","","","","","","","QZ3WVVQG5T8K","NA/CDS Corp Idx","CDX.NA.IG"
"3479558109000000501","","NEWT","TRAD","2026-06-03T14:18:00Z","","CR","","I","TRUE","2026-06-03T14:18:00Z","2026-06-04","2031-06-20","","","TWSF","FALSE","TRUE","","250,000,000+","","USD","","","","","","","","","","","","","","","","","","","","","","","","","0.01","","","","","","0.005084","","","","","","false","","","3","","","A004","","","","","","","","6101026.19000","MNTH","","","","3","","","","UFRO","USD","","","","","false","1","","","","","","","","","","FALSE","","","","","","","","","QZ3WVVQG5T8K","NA/CDS Corp Idx","CDX.NA.IG"
"3477518346000000101","","NEWT","TRAD","2026-06-03T11:47:42Z","","CR","","I","FALSE","2026-06-03T11:47:42Z","2026-06-04","2031-06-20","","","TWSF","FALSE","FALSE","","25,000,000","","USD","","","","","","","","","","","","","","","","","","","","","","","","","0.05","","","","","","0.0108225","","","","","","false","","","3","","","A004","","","","","","","","2296937.50000","MNTH","","","","3","","","","UFRO","USD","","","","","false","0.99","","","","","","","","","","FALSE","","","","","","","","","QZHH8NT767RX","NA/CDS Corp Idx","CDX.NA.HY"
"3479517925000000201","","NEWT","TRAD","2026-06-03T14:15:40Z","","CR","","I","TRUE","2026-06-03T14:15:40Z","2026-06-04","2031-06-20","","","TWSF","FALSE","TRUE","","46,000,000","","EUR","","","","","","","","","","","","","","","","","","","","","","","","","0.05","","","","","","0.026345","","","","","","false","","","3","","","A004","","","","","","","","5169053.19000","MNTH","","","","3","","","","UFRO","EUR","","","","","false","1","","","","","","","","","","FALSE","","","","","","","","","QZ3HM9KVK2WL","NA/CDS Corp Idx","ITRAXX EUROPE CROSSOVER"
"3477343194000000101","","NEWT","TRAD","2026-06-03T11:33:06Z","","CR","","I","TRUE","2026-06-03T11:33:06Z","2026-03-20","2031-06-20","","FALSE","BGCD","FALSE","FALSE","","50,000,000","","EUR","","","","","","","","","","","","","","","","","","","","","","","","","","","","","","","0.005325","","","","","","false","","","3","","","A004","","","","","","","","","MNTH","","","","3","","","","","","","","","","false","1","","","","","","","","","","TRUE","","","","-0.0005375","","3","","","QZTQ4GTC5QMF","NA/CDS Corp Idx","ITRAXX EUROPE"
"3477266129000000101","","NEWT","TRAD","2026-06-03T11:26:54Z","","CR","","I","TRUE","2026-06-03T11:26:54Z","2026-06-04","2031-06-20","","FALSE","BBSF","FALSE","TRUE","","163,343,009+","","EUR","","","","","","","","","","","","","","","","","","","","","","","","","0.01","","","","","","0.0053168","","","","","","false","","","3","","","A004","","","","","","","","3931078.73241","MNTH","","","","3","","","","UFRO","EUR","","","","","false","1","","","","","","","","","","FALSE","","","","","","","","","QZTQ4GTC5QMF","NA/CDS Corp Idx","ITRAXX EUROPE"
"3479594221000000401","3479586230000000501","MODI","TRAD","2026-06-03T14:19:59Z","TRUE","CR","","I","TRUE","2026-06-03T14:18:58Z","2026-03-20","2031-06-20","","FALSE","TPSE","FALSE","FALSE","","50,000,000","","USD","","","","","","","","","","","","","","","","","","","","","","","","","0.01","","","","","","0.005085","","","","","","false","","","3","","","A004","","","","","","","","","MNTH","","","","3","","","","","","USD","","","","false","1","","","","","","","OTHR","","","FALSE","","","","","","","","","QZ3WVVQG5T8K","NA/CDS Corp Idx","CDX.NA.IG"
"3479609379000001201","","NEWT","TRAD","2026-06-03T14:21:06Z","","CR","","I","TRUE","2026-06-03T14:21:06Z","2026-03-20","2031-06-20","","FALSE","TPSE","FALSE","FALSE","","5,000,000","","USD","","","","","","","","","","","","","","","","","","","","","","","","","0.05","","","","","","108.14","","USD","","","","false","","","1","","","A004","","","","","","","","","MNTH","","","","3","","","","","","USD","","","","false","0.99","","","","","","","OTHR","","","FALSE","","","","","","","","","QZHH8NT767RX","NA/CDS Corp Idx","CDX.NA.HY"
"3483123309000000101","","NEWT","TRAD","2026-06-03T17:57:08Z","","CR","","I","TRUE","2026-06-03T17:57:08Z","2026-06-04","2031-06-20","","","TWSF","FALSE","FALSE","","22,000,000","","USD","","","","","","","","","","","","","","","","","","","","","","","","","0.05","","","","","","0.0108135","","","","","","false","","","3","","","A004","","","","","","","","2001709.40545","MNTH","","","","3","","","","UFRO","USD","","","","","false","0.99","","","","","","","","","","FALSE","","","","","","","","","QZHH8NT767RX","NA/CDS Corp Idx","CDX.NA.HY"
"3477235527000000201","","NEWT","TRAD","2026-06-03T11:24:09Z","","CR","","I","TRUE","2026-06-03T11:24:09Z","2026-06-04","2031-06-20","","FALSE","BBSF","FALSE","FALSE","","10,000,000","","EUR","","","","","","","","","","","","","","","","","","","","","","","","","0.05","","","","","","0.0261","","","","","","false","","","3","","","A004","","","","","","","","1135261.25000","MNTH","","","","3","","","","UFRO","EUR","","","","","false","1","","","","","","","","","","FALSE","","","","","","","","","QZ3HM9KVK2WL","NA/CDS Corp Idx","ITRAXX EUROPE CROSSOVER"
"3479946111000000101","","NEWT","TRAD","2026-06-03T14:56:01Z","","CR","","I","TRUE","2026-06-03T14:56:01Z","2026-06-04","2031-06-20","","FALSE","BBSF","FALSE","FALSE","","13,000,000","","EUR","","","","","","","","","","","","","","","","","","","","","","","","","0.05","","","","","","0.02613174","","","","","","false","","","3","","","A004","","","","","","","","1473892.12000","MNTH","","","","3","","","","UFRO","EUR","","","","","false","1","","","","","","","","","","FALSE","","","","","","","","","QZ3HM9KVK2WL","NA/CDS Corp Idx","ITRAXX EUROPE CROSSOVER"
"3479977739000000301","","NEWT","TRAD","2026-06-03T15:00:55Z","","CR","","I","TRUE","2026-06-03T15:00:55Z","2026-06-04","2031-06-20","","","TWSF","FALSE","FALSE","","50,000,000","","EUR","","","","","","","","","","","","","","","","","","","","","","","","","0.01","","","","","","0.0053567","","","","","","false","","","3","","","A004","","","","","","","","1193781.02000","MNTH","","","","3","","","","UFRO","EUR","","","","","false","1","","","","","","","","","","FALSE","","","","","","","","","QZTQ4GTC5QMF","NA/CDS Corp Idx","ITRAXX EUROPE"
"3479805045000000301","3479226580000000201","MODI","TRAD","2026-06-03T14:33:48Z","FALSE","CR","","N","FALSE","2026-06-03T13:26:51Z","2026-06-03","2026-06-10","","FALSE","BILT","FALSE","FALSE","TRUE","400,000,000+","385,603,487","USD","USD","","","","","","","","","","","","","","","","","","","","","","","","0.038227","0.038227","","","","","","","","","","","false","","","","","","","","","","","","","","","EXPI","","","","1","","","","","","","USD","","","false","","","","","","","","","","","FALSE","","","","","","","","","QZW6JMD69LC6","NA/CDS Corp SN","DTD 05/15/2025"
"3469174303000000201","","NEWT","TRAD","2026-06-03T08:21:10Z","","CR","","I","FALSE","2026-06-03T08:21:10Z","2026-06-04","2031-06-20","","FALSE","BBSF","FALSE","TRUE","","3,000,000","","USD","","","","","","","","","","","","","","","","","","","","","","","","","0.01","","","","","","0.007145","","","","","","false","","","3","","","A004","","","","","","","","44849.53200","MNTH","","","","3","","","","UFRO","USD","","","","","false","1","","","","","","","","","","FALSE","","","","","","","","","QZD2VPNQ9ZFX","NA/CDS Corp Idx","ITRAXX ASIA EX-JAPAN IG"
"3481391275000000101","","NEWT","TRAD","2026-06-03T16:34:58Z","","CR","","I","TRUE","2026-06-03T16:34:58Z","2026-03-20","2031-06-20","","FALSE","TPSE","FALSE","FALSE","","50,000,000","","USD","","","","","","","","","","","","","","","","","","","","","","","","","0.01","","","","","","0.005105","","","","","","false","","","3","","","A004","","","","","","","","","MNTH","","","","3","","","","","","USD","","","","false","1","","","","","","","OTHR","","","FALSE","","","","","","","","","QZ3WVVQG5T8K","NA/CDS Corp Idx","CDX.NA.IG"
"3481391276000000201","","NEWT","TRAD","2026-06-03T16:35:01Z","","CR","","I","TRUE","2026-06-03T16:35:01Z","2026-03-20","2031-06-20","","FALSE","TPSE","FALSE","FALSE","","10,000,000","","USD","","","","","","","","","","","","","","","","","","","","","","","","","0.05","","","","","","108.09","","USD","","","","false","","","1","","","A004","","","","","","","","","MNTH","","","","3","","","","","","USD","","","","false","0.99","","","","","","","OTHR","","","FALSE","","","","","","","","","QZHH8NT767RX","NA/CDS Corp Idx","CDX.NA.HY"
"3481690989000000101","","NEWT","TRAD","2026-06-03T16:55:06Z","","CR","","I","TRUE","2026-06-03T16:55:06Z","2026-06-04","2031-06-20","","FALSE","BBSF","FALSE","FALSE","","100,000,000","","USD","","","","","","","","","","","","","","","","","","","","","","","","","0.01","","","","","","0.005117","","","","","","false","","","3","","","A004","","","","","","","","2425148.06000","MNTH","","","","3","","","","UFRO","USD","","","","","false","1","","","","","","","","","","FALSE","","","","","","","","","QZ3WVVQG5T8K","NA/CDS Corp Idx","CDX.NA.IG"
"3480414634000001801","","NEWT","TRAD","2026-06-03T15:44:27Z","","CR","","N","FALSE","2026-06-03T15:44:27Z","2026-03-20","2026-07-15","2031-06-20","FALSE","BILT","FALSE","FALSE","TRUE","13,000,000","","EUR","","","","","","","","","","","","","","","","","","","","","","","","2026-07-15","0.01","","7,799.985","EUR","","","","","","","0.00625","","false","","","","","3","A004","","","","","","","","","MNTH","","","","3","","","","","","","","","","false","1","","","","","","","","","","FALSE","","","","","","","","","QZS1WNR5R2ND","NA/CDS Idx Swt","NA/CDS Corp Idx"
"3480994158000000401","","NEWT","TRAD","2026-06-03T16:13:15Z","","CR","","I","TRUE","2026-06-03T16:13:15Z","2026-06-04","2031-06-20","","FALSE","BBSF","FALSE","FALSE","","50,000,000","","USD","","","","","","","","","","","","","","","","","","","","","","","","","0.01","","","","","","0.005102","","","","","","false","","","3","","","A004","","","","","","","","1216042.51000","MNTH","","","","3","","","","UFRO","USD","","","","","false","1","","","","","","","","","","FALSE","","","","","","","","","QZ3WVVQG5T8K","NA/CDS Corp Idx","CDX.NA.IG"
"3479324850000000101","","NEWT","TRAD","2026-06-03T14:00:34Z","","CR","","I","TRUE","2026-06-03T14:00:34Z","2026-06-04","2031-06-20","","FALSE","BBSF","FALSE","FALSE","","5,000,000","","USD","","","","","","","","","","","","","","","","","","","","","","","","","0.05","","","","","","0.010813924","","","","","","false","","","3","","","A004","","","","","","","","455142.38000","MNTH","","","","3","","","","UFRO","USD","","","","","false","0.99","","","","","","","","","","FALSE","","","","","","","","","QZHH8NT767RX","NA/CDS Corp Idx","CDX.NA.HY"
"3478654781000000301","3432054011000000201","REVI","","2026-06-03T12:28:30Z","","CR","","N","FALSE","2026-05-29T17:22:52Z","2026-03-30","2030-12-20","","FALSE","BILT","FALSE","FALSE","TRUE","2,000,000","","EUR","","","","","","","","","","","","","","","","","","","","","","","","","","","","","","","","","","","","","false","","","","","","","","","","","","","","0.00000","","","","","","","","","UFRO","EUR","EUR","","","","true","","","","","","","","","","","FALSE","","","","","","","","","QZ2989D7H87S","NA/CDS Corp Basket","Basket"
"3478944228000000101","","NEWT","TRAD","2026-06-03T13:26:13Z","","CR","","I","TRUE","2026-06-03T13:26:13Z","2026-06-04","2031-06-20","","","BTFE","FALSE","FALSE","FALSE","17,000,000","","USD","","","","","","","","","","","","","","","","","","","","","","","","","","","","","","","","","","","","","false","","","","","","A004","","","","","","","","415184.33000","MNTH","","","","3","","","","UFRO","USD","","","","","false","1","","","","","","","","","","FALSE","","","","","","","","","QZ3WVVQG5T8K","NA/CDS Corp Idx","CDX.NA.IG"
"3478036948000000101","","NEWT","TRAD","2026-06-03T12:24:48Z","","CR","","I","FALSE","2026-06-03T12:24:48Z","2026-06-04","2031-06-20","","FALSE","BBSF","FALSE","FALSE","","25,000,000","","USD","","","","","","","","","","","","","","","","","","","","","","","","","0.01","","","","","","0.0097785","","","","","","false","","","3","","","A004","","","","","","","","500972.22000","MNTH","","","","3","","","","UFRO","USD","","","","","false","1","","","","","","","","","","FALSE","","","","","","","","","QZ4JMQKL3P03","NA/CDS Corp Idx","CDX.EM"
"3477837223000000101","1770783159","CORR","","2026-06-03T12:12:29Z","","CR","","N","FALSE","2025-06-03T16:40:48Z","2025-06-04","2030-05-30","","FALSE","BILT","FALSE","FALSE","FALSE","3,500,000,000","","ARS","","","","","","","","","","","","","","","","","","","","","","","","","0.295","","","","","","","","","","","","false","","","","","","","","","","","","","","3048780.72000;984970.70431","MNTH","","","","6","","","","PEXH;PEXH","USD;USD","USD","","","","false","","","","","","","","","","","FALSE","","","","","","","","","QZV8SCNBJCD0","NA/CDS Corp SN","No name obtainable"
"3478043098000000101","","NEWT","TRAD","2026-06-03T12:25:37Z","","CR","","I","TRUE","2026-06-03T12:25:37Z","2025-09-20","2030-12-20","","FALSE","TPSE","FALSE","FALSE","","30,000,000","","EUR","","","","","","","","","","","","","","","","","","","","","","","","","0.05","","","","","","0.0226","","","","","","false","","","3","","","A004","","","","","","","","","MNTH","","","","3","","","","","","EUR","","","","false","1","","","","","","","OTHR","","","FALSE","","","","","","","","","QZ5F5FRS4TR9","NA/CDS Corp Idx","ITRAXX EUROPE CROSSOVER"
"3477285127000000201","","NEWT","TRAD","2026-06-03T11:28:20Z","","CR","","I","TRUE","2026-06-03T11:28:20Z","2026-06-04","2031-06-20","","FALSE","BBSF","FALSE","TRUE","","46,423,803+","","EUR","","","","","","","","","","","","","","","","","","","","","","","","","0.05","","","","","","0.02602365","","","","","","false","","","3","","","A004","","","","","","","","5287073.20823","MNTH","","","","3","","","","UFRO","EUR","","","","","false","1","","","","","","","","","","FALSE","","","","","","","","","QZ3HM9KVK2WL","NA/CDS Corp Idx","ITRAXX EUROPE CROSSOVER"
"3478489472000000601","","NEWT","TRAD","2026-06-03T12:54:44Z","","CR","","I","TRUE","2026-06-03T12:54:44Z","2026-03-20","2031-06-20","2031-06-20","FALSE","BMTF","FALSE","FALSE","FALSE","20,000,000","","USD","","","","","","","","","","","","","","","","","","","","","","","","","0.05","","","","","","","","","","","","false","","","","","","A004","","","","","","","","1829630.00000","MNTH","","","","3","","","","UFRO","USD","","","","","false","0.99","","","","","","","","","","FALSE","","","","","","","","","QZHH8NT767RX","NA/CDS Corp Idx","CDX.NA.HY"
"3471297446000000401","","NEWT","TRAD","2026-06-03T08:55:10Z","","CR","","I","FALSE","2026-06-03T08:55:10Z","2026-03-20","2031-06-20","2031-06-20","FALSE","BILT","FALSE","FALSE","TRUE","25,000,000","","USD","","","","","","","","","","","","","","","","","","","","","","","","","0.01","","","","","","","","","","","","false","","","","","","A004","","","","","","","","376020.77000","MNTH","","","","3","","","","UFRO","USD","","","","","false","1","","","","","","","","","","FALSE","","","","","","","","","QZD2VPNQ9ZFX","NA/CDS Corp Idx","ITRAXX ASIA EX-JAPAN IG"
"3467611214000000101","","NEWT","TRAD","2026-06-03T07:51:03Z","","CR","","I","FALSE","2026-06-03T07:51:03Z","2026-06-04","2031-06-20","","","TWSF","FALSE","FALSE","","4,000,000","","EUR","","","","","","","","","","","","","","","","","","","","","","","","","0.05","","","","","","0.02608","","","","","","false","","","3","","","A004","","","","","","","","454482.16000","MNTH","","","","3","","","","UFRO","EUR","","","","","false","1","","","","","","","","","","FALSE","","","","","","","","","QZ3HM9KVK2WL","NA/CDS Corp Idx","ITRAXX EUROPE CROSSOVER"
"3479265522000000101","995666619000000401","CORR","","2026-05-28T01:00:25Z","","CR","","N","FALSE","2025-10-24T13:21:22Z","2015-06-05","2045-07-25","","FALSE","XXXX","FALSE","FALSE","TRUE","11,000,000","","USD","","","","","","","","","","","","","","","","","","","","","","","","","0","","","","","","","","","","","","false","","","","","","A004","","","","","","","","11495.74285;6353.81747;4724.40421;40.97279;2063.19498;554.22262;3073.94226;12134.91521;3966.66758;964.80005","","","","","","","","","UWIN;UWIN;UWIN;UWIN;UWIN;UWIN;UWIN;UWIN;UWIN;UWIN","USD;USD;USD;USD;USD;USD;USD;USD;USD;USD","USD","USD","","","false","1","","","","","","","","","","FALSE","","","","","","","","","QZPN2GT8ZRQD","NA/CDS Corp Idx","ABX.HE.A"
"3478587889000000501","3478575651000000401","EROR","","2026-06-03T13:01:37Z","","CR","","N","FALSE","2026-06-03T11:25:20Z","2026-06-03","2026-06-20","","FALSE","BILT","FALSE","FALSE","TRUE","150,000,000","","EUR","","","","","","","","","","","","","","","","","","","","","","","","","","","","","","","0","","","","","","false","","","3","","","","","A020","","MNTH","","3","","671650.00000","","MNTH","","","","3","","","UFRO","EUR","EUR","","","","false","","","","","","","","","","","FALSE","","","","","","","","","QZ169SN5SHDD","NA/CDS Corp SN","iBoxx EUR CORPORATES OVERALLINDEX OVERALL (TOTAL RETURN)"
"3479129155000000901","","NEWT","TRAD","2026-06-03T13:42:48Z","","CR","","I","TRUE","2026-06-03T13:42:48Z","2026-06-04","2031-06-20","","FALSE","BBSF","FALSE","FALSE","","50,000,000","","USD","","","","","","","","","","","","","","","","","","","","","","","","","0.01","","","","","","0.00509386","","","","","","false","","","3","","","A004","","","","","","","","1217924.91000","MNTH","","","","3","","","","UFRO","USD","","","","","false","1","","","","","","","","","","FALSE","","","","","","","","","QZ3WVVQG5T8K","NA/CDS Corp Idx","CDX.NA.IG"
"3479102771000000101","","NEWT","TRAD","2026-06-03T13:39:35Z","","CR","","I","TRUE","2026-06-03T13:39:35Z","2026-06-04","2031-06-20","","FALSE","BBSF","FALSE","FALSE","","28,000,000","","EUR","","","","","","","","","","","","","","","","","","","","","","","","","0.05","","","","","","0.0261597","","","","","","false","","","3","","","A004","","","","","","","","3170842.65000","MNTH","","","","3","","","","UFRO","EUR","","","","","false","1","","","","","","","","","","FALSE","","","","","","","","","QZ3HM9KVK2WL","NA/CDS Corp Idx","ITRAXX EUROPE CROSSOVER"
"3479000320000000401","","NEWT","TRAD","2026-06-03T13:31:37Z","","CR","","I","TRUE","2026-06-03T13:31:37Z","2026-06-04","2031-06-20","","FALSE","BBSF","FALSE","TRUE","","58,000,000","","USD","","","","","","","","","","","","","","","","","","","","","","","","","0.05","","","","","","0.01081625","","","","","","false","","","3","","","A004","","","","","","","","5293007.50000","MNTH","","","","3","","","","UFRO","USD","","","","","false","0.99","","","","","","","","","","FALSE","","","","","","","","","QZHH8NT767RX","NA/CDS Corp Idx","CDX.NA.HY"
"3474097102000000101","","NEWT","TRAD","2026-06-03T09:48:26Z","","CR","","I","TRUE","2026-06-03T09:48:26Z","2026-06-04","2031-06-20","","FALSE","BBSF","FALSE","FALSE","","10,000,000","","EUR","","","","","","","","","","","","","","","","","","","","","","","","","0.05","","","","","","0.026156","","","","","","false","","","3","","","A004","","","","","","","","1132618.38000","MNTH","","","","3","","","","UFRO","EUR","","","","","false","1","","","","","","","","","","FALSE","","","","","","","","","QZ3HM9KVK2WL","NA/CDS Corp Idx","ITRAXX EUROPE CROSSOVER"
"3479029781000000101","","NEWT","TRAD","2026-06-03T13:32:34Z","","CR","","I","TRUE","2026-06-03T13:32:34Z","2026-06-04","2031-06-20","","FALSE","BBSF","FALSE","FALSE","","10,000,000","","EUR","","","","","","","","","","","","","","","","","","","","","","","","","0.05","","","","","","0.0261192","","","","","","false","","","3","","","A004","","","","","","","","1134354.99000","MNTH","","","","3","","","","UFRO","EUR","","","","","false","1","","","","","","","","","","FALSE","","","","","","","","","QZ3HM9KVK2WL","NA/CDS Corp Idx","ITRAXX EUROPE CROSSOVER"
"3479076910000000301","","NEWT","TRAD","2026-06-03T13:36:40Z","","CR","","I","FALSE","2026-06-03T13:36:40Z","2026-03-20","2031-06-20","","","TSCD","FALSE","FALSE","FALSE","100,000,000","","EUR","","","","","","","","","","","","","","","","","","","","","","","","","0.01","","","","","","","","","","","","false","","","","","","A004","","","","","","","","2390762.78000","MNTH","","","","3","","","","UFRO","EUR","","","","","false","1","","","","","","","","","","FALSE","","","","","","","","","QZTQ4GTC5QMF","NA/CDS Corp Idx","ITRAXX EUROPE"
"3479040474000000101","","NEWT","TRAD","2026-06-03T13:33:56Z","","CR","","I","FALSE","2026-06-03T13:33:56Z","2026-06-04","2031-06-20","","","TWSF","FALSE","FALSE","","1,000,000","","USD","","","","","","","","","","","","","","","","","","","","","","","","","0.05","","","","","","0.0108187","","","","","","false","","","3","","","A004","","","","","","","","91501.30000","MNTH","","","","3","","","","UFRO","USD","","","","","false","0.99","","","","","","","","","","FALSE","","","","","","","","","QZHH8NT767RX","NA/CDS Corp Idx","CDX.NA.HY"
"3474708744000000101","","NEWT","TRAD","2026-06-03T10:06:45Z","","CR","","I","TRUE","2026-06-03T10:06:45Z","2026-06-04","2031-06-20","","FALSE","BBSF","FALSE","FALSE","","10,000,000","","EUR","","","","","","","","","","","","","","","","","","","","","","","","","0.05","","","","","","0.0260525","","","","","","false","","","3","","","A004","","","","","","","","1137503.86000","MNTH","","","","3","","","","UFRO","EUR","","","","","false","1","","","","","","","","","","FALSE","","","","","","","","","QZ3HM9KVK2WL","NA/CDS Corp Idx","ITRAXX EUROPE CROSSOVER"
"3479414959000000201","","NEWT","TRAD","2026-06-03T14:08:21Z","","CR","","I","TRUE","2026-06-03T14:08:21Z","2026-06-04","2031-06-20","","FALSE","BBSF","FALSE","FALSE","","20,000,000","","USD","","","","","","","","","","","","","","","","","","","","","","","","","0.01","","","","","","0.005095","","","","","","false","","","3","","","A004","","","","","","","","487064.51000","MNTH","","","","3","","","","UFRO","USD","","","","","false","1","","","","","","","","","","FALSE","","","","","","","","","QZ3WVVQG5T8K","NA/CDS Corp Idx","CDX.NA.IG"
"3479283374000000101","","NEWT","TRAD","2026-06-03T13:56:54Z","","CR","","I","TRUE","2026-06-03T13:56:54Z","2026-06-04","2031-06-20","","FALSE","BBSF","FALSE","TRUE","","50,000,000","","USD","","","","","","","","","","","","","","","","","","","","","","","","","0.05","","","","","","0.01081125","","","","","","false","","","3","","","A004","","","","","","","","4538187.50000","MNTH","","","","3","","","","UFRO","USD","","","","","false","0.99","","","","","","","","","","FALSE","","","","","","","","","QZHH8NT767RX","NA/CDS Corp Idx","CDX.NA.HY"
"3479150756000000201","","NEWT","TRAD","2026-06-03T13:45:21Z","","CR","","I","TRUE","2026-06-03T13:45:21Z","2026-06-04","2031-06-20","","","TWSF","FALSE","FALSE","","25,000,000","","USD","","","","","","","","","","","","","","","","","","","","","","","","","0.05","","","","","","0.0108104","","","","","","false","","","3","","","A004","","","","","","","","2266990.00000","MNTH","","","","3","","","","UFRO","USD","","","","","false","0.99","","","","","","","","","","FALSE","","","","","","","","","QZHH8NT767RX","NA/CDS Corp Idx","CDX.NA.HY"
"3470951548000000201","","NEWT","TRAD","2026-06-03T08:48:59Z","","CR","","I","TRUE","2026-06-03T08:48:51Z","2026-06-04","2031-06-20","","","TWEM","FALSE","FALSE","TRUE","163,343,009+","","EUR","","","","","","","","","","","","","","","","","","","","","","","","","0.01","","","","","","","","","","","","false","","","","","","A004","","","","","","","","3909069.38616","MNTH","","","","3","","","","UFRO","EUR","","","","","false","1","","","","","","","","","","FALSE","","","","","","","","","QZTQ4GTC5QMF","NA/CDS Corp Idx","ITRAXX EUROPE"
"3472258215000000101","","NEWT","TRAD","2026-06-03T09:12:49Z","","CR","","I","TRUE","2026-06-03T09:12:49Z","2026-03-20","2031-06-20","","FALSE","TPSE","FALSE","FALSE","","25,000,000","","EUR","","","","","","","","","","","","","","","","","","","","","","","","","0.01","","","","","","0.0053375","","","","","","false","","","3","","","A004","","","","","","","","","MNTH","","","","3","","","","","","EUR","","","","false","1","","","","","","","OTHR","","","FALSE","","","","","","","","","QZTQ4GTC5QMF","NA/CDS Corp Idx","ITRAXX EUROPE"
"3474403665000000101","","NEWT","TRAD","2026-06-03T09:58:22Z","","CR","","I","TRUE","2026-06-03T09:58:22Z","2026-06-04","2031-06-20","","FALSE","BBSF","FALSE","FALSE","","15,000,000","","EUR","","","","","","","","","","","","","","","","","","","","","","","","","0.05","","","","","","0.026169","","","","","","false","","","3","","","A004","","","","","","","","1698007.54000","MNTH","","","","3","","","","UFRO","EUR","","","","","false","1","","","","","","","","","","FALSE","","","","","","","","","QZ3HM9KVK2WL","NA/CDS Corp Idx","ITRAXX EUROPE CROSSOVER"
"3479226584000000601","","NEWT","TRAD","2026-06-03T13:52:54Z","","CR","","I","TRUE","2026-06-03T13:52:54Z","2026-06-04","2031-06-20","","FALSE","BBSF","FALSE","FALSE","","5,000,000","","USD","","","","","","","","","","","","","","","","","","","","","","","","","0.05","","","","","","0.01081214","","","","","","false","","","3","","","A004","","","","","","","","454259.30000","MNTH","","","","3","","","","UFRO","USD","","","","","false","0.99","","","","","","","","","","FALSE","","","","","","","","","QZHH8NT767RX","NA/CDS Corp Idx","CDX.NA.HY"
"3479172645000000201","","NEWT","TRAD","2026-06-03T13:47:51Z","","CR","","I","TRUE","2026-06-03T13:47:51Z","2026-06-04","2031-06-20","","FALSE","BBSF","FALSE","FALSE","","2,000,000","","EUR","","","","","","","","","","","","","","","","","","","","","","","","","0.05","","","","","","0.0262318","","","","","","false","","","3","","","A004","","","","","","","","225808.35601","MNTH","","","","3","","","","UFRO","EUR","","","","","false","1","","","","","","","","","","FALSE","","","","","","","","","QZ3HM9KVK2WL","NA/CDS Corp Idx","ITRAXX EUROPE CROSSOVER"
"3473902081000000101","","NEWT","TRAD","2026-06-03T09:41:34Z","","CR","","I","TRUE","2026-06-03T09:41:34Z","2026-06-04","2031-06-20","","FALSE","BBSF","FALSE","FALSE","","17,000,000","","EUR","","","","","","","","","","","","","","","","","","","","","","","","","0.05","","","","","","0.0261","","","","","","false","","","3","","","A004","","","","","","","","1929938.44612","MNTH","","","","3","","","","UFRO","EUR","","","","","false","1","","","","","","","","","","TRUE","","","","0.0261","","3","","","QZ3HM9KVK2WL","NA/CDS Corp Idx","ITRAXX EUROPE CROSSOVER"
"3478922017000000101","","NEWT","TRAD","2026-06-03T13:23:28Z","","CR","","N","FALSE","2026-06-03T13:23:28Z","2026-07-15","2026-07-15","","FALSE","BILT","FALSE","FALSE","TRUE","10,000,000","","EUR","","","","","","","","","","","","","","","","","","","","","","","","2026-07-15","","","50,500","EUR","","","","","","","0.05","","false","","","","","3","A004","","","","","","","","0.00000","MNTH","","","","3","","","","UFRO","EUR","","","","","false","","","","","","","","","","","FALSE","","","","","","","","","QZWDX55NJN4V","NA/CDS Idx Swt","NA/CDS Corp Idx"
"3478919398000000101","","NEWT","TRAD","2026-06-03T13:22:11Z","","CR","","N","FALSE","2026-06-03T13:22:11Z","2026-06-03","2026-08-19","2031-06-20","FALSE","BILT","FALSE","FALSE","TRUE","380,000,000","","USD","","","","","","","","","","","","","","","","","","","","","","","","2026-08-19","0.01","","137,179.54875","USD","","","","","","","0.0075","","false","","","","","3","A004","","","","","","","","","MNTH","","","","3","","","","","","","","","","false","1","","","","","","","","","","FALSE","","","","","","","","","QZT4QS79CCTS","NA/CDS Idx Swt","NA/CDS Corp Idx"
"3479110005000000101","","NEWT","TRAD","2026-06-03T13:34:58Z","","CR","","N","FALSE","2026-06-03T13:34:58Z","2026-06-03","2030-12-20","","FALSE","BILT","FALSE","FALSE","FALSE","10,000,000","","EUR","","","","","","","","","","","","","","","","","","","","","","","","","0.01","","","","","","","","","","","","false","","","","","","A004","","","","","","","","1941388.89000","MNTH","","","","3","","","","UFRO","EUR","","","","","false","1","","","","","","","","","","FALSE","","","","","","","","","QZ9GDBQDH8LN","NA/CDS Corp Idx Tra","ITRAXX EUROPE"
"3479155929000000301","","NEWT","TRAD","2026-06-03T13:46:00Z","","CR","","I","TRUE","2026-06-03T13:46:00Z","2026-06-04","2031-06-20","","FALSE","BBSF","FALSE","FALSE","","5,000,000","","USD","","","","","","","","","","","","","","","","","","","","","","","","","0.05","","","","","","0.01080975","","","","","","false","","","3","","","A004","","","","","","","","453076.25000","MNTH","","","","3","","","","UFRO","USD","","","","","false","0.99","","","","","","","","","","FALSE","","","","","","","","","QZHH8NT767RX","NA/CDS Corp Idx","CDX.NA.HY"
"3473859855000000101","","NEWT","TRAD","2026-06-03T09:38:24Z","","CR","","N","FALSE","2026-06-03T09:38:24Z","2026-06-03","2026-06-17","2031-06-20","FALSE","BILT","FALSE","FALSE","TRUE","150,000,000","","EUR","","","","","","","","","","","","","","","","","","","","","","","","2026-06-17","0.01","","58,500","EUR","","","","","","","0.00525","","false","","","","","3","A004","","","","","","","","","MNTH","","","","3","","","","","","","","","","false","1","","","","","","","","","","FALSE","","","","","","","","","QZS1WNR5R2ND","NA/CDS Idx Swt","NA/CDS Corp Idx"
"3479194850000000401","3459686294000000201","CORR","","2026-06-02T18:33:44Z","","CR","","N","FALSE","2026-06-02T18:33:44Z","2026-06-03","2056-12-15","","FALSE","BILT","FALSE","FALSE","FALSE","5,000,000","","USD","","","","","","","","","","","","","","","","","","","","","","","","","0.03","","","","","","","","","","","","false","","","","","","A004","","","","","","","","727916.67000","MNTH","","","","1","","","","UFRO","USD","USD","","","","false","1","","","","","","","","","","FALSE","","","","","","","","","QZ51QNNKSSZL","NA/CDS Corp Idx","CMBX.NA.BBB-"
"3479264374000000101","","NEWT","TRAD","2026-06-03T13:55:46Z","","CR","","I","TRUE","2026-06-03T13:55:46Z","2026-06-04","2031-06-20","","FALSE","BBSF","FALSE","FALSE","","50,000,000","","USD","","","","","","","","","","","","","","","","","","","","","","","","","0.01","","","","","","0.00509226","","","","","","false","","","3","","","A004","","","","","","","","1218294.93000","MNTH","","","","3","","","","UFRO","USD","","","","","false","1","","","","","","","","","","FALSE","","","","","","","","","QZ3WVVQG5T8K","NA/CDS Corp Idx","CDX.NA.IG"
"3479264375000000201","","NEWT","TRAD","2026-06-03T13:55:51Z","","CR","","I","TRUE","2026-06-03T13:55:51Z","2026-06-04","2031-06-20","","FALSE","BBSF","FALSE","FALSE","","50,000,000","","USD","","","","","","","","","","","","","","","","","","","","","","","","","0.01","","","","","","0.0050963","","","","","","false","","","3","","","A004","","","","","","","","1217360.64000","MNTH","","","","3","","","","UFRO","USD","","","","","false","1","","","","","","","","","","FALSE","","","","","","","","","QZ3WVVQG5T8K","NA/CDS Corp Idx","CDX.NA.IG"
"3479283375000000201","","NEWT","TRAD","2026-06-03T13:56:56Z","","CR","","I","TRUE","2026-06-03T13:56:56Z","2026-03-20","2031-06-20","","FALSE","TPSE","FALSE","FALSE","","5,000,000","","USD","","","","","","","","","","","","","","","","","","","","","","","","","0.05","","","","","","108.119","","USD","","","","false","","","1","","","A004","","","","","","","","","MNTH","","","","3","","","","","","USD","","","","false","0.99","","","","","","","OTHR","","","FALSE","","","","","","","","","QZHH8NT767RX","NA/CDS Corp Idx","CDX.NA.HY"
"3479309131000000301","","NEWT","TRAD","2026-06-03T13:58:45Z","","CR","","I","TRUE","2026-06-03T13:58:45Z","2026-06-04","2030-12-20","","FALSE","BBSF","FALSE","FALSE","","25,000,000","","EUR","","","","","","","","","","","","","","","","","","","","","","","","","0.05","","","","","","0.0227057","","","","","","false","","","3","","","A004","","","","","","","","2990893.06000","MNTH","","","","3","","","","UFRO","EUR","","","","","false","1","","","","","","","","","","TRUE","","","","0.003465","","3","","","QZ5F5FRS4TR9","NA/CDS Corp Idx","ITRAXX EUROPE CROSSOVER"
"3479179887000000501","","NEWT","TRAD","2026-06-03T13:48:52Z","","CR","","I","TRUE","2026-06-03T13:48:52Z","2026-06-04","2031-06-20","","","TWSF","FALSE","TRUE","","46,423,803+","","EUR","","","","","","","","","","","","","","","","","","","","","","","","","0.05","","","","","","0.026268","","","","","","false","","","3","","","A004","","","","","","","","5233545.14778","MNTH","","","","3","","","","UFRO","EUR","","","","","false","1","","","","","","","","","","FALSE","","","","","","","","","QZ3HM9KVK2WL","NA/CDS Corp Idx","ITRAXX EUROPE CROSSOVER"
"3478671798000000201","3478442044000000101","EROR","","2026-06-03T12:50:30Z","","CR","","I","","2026-06-03T12:50:30Z","2026-03-20","2031-06-20","","","","FALSE","","FALSE","25,000,000","","EUR","","","","","","","","","","","","","","","","","","","","","","","","","0.01","","","","","","","","","","","","false","","","","","","","","","","","","","","599184.00000","","","","","","","","","UFRO","EUR","","","","","false","1","","","","","","","","","","FALSE","","","","","","","","","QZTQ4GTC5QMF","NA/CDS Corp Idx","ITRAXX EUROPE"
"3478671797000000101","3478457529000000101","EROR","","2026-06-03T12:51:59Z","","CR","","I","","2026-06-03T12:51:59Z","2026-03-20","2031-06-20","","","","FALSE","","FALSE","25,000,000","","EUR","","","","","","","","","","","","","","","","","","","","","","","","","0.01","","","","","","","","","","","","false","","","","","","","","","","","","","","599184.00000","","","","","","","","","UFRO","EUR","","","","","false","1","","","","","","","","","","FALSE","","","","","","","","","QZTQ4GTC5QMF","NA/CDS Corp Idx","ITRAXX EUROPE"
"3478625937000000101","","NEWT","TRAD","2026-06-03T13:03:45Z","","CR","","I","TRUE","2026-06-03T13:03:45Z","2026-06-04","2031-06-20","","FALSE","BBSF","FALSE","FALSE","","10,000,000","","USD","","","","","","","","","","","","","","","","","","","","","","","","","0.05","","","","","","0.0108175","","","","","","false","","","3","","","A004","","","","","","","","913825.00000","MNTH","","","","3","","","","UFRO","USD","","","","","false","0.99","","","","","","","","","","FALSE","","","","","","","","","QZHH8NT767RX","NA/CDS Corp Idx","CDX.NA.HY"
"3479836583000000101","","NEWT","TRAD","2026-06-03T14:42:42Z","","CR","","I","TRUE","2026-06-03T14:42:42Z","2026-06-04","2031-06-20","","FALSE","BBSF","FALSE","FALSE","","500,000","","USD","","","","","","","","","","","","","","","","","","","","","","","","","0.01","","","","","","0.005075","","","","","","false","","","3","","","A004","","","","","","","","12222.87000","MNTH","","","","3","","","","UFRO","USD","","","","","false","1","","","","","","","","","","FALSE","","","","","","","","","QZ3WVVQG5T8K","NA/CDS Corp Idx","CDX.NA.IG"
"3477171700000000101","","NEWT","TRAD","2026-06-03T11:17:53Z","","CR","","I","TRUE","2026-06-03T11:17:53Z","2026-06-04","2031-06-20","","FALSE","BBSF","FALSE","FALSE","","30,000,000","","USD","","","","","","","","","","","","","","","","","","","","","","","","","0.05","","","","","","0.0108225","","","","","","false","","","3","","","A004","","","","","","","","2756325.00000","MNTH","","","","3","","","","UFRO","USD","","","","","false","0.99","","","","","","","","","","FALSE","","","","","","","","","QZHH8NT767RX","NA/CDS Corp Idx","CDX.NA.HY"
"3477205693000000201","","NEWT","TRAD","2026-06-03T11:21:20Z","","CR","","I","TRUE","2026-06-03T11:21:20Z","2026-06-04","2031-06-20","","","TWSF","FALSE","FALSE","","9,000,000","","USD","","","","","","","","","","","","","","","","","","","","","","","","","0.05","","","","","","0.01082315","","","","","","false","","","3","","","A004","","","","","","","","827473.01656","MNTH","","","","3","","","","UFRO","USD","","","","","false","0.99","","","","","","","","","","FALSE","","","","","","","","","QZHH8NT767RX","NA/CDS Corp Idx","CDX.NA.HY"
"3477010628000000101","","NEWT","TRAD","2026-06-03T11:01:40Z","","CR","","I","TRUE","2026-06-03T11:01:40Z","2026-06-04","2031-06-20","","FALSE","BBSF","FALSE","FALSE","","15,000,000","","EUR","","","","","","","","","","","","","","","","","","","","","","","","","0.01","","","","","","0.0053259","","","","","","false","","","3","","","A004","","","","","","","","360341.60000","MNTH","","","","3","","","","UFRO","EUR","","","","","false","1","","","","","","","","","","FALSE","","","","","","","","","QZTQ4GTC5QMF","NA/CDS Corp Idx","ITRAXX EUROPE"
"3480508093000000201","","NEWT","TRAD","2026-06-03T15:50:29Z","","CR","","I","TRUE","2026-06-03T15:50:29Z","2026-06-04","2031-06-20","","FALSE","BBSF","FALSE","FALSE","","1,000,000","","USD","","","","","","","","","","","","","","","","","","","","","","","","","0.05","","","","","","0.0108095","","","","","","false","","","3","","","A004","","","","","","","","90590.50000","MNTH","","","","3","","","","UFRO","USD","","","","","false","0.99","","","","","","","","","","FALSE","","","","","","","","","QZHH8NT767RX","NA/CDS Corp Idx","CDX.NA.HY"
"3479893681000000201","","NEWT","TRAD","2026-06-03T14:49:36Z","","CR","","I","TRUE","2026-06-03T14:49:36Z","2026-06-04","2030-12-20","","FALSE","BBSF","FALSE","FALSE","","10,000,000","","EUR","","","","","","","","","","","","","","","","","","","","","","","","","0.05","","","","","","0.0227675","","","","","","false","","","3","","","A004","","","","","","","","1193642.30000","MNTH","","","","3","","","","UFRO","EUR","","","","","false","1","","","","","","","","","","FALSE","","","","","","","","","QZ5F5FRS4TR9","NA/CDS Corp Idx","ITRAXX EUROPE CROSSOVER"
"3479918223000000201","","NEWT","TRAD","2026-06-03T14:52:16Z","","CR","","I","TRUE","2026-06-03T14:52:16Z","2026-06-04","2031-06-20","","FALSE","BBSF","FALSE","FALSE","","5,000,000","","EUR","","","","","","","","","","","","","","","","","","","","","","","","","0.01","","","","","","0.00535883","","","","","","false","","","3","","","A004","","","","","","","","119326.93126","MNTH","","","","3","","","","UFRO","EUR","","","","","false","1","","","","","","","","","","FALSE","","","","","","","","","QZTQ4GTC5QMF","NA/CDS Corp Idx","ITRAXX EUROPE"
"3479832507000000201","","NEWT","TRAD","2026-06-03T14:42:20Z","","CR","","I","FALSE","2026-06-03T14:42:20Z","2026-06-04","2031-06-20","","FALSE","BBSF","FALSE","TRUE","","30,000,000","","USD","","","","","","","","","","","","","","","","","","","","","","","","","0.01","","","","","","0.00978","","","","","","false","","","3","","","A004","","","","","","","","596666.67000","MNTH","","","","3","","","","UFRO","USD","","","","","false","1","","","","","","","","","","FALSE","","","","","","","","","QZ4JMQKL3P03","NA/CDS Corp Idx","CDX.EM"
"3470591971000000301","","NEWT","TRAD","2026-06-03T08:42:52Z","","CR","","I","TRUE","2026-06-03T08:42:52Z","2026-03-20","2031-06-20","","FALSE","GSEF","FALSE","FALSE","","10,000,000","","EUR","","","","","","","","","","","","","","","","","","","","","","","","","","","","","","","0.0261","","","","","","false","","","3","","","A004","","","","","","","","","MNTH","","","","3","","","","","","","","","","false","1","","","","","","","","","","FALSE","","","","","","","","","QZ3HM9KVK2WL","NA/CDS Corp Idx","ITRAXX EUROPE CROSSOVER"
"3479763384000000401","","NEWT","TRAD","2026-06-03T14:35:06Z","","CR","","I","TRUE","2026-06-03T14:35:06Z","2026-06-04","2031-06-20","","FALSE","BBSF","FALSE","FALSE","","1,000,000","","USD","","","","","","","","","","","","","","","","","","","","","","","","","0.05","","","","","","0.010815682","","","","","","false","","","3","","","A004","","","","","","","","91202.94054","MNTH","","","","3","","","","UFRO","USD","","","","","false","0.99","","","","","","","","","","FALSE","","","","","","","","","QZHH8NT767RX","NA/CDS Corp Idx","CDX.NA.HY"
"3479763382000000201","","NEWT","TRAD","2026-06-03T14:34:47Z","","CR","","I","TRUE","2026-06-03T14:34:47Z","2026-06-04","2031-06-20","","FALSE","BBSF","FALSE","FALSE","","50,000,000","","EUR","","","","","","","","","","","","","","","","","","","","","","","","","0.01","","","","","","0.005357","","","","","","false","","","3","","","A004","","","","","","","","1193709.36000","MNTH","","","","3","","","","UFRO","EUR","","","","","false","1","","","","","","","","","","FALSE","","","","","","","","","QZTQ4GTC5QMF","NA/CDS Corp Idx","ITRAXX EUROPE"
"3476846149000000101","","NEWT","TRAD","2026-06-03T10:49:23Z","","CR","","I","TRUE","2026-06-03T10:49:23Z","2026-06-04","2031-06-20","","FALSE","BBSF","FALSE","FALSE","","5,000,000","","EUR","","","","","","","","","","","","","","","","","","","","","","","","","0.05","","","","","","0.0261638","","","","","","false","","","3","","","A004","","","","","","","","566125.18000","MNTH","","","","3","","","","UFRO","EUR","","","","","false","1","","","","","","","","","","FALSE","","","","","","","","","QZ3HM9KVK2WL","NA/CDS Corp Idx","ITRAXX EUROPE CROSSOVER"
"3470606215000000101","","NEWT","TRAD","2026-06-03T08:43:43Z","","CR","","I","TRUE","2026-06-03T08:43:43Z","2026-06-04","2031-06-20","","FALSE","BBSF","FALSE","FALSE","","10,000,000","","EUR","","","","","","","","","","","","","","","","","","","","","","","","","0.05","","","","","","0.0261178","","","","","","false","","","3","","","A004","","","","","","","","1134421.07000","MNTH","","","","3","","","","UFRO","EUR","","","","","false","1","","","","","","","","","","FALSE","","","","","","","","","QZ3HM9KVK2WL","NA/CDS Corp Idx","ITRAXX EUROPE CROSSOVER"
"3479798567000000801","","NEWT","TRAD","2026-06-03T14:38:56Z","","CR","","I","TRUE","2026-06-03T14:38:56Z","2026-06-04","2031-06-20","","FALSE","BBSF","FALSE","FALSE","","2,000,000","","USD","","","","","","","","","","","","","","","","","","","","","","","","","0.05","","","","","","0.01081517","","","","","","false","","","3","","","A004","","","","","","","","182303.47325","MNTH","","","","3","","","","UFRO","USD","","","","","false","0.99","","","","","","","","","","FALSE","","","","","","","","","QZHH8NT767RX","NA/CDS Corp Idx","CDX.NA.HY"
"3468682066000000101","","NEWT","TRAD","2026-06-03T08:13:04Z","","CR","","N","FALSE","2026-06-03T08:13:04Z","2026-03-20","2026-06-17","2031-06-20","FALSE","BILT","FALSE","FALSE","TRUE","300,000,000","","EUR","","","","","","","","","","","","","","","","","","","","","","","","2026-06-17","0.01","","523,500","EUR","","","","","","","0.005","","false","","","","","3","A004","","","","","","","","","MNTH","","","","3","","","","","","","","","","false","1","","","","","","","","","","FALSE","","","","","","","","","QZS1WNR5R2ND","NA/CDS Idx Swt","NA/CDS Corp Idx"
"3483036701000000101","","NEWT","TRAD","2026-06-03T17:31:25Z","","CR","","N","FALSE","2026-06-03T17:31:25Z","2026-06-03","2026-09-16","2031-06-20","FALSE","BILT","FALSE","FALSE","TRUE","150,000,000","","USD","","","","","","","","","","","","","","","","","","","","","","","","2026-09-16","0.05","","975,647.47163","USD","","","","","","","0.0105","","false","","","","","3","A004","","","","","","","","","MNTH","","","","3","","","","","","","","","","false","0.99","","","","","","","","","","FALSE","","","","","","","","","QZHJMSG8W2ZX","NA/CDS Idx Swt","NA/CDS Corp Idx"
"3483233482000000101","","NEWT","TRAD","2026-06-03T18:28:00Z","","CR","","I","TRUE","2026-06-03T18:28:00Z","2026-06-04","2031-06-20","","FALSE","BBSF","FALSE","FALSE","","5,000,000","","USD","","","","","","","","","","","","","","","","","","","","","","","","","0.05","","","","","","0.010816","","","","","","false","","","3","","","A004","","","","","","","","456170.00000","MNTH","","","","3","","","","UFRO","USD","","","","","false","0.99","","","","","","","","","","FALSE","","","","","","","","","QZHH8NT767RX","NA/CDS Corp Idx","CDX.NA.HY"
"3483219497000000301","","NEWT","TRAD","2026-06-03T18:23:50Z","","CR","","I","TRUE","2026-06-03T18:23:50Z","2026-06-04","2031-06-20","","","TWSF","FALSE","FALSE","","25,000,000","","USD","","","","","","","","","","","","","","","","","","","","","","","","","0.05","","","","","","0.010814","","","","","","false","","","3","","","A004","","","","","","","","2275900.00000","MNTH","","","","3","","","","UFRO","USD","","","","","false","0.99","","","","","","","","","","FALSE","","","","","","","","","QZHH8NT767RX","NA/CDS Corp Idx","CDX.NA.HY"
"3483267414000000301","1495774882","MODI","TRAD","2026-06-03T18:33:18Z","TRUE","CR","","N","FALSE","2025-04-29T18:17:18Z","2024-09-20","2029-12-20","2029-12-20","FALSE","BILT","FALSE","FALSE","FALSE","23,000,000","","EUR","","","","","","","","","","","","","","","","","","","","","","","","","0","","","","","","","","","","","","false","","","","","","A004","","","","","","","","2232118.96875","MNTH","","","","3","","","","UFRO","EUR","","","","","false","1","","","","","","","","","","FALSE","","","","","","","","","QZ0R73QKL2D9","NA/CDS Corp Idx Tra","ITRAXX EUROPE"
"3483262945000000101","","NEWT","TRAD","2026-06-03T18:23:55Z","","CR","","I","FALSE","2026-06-03T18:23:55Z","2026-09-16","2026-09-16","2031-06-20","","BILT","FALSE","FALSE","FALSE","100,000,000","","USD","","","","","","","","","","","","","","","","","","","","","","","","2026-09-16","0.01","","83,500","USD","","","","","","","0.007","","false","","","","","3","A004","","","","","","","","","MNTH","","","","3","","","","","","","","","","false","","","","","","","","","","","FALSE","","","","","","","","","QZ9Z7H8JV03N","NA/CDS Idx Swt","NA/CDS Corp Idx"
"3482595791000000201","2233373846000000501","TERM","ETRM","2026-06-03T17:13:23Z","","CR","","N","FALSE","2026-03-03T17:32:41Z","2026-06-05","2065-10-15","2065-10-15","TRUE","BILT","FALSE","FALSE","TRUE","9,000,000","","USD","","","","","","","","","","","","","","","","","","","","","","","","","","","","","","","1","","","","","","false","","","4","","","","","A004","","DAIL","","1","","","","","","","","","","","","","USD","","","","true","","","","","","","","OPET","","","FALSE","","","","","","","","","QZWBC8GZ8TBN","NA/CDS Corp Oth","Basket"
"3483092760000000101","","NEWT","TRAD","2026-06-03T17:47:06Z","","CR","","I","TRUE","2026-06-03T17:47:06Z","2026-06-04","2031-06-20","","FALSE","BBSF","FALSE","FALSE","","50,000,000","","USD","","","","","","","","","","","","","","","","","","","","","","","","","0.01","","","","","","0.00509392","","","","","","false","","","3","","","A004","","","","","","","","1217911.04000","MNTH","","","","3","","","","UFRO","USD","","","","","false","1","","","","","","","","","","FALSE","","","","","","","","","QZ3WVVQG5T8K","NA/CDS Corp Idx","CDX.NA.IG"
"3480198593000000401","","NEWT","TRAD","2026-06-03T15:23:36Z","","CR","","I","FALSE","2026-06-03T15:23:27Z","2026-06-04","2031-06-20","","","BILT","FALSE","FALSE","FALSE","1,000,000","","USD","","","","","","","","","","","","","","","","","","","","","","","","","0.01","","","","","","","","","","","","false","","","","","","A004","","","","","","","","19898.89000","MNTH","","","","3","","","","UFRO","USD","","","","","false","1","","","","","","","","","","FALSE","","","","","","","","","QZ4JMQKL3P03","NA/CDS Corp Idx","CDX.EM"
"3474728790000000301","","NEWT","TRAD","2026-06-03T10:07:03Z","","CR","","I","FALSE","2026-06-03T10:07:03Z","2026-06-04","2031-06-20","","FALSE","BBSF","FALSE","FALSE","","20,000,000","","EUR","","","","","","","","","","","","","","","","","","","","","","","","","0.01","","","","","","0.005585","","","","","","false","","","3","","","A004","","","","","","","","455720.64000","MNTH","","","","3","","","","UFRO","EUR","","","","","false","1","","","","","","","","","","FALSE","","","","","","","","","QZTB38W3WJ98","NA/CDS Corp Idx","ITRAXX EUROPE SENIOR FINANCIALS"
"3474751212000000101","","NEWT","TRAD","2026-06-03T10:07:31Z","","CR","","I","TRUE","2026-06-03T10:07:31Z","2026-06-04","2031-06-20","","FALSE","BBSF","FALSE","FALSE","","20,000,000","","EUR","","","","","","","","","","","","","","","","","","","","","","","","","0.05","","","","","","0.02601","","","","","","false","","","3","","","A004","","","","","","","","2279022.24000","MNTH","","","","3","","","","UFRO","EUR","","","","","false","1","","","","","","","","","","FALSE","","","","","","","","","QZ3HM9KVK2WL","NA/CDS Corp Idx","ITRAXX EUROPE CROSSOVER"
"3479893674000000501","3469819695000000901","CORR","","2026-06-03T14:49:34Z","","CR","","N","FALSE","2026-06-03T08:31:35Z","2026-03-20","2026-07-15","2031-06-20","FALSE","BILT","FALSE","FALSE","TRUE","250,000,000","","EUR","","","","","","","","","","","","","","","","","","","","","","","","2026-07-15","0.05","","745,000","EUR","","","","","","","0.03","","false","","","","","3","A004","","","","","","","","","MNTH","","","","3","","","","","","","","","","false","1","","","","","","","","","","FALSE","","","","","","","","","QZTL0V3X916X","NA/CDS Idx Swt","NA/CDS Corp Idx"
"3480066759000000401","3479226581000000301","MODI","TRAD","2026-06-03T14:44:58Z","FALSE","CR","","N","FALSE","2026-06-03T13:26:51Z","2026-06-03","2026-06-10","","FALSE","BILT","FALSE","FALSE","TRUE","99,503,985","100,000,000","USD","USD","","","","","","","","","","","","","","","","","","","","","","","","0.038126","0.038126","","","","","","","","","","","false","","","","","","","","","","","","","","","EXPI","","","","1","","","","","","","USD","","","false","","","","","","","","","","","FALSE","","","","","","","","","QZ57DSB64DNJ","NA/CDS Corp SN","DTD 03/15/2025"
"3480110561000000101","","NEWT","TRAD","2026-06-03T15:14:19Z","","CR","","I","TRUE","2026-06-03T15:14:19Z","2026-06-04","2031-06-20","","FALSE","BBSF","FALSE","FALSE","","6,000,000","","EUR","","","","","","","","","","","","","","","","","","","","","","","","","0.05","","","","","","0.0262274","","","","","","false","","","3","","","A004","","","","","","","","677550.24000","MNTH","","","","3","","","","UFRO","EUR","","","","","false","1","","","","","","","","","","FALSE","","","","","","","","","QZ3HM9KVK2WL","NA/CDS Corp Idx","ITRAXX EUROPE CROSSOVER"
"3474907060000000101","","NEWT","TRAD","2026-06-03T10:12:10Z","","CR","","I","TRUE","2026-06-03T10:12:10Z","2026-06-04","2031-06-20","","FALSE","BBSF","FALSE","FALSE","","20,000,000","","EUR","","","","","","","","","","","","","","","","","","","","","","","","","0.05","","","","","","0.0260583","","","","","","false","","","3","","","A004","","","","","","","","2274459.97000","MNTH","","","","3","","","","UFRO","EUR","","","","","false","1","","","","","","","","","","FALSE","","","","","","","","","QZ3HM9KVK2WL","NA/CDS Corp Idx","ITRAXX EUROPE CROSSOVER"
"3480064641000000201","","NEWT","TRAD","2026-06-03T15:09:20Z","","CR","","I","TRUE","2026-06-03T15:09:20Z","2026-06-04","2036-06-20","","","TWSF","FALSE","FALSE","","80,000,000","","USD","","","","","","","","","","","","","","","","","","","","","","","","","0.01","","","","","","0.0090525","","","","","","false","","","3","","","A004","","","","","","","","760871.21000","MNTH","","","","3","","","","UFRO","USD","","","","","false","1","","","","","","","","","","TRUE","","","","0.396313","","3","","","QZ21S8101WKL","NA/CDS Corp Idx","CDX.NA.IG"
"3480015222000000101","","NEWT","TRAD","2026-06-03T14:54:44Z","","CR","","I","FALSE","2026-06-03T14:54:44Z","2026-03-20","2031-06-20","","","BILT","FALSE","FALSE","FALSE","250,000","","USD","","","","","","","","","","","","","","","","","","","","","","","","","0.01","","","","","","","","","","","","false","","","","","","A004","","","","","","","","5047.22000","MNTH","","","","3","","","","UFRO","USD","","","","","false","1","","","","","","","","","","FALSE","","","","","","","","","QZ39BZSFH68L","NA/CDS Sov Idx","CDX.EM"
"3480048079000000101","","NEWT","TRAD","2026-06-03T15:06:45Z","","CR","","I","TRUE","2026-06-03T15:06:45Z","2026-06-04","2031-06-20","","FALSE","BBSF","FALSE","FALSE","","180,000,000","","USD","","","","","","","","","","","","","","","","","","","","","","","","","0.01","","","","","","0.0050892","","","","","","false","","","3","","","A004","","","","","","","","4388424.75288","MNTH","","","","3","","","","UFRO","USD","","","","","false","1","","","","","","","","","","FALSE","","","","","","","","","QZ3WVVQG5T8K","NA/CDS Corp Idx","CDX.NA.IG"
"3480202135000000101","","NEWT","TRAD","2026-06-03T15:24:28Z","","CR","","I","TRUE","2026-06-03T15:24:28Z","2026-06-04","2031-06-20","","","TWSF","FALSE","FALSE","","25,000,000","","USD","","","","","","","","","","","","","","","","","","","","","","","","","0.05","","","","","","0.0108125","","","","","","false","","","3","","","A004","","","","","","","","2272187.50000","MNTH","","","","3","","","","UFRO","USD","","","","","false","0.99","","","","","","","","","","FALSE","","","","","","","","","QZHH8NT767RX","NA/CDS Corp Idx","CDX.NA.HY"
"3471351797000000101","3470853618000000101","MODI","TRAD","2026-06-03T08:44:06Z","TRUE","CR","","I","TRUE","2026-06-03T08:42:36Z","2026-03-20","2031-06-20","","","BILT","FALSE","FALSE","","10,000,000","","EUR","","","","","","","","","","","","","","","","","","","","","","","","","0.05","","","","","","","","","","","","false","","","","","","A004","","","","","","","","1135261.25000","MNTH","","","","3","","","","UFRO","EUR","","","","","false","1","","","","","","","","","","FALSE","","","","","","","","","QZ3HM9KVK2WL","NA/CDS Corp Idx","ITRAXX EUROPE CROSSOVER"
"3480238047000000101","","NEWT","TRAD","2026-06-03T15:27:59Z","","CR","","N","FALSE","2026-06-03T15:27:59Z","2026-06-04","2031-06-20","","FALSE","BBSF","FALSE","FALSE","","15,000,000","","EUR","","","","","","","","","","","","","","","","","","","","","","","","","0.01","","","","","","0.00923","","","","","","false","","","3","","","A004","","","","","","","","85457.00000","MNTH","","","","3","","","","UFRO","EUR","","","","","false","1","","","","","","","","","","FALSE","","","","","","","","","QZ5GD86QBKCC","NA/CDS Corp Idx","ITRAXX EUROPE SUB FINANCIALS"
"3475378495000000101","","NEWT","TRAD","2026-06-03T10:19:24Z","","CR","","I","TRUE","2026-06-03T10:19:24Z","2026-06-04","2031-06-20","","FALSE","BBSF","FALSE","FALSE","","10,000,000","","EUR","","","","","","","","","","","","","","","","","","","","","","","","","0.05","","","","","","0.026115","","","","","","false","","","3","","","A004","","","","","","","","1134553.22000","MNTH","","","","3","","","","UFRO","EUR","","","","","false","1","","","","","","","","","","FALSE","","","","","","","","","QZ3HM9KVK2WL","NA/CDS Corp Idx","ITRAXX EUROPE CROSSOVER"
"3466828525000000101","","NEWT","TRAD","2026-06-03T07:35:09Z","","CR","","I","TRUE","2026-06-03T07:35:09Z","2026-06-04","2031-06-20","","FALSE","BBSF","FALSE","FALSE","","10,000,000","","EUR","","","","","","","","","","","","","","","","","","","","","","","","","0.01","","","","","","0.00532998","","","","","","false","","","3","","","A004","","","","","","","","240032.78000","MNTH","","","","3","","","","UFRO","EUR","","","","","false","1","","","","","","","","","","FALSE","","","","","","","","","QZTQ4GTC5QMF","NA/CDS Corp Idx","ITRAXX EUROPE"
"3480388630000000101","","NEWT","TRAD","2026-06-03T15:41:43Z","FALSE","CR","","N","FALSE","2026-06-03T15:41:43Z","2026-06-03","2026-07-02","","FALSE","BILT","FALSE","FALSE","TRUE","12,500,000,000","9,046,587","NGN","USD","","","","","","","","","","","","","","","","","","","","","","","","0","","","","","","","","","","","","false","","","","","","A008","","","A004","","DAIL","","1","","EXPI","","","EXPI","1","","","1","","","USD","","","","false","","","","","","","","","","","FALSE","","","","","","","","","QZVRGFHCSTZZ","NA/CDS Corp SN","No name obtainable"
"3479340022000000201","","NEWT","TRAD","2026-06-03T14:01:41Z","","CR","","I","TRUE","2026-06-03T14:01:41Z","2026-06-04","2031-06-20","","FALSE","BBSF","FALSE","TRUE","","50,000,000","","USD","","","","","","","","","","","","","","","","","","","","","","","","","0.05","","","","","","0.01081565","","","","","","false","","","3","","","A004","","","","","","","","4559967.50000","MNTH","","","","3","","","","UFRO","USD","","","","","false","0.99","","","","","","","","","","FALSE","","","","","","","","","QZHH8NT767RX","NA/CDS Corp Idx","CDX.NA.HY"
"3479479616000000301","","NEWT","TRAD","2026-06-03T14:12:02Z","","CR","","I","TRUE","2026-06-03T14:12:02Z","2026-06-04","2031-06-20","","FALSE","BBSF","FALSE","FALSE","","5,000,000","","EUR","","","","","","","","","","","","","","","","","","","","","","","","","0.05","","","","","","0.026206","","","","","","false","","","3","","","A004","","","","","","","","565129.83000","MNTH","","","","3","","","","UFRO","EUR","","","","","false","1","","","","","","","","","","FALSE","","","","","","","","","QZ3HM9KVK2WL","NA/CDS Corp Idx","ITRAXX EUROPE CROSSOVER"
"3479499046000000101","","NEWT","TRAD","2026-06-03T14:13:24Z","","CR","","I","TRUE","2026-06-03T14:13:24Z","2026-06-04","2031-06-20","","FALSE","BBSF","FALSE","FALSE","","10,000,000","","EUR","","","","","","","","","","","","","","","","","","","","","","","","","0.05","","","","","","0.026186","","","","","","false","","","3","","","A004","","","","","","","","1131203.04000","MNTH","","","","3","","","","UFRO","EUR","","","","","false","1","","","","","","","","","","FALSE","","","","","","","","","QZ3HM9KVK2WL","NA/CDS Corp Idx","ITRAXX EUROPE CROSSOVER"
"3476937652000000101","","NEWT","TRAD","2026-06-03T10:55:05Z","","CR","","I","TRUE","2026-06-03T10:55:05Z","2026-06-04","2031-06-20","","FALSE","BBSF","FALSE","FALSE","","5,000,000","","EUR","","","","","","","","","","","","","","","","","","","","","","","","","0.05","","","","","","0.02613705","","","","","","false","","","3","","","A004","","","","","","","","566756.29000","MNTH","","","","3","","","","UFRO","EUR","","","","","false","1","","","","","","","","","","FALSE","","","","","","","","","QZ3HM9KVK2WL","NA/CDS Corp Idx","ITRAXX EUROPE CROSSOVER"
"3474293117000000101","","NEWT","TRAD","2026-06-03T09:54:57Z","","CR","","I","FALSE","2026-06-03T09:54:57Z","2026-06-04","2031-06-20","","","TWSF","FALSE","FALSE","","3,000,000","","EUR","","","","","","","","","","","","","","","","","","","","","","","","","0.05","","","","","","0.02615","","","","","","false","","","3","","","A004","","","","","","","","339870.45000","MNTH","","","","3","","","","UFRO","EUR","","","","","false","1","","","","","","","","","","FALSE","","","","","","","","","QZ3HM9KVK2WL","NA/CDS Corp Idx","ITRAXX EUROPE CROSSOVER"
"3483352716000000301","","NEWT","TRAD","2026-06-03T19:09:27Z","","CR","","I","TRUE","2026-06-03T19:09:27Z","2026-06-04","2031-06-20","","FALSE","BBSF","FALSE","FALSE","","4,000,000","","USD","","","","","","","","","","","","","","","","","","","","","","","","","0.05","","","","","","0.01081113","","","","","","false","","","3","","","A004","","","","","","","","363008.07448","MNTH","","","","3","","","","UFRO","USD","","","","","false","0.99","","","","","","","","","","FALSE","","","","","","","","","QZHH8NT767RX","NA/CDS Corp Idx","CDX.NA.HY"
"3483188186000000101","","NEWT","TRAD","2026-06-03T18:15:07Z","","CR","","I","TRUE","2026-06-03T18:15:07Z","2026-06-04","2031-06-20","","","TWSF","FALSE","TRUE","","68,000,000","","USD","","","","","","","","","","","","","","","","","","","","","","","","","0.05","","","","","","0.01081346","","","","","","false","","","3","","","A004","","","","","","","","6186841.86565","MNTH","","","","3","","","","UFRO","USD","","","","","false","0.99","","","","","","","","","","FALSE","","","","","","","","","QZHH8NT767RX","NA/CDS Corp Idx","CDX.NA.HY"
"3483255264000000201","","NEWT","TRAD","2026-06-03T18:34:20Z","","CR","","I","TRUE","2026-06-03T18:34:20Z","2026-06-04","2031-06-20","","FALSE","BBSF","FALSE","FALSE","","50,000,000","","USD","","","","","","","","","","","","","","","","","","","","","","","","","0.01","","","","","","0.00509011","","","","","","false","","","3","","","A004","","","","","","","","1218792.16000","MNTH","","","","3","","","","UFRO","USD","","","","","false","1","","","","","","","","","","FALSE","","","","","","","","","QZ3WVVQG5T8K","NA/CDS Corp Idx","CDX.NA.IG"
"3483229000000000101","","NEWT","TRAD","2026-06-03T18:26:44Z","","CR","","I","TRUE","2026-06-03T18:26:44Z","2026-06-04","2031-06-20","","","TWSF","FALSE","TRUE","","76,000,000+","","USD","","","","","","","","","","","","","","","","","","","","","","","","","0.05","","","","","","0.0108125","","","","","","false","","","3","","","A004","","","","","","","","6907450.00000","MNTH","","","","3","","","","UFRO","USD","","","","","false","0.99","","","","","","","","","","FALSE","","","","","","","","","QZHH8NT767RX","NA/CDS Corp Idx","CDX.NA.HY"
"3483073306000000301","","NEWT","TRAD","2026-06-03T14:23:06Z","","CR","","N","FALSE","2026-06-03T14:23:06Z","2026-06-04","2026-12-07","","TRUE","XOFF","FALSE","FALSE","TRUE","42,000,000","","USD","","","","","","","","","","","","","","","","","","","","","","","","","","","","","","","0.0013","","","","","","false","","","3","","","","","A004","","","","","","","","YEAR","","","","1","","","","","USD","","","","false","","","","","","","","","","","FALSE","","","","","","","","","QZV9L2Q1P9G2","NA/CDS Corp SN","DTD 11/15/2021"
"3483082192000000101","","NEWT","TRAD","2026-06-03T17:39:17Z","FALSE","CR","","N","FALSE","2026-06-03T17:39:17Z","2026-06-04","2030-12-20","","FALSE","BILT","FALSE","FALSE","FALSE","10,000,000","","USD","","","","","","","","","","","","","","","","","","","","","","","","","0.05","","","","","","","","","","","","false","","","","","","A004","","","","","","","","1558557.00410","MNTH","","","","3","","","","UFRO","USD","","","","","false","1","","","","","","","","","","FALSE","","","","","","","","","QZ7ZRB20S7R5","NA/CDS Corp Idx Tra","CDX.NA.HY"
"3483084684000000101","","NEWT","TRAD","2026-06-03T17:44:50Z","","CR","","I","FALSE","2026-06-03T17:44:50Z","2026-06-04","2031-06-20","","FALSE","BBSF","FALSE","FALSE","","10,000,000","","USD","","","","","","","","","","","","","","","","","","","","","","","","","0.01","","","","","","0.00977888","","","","","","false","","","3","","","A004","","","","","","","","200008.89000","MNTH","","","","3","","","","UFRO","USD","","","","","false","1","","","","","","","","","","FALSE","","","","","","","","","QZ4JMQKL3P03","NA/CDS Corp Idx","CDX.EM"
"3483039894000000101","","NEWT","TRAD","2026-06-03T17:35:13Z","","CR","","I","TRUE","2026-06-03T17:35:13Z","2026-06-04","2036-06-20","","FALSE","BBSF","FALSE","TRUE","","1,000,000","","USD","","","","","","","","","","","","","","","","","","","","","","","","","0.01","","","","","","0.0090595","","","","","","false","","","3","","","A004","","","","","","","","9455.78718","MNTH","","","","3","","","","UFRO","USD","","","","","false","1","","","","","","","","","","FALSE","","","","","","","","","QZ21S8101WKL","NA/CDS Corp Idx","CDX.NA.IG"
"3481738497000000201","","NEWT","TRAD","2026-06-03T17:01:57Z","","CR","","I","TRUE","2026-06-03T17:01:57Z","2026-06-04","2031-06-20","","FALSE","BBSF","FALSE","FALSE","","5,000,000","","USD","","","","","","","","","","","","","","","","","","","","","","","","","0.05","","","","","","0.01081025","","","","","","false","","","3","","","A004","","","","","","","","453323.75000","MNTH","","","","3","","","","UFRO","USD","","","","","false","0.99","","","","","","","","","","FALSE","","","","","","","","","QZHH8NT767RX","NA/CDS Corp Idx","CDX.NA.HY"
"3481947401000000101","","NEWT","NOVA","2026-06-03T17:03:45Z","","CR","","I","TRUE","2026-06-03T17:03:45Z","2026-06-04","2031-06-20","","FALSE","BILT","FALSE","FALSE","FALSE","2,000,000","","USD","","","","","","","","","","","","","","","","","","","","","","","","","0.05","","","","","","0.0004020003","","","","","","false","","","3","","","A004","","","","","","","","","MNTH","","","","3","","","","","","USD","","","","false","0.99","","","","","","","","","","FALSE","","","","","","","","","QZHH8NT767RX","NA/CDS Corp Idx","CDX.NA.HY"
"3481495718000000101","","NEWT","NOVA","2026-06-03T16:40:42Z","","CR","","N","FALSE","2026-06-03T16:40:42Z","2026-03-20","2026-09-16","","FALSE","BILT","FALSE","FALSE","TRUE","400,000,000+","","USD","","","","","","","","","","","","","","","","","","","","","","","","2026-09-16","0.0085","","0","","","","1","","","","0.85","USD","false","","","3","","3","A004","","","","","","","","","MNTH","","","","3","","","","","","","","","","false","","","","","","","","","","","FALSE","","","","","","","","","QZ7WW76RFHN3","NA/CDS Idx Swt","NA/CDS Corp Idx"
"3483307837000000101","","NEWT","TRAD","2026-06-03T18:53:54Z","","CR","","I","FALSE","2026-06-03T18:53:43Z","2026-06-04","2031-06-20","","","BILT","FALSE","FALSE","FALSE","25,000,000","","USD","","","","","","","","","","","","","","","","","","","","","","","","","0.01","","","","","","","","","","","","false","","","","","","A004","","","","","","","","497222.22000","MNTH","","","","3","","","","UFRO","USD","","","","","false","1","","","","","","","","","","FALSE","","","","","","","","","QZ4JMQKL3P03","NA/CDS Corp Idx","CDX.EM"
"3483337504000000101","","NEWT","TRAD","2026-06-03T19:04:07Z","","CR","","I","TRUE","2026-06-03T19:04:07Z","2026-03-20","2031-06-20","","FALSE","TPSE","FALSE","FALSE","","75,000,000","","USD","","","","","","","","","","","","","","","","","","","","","","","","","0.01","","","","","","0.0051021","","","","","","false","","","3","","","A004","","","","","","","","","MNTH","","","","3","","","","","","USD","","","","false","1","","","","","","","OTHR","","","FALSE","","","","","","","","","QZ3WVVQG5T8K","NA/CDS Corp Idx","CDX.NA.IG"
"3483271372000000101","","NEWT","TRAD","2026-06-03T18:39:05Z","","CR","","N","FALSE","2026-06-03T18:39:05Z","2024-09-20","2029-12-20","2029-12-20","FALSE","BILT","FALSE","FALSE","TRUE","14,000,000","","USD","","","","","","","","","","","","","","","","","","","","","","","","","0.05","","","","","","","","","","","","false","","","","","","A004","","","","","","","","3996733.55550","MNTH","","","","3","","","","UFRO","USD","","","","","false","0.98","","","","","","","","","","FALSE","","","","","","","","","QZXZSGW62G18","NA/CDS Corp Idx Tra","CDX.NA.HY"
"3483314824000000101","","NEWT","TRAD","2026-06-03T18:56:34Z","","CR","","I","TRUE","2026-06-03T18:56:34Z","2026-06-04","2031-06-20","","FALSE","BBSF","FALSE","TRUE","","250,000,000+","","USD","","","","","","","","","","","","","","","","","","","","","","","","","0.01","","","","","","0.005104","","","","","","false","","","3","","","A004","","","","","","","","6077900.11000","MNTH","","","","3","","","","UFRO","USD","","","","","false","1","","","","","","","","","","FALSE","","","","","","","","","QZ3WVVQG5T8K","NA/CDS Corp Idx","CDX.NA.IG"
"3483118611000000201","","NEWT","TRAD","2026-06-03T17:52:43Z","","CR","","N","FALSE","2026-06-03T17:52:43Z","2026-06-03","2026-06-17","2031-06-20","FALSE","BILT","FALSE","FALSE","TRUE","400,000,000+","","USD","","","","","","","","","","","","","","","","","","","","","","","","2026-06-17","0.01","","40,000","USD","","","","","","","0.006","","false","","","","","3","A004","","","","","","","","","MNTH","","","","3","","","","","","","","","","false","1","","","","","","","","","","FALSE","","","","","","","","","QZT4QS79CCTS","NA/CDS Idx Swt","NA/CDS Corp Idx"
"3483363509000000101","","NEWT","TRAD","2026-06-03T19:14:39Z","","CR","","I","TRUE","2026-06-03T19:14:39Z","2026-06-04","2031-06-20","","","TWSF","FALSE","FALSE","","22,000,000","","USD","","","","","","","","","","","","","","","","","","","","","","","","","0.01","","","","","","0.0051147","","","","","","false","","","3","","","A004","","","","","","","","533768.07397","MNTH","","","","3","","","","UFRO","USD","","","","","false","1","","","","","","","","","","FALSE","","","","","","","","","QZ3WVVQG5T8K","NA/CDS Corp Idx","CDX.NA.IG"
"3483313496000000101","3481716511000000201","CORR","","2026-06-03T18:54:55Z","","CR","","N","FALSE","2026-06-03T16:57:51Z","2026-06-03","2026-06-17","2031-06-20","FALSE","BILT","FALSE","FALSE","TRUE","1,000,000","","USD","","","","","","","","","","","","","","","","","","","","","","","","2026-06-17","0.05","","3,687.75","USD","","","","","","","0.0108","","false","","","","","3","A004","","","","","","","","","MNTH","","","","3","","","","","","","","","","false","0.99","","","","","","","","","","FALSE","","","","","","","","","QZHJMSG8W2ZX","NA/CDS Idx Swt","NA/CDS Corp Idx"
"3483341628000000601","","NEWT","TRAD","2026-06-03T18:58:44Z","","CR","","N","FALSE","2026-06-03T18:58:44Z","2026-06-05","2115-09-15","2115-09-15","TRUE","BILT","FALSE","FALSE","TRUE","40,000,000","","USD","","","","","","","","","","","","","","","","","","","","","","","","","","","","","","","1","","","","","","false","","","4","","","","","A004","","DAIL","","1","","","","","","","","","","","","","USD","","","","true","","","","","","","","OPET","","","FALSE","","","","","","","","","QZWBC8GZ8TBN","NA/CDS Corp Oth","Basket"
"3482869338000000101","","NEWT","TRAD","2026-06-03T17:20:30Z","","CR","","I","TRUE","2026-06-03T17:20:30Z","2026-06-04","2031-06-20","","FALSE","BBSF","FALSE","FALSE","","13,000,000","","USD","","","","","","","","","","","","","","","","","","","","","","","","","0.05","","","","","","0.0108105","","","","","","false","","","3","","","A004","","","","","","","","1178963.50000","MNTH","","","","3","","","","UFRO","USD","","","","","false","0.99","","","","","","","","","","FALSE","","","","","","","","","QZHH8NT767RX","NA/CDS Corp Idx","CDX.NA.HY"
"3482625217000000201","","NEWT","TRAD","2026-06-03T16:58:55Z","","CR","","N","FALSE","2026-06-03T16:58:55Z","2026-06-05","2065-10-15","2065-10-15","TRUE","BILT","FALSE","FALSE","TRUE","15,000,000","","USD","","","","","","","","","","","","","","","","","","","","","","","","","","","","","","","1","","","","","","false","","","4","","","","","A004","","DAIL","","1","","","","","","","","","","","","","USD","","","","true","","","","","","","","OPET","","","FALSE","","","","","","","","","QZWBC8GZ8TBN","NA/CDS Corp Oth","Basket"
"3483008451000000101","","NEWT","TRAD","2026-06-03T17:27:37Z","","CR","","I","TRUE","2026-06-03T17:27:37Z","2026-06-04","2031-06-20","","FALSE","BBSF","FALSE","FALSE","","2,000,000","","USD","","","","","","","","","","","","","","","","","","","","","","","","","0.05","","","","","","0.010810792","","","","","","false","","","3","","","A004","","","","","","","","181436.82000","MNTH","","","","3","","","","UFRO","USD","","","","","false","0.99","","","","","","","","","","FALSE","","","","","","","","","QZHH8NT767RX","NA/CDS Corp Idx","CDX.NA.HY"
"3482075345000000201","","NEWT","TRAD","2026-06-03T17:06:18Z","","CR","","N","FALSE","2026-06-03T17:06:18Z","2022-09-20","2027-12-20","2027-12-20","FALSE","BILT","FALSE","FALSE","TRUE","25,000,000","","USD","","","","","","","","","","","","","","","","","","","","","","","","","0.05","","","","","","","","","","","","false","","","","","","A004","","","","","","","","2113434.07000","MNTH","","","","3","","","","UFRO","USD","","","","","false","0.96","","","","","","","","","","FALSE","","","","","","","","","QZT9XPWT90XL","NA/CDS Corp Idx Tra","CDX.NA.HY"
"3483042103000000101","","NEWT","TRAD","2026-06-03T17:36:01Z","","CR","","I","TRUE","2026-06-03T17:36:01Z","2026-06-04","2031-06-20","","FALSE","BBSF","FALSE","FALSE","","40,000,000","","USD","","","","","","","","","","","","","","","","","","","","","","","","","0.05","","","","","","0.0108115","","","","","","false","","","3","","","A004","","","","","","","","3631540.00000","MNTH","","","","3","","","","UFRO","USD","","","","","false","0.99","","","","","","","","","","FALSE","","","","","","","","","QZHH8NT767RX","NA/CDS Corp Idx","CDX.NA.HY"
"3483042104000000201","","NEWT","TRAD","2026-06-03T17:36:19Z","","CR","","I","TRUE","2026-06-03T17:36:19Z","2026-06-04","2031-06-20","","FALSE","BBSF","FALSE","FALSE","","30,000,000","","USD","","","","","","","","","","","","","","","","","","","","","","","","","0.05","","","","","","0.010813","","","","","","false","","","3","","","A004","","","","","","","","2728110.00000","MNTH","","","","3","","","","UFRO","USD","","","","","false","0.99","","","","","","","","","","FALSE","","","","","","","","","QZHH8NT767RX","NA/CDS Corp Idx","CDX.NA.HY"
"3483372739000000201","3483330063000000101","TERM","ETRM","2026-06-03T19:19:57Z","","CR","","N","","2026-06-03T19:01:26Z","2026-06-04","2026-06-20","","FALSE","BILT","FALSE","","FALSE","26,000,000","26,000,000","USD","USD","","","","","","","","","","","","","","","","","","","","","","","","0","","","","","","","","","","","","false","","","","","","","","","","","DAIL","","1","199344.66360","","","MNTH","","","","3","","UFRO","USD","USD","USD","","","false","1","","","","","","","","","","FALSE","","","","","","","","","QZ3550R1MV14","NA/CDS Corp Idx","IBOXX USD LIQUID HIGH YIELD INDEX"
"3485770310000000101","","NEWT","TRAD","2026-06-03T20:00:17Z","","CR","","N","FALSE","2026-06-03T20:00:17Z","2026-06-04","2026-09-04","","TRUE","XOFF","FALSE","FALSE","TRUE","5,000,000","","USD","","","","","","","","","","","","","","","","","","","","","","","","","","","","","","","0.0011","","","","","","false","","","3","","","","","A004","","","","","","","","YEAR","","","","1","","","","","USD","","","","false","","","","","","","","","","","FALSE","","","","","","","","","QZB7GX8NQ1RW","NA/CDS Corp SN","DTD 05/15/2011"
"3485367286000000101","","NEWT","TRAD","2026-06-03T21:29:20Z","","CR","","N","FALSE","2026-06-03T21:29:20Z","2026-06-05","2026-09-01","","FALSE","BILT","FALSE","FALSE","TRUE","46,000,000","","BRL","","","","","","","","","","","","","","","","","","","","","","","","","0","","","","","","","","","","","","false","","","","","","A018","","","","","","","","0.00000;175122480.38209","EXPI","","","","1","","","","PEXH;PEXH","USD;USD","USD","","","","false","","","","","","","","","","","FALSE","","","","","","","","","QZJM7VHT6XD1","NA/CDS Corp SN","TREASURY FINANCIAL BILLS"
"3463592707000000301","3440134916000000401","CORR","","2026-06-03T01:37:53Z","","CR","","N","FALSE","2026-06-02T07:10:50Z","2026-06-03","2035-08-15","","FALSE","BILT","FALSE","FALSE","FALSE","100,000,000","","USD","","","","","","","","","","","","","","","","","","","","","","","","","0.0425","","","","","","","","","","","","false","","","","","","A006","","","","","","","","511354.48000","MNTH","","","","6","","","","PEXH","USD","USD","","","","false","","","","","","","","","","","FALSE","","","","","","","","","QZFPPRFS915J","NA/CDS Corp SN","No name obtainable"
"3468732866000000101","","NEWT","TRAD","2026-06-03T08:12:39Z","","CR","","I","TRUE","2026-06-03T08:12:39Z","2026-03-20","2031-06-20","","","BILT","FALSE","FALSE","FALSE","10,000,000","","EUR","","","","","","","","","","","","","","","","","","","","","","","","","0.05","","","","","","","","","","","","false","","","","","","A004","","","","","","","","1137622.00000","MNTH","","","","3","","","","UFRO","EUR","","","","","false","1","","","","","","","","","","FALSE","","","","","","","","","QZ3HM9KVK2WL","NA/CDS Corp Idx","ITRAXX EUROPE CROSSOVER"
"3478958264000000301","","NEWT","TRAD","2026-06-03T13:28:01Z","","CR","","I","FALSE","2026-06-03T13:28:01Z","2026-06-04","2031-06-20","","","TWSF","FALSE","FALSE","","25,000,000","","USD","","","","","","","","","","","","","","","","","","","","","","","","","0.01","","","","","","0.009781","","","","","","false","","","3","","","A004","","","","","","","","494722.22000","MNTH","","","","3","","","","UFRO","USD","","","","","false","1","","","","","","","","","","FALSE","","","","","","","","","QZ4JMQKL3P03","NA/CDS Corp Idx","CDX.EM"
"3478958266000000501","","NEWT","TRAD","2026-06-03T13:24:36Z","","CR","","N","FALSE","2026-06-03T13:24:36Z","2026-06-03","2026-09-16","2031-06-20","FALSE","BILT","FALSE","FALSE","FALSE","200,000,000","","USD","","","","","","","","","","","","","","","","","","","","","","","","2026-09-16","0.75","","140,000","USD","","","","","","","0.75","","false","","","","","3","A004","","","","","","","","","MNTH","","","","3","","","","","","","","","","false","","","","","","","","","","","FALSE","","","","","","","","","QZW0KLKWZH8F","NA/CDS Nstd Van","CDX.NA.IG"
"3474638147000000101","","NEWT","TRAD","2026-06-03T10:05:13Z","","CR","","I","TRUE","2026-06-03T10:05:13Z","2026-06-04","2031-06-20","","FALSE","BBSF","FALSE","FALSE","","5,000,000","","EUR","","","","","","","","","","","","","","","","","","","","","","","","","0.05","","","","","","0.02618","","","","","","false","","","3","","","A004","","","","","","","","565743.04000","MNTH","","","","3","","","","UFRO","EUR","","","","","false","1","","","","","","","","","","FALSE","","","","","","","","","QZ3HM9KVK2WL","NA/CDS Corp Idx","ITRAXX EUROPE CROSSOVER"
"3466708270000000101","","NEWT","TRAD","2026-06-03T07:33:04Z","","CR","","I","TRUE","2026-06-03T07:33:04Z","2026-06-04","2031-06-20","","FALSE","BBSF","FALSE","FALSE","","15,000,000","","EUR","","","","","","","","","","","","","","","","","","","","","","","","","0.05","","","","","","0.026103","","","","","","false","","","3","","","A004","","","","","","","","1702679.45000","MNTH","","","","3","","","","UFRO","EUR","","","","","false","1","","","","","","","","","","FALSE","","","","","","","","","QZ3HM9KVK2WL","NA/CDS Corp Idx","ITRAXX EUROPE CROSSOVER"
"3479197670000000401","","NEWT","TRAD","2026-06-03T13:50:27Z","","CR","","N","FALSE","2026-06-03T13:49:00Z","2026-06-04","2026-07-06","","TRUE","BILT","FALSE","FALSE","TRUE","60,000,000","","USD","","","","","","","","","","","","","","","","","","","","","","","","","","","","","","","0.0019","","","","","","false","","","3","","","","","A004","","MNTH","","6","","","","MNTH","","","","6","","","","","USD","","","","false","","","","","","","","","","","FALSE","","","","","","","","","QZZ9TC9G5SS5","NA/CDS Corp SN Sr","GENERIC TINT PMT"
"3476918688000000101","","NEWT","TRAD","2026-06-03T10:53:21Z","","CR","","I","TRUE","2026-06-03T10:53:21Z","2026-06-04","2031-06-20","","FALSE","BBSF","FALSE","FALSE","","10,000,000","","EUR","","","","","","","","","","","","","","","","","","","","","","","","","0.01","","","","","","0.005337","","","","","","false","","","3","","","A004","","","","","","","","239697.37000","MNTH","","","","3","","","","UFRO","EUR","","","","","false","1","","","","","","","","","","FALSE","","","","","","","","","QZTQ4GTC5QMF","NA/CDS Corp Idx","ITRAXX EUROPE"
"3479499049000000401","","NEWT","TRAD","2026-06-03T14:13:47Z","","CR","","I","TRUE","2026-06-03T14:13:47Z","2026-06-04","2031-06-20","","FALSE","BBSF","FALSE","FALSE","","5,000,000","","EUR","","","","","","","","","","","","","","","","","","","","","","","","","0.05","","","","","","0.0261713","","","","","","false","","","3","","","A004","","","","","","","","565948.26000","MNTH","","","","3","","","","UFRO","EUR","","","","","false","1","","","","","","","","","","FALSE","","","","","","","","","QZ3HM9KVK2WL","NA/CDS Corp Idx","ITRAXX EUROPE CROSSOVER"
"3473956588000000101","","NEWT","TRAD","2026-06-03T09:42:53Z","","CR","","I","TRUE","2026-06-03T09:42:53Z","2026-06-04","2031-06-20","","","TWSF","FALSE","TRUE","","163,343,009+","","EUR","","","","","","","","","","","","","","","","","","","","","","","","","0.01","","","","","","0.005333","","","","","","false","","","3","","","A004","","","","","","","","3918448.83345","MNTH","","","","3","","","","UFRO","EUR","","","","","false","1","","","","","","","","","","TRUE","","","","0.005333","","3","","","QZTQ4GTC5QMF","NA/CDS Corp Idx","ITRAXX EUROPE"
"3479367493000000101","","NEWT","TRAD","2026-06-03T14:03:38Z","","CR","","I","FALSE","2026-06-03T14:03:38Z","2026-06-04","2031-06-20","","","TWSF","FALSE","TRUE","","220,000,000","","USD","","","","","","","","","","","","","","","","","","","","","","","","","0.01","","","","","","0.005088","","","","","","false","","","3","","","A004","","","","","","","","5364832.60000","MNTH","","","","3","","","","UFRO","USD","","","","","false","1","","","","","","","","","","FALSE","","","","","","","","","QZ3WVVQG5T8K","NA/CDS Corp Idx","CDX.NA.IG"
"3477258466000000101","","NEWT","TRAD","2026-06-03T11:26:13Z","","CR","","I","TRUE","2026-06-03T11:26:13Z","2026-06-04","2031-06-20","","FALSE","BBSF","FALSE","FALSE","","3,000,000","","EUR","","","","","","","","","","","","","","","","","","","","","","","","","0.05","","","","","","0.026175","","","","","","false","","","3","","","A004","","","","","","","","339516.24937","MNTH","","","","3","","","","UFRO","EUR","","","","","false","1","","","","","","","","","","TRUE","","","","0.0001","","3","","","QZ3HM9KVK2WL","NA/CDS Corp Idx","ITRAXX EUROPE CROSSOVER"
"3477228511000000101","","NEWT","TRAD","2026-06-03T11:23:15Z","","CR","","I","TRUE","2026-06-03T11:23:15Z","2026-06-04","2031-06-20","","FALSE","BBSF","FALSE","FALSE","","10,000,000","","EUR","","","","","","","","","","","","","","","","","","","","","","","","","0.05","","","","","","0.0261295","","","","","","false","","","3","","","A004","","","","","","","","1133868.88000","MNTH","","","","3","","","","UFRO","EUR","","","","","false","1","","","","","","","","","","FALSE","","","","","","","","","QZ3HM9KVK2WL","NA/CDS Corp Idx","ITRAXX EUROPE CROSSOVER"
"3477178594000000101","","NEWT","TRAD","2026-06-03T11:18:36Z","","CR","","I","TRUE","2026-06-03T11:18:36Z","2026-06-04","2031-06-20","","FALSE","BBSF","FALSE","FALSE","","5,000,000","","USD","","","","","","","","","","","","","","","","","","","","","","","","","0.05","","","","","","0.01082175","","","","","","false","","","3","","","A004","","","","","","","","459016.25000","MNTH","","","","3","","","","UFRO","USD","","","","","false","0.99","","","","","","","","","","FALSE","","","","","","","","","QZHH8NT767RX","NA/CDS Corp Idx","CDX.NA.HY"
"3464550411000000101","","NEWT","TRAD","2026-06-03T06:28:41Z","","CR","","I","TRUE","2026-06-03T06:28:41Z","2026-03-20","2031-06-20","","FALSE","TPSE","FALSE","FALSE","","25,000,000","","EUR","","","","","","","","","","","","","","","","","","","","","","","","","0.01","","","","","","0.0053125","","","","","","false","","","3","","","A004","","","","","","","","","MNTH","","","","3","","","","","","EUR","","","","false","1","","","","","","","OTHR","","","FALSE","","","","","","","","","QZTQ4GTC5QMF","NA/CDS Corp Idx","ITRAXX EUROPE"
"3479631085000000501","","NEWT","TRAD","2026-06-03T14:22:27Z","","CR","","I","TRUE","2026-06-03T14:22:27Z","2026-06-04","2031-06-20","","","TWSF","FALSE","FALSE","","43,000,000","","USD","","","","","","","","","","","","","","","","","","","","","","","","","0.05","","","","","","0.01081373","","","","","","false","","","3","","","A004","","","","","","","","3913387.82066","MNTH","","","","3","","","","UFRO","USD","","","","","false","0.99","","","","","","","","","","FALSE","","","","","","","","","QZHH8NT767RX","NA/CDS Corp Idx","CDX.NA.HY"
"3480412913000000201","","NEWT","TRAD","2026-06-03T15:43:45Z","","CR","","I","TRUE","2026-06-03T15:43:45Z","2026-06-04","2031-06-20","","FALSE","BBSF","FALSE","FALSE","","15,000,000","","EUR","","","","","","","","","","","","","","","","","","","","","","","","","0.05","","","","","","0.02623","","","","","","false","","","3","","","A004","","","","","","","","1693691.69000","MNTH","","","","3","","","","UFRO","EUR","","","","","false","1","","","","","","","","","","FALSE","","","","","","","","","QZ3HM9KVK2WL","NA/CDS Corp Idx","ITRAXX EUROPE CROSSOVER"
"3480484795000000101","","NEWT","TRAD","2026-06-03T15:48:32Z","","CR","","I","TRUE","2026-06-03T15:48:32Z","2026-06-04","2031-06-20","","FALSE","BBSF","FALSE","FALSE","","150,000,000","","USD","","","","","","","","","","","","","","","","","","","","","","","","","0.01","","","","","","0.0051088","","","","","","false","","","3","","","A004","","","","","","","","3643410.24000","MNTH","","","","3","","","","UFRO","USD","","","","","false","1","","","","","","","","","","FALSE","","","","","","","","","QZ3WVVQG5T8K","NA/CDS Corp Idx","CDX.NA.IG"
"3480493368000000101","","NEWT","TRAD","2026-06-03T15:49:12Z","","CR","","I","TRUE","2026-06-03T15:49:12Z","2026-06-04","2031-06-20","","","TWSF","FALSE","FALSE","","5,000","","USD","","","","","","","","","","","","","","","","","","","","","","","","","0.05","","","","","","0.01080834","","","","","","false","","","3","","","A004","","","","","","","","452.38000","MNTH","","","","3","","","","UFRO","USD","","","","","false","0.99","","","","","","","","","","FALSE","","","","","","","","","QZHH8NT767RX","NA/CDS Corp Idx","CDX.NA.HY"
"3479721141000000401","","NEWT","TRAD","2026-06-03T14:31:36Z","","CR","","N","TRUE","2026-06-03T14:31:36Z","2026-03-20","2031-06-20","","FALSE","TREU","FALSE","FALSE","FALSE","10,000","","USD","","","","","","","","","","","","","","","","","","","","","","","","","0.01","","","","","","","","","","","","false","","","","","","A004","","","","","","","","244.45000","MNTH","","","","3","","","","UFRO","USD","","","","","false","1","","","","","","","","","","FALSE","","","","","","","","","QZ3WVVQG5T8K","NA/CDS Corp Idx","CDX.NA.IG"
"3479726129000000401","","NEWT","TRAD","2026-06-03T14:32:30Z","","CR","","I","TRUE","2026-06-03T14:32:30Z","2026-06-04","2031-06-20","","FALSE","BBSF","FALSE","FALSE","","40,000,000","","EUR","","","","","","","","","","","","","","","","","","","","","","","","","0.01","","","","","","0.005359","","","","","","false","","","3","","","A004","","","","","","","","954585.33000","MNTH","","","","3","","","","UFRO","EUR","","","","","false","1","","","","","","","","","","FALSE","","","","","","","","","QZTQ4GTC5QMF","NA/CDS Corp Idx","ITRAXX EUROPE"
"3479543711000000401","","NEWT","TRAD","2026-06-03T14:16:16Z","","CR","","I","FALSE","2026-06-03T14:16:16Z","2026-06-03","2026-07-15","2031-06-20","FALSE","BILT","FALSE","FALSE","TRUE","25,000,000","","USD","","","","","","","","","","","","","","","","","","","","","","","","2026-07-15","0.05","","133,650","USD","","","","","","","0.01075","","false","","","","","3","A004","","","","","","","","","MNTH","","","","3","","","","","","","","","","false","0.99","","","","","","","","","","FALSE","","","","","","","","","QZHJMSG8W2ZX","NA/CDS Idx Swt","NA/CDS Corp Idx"
"3479684764000000101","","NEWT","TRAD","2026-06-03T14:29:28Z","","CR","","N","FALSE","2026-06-03T14:29:28Z","2026-03-20","2031-06-20","","FALSE","TREU","FALSE","FALSE","FALSE","10,000","","USD","","","","","","","","","","","","","","","","","","","","","","","","","0.01","","","","","","","","","","","","false","","","","","","A004","","","","","","","","201.39000","MNTH","","","","3","","","","UFRO","USD","","","","","false","1","","","","","","","","","","FALSE","","","","","","","","","QZ39BZSFH68L","NA/CDS Sov Idx","CDX.EM"
"3479836586000000401","","NEWT","TRAD","2026-06-03T14:42:58Z","","CR","","I","TRUE","2026-06-03T14:42:58Z","2026-06-04","2031-06-20","","FALSE","BBSF","FALSE","FALSE","","150,000,000","","USD","","","","","","","","","","","","","","","","","","","","","","","","","0.01","","","","","","0.00507725","","","","","","false","","","3","","","A004","","","","","","","","3665299.26000","MNTH","","","","3","","","","UFRO","USD","","","","","false","1","","","","","","","","","","FALSE","","","","","","","","","QZ3WVVQG5T8K","NA/CDS Corp Idx","CDX.NA.IG"
"3479884560000000201","","NEWT","TRAD","2026-06-03T14:48:02Z","","CR","","I","TRUE","2026-06-03T14:48:02Z","2026-06-04","2031-06-20","","","TWSF","FALSE","FALSE","","25,000,000","","USD","","","","","","","","","","","","","","","","","","","","","","","","","0.01","","","","","","0.0050781","","","","","","false","","","3","","","A004","","","","","","","","610784.91000","MNTH","","","","3","","","","UFRO","USD","","","","","false","1","","","","","","","","","","FALSE","","","","","","","","","QZ3WVVQG5T8K","NA/CDS Corp Idx","CDX.NA.IG"
"3468701105000000101","","NEWT","TRAD","2026-06-03T08:13:31Z","","CR","","N","FALSE","2026-06-03T08:13:31Z","2026-03-20","2026-06-17","2031-06-20","FALSE","BILT","FALSE","FALSE","TRUE","300,000,000","","EUR","","","","","","","","","","","","","","","","","","","","","","","","2026-06-17","0.01","","15,000","EUR","","","","","","","0.007","","false","","","","","3","A004","","","","","","","","","MNTH","","","","3","","","","","","","","","","false","1","","","","","","","","","","FALSE","","","","","","","","","QZS1WNR5R2ND","NA/CDS Idx Swt","NA/CDS Corp Idx"
"3468682068000000301","","NEWT","TRAD","2026-06-03T08:13:23Z","","CR","","N","FALSE","2026-06-03T08:13:23Z","2026-03-20","2026-06-17","2031-06-20","FALSE","BILT","FALSE","FALSE","TRUE","343,880,019+","","EUR","","","","","","","","","","","","","","","","","","","","","","","","2026-06-17","0.01","","51,581.7","EUR","","","","","","","0.006","","false","","","","","3","A004","","","","","","","","","MNTH","","","","3","","","","","","","","","","false","1","","","","","","","","","","FALSE","","","","","","","","","QZS1WNR5R2ND","NA/CDS Idx Swt","NA/CDS Corp Idx"
"3483146125000000101","3483141805000000201","MODI","TRAD","2026-06-03T18:03:41Z","TRUE","CR","","I","TRUE","2026-06-03T18:03:20Z","2026-03-20","2031-06-20","","FALSE","TPSE","FALSE","FALSE","","200,000,000","","USD","","","","","","","","","","","","","","","","","","","","","","","","","0.01","","","","","","0.00509","","","","","","false","","","3","","","A004","","","","","","","","","MNTH","","","","3","","","","","","USD","","","","false","1","","","","","","","OTHR","","","FALSE","","","","","","","","","QZ3WVVQG5T8K","NA/CDS Corp Idx","CDX.NA.IG"
"3483161793000000201","","NEWT","TRAD","2026-06-03T18:08:06Z","","CR","","I","TRUE","2026-06-03T18:08:06Z","2026-06-04","2031-06-20","","FALSE","BBSF","FALSE","TRUE","","60,000,000","","USD","","","","","","","","","","","","","","","","","","","","","","","","","0.05","","","","","","0.01081525","","","","","","false","","","3","","","A004","","","","","","","","5469566.77309","MNTH","","","","3","","","","UFRO","USD","","","","","false","0.99","","","","","","","","","","TRUE","","","","0.00000934","","3","","","QZHH8NT767RX","NA/CDS Corp Idx","CDX.NA.HY"
"3480195885000000201","","NEWT","TRAD","2026-06-03T15:23:14Z","","CR","","I","TRUE","2026-06-03T15:23:14Z","2026-06-04","2031-06-20","","FALSE","BBSF","FALSE","FALSE","","5,000,000","","USD","","","","","","","","","","","","","","","","","","","","","","","","","0.05","","","","","","0.010812764","","","","","","false","","","3","","","A004","","","","","","","","454568.18000","MNTH","","","","3","","","","UFRO","USD","","","","","false","0.99","","","","","","","","","","FALSE","","","","","","","","","QZHH8NT767RX","NA/CDS Corp Idx","CDX.NA.HY"
"3478227805000000401","","NEWT","TRAD","2026-06-03T12:35:42Z","","CR","","I","TRUE","2026-06-03T12:35:42Z","2026-06-04","2031-06-20","","FALSE","BBSF","FALSE","FALSE","","3,000,000","","EUR","","","","","","","","","","","","","","","","","","","","","","","","","0.05","","","","","","0.0261502","","","","","","false","","","3","","","A004","","","","","","","","339867.62000","MNTH","","","","3","","","","UFRO","EUR","","","","","false","1","","","","","","","","","","FALSE","","","","","","","","","QZ3HM9KVK2WL","NA/CDS Corp Idx","ITRAXX EUROPE CROSSOVER"
"3479640233000000401","","NEWT","TRAD","2026-06-03T14:23:51Z","","CR","","I","TRUE","2026-06-03T14:23:51Z","2026-03-20","2031-06-20","","FALSE","TPSE","FALSE","FALSE","","5,000,000","","USD","","","","","","","","","","","","","","","","","","","","","","","","","0.05","","","","","","108.135","","USD","","","","false","","","1","","","A004","","","","","","","","","MNTH","","","","3","","","","","","USD","","","","false","0.99","","","","","","","OTHR","","","FALSE","","","","","","","","","QZHH8NT767RX","NA/CDS Corp Idx","CDX.NA.HY"
"3477381571000000301","","NEWT","TRAD","2026-06-03T11:37:24Z","","CR","","I","TRUE","2026-06-03T11:37:24Z","2026-06-04","2031-06-20","","","TWSF","FALSE","FALSE","","4,000,000","","EUR","","","","","","","","","","","","","","","","","","","","","","","","","0.01","","","","","","0.0053229","","","","","","false","","","3","","","A004","","","","","","","","96148.57036","MNTH","","","","3","","","","UFRO","EUR","","","","","false","1","","","","","","","","","","FALSE","","","","","","","","","QZTQ4GTC5QMF","NA/CDS Corp Idx","ITRAXX EUROPE"
"3479331777000000301","","NEWT","NOVA","2026-06-03T13:56:39Z","","CR","","N","FALSE","2026-06-03T13:56:39Z","2026-06-17","2026-06-17","","FALSE","BILT","FALSE","FALSE","TRUE","190,000,000","","USD","","","","","","","","","","","","","","","","","","","","","","","","2026-06-17","","","0","","","","","","","","0.01","","false","","","","","3","A004","","","","","","","","0.00000","MNTH","","","","3","","","","UFRO","USD","","","","","false","","","","","","","","","","","FALSE","","","","","","","","","QZT4QS79CCTS","NA/CDS Idx Swt","NA/CDS Corp Idx"
"3479652682000000201","3479640230000000101","MODI","TRAD","2026-06-03T14:26:07Z","TRUE","CR","","I","TRUE","2026-06-03T14:23:36Z","2026-03-20","2031-06-20","","FALSE","TPSE","FALSE","FALSE","","10,000,000","","USD","","","","","","","","","","","","","","","","","","","","","","","","","0.05","","","","","","108.135","","USD","","","","false","","","1","","","A004","","","","","","","","","MNTH","","","","3","","","","","","USD","","","","false","0.99","","","","","","","OTHR","","","FALSE","","","","","","","","","QZHH8NT767RX","NA/CDS Corp Idx","CDX.NA.HY"
"3479644409000000101","3479625236000000201","MODI","TRAD","2026-06-03T14:24:16Z","TRUE","CR","","I","TRUE","2026-06-03T14:21:53Z","2026-03-20","2031-06-20","","FALSE","TPSE","FALSE","FALSE","","5,000,000","","USD","","","","","","","","","","","","","","","","","","","","","","","","","0.05","","","","","","108.14","","USD","","","","false","","","1","","","A004","","","","","","","","","MNTH","","","","3","","","","","","USD","","","","false","0.99","","","","","","","OTHR","","","FALSE","","","","","","","","","QZHH8NT767RX","NA/CDS Corp Idx","CDX.NA.HY"
"3479666863000000101","3479640233000000401","MODI","TRAD","2026-06-03T14:26:25Z","TRUE","CR","","I","TRUE","2026-06-03T14:23:51Z","2026-03-20","2031-06-20","","FALSE","TPSE","FALSE","FALSE","","5,000,000","","USD","","","","","","","","","","","","","","","","","","","","","","","","","0.05","","","","","","108.135","","USD","","","","false","","","1","","","A004","","","","","","","","","MNTH","","","","3","","","","","","USD","","","","false","0.99","","","","","","","OTHR","","","FALSE","","","","","","","","","QZHH8NT767RX","NA/CDS Corp Idx","CDX.NA.HY"
"3477343195000000201","","NEWT","TRAD","2026-06-03T11:33:06Z","","CR","","I","TRUE","2026-06-03T11:33:06Z","2026-03-20","2031-06-20","","FALSE","BGCD","FALSE","FALSE","","10,000,000","","EUR","","","","","","","","","","","","","","","","","","","","","","","","","","","","","","","0.0260875","","","","","","false","","","3","","","A004","","","","","","","","","MNTH","","","","3","","","","","","","","","","false","1","","","","","","","","","","TRUE","","","","-0.0005375","","3","","","QZ3HM9KVK2WL","NA/CDS Corp Idx","ITRAXX EUROPE CROSSOVER"
"3479421670000000101","","NEWT","TRAD","2026-06-03T14:09:19Z","","CR","","I","TRUE","2026-06-03T14:09:19Z","2026-06-04","2030-12-20","","FALSE","BBSF","FALSE","TRUE","","53,000,000","","USD","","","","","","","","","","","","","","","","","","","","","","","","","0.05","","","","","","0.0108375","","","","","","false","","","3","","","A004","","","","","","","","4898212.06830","MNTH","","","","3","","","","UFRO","USD","","","","","false","0.98","","","","","","","","","","TRUE","","","","0.0108375","","3","","","QZMD5JCHG48C","NA/CDS Corp Idx","CDX.NA.HY"
"3479971392000000101","","NEWT","TRAD","2026-06-03T14:59:42Z","","CR","","I","FALSE","2026-06-03T14:59:42Z","2026-06-04","2031-06-20","","","TWSF","FALSE","FALSE","","5,000,000","","EUR","","","","","","","","","","","","","","","","","","","","","","","","","0.01","","","","","","0.005355","","","","","","false","","","3","","","A004","","","","","","","","119418.71000","MNTH","","","","3","","","","UFRO","EUR","","","","","false","1","","","","","","","","","","FALSE","","","","","","","","","QZTQ4GTC5QMF","NA/CDS Corp Idx","ITRAXX EUROPE"
"3479977738000000201","","NEWT","TRAD","2026-06-03T15:00:56Z","","CR","","I","FALSE","2026-06-03T15:00:56Z","2026-06-04","2031-06-20","","","TWSF","FALSE","FALSE","","2,000,000","","EUR","","","","","","","","","","","","","","","","","","","","","","","","","0.05","","","","","","0.026187","","","","","","false","","","3","","","A004","","","","","","","","226230.95155","MNTH","","","","3","","","","UFRO","EUR","","","","","false","1","","","","","","","","","","FALSE","","","","","","","","","QZ3HM9KVK2WL","NA/CDS Corp Idx","ITRAXX EUROPE CROSSOVER"
"3477332460000000101","","NEWT","TRAD","2026-06-03T11:27:05Z","","CR","","N","FALSE","2026-06-03T11:27:05Z","2026-06-03","2026-08-19","2031-06-20","FALSE","BILT","FALSE","FALSE","TRUE","343,880,019+","","EUR","","","","","","","","","","","","","","","","","","","","","","","","2026-08-19","0.01","","247,937.48","EUR","","","","","","","0.007","","false","","","","","3","A004","","","","","","","","","MNTH","","","","3","","","","","","","","","","false","1","","","","","","","","","","FALSE","","","","","","","","","QZ2L66CGCV9J","NA/CDS Idx Swt","NA/CDS Corp Idx"
"3478238481000000301","","NEWT","TRAD","2026-06-03T12:36:36Z","","CR","","I","TRUE","2026-06-03T12:36:36Z","2026-06-04","2031-06-20","","FALSE","BBSF","FALSE","FALSE","","100,000,000","","USD","","","","","","","","","","","","","","","","","","","","","","","","","0.01","","","","","","0.0050839","","","","","","false","","","3","","","A004","","","","","","","","2440456.73000","MNTH","","","","3","","","","UFRO","USD","","","","","false","1","","","","","","","","","","FALSE","","","","","","","","","QZ3WVVQG5T8K","NA/CDS Corp Idx","CDX.NA.IG"
"3466039698000000101","","NEWT","TRAD","2026-06-03T07:20:08Z","","CR","","I","FALSE","2026-06-03T07:20:08Z","2026-06-04","2031-06-20","","","TWSF","FALSE","FALSE","","18,000,000","","EUR","","","","","","","","","","","","","","","","","","","","","","","","","0.05","","","","","","0.026059","","","","","","false","","","3","","","A004","","","","","","","","2046954.48000","MNTH","","","","3","","","","UFRO","EUR","","","","","false","1","","","","","","","","","","FALSE","","","","","","","","","QZ3HM9KVK2WL","NA/CDS Corp Idx","ITRAXX EUROPE CROSSOVER"
"3480444435000000101","","NEWT","TRAD","2026-06-03T15:45:24Z","","CR","","I","TRUE","2026-06-03T15:45:24Z","2026-06-04","2031-06-20","","FALSE","BBSF","FALSE","FALSE","","5,000,000","","USD","","","","","","","","","","","","","","","","","","","","","","","","","0.05","","","","","","0.01080875","","","","","","false","","","3","","","A004","","","","","","","","452581.25000","MNTH","","","","3","","","","UFRO","USD","","","","","false","0.99","","","","","","","","","","FALSE","","","","","","","","","QZHH8NT767RX","NA/CDS Corp Idx","CDX.NA.HY"
"3480133097000000301","","NEWT","TRAD","2026-06-03T15:14:24Z","","CR","","N","FALSE","2026-06-03T15:14:24Z","2026-06-03","2026-08-19","2031-06-20","FALSE","BILT","FALSE","FALSE","TRUE","170,000,000","","USD","","","","","","","","","","","","","","","","","","","","","","","","2026-08-19","0.05","","925,647.42724","USD","","","","","","","0.0106","","false","","","","","3","A004","","","","","","","","","MNTH","","","","3","","","","","","","","","","false","0.99","","","","","","","","","","FALSE","","","","","","","","","QZHJMSG8W2ZX","NA/CDS Idx Swt","NA/CDS Corp Idx"
"3480376967000000201","","NEWT","TRAD","2026-06-03T15:40:10Z","","CR","","I","TRUE","2026-06-03T15:40:10Z","2026-03-20","2031-06-20","","FALSE","BGCD","FALSE","FALSE","","30,000,000","","EUR","","","","","","","","","","","","","","","","","","","","","","","","","","","","","","","0.026225","","","","","","false","","","3","","","A004","","","","","","","","","MNTH","","","","3","","","","","","","","","","false","1","","","","","","","","","","TRUE","","","","0.00346","","3","","","QZ3HM9KVK2WL","NA/CDS Corp Idx","ITRAXX EUROPE CROSSOVER"
"3478305434000000301","","NEWT","TRAD","2026-06-03T12:40:02Z","","CR","","N","FALSE","2026-06-03T12:40:02Z","2026-03-20","2026-08-19","2031-06-20","FALSE","BILT","FALSE","FALSE","TRUE","100,000,000","","EUR","","","","","","","","","","","","","","","","","","","","","","","","2026-08-19","0.05","","849,500","EUR","","","","","","","0.0275","","false","","","","","3","A004","","","","","","","","","MNTH","","","","3","","","","","","","","","","false","1","","","","","","","","","","FALSE","","","","","","","","","QZS61NHV7CQ9","NA/Cr Op Swps EuPt Van Ph",""
"3478664047000000101","","NEWT","TRAD","2026-06-03T13:05:58Z","","CR","","I","TRUE","2026-06-03T13:05:58Z","2026-06-04","2031-06-20","","FALSE","BBSF","FALSE","FALSE","","5,000,000","","USD","","","","","","","","","","","","","","","","","","","","","","","","","0.05","","","","","","0.01081867","","","","","","false","","","3","","","A004","","","","","","","","457491.65000","MNTH","","","","3","","","","UFRO","USD","","","","","false","0.99","","","","","","","","","","FALSE","","","","","","","","","QZHH8NT767RX","NA/CDS Corp Idx","CDX.NA.HY"
"3480454665000000301","","NEWT","TRAD","2026-06-03T15:46:22Z","","CR","","I","TRUE","2026-06-03T15:46:22Z","2026-06-04","2031-06-20","","","TWSF","FALSE","FALSE","","6,000,000","","USD","","","","","","","","","","","","","","","","","","","","","","","","","0.01","","","","","","0.00509911","","","","","","false","","","3","","","A004","","","","","","","","146004.90376","MNTH","","","","3","","","","UFRO","USD","","","","","false","1","","","","","","","","","","FALSE","","","","","","","","","QZ3WVVQG5T8K","NA/CDS Corp Idx","CDX.NA.IG"
"3464536633000000101","","NEWT","TRAD","2026-06-03T06:26:30Z","","CR","","I","TRUE","2026-06-03T06:26:30Z","2026-03-20","2031-06-20","","FALSE","TPSE","FALSE","FALSE","","10,000,000","","EUR","","","","","","","","","","","","","","","","","","","","","","","","","0.05","","","","","","0.026","","","","","","false","","","3","","","A004","","","","","","","","","MNTH","","","","3","","","","","","EUR","","","","false","1","","","","","","","OTHR","","","FALSE","","","","","","","","","QZ3HM9KVK2WL","NA/CDS Corp Idx","ITRAXX EUROPE CROSSOVER"
"3465320107000000201","","NEWT","TRAD","2026-06-03T06:55:25Z","","CR","","I","FALSE","2026-06-03T06:55:25Z","2026-03-20","2031-06-20","","","BGCO","FALSE","FALSE","FALSE","10,000,000","","EUR","","","","","","","","","","","","","","","","","","","","","","","","","0.05","","","","","","","","","","","","false","","","","","","A004","","","","","","","","1135261.00000","MNTH","","","","3","","","","UFRO","EUR","","","","","false","1","","","","","","","","","","FALSE","","","","","","","","","QZ3HM9KVK2WL","NA/CDS Corp Idx","ITRAXX EUROPE CROSSOVER"
"3465311898000000201","","NEWT","TRAD","2026-06-03T06:54:14Z","","CR","","I","TRUE","2026-06-03T06:53:44Z","2026-06-04","2031-06-20","","","TWEM","FALSE","FALSE","TRUE","163,343,009+","","EUR","","","","","","","","","","","","","","","","","","","","","","","","","0.01","","","","","","","","","","","","false","","","","","","A004","","","","","","","","3916837.56885","MNTH","","","","3","","","","UFRO","EUR","","","","","false","1","","","","","","","","","","FALSE","","","","","","","","","QZTQ4GTC5QMF","NA/CDS Corp Idx","ITRAXX EUROPE"
"3465509740000000101","","NEWT","TRAD","2026-06-03T07:08:38Z","","CR","","I","FALSE","2026-06-03T07:08:38Z","2026-06-04","2031-06-20","","","TWSF","FALSE","FALSE","","25,000,000","","EUR","","","","","","","","","","","","","","","","","","","","","","","","","0.05","","","","","","0.02607","","","","","","false","","","3","","","A004","","","","","","","","2841693.85000","MNTH","","","","3","","","","UFRO","EUR","","","","","false","1","","","","","","","","","","FALSE","","","","","","","","","QZ3HM9KVK2WL","NA/CDS Corp Idx","ITRAXX EUROPE CROSSOVER"
"3465241988000000101","3465208035000000101","TERM","ETRM","2026-06-03T06:47:04Z","","CR","","N","","2026-06-03T06:45:28Z","2026-03-20","2031-06-20","","FALSE","BILT","FALSE","","FALSE","25,000,000","","USD","","","","","","","","","","","","","","","","","","","","","","","","","0.01","","","","","","","","","","","","false","","","","","","","","","","","","","","380002.42000","","","","","","","","","UFRO","USD","","","","","false","1","","","","","","","","","","FALSE","","","","","","","","","QZD2VPNQ9ZFX","NA/CDS Corp Idx","ITRAXX ASIA EX-JAPAN IG"
"3465495668000000101","3465315839000000201","EROR","","2026-06-03T06:54:17Z","","CR","","I","","2026-06-03T06:54:17Z","2026-03-20","2031-06-20","","","","FALSE","","FALSE","30,000,000","","EUR","","","","","","","","","","","","","","","","","","","","","","","","","0.05","","","","","","","","","","","","false","","","","","","","","","","","","","","3409324.00000","","","","","","","","","UFRO","EUR","","","","","false","1","","","","","","","","","","FALSE","","","","","","","","","QZ3HM9KVK2WL","NA/CDS Corp Idx","ITRAXX EUROPE CROSSOVER"
"3465706410000000101","","NEWT","TRAD","2026-06-03T07:13:22Z","","CR","","I","FALSE","2026-06-03T07:13:22Z","2026-06-04","2031-06-20","","","TWSF","FALSE","FALSE","","65,000,000","","EUR","","","","","","","","","","","","","","","","","","","","","","","","","0.01","","","","","","0.0053224","","","","","","false","","","3","","","A004","","","","","","","","1562567.34000","MNTH","","","","3","","","","UFRO","EUR","","","","","false","1","","","","","","","","","","FALSE","","","","","","","","","QZTQ4GTC5QMF","NA/CDS Corp Idx","ITRAXX EUROPE"
"3480187270000000101","3480172667000000201","MODI","TRAD","2026-06-03T15:20:58Z","TRUE","CR","","I","TRUE","2026-06-03T15:20:33Z","2026-03-20","2031-06-20","","FALSE","TPSE","FALSE","FALSE","","100,000,000","","USD","","","","","","","","","","","","","","","","","","","","","","","","","0.01","","","","","","0.005085","","","","","","false","","","3","","","A004","","","","","","","","","MNTH","","","","3","","","","","","USD","","","","false","1","","","","","","","OTHR","","","FALSE","","","","","","","","","QZ3WVVQG5T8K","NA/CDS Corp Idx","CDX.NA.IG"
"3479631084000000402","3479609379000001201","MODI","TRAD","2026-06-03T14:22:26Z","TRUE","CR","","I","TRUE","2026-06-03T14:21:06Z","2026-03-20","2031-06-20","","FALSE","TPSE","FALSE","FALSE","","5,000,000","","USD","","","","","","","","","","","","","","","","","","","","","","","","","0.05","","","","","","108.14","","USD","","","","false","","","1","","","A004","","","","","","","","","MNTH","","","","3","","","","","","USD","","","","false","0.99","","","","","","","OTHR","","","FALSE","","","","","","","","","QZHH8NT767RX","NA/CDS Corp Idx","CDX.NA.HY"
"3477318801000000101","","NEWT","TRAD","2026-06-03T11:31:13Z","","CR","","I","TRUE","2026-06-03T11:31:13Z","2026-06-04","2031-06-20","","FALSE","BBSF","FALSE","FALSE","","25,000,000","","USD","","","","","","","","","","","","","","","","","","","","","","","","","0.01","","","","","","0.005066","","","","","","false","","","3","","","A004","","","","","","","","612184.29000","MNTH","","","","3","","","","UFRO","USD","","","","","false","1","","","","","","","","","","FALSE","","","","","","","","","QZ3WVVQG5T8K","NA/CDS Corp Idx","CDX.NA.IG"
"3479499048000000301","","NEWT","TRAD","2026-06-03T14:13:48Z","","CR","","I","FALSE","2026-06-03T14:13:48Z","2026-06-04","2031-06-20","","","TWSF","FALSE","TRUE","","220,000,000","","USD","","","","","","","","","","","","","","","","","","","","","","","","","0.01","","","","","","0.0050797","","","","","","false","","","3","","","A004","","","","","","","","5373278.94000","MNTH","","","","3","","","","UFRO","USD","","","","","false","1","","","","","","","","","","FALSE","","","","","","","","","QZ3WVVQG5T8K","NA/CDS Corp Idx","CDX.NA.IG"
"3479640237000000801","","NEWT","TRAD","2026-06-03T14:24:11Z","","CR","","I","TRUE","2026-06-03T14:24:11Z","2026-06-04","2031-06-20","","FALSE","BBSF","FALSE","FALSE","","20,000,000","","EUR","","","","","","","","","","","","","","","","","","","","","","","","","0.01","","","","","","0.0053645","","","","","","false","","","3","","","A004","","","","","","","","476767.21000","MNTH","","","","3","","","","UFRO","EUR","","","","","false","1","","","","","","","","","","FALSE","","","","","","","","","QZTQ4GTC5QMF","NA/CDS Corp Idx","ITRAXX EUROPE"
"3469862672000000101","","NEWT","TRAD","2026-06-03T08:32:53Z","","CR","","I","FALSE","2026-06-03T08:32:53Z","2026-06-04","2031-06-20","","","TWSF","FALSE","FALSE","","10,000,000","","EUR","","","","","","","","","","","","","","","","","","","","","","","","","0.01","","","","","","0.00532102","","","","","","false","","","3","","","A004","","","","","","","","240460.92000","MNTH","","","","3","","","","UFRO","EUR","","","","","false","1","","","","","","","","","","FALSE","","","","","","","","","QZTQ4GTC5QMF","NA/CDS Corp Idx","ITRAXX EUROPE"
"3479987986000000301","","NEWT","TRAD","2026-06-03T15:02:01Z","","CR","","I","FALSE","2026-06-03T15:02:01Z","2026-06-04","2031-06-20","","","TWSF","FALSE","FALSE","","7,000,000","","USD","","","","","","","","","","","","","","","","","","","","","","","","","0.05","","","","","","0.0108152","","","","","","false","","","3","","","A004","","","","","","","","638082.50614","MNTH","","","","3","","","","UFRO","USD","","","","","false","0.99","","","","","","","","","","FALSE","","","","","","","","","QZHH8NT767RX","NA/CDS Corp Idx","CDX.NA.HY"
"3479961515000000101","","NEWT","TRAD","2026-06-03T14:57:06Z","","CR","","N","FALSE","2026-06-03T14:57:06Z","2025-09-22","2030-12-20","2030-12-20","FALSE","BILT","FALSE","FALSE","FALSE","25,000,000","","USD","","","","","","","","","","","","","","","","","","","","","","","","","0.05","","","","","","","","","","","","false","","","","","","A004","","","","","","","","1807638.89000","MNTH","","","","3","","","","UFRO","USD","","","","","false","0.98","","","","","","","","","","FALSE","","","","","","","","","QZ7ZRB20S7R5","NA/CDS Corp Idx Tra","CDX.NA.HY"
"3480398130000000401","","NEWT","TRAD","2026-06-03T15:43:27Z","","CR","","I","FALSE","2026-06-03T15:43:27Z","2026-06-04","2031-06-20","","","TWSF","FALSE","TRUE","","220,000,000","","USD","","","","","","","","","","","","","","","","","","","","","","","","","0.01","","","","","","0.00509955","","","","","","false","","","3","","","A004","","","","","","","","5353079.90000","MNTH","","","","3","","","","UFRO","USD","","","","","false","1","","","","","","","","","","FALSE","","","","","","","","","QZ3WVVQG5T8K","NA/CDS Corp Idx","CDX.NA.IG"
"3480572236000000301","","NEWT","TRAD","2026-06-03T15:54:29Z","","CR","","I","TRUE","2026-06-03T15:54:29Z","2026-06-04","2031-06-20","","FALSE","BBSF","FALSE","FALSE","","25,000,000","","USD","","","","","","","","","","","","","","","","","","","","","","","","","0.01","","","","","","0.005101","","","","","","false","","","3","","","A004","","","","","","","","608136.88000","MNTH","","","","3","","","","UFRO","USD","","","","","false","1","","","","","","","","","","FALSE","","","","","","","","","QZ3WVVQG5T8K","NA/CDS Corp Idx","CDX.NA.IG"
"3480572238000000501","","NEWT","TRAD","2026-06-03T15:54:36Z","","CR","","I","TRUE","2026-06-03T15:54:36Z","2026-06-04","2031-06-20","","","TWSF","FALSE","FALSE","","100,000,000","","EUR","","","","","","","","","","","","","","","","","","","","","","","","","0.01","","","","","","0.0053925","","","","","","false","","","3","","","A004","","","","","","","","2370462.59000","MNTH","","","","3","","","","UFRO","EUR","","","","","false","1","","","","","","","","","","FALSE","","","","","","","","","QZTQ4GTC5QMF","NA/CDS Corp Idx","ITRAXX EUROPE"
"3474853710000000101","","NEWT","TRAD","2026-06-03T10:10:13Z","","CR","","I","TRUE","2026-06-03T10:10:13Z","2026-06-04","2031-06-20","","FALSE","BBSF","FALSE","FALSE","","50,000,000","","EUR","","","","","","","","","","","","","","","","","","","","","","","","","0.01","","","","","","0.0053145","","","","","","false","","","3","","","A004","","","","","","","","1203862.41000","MNTH","","","","3","","","","UFRO","EUR","","","","","false","1","","","","","","","","","","FALSE","","","","","","","","","QZTQ4GTC5QMF","NA/CDS Corp Idx","ITRAXX EUROPE"
"3480258493000000201","","NEWT","TRAD","2026-06-03T15:30:37Z","","CR","","I","TRUE","2026-06-03T15:30:37Z","2026-06-04","2031-06-20","","","TWSF","FALSE","FALSE","","6,000,000","","USD","","","","","","","","","","","","","","","","","","","","","","","","","0.01","","","","","","0.005093","","","","","","false","","","3","","","A004","","","","","","","","146174.86000","MNTH","","","","3","","","","UFRO","USD","","","","","false","1","","","","","","","","","","FALSE","","","","","","","","","QZ3WVVQG5T8K","NA/CDS Corp Idx","CDX.NA.IG"
"3480055397000000601","","NEWT","TRAD","2026-06-03T15:08:27Z","","CR","","I","TRUE","2026-06-03T15:08:27Z","2026-06-04","2036-06-20","","FALSE","BBSF","FALSE","TRUE","","24,000,000","","USD","","","","","","","","","","","","","","","","","","","","","","","","","0.01","","","","","","0.00905068","","","","","","false","","","3","","","A004","","","","","","","","228604.59419","MNTH","","","","3","","","","UFRO","USD","","","","","false","1","","","","","","","","","","FALSE","","","","","","","","","QZ21S8101WKL","NA/CDS Corp Idx","CDX.NA.IG"
"3479040476000000301","","NEWT","TRAD","2026-06-03T13:34:02Z","","CR","","I","TRUE","2026-06-03T13:34:02Z","2026-06-04","2031-06-20","","FALSE","BBSF","FALSE","FALSE","","50,000,000","","EUR","","","","","","","","","","","","","","","","","","","","","","","","","0.01","","","","","","0.0053445","","","","","","false","","","3","","","A004","","","","","","","","1196695.19000","MNTH","","","","3","","","","UFRO","EUR","","","","","false","1","","","","","","","","","","FALSE","","","","","","","","","QZTQ4GTC5QMF","NA/CDS Corp Idx","ITRAXX EUROPE"
"3480044164000000201","","NEWT","TRAD","2026-06-03T15:06:25Z","","CR","","I","TRUE","2026-06-03T15:06:25Z","2026-06-04","2031-06-20","","FALSE","BBSF","FALSE","FALSE","","30,000,000","","USD","","","","","","","","","","","","","","","","","","","","","","","","","0.05","","","","","","0.0108149","","","","","","false","","","3","","","A004","","","","","","","","2733753.00000","MNTH","","","","3","","","","UFRO","USD","","","","","false","0.99","","","","","","","","","","FALSE","","","","","","","","","QZHH8NT767RX","NA/CDS Corp Idx","CDX.NA.HY"
"3480011174000000101","","NEWT","TRAD","2026-06-03T15:03:36Z","","CR","","I","TRUE","2026-06-03T15:03:36Z","2026-06-04","2031-06-20","","FALSE","BBSF","FALSE","FALSE","","50,000,000","","USD","","","","","","","","","","","","","","","","","","","","","","","","","0.01","","","","","","0.00508445","","","","","","false","","","3","","","A004","","","","","","","","1220101.16000","MNTH","","","","3","","","","UFRO","USD","","","","","false","1","","","","","","","","","","FALSE","","","","","","","","","QZ3WVVQG5T8K","NA/CDS Corp Idx","CDX.NA.IG"
"3479913225000000201","","NEWT","TRAD","2026-06-03T14:51:34Z","","CR","","I","TRUE","2026-06-03T14:51:34Z","2026-06-04","2030-12-20","","FALSE","BBSF","FALSE","TRUE","","53,000,000","","USD","","","","","","","","","","","","","","","","","","","","","","","","","0.05","","","","","","0.0108375","","","","","","false","","","3","","","A004","","","","","","","","4898212.06830","MNTH","","","","3","","","","UFRO","USD","","","","","false","0.98","","","","","","","","","","TRUE","","","","1.08375","","3","","","QZMD5JCHG48C","NA/CDS Corp Idx","CDX.NA.HY"
"3480066758000000301","3479226582000000401","MODI","TRAD","2026-06-03T14:44:34Z","FALSE","CR","","N","FALSE","2026-06-03T13:26:51Z","2026-06-03","2026-06-04","","FALSE","BILT","FALSE","FALSE","TRUE","109,453,844","110,000,000","USD","USD","","","","","","","","","","","","","","","","","","","","","","","","0.037804","0.037804","","","","","","","","","","","false","","","","","","","","","","","","","","","EXPI","","","","1","","","","","","","USD","","","false","","","","","","","","","","","FALSE","","","","","","","","","QZ57DSB64DNJ","NA/CDS Corp SN","DTD 03/15/2025"
"3469974714000000101","","NEWT","TRAD","2026-06-03T08:33:32Z","","CR","","I","TRUE","2026-06-03T08:33:32Z","2026-06-04","2031-06-20","","FALSE","BBSF","FALSE","FALSE","","17,000,000","","EUR","","","","","","","","","","","","","","","","","","","","","","","","","0.05","","","","","","0.02606755","","","","","","false","","","3","","","A004","","","","","","","","1932550.51964","MNTH","","","","3","","","","UFRO","EUR","","","","","false","1","","","","","","","","","","FALSE","","","","","","","","","QZ3HM9KVK2WL","NA/CDS Corp Idx","ITRAXX EUROPE CROSSOVER"
"3480537390000000301","","NEWT","TRAD","2026-06-03T15:51:41Z","","CR","","I","TRUE","2026-06-03T15:51:41Z","2026-06-04","2031-06-20","","","TWSF","FALSE","FALSE","","20,000,000","","USD","","","","","","","","","","","","","","","","","","","","","","","","","0.05","","","","","","0.01081073","","","","","","false","","","3","","","A004","","","","","","","","1814245.40000","MNTH","","","","3","","","","UFRO","USD","","","","","false","0.99","","","","","","","","","","FALSE","","","","","","","","","QZHH8NT767RX","NA/CDS Corp Idx","CDX.NA.HY"
"3480537393000000601","","NEWT","TRAD","2026-06-03T15:52:03Z","","CR","","I","TRUE","2026-06-03T15:52:03Z","2026-06-04","2029-12-20","","","TWSF","FALSE","FALSE","","31,000,000","","USD","","","","","","","","","","","","","","","","","","","","","","","","","0.01","","","","","","0.003749","","","","","","false","","","3","","","A004","","","","","","","","707402.48000","MNTH","","","","3","","","","UFRO","USD","","","","","false","1","","","","","","","","","","FALSE","","","","","","","","","QZMGWFQC6DXH","NA/CDS Corp Idx","CDX.NA.IG"
"3480548489000000301","","NEWT","TRAD","2026-06-03T15:52:17Z","","CR","","I","FALSE","2026-06-03T15:52:17Z","2026-03-20","2031-06-20","","","BGCO","FALSE","FALSE","FALSE","25,000,000","","EUR","","","","","","","","","","","","","","","","","","","","","","","","","0.01","","","","","","","","","","","","false","","","","","","A004","","","","","","","","593213.00000","MNTH","","","","3","","","","UFRO","EUR","","","","","false","1","","","","","","","","","","FALSE","","","","","","","","","QZTQ4GTC5QMF","NA/CDS Corp Idx","ITRAXX EUROPE"
"3480548488000000201","","NEWT","TRAD","2026-06-03T15:52:27Z","","CR","","I","TRUE","2026-06-03T15:52:27Z","2026-06-04","2031-06-20","","FALSE","BBSF","FALSE","FALSE","","20,000,000","","USD","","","","","","","","","","","","","","","","","","","","","","","","","0.05","","","","","","0.01081","","","","","","false","","","3","","","A004","","","","","","","","1812800.00000","MNTH","","","","3","","","","UFRO","USD","","","","","false","0.99","","","","","","","","","","FALSE","","","","","","","","","QZHH8NT767RX","NA/CDS Corp Idx","CDX.NA.HY"
"3480548487000000101","","NEWT","TRAD","2026-06-03T15:51:57Z","","CR","","I","TRUE","2026-06-03T15:51:57Z","2026-06-04","2031-06-20","","","BTFE","FALSE","FALSE","FALSE","5,000,000","","USD","","","","","","","","","","","","","","","","","","","","","","","","","","","","","","","","","","","","","false","","","","","","A004","","","","","","","","121628.30000","MNTH","","","","3","","","","UFRO","USD","","","","","false","1","","","","","","","","","","FALSE","","","","","","","","","QZ3WVVQG5T8K","NA/CDS Corp Idx","CDX.NA.IG"
"3479771245000000101","3479721140000000301","EROR","","2026-06-03T14:27:50Z","","CR","","I","","2026-06-03T14:27:50Z","2023-09-20","2028-12-20","","","","FALSE","","FALSE","69,000,000","","EUR","","","","","","","","","","","","","","","","","","","","","","","","","0.05","","","","","","","","","","","","false","","","","","","","","","","","","","","6089716.16827","","","","","","","","","UFRO","EUR","","","","","false","0.94665","","","","","","","","","","TRUE","","","","38","","4","","","QZ2Q1GQSPKPM","NA/CDS Corp Idx","ITRAXX EUROPE CROSSOVER"
"3465977237000000101","","NEWT","TRAD","2026-06-03T07:19:03Z","","CR","","I","TRUE","2026-06-03T07:19:03Z","2026-06-04","2031-06-20","","FALSE","BBSF","FALSE","FALSE","","10,000,000","","EUR","","","","","","","","","","","","","","","","","","","","","","","","","0.05","","","","","","0.026043","","","","","","false","","","3","","","A004","","","","","","","","1137952.49000","MNTH","","","","3","","","","UFRO","EUR","","","","","false","1","","","","","","","","","","FALSE","","","","","","","","","QZ3HM9KVK2WL","NA/CDS Corp Idx","ITRAXX EUROPE CROSSOVER"
"3465525872000000101","","NEWT","TRAD","2026-06-03T07:09:31Z","","CR","","I","FALSE","2026-06-03T07:09:31Z","2026-06-04","2031-06-20","","FALSE","BBSF","FALSE","TRUE","","12,000,000","","USD","","","","","","","","","","","","","","","","","","","","","","","","","0.01","","","","","","0.007121","","","","","","false","","","3","","","A004","","","","","","","","180709.18013","MNTH","","","","3","","","","UFRO","USD","","","","","false","1","","","","","","","","","","FALSE","","","","","","","","","QZD2VPNQ9ZFX","NA/CDS Corp Idx","ITRAXX ASIA EX-JAPAN IG"
"3479118247000000101","","NEWT","TRAD","2026-06-03T13:37:40Z","","CR","","I","TRUE","2026-06-03T13:37:40Z","2026-03-20","2031-06-20","","","BILT","FALSE","FALSE","FALSE","50,000,000","","EUR","","","","","","","","","","","","","","","","","","","","","","","","","0.01","","","","","","","","","","","","false","","","","","","A004","","","","","","","","1195381.00000","MNTH","","","","3","","","","UFRO","EUR","","","","","false","1","","","","","","","","","","FALSE","","","","","","","","","QZTQ4GTC5QMF","NA/CDS Corp Idx","ITRAXX EUROPE"
"3471884581000000201","","NEWT","TRAD","2026-06-03T09:05:31Z","","CR","","I","TRUE","2026-06-03T09:05:31Z","2026-03-20","2031-06-20","","FALSE","TPSE","FALSE","FALSE","","50,000,000","","EUR","","","","","","","","","","","","","","","","","","","","","","","","","0.01","","","","","","0.0053375","","","","","","false","","","3","","","A004","","","","","","","","","MNTH","","","","3","","","","","","EUR","","","","false","1","","","","","","","OTHR","","","FALSE","","","","","","","","","QZTQ4GTC5QMF","NA/CDS Corp Idx","ITRAXX EUROPE"
"3471940598000000401","","NEWT","TRAD","2026-06-03T09:06:37Z","","CR","","I","TRUE","2026-06-03T09:06:37Z","2026-03-20","2031-06-20","","FALSE","TPSE","FALSE","FALSE","","25,000,000","","EUR","","","","","","","","","","","","","","","","","","","","","","","","","0.01","","","","","","0.0053375","","","","","","false","","","3","","","A004","","","","","","","","","MNTH","","","","3","","","","","","EUR","","","","false","1","","","","","","","OTHR","","","FALSE","","","","","","","","","QZTQ4GTC5QMF","NA/CDS Corp Idx","ITRAXX EUROPE"
"3472989388000000101","","NEWT","TRAD","2026-06-03T09:21:32Z","","CR","","I","TRUE","2026-06-03T09:21:32Z","2026-06-04","2031-06-20","","","TWSF","FALSE","FALSE","","80,000,000","","EUR","","","","","","","","","","","","","","","","","","","","","","","","","0.01","","","","","","0.00533","","","","","","false","","","3","","","A004","","","","","","","","1920254.60000","MNTH","","","","3","","","","UFRO","EUR","","","","","false","1","","","","","","","","","","TRUE","","","","0.00533","","3","","","QZTQ4GTC5QMF","NA/CDS Corp Idx","ITRAXX EUROPE"
"3477003752000000101","","NEWT","TRAD","2026-06-03T11:01:27Z","","CR","","I","FALSE","2026-06-03T11:01:27Z","2026-06-04","2031-06-20","","","TWSF","FALSE","FALSE","","7,000,000","","EUR","","","","","","","","","","","","","","","","","","","","","","","","","0.01","","","","","","0.0053352","","","","","","false","","","3","","","A004","","","","","","","","167848.18569","MNTH","","","","3","","","","UFRO","EUR","","","","","false","1","","","","","","","","","","FALSE","","","","","","","","","QZTQ4GTC5QMF","NA/CDS Corp Idx","ITRAXX EUROPE"
"3479144337000000201","","NEWT","TRAD","2026-06-03T13:44:49Z","","CR","","I","FALSE","2026-06-03T13:44:49Z","2026-06-04","2031-06-20","","","TWSF","FALSE","TRUE","","250,000,000+","","USD","","","","","","","","","","","","","","","","","","","","","","","","","0.01","","","","","","0.005091","","","","","","false","","","3","","","A004","","","","","","","","6092931.64000","MNTH","","","","3","","","","UFRO","USD","","","","","false","1","","","","","","","","","","FALSE","","","","","","","","","QZ3WVVQG5T8K","NA/CDS Corp Idx","CDX.NA.IG"
"3479248668000000201","3479233570000000101","MODI","TRAD","2026-06-03T13:54:12Z","TRUE","CR","","I","TRUE","2026-06-03T13:53:22Z","2026-03-20","2031-06-20","","FALSE","TPSE","FALSE","FALSE","","20,000,000","","EUR","","","","","","","","","","","","","","","","","","","","","","","","","0.05","","","","","","0.026225","","","","","","false","","","3","","","A004","","","","","","","","","MNTH","","","","3","","","","","","EUR","","","","false","1","","","","","","","OTHR","","","FALSE","","","","","","","","","QZ3HM9KVK2WL","NA/CDS Corp Idx","ITRAXX EUROPE CROSSOVER"
"3475489898000000201","","NEWT","TRAD","2026-06-03T10:20:11Z","","CR","","N","FALSE","2026-06-03T10:20:11Z","2026-06-03","2026-09-01","","FALSE","BILT","FALSE","FALSE","TRUE","850,000,000","","EGP","","","","","","","","","","","","","","","","","","","","","","","","","0","","","","","","0.007","","","","","","false","","","3","","3","A005","","","","","","","","","DAIL","","","","1","","","","","","USD","USD","","","false","","","","","","","","","","","FALSE","","","","","","","","","QZMKFLRVM84G","NA/CDS Corp SN","No name obtainable"
"3479233570000000101","","NEWT","TRAD","2026-06-03T13:53:22Z","","CR","","I","TRUE","2026-06-03T13:53:22Z","2026-03-20","2031-06-20","","FALSE","TPSE","FALSE","FALSE","","20,000,000","","EUR","","","","","","","","","","","","","","","","","","","","","","","","","0.05","","","","","","0.026225","","","","","","false","","","3","","","A004","","","","","","","","","MNTH","","","","3","","","","","","EUR","","","","false","1","","","","","","","OTHR","","","FALSE","","","","","","","","","QZ3HM9KVK2WL","NA/CDS Corp Idx","ITRAXX EUROPE CROSSOVER"
"3479226580000000201","","NEWT","TRAD","2026-06-03T13:26:51Z","","CR","","N","FALSE","2026-06-03T13:26:51Z","2026-06-03","2026-06-10","","FALSE","BILT","FALSE","FALSE","TRUE","400,000,000+","385,603,487","USD","USD","","","","","","","","","","","","","","","","","","","","","","","","0.038227","0.038227","","","","","","","","","","","false","","","","","","","","","","","","","","","EXPI","","","","1","","","","","","","USD","","","false","","","","","","","","","","","FALSE","","","","","","","","","QZW6JMD69LC6","NA/CDS Corp SN","DTD 05/15/2025"
"3479218690000000401","","NEWT","TRAD","2026-06-03T13:52:28Z","","CR","","I","FALSE","2026-06-03T13:52:28Z","2026-06-04","2031-06-20","","","TWSF","FALSE","FALSE","","25,000,000","","USD","","","","","","","","","","","","","","","","","","","","","","","","","0.01","","","","","","0.0097785","","","","","","false","","","3","","","A004","","","","","","","","500972.22000","MNTH","","","","3","","","","UFRO","USD","","","","","false","1","","","","","","","","","","FALSE","","","","","","","","","QZ4JMQKL3P03","NA/CDS Corp Idx","CDX.EM"
"3479218688000000201","","NEWT","TRAD","2026-06-03T13:52:16Z","","CR","","I","TRUE","2026-06-03T13:52:16Z","2026-06-04","2031-06-20","","FALSE","BBSF","FALSE","FALSE","","100,000,000","","USD","","","","","","","","","","","","","","","","","","","","","","","","","0.01","","","","","","0.005097584","","","","","","false","","","3","","","A004","","","","","","","","2434127.42000","MNTH","","","","3","","","","UFRO","USD","","","","","false","1","","","","","","","","","","FALSE","","","","","","","","","QZ3WVVQG5T8K","NA/CDS Corp Idx","CDX.NA.IG"
"3479084799000000201","","NEWT","TRAD","2026-06-03T13:37:26Z","","CR","","I","TRUE","2026-06-03T13:37:26Z","2026-06-04","2031-06-20","","FALSE","BBSF","FALSE","TRUE","","200,000,000","","USD","","","","","","","","","","","","","","","","","","","","","","","","","0.01","","","","","","0.005097","","","","","","false","","","3","","","A004","","","","","","","","4868795.05000","MNTH","","","","3","","","","UFRO","USD","","","","","false","1","","","","","","","","","","FALSE","","","","","","","","","QZ3WVVQG5T8K","NA/CDS Corp Idx","CDX.NA.IG"
"3478929924000000201","","NEWT","TRAD","2026-06-03T13:22:13Z","","CR","","N","FALSE","2026-06-03T13:22:13Z","2026-06-03","2026-06-17","2031-06-20","FALSE","BILT","FALSE","FALSE","TRUE","400,000,000+","","USD","","","","","","","","","","","","","","","","","","","","","","","","2026-06-17","0.01","","759,995.25","USD","","","","","","","0.0055","","false","","","","","3","A004","","","","","","","","","MNTH","","","","3","","","","","","","","","","false","1","","","","","","","","","","FALSE","","","","","","","","","QZ7WW76RFHN3","NA/CDS Idx Swt","NA/CDS Corp Idx"
"3480198592000000301","","NEWT","TRAD","2026-06-03T15:23:44Z","","CR","","I","TRUE","2026-06-03T15:23:44Z","2026-06-04","2031-06-20","","FALSE","BBSF","FALSE","FALSE","","110,000,000","","USD","","","","","","","","","","","","","","","","","","","","","","","","","0.01","","","","","","0.00509","","","","","","false","","","3","","","A004","","","","","","","","2681399.68582","MNTH","","","","3","","","","UFRO","USD","","","","","false","1","","","","","","","","","","FALSE","","","","","","","","","QZ3WVVQG5T8K","NA/CDS Corp Idx","CDX.NA.IG"
"3479144341000000601","","NEWT","TRAD","2026-06-03T13:45:09Z","","CR","","I","TRUE","2026-06-03T13:45:09Z","2026-06-04","2031-06-20","","FALSE","BBSF","FALSE","FALSE","","10,000,000","","USD","","","","","","","","","","","","","","","","","","","","","","","","","0.05","","","","","","0.0108125","","","","","","false","","","3","","","A004","","","","","","","","908875.00000","MNTH","","","","3","","","","UFRO","USD","","","","","false","0.99","","","","","","","","","","FALSE","","","","","","","","","QZHH8NT767RX","NA/CDS Corp Idx","CDX.NA.HY"
"3479187621000000501","","NEWT","TRAD","2026-06-03T13:49:17Z","","CR","","I","TRUE","2026-06-03T13:49:17Z","2026-06-04","2030-06-20","","FALSE","BBSF","FALSE","FALSE","","10,000,000","","EUR","","","","","","","","","","","","","","","","","","","","","","","","","0.01","","","","","","0.0041878","","","","","","false","","","3","","","A004","","","","","","","","244205.39000","MNTH","","","","3","","","","UFRO","EUR","","","","","false","1","","","","","","","","","","FALSE","","","","","","","","","QZWB6B7S3V04","NA/CDS Corp Idx","ITRAXX EUROPE"
"3479187622000000601","","NEWT","TRAD","2026-06-03T13:49:16Z","","CR","","I","TRUE","2026-06-03T13:49:16Z","2026-06-04","2031-06-20","","FALSE","BBSF","FALSE","FALSE","","20,000,000","","USD","","","","","","","","","","","","","","","","","","","","","","","","","0.01","","","","","","0.00511","","","","","","false","","","3","","","A004","","","","","","","","485677.04000","MNTH","","","","3","","","","UFRO","USD","","","","","false","1","","","","","","","","","","FALSE","","","","","","","","","QZ3WVVQG5T8K","NA/CDS Corp Idx","CDX.NA.IG"
"3479187618000000201","","NEWT","TRAD","2026-06-03T13:49:06Z","","CR","","I","TRUE","2026-06-03T13:49:06Z","2026-06-04","2031-06-20","","FALSE","BBSF","FALSE","FALSE","","100,000,000","","EUR","","","","","","","","","","","","","","","","","","","","","","","","","0.01","","","","","","0.0053725","","","","","","false","","","3","","","A004","","","","","","","","2380014.74000","MNTH","","","","3","","","","UFRO","EUR","","","","","false","1","","","","","","","","","","FALSE","","","","","","","","","QZTQ4GTC5QMF","NA/CDS Corp Idx","ITRAXX EUROPE"
"3479155928000000201","","NEWT","TRAD","2026-06-03T13:45:59Z","","CR","","I","TRUE","2026-06-03T13:45:59Z","2026-06-04","2031-06-20","","FALSE","BBSF","FALSE","FALSE","","30,000,000","","USD","","","","","","","","","","","","","","","","","","","","","","","","","0.05","","","","","","0.0108112","","","","","","false","","","3","","","A004","","","","","","","","2722764.00000","MNTH","","","","3","","","","UFRO","USD","","","","","false","0.99","","","","","","","","","","FALSE","","","","","","","","","QZHH8NT767RX","NA/CDS Corp Idx","CDX.NA.HY"
"3479094139000000401","","NEWT","TRAD","2026-06-03T13:38:29Z","","CR","","N","FALSE","2026-06-03T13:38:29Z","2026-03-20","2026-07-15","2031-06-20","FALSE","BILT","FALSE","FALSE","TRUE","100,000,000","","EUR","","","","","","","","","","","","","","","","","","","","","","","","2026-07-15","0.05","","470,000","EUR","","","","","","","0.0275","","false","","","","","3","A004","","","","","","","","","MNTH","","","","3","","","","","","","","","","false","1","","","","","","","","","","FALSE","","","","","","","","","QZTL0V3X916X","NA/CDS Idx Swt","NA/CDS Corp Idx"
"3479365434000000201","","NEWT","TRAD","2026-06-03T13:59:24Z","FALSE","CR","","I","FALSE","2026-06-03T13:59:24Z","2025-09-22","2030-12-20","","","BGCO","FALSE","FALSE","FALSE","11,000,000","","EUR","","","","","","","","","","","","","","","","","","","","","","","","","0.05","","","","","","","","","","","","false","","","","","","A004","","","","","","","","1312647.73380","MNTH","","","","3","","","","UFRO","EUR","","","","","false","1","","","","","","","","","","TRUE","9.9999999999","","3","","","","","","QZ5F5FRS4TR9","NA/CDS Corp Idx","ITRAXX EUROPE CROSSOVER"
"3479340023000000301","","NEWT","TRAD","2026-06-03T14:02:02Z","","CR","","I","TRUE","2026-06-03T14:02:02Z","2026-06-04","2031-06-20","","FALSE","BBSF","FALSE","FALSE","","20,000,000","","EUR","","","","","","","","","","","","","","","","","","","","","","","","","0.01","","","","","","0.0053535","","","","","","false","","","3","","","A004","","","","","","","","477817.66577","MNTH","","","","3","","","","UFRO","EUR","","","","","false","1","","","","","","","","","","FALSE","","","","","","","","","QZTQ4GTC5QMF","NA/CDS Corp Idx","ITRAXX EUROPE"
"3479340025000000501","","NEWT","TRAD","2026-06-03T14:01:32Z","","CR","","I","TRUE","2026-06-03T14:01:32Z","2026-03-20","2031-06-20","","FALSE","BGCD","FALSE","FALSE","","30,000,000","","EUR","","","","","","","","","","","","","","","","","","","","","","","","","","","","","","","0.0262","","","","","","false","","","3","","","A004","","","","","","","","","MNTH","","","","3","","","","","","","","","","false","1","","","","","","","","","","TRUE","","","","0.00345","","3","","","QZ3HM9KVK2WL","NA/CDS Corp Idx","ITRAXX EUROPE CROSSOVER"
"3479283022000000401","","NEWT","TRAD","2026-06-03T13:56:43Z","","CR","","I","TRUE","2026-06-03T13:56:43Z","2026-03-20","2031-06-20","2031-06-20","FALSE","BMTF","FALSE","FALSE","FALSE","5,000,000","","USD","","","","","","","","","","","","","","","","","","","","","","","","","0.05","","","","","","","","","","","","false","","","","","","A004","","","","","","","","454932.50000","MNTH","","","","3","","","","UFRO","USD","","","","","false","0.99","","","","","","","","","","FALSE","","","","","","","","","QZHH8NT767RX","NA/CDS Corp Idx","CDX.NA.HY"
"3479264376000000301","","NEWT","TRAD","2026-06-03T13:55:59Z","","CR","","I","TRUE","2026-06-03T13:55:59Z","2026-06-04","2031-06-20","","FALSE","BBSF","FALSE","FALSE","","25,000,000","","USD","","","","","","","","","","","","","","","","","","","","","","","","","0.05","","","","","","0.010812","","","","","","false","","","3","","","A004","","","","","","","","2270950.00000","MNTH","","","","3","","","","UFRO","USD","","","","","false","0.99","","","","","","","","","","FALSE","","","","","","","","","QZHH8NT767RX","NA/CDS Corp Idx","CDX.NA.HY"
"3479166814000000201","","NEWT","TRAD","2026-06-03T13:47:31Z","","CR","","I","TRUE","2026-06-03T13:47:31Z","2026-06-04","2031-06-20","","","TWSF","FALSE","TRUE","","61,000,000","","USD","","","","","","","","","","","","","","","","","","","","","","","","","0.05","","","","","","0.01080958","","","","","","false","","","3","","","A004","","","","","","","","5526503.62000","MNTH","","","","3","","","","UFRO","USD","","","","","false","0.99","","","","","","","","","","FALSE","","","","","","","","","QZHH8NT767RX","NA/CDS Corp Idx","CDX.NA.HY"
"3479294501000000201","","NEWT","TRAD","2026-06-03T13:58:32Z","","CR","","I","TRUE","2026-06-03T13:58:32Z","2026-03-20","2031-06-20","","FALSE","TPSE","FALSE","FALSE","","50,000,000","","USD","","","","","","","","","","","","","","","","","","","","","","","","","0.01","","","","","","0.0050911","","","","","","false","","","3","","","A004","","","","","","","","","MNTH","","","","3","","","","","","USD","","","","false","1","","","","","","","OTHR","","","FALSE","","","","","","","","","QZ3WVVQG5T8K","NA/CDS Corp Idx","CDX.NA.IG"
"3481528218000000201","","NEWT","TRAD","2026-06-03T16:45:07Z","","CR","","I","TRUE","2026-06-03T16:45:07Z","2026-06-04","2031-06-20","","FALSE","BBSF","FALSE","FALSE","","25,000,000","","USD","","","","","","","","","","","","","","","","","","","","","","","","","0.01","","","","","","0.005118","","","","","","false","","","3","","","A004","","","","","","","","606171.41000","MNTH","","","","3","","","","UFRO","USD","","","","","false","1","","","","","","","","","","FALSE","","","","","","","","","QZ3WVVQG5T8K","NA/CDS Corp Idx","CDX.NA.IG"
"3481246083000000901","","NEWT","TRAD","2026-06-03T16:27:12Z","","CR","","N","FALSE","2026-06-03T16:27:12Z","2026-06-04","2028-05-18","","FALSE","BILT","FALSE","FALSE","TRUE","200,000,000","","USD","","","","","","","","","","","","","","","","","","","","","","","","","0.04125","","","","","","","","","","","","false","","","","","","A006","","","","","","","","1695496.34000","MNTH","","","","6","","","","PEXH","USD","USD","","","","false","","","","","","","","","","","FALSE","","","","","","","","","QZ25LDGXP0B9","NA/CDS Corp SN","DTD 08/15/2023"
"3481550627000000401","","NEWT","TRAD","2026-06-03T16:47:09Z","","CR","","I","TRUE","2026-06-03T16:47:09Z","2026-06-04","2031-06-20","","FALSE","BBSF","FALSE","TRUE","","76,000,000+","","USD","","","","","","","","","","","","","","","","","","","","","","","","","0.05","","","","","","0.010809","","","","","","false","","","3","","","A004","","","","","","","","6881120.52705","MNTH","","","","3","","","","UFRO","USD","","","","","false","0.99","","","","","","","","","","TRUE","","","","0.00000915","","3","","","QZHH8NT767RX","NA/CDS Corp Idx","CDX.NA.HY"
"3467116677000000101","","NEWT","TRAD","2026-06-03T07:40:20Z","","CR","","I","TRUE","2026-06-03T07:40:20Z","2026-06-04","2030-12-20","","","TWSF","FALSE","FALSE","","23,000,000","","EUR","","","","","","","","","","","","","","","","","","","","","","","","","0.05","","","","","","0.0225726","","","","","","false","","","3","","","A004","","","","","","","","2765081.36448","MNTH","","","","3","","","","UFRO","EUR","","","","","false","1","","","","","","","","","","TRUE","","","","-0.16399","","3","","","QZ5F5FRS4TR9","NA/CDS Corp Idx","ITRAXX EUROPE CROSSOVER"
"3469286993000000101","","NEWT","TRAD","2026-06-03T08:23:28Z","","CR","","I","TRUE","2026-06-03T08:23:28Z","2026-06-04","2031-06-20","","FALSE","BBSF","FALSE","FALSE","","20,000,000","","EUR","","","","","","","","","","","","","","","","","","","","","","","","","0.05","","","","","","0.026085","","","","","","false","","","3","","","A004","","","","","","","","2271938.70000","MNTH","","","","3","","","","UFRO","EUR","","","","","false","1","","","","","","","","","","FALSE","","","","","","","","","QZ3HM9KVK2WL","NA/CDS Corp Idx","ITRAXX EUROPE CROSSOVER"
"3468019899000000201","","NEWT","TRAD","2026-06-03T07:59:16Z","","CR","","N","FALSE","2026-06-03T07:59:16Z","2026-06-03","2026-07-15","2031-06-20","FALSE","BILT","FALSE","FALSE","TRUE","250,000,000","","EUR","","","","","","","","","","","","","","","","","","","","","","","","2026-07-15","0.01","","179,750","EUR","","","","","","","0.006","","false","","","","","3","A004","","","","","","","","","MNTH","","","","3","","","","","","","","","","false","1","","","","","","","","","","FALSE","","","","","","","","","QZ2L66CGCV9J","NA/CDS Idx Swt","NA/CDS Corp Idx"
"3480671114000000301","","NEWT","TRAD","2026-06-03T16:00:17Z","","CR","","I","TRUE","2026-06-03T16:00:17Z","2026-06-04","2031-06-20","","FALSE","BBSF","FALSE","TRUE","","250,000,000+","","USD","","","","","","","","","","","","","","","","","","","","","","","","","0.01","","","","","","0.0051","","","","","","false","","","3","","","A004","","","","","","","","6082561.52372","MNTH","","","","3","","","","UFRO","USD","","","","","false","1","","","","","","","","","","FALSE","","","","","","","","","QZ3WVVQG5T8K","NA/CDS Corp Idx","CDX.NA.IG"
"3480913490000000101","","NEWT","TRAD","2026-06-03T16:05:42Z","","CR","","I","TRUE","2026-06-03T16:05:42Z","2026-03-20","2031-06-20","","","BILT","FALSE","FALSE","FALSE","35,000,000","","USD","","","","","","","","","","","","","","","","","","","","","","","","","0.05","","","","","","","","","","","","false","","","","","","A004","","","","","","","","3186260.00000","MNTH","","","","3","","","","UFRO","USD","","","","","false","0.99","","","","","","","","","","FALSE","","","","","","","","","QZHH8NT767RX","NA/CDS Corp Idx","CDX.NA.HY"
"3481003417000000201","","NEWT","TRAD","2026-06-03T16:13:51Z","","CR","","I","TRUE","2026-06-03T16:13:51Z","2026-06-04","2031-06-20","","FALSE","BBSF","FALSE","FALSE","","25,000,000","","USD","","","","","","","","","","","","","","","","","","","","","","","","","0.05","","","","","","0.01081175","","","","","","false","","","3","","","A004","","","","","","","","2270331.25000","MNTH","","","","3","","","","UFRO","USD","","","","","false","0.99","","","","","","","","","","FALSE","","","","","","","","","QZHH8NT767RX","NA/CDS Corp Idx","CDX.NA.HY"
"3481060801000000201","","NEWT","TRAD","2026-06-03T16:18:22Z","","CR","","I","TRUE","2026-06-03T16:18:22Z","2026-06-04","2031-06-20","","FALSE","BBSF","FALSE","FALSE","","25,000,000","","USD","","","","","","","","","","","","","","","","","","","","","","","","","0.01","","","","","","0.005112","","","","","","false","","","3","","","A004","","","","","","","","606865.07000","MNTH","","","","3","","","","UFRO","USD","","","","","false","1","","","","","","","","","","FALSE","","","","","","","","","QZ3WVVQG5T8K","NA/CDS Corp Idx","CDX.NA.IG"
"3481085059000000101","","NEWT","TRAD","2026-06-03T16:19:44Z","","CR","","I","TRUE","2026-06-03T16:19:44Z","2026-06-04","2031-06-20","","FALSE","BBSF","FALSE","FALSE","","130,000,000","","USD","","","","","","","","","","","","","","","","","","","","","","","","","0.01","","","","","","0.005117","","","","","","false","","","3","","","A004","","","","","","","","3152692.48320","MNTH","","","","3","","","","UFRO","USD","","","","","false","1","","","","","","","","","","FALSE","","","","","","","","","QZ3WVVQG5T8K","NA/CDS Corp Idx","CDX.NA.IG"
"3481175438000000101","","NEWT","TRAD","2026-06-03T16:25:08Z","","CR","","I","FALSE","2026-06-03T16:25:08Z","2026-06-04","2031-06-20","","FALSE","BBSF","FALSE","FALSE","","25,000,000","","USD","","","","","","","","","","","","","","","","","","","","","","","","","0.01","","","","","","0.009776","","","","","","false","","","3","","","A004","","","","","","","","507222.22000","MNTH","","","","3","","","","UFRO","USD","","","","","false","1","","","","","","","","","","FALSE","","","","","","","","","QZ4JMQKL3P03","NA/CDS Corp Idx","CDX.EM"
"3481439698000000101","","NEWT","TRAD","2026-06-03T16:37:33Z","","CR","","I","TRUE","2026-06-03T16:37:33Z","2026-03-20","2031-06-20","","FALSE","TPSE","FALSE","FALSE","","10,000,000","","USD","","","","","","","","","","","","","","","","","","","","","","","","","0.05","","","","","","108.09","","USD","","","","false","","","1","","","A004","","","","","","","","","MNTH","","","","3","","","","","","USD","","","","false","0.99","","","","","","","OTHR","","","FALSE","","","","","","","","","QZHH8NT767RX","NA/CDS Corp Idx","CDX.NA.HY"
"3481451093000000101","","NEWT","TRAD","2026-06-03T16:35:25Z","","CR","","I","TRUE","2026-06-03T16:35:25Z","2026-03-20","2031-06-20","","","BILT","FALSE","FALSE","FALSE","10,000,000","","USD","","","","","","","","","","","","","","","","","","","","","","","","","0.05","","","","","","","","","","","","false","","","","","","A004","","","","","","","","905410.00000","MNTH","","","","3","","","","UFRO","USD","","","","","false","0.99","","","","","","","","","","FALSE","","","","","","","","","QZHH8NT767RX","NA/CDS Corp Idx","CDX.NA.HY"
"3478305434000000401","","NEWT","TRAD","2026-06-03T12:39:07Z","","CR","","N","FALSE","2026-06-03T12:39:07Z","2026-03-20","2026-06-17","2031-06-20","FALSE","BILT","FALSE","FALSE","TRUE","200,000,000","","EUR","","","","","","","","","","","","","","","","","","","","","","","","2026-06-17","0.05","","22,000","EUR","","","","","","","0.04","","false","","","","","3","A004","","","","","","","","","MNTH","","","","3","","","","","","","","","","false","1","","","","","","","","","","FALSE","","","","","","","","","QZS61NHV7CQ9","NA/Cr Op Swps EuPt Van Ph",""
"3481144284000000101","3481144284000000101","TERM","ETRM","2026-06-03T16:23:10Z","","CR","","N","FALSE","2023-09-05T18:50:16Z","2023-09-06","2026-06-05","","FALSE","BILT","FALSE","FALSE","TRUE","100,000,000","","USD","","","","","","","","","","","","","","","","","","","","","","","","","0.04125","","","","","","","","","","","","false","","","","","","A006","","","","","","","","9064247.00000","MNTH","","","","6","","","","UFRO","USD","","","","","false","","","","","","","","","","","FALSE","","","","","","","","","QZW46Z1H0F0Q","NA/CDS Corp SN","DTD 08/15/2023"
"3481617285000000201","","NEWT","TRAD","2026-06-03T16:51:21Z","","CR","","I","TRUE","2026-06-03T16:51:21Z","2026-06-04","2031-06-20","","FALSE","BBSF","FALSE","FALSE","","150,000,000","","USD","","","","","","","","","","","","","","","","","","","","","","","","","0.01","","","","","","0.00511532","","","","","","false","","","3","","","A004","","","","","","","","3638887.44000","MNTH","","","","3","","","","UFRO","USD","","","","","false","1","","","","","","","","","","FALSE","","","","","","","","","QZ3WVVQG5T8K","NA/CDS Corp Idx","CDX.NA.IG"
"3481266460000000101","","NEWT","TRAD","2026-06-03T16:29:10Z","","CR","","I","FALSE","2026-06-03T16:28:44Z","2026-06-04","2031-06-20","","","BILT","FALSE","FALSE","FALSE","25,000,000","","USD","","","","","","","","","","","","","","","","","","","","","","","","","0.01","","","","","","","","","","","","false","","","","","","A004","","","","","","","","500972.22000","MNTH","","","","3","","","","UFRO","USD","","","","","false","1","","","","","","","","","","FALSE","","","","","","","","","QZ4JMQKL3P03","NA/CDS Corp Idx","CDX.EM"
"3481299663000000101","","NEWT","TRAD","2026-06-03T16:30:42Z","","CR","","I","TRUE","2026-06-03T16:30:42Z","2026-03-20","2031-06-20","","FALSE","TPSE","FALSE","FALSE","","50,000,000","","USD","","","","","","","","","","","","","","","","","","","","","","","","","0.01","","","","","","0.005112","","","","","","false","","","3","","","A004","","","","","","","","","MNTH","","","","3","","","","","","USD","","","","false","1","","","","","","","OTHR","","","FALSE","","","","","","","","","QZ3WVVQG5T8K","NA/CDS Corp Idx","CDX.NA.IG"
"3480296223000000101","","NEWT","TRAD","2026-06-03T15:32:47Z","","CR","","I","TRUE","2026-06-03T15:32:47Z","2026-06-04","2031-06-20","","FALSE","BBSF","FALSE","FALSE","","6,000,000","","USD","","","","","","","","","","","","","","","","","","","","","","","","","0.05","","","","","","0.010815","","","","","","false","","","3","","","A004","","","","","","","","546810.00000","MNTH","","","","3","","","","UFRO","USD","","","","","false","0.99","","","","","","","","","","TRUE","68","USD","1","","","","","","QZHH8NT767RX","NA/CDS Corp Idx","CDX.NA.HY"
"3480308766000000201","","NEWT","TRAD","2026-06-03T15:34:36Z","","CR","","I","TRUE","2026-06-03T15:34:36Z","2026-03-20","2031-06-20","","FALSE","BGCD","FALSE","FALSE","","40,000,000","","EUR","","","","","","","","","","","","","","","","","","","","","","","","","","","","","","","0.026225","","","","","","false","","","3","","","A004","","","","","","","","","MNTH","","","","3","","","","","","","","","","false","1","","","","","","","","","","TRUE","","","","0.00346","","3","","","QZ3HM9KVK2WL","NA/CDS Corp Idx","ITRAXX EUROPE CROSSOVER"
"3473718006000000101","3473654926000000101","MODI","TRAD","2026-06-03T09:36:21Z","TRUE","CR","","I","TRUE","2026-06-03T09:36:09Z","2026-03-20","2031-06-20","","FALSE","TPSE","FALSE","FALSE","","25,000,000","","EUR","","","","","","","","","","","","","","","","","","","","","","","","","0.01","","","","","","0.0053375","","","","","","false","","","3","","","A004","","","","","","","","","MNTH","","","","3","","","","","","EUR","","","","false","1","","","","","","","OTHR","","","FALSE","","","","","","","","","QZTQ4GTC5QMF","NA/CDS Corp Idx","ITRAXX EUROPE"
"3470101255000000201","","NEWT","TRAD","2026-06-03T08:35:01Z","","CR","","I","FALSE","2026-06-03T08:35:01Z","2026-03-20","2031-06-20","","","GFSO","FALSE","FALSE","FALSE","10,000,000","","EUR","","","","","","","","","","","","","","","","","","","","","","","","","0.05","","","","","","","","","","","","false","","","","","","A004","","","","","","","","1136441.00000","MNTH","","","","3","","","","UFRO","EUR","","","","","false","1","","","","","","","","","","FALSE","","","","","","","","","QZ3HM9KVK2WL","NA/CDS Corp Idx","ITRAXX EUROPE CROSSOVER"
"3480595493000000101","","NEWT","TRAD","2026-06-03T15:55:49Z","","CR","","I","TRUE","2026-06-03T15:55:49Z","2026-06-04","2031-06-20","","FALSE","BBSF","FALSE","FALSE","","25,000,000","","EUR","","","","","","","","","","","","","","","","","","","","","","","","","0.01","","","","","","0.005389","","","","","","false","","","3","","","A004","","","","","","","","593033.52000","MNTH","","","","3","","","","UFRO","EUR","","","","","false","1","","","","","","","","","","FALSE","","","","","","","","","QZTQ4GTC5QMF","NA/CDS Corp Idx","ITRAXX EUROPE"
"3480391847000000301","","NEWT","TRAD","2026-06-03T15:42:46Z","","CR","","I","TRUE","2026-06-03T15:42:46Z","2026-06-04","2031-06-20","","FALSE","BBSF","FALSE","FALSE","","10,000,000","","USD","","","","","","","","","","","","","","","","","","","","","","","","","0.05","","","","","","0.010811","","","","","","false","","","3","","","A004","","","","","","","","907390.00000","MNTH","","","","3","","","","UFRO","USD","","","","","false","0.99","","","","","","","","","","FALSE","","","","","","","","","QZHH8NT767RX","NA/CDS Corp Idx","CDX.NA.HY"
"3480633462000000201","","NEWT","TRAD","2026-06-03T15:58:07Z","","CR","","I","TRUE","2026-06-03T15:58:07Z","2026-06-04","2031-06-20","","FALSE","BBSF","FALSE","FALSE","","92,000,000","","USD","","","","","","","","","","","","","","","","","","","","","","","","","0.01","","","","","","0.0051","","","","","","false","","","3","","","A004","","","","","","","","2238373.37046","MNTH","","","","3","","","","UFRO","USD","","","","","false","1","","","","","","","","","","TRUE","","","","0.1108","","3","","","QZ3WVVQG5T8K","NA/CDS Corp Idx","CDX.NA.IG"
"3480664686000000101","","NEWT","TRAD","2026-06-03T15:59:26Z","","CR","","I","TRUE","2026-06-03T15:59:26Z","2026-06-04","2031-06-20","","FALSE","BBSF","FALSE","FALSE","","92,000,000","","USD","","","","","","","","","","","","","","","","","","","","","","","","","0.01","","","","","","0.005101","","","","","","false","","","3","","","A004","","","","","","","","2237947.86716","MNTH","","","","3","","","","UFRO","USD","","","","","false","1","","","","","","","","","","FALSE","","","","","","","","","QZ3WVVQG5T8K","NA/CDS Corp Idx","CDX.NA.IG"
"3480468702000000601","","NEWT","TRAD","2026-06-03T15:47:48Z","","CR","","I","TRUE","2026-06-03T15:47:48Z","2026-06-04","2031-06-20","","FALSE","BBSF","FALSE","TRUE","","200,000,000","","USD","","","","","","","","","","","","","","","","","","","","","","","","","0.01","","","","","","0.00511","","","","","","false","","","3","","","A004","","","","","","","","4856770.41000","MNTH","","","","3","","","","UFRO","USD","","","","","false","1","","","","","","","","","","FALSE","","","","","","","","","QZ3WVVQG5T8K","NA/CDS Corp Idx","CDX.NA.IG"
"3478919399000000201","","NEWT","TRAD","2026-06-03T13:23:45Z","","CR","","I","TRUE","2026-06-03T13:23:45Z","2026-06-04","2031-06-20","","FALSE","BBSF","FALSE","FALSE","","8,000,000","","USD","","","","","","","","","","","","","","","","","","","","","","","","","0.05","","","","","","0.01081629","","","","","","false","","","3","","","A004","","","","","","","","730103.95623","MNTH","","","","3","","","","UFRO","USD","","","","","false","0.99","","","","","","","","","","FALSE","","","","","","","","","QZHH8NT767RX","NA/CDS Corp Idx","CDX.NA.HY"
"3470237632000000101","","NEWT","TRAD","2026-06-03T08:37:09Z","","CR","","I","TRUE","2026-06-03T08:36:59Z","2026-06-04","2031-06-20","","","TWEM","FALSE","FALSE","TRUE","163,343,009+","","EUR","","","","","","","","","","","","","","","","","","","","","","","","","0.01","","","","","","","","","","","","false","","","","","","A004","","","","","","","","3913715.85846","MNTH","","","","3","","","","UFRO","EUR","","","","","false","1","","","","","","","","","","FALSE","","","","","","","","","QZTQ4GTC5QMF","NA/CDS Corp Idx","ITRAXX EUROPE"
"3478092648000000101","","NEWT","TRAD","2026-06-03T12:27:49Z","","CR","","I","TRUE","2026-06-03T12:27:49Z","2026-06-04","2031-06-20","","FALSE","BBSF","FALSE","TRUE","","250,000,000+","","USD","","","","","","","","","","","","","","","","","","","","","","","","","0.01","","","","","","0.005084","","","","","","false","","","3","","","A004","","","","","","","","6101026.19000","MNTH","","","","3","","","","UFRO","USD","","","","","false","1","","","","","","","","","","FALSE","","","","","","","","","QZ3WVVQG5T8K","NA/CDS Corp Idx","CDX.NA.IG"
"3478341878000000101","","NEWT","TRAD","2026-06-03T12:40:40Z","","CR","","N","FALSE","2026-06-03T12:40:40Z","2026-03-20","2026-08-19","2031-06-20","FALSE","BILT","FALSE","FALSE","TRUE","100,000,000","","EUR","","","","","","","","","","","","","","","","","","","","","","","","2026-08-19","0.05","","849,500","EUR","","","","","","","0.0275","","false","","","","","3","A004","","","","","","","","","MNTH","","","","3","","","","","","","","","","false","1","","","","","","","","","","FALSE","","","","","","","","","QZS61NHV7CQ9","NA/Cr Op Swps EuPt Van Ph",""
"3478567489000000301","","NEWT","TRAD","2026-06-03T11:25:20Z","","CR","","N","FALSE","2026-06-03T11:25:20Z","2026-06-03","2026-06-20","","FALSE","BILT","FALSE","FALSE","TRUE","150,000,000","","EUR","","","","","","","","","","","","","","","","","","","","","","","","","","","","","","","0","","","","","","false","","","3","","","","","A020","","MNTH","","3","","671650.00000","","MNTH","","","","3","","","UFRO","EUR","EUR","","","","false","","","","","","","","","","","FALSE","","","","","","","","","QZ169SN5SHDD","NA/CDS Corp SN","iBoxx EUR CORPORATES OVERALLINDEX OVERALL (TOTAL RETURN)"
"3478533181000000101","","NEWT","TRAD","2026-06-03T12:58:21Z","","CR","","I","TRUE","2026-06-03T12:58:21Z","2026-06-04","2031-06-20","","FALSE","BBSF","FALSE","FALSE","","3,000,000","","USD","","","","","","","","","","","","","","","","","","","","","","","","","0.01","","","","","","0.005086548","","","","","","false","","","3","","","A004","","","","","","","","73176.96000","MNTH","","","","3","","","","UFRO","USD","","","","","false","1","","","","","","","","","","FALSE","","","","","","","","","QZ3WVVQG5T8K","NA/CDS Corp Idx","CDX.NA.IG"
"3478415982000000301","","NEWT","TRAD","2026-06-03T12:48:37Z","","CR","","I","TRUE","2026-06-03T12:48:37Z","2026-06-04","2029-12-20","","FALSE","BBSF","FALSE","TRUE","","100,000,000","","EUR","","","","","","","","","","","","","","","","","","","","","","","","","0.05","","","","","","0.0198","","","","","","false","","","3","","","A004","","","","","","","","10412650.95000","MNTH","","","","3","","","","UFRO","EUR","","","","","false","0.95999","","","","","","","","","","TRUE","","","","0.003825","","3","","","QZC9WN4TPTDV","NA/CDS Corp Idx","ITRAXX EUROPE CROSSOVER"
"3478558709000000201","","NEWT","TRAD","2026-06-03T12:59:50Z","","CR","","I","TRUE","2026-06-03T12:59:50Z","2026-06-04","2031-06-20","","FALSE","BBSF","FALSE","FALSE","","15,000,000","","EUR","","","","","","","","","","","","","","","","","","","","","","","","","0.01","","","","","","0.00533967","","","","","","false","","","3","","","A004","","","","","","","","359354.70000","MNTH","","","","3","","","","UFRO","EUR","","","","","false","1","","","","","","","","","","FALSE","","","","","","","","","QZTQ4GTC5QMF","NA/CDS Corp Idx","ITRAXX EUROPE"
"3478461673000000101","","NEWT","TRAD","2026-06-03T12:52:04Z","","CR","","I","FALSE","2026-06-03T12:52:04Z","2026-03-20","2031-06-20","","","BGCO","FALSE","FALSE","FALSE","25,000,000","","EUR","","","","","","","","","","","","","","","","","","","","","","","","","0.01","","","","","","","","","","","","false","","","","","","A004","","","","","","","","599184.00000","MNTH","","","","3","","","","UFRO","EUR","","","","","false","1","","","","","","","","","","FALSE","","","","","","","","","QZTQ4GTC5QMF","NA/CDS Corp Idx","ITRAXX EUROPE"
"3478558708000000101","","NEWT","TRAD","2026-06-03T12:59:45Z","","CR","","I","TRUE","2026-06-03T12:59:45Z","2026-06-04","2031-06-20","","","TWSF","FALSE","FALSE","","1,000,000","","EUR","","","","","","","","","","","","","","","","","","","","","","","","","0.05","","","","","","0.0261441","","","","","","false","","","3","","","A004","","","","","","","","113317.29023","MNTH","","","","3","","","","UFRO","EUR","","","","","false","1","","","","","","","","","","FALSE","","","","","","","","","QZ3HM9KVK2WL","NA/CDS Corp Idx","ITRAXX EUROPE CROSSOVER"
"3478682720000000101","3478461673000000101","EROR","","2026-06-03T12:52:04Z","","CR","","I","","2026-06-03T12:52:04Z","2026-03-20","2031-06-20","","","","FALSE","","FALSE","25,000,000","","EUR","","","","","","","","","","","","","","","","","","","","","","","","","0.01","","","","","","","","","","","","false","","","","","","","","","","","","","","599184.00000","","","","","","","","","UFRO","EUR","","","","","false","1","","","","","","","","","","FALSE","","","","","","","","","QZTQ4GTC5QMF","NA/CDS Corp Idx","ITRAXX EUROPE"
"3478933140000000101","","NEWT","TRAD","2026-06-03T13:25:43Z","","CR","","I","TRUE","2026-06-03T13:25:43Z","2026-06-04","2031-06-20","","FALSE","BBSF","FALSE","FALSE","","50,000,000","","USD","","","","","","","","","","","","","","","","","","","","","","","","","0.01","","","","","","0.005082","","","","","","false","","","3","","","A004","","","","","","","","1220667.80000","MNTH","","","","3","","","","UFRO","USD","","","","","false","1","","","","","","","","","","FALSE","","","","","","","","","QZ3WVVQG5T8K","NA/CDS Corp Idx","CDX.NA.IG"
"3478950900000000101","","NEWT","TRAD","2026-06-03T13:27:20Z","","CR","","I","TRUE","2026-06-03T13:27:20Z","2026-06-04","2031-06-20","","FALSE","BBSF","FALSE","FALSE","","25,000,000","","USD","","","","","","","","","","","","","","","","","","","","","","","","","0.01","","","","","","0.00508384","","","","","","false","","","3","","","A004","","","","","","","","610121.12000","MNTH","","","","3","","","","UFRO","USD","","","","","false","1","","","","","","","","","","FALSE","","","","","","","","","QZ3WVVQG5T8K","NA/CDS Corp Idx","CDX.NA.IG"
"3478603470000000201","","NEWT","TRAD","2026-06-03T12:53:23Z","","CR","","N","FALSE","2026-06-03T12:53:23Z","2026-03-20","2026-09-16","","FALSE","BILT","FALSE","FALSE","TRUE","300,000,000","","USD","","","","","","","","","","","","","","","","","","","","","","","","2026-09-16","0.0055","","550,500","USD","","","1","","","","0.55","USD","false","","","3","","3","A004","","","","","","","","","MNTH","","","","3","","","","","","","","","","false","","","","","","","","","","","FALSE","","","","","","","","","QZ7WW76RFHN3","NA/CDS Idx Swt","NA/CDS Corp Idx"
"3477775622000000301","","NEWT","TRAD","2026-06-03T12:08:00Z","","CR","","I","TRUE","2026-06-03T12:08:00Z","2026-06-04","2031-06-20","","FALSE","BBSF","FALSE","FALSE","","100,000,000","","USD","","","","","","","","","","","","","","","","","","","","","","","","","0.01","","","","","","0.00507676","","","","","","false","","","3","","","A004","","","","","","","","2443759.50000","MNTH","","","","3","","","","UFRO","USD","","","","","false","1","","","","","","","","","","FALSE","","","","","","","","","QZ3WVVQG5T8K","NA/CDS Corp Idx","CDX.NA.IG"
"3478043101000000401","","NEWT","TRAD","2026-06-03T12:25:43Z","","CR","","I","TRUE","2026-06-03T12:25:43Z","2026-06-04","2031-06-20","","FALSE","BBSF","FALSE","FALSE","","10,000,000","","EUR","","","","","","","","","","","","","","","","","","","","","","","","","0.05","","","","","","0.026095","","","","","","false","","","3","","","A004","","","","","","","","1135497.27000","MNTH","","","","3","","","","UFRO","EUR","","","","","false","1","","","","","","","","","","FALSE","","","","","","","","","QZ3HM9KVK2WL","NA/CDS Corp Idx","ITRAXX EUROPE CROSSOVER"
"3478296082000000101","","NEWT","TRAD","2026-06-03T12:39:54Z","","CR","","I","TRUE","2026-06-03T12:39:54Z","2026-06-04","2031-06-20","","","TWSF","FALSE","FALSE","","25,000,000","","USD","","","","","","","","","","","","","","","","","","","","","","","","","0.05","","","","","","0.01081559","","","","","","false","","","3","","","A004","","","","","","","","2279835.25000","MNTH","","","","3","","","","UFRO","USD","","","","","false","0.99","","","","","","","","","","FALSE","","","","","","","","","QZHH8NT767RX","NA/CDS Corp Idx","CDX.NA.HY"
"3477742353000000101","","NEWT","TRAD","2026-06-03T12:04:52Z","","CR","","I","TRUE","2026-06-03T12:04:52Z","2026-06-04","2031-06-20","","","TWSF","FALSE","FALSE","","85,000,000","","USD","","","","","","","","","","","","","","","","","","","","","","","","","0.01","","","","","","0.005075","","","","","","false","","","3","","","A004","","","","","","","","2077887.61000","MNTH","","","","3","","","","UFRO","USD","","","","","false","1","","","","","","","","","","FALSE","","","","","","","","","QZ3WVVQG5T8K","NA/CDS Corp Idx","CDX.NA.IG"
"3478778028000000101","","NEWT","TRAD","2026-06-03T13:13:30Z","","CR","","I","TRUE","2026-06-03T13:13:30Z","2026-06-04","2031-06-20","","FALSE","BBSF","FALSE","TRUE","","50,000,000","","USD","","","","","","","","","","","","","","","","","","","","","","","","","0.05","","","","","","0.01081675","","","","","","false","","","3","","","A004","","","","","","","","4565412.50000","MNTH","","","","3","","","","UFRO","USD","","","","","false","0.99","","","","","","","","","","FALSE","","","","","","","","","QZHH8NT767RX","NA/CDS Corp Idx","CDX.NA.HY"
"3467379694000000101","","NEWT","TRAD","2026-06-03T07:46:38Z","","CR","","I","TRUE","2026-06-03T07:46:38Z","2026-06-04","2031-06-20","","FALSE","BBSF","FALSE","FALSE","","13,000,000","","EUR","","","","","","","","","","","","","","","","","","","","","","","","","0.05","","","","","","0.0261085","","","","","","false","","","3","","","A004","","","","","","","","1475325.29357","MNTH","","","","3","","","","UFRO","EUR","","","","","false","1","","","","","","","","","","FALSE","","","","","","","","","QZ3HM9KVK2WL","NA/CDS Corp Idx","ITRAXX EUROPE CROSSOVER"
"3467015256000000201","","NEWT","TRAD","2026-06-03T07:38:02Z","","CR","","I","TRUE","2026-06-03T07:38:02Z","2026-06-04","2031-06-20","","FALSE","BBSF","FALSE","TRUE","","46,423,803+","","EUR","","","","","","","","","","","","","","","","","","","","","","","","","0.05","","","","","","0.0261","","","","","","false","","","3","","","A004","","","","","","","","5270336.80843","MNTH","","","","3","","","","UFRO","EUR","","","","","false","1","","","","","","","","","","TRUE","","","","0.006746","","3","","","QZ3HM9KVK2WL","NA/CDS Corp Idx","ITRAXX EUROPE CROSSOVER"
"3479138457000000101","","NEWT","TRAD","2026-06-03T13:44:09Z","","CR","","I","TRUE","2026-06-03T13:44:09Z","2026-06-04","2031-06-20","","FALSE","BBSF","FALSE","FALSE","","20,000,000","","USD","","","","","","","","","","","","","","","","","","","","","","","","","0.05","","","","","","0.0108132222","","","","","","false","","","3","","","A004","","","","","","","","1819179.96000","MNTH","","","","3","","","","UFRO","USD","","","","","false","0.99","","","","","","","","","","FALSE","","","","","","","","","QZHH8NT767RX","NA/CDS Corp Idx","CDX.NA.HY"
"3479129162000001601","","NEWT","TRAD","2026-06-03T13:42:51Z","","CR","","I","TRUE","2026-06-03T13:42:51Z","2026-06-04","2031-06-20","","FALSE","BBSF","FALSE","FALSE","","15,000,000","","USD","","","","","","","","","","","","","","","","","","","","","","","","","0.05","","","","","","0.01081334","","","","","","false","","","3","","","A004","","","","","","","","1364559.90000","MNTH","","","","3","","","","UFRO","USD","","","","","false","0.99","","","","","","","","","","FALSE","","","","","","","","","QZHH8NT767RX","NA/CDS Corp Idx","CDX.NA.HY"
"3479129152000000601","","NEWT","TRAD","2026-06-03T13:42:43Z","","CR","","I","TRUE","2026-06-03T13:42:43Z","2026-06-04","2031-06-20","","FALSE","BBSF","FALSE","FALSE","","50,000,000","","EUR","","","","","","","","","","","","","","","","","","","","","","","","","0.01","","","","","","0.0053566","","","","","","false","","","3","","","A004","","","","","","","","1193804.91000","MNTH","","","","3","","","","UFRO","EUR","","","","","false","1","","","","","","","","","","FALSE","","","","","","","","","QZTQ4GTC5QMF","NA/CDS Corp Idx","ITRAXX EUROPE"
"3479115949000000301","","NEWT","TRAD","2026-06-03T13:41:06Z","","CR","","I","TRUE","2026-06-03T13:41:06Z","2026-06-04","2031-06-20","","FALSE","BBSF","FALSE","FALSE","","20,000,000","","USD","","","","","","","","","","","","","","","","","","","","","","","","","0.01","","","","","","0.005102","","","","","","false","","","3","","","A004","","","","","","","","486417.00000","MNTH","","","","3","","","","UFRO","USD","","","","","false","1","","","","","","","","","","FALSE","","","","","","","","","QZ3WVVQG5T8K","NA/CDS Corp Idx","CDX.NA.IG"
"3472922531000000101","","NEWT","TRAD","2026-06-03T09:20:19Z","","CR","","N","FALSE","2026-06-03T09:20:19Z","2026-03-20","2026-09-16","2031-06-20","FALSE","BILT","FALSE","FALSE","TRUE","343,880,019+","","EUR","","","","","","","","","","","","","","","","","","","","","","","","2026-09-16","0.01","","526,136.4","EUR","","","","","","","0.0065","","false","","","","","3","A004","","","","","","","","","MNTH","","","","3","","","","","","","","","","false","1","","","","","","","","","","FALSE","","","","","","","","","QZS1WNR5R2ND","NA/CDS Idx Swt","NA/CDS Corp Idx"
"3479068577000000401","","NEWT","TRAD","2026-06-03T13:35:22Z","","CR","","N","FALSE","2026-06-03T13:35:22Z","2026-06-04","2031-06-20","","FALSE","BILT","FALSE","FALSE","FALSE","4,000,000","","USD","","","","","","","","","","","","","","","","","","","","","","","","","0.01","","","","","","","","","","","","false","","","","","","A004","","","","","","","","97690.79483","MNTH","","","","3","","","","UFRO","USD","USD","","","","false","1","","","","","","","","","","FALSE","","","","","","","","","QZ3WVVQG5T8K","NA/CDS Corp Idx","CDX.NA.IG"
"3478971165000000101","","NEWT","TRAD","2026-06-03T13:29:05Z","","CR","","I","TRUE","2026-06-03T13:29:05Z","2026-06-04","2031-06-20","","FALSE","BBSF","FALSE","FALSE","","60,000,000","","EUR","","","","","","","","","","","","","","","","","","","","","","","","","0.01","","","","","","0.0053445","","","","","","false","","","3","","","A004","","","","","","","","1436034.23000","MNTH","","","","3","","","","UFRO","EUR","","","","","false","1","","","","","","","","","","FALSE","","","","","","","","","QZTQ4GTC5QMF","NA/CDS Corp Idx","ITRAXX EUROPE"
"3484036616000000401","","NEWT","TRAD","2026-06-03T20:13:06Z","","CR","","I","TRUE","2026-06-03T20:13:06Z","2026-03-20","2031-06-20","","FALSE","TPSE","FALSE","FALSE","","5,000,000","","USD","","","","","","","","","","","","","","","","","","","","","","","","","0.05","","","","","","108.085","","USD","","","","false","","","1","","","A004","","","","","","","","","MNTH","","","","3","","","","","","USD","","","","false","0.99","","","","","","","OTHR","","","FALSE","","","","","","","","","QZHH8NT767RX","NA/CDS Corp Idx","CDX.NA.HY"
"3478625938000000201","","NEWT","TRAD","2026-06-03T13:03:56Z","","CR","","I","TRUE","2026-06-03T13:03:56Z","2026-06-04","2031-06-20","","FALSE","BBSF","FALSE","FALSE","","10,000,000","","USD","","","","","","","","","","","","","","","","","","","","","","","","","0.05","","","","","","0.0108175","","","","","","false","","","3","","","A004","","","","","","","","913825.00000","MNTH","","","","3","","","","UFRO","USD","","","","","false","0.99","","","","","","","","","","FALSE","","","","","","","","","QZHH8NT767RX","NA/CDS Corp Idx","CDX.NA.HY"
"3483362266000000101","769036651","TERM","ETRM","2026-06-03T19:11:40Z","","CR","","N","FALSE","2023-10-05T17:56:43Z","2023-09-20","2028-12-20","2028-12-20","FALSE","BILT","FALSE","FALSE","TRUE","45,000,000","","EUR","","","","","","","","","","","","","","","","","","","","","","","","","0","","","","","","","","","","","","false","","","","","","A004","","","","","","","","","MNTH","","","","3","","","","","","","","","","false","1","","","","","","","","","","FALSE","","","","","","","","","QZ6QZQ31259T","NA/CDS Corp Idx Tra","ITRAXX EUROPE CROSSOVER"
"3483742345000000101","","NEWT","TRAD","2026-06-03T19:40:52Z","","CR","","I","TRUE","2026-06-03T19:40:52Z","2026-06-04","2031-06-20","","FALSE","BBSF","FALSE","FALSE","","10,000,000","","USD","","","","","","","","","","","","","","","","","","","","","","","","","0.05","","","","","","0.01081075","","","","","","false","","","3","","","A004","","","","","","","","907142.50000","MNTH","","","","3","","","","UFRO","USD","","","","","false","0.99","","","","","","","","","","FALSE","","","","","","","","","QZHH8NT767RX","NA/CDS Corp Idx","CDX.NA.HY"
"3483377785000000101","3454344654000000101","CORR","","2026-06-03T19:22:43Z","","CR","","N","FALSE","2026-05-21T14:10:08Z","2026-08-19","2026-08-19","","FALSE","BILT","FALSE","FALSE","TRUE","400,000,000+","","USD","","","","","","","","","","","","","","","","","","","","","","","","2026-08-19","","","0","","","","","","","","0.01","","false","","","","","3","A004","","","","","","","","0.00000","MNTH","","","","3","","","","UFRO","USD","","","","","false","","","","","","","","","","","FALSE","","","","","","","","","QZT4QS79CCTS","NA/CDS Idx Swt","NA/CDS Corp Idx"
"3483910906000000101","","NEWT","TRAD","2026-06-03T19:52:15Z","","CR","","I","TRUE","2026-06-03T19:52:15Z","2026-03-20","2031-06-20","","FALSE","TPSE","FALSE","FALSE","","25,000,000","","USD","","","","","","","","","","","","","","","","","","","","","","","","","0.01","","","","","","0.00511","","","","","","false","","","3","","","A004","","","","","","","","","MNTH","","","","3","","","","","","USD","","","","false","1","","","","","","","OTHR","","","FALSE","","","","","","","","","QZ3WVVQG5T8K","NA/CDS Corp Idx","CDX.NA.IG"
"3483910119000000101","","NEWT","TRAD","2026-06-03T19:51:52Z","","CR","","I","TRUE","2026-06-03T19:51:52Z","2026-06-04","2030-12-20","","FALSE","BBSF","FALSE","FALSE","","2,000,000","","USD","","","","","","","","","","","","","","","","","","","","","","","","","0.05","","","","","","0.01082","","","","","","false","","","3","","","A004","","","","","","","","181409.11565","MNTH","","","","3","","","","UFRO","USD","","","","","false","0.98","","","","","","","","","","FALSE","","","","","","","","","QZMD5JCHG48C","NA/CDS Corp Idx","CDX.NA.HY"
"3483900112000000201","","NEWT","TRAD","2026-06-03T19:44:24Z","","CR","","I","TRUE","2026-06-03T19:44:24Z","2026-06-04","2031-06-20","","FALSE","BBSF","FALSE","FALSE","","800,000","","USD","","","","","","","","","","","","","","","","","","","","","","","","","0.05","","","","","","0.01081164","","","","","","false","","","3","","","A004","","","","","","","","72641.89000","MNTH","","","","3","","","","UFRO","USD","","","","","false","0.99","","","","","","","","","","FALSE","","","","","","","","","QZHH8NT767RX","NA/CDS Corp Idx","CDX.NA.HY"
"3483917891000000301","","NEWT","TRAD","2026-06-03T19:59:02Z","","CR","","I","TRUE","2026-06-03T19:59:02Z","2026-06-04","2031-06-20","","","TWSF","FALSE","FALSE","","480,000","","USD","","","","","","","","","","","","","","","","","","","","","","","","","0.05","","","","","","0.01081075","","","","","","false","","","3","","","A004","","","","","","","","43542.81428","MNTH","","","","3","","","","UFRO","USD","","","","","false","0.99","","","","","","","","","","FALSE","","","","","","","","","QZHH8NT767RX","NA/CDS Corp Idx","CDX.NA.HY"
"3483927598000000101","","NEWT","TRAD","2026-06-03T20:01:16Z","","CR","","I","TRUE","2026-06-03T20:01:16Z","2026-06-04","2031-06-20","","FALSE","BBSF","FALSE","FALSE","","35,000,000","","USD","","","","","","","","","","","","","","","","","","","","","","","","","0.01","","","","","","0.00511015","","","","","","false","","","3","","","A004","","","","","","","","849910.54000","MNTH","","","","3","","","","UFRO","USD","","","","","false","1","","","","","","","","","","FALSE","","","","","","","","","QZ3WVVQG5T8K","NA/CDS Corp Idx","CDX.NA.IG"
"3483942136000000501","","NEWT","TRAD","2026-06-03T20:02:15Z","","CR","","I","FALSE","2026-06-03T20:02:15Z","2026-03-20","2031-06-20","","FALSE","TPSE","FALSE","FALSE","","20,000,000","","USD","","","","","","","","","","","","","","","","","","","","","","","","","0.01","","","","","","97.76","","USD","","","","false","","","1","","","A004","","","","","","","","","MNTH","","","","3","","","","","","USD","","","","false","1","","","","","","","OTHR","","","FALSE","","","","","","","","","QZ4JMQKL3P03","NA/CDS Corp Idx","CDX.EM"
"3484799717000000201","","NEWT","TRAD","2026-06-03T20:42:15Z","","CR","","I","FALSE","2026-06-03T20:42:15Z","2026-06-04","2031-06-20","","FALSE","BBSF","FALSE","FALSE","","13,000,000","","USD","","","","","","","","","","","","","","","","","","","","","","","","","0.01","","","","","","0.0097746","","","","","","false","","","3","","","A004","","","","","","","","265575.55440","MNTH","","","","3","","","","UFRO","USD","","","","","false","1","","","","","","","","","","FALSE","","","","","","","","","QZ4JMQKL3P03","NA/CDS Corp Idx","CDX.EM"
"3483913638000000201","3483912337000000101","MODI","TRAD","2026-06-03T19:54:17Z","TRUE","CR","","I","TRUE","2026-06-03T19:52:47Z","2026-03-20","2031-06-20","","FALSE","TPSE","FALSE","FALSE","","50,000,000","","USD","","","","","","","","","","","","","","","","","","","","","","","","","0.01","","","","","","0.00511","","","","","","false","","","3","","","A004","","","","","","","","","MNTH","","","","3","","","","","","USD","","","","false","1","","","","","","","OTHR","","","FALSE","","","","","","","","","QZ3WVVQG5T8K","NA/CDS Corp Idx","CDX.NA.IG"
"3484051770000000202","3484036615000000302","MODI","TRAD","2026-06-03T20:13:33Z","TRUE","CR","","I","TRUE","2026-06-03T20:12:51Z","2026-03-20","2031-06-20","","FALSE","TPSE","FALSE","FALSE","","5,000,000","","USD","","","","","","","","","","","","","","","","","","","","","","","","","0.05","","","","","","108.085","","USD","","","","false","","","1","","","A004","","","","","","","","","MNTH","","","","3","","","","","","USD","","","","false","0.99","","","","","","","OTHR","","","FALSE","","","","","","","","","QZHH8NT767RX","NA/CDS Corp Idx","CDX.NA.HY"
"3481421141000000201","","NEWT","TRAD","2026-06-03T16:36:36Z","","CR","","I","TRUE","2026-06-03T16:36:36Z","2026-06-04","2031-06-20","","FALSE","BBSF","FALSE","FALSE","","10,000,000","","USD","","","","","","","","","","","","","","","","","","","","","","","","","0.05","","","","","","0.010808","","","","","","false","","","3","","","A004","","","","","","","","904420.00000","MNTH","","","","3","","","","UFRO","USD","","","","","false","0.99","","","","","","","","","","FALSE","","","","","","","","","QZHH8NT767RX","NA/CDS Corp Idx","CDX.NA.HY"
"3484116444000000201","3484098410000000101","MODI","TRAD","2026-06-03T20:17:49Z","TRUE","CR","","I","TRUE","2026-06-03T20:15:57Z","2026-03-20","2031-06-20","","FALSE","TPSE","FALSE","FALSE","","15,000,000","","USD","","","","","","","","","","","","","","","","","","","","","","","","","0.05","","","","","","108.085","","USD","","","","false","","","1","","","A004","","","","","","","","","MNTH","","","","3","","","","","","USD","","","","false","0.99","","","","","","","OTHR","","","FALSE","","","","","","","","","QZHH8NT767RX","NA/CDS Corp Idx","CDX.NA.HY"
"3484736365000000101","","NEWT","TRAD","2026-06-03T20:39:44Z","","CR","","I","TRUE","2026-06-03T20:39:44Z","2026-06-04","2031-06-20","","FALSE","BBSF","FALSE","FALSE","","25,000,000","","USD","","","","","","","","","","","","","","","","","","","","","","","","","0.01","","","","","","0.00514111","","","","","","false","","","3","","","A004","","","","","","","","603499.96000","MNTH","","","","3","","","","UFRO","USD","","","","","false","1","","","","","","","","","","FALSE","","","","","","","","","QZ3WVVQG5T8K","NA/CDS Corp Idx","CDX.NA.IG"
"3484524671000000101","","NEWT","TRAD","2026-06-03T20:32:02Z","","CR","","I","FALSE","2026-06-03T20:32:02Z","2026-06-04","2031-06-20","","FALSE","BBSF","FALSE","FALSE","","25,000,000","","USD","","","","","","","","","","","","","","","","","","","","","","","","","0.01","","","","","","0.009774","","","","","","false","","","3","","","A004","","","","","","","","512222.22000","MNTH","","","","3","","","","UFRO","USD","","","","","false","1","","","","","","","","","","FALSE","","","","","","","","","QZ4JMQKL3P03","NA/CDS Corp Idx","CDX.EM"
"3484206505000000101","","NEWT","TRAD","2026-06-03T20:21:27Z","","CR","","I","TRUE","2026-06-03T20:21:27Z","2026-06-04","2031-06-20","","FALSE","BBSF","FALSE","FALSE","","1,000,000","","USD","","","","","","","","","","","","","","","","","","","","","","","","","0.01","","","","","","0.005128","","","","","","false","","","3","","","A004","","","","","","","","24200.61000","MNTH","","","","3","","","","UFRO","USD","","","","","false","1","","","","","","","","","","FALSE","","","","","","","","","QZ3WVVQG5T8K","NA/CDS Corp Idx","CDX.NA.IG"
"3485087552000000101","","NEWT","TRAD","2026-06-03T20:55:51Z","","CR","","I","TRUE","2026-06-03T20:55:51Z","2026-06-04","2031-06-20","","FALSE","BBSF","FALSE","FALSE","","1,000,000","","USD","","","","","","","","","","","","","","","","","","","","","","","","","0.05","","","","","","0.01080596","","","","","","false","","","3","","","A004","","","","","","","","90239.68071","MNTH","","","","3","","","","UFRO","USD","","","","","false","0.99","","","","","","","","","","FALSE","","","","","","","","","QZHH8NT767RX","NA/CDS Corp Idx","CDX.NA.HY"
"3478053550000000301","","NEWT","TRAD","2026-06-03T12:26:09Z","","CR","","I","TRUE","2026-06-03T12:26:09Z","2026-06-04","2031-06-20","","FALSE","BBSF","FALSE","FALSE","","120,000,000","","EUR","","","","","","","","","","","","","","","","","","","","","","","","","0.01","","","","","","0.0053285","","","","","","false","","","3","","","A004","","","","","","","","2881247.88097","MNTH","","","","3","","","","UFRO","EUR","","","","","false","1","","","","","","","","","","FALSE","","","","","","","","","QZTQ4GTC5QMF","NA/CDS Corp Idx","ITRAXX EUROPE"
"3477929023000000101","","NEWT","TRAD","2026-06-03T12:20:03Z","","CR","","I","TRUE","2026-06-03T12:20:03Z","2026-06-04","2031-06-20","","FALSE","BBSF","FALSE","TRUE","","250,000,000+","","USD","","","","","","","","","","","","","","","","","","","","","","","","","0.01","","","","","","0.005075","","","","","","false","","","3","","","A004","","","","","","","","6111453.70838","MNTH","","","","3","","","","UFRO","USD","","","","","false","1","","","","","","","","","","TRUE","","","","0.005075","","3","","","QZ3WVVQG5T8K","NA/CDS Corp Idx","CDX.NA.IG"
"3478109361000000101","","NEWT","TRAD","2026-06-03T10:33:10Z","","CR","","I","FALSE","2026-06-03T10:33:10Z","2026-03-20","2026-07-15","2031-06-20","FALSE","BILT","FALSE","FALSE","TRUE","50,000,000","","EUR","","","","","","","","","","","","","","","","","","","","","","","","2026-07-15","0.05","","262,500","EUR","","","","","","","0.0275","","false","","","","","3","A004","","","","","","","","","MNTH","","","","3","","","","","","","","","","false","1","","","","","","","","","","FALSE","","","","","","","","","QZTL0V3X916X","NA/CDS Idx Swt","NA/CDS Corp Idx"
"3477826416000000101","","NEWT","TRAD","2026-06-03T12:12:15Z","","CR","","I","TRUE","2026-06-03T12:12:15Z","2026-06-04","2031-06-20","","","TWSF","FALSE","TRUE","","130,000,000","","EUR","","","","","","","","","","","","","","","","","","","","","","","","","0.01","","","","","","0.005325","","","","","","false","","","3","","","A004","","","","","","","","3123519.57840","MNTH","","","","3","","","","UFRO","EUR","","","","","false","1","","","","","","","","","","TRUE","","","","0.2385","","3","","","QZTQ4GTC5QMF","NA/CDS Corp Idx","ITRAXX EUROPE"
"3479817954000000101","","NEWT","TRAD","2026-06-03T14:41:34Z","","CR","","I","TRUE","2026-06-03T14:41:34Z","2026-06-04","2031-06-20","","FALSE","BBSF","FALSE","FALSE","","55,000,000","","USD","","","","","","","","","","","","","","","","","","","","","","","","","0.01","","","","","","0.0050745","","","","","","false","","","3","","","A004","","","","","","","","1344642.73000","MNTH","","","","3","","","","UFRO","USD","","","","","false","1","","","","","","","","","","FALSE","","","","","","","","","QZ3WVVQG5T8K","NA/CDS Corp Idx","CDX.NA.IG"
"3477985841000000201","","NEWT","TRAD","2026-06-03T12:22:47Z","","CR","","I","TRUE","2026-06-03T12:22:47Z","2026-06-04","2031-06-20","","FALSE","BBSF","FALSE","FALSE","","20,000,000","","USD","","","","","","","","","","","","","","","","","","","","","","","","","0.05","","","","","","0.010818","","","","","","false","","","3","","","A004","","","","","","","","1828640.00000","MNTH","","","","3","","","","UFRO","USD","","","","","false","0.99","","","","","","","","","","FALSE","","","","","","","","","QZHH8NT767RX","NA/CDS Corp Idx","CDX.NA.HY"
"3478135071000000101","","NEWT","TRAD","2026-06-03T12:26:21Z","","CR","","I","TRUE","2026-06-03T12:26:21Z","2025-09-22","2030-12-20","","","BILT","FALSE","FALSE","FALSE","30,000,000","","EUR","","","","","","","","","","","","","","","","","","","","","","","","","0.05","","","","","","","","","","","","false","","","","","","A004","","","","","","","","3603010.00000","MNTH","","","","3","","","","UFRO","EUR","","","","","false","1","","","","","","","","","","FALSE","","","","","","","","","QZ5F5FRS4TR9","NA/CDS Corp Idx","ITRAXX EUROPE CROSSOVER"
"3471244688000000101","","NEWT","TRAD","2026-06-03T08:54:34Z","","CR","","I","TRUE","2026-06-03T08:54:34Z","2026-06-04","2031-06-20","","","TWSF","FALSE","FALSE","","25,000,000","","EUR","","","","","","","","","","","","","","","","","","","","","","","","","0.01","","","","","","0.0053333","","","","","","false","","","3","","","A004","","","","","","","","599685.37000","MNTH","","","","3","","","","UFRO","EUR","","","","","false","1","","","","","","","","","","FALSE","","","","","","","","","QZTQ4GTC5QMF","NA/CDS Corp Idx","ITRAXX EUROPE"
"3479634876000000302","3479623400000000701","MODI","TRAD","2026-06-03T14:23:08Z","TRUE","CR","","I","TRUE","2026-06-03T14:21:22Z","2026-03-20","2031-06-20","","FALSE","TPSE","FALSE","FALSE","","20,000,000","","USD","","","","","","","","","","","","","","","","","","","","","","","","","0.05","","","","","","108.14","","USD","","","","false","","","1","","","A004","","","","","","","","","MNTH","","","","3","","","","","","USD","","","","false","0.99","","","","","","","OTHR","","","FALSE","","","","","","","","","QZHH8NT767RX","NA/CDS Corp Idx","CDX.NA.HY"
"3483339180000000201","","NEWT","TRAD","2026-06-03T18:58:49Z","","CR","","N","FALSE","2026-06-03T18:58:49Z","2026-06-05","2051-05-10","2051-05-10","TRUE","BILT","FALSE","FALSE","TRUE","54,000,000","","USD","","","","","","","","","","","","","","","","","","","","","","","","","","","","","","","1","","","","","","false","","","4","","","","","A004","","DAIL","","1","","","","","","","","","","","","","USD","","","","true","","","","","","","","OPET","","","FALSE","","","","","","","","","QZWBC8GZ8TBN","NA/CDS Corp Oth","Basket"
"3481684509000000101","","NEWT","TRAD","2026-06-03T16:54:36Z","","CR","","N","FALSE","2026-06-03T16:54:36Z","2024-09-20","2029-12-20","","FALSE","BILT","FALSE","FALSE","TRUE","30,000,000","","USD","","","","","","","","","","","","","","","","","","","","","","","","","0.05","","","","","","","","","","","","false","","","","","","A004","","","","","","","","3343666.67000","MNTH","","","","3","","","","UFRO","USD","USD","","","","true","0.98","","","","","","","","","","FALSE","","","","","","","","","QZCSGQZZML3P","NA/CDS Corp Idx Tra","CDX.NA.HY"
"3483005664000000101","","NEWT","TRAD","2026-06-03T17:26:39Z","","CR","","I","TRUE","2026-06-03T17:26:39Z","2026-06-04","2031-06-20","","FALSE","BBSF","FALSE","FALSE","","5,000,000","","USD","","","","","","","","","","","","","","","","","","","","","","","","","0.05","","","","","","0.010810533","","","","","","false","","","3","","","A004","","","","","","","","453463.84000","MNTH","","","","3","","","","UFRO","USD","","","","","false","0.99","","","","","","","","","","FALSE","","","","","","","","","QZHH8NT767RX","NA/CDS Corp Idx","CDX.NA.HY"
"3483039897000000401","","NEWT","TRAD","2026-06-03T17:35:37Z","","CR","","I","TRUE","2026-06-03T17:35:37Z","2026-06-04","2031-06-20","","FALSE","BBSF","FALSE","FALSE","","15,000,000","","USD","","","","","","","","","","","","","","","","","","","","","","","","","0.05","","","","","","0.010812","","","","","","false","","","3","","","A004","","","","","","","","1362570.00000","MNTH","","","","3","","","","UFRO","USD","","","","","false","0.99","","","","","","","","","","FALSE","","","","","","","","","QZHH8NT767RX","NA/CDS Corp Idx","CDX.NA.HY"
"3483341623000000101","2270169360000000401","TERM","ETRM","2026-06-03T19:02:39Z","","CR","","N","FALSE","2026-03-05T19:25:35Z","2026-06-05","2115-09-15","2115-09-15","TRUE","BILT","FALSE","FALSE","TRUE","40,000,000","","USD","","","","","","","","","","","","","","","","","","","","","","","","","","","","","","","1","","","","","","false","","","4","","","","","A004","","DAIL","","1","","","","","","","","","","","","","USD","","","","true","","","","","","","","OPET","","","FALSE","","","","","","","","","QZWBC8GZ8TBN","NA/CDS Corp Oth","Basket"
"3483337501000000601","2319012483000001601","TERM","ETRM","2026-06-03T19:02:24Z","","CR","","N","FALSE","2026-03-10T15:45:53Z","2026-06-05","2051-05-10","2051-05-10","TRUE","BILT","FALSE","FALSE","TRUE","48,000,000","","USD","","","","","","","","","","","","","","","","","","","","","","","","","","","","","","","1","","","","","","false","","","4","","","","","A004","","DAIL","","1","","","","","","","","","","","","","USD","","","","true","","","","","","","","OPET","","","FALSE","","","","","","","","","QZWBC8GZ8TBN","NA/CDS Corp Oth","Basket"
"3483419696000000101","","NEWT","TRAD","2026-06-03T19:29:57Z","","CR","","I","TRUE","2026-06-03T19:29:57Z","2026-06-04","2031-06-20","","FALSE","BBSF","FALSE","FALSE","","10,000,000","","USD","","","","","","","","","","","","","","","","","","","","","","","","","0.05","","","","","","0.0108095","","","","","","false","","","3","","","A004","","","","","","","","905905.00000","MNTH","","","","3","","","","UFRO","USD","","","","","false","0.99","","","","","","","","","","FALSE","","","","","","","","","QZHH8NT767RX","NA/CDS Corp Idx","CDX.NA.HY"
"3483422041000000101","","NEWT","TRAD","2026-06-03T19:33:04Z","","CR","","N","FALSE","2026-06-03T19:33:04Z","2026-06-03","2058-12-17","","FALSE","BILT","FALSE","FALSE","FALSE","5,000,000","","USD","","","","","","","","","","","","","","","","","","","","","","","","","0.05","","","","","","","","","","","","false","","","","","","A004","","","","","","","","684375.00000","MNTH","","","","1","","","","UFRO","USD","USD","","","","false","1","","","","","","","","","","FALSE","","","","","","","","","QZL67P4FP1NK","NA/CDS Corp Idx","CMBX.NA.BB"
"3485716366000000101","","NEWT","TRAD","2026-06-03T20:00:17Z","","CR","","N","FALSE","2026-06-03T20:00:17Z","2026-06-04","2026-10-15","","TRUE","XOFF","FALSE","FALSE","TRUE","14,000,000","","USD","","","","","","","","","","","","","","","","","","","","","","","","","","","","","","","0.0012","","","","","","false","","","3","","","","","A004","","","","","","","","YEAR","","","","1","","","","","USD","","","","false","","","","","","","","","","","FALSE","","","","","","","","","QZLTNJ2JWSFW","NA/CDS Corp SN","DTD 11/15/2024"
"3485319321000000101","","NEWT","TRAD","2026-06-03T21:11:16Z","","CR","","N","FALSE","2026-06-03T21:11:16Z","2026-06-04","2064-11-18","","FALSE","BILT","FALSE","FALSE","TRUE","50,000,000+","","USD","","","","","","","","","","","","","","","","","","","","","","","","","0.03","","","","","","","","","","","","false","","","","","","A004","","","","","","","","7228125.00000","MNTH","","","","1","","","","UFRO","USD","USD","","","","false","1","","","","","","","","","","FALSE","","","","","","","","","QZPD14V70KWX","NA/CDS Corp Idx","CMBX.NA.BBB-"
"3464071620000000101","2389053305000000201","MODI","TRAD","2026-06-03T03:27:03Z","TRUE","CR","","N","FALSE","2024-02-26T20:10:18Z","2024-02-26","2026-08-05","","FALSE","BILT","FALSE","FALSE","TRUE","33,000,000","","USD","","","","","","","","","","","","","","","","","","","","","","","","","","","","","","","","","","","","","false","","","","","","","","","","","","","","0.00000","","","","","","","","","UFRO","USD","USD","","","","true","","","","","","","","","","","FALSE","","","","","","","","","QZRR0D5S3SHF","NA/CDS Corp Basket","Basket"
"3479634878000000501","","NEWT","TRAD","2026-06-03T14:23:16Z","","CR","","I","TRUE","2026-06-03T14:23:16Z","2026-06-04","2031-06-20","","FALSE","BBSF","FALSE","FALSE","","60,000,000","","USD","","","","","","","","","","","","","","","","","","","","","","","","","0.01","","","","","","0.0051","","","","","","false","","","3","","","A004","","","","","","","","1459806.01000","MNTH","","","","3","","","","UFRO","USD","","","","","false","1","","","","","","","","","","TRUE","","","","0.0051","","3","","","QZ3WVVQG5T8K","NA/CDS Corp Idx","CDX.NA.IG"
"3483403237000000101","","NEWT","TRAD","2026-06-03T19:24:57Z","","CR","","I","FALSE","2026-06-03T19:24:57Z","2026-06-04","2031-06-20","","","TWSF","FALSE","FALSE","","2,000,000","","USD","","","","","","","","","","","","","","","","","","","","","","","","","0.05","","","","","","0.01080921","","","","","","false","","","3","","","A004","","","","","","","","181123.13386","MNTH","","","","3","","","","UFRO","USD","","","","","false","0.99","","","","","","","","","","FALSE","","","","","","","","","QZHH8NT767RX","NA/CDS Corp Idx","CDX.NA.HY"
"3479625243000000901","","NEWT","TRAD","2026-06-03T14:22:09Z","","CR","","I","TRUE","2026-06-03T14:22:09Z","2026-03-20","2031-06-20","","FALSE","TPSE","FALSE","FALSE","","20,000,000","","USD","","","","","","","","","","","","","","","","","","","","","","","","","0.05","","","","","","108.14","","USD","","","","false","","","1","","","A004","","","","","","","","","MNTH","","","","3","","","","","","USD","","","","false","0.99","","","","","","","OTHR","","","FALSE","","","","","","","","","QZHH8NT767RX","NA/CDS Corp Idx","CDX.NA.HY"
"3479631088000000801","","NEWT","TRAD","2026-06-03T14:22:49Z","","CR","","I","TRUE","2026-06-03T14:22:49Z","2026-03-20","2031-06-20","","FALSE","TPSE","FALSE","FALSE","","15,000,000","","USD","","","","","","","","","","","","","","","","","","","","","","","","","0.05","","","","","","108.135","","USD","","","","false","","","1","","","A004","","","","","","","","","MNTH","","","","3","","","","","","USD","","","","false","0.99","","","","","","","OTHR","","","FALSE","","","","","","","","","QZHH8NT767RX","NA/CDS Corp Idx","CDX.NA.HY"
"3479212670000000601","","NEWT","NOVA","2026-06-03T13:51:37Z","","CR","","N","FALSE","2026-06-02T17:26:36Z","2026-06-03","2026-06-20","","FALSE","BILT","FALSE","FALSE","TRUE","5,000,000","5,000,000","USD","USD","","","","","","","","","","","","","","","","","","","","","","","","0","","","","","","","","","","","","false","","","","","","A004","","","A004","","DAIL","","1","","EXPI","","","MNTH","1","","","3","","","USD","USD","","","false","1","","","","","","","","","","FALSE","","","","","","","","","QZCSNS8T7JMT","NA/CDS Corp Idx","IBOXX USD LIQUID IG"
"3479586226000000101","3479572096000000501","MODI","TRAD","2026-06-03T14:18:50Z","TRUE","CR","","I","TRUE","2026-06-03T14:18:12Z","2026-03-20","2031-06-20","","FALSE","TPSE","FALSE","FALSE","","150,000,000","","USD","","","","","","","","","","","","","","","","","","","","","","","","","0.01","","","","","","0.005085","","","","","","false","","","3","","","A004","","","","","","","","","MNTH","","","","3","","","","","","USD","","","","false","1","","","","","","","OTHR","","","FALSE","","","","","","","","","QZ3WVVQG5T8K","NA/CDS Corp Idx","CDX.NA.IG"
"3480083000000000201","","NEWT","TRAD","2026-06-03T15:12:09Z","","CR","","I","FALSE","2026-06-03T15:12:09Z","2026-06-04","2031-06-20","","","TWSF","FALSE","FALSE","","5,000,000","","USD","","","","","","","","","","","","","","","","","","","","","","","","","0.01","","","","","","0.009779","","","","","","false","","","3","","","A004","","","","","","","","99944.45711","MNTH","","","","3","","","","UFRO","USD","","","","","false","1","","","","","","","","","","FALSE","","","","","","","","","QZ4JMQKL3P03","NA/CDS Corp Idx","CDX.EM"
"3474728791000000401","","NEWT","TRAD","2026-06-03T10:07:06Z","","CR","","I","TRUE","2026-06-03T10:07:06Z","2026-06-04","2031-06-20","","FALSE","BBSF","FALSE","FALSE","","10,000,000","","EUR","","","","","","","","","","","","","","","","","","","","","","","","","0.05","","","","","","0.0260165","","","","","","false","","","3","","","A004","","","","","","","","1139204.09000","MNTH","","","","3","","","","UFRO","EUR","","","","","false","1","","","","","","","","","","FALSE","","","","","","","","","QZ3HM9KVK2WL","NA/CDS Corp Idx","ITRAXX EUROPE CROSSOVER"
"3480563720000000101","3480133097000000301","EROR","","2026-06-03T15:50:23Z","","CR","","","","2026-06-03T15:14:24Z","2026-06-03","2026-08-19","","","","","","FALSE","","","","","","","","","","","","","","","","","","","","","","","","","","","","0.05","","","","","","","","","","","","","","","","","","","","","","","","","","","","","","","","","","","","","","","","","","","","","","","","","","","","","","","","","","","","","QZHJMSG8W2ZX","NA/CDS Idx Swt","NA/CDS Corp Idx"
"3480091277000000201","","NEWT","TRAD","2026-06-03T15:12:58Z","","CR","","I","TRUE","2026-06-03T15:12:58Z","2026-06-04","2031-06-20","","FALSE","BBSF","FALSE","FALSE","","3,000,000","","USD","","","","","","","","","","","","","","","","","","","","","","","","","0.05","","","","","","0.010815347","","","","","","false","","","3","","","A004","","","","","","","","273509.19276","MNTH","","","","3","","","","UFRO","USD","","","","","false","0.99","","","","","","","","","","FALSE","","","","","","","","","QZHH8NT767RX","NA/CDS Corp Idx","CDX.NA.HY"
"3480087619000000101","","NEWT","TRAD","2026-06-03T15:12:23Z","","CR","","I","TRUE","2026-06-03T15:12:23Z","2026-06-04","2031-06-20","","FALSE","BBSF","FALSE","FALSE","","2,000,000","","EUR","","","","","","","","","","","","","","","","","","","","","","","","","0.05","","","","","","0.0261863","","","","","","false","","","3","","","A004","","","","","","","","226237.55298","MNTH","","","","3","","","","UFRO","EUR","","","","","false","1","","","","","","","","","","FALSE","","","","","","","","","QZ3HM9KVK2WL","NA/CDS Corp Idx","ITRAXX EUROPE CROSSOVER"
"3480211526000000301","","NEWT","TRAD","2026-06-03T15:25:33Z","","CR","","I","TRUE","2026-06-03T15:25:33Z","2026-06-04","2031-06-20","","FALSE","BBSF","FALSE","FALSE","","28,000,000","","EUR","","","","","","","","","","","","","","","","","","","","","","","","","0.01","","","","","","0.00536888","","","","","","false","","","3","","","A004","","","","","","","","666888.28000","MNTH","","","","3","","","","UFRO","EUR","","","","","false","1","","","","","","","","","","FALSE","","","","","","","","","QZTQ4GTC5QMF","NA/CDS Corp Idx","ITRAXX EUROPE"
"3480172667000000201","","NEWT","TRAD","2026-06-03T15:20:33Z","","CR","","I","TRUE","2026-06-03T15:20:33Z","2026-03-20","2031-06-20","","FALSE","TPSE","FALSE","FALSE","","100,000,000","","USD","","","","","","","","","","","","","","","","","","","","","","","","","0.01","","","","","","0.005085","","","","","","false","","","3","","","A004","","","","","","","","","MNTH","","","","3","","","","","","USD","","","","false","1","","","","","","","OTHR","","","FALSE","","","","","","","","","QZ3WVVQG5T8K","NA/CDS Corp Idx","CDX.NA.IG"
"3483119970000000101","3480350099000000101","CORR","","2026-06-03T17:55:27Z","","CR","","N","FALSE","2026-06-03T15:35:45Z","2026-03-20","2026-07-15","2031-06-20","FALSE","BILT","FALSE","FALSE","TRUE","60,000,000","","USD","","","","","","","","","","","","","","","","","","","","","","","","2026-07-15","0.05","","201,960","USD","","","","","","","108","USD","false","","","","","1","A004","","","","","","","","","MNTH","","","","3","","","","","","","","","","false","1","","","","","","","","","","FALSE","","","","","","","","","QZHRHKT5ZH3K","NA/CDS Idx Swt","NA/CDS Corp Idx"
"3479785469000000101","","NEWT","TRAD","2026-06-03T14:36:38Z","","CR","","I","TRUE","2026-06-03T14:36:38Z","2026-06-04","2031-06-20","","FALSE","BBSF","FALSE","FALSE","","25,000,000","","USD","","","","","","","","","","","","","","","","","","","","","","","","","0.01","","","","","","0.0050819","","","","","","false","","","3","","","A004","","","","","","","","610345.47000","MNTH","","","","3","","","","UFRO","USD","","","","","false","1","","","","","","","","","","FALSE","","","","","","","","","QZ3WVVQG5T8K","NA/CDS Corp Idx","CDX.NA.IG"
"3479594219000000201","3479226581000000301","MODI","TRAD","2026-06-03T14:11:38Z","FALSE","CR","","N","FALSE","2026-06-03T13:26:51Z","2026-06-03","2026-06-10","","FALSE","BILT","FALSE","FALSE","TRUE","99,503,985","100,000,000","USD","USD","","","","","","","","","","","","","","","","","","","","","","","","0.038126","0.038126","","","","","","","","","","","false","","","","","","","","","","","","","","","EXPI","","","","1","","","","","","","USD","","","false","","","","","","","","","","","FALSE","","","","","","","","","QZ57DSB64DNJ","NA/CDS Corp SN","DTD 03/15/2025"
"3479800495000000201","","NEWT","TRAD","2026-06-03T14:39:10Z","","CR","","I","FALSE","2026-06-03T14:39:10Z","2026-06-04","2031-06-20","","FALSE","BBSF","FALSE","FALSE","","15,000,000","","USD","","","","","","","","","","","","","","","","","","","","","","","","","0.01","","","","","","0.0097797","","","","","","false","","","3","","","A004","","","","","","","","298782.53773","MNTH","","","","3","","","","UFRO","USD","","","","","false","1","","","","","","","","","","FALSE","","","","","","","","","QZ4JMQKL3P03","NA/CDS Corp Idx","CDX.EM"
"3479594220000000301","3479226580000000201","MODI","TRAD","2026-06-03T14:12:37Z","FALSE","CR","","N","FALSE","2026-06-03T13:26:51Z","2026-06-03","2026-06-10","","FALSE","BILT","FALSE","FALSE","TRUE","400,000,000+","385,603,487","USD","USD","","","","","","","","","","","","","","","","","","","","","","","","0.038227","0.038227","","","","","","","","","","","false","","","","","","","","","","","","","","","EXPI","","","","1","","","","","","","USD","","","false","","","","","","","","","","","FALSE","","","","","","","","","QZW6JMD69LC6","NA/CDS Corp SN","DTD 05/15/2025"
"3479640234000000501","","NEWT","TRAD","2026-06-03T14:21:34Z","","CR","","N","FALSE","2026-06-03T14:21:34Z","2026-06-03","2026-10-21","2031-06-20","FALSE","BILT","FALSE","FALSE","TRUE","400,000,000+","","USD","","","","","","","","","","","","","","","","","","","","","","","","2026-10-21","0.01","","371,997.675","USD","","","","","","","0.008","","false","","","","","3","A004","","","","","","","","","MNTH","","","","3","","","","","","","","","","false","1","","","","","","","","","","FALSE","","","","","","","","","QZT4QS79CCTS","NA/CDS Idx Swt","NA/CDS Corp Idx"
"3479893680000000101","","NEWT","TRAD","2026-06-03T14:49:12Z","","CR","","I","TRUE","2026-06-03T14:49:12Z","2026-06-04","2031-06-20","","FALSE","BBSF","FALSE","FALSE","","110,000,000","","EUR","","","","","","","","","","","","","","","","","","","","","","","","","0.01","","","","","","0.0053666","","","","","","false","","","3","","","A004","","","","","","","","2621105.22217","MNTH","","","","3","","","","UFRO","EUR","","","","","false","1","","","","","","","","","","FALSE","","","","","","","","","QZTQ4GTC5QMF","NA/CDS Corp Idx","ITRAXX EUROPE"
"3486000678000000101","2389053306000000301","MODI","TRAD","2026-06-03T22:43:02Z","TRUE","CR","","N","FALSE","2023-11-28T11:14:40Z","2023-11-06","2026-08-05","","FALSE","BILT","FALSE","FALSE","TRUE","23,000,000","","EUR","","","","","","","","","","","","","","","","","","","","","","","","","","","","","","","","","","","","","false","","","","","","","","","","","","","","0.00000","","","","","","","","","UFRO","EUR","EUR","","","","true","","","","","","","","","","","FALSE","","","","","","","","","QZRR0D5S3SHF","NA/CDS Corp Basket","Basket"
"3486045482000000101","2389053305000000201","MODI","TRAD","2026-06-03T22:46:13Z","TRUE","CR","","N","FALSE","2024-02-26T20:10:18Z","2024-02-26","2026-08-05","","FALSE","BILT","FALSE","FALSE","TRUE","34,000,000","","USD","","","","","","","","","","","","","","","","","","","","","","","","","","","","","","","","","","","","","false","","","","","","","","","","","","","","0.00000","","","","","","","","","UFRO","USD","USD","","","","true","","","","","","","","","","","FALSE","","","","","","","","","QZRR0D5S3SHF","NA/CDS Corp Basket","Basket"
"3483136636000000101","","NEWT","TRAD","2026-06-03T18:01:38Z","","CR","","I","TRUE","2026-06-03T18:01:38Z","2026-06-04","2031-06-20","","FALSE","BBSF","FALSE","FALSE","","25,000,000","","USD","","","","","","","","","","","","","","","","","","","","","","","","","0.05","","","","","","0.01081425","","","","","","false","","","3","","","A004","","","","","","","","2276518.75000","MNTH","","","","3","","","","UFRO","USD","","","","","false","0.99","","","","","","","","","","FALSE","","","","","","","","","QZHH8NT767RX","NA/CDS Corp Idx","CDX.NA.HY"
"3483140122000000101","","NEWT","TRAD","2026-06-03T18:02:35Z","","CR","","I","FALSE","2026-06-03T18:02:35Z","2026-06-04","2031-06-20","","FALSE","BBSF","FALSE","FALSE","","10,000,000","","USD","","","","","","","","","","","","","","","","","","","","","","","","","0.01","","","","","","0.0097775","","","","","","false","","","3","","","A004","","","","","","","","201388.89000","MNTH","","","","3","","","","UFRO","USD","","","","","false","1","","","","","","","","","","FALSE","","","","","","","","","QZ4JMQKL3P03","NA/CDS Corp Idx","CDX.EM"
"3483168329000000101","3483135010000000101","MODI","TRAD","2026-06-03T18:01:35Z","TRUE","CR","","I","TRUE","2026-06-03T17:57:46Z","2026-03-20","2031-06-20","","","BILT","FALSE","FALSE","","20,000,000","","USD","","","","","","","","","","","","","","","","","","","","","","","","","0.01","","","","","","","","","","","","false","","","","","","A004","","","","","","","","487665.80000","MNTH","","","","3","","","","UFRO","USD","","","","","false","1","","","","","","","","","","FALSE","","","","","","","","","QZ3WVVQG5T8K","NA/CDS Corp Idx","CDX.NA.IG"
"3483190820000000101","","NEWT","TRAD","2026-06-03T18:16:01Z","","CR","","I","TRUE","2026-06-03T18:16:01Z","2026-06-04","2030-12-20","","FALSE","BBSF","FALSE","FALSE","","5,000,000","","USD","","","","","","","","","","","","","","","","","","","","","","","","","0.05","","","","","","0.01082239","","","","","","false","","","3","","","A004","","","","","","","","454693.32000","MNTH","","","","3","","","","UFRO","USD","","","","","false","0.98","","","","","","","","","","FALSE","","","","","","","","","QZMD5JCHG48C","NA/CDS Corp Idx","CDX.NA.HY"
"3480044163000000101","","NEWT","TRAD","2026-06-03T15:06:19Z","","CR","","I","TRUE","2026-06-03T15:06:19Z","2026-06-04","2031-06-20","","FALSE","BBSF","FALSE","FALSE","","40,000,000","","EUR","","","","","","","","","","","","","","","","","","","","","","","","","0.01","","","","","","0.0053595","","","","","","false","","","3","","","A004","","","","","","","","954489.79000","MNTH","","","","3","","","","UFRO","EUR","","","","","false","1","","","","","","","","","","FALSE","","","","","","","","","QZTQ4GTC5QMF","NA/CDS Corp Idx","ITRAXX EUROPE"
"3483235872000000101","","NEWT","TRAD","2026-06-03T18:28:40Z","","CR","","I","TRUE","2026-06-03T18:28:40Z","2026-06-04","2031-06-20","","FALSE","BBSF","FALSE","FALSE","","40,000,000","","USD","","","","","","","","","","","","","","","","","","","","","","","","","0.05","","","","","","0.01081575","","","","","","false","","","3","","","A004","","","","","","","","3648370.00000","MNTH","","","","3","","","","UFRO","USD","","","","","false","0.99","","","","","","","","","","FALSE","","","","","","","","","QZHH8NT767RX","NA/CDS Corp Idx","CDX.NA.HY"
"3483045539000000101","","NEWT","TRAD","2026-06-03T17:36:44Z","","CR","","I","TRUE","2026-06-03T17:36:44Z","2026-03-20","2031-06-20","","FALSE","TPSE","FALSE","FALSE","","10,000,000","","USD","","","","","","","","","","","","","","","","","","","","","","","","","0.05","","","","","","108.111","","USD","","","","false","","","1","","","A004","","","","","","","","","MNTH","","","","3","","","","","","USD","","","","false","0.99","","","","","","","OTHR","","","FALSE","","","","","","","","","QZHH8NT767RX","NA/CDS Corp Idx","CDX.NA.HY"
"3481718936000000201","","NEWT","TRAD","2026-06-03T16:59:40Z","","CR","","I","TRUE","2026-06-03T16:59:40Z","2026-06-04","2031-06-20","","FALSE","BBSF","FALSE","FALSE","","5,000,000","","USD","","","","","","","","","","","","","","","","","","","","","","","","","0.01","","","","","","0.005105","","","","","","false","","","3","","","A004","","","","","","","","121534.88000","MNTH","","","","3","","","","UFRO","USD","","","","","false","1","","","","","","","","","","FALSE","","","","","","","","","QZ3WVVQG5T8K","NA/CDS Corp Idx","CDX.NA.IG"
"3482260063000000201","","NEWT","TRAD","2026-06-03T17:10:12Z","","CR","","I","TRUE","2026-06-03T17:10:12Z","2026-06-04","2031-06-20","","FALSE","BBSF","FALSE","FALSE","","31,000,000","","USD","","","","","","","","","","","","","","","","","","","","","","","","","0.01","","","","","","0.0051041","","","","","","false","","","3","","","A004","","","","","","","","753642.72635","MNTH","","","","3","","","","UFRO","USD","","","","","false","1","","","","","","","","","","FALSE","","","","","","","","","QZ3WVVQG5T8K","NA/CDS Corp Idx","CDX.NA.IG"
"3482624727000000201","","NEWT","TRAD","2026-06-03T17:16:06Z","","CR","","I","TRUE","2026-06-03T17:16:06Z","2026-03-20","2031-06-20","","FALSE","TPSE","FALSE","FALSE","","65,000,000","","USD","","","","","","","","","","","","","","","","","","","","","","","","","0.01","","","","","","0.0051077","","","","","","false","","","3","","","A004","","","","","","","","","MNTH","","","","3","","","","","","USD","","","","false","1","","","","","","","OTHR","","","FALSE","","","","","","","","","QZ3WVVQG5T8K","NA/CDS Corp Idx","CDX.NA.IG"
"3483255263000000101","","NEWT","TRAD","2026-06-03T18:34:04Z","","CR","","I","TRUE","2026-06-03T18:34:04Z","2026-06-04","2027-12-20","","FALSE","BBSF","FALSE","TRUE","","77,000,000","","USD","","","","","","","","","","","","","","","","","","","","","","","","","0.05","","","","","","0.0105","","","","","","false","","","3","","","A004","","","","","","","","4476267.68400","MNTH","","","","3","","","","UFRO","USD","","","","","false","0.96","","","","","","","","","","TRUE","0.8786","","3","","","","","","QZRDHL02S85Z","NA/CDS Corp Idx","CDX.NA.HY"
"3482715981000000101","","NEWT","NOVA","2026-06-03T17:17:27Z","","CR","","N","FALSE","2026-06-03T13:30:23Z","2026-06-03","2072-12-16","","FALSE","BILT","FALSE","FALSE","FALSE","700,000","","USD","","","","","","","","","","","","","","","","","","","","","","","","","0.05","","","","","","","","","","","","false","","","","","","A004","","","","","","","","234062.50000","MNTH","","","","1","","","","UFRO","USD","USD","","","","false","1","","","","","","","","","","FALSE","","","","","","","","","QZT81MX5QS1X","NA/CDS Corp Idx","CMBX.NA.BB"
"3483309192000000101","","NEWT","TRAD","2026-06-03T18:54:32Z","","CR","","I","TRUE","2026-06-03T18:54:32Z","2026-06-04","2031-06-20","","FALSE","BBSF","FALSE","FALSE","","9,000,000","","USD","","","","","","","","","","","","","","","","","","","","","","","","","0.01","","","","","","0.005103","","","","","","false","","","3","","","A004","","","","","","","","218846.03000","MNTH","","","","3","","","","UFRO","USD","","","","","false","1","","","","","","","","","","FALSE","","","","","","","","","QZ3WVVQG5T8K","NA/CDS Corp Idx","CDX.NA.IG"
"3483323170000000101","","NEWT","TRAD","2026-06-03T18:48:28Z","","CR","","N","FALSE","2026-06-03T18:48:28Z","2026-06-03","2058-09-17","","FALSE","BILT","FALSE","FALSE","FALSE","10,000,000","","USD","","","","","","","","","","","","","","","","","","","","","","","","","0.03","","","","","","","","","","","","false","","","","","","A004","","","","","","","","","MNTH","","","","1","","","","","","USD","","","","false","1","","","","","","","","","","FALSE","","","","","","","","","QZGSVCRPZQNP","NA/CDS Corp Idx","CMBX.NA.BBB-"
"3483311894000000101","","NEWT","TRAD","2026-06-03T18:55:29Z","","CR","","I","TRUE","2026-06-03T18:55:29Z","2026-06-04","2028-12-20","","FALSE","BBSF","FALSE","TRUE","","2,000,000","","USD","","","","","","","","","","","","","","","","","","","","","","","","","0.05","","","","","","0.010682274","","","","","","false","","","3","","","A004","","","","","","","","154414.20063","MNTH","","","","3","","","","UFRO","USD","","","","","false","0.98","","","","","","","","","","FALSE","","","","","","","","","QZVXV2C1JP0R","NA/CDS Corp Idx","CDX.NA.HY"
"3483316328000000201","","NEWT","TRAD","2026-06-03T18:57:22Z","","CR","","I","TRUE","2026-06-03T18:57:22Z","2026-06-04","2031-06-20","","FALSE","BBSF","FALSE","TRUE","","50,000,000","","USD","","","","","","","","","","","","","","","","","","","","","","","","","0.05","","","","","","0.0108124","","","","","","false","","","3","","","A004","","","","","","","","4543880.00000","MNTH","","","","3","","","","UFRO","USD","","","","","false","0.99","","","","","","","","","","FALSE","","","","","","","","","QZHH8NT767RX","NA/CDS Corp Idx","CDX.NA.HY"
"3479572097000000601","","NEWT","TRAD","2026-06-03T14:18:27Z","","CR","","I","TRUE","2026-06-03T14:18:27Z","2026-03-20","2031-06-20","","FALSE","TPSE","FALSE","FALSE","","50,000,000","","USD","","","","","","","","","","","","","","","","","","","","","","","","","0.01","","","","","","0.005085","","","","","","false","","","3","","","A004","","","","","","","","","MNTH","","","","3","","","","","","USD","","","","false","1","","","","","","","OTHR","","","FALSE","","","","","","","","","QZ3WVVQG5T8K","NA/CDS Corp Idx","CDX.NA.IG"
"3484198245000000101","","NEWT","TRAD","2026-06-03T20:21:08Z","","CR","","I","TRUE","2026-06-03T20:21:08Z","2026-06-04","2031-06-20","","FALSE","BBSF","FALSE","FALSE","","20,000,000","","USD","","","","","","","","","","","","","","","","","","","","","","","","","0.05","","","","","","0.01080675","","","","","","false","","","3","","","A004","","","","","","","","1806365.00000","MNTH","","","","3","","","","UFRO","USD","","","","","false","0.99","","","","","","","","","","FALSE","","","","","","","","","QZHH8NT767RX","NA/CDS Corp Idx","CDX.NA.HY"
"3484940810000000101","","NEWT","TRAD","2026-06-03T19:45:09Z","","CR","","I","TRUE","2026-06-03T19:45:09Z","2026-06-04","2031-06-20","","FALSE","XXXX","FALSE","FALSE","FALSE","27,000,000","","USD","","","","","","","","","","","","","","","","","","","","","","","","","1","","","","","","","","","","","","false","","","","","","A004","","","","","","","","","MNTH","","","","3","","","","","","USD","","","","false","1","","","","","","","","","","TRUE","","","","0","","4","","","QZ3WVVQG5T8K","NA/CDS Corp Idx","CDX.NA.IG"
"3477862366000000101","","NEWT","TRAD","2026-06-03T12:14:33Z","","CR","","I","TRUE","2026-06-03T12:14:33Z","2026-06-04","2031-06-20","","FALSE","BBSF","FALSE","TRUE","","46,423,803+","","EUR","","","","","","","","","","","","","","","","","","","","","","","","","0.05","","","","","","0.026039","","","","","","false","","","3","","","A004","","","","","","","","5283693.36541","MNTH","","","","3","","","","UFRO","EUR","","","","","false","1","","","","","","","","","","FALSE","","","","","","","","","QZ3HM9KVK2WL","NA/CDS Corp Idx","ITRAXX EUROPE CROSSOVER"
"3477678494000000101","3459612867000000201","MODI","TRAD","2026-06-03T12:00:10Z","TRUE","CR","","N","FALSE","2026-06-02T13:57:32Z","2026-03-20","2031-06-20","2031-06-20","TRUE","BILT","FALSE","TRUE","TRUE","180,000,000","","USD","","","","","","","","","","","","","","","","","","","","","","","","2026-08-19","0.05","","886,545","USD","","","","","","","105.5","USD","false","","","","","1","A004","","","","","","","","","MNTH","","","","3","","","","","","","","","","false","0.99","","","","","","","","","","FALSE","","","","","","","","","QZX75BBR2PZH","NA/CDS Idx Swt","NA/CDS Corp Idx"
"3478168682000000101","","NEWT","TRAD","2026-06-03T12:31:56Z","","CR","","I","TRUE","2026-06-03T12:31:56Z","2026-06-04","2031-06-20","","FALSE","BBSF","FALSE","FALSE","","20,000,000","","USD","","","","","","","","","","","","","","","","","","","","","","","","","0.05","","","","","","0.01081475","","","","","","false","","","3","","","A004","","","","","","","","1822205.00000","MNTH","","","","3","","","","UFRO","USD","","","","","false","0.99","","","","","","","","","","FALSE","","","","","","","","","QZHH8NT767RX","NA/CDS Corp Idx","CDX.NA.HY"
"3477826417000000201","","NEWT","TRAD","2026-06-03T12:12:15Z","","CR","","I","TRUE","2026-06-03T12:12:15Z","2026-06-04","2029-06-20","","","TWSF","FALSE","TRUE","","200,000,000","","EUR","","","","","","","","","","","","","","","","","","","","","","","","","0.01","","","","","","0.00294","","","","","","false","","","3","","","A004","","","","","","","","4582311.85225","MNTH","","","","3","","","","UFRO","EUR","","","","","false","1","","","","","","","","","","TRUE","","","","0.2385","","3","","","QZZJPQHTHRC0","NA/CDS Corp Idx","ITRAXX EUROPE"
"3477952004000000301","","NEWT","TRAD","2026-06-03T12:21:22Z","","CR","","I","FALSE","2026-06-03T12:21:22Z","2026-06-04","2031-06-20","","","TWSF","FALSE","FALSE","","4,000,000","","EUR","","","","","","","","","","","","","","","","","","","","","","","","","0.01","","","","","","0.005331","","","","","","false","","","3","","","A004","","","","","","","","95993.62000","MNTH","","","","3","","","","UFRO","EUR","","","","","false","1","","","","","","","","","","FALSE","","","","","","","","","QZTQ4GTC5QMF","NA/CDS Corp Idx","ITRAXX EUROPE"
"3477808891000000101","","NEWT","TRAD","2026-06-03T12:10:49Z","","CR","","I","TRUE","2026-06-03T12:10:49Z","2026-06-04","2031-06-20","","","TWSF","FALSE","FALSE","","50,000,000","","EUR","","","","","","","","","","","","","","","","","","","","","","","","","0.01","","","","","","0.0053221","","","","","","false","","","3","","","A004","","","","","","","","1202046.55000","MNTH","","","","3","","","","UFRO","EUR","","","","","false","1","","","","","","","","","","FALSE","","","","","","","","","QZTQ4GTC5QMF","NA/CDS Corp Idx","ITRAXX EUROPE"
"3470951547000000101","","NEWT","TRAD","2026-06-03T08:48:54Z","","CR","","I","FALSE","2026-06-03T08:48:54Z","2026-06-04","2031-06-20","","","TWSF","FALSE","FALSE","","2,000,000","","EUR","","","","","","","","","","","","","","","","","","","","","","","","","0.05","","","","","","0.0261128","","","","","","false","","","3","","","A004","","","","","","","","226931.41000","MNTH","","","","3","","","","UFRO","EUR","","","","","false","1","","","","","","","","","","FALSE","","","","","","","","","QZ3HM9KVK2WL","NA/CDS Corp Idx","ITRAXX EUROPE CROSSOVER"
"3479648284000000401","3479631088000000801","MODI","TRAD","2026-06-03T14:25:15Z","TRUE","CR","","I","TRUE","2026-06-03T14:22:49Z","2026-03-20","2031-06-20","","FALSE","TPSE","FALSE","FALSE","","15,000,000","","USD","","","","","","","","","","","","","","","","","","","","","","","","","0.05","","","","","","108.135","","USD","","","","false","","","1","","","A004","","","","","","","","","MNTH","","","","3","","","","","","USD","","","","false","0.99","","","","","","","OTHR","","","FALSE","","","","","","","","","QZHH8NT767RX","NA/CDS Corp Idx","CDX.NA.HY"
"3479517924000000101","","NEWT","TRAD","2026-06-03T14:15:18Z","","CR","","I","FALSE","2026-06-03T14:15:18Z","2026-06-04","2029-12-20","","","TWSF","FALSE","TRUE","","150,000,000","","EUR","","","","","","","","","","","","","","","","","","","","","","","","","0.05","","","","","","0.0196","","","","","","false","","","3","","","A004","","","","","","","","15720536.81000","MNTH","","","","3","","","","UFRO","EUR","","","","","false","0.95999","","","","","","","","","","TRUE","","","","0.0196","","3","","","QZC9WN4TPTDV","NA/CDS Corp Idx","ITRAXX EUROPE CROSSOVER"
"3479572096000000501","","NEWT","TRAD","2026-06-03T14:18:12Z","","CR","","I","TRUE","2026-06-03T14:18:12Z","2026-03-20","2031-06-20","","FALSE","TPSE","FALSE","FALSE","","150,000,000","","USD","","","","","","","","","","","","","","","","","","","","","","","","","0.01","","","","","","0.005085","","","","","","false","","","3","","","A004","","","","","","","","","MNTH","","","","3","","","","","","USD","","","","false","1","","","","","","","OTHR","","","FALSE","","","","","","","","","QZ3WVVQG5T8K","NA/CDS Corp Idx","CDX.NA.IG"
"3484020828000000201","3483036701000000101","CORR","","2026-06-03T20:10:44Z","","CR","","N","FALSE","2026-06-03T17:31:25Z","2026-06-03","2026-09-16","2031-06-20","FALSE","BILT","FALSE","FALSE","TRUE","150,000,000","","USD","","","","","","","","","","","","","","","","","","","","","","","","2026-09-16","0.05","","975,647.47163","USD","","","","","","","0.0105","","false","","","","","3","A004","","","","","","","","","MNTH","","","","3","","","","","","","","","","false","0.99","","","","","","","","","","FALSE","","","","","","","","","QZHJMSG8W2ZX","NA/CDS Idx Swt","NA/CDS Corp Idx"
"3477232074000000601","1175675882","CORR","","2026-06-02T21:20:57Z","","CR","","N","FALSE","2011-06-27T16:36:19Z","2008-05-23","2051-02-15","2051-02-15","FALSE","BILT","FALSE","FALSE","FALSE","5","","USD","","","","","","","","","","","","","","","","","","","","","","","","","0.035","","","","","","","","","","","","false","","","","","","A004","","","","","","","","","","","","","","","","","","","","","","","false","1","","","","","","","","","","FALSE","","","","","","","","","QZ59730VW2D5","NA/CDS Corp Idx","CMBX.NA.A"
"3477650535000000401","","NEWT","TRAD","2026-06-03T11:58:32Z","","CR","","I","FALSE","2026-06-03T11:58:32Z","2026-06-04","2031-06-20","","","TWSF","FALSE","FALSE","","5,000,000","","USD","","","","","","","","","","","","","","","","","","","","","","","","","0.01","","","","","","0.0097804","","","","","","false","","","3","","","A004","","","","","","","","99244.44000","MNTH","","","","3","","","","UFRO","USD","","","","","false","1","","","","","","","","","","FALSE","","","","","","","","","QZ4JMQKL3P03","NA/CDS Corp Idx","CDX.EM"
"3479805043000000101","3479226582000000401","MODI","TRAD","2026-06-03T14:30:37Z","FALSE","CR","","N","FALSE","2026-06-03T13:26:51Z","2026-06-03","2026-06-04","","FALSE","BILT","FALSE","FALSE","TRUE","109,453,844","110,000,000","USD","USD","","","","","","","","","","","","","","","","","","","","","","","","0.037804","0.037804","","","","","","","","","","","false","","","","","","","","","","","","","","","EXPI","","","","1","","","","","","","USD","","","false","","","","","","","","","","","FALSE","","","","","","","","","QZ57DSB64DNJ","NA/CDS Corp SN","DTD 03/15/2025"
"3477486651000000201","","NEWT","TRAD","2026-06-03T11:45:38Z","","CR","","I","TRUE","2026-06-03T11:45:38Z","2026-06-04","2031-06-20","","","TWSF","FALSE","FALSE","","20,000,000","","USD","","","","","","","","","","","","","","","","","","","","","","","","","0.05","","","","","","0.01082288","","","","","","false","","","3","","","A004","","","","","","","","1838302.40000","MNTH","","","","3","","","","UFRO","USD","","","","","false","0.99","","","","","","","","","","FALSE","","","","","","","","","QZHH8NT767RX","NA/CDS Corp Idx","CDX.NA.HY"
"3473878500000000101","","NEWT","TRAD","2026-06-03T09:40:03Z","","CR","","I","FALSE","2026-06-03T09:40:03Z","2026-06-04","2031-06-20","","","TWSF","FALSE","FALSE","","18,000,000","","EUR","","","","","","","","","","","","","","","","","","","","","","","","","0.05","","","","","","0.026134","","","","","","false","","","3","","","A004","","","","","","","","2040581.72000","MNTH","","","","3","","","","UFRO","EUR","","","","","false","1","","","","","","","","","","FALSE","","","","","","","","","QZ3HM9KVK2WL","NA/CDS Corp Idx","ITRAXX EUROPE CROSSOVER"
"3467783151000000101","","NEWT","TRAD","2026-06-03T07:52:33Z","FALSE","CR","","I","FALSE","2026-06-03T07:52:33Z","2025-09-22","2030-12-20","","","TSCD","FALSE","FALSE","FALSE","11,000,000","","EUR","","","","","","","","","","","","","","","","","","","","","","","","","0.05","","","","","","","","","","","","false","","","","","","A004","","","","","","","","1321592.94696","MNTH","","","","3","","","","UFRO","EUR","","","","","false","1","","","","","","","","","","FALSE","","","","","","","","","QZ5F5FRS4TR9","NA/CDS Corp Idx","ITRAXX EUROPE CROSSOVER"
"3465417629000000201","","NEWT","TRAD","2026-06-03T07:02:19Z","","CR","","I","TRUE","2026-06-03T07:02:19Z","2026-03-20","2031-06-20","","FALSE","BGCD","FALSE","FALSE","","10,000,000","","EUR","","","","","","","","","","","","","","","","","","","","","","","","","","","","","","","0.026075","","","","","","false","","","3","","","A004","","","","","","","","","MNTH","","","","3","","","","","","","","","","false","1","","","","","","","","","","FALSE","","","","","","","","","QZ3HM9KVK2WL","NA/CDS Corp Idx","ITRAXX EUROPE CROSSOVER"
"3465417628000000101","","NEWT","TRAD","2026-06-03T07:02:01Z","","CR","","I","TRUE","2026-06-03T07:02:01Z","2026-03-20","2031-06-20","","FALSE","BGCD","FALSE","FALSE","","10,000,000","","EUR","","","","","","","","","","","","","","","","","","","","","","","","","","","","","","","0.026075","","","","","","false","","","3","","","A004","","","","","","","","","MNTH","","","","3","","","","","","","","","","false","1","","","","","","","","","","FALSE","","","","","","","","","QZ3HM9KVK2WL","NA/CDS Corp Idx","ITRAXX EUROPE CROSSOVER"
"3464484572000000101","3378377312000000101","MODI","TRAD","2026-06-03T06:13:21Z","FALSE","CR","","N","FALSE","2026-05-28T17:18:49Z","2026-05-28","2058-12-17","","FALSE","BILT","FALSE","FALSE","FALSE","5,000,000","","USD","","","","","","","","","","","","","","","","","","","","","","","","","0.03","","","","","","","","","","","","false","","","","","","A004","","","","","","","","","MNTH","","","","1","","","","","","USD","","","","false","1","","","","","","","","","","FALSE","","","","","","","","","QZ5PSNZ23199","NA/CDS Corp Idx","CMBX.NA.BBB-"
"3467796700000000201","","NEWT","TRAD","2026-06-03T07:54:29Z","","CR","","I","TRUE","2026-06-03T07:54:29Z","2026-03-20","2031-06-20","","FALSE","TPSE","FALSE","FALSE","","25,000,000","","EUR","","","","","","","","","","","","","","","","","","","","","","","","","0.01","","","","","","0.005325","","","","","","false","","","3","","","A004","","","","","","","","","MNTH","","","","3","","","","","","EUR","","","","false","1","","","","","","","OTHR","","","TRUE","","","","0.00049","","3","","","QZTQ4GTC5QMF","NA/CDS Corp Idx","ITRAXX EUROPE"
"3473041921000000201","","NEWT","TRAD","2026-06-03T09:22:39Z","","CR","","I","FALSE","2026-06-03T09:22:39Z","2026-06-04","2031-06-20","","FALSE","BBSF","FALSE","FALSE","","25,000,000","","EUR","","","","","","","","","","","","","","","","","","","","","","","","","0.01","","","","","","0.00561","","","","","","false","","","3","","","A004","","","","","","","","566671.02000","MNTH","","","","3","","","","UFRO","EUR","","","","","false","1","","","","","","","","","","FALSE","","","","","","","","","QZTB38W3WJ98","NA/CDS Corp Idx","ITRAXX EUROPE SENIOR FINANCIALS"
"3483908323000000101","","NEWT","TRAD","2026-06-03T19:50:57Z","","CR","","I","TRUE","2026-06-03T19:50:57Z","2026-06-04","2031-06-20","","FALSE","BBSF","FALSE","FALSE","","35,000,000","","USD","","","","","","","","","","","","","","","","","","","","","","","","","0.01","","","","","","0.00510949","","","","","","false","","","3","","","A004","","","","","","","","850017.37000","MNTH","","","","3","","","","UFRO","USD","","","","","false","1","","","","","","","","","","FALSE","","","","","","","","","QZ3WVVQG5T8K","NA/CDS Corp Idx","CDX.NA.IG"
"3480055395000000401","","NEWT","TRAD","2026-06-03T15:08:20Z","","CR","","I","FALSE","2026-06-03T15:08:20Z","2026-06-04","2031-06-20","","","TWSF","FALSE","FALSE","","9,000,000","","EUR","","","","","","","","","","","","","","","","","","","","","","","","","0.01","","","","","","0.005355","","","","","","false","","","3","","","A004","","","","","","","","214953.48067","MNTH","","","","3","","","","UFRO","EUR","","","","","false","1","","","","","","","","","","FALSE","","","","","","","","","QZTQ4GTC5QMF","NA/CDS Corp Idx","ITRAXX EUROPE"
"3480207099000000101","","NEWT","TRAD","2026-06-03T15:25:03Z","","CR","","I","TRUE","2026-06-03T15:25:03Z","2026-06-04","2031-06-20","","FALSE","BBSF","FALSE","FALSE","","50,000,000","","USD","","","","","","","","","","","","","","","","","","","","","","","","","0.01","","","","","","0.005094","","","","","","false","","","3","","","A004","","","","","","","","1217892.54000","MNTH","","","","3","","","","UFRO","USD","","","","","false","1","","","","","","","","","","FALSE","","","","","","","","","QZ3WVVQG5T8K","NA/CDS Corp Idx","CDX.NA.IG"
"3480328828000000101","","NEWT","TRAD","2026-06-03T14:50:13Z","FALSE","CR","","I","TRUE","2026-06-03T14:50:13Z","2026-06-03","2026-07-15","","","BILT","FALSE","FALSE","TRUE","343,880,019+","","EUR","","","","","","","","","","","","","","","","","","","","","","","","2026-07-15","","","179,849.24","EUR","","","0.0065","","","","0.0065","","false","","","3","","3","","","","","","","","","","","","","","","","","","","","","","","","false","1","","","","","","","","","","FALSE","","","","","","","","","QZS1WNR5R2ND","NA/CDS Idx Swt","NA/CDS Corp Idx"
"3479721140000000301","","NEWT","TRAD","2026-06-03T14:27:50Z","","CR","","I","FALSE","2026-06-03T14:27:50Z","2023-09-20","2028-12-20","","","GFSO","FALSE","FALSE","TRUE","69,000,000","","EUR","","","","","","","","","","","","","","","","","","","","","","","","","0.05","","","","","","","","","","","","false","","","","","","A004","","","","","","","","6089716.16827","MNTH","","","","3","","","","UFRO","EUR","","","","","false","0.94665","","","","","","","","","","TRUE","","","","38","","4","","","QZ2Q1GQSPKPM","NA/CDS Corp Idx","ITRAXX EUROPE CROSSOVER"
"3465315840000000301","","NEWT","TRAD","2026-06-03T06:54:48Z","","CR","","I","TRUE","2026-06-03T06:54:48Z","2026-06-04","2031-06-20","","FALSE","BBSF","FALSE","FALSE","","5,000,000","","EUR","","","","","","","","","","","","","","","","","","","","","","","","","0.05","","","","","","0.026117","","","","","","false","","","3","","","A004","","","","","","","","567229.41000","MNTH","","","","3","","","","UFRO","EUR","","","","","false","1","","","","","","","","","","FALSE","","","","","","","","","QZ3HM9KVK2WL","NA/CDS Corp Idx","ITRAXX EUROPE CROSSOVER"
"3467944761000000101","","NEWT","TRAD","2026-06-03T07:58:18Z","","CR","","I","TRUE","2026-06-03T07:58:18Z","2026-06-04","2031-06-20","","FALSE","BBSF","FALSE","FALSE","","10,000,000","","EUR","","","","","","","","","","","","","","","","","","","","","","","","","0.05","","","","","","0.02605","","","","","","false","","","3","","","A004","","","","","","","","1137621.92000","MNTH","","","","3","","","","UFRO","EUR","","","","","false","1","","","","","","","","","","FALSE","","","","","","","","","QZ3HM9KVK2WL","NA/CDS Corp Idx","ITRAXX EUROPE CROSSOVER"
"3464616549000000101","","NEWT","TRAD","2026-06-03T06:33:44Z","","CR","","I","TRUE","2026-06-03T06:33:44Z","2026-06-04","2031-06-20","","FALSE","BBSF","FALSE","FALSE","","30,000,000","","EUR","","","","","","","","","","","","","","","","","","","","","","","","","0.05","","","","","","0.02604775","","","","","","false","","","3","","","A004","","","","","","","","3413184.51000","MNTH","","","","3","","","","UFRO","EUR","","","","","false","1","","","","","","","","","","FALSE","","","","","","","","","QZ3HM9KVK2WL","NA/CDS Corp Idx","ITRAXX EUROPE CROSSOVER"
"3464647417000000101","","NEWT","TRAD","2026-06-03T06:34:52Z","","CR","","I","TRUE","2026-06-03T06:34:52Z","2026-06-04","2031-06-20","","FALSE","BBSF","FALSE","FALSE","","50,000,000","","EUR","","","","","","","","","","","","","","","","","","","","","","","","","0.01","","","","","","0.00532175","","","","","","false","","","3","","","A004","","","","","","","","1202130.17000","MNTH","","","","3","","","","UFRO","EUR","","","","","false","1","","","","","","","","","","FALSE","","","","","","","","","QZTQ4GTC5QMF","NA/CDS Corp Idx","ITRAXX EUROPE"
"3463595781000000201","","NEWT","TRAD","2026-06-03T01:40:33Z","","CR","","I","FALSE","2026-06-03T01:40:08Z","2026-06-04","2031-06-20","","","BMTF","FALSE","FALSE","TRUE","2,000,000","","USD","","","","","","","","","","","","","","","","","","","","","","","","","0.01","","","","","","","","","","","","false","","","","","","A004","","","","","","","","29626.77000","MNTH","","","","3","","","","UFRO","USD","","","","","false","1","","","","","","","","","","FALSE","","","","","","","","","QZ1F7JZSZZ7M","NA/CDS Corp Idx","ITRAXX AUSTRALIA"
"3483481771000000201","","NEWT","TRAD","2026-06-03T19:36:42Z","","CR","","I","TRUE","2026-06-03T19:36:42Z","2026-06-04","2031-06-20","","FALSE","BBSF","FALSE","FALSE","","10,000,000","","USD","","","","","","","","","","","","","","","","","","","","","","","","","0.05","","","","","","0.01080925","","","","","","false","","","3","","","A004","","","","","","","","905657.50000","MNTH","","","","3","","","","UFRO","USD","","","","","false","0.99","","","","","","","","","","FALSE","","","","","","","","","QZHH8NT767RX","NA/CDS Corp Idx","CDX.NA.HY"
"3483510680000000501","3483307834000000101","CORR","","2026-06-03T19:36:09Z","","CR","","N","FALSE","2016-08-25T20:09:57Z","2016-08-24","2049-03-15","2049-03-15","FALSE","BILT","FALSE","FALSE","FALSE","5","","USD","","","","","","","","","","","","","","","","","","","","","","","","","0.0109","","","","","","","","","","","","false","","","","","","A004","","","","","","","","","","","","","","","","","","","","","","","false","1","","","","","","","","","","FALSE","","","","","","","","","QZ4STD00VNWR","NA/CDS Corp Idx","CMBX.NA.AJ"
"3483684357000000201","","NEWT","TRAD","2026-06-03T19:39:58Z","","CR","","I","TRUE","2026-06-03T19:39:58Z","2026-06-04","2031-06-20","","FALSE","BBSF","FALSE","FALSE","","15,000,000","","USD","","","","","","","","","","","","","","","","","","","","","","","","","0.01","","","","","","0.005105279","","","","","","false","","","3","","","A004","","","","","","","","364585.28000","MNTH","","","","3","","","","UFRO","USD","","","","","false","1","","","","","","","","","","FALSE","","","","","","","","","QZ3WVVQG5T8K","NA/CDS Corp Idx","CDX.NA.IG"
"3479851661000000101","","NEWT","TRAD","2026-06-03T14:43:34Z","","CR","","I","TRUE","2026-06-03T14:43:34Z","2026-06-04","2031-06-20","","","TWSF","FALSE","FALSE","","4,000,000","","USD","","","","","","","","","","","","","","","","","","","","","","","","","0.01","","","","","","0.0050752","","","","","","false","","","3","","","A004","","","","","","","","97778.76466","MNTH","","","","3","","","","UFRO","USD","","","","","false","1","","","","","","","","","","FALSE","","","","","","","","","QZ3WVVQG5T8K","NA/CDS Corp Idx","CDX.NA.IG"
"3483912337000000101","","NEWT","TRAD","2026-06-03T19:52:47Z","","CR","","I","TRUE","2026-06-03T19:52:47Z","2026-03-20","2031-06-20","","FALSE","TPSE","FALSE","FALSE","","50,000,000","","USD","","","","","","","","","","","","","","","","","","","","","","","","","0.01","","","","","","0.00511","","","","","","false","","","3","","","A004","","","","","","","","","MNTH","","","","3","","","","","","USD","","","","false","1","","","","","","","OTHR","","","FALSE","","","","","","","","","QZ3WVVQG5T8K","NA/CDS Corp Idx","CDX.NA.IG"
"3483915247000000301","","NEWT","TRAD","2026-06-03T19:56:12Z","","CR","","I","TRUE","2026-06-03T19:56:12Z","2026-06-04","2031-06-20","","FALSE","BBSF","FALSE","FALSE","","20,000,000","","USD","","","","","","","","","","","","","","","","","","","","","","","","","0.05","","","","","","0.010811","","","","","","false","","","3","","","A004","","","","","","","","1814780.00000","MNTH","","","","3","","","","UFRO","USD","","","","","false","0.99","","","","","","","","","","FALSE","","","","","","","","","QZHH8NT767RX","NA/CDS Corp Idx","CDX.NA.HY"
"3483919016000000101","","NEWT","TRAD","2026-06-03T20:00:06Z","","CR","","I","TRUE","2026-06-03T20:00:06Z","2026-06-04","2031-06-20","","","TWSF","FALSE","FALSE","","15,000,000","","USD","","","","","","","","","","","","","","","","","","","","","","","","","0.05","","","","","","0.01081008","","","","","","false","","","3","","","A004","","","","","","","","1359718.80000","MNTH","","","","3","","","","UFRO","USD","","","","","false","0.99","","","","","","","","","","FALSE","","","","","","","","","QZHH8NT767RX","NA/CDS Corp Idx","CDX.NA.HY"
"3483919018000000301","","NEWT","TRAD","2026-06-03T20:00:26Z","","CR","","I","TRUE","2026-06-03T20:00:26Z","2026-06-04","2031-06-20","","FALSE","BBSF","FALSE","FALSE","","5,000,000","","USD","","","","","","","","","","","","","","","","","","","","","","","","","0.05","","","","","","0.01081035","","","","","","false","","","3","","","A004","","","","","","","","453373.25000","MNTH","","","","3","","","","UFRO","USD","","","","","false","0.99","","","","","","","","","","FALSE","","","","","","","","","QZHH8NT767RX","NA/CDS Corp Idx","CDX.NA.HY"
"3483966992000000201","","NEWT","TRAD","2026-06-03T20:04:21Z","","CR","","I","TRUE","2026-06-03T20:04:21Z","2026-06-04","2031-06-20","","FALSE","BBSF","FALSE","FALSE","","50,000,000","","USD","","","","","","","","","","","","","","","","","","","","","","","","","0.01","","","","","","0.005108","","","","","","false","","","3","","","A004","","","","","","","","1214655.07000","MNTH","","","","3","","","","UFRO","USD","","","","","false","1","","","","","","","","","","FALSE","","","","","","","","","QZ3WVVQG5T8K","NA/CDS Corp Idx","CDX.NA.IG"
"3483510683000000801","769036651","MODI","TRAD","2026-06-03T19:36:43Z","FALSE","CR","","N","FALSE","2023-10-05T17:56:43Z","2023-09-20","2028-12-20","2028-12-20","FALSE","BILT","FALSE","FALSE","TRUE","45,000,000","","EUR","","","","","","","","","","","","","","","","","","","","","","","","","0","","","","","","","","","","","","false","","","","","","A004","","","","","","","","28732502.39438","MNTH","","","","3","","","","UWIN","EUR","","","","","false","1","","","","","","","","","","FALSE","","","","","","","","","QZ6QZQ31259T","NA/CDS Corp Idx Tra","ITRAXX EUROPE CROSSOVER"
"3483980000000000101","","NEWT","TRAD","2026-06-03T20:06:13Z","","CR","","I","TRUE","2026-06-03T20:06:13Z","2026-03-20","2031-06-20","","FALSE","TPSE","FALSE","FALSE","","5,000,000","","USD","","","","","","","","","","","","","","","","","","","","","","","","","0.05","","","","","","108.09","","USD","","","","false","","","1","","","A004","","","","","","","","","MNTH","","","","3","","","","","","USD","","","","false","0.99","","","","","","","OTHR","","","FALSE","","","","","","","","","QZHH8NT767RX","NA/CDS Corp Idx","CDX.NA.HY"
"3484923114000000201","","NEWT","TRAD","2026-06-03T20:48:19Z","","CR","","I","TRUE","2026-06-03T20:48:19Z","2026-06-04","2031-06-20","","","TWSF","FALSE","FALSE","","110,000,000","","USD","","","","","","","","","","","","","","","","","","","","","","","","","0.01","","","","","","0.005132","","","","","","false","","","3","","","A004","","","","","","","","2660033.15000","MNTH","","","","3","","","","UFRO","USD","","","","","false","1","","","","","","","","","","FALSE","","","","","","","","","QZ3WVVQG5T8K","NA/CDS Corp Idx","CDX.NA.IG"
"3483914813000000201","","NEWT","TRAD","2026-06-03T19:55:32Z","","CR","","I","TRUE","2026-06-03T19:55:32Z","2026-06-04","2031-06-20","","FALSE","BBSF","FALSE","TRUE","","250,000,000+","","USD","","","","","","","","","","","","","","","","","","","","","","","","","0.01","","","","","","0.00511","","","","","","false","","","3","","","A004","","","","","","","","6070963.01000","MNTH","","","","3","","","","UFRO","USD","","","","","false","1","","","","","","","","","","FALSE","","","","","","","","","QZ3WVVQG5T8K","NA/CDS Corp Idx","CDX.NA.IG"
"3484137225000000301","","NEWT","TRAD","2026-06-03T20:19:34Z","","CR","","I","FALSE","2026-06-03T20:19:34Z","2026-03-20","2031-06-20","","FALSE","TPSE","FALSE","FALSE","","10,000,000","","USD","","","","","","","","","","","","","","","","","","","","","","","","","0.01","","","","","","97.75","","USD","","","","false","","","1","","","A004","","","","","","","","","MNTH","","","","3","","","","","","USD","","","","false","1","","","","","","","OTHR","","","FALSE","","","","","","","","","QZ4JMQKL3P03","NA/CDS Corp Idx","CDX.EM"
"3484569278000000201","","NEWT","TRAD","2026-06-03T20:34:39Z","","CR","","I","TRUE","2026-06-03T20:34:39Z","2026-06-04","2031-06-20","","FALSE","BBSF","FALSE","FALSE","","35,000,000","","USD","","","","","","","","","","","","","","","","","","","","","","","","","0.05","","","","","","0.0108035","","","","","","false","","","3","","","A004","","","","","","","","3149877.50000","MNTH","","","","3","","","","UFRO","USD","","","","","false","0.99","","","","","","","","","","FALSE","","","","","","","","","QZHH8NT767RX","NA/CDS Corp Idx","CDX.NA.HY"
"3480508094000000301","3480127253000000101","CORR","","2026-06-03T15:48:55Z","","CR","","N","FALSE","2026-06-03T15:14:50Z","2026-06-03","2026-08-19","2031-06-20","FALSE","BILT","FALSE","FALSE","TRUE","170,000,000","","USD","","","","","","","","","","","","","","","","","","","","","","","","2026-08-19","0.05","","471,238.69023","USD","","","","","","","0.0104","","false","","","","","3","A004","","","","","","","","","MNTH","","","","3","","","","","","","","","","false","0.99","","","","","","","","","","FALSE","","","","","","","","","QZHJMSG8W2ZX","NA/CDS Idx Swt","NA/CDS Corp Idx"
"3478231517000000201","","NEWT","TRAD","2026-06-03T12:35:29Z","","CR","","N","FALSE","2026-06-03T12:35:29Z","2026-03-20","2026-06-17","2031-06-20","FALSE","BILT","FALSE","FALSE","TRUE","343,880,019+","","EUR","","","","","","","","","","","","","","","","","","","","","","","","2026-06-17","0.01","","21,492.5","EUR","","","","","","","0.007","","false","","","","","3","A004","","","","","","","","","MNTH","","","","3","","","","","","","","","","false","1","","","","","","","","","","FALSE","","","","","","","","","QZS61NHV7CQ9","NA/Cr Op Swps EuPt Van Ph",""
"3478483625000000101","","NEWT","TRAD","2026-06-03T07:42:32Z","","CR","","I","FALSE","2026-06-03T07:42:32Z","2026-06-03","2031-06-20","","","XXXX","FALSE","FALSE","TRUE","10,000,000","","USD","","","","","","","","","","","","","","","","","","","","","","","","","0.01","","","","","","","","","","","","false","","","","","","A004","","","","","","","","149270.97000","MNTH","","","","3","","","","UFRO","USD","","","","","false","1","","","","","","","","","","FALSE","","","","","","","","","QZ1F7JZSZZ7M","NA/CDS Corp Idx","ITRAXX AUSTRALIA"
"3470799816000000101","","NEWT","TRAD","2026-06-03T08:46:41Z","","CR","","I","TRUE","2026-06-03T08:46:41Z","2026-06-04","2031-06-20","","","TWSF","FALSE","FALSE","","1,000,000","","EUR","","","","","","","","","","","","","","","","","","","","","","","","","0.01","","","","","","0.00533","","","","","","false","","","3","","","A004","","","","","","","","24003.18000","MNTH","","","","3","","","","UFRO","EUR","","","","","false","1","","","","","","","","","","FALSE","","","","","","","","","QZTQ4GTC5QMF","NA/CDS Corp Idx","ITRAXX EUROPE"
"3481400978000000101","","NEWT","TRAD","2026-06-03T16:34:13Z","FALSE","CR","","N","FALSE","2026-06-03T16:34:13Z","2026-06-03","2057-10-17","","FALSE","BILT","FALSE","FALSE","FALSE","3,000,000","","USD","","","","","","","","","","","","","","","","","","","","","","","","","0.05","","","","","","","","","","","","false","","","","","","A004","","","","","","","","1127832.63000","MNTH","","","","1","","","","UFRO","USD","","","","","false","0.784323601","","","","","","","","","","FALSE","","","","","","","","","QZDBRHDPS86T","NA/CDS Corp Idx","CMBX.NA.BB"
"3481411383000000301","3481391275000000101","MODI","TRAD","2026-06-03T16:36:10Z","TRUE","CR","","I","TRUE","2026-06-03T16:34:58Z","2026-03-20","2031-06-20","","FALSE","TPSE","FALSE","FALSE","","50,000,000","","USD","","","","","","","","","","","","","","","","","","","","","","","","","0.01","","","","","","0.005105","","","","","","false","","","3","","","A004","","","","","","","","","MNTH","","","","3","","","","","","USD","","","","false","1","","","","","","","OTHR","","","FALSE","","","","","","","","","QZ3WVVQG5T8K","NA/CDS Corp Idx","CDX.NA.IG"
"3481411381000000101","","NEWT","TRAD","2026-06-03T16:35:58Z","","CR","","I","TRUE","2026-06-03T16:35:58Z","2026-03-20","2031-06-20","","FALSE","TPSE","FALSE","FALSE","","5,000,000","","USD","","","","","","","","","","","","","","","","","","","","","","","","","0.05","","","","","","108.09","","USD","","","","false","","","1","","","A004","","","","","","","","","MNTH","","","","3","","","","","","USD","","","","false","0.99","","","","","","","OTHR","","","FALSE","","","","","","","","","QZHH8NT767RX","NA/CDS Corp Idx","CDX.NA.HY"
"3481522228000000201","","NEWT","TRAD","2026-06-03T16:44:55Z","","CR","","I","TRUE","2026-06-03T16:44:55Z","2026-06-04","2031-06-20","","FALSE","BBSF","FALSE","TRUE","","200,000,000","","USD","","","","","","","","","","","","","","","","","","","","","","","","","0.01","","","","","","0.005125","","","","","","false","","","3","","","A004","","","","","","","","4842897.40000","MNTH","","","","3","","","","UFRO","USD","","","","","false","1","","","","","","","","","","FALSE","","","","","","","","","QZ3WVVQG5T8K","NA/CDS Corp Idx","CDX.NA.IG"
"3468559859000000201","","NEWT","TRAD","2026-06-03T08:11:54Z","","CR","","I","FALSE","2026-06-03T08:11:54Z","2026-06-04","2031-06-20","","FALSE","BBSF","FALSE","FALSE","","9,000,000","","EUR","","","","","","","","","","","","","","","","","","","","","","","","","0.01","","","","","","0.0056035","","","","","","false","","","3","","","A004","","","","","","","","204280.45000","MNTH","","","","3","","","","UFRO","EUR","","","","","false","1","","","","","","","","","","FALSE","","","","","","","","","QZTB38W3WJ98","NA/CDS Corp Idx","ITRAXX EUROPE SENIOR FINANCIALS"
"3468559858000000101","","NEWT","TRAD","2026-06-03T08:11:50Z","","CR","","I","FALSE","2026-06-03T08:11:50Z","2026-06-04","2031-06-20","","","TWSF","FALSE","TRUE","","163,343,009+","","EUR","","","","","","","","","","","","","","","","","","","","","","","","","0.01","","","","","","0.00533","","","","","","false","","","3","","","A004","","","","","","","","3920773.44858","MNTH","","","","3","","","","UFRO","EUR","","","","","false","1","","","","","","","","","","TRUE","","","","0.00533","","3","","","QZTQ4GTC5QMF","NA/CDS Corp Idx","ITRAXX EUROPE"
"3467351289000000201","","NEWT","TRAD","2026-06-03T07:46:20Z","","CR","","I","TRUE","2026-06-03T07:46:20Z","2026-06-04","2031-06-20","","FALSE","BBSF","FALSE","FALSE","","5,000,000","","EUR","","","","","","","","","","","","","","","","","","","","","","","","","0.05","","","","","","0.02608941","","","","","","false","","","3","","","A004","","","","","","","","567880.58000","MNTH","","","","3","","","","UFRO","EUR","","","","","false","1","","","","","","","","","","FALSE","","","","","","","","","QZ3HM9KVK2WL","NA/CDS Corp Idx","ITRAXX EUROPE CROSSOVER"
"3480457265000000101","","NEWT","TRAD","2026-06-03T15:46:52Z","","CR","","N","FALSE","2026-06-03T15:46:52Z","2026-03-20","2026-08-19","2031-06-20","FALSE","BILT","FALSE","FALSE","TRUE","13,000,000","","EUR","","","","","","","","","","","","","","","","","","","","","","","","2026-08-19","0.01","","11,764.97738","EUR","","","","","","","0.00675","","false","","","","","3","A004","","","","","","","","","MNTH","","","","3","","","","","","","","","","false","1","","","","","","","","","","FALSE","","","","","","","","","QZS1WNR5R2ND","NA/CDS Idx Swt","NA/CDS Corp Idx"
"3480718578000000201","","NEWT","TRAD","2026-06-03T16:01:44Z","","CR","","I","TRUE","2026-06-03T16:01:44Z","2026-06-04","2031-06-20","","FALSE","BBSF","FALSE","TRUE","","50,000,000","","USD","","","","","","","","","","","","","","","","","","","","","","","","","0.05","","","","","","0.0108115","","","","","","false","","","3","","","A004","","","","","","","","4539425.00000","MNTH","","","","3","","","","UFRO","USD","","","","","false","0.99","","","","","","","","","","FALSE","","","","","","","","","QZHH8NT767RX","NA/CDS Corp Idx","CDX.NA.HY"
"3478595097000000201","","NEWT","TRAD","2026-06-03T12:20:07Z","","CR","","N","FALSE","2026-06-03T12:20:07Z","2026-03-20","2026-09-16","","FALSE","BILT","FALSE","FALSE","TRUE","400,000,000+","","USD","","","","","","","","","","","","","","","","","","","","","","","","2026-09-16","0.0055","","750,000","USD","","","1","","","","0.55","USD","false","","","3","","3","A004","","","","","","","","","MNTH","","","","3","","","","","","","","","","false","","","","","","","","","","","FALSE","","","","","","","","","QZ7WW76RFHN3","NA/CDS Idx Swt","NA/CDS Corp Idx"
"3481030569000000101","","NEWT","TRAD","2026-06-03T16:16:11Z","","CR","","I","TRUE","2026-06-03T16:16:11Z","2026-06-04","2031-06-20","","FALSE","BBSF","FALSE","FALSE","","50,000,000","","USD","","","","","","","","","","","","","","","","","","","","","","","","","0.01","","","","","","0.0051062","","","","","","false","","","3","","","A004","","","","","","","","1215071.29000","MNTH","","","","3","","","","UFRO","USD","","","","","false","1","","","","","","","","","","FALSE","","","","","","","","","QZ3WVVQG5T8K","NA/CDS Corp Idx","CDX.NA.IG"
"3480932101000000101","","NEWT","TRAD","2026-06-03T16:09:38Z","","CR","","I","TRUE","2026-06-03T16:09:38Z","2026-03-20","2031-06-20","","FALSE","BMTF","FALSE","FALSE","FALSE","60,000,000","","USD","","","","","","","","","","","","","","","","","","","","","","","","","0.01","","","","","","0.00507","","","","","","false","","","3","","","A004","","","","","","","","1468132.00000","MNTH","","","","3","","","","UFRO","USD","USD","","","","false","1","","","","","","","","","","FALSE","","","","","","","","","QZ3WVVQG5T8K","NA/CDS Corp Idx","CDX.NA.IG"
"3481060800000000101","","NEWT","TRAD","2026-06-03T16:18:17Z","","CR","","I","FALSE","2026-06-03T16:18:17Z","2026-06-04","2031-06-20","","FALSE","BBSF","FALSE","FALSE","","10,000,000","","USD","","","","","","","","","","","","","","","","","","","","","","","","","0.01","","","","","","0.00977625","","","","","","false","","","3","","","A004","","","","","","","","202638.89000","MNTH","","","","3","","","","UFRO","USD","","","","","false","1","","","","","","","","","","FALSE","","","","","","","","","QZ4JMQKL3P03","NA/CDS Corp Idx","CDX.EM"
"3480683824000000201","","NEWT","TRAD","2026-06-03T16:01:01Z","","CR","","I","TRUE","2026-06-03T16:01:01Z","2026-06-04","2031-06-20","","FALSE","BBSF","FALSE","FALSE","","19,000,000","","USD","","","","","","","","","","","","","","","","","","","","","","","","","0.01","","","","","","0.00509714","","","","","","false","","","3","","","A004","","","","","","","","462521.96249","MNTH","","","","3","","","","UFRO","USD","","","","","false","1","","","","","","","","","","FALSE","","","","","","","","","QZ3WVVQG5T8K","NA/CDS Corp Idx","CDX.NA.IG"
"3481501608000000201","3480303755000000101","CORR","","2026-06-03T16:40:53Z","","CR","","N","FALSE","2026-06-03T15:31:49Z","2026-06-04","2030-12-20","","TRUE","BILT","FALSE","FALSE","FALSE","1,000,000","","USD","","","","","","","","","","","","","","","","","","","","","","","","","0.05","","","","","","","","","","","","false","","","","","","A004","","","","","","","","156055.56000","MNTH","","","","3","","","","UFRO","USD","","","","","false","0.98","","","","","","","","","","FALSE","","","","","","","","","QZ7ZRB20S7R5","NA/CDS Corp Idx Tra","CDX.NA.HY"
"3481513279000000201","","NEWT","TRAD","2026-06-03T16:43:37Z","","CR","","I","TRUE","2026-06-03T16:43:37Z","2026-06-04","2031-06-20","","","TWSF","FALSE","FALSE","","5,000,000","","USD","","","","","","","","","","","","","","","","","","","","","","","","","0.01","","","","","","0.00512164","","","","","","false","","","3","","","A004","","","","","","","","121149.60800","MNTH","","","","3","","","","UFRO","USD","","","","","false","1","","","","","","","","","","FALSE","","","","","","","","","QZ3WVVQG5T8K","NA/CDS Corp Idx","CDX.NA.IG"
"3481528217000000101","","NEWT","TRAD","2026-06-03T16:45:08Z","","CR","","I","TRUE","2026-06-03T16:45:08Z","2026-06-04","2031-06-20","","","TWSF","FALSE","FALSE","","5,000,000","","USD","","","","","","","","","","","","","","","","","","","","","","","","","0.05","","","","","","0.01080632","","","","","","false","","","3","","","A004","","","","","","","","451378.40000","MNTH","","","","3","","","","UFRO","USD","","","","","false","0.99","","","","","","","","","","FALSE","","","","","","","","","QZHH8NT767RX","NA/CDS Corp Idx","CDX.NA.HY"
"3481594404000000201","","NEWT","TRAD","2026-06-03T16:50:15Z","","CR","","I","TRUE","2026-06-03T16:50:15Z","2026-06-04","2031-06-20","","FALSE","BBSF","FALSE","FALSE","","60,000,000","","USD","","","","","","","","","","","","","","","","","","","","","","","","","0.01","","","","","","0.005114","","","","","","false","","","3","","","A004","","","","","","","","1455921.23000","MNTH","","","","3","","","","UFRO","USD","","","","","false","1","","","","","","","","","","FALSE","","","","","","","","","QZ3WVVQG5T8K","NA/CDS Corp Idx","CDX.NA.IG"
"3481022057000000101","","NEWT","TRAD","2026-06-03T16:15:31Z","","CR","","I","TRUE","2026-06-03T16:15:31Z","2026-06-04","2031-06-20","","FALSE","BBSF","FALSE","TRUE","","163,343,009+","","EUR","","","","","","","","","","","","","","","","","","","","","","","","","0.01","","","","","","0.005375","","","","","","false","","","3","","","A004","","","","","","","","3885660.77203","MNTH","","","","3","","","","UFRO","EUR","","","","","false","1","","","","","","","","","","TRUE","0.1494","","3","","","","","","QZTQ4GTC5QMF","NA/CDS Corp Idx","ITRAXX EUROPE"
"3481312976000000401","3481299663000000101","MODI","TRAD","2026-06-03T16:31:35Z","TRUE","CR","","I","TRUE","2026-06-03T16:30:42Z","2026-03-20","2031-06-20","","FALSE","TPSE","FALSE","FALSE","","50,000,000","","USD","","","","","","","","","","","","","","","","","","","","","","","","","0.01","","","","","","0.005112","","","","","","false","","","3","","","A004","","","","","","","","","MNTH","","","","3","","","","","","USD","","","","false","1","","","","","","","OTHR","","","FALSE","","","","","","","","","QZ3WVVQG5T8K","NA/CDS Corp Idx","CDX.NA.IG"
"3480578309000000301","3480548489000000301","EROR","","2026-06-03T15:52:17Z","","CR","","I","","2026-06-03T15:52:17Z","2026-03-20","2031-06-20","","","","FALSE","","FALSE","25,000,000","","EUR","","","","","","","","","","","","","","","","","","","","","","","","","0.01","","","","","","","","","","","","false","","","","","","","","","","","","","","593213.00000","","","","","","","","","UFRO","EUR","","","","","false","1","","","","","","","","","","FALSE","","","","","","","","","QZTQ4GTC5QMF","NA/CDS Corp Idx","ITRAXX EUROPE"
"3479099286000001001","","NEWT","TRAD","2026-06-03T13:38:49Z","","CR","","I","TRUE","2026-06-03T13:38:49Z","2026-06-04","2031-06-20","","FALSE","BBSF","FALSE","TRUE","","250,000,000+","","USD","","","","","","","","","","","","","","","","","","","","","","","","","0.01","","","","","","0.0051","","","","","","false","","","3","","","A004","","","","","","","","6082500.69490","MNTH","","","","3","","","","UFRO","USD","","","","","false","1","","","","","","","","","","FALSE","","","","","","","","","QZ3WVVQG5T8K","NA/CDS Corp Idx","CDX.NA.IG"
"3471884580000000101","","NEWT","TRAD","2026-06-03T09:05:15Z","","CR","","I","TRUE","2026-06-03T09:05:15Z","2026-03-20","2031-06-20","","FALSE","TPSE","FALSE","FALSE","","75,000,000","","EUR","","","","","","","","","","","","","","","","","","","","","","","","","0.01","","","","","","0.0053375","","","","","","false","","","3","","","A004","","","","","","","","","MNTH","","","","3","","","","","","EUR","","","","false","1","","","","","","","OTHR","","","FALSE","","","","","","","","","QZTQ4GTC5QMF","NA/CDS Corp Idx","ITRAXX EUROPE"
"3471974547000000301","3471940598000000401","MODI","TRAD","2026-06-03T09:07:19Z","TRUE","CR","","I","TRUE","2026-06-03T09:06:37Z","2026-03-20","2031-06-20","","FALSE","TPSE","FALSE","FALSE","","25,000,000","","EUR","","","","","","","","","","","","","","","","","","","","","","","","","0.01","","","","","","0.0053375","","","","","","false","","","3","","","A004","","","","","","","","","MNTH","","","","3","","","","","","EUR","","","","false","1","","","","","","","OTHR","","","FALSE","","","","","","","","","QZTQ4GTC5QMF","NA/CDS Corp Idx","ITRAXX EUROPE"
"3471940599000000501","3471884580000000101","MODI","TRAD","2026-06-03T09:06:38Z","TRUE","CR","","I","TRUE","2026-06-03T09:05:15Z","2026-03-20","2031-06-20","","FALSE","TPSE","FALSE","FALSE","","75,000,000","","EUR","","","","","","","","","","","","","","","","","","","","","","","","","0.01","","","","","","0.0053375","","","","","","false","","","3","","","A004","","","","","","","","","MNTH","","","","3","","","","","","EUR","","","","false","1","","","","","","","OTHR","","","FALSE","","","","","","","","","QZTQ4GTC5QMF","NA/CDS Corp Idx","ITRAXX EUROPE"
"3472708541000000101","3472058071000000101","MODI","TRAD","2026-06-03T09:07:29Z","TRUE","CR","","I","TRUE","2026-06-03T09:05:00Z","2026-03-20","2031-06-20","","","BILT","FALSE","FALSE","","25,000,000","","EUR","","","","","","","","","","","","","","","","","","","","","","","","","0.01","","","","","","","","","","","","false","","","","","","A004","","","","","","","","599183.69000","MNTH","","","","3","","","","UFRO","EUR","","","","","false","1","","","","","","","","","","FALSE","","","","","","","","","QZTQ4GTC5QMF","NA/CDS Corp Idx","ITRAXX EUROPE"
"3479255677000000301","","NEWT","TRAD","2026-06-03T13:54:54Z","","CR","","I","TRUE","2026-06-03T13:54:54Z","2026-06-04","2031-06-20","","FALSE","BBSF","FALSE","FALSE","","94,000,000","","USD","","","","","","","","","","","","","","","","","","","","","","","","","0.01","","","","","","0.00509683","","","","","","false","","","3","","","A004","","","","","","","","2288407.58000","MNTH","","","","3","","","","UFRO","USD","","","","","false","1","","","","","","","","","","FALSE","","","","","","","","","QZ3WVVQG5T8K","NA/CDS Corp Idx","CDX.NA.IG"
"3479248672000000601","","NEWT","TRAD","2026-06-03T13:54:20Z","","CR","","I","TRUE","2026-06-03T13:54:20Z","2026-03-20","2031-06-20","","FALSE","TPSE","FALSE","FALSE","","10,000,000","","EUR","","","","","","","","","","","","","","","","","","","","","","","","","0.05","","","","","","0.026225","","","","","","false","","","3","","","A004","","","","","","","","","MNTH","","","","3","","","","","","EUR","","","","false","1","","","","","","","OTHR","","","FALSE","","","","","","","","","QZ3HM9KVK2WL","NA/CDS Corp Idx","ITRAXX EUROPE CROSSOVER"
"3469257419000000101","","NEWT","TRAD","2026-06-03T08:05:50Z","","CR","","N","FALSE","2026-06-02T12:14:14Z","2026-06-03","2030-12-20","","FALSE","BILT","FALSE","FALSE","FALSE","20,000,000","","EUR","","","","","","","","","","","","","","","","","","","","","","","","","0.05","","","","","","","","","","","","false","","","","","","A004","","","","","","","","1288333.33000","MNTH","","","","3","","","","UFRO","EUR","","","","","false","1","","","","","","","","","","FALSE","","","","","","","","","QZ8ZC6J69LV2","NA/CDS Mun Idx Tra","ITRAXX EUROPE CROSSOVER"
"3479187597000000101","","NEWT","TRAD","2026-06-03T13:44:32Z","","CR","","I","TRUE","2026-06-03T13:44:32Z","2025-09-22","2030-12-20","","","BILT","FALSE","FALSE","FALSE","10,000,000","","EUR","","","","","","","","","","","","","","","","","","","","","","","","","0.05","","","","","","","","","","","","false","","","","","","A004","","","","","","","","1195509.00000","MNTH","","","","3","","","","UFRO","EUR","","","","","false","1","","","","","","","","","","FALSE","","","","","","","","","QZ5F5FRS4TR9","NA/CDS Corp Idx","ITRAXX EUROPE CROSSOVER"
"3479226581000000301","","NEWT","TRAD","2026-06-03T13:26:51Z","","CR","","N","FALSE","2026-06-03T13:26:51Z","2026-06-03","2026-06-10","","FALSE","BILT","FALSE","FALSE","TRUE","99,503,985","100,000,000","USD","USD","","","","","","","","","","","","","","","","","","","","","","","","0.038126","0.038126","","","","","","","","","","","false","","","","","","","","","","","","","","","EXPI","","","","1","","","","","","","USD","","","false","","","","","","","","","","","FALSE","","","","","","","","","QZ57DSB64DNJ","NA/CDS Corp SN","DTD 03/15/2025"
"3479199206000000201","","NEWT","TRAD","2026-06-03T13:50:17Z","","CR","","I","FALSE","2026-06-03T13:50:17Z","2026-06-04","2031-06-20","","FALSE","BBSF","FALSE","FALSE","","25,000,000","","USD","","","","","","","","","","","","","","","","","","","","","","","","","0.01","","","","","","0.009776","","","","","","false","","","3","","","A004","","","","","","","","507222.22000","MNTH","","","","3","","","","UFRO","USD","","","","","false","1","","","","","","","","","","FALSE","","","","","","","","","QZ4JMQKL3P03","NA/CDS Corp Idx","CDX.EM"
"3479199205000000101","","NEWT","TRAD","2026-06-03T13:50:11Z","","CR","","I","TRUE","2026-06-03T13:50:11Z","2026-06-04","2031-06-20","","","TWSF","FALSE","FALSE","","3,000,000","","USD","","","","","","","","","","","","","","","","","","","","","","","","","0.05","","","","","","0.01080924","","","","","","false","","","3","","","A004","","","","","","","","271694.28000","MNTH","","","","3","","","","UFRO","USD","","","","","false","0.99","","","","","","","","","","FALSE","","","","","","","","","QZHH8NT767RX","NA/CDS Corp Idx","CDX.NA.HY"
"3479212665000000101","","NEWT","TRAD","2026-06-03T13:51:28Z","","CR","","I","TRUE","2026-06-03T13:51:28Z","2026-06-04","2031-06-20","","FALSE","BBSF","FALSE","FALSE","","50,000,000","","USD","","","","","","","","","","","","","","","","","","","","","","","","","0.01","","","","","","0.00509548","","","","","","false","","","3","","","A004","","","","","","","","1217550.27000","MNTH","","","","3","","","","UFRO","USD","","","","","false","1","","","","","","","","","","FALSE","","","","","","","","","QZ3WVVQG5T8K","NA/CDS Corp Idx","CDX.NA.IG"
"3480587939000000401","","NEWT","TRAD","2026-06-03T15:54:11Z","","CR","","I","FALSE","2026-06-03T15:54:11Z","2026-03-20","2031-06-20","","FALSE","BILT","FALSE","FALSE","FALSE","40,000,000","","EUR","","","","","","","","","","","","","","","","","","","","","","","","","0.01","","","","","","","","","","","","false","","","3","","3","A004","","","","","","","","949999.86000","MNTH","","","","3","","","","UFRO","EUR","EUR","","","","false","1","","","","","","","","","","FALSE","","","","","","","","","QZ30FM86XF0K","NA/CDS Corp Idx","ITRAXX EUROPE"
"3479055613000000301","","NEWT","TRAD","2026-06-03T13:35:20Z","","CR","","I","TRUE","2026-06-03T13:35:20Z","2026-06-04","2028-12-20","","FALSE","BBSF","FALSE","TRUE","","190,000,000","","EUR","","","","","","","","","","","","","","","","","","","","","","","","","0.05","","","","","","0.0157718","","","","","","false","","","3","","","A004","","","","","","","","16776101.81432","MNTH","","","","3","","","","UFRO","EUR","","","","","false","0.94665","","","","","","","","","","TRUE","","","","0.0102","","3","","","QZ2Q1GQSPKPM","NA/CDS Corp Idx","ITRAXX EUROPE CROSSOVER"
"3479118248000000201","","NEWT","TRAD","2026-06-03T13:37:41Z","","CR","","I","TRUE","2026-06-03T13:37:41Z","2026-03-20","2031-06-20","","","BILT","FALSE","FALSE","FALSE","50,000,000","","EUR","","","","","","","","","","","","","","","","","","","","","","","","","0.01","","","","","","","","","","","","false","","","","","","A004","","","","","","","","1195381.00000","MNTH","","","","3","","","","UFRO","EUR","","","","","false","1","","","","","","","","","","FALSE","","","","","","","","","QZTQ4GTC5QMF","NA/CDS Corp Idx","ITRAXX EUROPE"
"3479105786000000201","3479061977000000101","EROR","","2026-06-03T13:40:11Z","","CR","","N","FALSE","2026-06-03T13:34:58Z","2026-06-03","2030-12-20","","FALSE","BILT","FALSE","FALSE","FALSE","10,000,000","","EUR","","","","","","","","","","","","","","","","","","","","","","","","","0.01","","","","","","","","","","","","false","","","","","","A004","","","","","","","","1941388.89000","MNTH","","","","3","","","","UFRO","EUR","","","","","false","1","","","","","","","","","","FALSE","","","","","","","","","QZ9GDBQDH8LN","NA/CDS Corp Idx Tra","ITRAXX EUROPE"
"3479179884000000201","","NEWT","TRAD","2026-06-03T13:48:29Z","","CR","","I","TRUE","2026-06-03T13:48:29Z","2026-06-04","2031-06-20","","FALSE","BBSF","FALSE","FALSE","","20,000,000","","EUR","","","","","","","","","","","","","","","","","","","","","","","","","0.05","","","","","","0.0262767","","","","","","false","","","3","","","A004","","","","","","","","2253851.96000","MNTH","","","","3","","","","UFRO","EUR","","","","","false","1","","","","","","","","","","FALSE","","","","","","","","","QZ3HM9KVK2WL","NA/CDS Corp Idx","ITRAXX EUROPE CROSSOVER"
"3479187620000000401","","NEWT","TRAD","2026-06-03T13:49:15Z","","CR","","I","TRUE","2026-06-03T13:49:15Z","2026-06-04","2031-06-20","","FALSE","BBSF","FALSE","FALSE","","5,000,000","","USD","","","","","","","","","","","","","","","","","","","","","","","","","0.05","","","","","","0.01080829","","","","","","false","","","3","","","A004","","","","","","","","452353.55000","MNTH","","","","3","","","","UFRO","USD","","","","","false","0.99","","","","","","","","","","FALSE","","","","","","","","","QZHH8NT767RX","NA/CDS Corp Idx","CDX.NA.HY"
"3479150762000000801","3459684410000000101","CORR","","2026-06-02T18:43:40Z","","CR","","N","FALSE","2026-06-02T18:25:52Z","2026-06-03","2057-10-17","","FALSE","BILT","FALSE","FALSE","FALSE","5,000,000","","USD","","","","","","","","","","","","","","","","","","","","","","","","","0.03","","","","","","","","","","","","false","","","","","","A004","","","","","","","","929477.90000","MNTH","","","","1","","","","UFRO","USD","USD","","","","false","0.676086366","","","","","","","","","","FALSE","","","","","","","","","QZBR18TZBVN3","NA/CDS Corp Idx","CMBX.NA.BBB-"
"3479150755000000101","","NEWT","TRAD","2026-06-03T13:45:17Z","","CR","","I","TRUE","2026-06-03T13:45:17Z","2026-06-04","2031-06-20","","FALSE","BBSF","FALSE","FALSE","","2,000,000","","EUR","","","","","","","","","","","","","","","","","","","","","","","","","0.05","","","","","","0.0262322","","","","","","false","","","3","","","A004","","","","","","","","225803.69953","MNTH","","","","3","","","","UFRO","EUR","","","","","false","1","","","","","","","","","","FALSE","","","","","","","","","QZ3HM9KVK2WL","NA/CDS Corp Idx","ITRAXX EUROPE CROSSOVER"
"3479394337000000101","","NEWT","TRAD","2026-06-03T14:06:59Z","","CR","","I","TRUE","2026-06-03T14:06:59Z","2026-06-04","2031-06-20","","FALSE","BBSF","FALSE","FALSE","","65,000,000","","USD","","","","","","","","","","","","","","","","","","","","","","","","","0.01","","","","","","0.0050884","","","","","","false","","","3","","","A004","","","","","","","","1584943.92000","MNTH","","","","3","","","","UFRO","USD","","","","","false","1","","","","","","","","","","FALSE","","","","","","","","","QZ3WVVQG5T8K","NA/CDS Corp Idx","CDX.NA.IG"
"3479331857000000101","","NEWT","TRAD","2026-06-03T14:00:49Z","","CR","","I","FALSE","2026-06-03T14:00:49Z","2026-03-20","2031-06-20","","","BGCO","FALSE","FALSE","FALSE","30,000,000","","EUR","","","","","","","","","","","","","","","","","","","","","","","","","0.05","","","","","","","","","","","","false","","","","","","A004","","","","","","","","3391628.00000","MNTH","","","","3","","","","UFRO","EUR","","","","","false","1","","","","","","","","","","TRUE","","","","35","","4","","","QZ3HM9KVK2WL","NA/CDS Corp Idx","ITRAXX EUROPE CROSSOVER"
"3473980873000000101","","NEWT","TRAD","2026-06-03T09:44:39Z","","CR","","I","TRUE","2026-06-03T09:44:39Z","2026-06-04","2031-06-20","","FALSE","BBSF","FALSE","FALSE","","25,000,000","","EUR","","","","","","","","","","","","","","","","","","","","","","","","","0.01","","","","","","0.005338","","","","","","false","","","3","","","A004","","","","","","","","599123.97000","MNTH","","","","3","","","","UFRO","EUR","","","","","false","1","","","","","","","","","","FALSE","","","","","","","","","QZTQ4GTC5QMF","NA/CDS Corp Idx","ITRAXX EUROPE"
"3478803157000000401","","NEWT","TRAD","2026-06-03T13:15:39Z","","CR","","I","TRUE","2026-06-03T13:15:39Z","2026-06-04","2031-06-20","","","TWSF","FALSE","FALSE","","25,000,000","","EUR","","","","","","","","","","","","","","","","","","","","","","","","","0.05","","","","","","0.02609","","","","","","false","","","3","","","A004","","","","","","","","2839333.27000","MNTH","","","","3","","","","UFRO","EUR","","","","","false","1","","","","","","","","","","TRUE","","","","1.028","","3","","","QZ3HM9KVK2WL","NA/CDS Corp Idx","ITRAXX EUROPE CROSSOVER"
"3479479615000000201","","NEWT","TRAD","2026-06-03T14:12:01Z","","CR","","I","FALSE","2026-06-03T14:12:01Z","2026-06-04","2031-06-20","","FALSE","BBSF","FALSE","FALSE","","25,000,000","","USD","","","","","","","","","","","","","","","","","","","","","","","","","0.01","","","","","","0.00978","","","","","","false","","","3","","","A004","","","","","","","","497222.22000","MNTH","","","","3","","","","UFRO","USD","","","","","false","1","","","","","","","","","","FALSE","","","","","","","","","QZ4JMQKL3P03","NA/CDS Corp Idx","CDX.EM"
"3479009786000000401","","NEWT","TRAD","2026-06-03T13:32:26Z","","CR","","I","TRUE","2026-06-03T13:32:26Z","2026-06-04","2031-06-20","","FALSE","BBSF","FALSE","FALSE","","50,000,000","","USD","","","","","","","","","","","","","","","","","","","","","","","","","0.01","","","","","","0.005073","","","","","","false","","","3","","","A004","","","","","","","","1222749.43000","MNTH","","","","3","","","","UFRO","USD","","","","","false","1","","","","","","","","","","FALSE","","","","","","","","","QZ3WVVQG5T8K","NA/CDS Corp Idx","CDX.NA.IG"
"3479000321000000501","","NEWT","TRAD","2026-06-03T13:31:46Z","","CR","","I","TRUE","2026-06-03T13:31:46Z","2026-06-04","2031-06-20","","","TWSF","FALSE","FALSE","","50,000,000","","USD","","","","","","","","","","","","","","","","","","","","","","","","","0.01","","","","","","0.005075","","","","","","false","","","3","","","A004","","","","","","","","1222286.83000","MNTH","","","","3","","","","UFRO","USD","","","","","false","1","","","","","","","","","","FALSE","","","","","","","","","QZ3WVVQG5T8K","NA/CDS Corp Idx","CDX.NA.IG"
"3478944229000000201","","NEWT","TRAD","2026-06-03T13:26:49Z","","CR","","I","TRUE","2026-06-03T13:26:49Z","2026-06-04","2031-06-20","","FALSE","BBSF","FALSE","TRUE","","46,423,803+","","EUR","","","","","","","","","","","","","","","","","","","","","","","","","0.05","","","","","","0.0261","","","","","","false","","","3","","","A004","","","","","","","","5270336.80843","MNTH","","","","3","","","","UFRO","EUR","","","","","false","1","","","","","","","","","","FALSE","","","","","","","","","QZ3HM9KVK2WL","NA/CDS Corp Idx","ITRAXX EUROPE CROSSOVER"
"3479076911000000401","3479076909000000201","MODI","TRAD","2026-06-03T13:37:14Z","TRUE","CR","","I","TRUE","2026-06-03T13:37:04Z","2026-03-20","2031-06-20","","FALSE","TPSE","FALSE","FALSE","","50,000,000","","EUR","","","","","","","","","","","","","","","","","","","","","","","","","0.01","","","","","","0.00535","","","","","","false","","","3","","","A004","","","","","","","","","MNTH","","","","3","","","","","","EUR","","","","false","1","","","","","","","OTHR","","","FALSE","","","","","","","","","QZTQ4GTC5QMF","NA/CDS Corp Idx","ITRAXX EUROPE"
"3479084800000000301","3479084798000000101","MODI","TRAD","2026-06-03T13:37:29Z","TRUE","CR","","I","TRUE","2026-06-03T13:37:20Z","2026-03-20","2031-06-20","","FALSE","TPSE","FALSE","FALSE","","50,000,000","","EUR","","","","","","","","","","","","","","","","","","","","","","","","","0.01","","","","","","0.00535","","","","","","false","","","3","","","A004","","","","","","","","","MNTH","","","","3","","","","","","EUR","","","","false","1","","","","","","","OTHR","","","FALSE","","","","","","","","","QZTQ4GTC5QMF","NA/CDS Corp Idx","ITRAXX EUROPE"
"3473878502000000301","","NEWT","TRAD","2026-06-03T09:37:54Z","","CR","","N","FALSE","2026-06-03T09:37:54Z","2026-06-03","2026-07-15","2031-06-20","FALSE","BILT","FALSE","FALSE","TRUE","50,000,000","","EUR","","","","","","","","","","","","","","","","","","","","","","","","2026-07-15","0.05","","107,500","EUR","","","","","","","0.03125","","false","","","","","3","A004","","","","","","","","","MNTH","","","","3","","","","","","","","","","false","1","","","","","","","","","","FALSE","","","","","","","","","QZWDX55NJN4V","NA/CDS Idx Swt","NA/CDS Corp Idx"
"3479414960000000301","","NEWT","TRAD","2026-06-03T14:08:26Z","","CR","","I","TRUE","2026-06-03T14:08:26Z","2026-06-04","2031-06-20","","FALSE","BBSF","FALSE","FALSE","","20,000,000","","EUR","","","","","","","","","","","","","","","","","","","","","","","","","0.01","","","","","","0.0053645","","","","","","false","","","3","","","A004","","","","","","","","476767.21000","MNTH","","","","3","","","","UFRO","EUR","","","","","false","1","","","","","","","","","","FALSE","","","","","","","","","QZTQ4GTC5QMF","NA/CDS Corp Idx","ITRAXX EUROPE"
"3473878504000000501","","NEWT","TRAD","2026-06-03T09:38:25Z","","CR","","N","FALSE","2026-06-03T09:38:25Z","2026-06-03","2026-07-15","2031-06-20","FALSE","BILT","FALSE","FALSE","TRUE","200,000,000","","EUR","","","","","","","","","","","","","","","","","","","","","","","","2026-07-15","0.01","","118,000","EUR","","","","","","","0.00625","","false","","","","","3","A004","","","","","","","","","MNTH","","","","3","","","","","","","","","","false","1","","","","","","","","","","FALSE","","","","","","","","","QZ2L66CGCV9J","NA/CDS Idx Swt","NA/CDS Corp Idx"
"3474669329000000101","","NEWT","TRAD","2026-06-03T10:06:12Z","","CR","","I","TRUE","2026-06-03T10:06:12Z","2026-06-04","2031-06-20","","FALSE","BBSF","FALSE","FALSE","","10,000,000","","EUR","","","","","","","","","","","","","","","","","","","","","","","","","0.05","","","","","","0.02611","","","","","","false","","","3","","","A004","","","","","","","","1134789.22000","MNTH","","","","3","","","","UFRO","EUR","","","","","false","1","","","","","","","","","","FALSE","","","","","","","","","QZ3HM9KVK2WL","NA/CDS Corp Idx","ITRAXX EUROPE CROSSOVER"
"3468515018000000101","","NEWT","TRAD","2026-06-03T08:10:17Z","","CR","","I","TRUE","2026-06-03T08:10:17Z","2026-03-20","2031-06-20","","FALSE","BGCD","FALSE","FALSE","","10,000,000","","EUR","","","","","","","","","","","","","","","","","","","","","","","","","","","","","","","0.02605","","","","","","false","","","3","","","A004","","","","","","","","","MNTH","","","","3","","","","","","","","","","false","1","","","","","","","","","","FALSE","","","","","","","","","QZ3HM9KVK2WL","NA/CDS Corp Idx","ITRAXX EUROPE CROSSOVER"
"3479526314000000101","","NEWT","TRAD","2026-06-03T14:15:40Z","","CR","","I","TRUE","2026-06-03T14:15:40Z","2026-06-04","2031-06-20","","FALSE","BBSF","FALSE","FALSE","","100,000,000","","EUR","","","","","","","","","","","","","","","","","","","","","","","","","0.01","","","","","","0.0053588","","","","","","false","","","3","","","A004","","","","","","","","2386558.86000","MNTH","","","","3","","","","UFRO","EUR","","","","","false","1","","","","","","","","","","FALSE","","","","","","","","","QZTQ4GTC5QMF","NA/CDS Corp Idx","ITRAXX EUROPE"
"3476962970000000101","","NEWT","TRAD","2026-06-03T10:57:34Z","","CR","","I","TRUE","2026-06-03T10:57:34Z","2026-06-04","2031-06-20","","FALSE","BBSF","FALSE","FALSE","","50,000,000","","EUR","","","","","","","","","","","","","","","","","","","","","","","","","0.01","","","","","","0.00533","","","","","","false","","","3","","","A004","","","","","","","","1200159.13000","MNTH","","","","3","","","","UFRO","EUR","","","","","false","1","","","","","","","","","","FALSE","","","","","","","","","QZTQ4GTC5QMF","NA/CDS Corp Idx","ITRAXX EUROPE"
"3479094109000000201","","NEWT","TRAD","2026-06-03T13:37:59Z","","CR","","I","TRUE","2026-06-03T13:37:59Z","2026-06-04","2031-06-20","","","BTFE","FALSE","FALSE","FALSE","3,000,000","","EUR","","","","","","","","","","","","","","","","","","","","","","","","","","","","","","","","","","","","","false","","","","","","A004","","","","","","","","339445.82400","MNTH","","","","3","","","","UFRO","EUR","","","","","false","1","","","","","","","","","","FALSE","","","","","","","","","QZ3HM9KVK2WL","NA/CDS Corp Idx","ITRAXX EUROPE CROSSOVER"
"3479493901000000101","","NEWT","TRAD","2026-06-03T14:12:55Z","","CR","","I","TRUE","2026-06-03T14:12:55Z","2026-06-04","2031-06-20","","","TWSF","FALSE","FALSE","","3,000,000","","EUR","","","","","","","","","","","","","","","","","","","","","","","","","0.05","","","","","","0.0262158","","","","","","false","","","3","","","A004","","","","","","","","338939.53334","MNTH","","","","3","","","","UFRO","EUR","","","","","false","1","","","","","","","","","","FALSE","","","","","","","","","QZ3HM9KVK2WL","NA/CDS Corp Idx","ITRAXX EUROPE CROSSOVER"
"3476458302000000301","","NEWT","TRAD","2026-06-03T10:42:34Z","","CR","","I","TRUE","2026-06-03T10:42:34Z","2026-06-04","2031-06-20","","","TWSF","FALSE","FALSE","","30,000,000","","EUR","","","","","","","","","","","","","","","","","","","","","","","","","0.05","","","","","","0.02615","","","","","","false","","","3","","","A004","","","","","","","","3398704.47000","MNTH","","","","3","","","","UFRO","EUR","","","","","false","1","","","","","","","","","","FALSE","","","","","","","","","QZ3HM9KVK2WL","NA/CDS Corp Idx","ITRAXX EUROPE CROSSOVER"
"3476563025000000101","","NEWT","TRAD","2026-06-03T10:43:49Z","","CR","","I","FALSE","2026-06-03T10:43:49Z","2026-06-04","2031-06-20","","FALSE","BBSF","FALSE","FALSE","","10,000,000","","EUR","","","","","","","","","","","","","","","","","","","","","","","","","0.01","","","","","","0.005615","","","","","","false","","","3","","","A004","","","","","","","","226430.05000","MNTH","","","","3","","","","UFRO","EUR","","","","","false","1","","","","","","","","","","FALSE","","","","","","","","","QZTB38W3WJ98","NA/CDS Corp Idx","ITRAXX EUROPE SENIOR FINANCIALS"
"3467611215000000201","","NEWT","TRAD","2026-06-03T07:51:09Z","FALSE","CR","","N","FALSE","2026-06-03T07:51:09Z","2026-06-04","2026-09-04","","FALSE","BILT","FALSE","FALSE","TRUE","1,476,165,000","16,000,000","INR","USD","","","","","","","","","","","","","","","","","","","","","","","","0.0734","","","","","","","","","","","","false","","","","","","A008","","","A004","","DAIL","","1","","MNTH","","","EXPI","1","","","1","","","INR","","","","false","","","","","","","","","","","FALSE","","","","","","","","","QZ81KHZFZXGX","NA/CDS Corp SN","SR III 7.34 BD 26FB29 FVRS1LAC"
"3472060138000000101","","NEWT","TRAD","2026-06-03T09:09:06Z","","CR","","I","TRUE","2026-06-03T09:09:06Z","2026-06-04","2031-06-20","","","TWSF","FALSE","FALSE","","2,000,000","","EUR","","","","","","","","","","","","","","","","","","","","","","","","","0.01","","","","","","0.0056026","","","","","","false","","","3","","","A004","","","","","","","","45404.24000","MNTH","","","","3","","","","UFRO","EUR","","","","","false","1","","","","","","","","","","FALSE","","","","","","","","","QZTB38W3WJ98","NA/CDS Corp Idx","ITRAXX EUROPE SENIOR FINANCIALS"
"3480502708000000301","","NEWT","TRAD","2026-06-03T15:50:07Z","","CR","","I","TRUE","2026-06-03T15:50:07Z","2026-06-04","2031-06-20","","FALSE","BBSF","FALSE","FALSE","","400,000","","USD","","","","","","","","","","","","","","","","","","","","","","","","","0.05","","","","","","0.010809","","","","","","false","","","3","","","A004","","","","","","","","36216.40000","MNTH","","","","3","","","","UFRO","USD","","","","","false","0.99","","","","","","","","","","FALSE","","","","","","","","","QZHH8NT767RX","NA/CDS Corp Idx","CDX.NA.HY"
"3480468697000000101","","NEWT","TRAD","2026-06-03T15:47:21Z","","CR","","I","TRUE","2026-06-03T15:47:21Z","2026-06-04","2031-06-20","","FALSE","BBSF","FALSE","FALSE","","5,000,000","","USD","","","","","","","","","","","","","","","","","","","","","","","","","0.05","","","","","","0.010808","","","","","","false","","","3","","","A004","","","","","","","","452210.00000","MNTH","","","","3","","","","UFRO","USD","","","","","false","0.99","","","","","","","","","","FALSE","","","","","","","","","QZHH8NT767RX","NA/CDS Corp Idx","CDX.NA.HY"
"3479640236000000701","","NEWT","TRAD","2026-06-03T14:24:00Z","","CR","","I","TRUE","2026-06-03T14:24:00Z","2026-06-04","2031-06-20","","FALSE","BBSF","FALSE","TRUE","","46,423,803+","","EUR","","","","","","","","","","","","","","","","","","","","","","","","","0.05","","","","","","0.026229","","","","","","false","","","3","","","A004","","","","","","","","5242081.77860","MNTH","","","","3","","","","UFRO","EUR","","","","","false","1","","","","","","","","","","TRUE","","","","0.00345","","3","","","QZ3HM9KVK2WL","NA/CDS Corp Idx","ITRAXX EUROPE CROSSOVER"
"3479572099000000801","","NEWT","TRAD","2026-06-03T14:18:30Z","","CR","","I","TRUE","2026-06-03T14:18:30Z","2026-06-04","2029-12-20","","FALSE","BBSF","FALSE","TRUE","","150,000,000","","EUR","","","","","","","","","","","","","","","","","","","","","","","","","0.05","","","","","","0.01965","","","","","","false","","","3","","","A004","","","","","","","","15695136.01000","MNTH","","","","3","","","","UFRO","EUR","","","","","false","0.95999","","","","","","","","","","TRUE","","","","0.003025","","3","","","QZC9WN4TPTDV","NA/CDS Corp Idx","ITRAXX EUROPE CROSSOVER"
"3479726130000000501","","NEWT","TRAD","2026-06-03T14:32:39Z","","CR","","I","TRUE","2026-06-03T14:32:39Z","2026-06-04","2031-06-20","","FALSE","BBSF","FALSE","FALSE","","10,000,000","","USD","","","","","","","","","","","","","","","","","","","","","","","","","0.05","","","","","","0.010816","","","","","","false","","","3","","","A004","","","","","","","","912340.00000","MNTH","","","","3","","","","UFRO","USD","","","","","false","0.99","","","","","","","","","","FALSE","","","","","","","","","QZHH8NT767RX","NA/CDS Corp Idx","CDX.NA.HY"
"3479726127000000201","","NEWT","TRAD","2026-06-03T14:32:28Z","","CR","","I","TRUE","2026-06-03T14:32:28Z","2026-06-04","2031-06-20","","FALSE","BBSF","FALSE","FALSE","","20,000,000","","USD","","","","","","","","","","","","","","","","","","","","","","","","","0.01","","","","","","0.005077","","","","","","false","","","3","","","A004","","","","","","","","488729.70000","MNTH","","","","3","","","","UFRO","USD","","","","","false","1","","","","","","","","","","FALSE","","","","","","","","","QZ3WVVQG5T8K","NA/CDS Corp Idx","CDX.NA.IG"
"3470853618000000101","","NEWT","TRAD","2026-06-03T08:42:36Z","","CR","","I","TRUE","2026-06-03T08:42:36Z","2026-03-20","2031-06-20","","","BILT","FALSE","FALSE","FALSE","10,000,000","","EUR","","","","","","","","","","","","","","","","","","","","","","","","","0.05","","","","","","","","","","","","false","","","","","","A004","","","","","","","","1135261.00000","MNTH","","","","3","","","","UFRO","EUR","","","","","false","1","","","","","","","","","","FALSE","","","","","","","","","QZ3HM9KVK2WL","NA/CDS Corp Idx","ITRAXX EUROPE CROSSOVER"
"3473718007000000201","","NEWT","TRAD","2026-06-03T09:36:31Z","","CR","","I","TRUE","2026-06-03T09:36:31Z","2026-06-04","2031-06-20","","FALSE","BBSF","FALSE","FALSE","","4,000,000","","EUR","","","","","","","","","","","","","","","","","","","","","","","","","0.01","","","","","","0.0053375","","","","","","false","","","3","","","A004","","","","","","","","95869.39000","MNTH","","","","3","","","","UFRO","EUR","","","","","false","1","","","","","","","","","","FALSE","","","","","","","","","QZTQ4GTC5QMF","NA/CDS Corp Idx","ITRAXX EUROPE"
"3480622181000000201","","NEWT","TRAD","2026-06-03T15:57:38Z","","CR","","I","FALSE","2026-06-03T15:57:38Z","2026-06-04","2031-06-20","","","TWSF","FALSE","FALSE","","20,000,000","","EUR","","","","","","","","","","","","","","","","","","","","","","","","","0.05","","","","","","0.02627","","","","","","false","","","3","","","A004","","","","","","","","2254483.65000","MNTH","","","","3","","","","UFRO","EUR","","","","","false","1","","","","","","","","","","FALSE","","","","","","","","","QZ3HM9KVK2WL","NA/CDS Corp Idx","ITRAXX EUROPE CROSSOVER"
"3480595495000000301","3480578307000000101","MODI","TRAD","2026-06-03T15:55:57Z","TRUE","CR","","I","TRUE","2026-06-03T15:54:27Z","2026-03-20","2031-06-20","","FALSE","TPSE","FALSE","FALSE","","10,000,000","","EUR","","","","","","","","","","","","","","","","","","","","","","","","","0.05","","","","","","0.026275","","","","","","false","","","3","","","A004","","","","","","","","","MNTH","","","","3","","","","","","EUR","","","","false","1","","","","","","","OTHR","","","TRUE","","","","0.004725","","3","","","QZ3HM9KVK2WL","NA/CDS Corp Idx","ITRAXX EUROPE CROSSOVER"
"3480643115000000101","","NEWT","TRAD","2026-06-03T15:58:10Z","","CR","","I","TRUE","2026-06-03T15:58:10Z","2026-06-04","2031-06-20","","FALSE","BBSF","FALSE","FALSE","","10,000,000","","EUR","","","","","","","","","","","","","","","","","","","","","","","","","0.05","","","","","","0.0263","","","","","","false","","","3","","","A004","","","","","","","","1125827.73000","MNTH","","","","3","","","","UFRO","EUR","","","","","false","1","","","","","","","","","","FALSE","","","","","","","","","QZ3HM9KVK2WL","NA/CDS Corp Idx","ITRAXX EUROPE CROSSOVER"
"3480454663000000101","","NEWT","TRAD","2026-06-03T15:46:03Z","","CR","","I","TRUE","2026-06-03T15:46:03Z","2026-06-04","2031-06-20","","","TWSF","FALSE","FALSE","","20,000,000","","EUR","","","","","","","","","","","","","","","","","","","","","","","","","0.05","","","","","","0.02621","","","","","","false","","","3","","","A004","","","","","","","","2260141.99000","MNTH","","","","3","","","","UFRO","EUR","","","","","false","1","","","","","","","","","","FALSE","","","","","","","","","QZ3HM9KVK2WL","NA/CDS Corp Idx","ITRAXX EUROPE CROSSOVER"
"3478664048000000201","","NEWT","TRAD","2026-06-03T13:06:10Z","","CR","","I","FALSE","2026-06-03T13:06:10Z","2026-06-04","2031-06-20","","FALSE","BBSF","FALSE","FALSE","","12,000,000","","EUR","","","","","","","","","","","","","","","","","","","","","","","","","0.01","","","","","","0.0056025","","","","","","false","","","3","","","A004","","","","","","","","272431.15000","MNTH","","","","3","","","","UFRO","EUR","","","","","false","1","","","","","","","","","","FALSE","","","","","","","","","QZTB38W3WJ98","NA/CDS Corp Idx","ITRAXX EUROPE SENIOR FINANCIALS"
"3478645421000000301","3457040005000000101","CORR","","2026-06-03T12:18:27Z","","CR","","N","FALSE","2026-06-02T16:02:00Z","2026-06-02","2030-12-20","","FALSE","BILT","FALSE","FALSE","FALSE","15,000,000","","EUR","","","","","","","","","","","","","","","","","","","","","","","","","0.05","","","","","","","","","","","","false","","","","","","A004","","","","","","","","2006750.00000","MNTH","","","","3","","","","UFRO","EUR","","","","","false","1","","","","","","","","","","FALSE","","","","","","","","","QZB5DPT9MS3H","NA/CDS Corp Idx Tra","ITRAXX EUROPE CROSSOVER"
"3478701429000000301","","NEWT","TRAD","2026-06-03T12:31:22Z","","CR","","N","FALSE","2026-06-03T12:31:22Z","2026-06-03","2026-12-20","","FALSE","BILT","FALSE","FALSE","TRUE","97,000,000","","USD","","","","","","","","","","","","","","","","","","","","","","","","","","","","","","","0","","","","","","false","","","3","","","","","A004","","MNTH","","3","","743709.90740","","MNTH","","","","3","","","UFRO","USD","USD","","","","false","","","","","","","","","","","FALSE","","","","","","","","","QZ8LR0QG8H6H","NA/CDS Corp SN","IBOXX USD LQ 100 LEV LOANS IDX TRI"
"3478938881000000101","","NEWT","TRAD","2026-06-03T13:25:50Z","","CR","","I","FALSE","2026-06-03T13:25:50Z","2026-06-04","2031-06-20","","FALSE","BBSF","FALSE","FALSE","","3,000,000","","USD","","","","","","","","","","","","","","","","","","","","","","","","","0.01","","","","","","0.0097795","","","","","","false","","","3","","","A004","","","","","","","","59816.55133","MNTH","","","","3","","","","UFRO","USD","","","","","false","1","","","","","","","","","","FALSE","","","","","","","","","QZ4JMQKL3P03","NA/CDS Corp Idx","CDX.EM"
"3478844524000000101","","NEWT","TRAD","2026-06-03T13:13:48Z","","CR","","I","FALSE","2026-06-03T09:34:53Z","2026-08-19","2026-08-19","2031-06-20","","BILT","FALSE","FALSE","FALSE","100,000,000","","EUR","","","","","","","","","","","","","","","","","","","","","","","","2026-08-19","0.05","","53,000","EUR","","","","","","","0.0625","","false","","","","","3","A004","","","","","","","","","MNTH","","","","3","","","","","","","","","","false","","","","","","","","","","","TRUE","54.15","","3","","","","","","QZN6X938ZWQ4","NA/CDS Idx Swt","NA/CDS Corp Idx"
"3477802013000000101","","NEWT","TRAD","2026-06-03T12:08:43Z","FALSE","CR","","I","TRUE","2026-06-03T12:08:43Z","2025-03-20","2030-06-20","","","TREU","FALSE","FALSE","FALSE","40,000,000","","EUR","","","","","","","","","","","","","","","","","","","","","","","","","0.01","","","","","","","","","","","","false","","","","","","A004","","","","","","","","974912.22000","MNTH","","","","3","","","","UFRO","EUR","","","","","false","1","","","","","","","","","","FALSE","","","","","","","","","QZWB6B7S3V04","NA/CDS Corp Idx","ITRAXX EUROPE"
"3477714955000000101","","NEWT","TRAD","2026-06-03T12:02:35Z","","CR","","I","FALSE","2026-06-03T12:02:35Z","2026-06-04","2031-06-20","","","TWSF","FALSE","FALSE","","25,000,000","","USD","","","","","","","","","","","","","","","","","","","","","","","","","0.01","","","","","","0.009781","","","","","","false","","","3","","","A004","","","","","","","","494722.22000","MNTH","","","","3","","","","UFRO","USD","","","","","false","1","","","","","","","","","","FALSE","","","","","","","","","QZ4JMQKL3P03","NA/CDS Corp Idx","CDX.EM"
"3471040822000000101","","NEWT","TRAD","2026-06-03T08:50:26Z","","CR","","I","TRUE","2026-06-03T08:50:26Z","2026-06-04","2031-06-20","","FALSE","BBSF","FALSE","TRUE","","160,000,000","","EUR","","","","","","","","","","","","","","","","","","","","","","","","","0.01","","","","","","0.005325","","","","","","false","","","3","","","A004","","","","","","","","3844331.79000","MNTH","","","","3","","","","UFRO","EUR","","","","","false","1","","","","","","","","","","TRUE","","","","0.005325","","3","","","QZTQ4GTC5QMF","NA/CDS Corp Idx","ITRAXX EUROPE"
"3477685853000000101","","NEWT","TRAD","2026-06-03T12:00:45Z","","CR","","I","TRUE","2026-06-03T12:00:45Z","2026-06-04","2031-06-20","","","TWSF","FALSE","FALSE","","20,000,000","","USD","","","","","","","","","","","","","","","","","","","","","","","","","0.01","","","","","","0.005067","","","","","","false","","","3","","","A004","","","","","","","","489654.90000","MNTH","","","","3","","","","UFRO","USD","","","","","false","1","","","","","","","","","","FALSE","","","","","","","","","QZ3WVVQG5T8K","NA/CDS Corp Idx","CDX.NA.IG"
"3478929923000000101","","NEWT","TRAD","2026-06-03T13:24:35Z","","CR","","N","FALSE","2026-06-03T13:24:35Z","2026-06-03","2072-12-16","","FALSE","BILT","FALSE","FALSE","FALSE","5,000,000","","USD","","","","","","","","","","","","","","","","","","","","","","","","","0.05","","","","","","","","","","","","false","","","","","","A004","","","","","","","","1671875.00000","MNTH","","","","1","","","","UFRO","USD","USD","","","","false","1","","","","","","","","","","FALSE","","","","","","","","","QZT81MX5QS1X","NA/CDS Corp Idx","CMBX.NA.BB"
"3478442044000000101","","NEWT","TRAD","2026-06-03T12:50:30Z","","CR","","I","FALSE","2026-06-03T12:50:30Z","2026-03-20","2031-06-20","","","BGCO","FALSE","FALSE","FALSE","25,000,000","","EUR","","","","","","","","","","","","","","","","","","","","","","","","","0.01","","","","","","","","","","","","false","","","","","","A004","","","","","","","","599184.00000","MNTH","","","","3","","","","UFRO","EUR","","","","","false","1","","","","","","","","","","FALSE","","","","","","","","","QZTQ4GTC5QMF","NA/CDS Corp Idx","ITRAXX EUROPE"
"3468682095000000101","","NEWT","TRAD","2026-06-03T08:13:38Z","","CR","","I","TRUE","2026-06-03T08:13:38Z","2026-06-04","2031-06-20","","","BTFE","FALSE","FALSE","FALSE","10,000,000","","EUR","","","","","","","","","","","","","","","","","","","","","","","","","","","","","","","","","","","","","false","","","","","","A004","","","","","","","","1138778.99000","MNTH","","","","3","","","","UFRO","EUR","","","","","false","1","","","","","","","","","","FALSE","","","","","","","","","QZ3HM9KVK2WL","NA/CDS Corp Idx","ITRAXX EUROPE CROSSOVER"
"3468629254000000101","3454103384000000101","TERM","ETRM","2026-06-03T08:05:50Z","","CR","","N","FALSE","2026-06-02T12:14:14Z","2026-06-03","2030-12-20","","FALSE","BILT","FALSE","FALSE","FALSE","25,000,000","","EUR","","","","","","","","","","","","","","","","","","","","","","","","","0.05","","","","","","","","","","","","false","","","","","","A004","","","","","","","","1610416.67000","MNTH","","","","3","","","","UFRO","EUR","","","","","false","1","","","","","","","","","","FALSE","","","","","","","","","QZ8ZC6J69LV2","NA/CDS Mun Idx Tra","ITRAXX EUROPE CROSSOVER"
"3479288632000000101","","NEWT","TRAD","2026-06-03T13:53:54Z","","CR","","I","TRUE","2026-06-03T13:53:54Z","2026-03-20","2031-06-20","","","BILT","FALSE","FALSE","FALSE","10,000,000","","EUR","","","","","","","","","","","","","","","","","","","","","","","","","0.05","","","","","","","","","","","","false","","","","","","A004","","","","","","","","1129364.00000","MNTH","","","","3","","","","UFRO","EUR","","","","","false","1","","","","","","","","","","FALSE","","","","","","","","","QZ3HM9KVK2WL","NA/CDS Corp Idx","ITRAXX EUROPE CROSSOVER"
"3479265523000000201","995666619000000401","CORR","","2025-10-24T13:21:22Z","","CR","","N","FALSE","2025-10-24T13:21:22Z","2015-06-05","2045-07-25","","FALSE","XXXX","FALSE","FALSE","TRUE","11,000,000","","USD","","","","","","","","","","","","","","","","","","","","","","","","","0","","","","","","","","","","","","false","","","","","","A004","","","","","","","","11495.74285;2495.77406;6353.81747;4724.40421;40.97279;2063.19498;554.22262;3073.94226;12134.91521;3966.66758","","","","","","","","","UWIN;UWIN;UWIN;UWIN;UWIN;UWIN;UWIN;UWIN;UWIN;UWIN","USD;USD;USD;USD;USD;USD;USD;USD;USD;USD","USD","USD","","","false","1","","","","","","","","","","FALSE","","","","","","","","","QZPN2GT8ZRQD","NA/CDS Corp Idx","ABX.HE.A"
"3478992974000000201","","NEWT","TRAD","2026-06-03T13:31:16Z","","CR","","I","TRUE","2026-06-03T13:31:16Z","2026-06-04","2031-06-20","","FALSE","BBSF","FALSE","TRUE","","150,000,000","","EUR","","","","","","","","","","","","","","","","","","","","","","","","","0.01","","","","","","0.005342","","","","","","false","","","3","","","A004","","","","","","","","3591877.17000","MNTH","","","","3","","","","UFRO","EUR","","","","","false","1","","","","","","","","","","FALSE","","","","","","","","","QZTQ4GTC5QMF","NA/CDS Corp Idx","ITRAXX EUROPE"
"3479124349000000401","","NEWT","TRAD","2026-06-03T13:42:18Z","","CR","","I","TRUE","2026-06-03T13:42:18Z","2026-06-04","2031-06-20","","FALSE","BBSF","FALSE","FALSE","","1,000,000","","USD","","","","","","","","","","","","","","","","","","","","","","","","","0.05","","","","","","0.0108128","","","","","","false","","","3","","","A004","","","","","","","","90916.99861","MNTH","","","","3","","","","UFRO","USD","","","","","false","0.99","","","","","","","","","","FALSE","","","","","","","","","QZHH8NT767RX","NA/CDS Corp Idx","CDX.NA.HY"
"3479107071000000401","","NEWT","TRAD","2026-06-03T13:40:01Z","","CR","","I","TRUE","2026-06-03T13:40:01Z","2026-06-04","2031-06-20","","","TWSF","FALSE","FALSE","","140,000,000","","USD","","","","","","","","","","","","","","","","","","","","","","","","","0.01","","","","","","0.0050952","","","","","","false","","","3","","","A004","","","","","","","","3409331.81351","MNTH","","","","3","","","","UFRO","USD","","","","","false","1","","","","","","","","","","FALSE","","","","","","","","","QZ3WVVQG5T8K","NA/CDS Corp Idx","CDX.NA.IG"
"3474013722000000101","","NEWT","TRAD","2026-06-03T09:45:47Z","","CR","","I","TRUE","2026-06-03T09:45:47Z","2026-06-04","2031-06-20","","FALSE","BBSF","FALSE","FALSE","","18,000,000","","EUR","","","","","","","","","","","","","","","","","","","","","","","","","0.05","","","","","","0.026145","","","","","","false","","","3","","","A004","","","","","","","","2039647.36000","MNTH","","","","3","","","","UFRO","EUR","","","","","false","1","","","","","","","","","","FALSE","","","","","","","","","QZ3HM9KVK2WL","NA/CDS Corp Idx","ITRAXX EUROPE CROSSOVER"
"3484066511000000201","","NEWT","TRAD","2026-06-03T20:14:21Z","","CR","","N","FALSE","2026-06-03T20:14:21Z","2026-06-04","2026-08-19","2031-06-20","FALSE","BILT","FALSE","FALSE","TRUE","400,000,000+","","USD","","","","","","","","","","","","","","","","","","","","","","","","2026-08-19","0.01","","159,999","USD","","","","","","","75","USD","false","","","","","1","A004","","","","","","","","","MNTH","","","","3","","","","","","","","","","false","","","","","","","","","","","FALSE","","","","","","","","","QZ7WW76RFHN3","NA/CDS Idx Swt","NA/CDS Corp Idx"
"3466039699000000201","","NEWT","TRAD","2026-06-03T07:20:10Z","","CR","","I","TRUE","2026-06-03T07:20:10Z","2026-06-04","2031-06-20","","","TWSF","FALSE","FALSE","","12,000,000","","EUR","","","","","","","","","","","","","","","","","","","","","","","","","0.01","","","","","","0.0055901","","","","","","false","","","3","","","A004","","","","","","","","273140.58000","MNTH","","","","3","","","","UFRO","EUR","","","","","false","1","","","","","","","","","","FALSE","","","","","","","","","QZTB38W3WJ98","NA/CDS Corp Idx","ITRAXX EUROPE SENIOR FINANCIALS"
"3464631707000000101","","NEWT","TRAD","2026-06-03T06:34:29Z","","CR","","I","TRUE","2026-06-03T06:34:29Z","2026-06-04","2031-06-20","","","TWSF","FALSE","FALSE","","110,000,000","","EUR","","","","","","","","","","","","","","","","","","","","","","","","","0.01","","","","","","0.00532189","","","","","","false","","","3","","","A004","","","","","","","","2644600.14177","MNTH","","","","3","","","","UFRO","EUR","","","","","false","1","","","","","","","","","","FALSE","","","","","","","","","QZTQ4GTC5QMF","NA/CDS Corp Idx","ITRAXX EUROPE"
"3483887314000000201","","NEWT","TRAD","2026-06-03T19:41:40Z","","CR","","N","FALSE","2025-10-15T20:33:38Z","2025-10-15","2058-09-17","2058-09-17","FALSE","BILT","FALSE","FALSE","FALSE","10,000,000","","USD","","","","","","","","","","","","","","","","","","","","","","","","","0.03","","","","","","","","","","","","true","","","","","","A004","","","","","","","","","","","","","","","","","","","","","","","false","1","","","","","","","","","","FALSE","","","","","","","","","QZGL6V4WJXXW","NA/CDS Corp Idx","CMBX.NA.BBB-"
"3483597481000000101","","NEWT","TRAD","2026-06-03T19:38:39Z","","CR","","I","TRUE","2026-06-03T19:38:39Z","2026-06-04","2031-06-20","","FALSE","BBSF","FALSE","TRUE","","250,000,000+","","USD","","","","","","","","","","","","","","","","","","","","","","","","","0.01","","","","","","0.005107","","","","","","false","","","3","","","A004","","","","","","","","6074431.52000","MNTH","","","","3","","","","UFRO","USD","","","","","false","1","","","","","","","","","","FALSE","","","","","","","","","QZ3WVVQG5T8K","NA/CDS Corp Idx","CDX.NA.IG"
"3483916789000000201","","NEWT","TRAD","2026-06-03T19:57:57Z","","CR","","I","FALSE","2026-06-03T19:57:57Z","2026-03-20","2031-06-20","","FALSE","TPSE","FALSE","FALSE","","20,000,000","","USD","","","","","","","","","","","","","","","","","","","","","","","","","0.01","","","","","","97.76","","USD","","","","false","","","1","","","A004","","","","","","","","","MNTH","","","","3","","","","","","USD","","","","false","1","","","","","","","OTHR","","","FALSE","","","","","","","","","QZ4JMQKL3P03","NA/CDS Corp Idx","CDX.EM"
"3483942133000000201","","NEWT","TRAD","2026-06-03T20:02:07Z","","CR","","I","FALSE","2026-06-03T20:02:07Z","2026-06-04","2031-06-20","","","TWSF","FALSE","FALSE","","2,000,000","","USD","","","","","","","","","","","","","","","","","","","","","","","","","0.01","","","","","","0.00511066","","","","","","false","","","3","","","A004","","","","","","","","48561.55144","MNTH","","","","3","","","","UFRO","USD","","","","","false","1","","","","","","","","","","FALSE","","","","","","","","","QZ3WVVQG5T8K","NA/CDS Corp Idx","CDX.NA.IG"
"3484923113000000101","","NEWT","TRAD","2026-06-03T20:48:18Z","","CR","","I","TRUE","2026-06-03T20:48:18Z","2026-06-04","2031-06-20","","FALSE","BBSF","FALSE","FALSE","","10,000,000","","USD","","","","","","","","","","","","","","","","","","","","","","","","","0.01","","","","","","0.00514886","","","","","","false","","","3","","","A004","","","","","","","","241041.31212","MNTH","","","","3","","","","UFRO","USD","","","","","false","1","","","","","","","","","","FALSE","","","","","","","","","QZ3WVVQG5T8K","NA/CDS Corp Idx","CDX.NA.IG"
"3484036615000000302","","NEWT","TRAD","2026-06-03T20:12:51Z","","CR","","I","TRUE","2026-06-03T20:12:51Z","2026-03-20","2031-06-20","","FALSE","TPSE","FALSE","FALSE","","5,000,000","","USD","","","","","","","","","","","","","","","","","","","","","","","","","0.05","","","","","","108.085","","USD","","","","false","","","1","","","A004","","","","","","","","","MNTH","","","","3","","","","","","USD","","","","false","0.99","","","","","","","OTHR","","","FALSE","","","","","","","","","QZHH8NT767RX","NA/CDS Corp Idx","CDX.NA.HY"
"3484098410000000101","","NEWT","TRAD","2026-06-03T20:15:57Z","","CR","","I","TRUE","2026-06-03T20:15:57Z","2026-03-20","2031-06-20","","FALSE","TPSE","FALSE","FALSE","","15,000,000","","USD","","","","","","","","","","","","","","","","","","","","","","","","","0.05","","","","","","108.085","","USD","","","","false","","","1","","","A004","","","","","","","","","MNTH","","","","3","","","","","","USD","","","","false","0.99","","","","","","","OTHR","","","FALSE","","","","","","","","","QZHH8NT767RX","NA/CDS Corp Idx","CDX.NA.HY"
"3484104532000000101","","NEWT","TRAD","2026-06-03T20:16:39Z","","CR","","I","TRUE","2026-06-03T20:16:39Z","2026-06-04","2031-06-20","","FALSE","BBSF","FALSE","FALSE","","5,000,000","","USD","","","","","","","","","","","","","","","","","","","","","","","","","0.01","","","","","","0.00512","","","","","","false","","","3","","","A004","","","","","","","","121188.04000","MNTH","","","","3","","","","UFRO","USD","","","","","false","1","","","","","","","","","","FALSE","","","","","","","","","QZ3WVVQG5T8K","NA/CDS Corp Idx","CDX.NA.IG"
"3484123340000000101","","NEWT","TRAD","2026-06-03T20:18:12Z","","CR","","I","TRUE","2026-06-03T20:18:12Z","2026-06-04","2031-06-20","","FALSE","BBSF","FALSE","FALSE","","20,000,000","","USD","","","","","","","","","","","","","","","","","","","","","","","","","0.01","","","","","","0.005127","","","","","","false","","","3","","","A004","","","","","","","","484104.78000","MNTH","","","","3","","","","UFRO","USD","","","","","false","1","","","","","","","","","","FALSE","","","","","","","","","QZ3WVVQG5T8K","NA/CDS Corp Idx","CDX.NA.IG"
"3465315839000000201","","NEWT","TRAD","2026-06-03T06:54:17Z","","CR","","I","FALSE","2026-06-03T06:54:17Z","2026-03-20","2031-06-20","","","BGCO","FALSE","FALSE","FALSE","30,000,000","","EUR","","","","","","","","","","","","","","","","","","","","","","","","","0.05","","","","","","","","","","","","false","","","","","","A004","","","","","","","","3409324.00000","MNTH","","","","3","","","","UFRO","EUR","","","","","false","1","","","","","","","","","","FALSE","","","","","","","","","QZ3HM9KVK2WL","NA/CDS Corp Idx","ITRAXX EUROPE CROSSOVER"
"3471186219000000101","","NEWT","TRAD","2026-06-03T08:53:13Z","","CR","","I","TRUE","2026-06-03T08:53:13Z","2026-06-04","2031-06-20","","","TWSF","FALSE","FALSE","","6,000,000","","EUR","","","","","","","","","","","","","","","","","","","","","","","","","0.05","","","","","","0.026105","","","","","","false","","","3","","","A004","","","","","","","","681015.14000","MNTH","","","","3","","","","UFRO","EUR","","","","","false","1","","","","","","","","","","FALSE","","","","","","","","","QZ3HM9KVK2WL","NA/CDS Corp Idx","ITRAXX EUROPE CROSSOVER"
"3478179212000000401","","NEWT","TRAD","2026-06-03T12:32:53Z","","CR","","I","TRUE","2026-06-03T12:32:53Z","2026-06-04","2031-06-20","","FALSE","BBSF","FALSE","FALSE","","12,000,000","","EUR","","","","","","","","","","","","","","","","","","","","","","","","","0.05","","","","","","0.0261227","","","","","","false","","","3","","","A004","","","","","","","","1361027.76000","MNTH","","","","3","","","","UFRO","EUR","","","","","false","1","","","","","","","","","","FALSE","","","","","","","","","QZ3HM9KVK2WL","NA/CDS Corp Idx","ITRAXX EUROPE CROSSOVER"
"3478274035000000201","","NEWT","TRAD","2026-06-03T12:38:25Z","","CR","","I","TRUE","2026-06-03T12:38:25Z","2026-06-04","2031-06-20","","","BTFE","FALSE","FALSE","FALSE","3,000,000","","EUR","","","","","","","","","","","","","","","","","","","","","","","","","","","","","","","","","","","","","false","","","","","","A004","","","","","","","","339524.08800","MNTH","","","","3","","","","UFRO","EUR","","","","","false","1","","","","","","","","","","FALSE","","","","","","","","","QZ3HM9KVK2WL","NA/CDS Corp Idx","ITRAXX EUROPE CROSSOVER"
"3478305289000000201","","NEWT","TRAD","2026-06-03T12:40:30Z","","CR","","I","TRUE","2026-06-03T12:40:30Z","2026-06-04","2031-06-20","","FALSE","BBSF","FALSE","FALSE","","50,000,000","","USD","","","","","","","","","","","","","","","","","","","","","","","","","0.01","","","","","","0.0050876","","","","","","false","","","3","","","A004","","","","","","","","1219372.64000","MNTH","","","","3","","","","UFRO","USD","","","","","false","1","","","","","","","","","","FALSE","","","","","","","","","QZ3WVVQG5T8K","NA/CDS Corp Idx","CDX.NA.IG"
"3478284459000000301","","NEWT","TRAD","2026-06-03T12:39:32Z","","CR","","I","FALSE","2026-06-03T12:39:32Z","2026-06-04","2031-06-20","","","TWSF","FALSE","FALSE","","3,000,000","","USD","","","","","","","","","","","","","","","","","","","","","","","","","0.05","","","","","","0.01081654","","","","","","false","","","3","","","A004","","","","","","","","273862.10796","MNTH","","","","3","","","","UFRO","USD","","","","","false","0.99","","","","","","","","","","FALSE","","","","","","","","","QZHH8NT767RX","NA/CDS Corp Idx","CDX.NA.HY"
"3478213581000000201","","NEWT","TRAD","2026-06-03T12:35:06Z","","CR","","I","TRUE","2026-06-03T12:35:06Z","2026-06-04","2031-06-20","","FALSE","BBSF","FALSE","FALSE","","50,000,000","","USD","","","","","","","","","","","","","","","","","","","","","","","","","0.01","","","","","","0.005085","","","","","","false","","","3","","","A004","","","","","","","","1219973.96000","MNTH","","","","3","","","","UFRO","USD","","","","","false","1","","","","","","","","","","FALSE","","","","","","","","","QZ3WVVQG5T8K","NA/CDS Corp Idx","CDX.NA.IG"
"3471297441000000101","","NEWT","TRAD","2026-06-03T08:55:51Z","","CR","","I","TRUE","2026-06-03T08:55:51Z","2026-06-04","2031-06-20","","FALSE","BBSF","FALSE","FALSE","","15,000,000","","EUR","","","","","","","","","","","","","","","","","","","","","","","","","0.05","","","","","","0.02611","","","","","","false","","","3","","","A004","","","","","","","","1702183.83000","MNTH","","","","3","","","","UFRO","EUR","","","","","false","1","","","","","","","","","","FALSE","","","","","","","","","QZ3HM9KVK2WL","NA/CDS Corp Idx","ITRAXX EUROPE CROSSOVER"
"3482991826000000201","","NEWT","TRAD","2026-06-03T17:26:11Z","","CR","","I","TRUE","2026-06-03T17:26:11Z","2026-06-04","2031-06-20","","FALSE","BBSF","FALSE","FALSE","","19,000,000","","USD","","","","","","","","","","","","","","","","","","","","","","","","","0.05","","","","","","0.01081074","","","","","","false","","","3","","","A004","","","","","","","","1723548.81676","MNTH","","","","3","","","","UFRO","USD","","","","","false","0.99","","","","","","","","","","FALSE","","","","","","","","","QZHH8NT767RX","NA/CDS Corp Idx","CDX.NA.HY"
"3483417886000000301","","NEWT","TRAD","2026-06-03T19:28:23Z","","CR","","I","TRUE","2026-06-03T19:28:23Z","2026-06-04","2031-06-20","","FALSE","BBSF","FALSE","FALSE","","2,000,000","","USD","","","","","","","","","","","","","","","","","","","","","","","","","0.01","","","","","","0.005114","","","","","","false","","","3","","","A004","","","","","","","","48530.71000","MNTH","","","","3","","","","UFRO","USD","","","","","false","1","","","","","","","","","","FALSE","","","","","","","","","QZ3WVVQG5T8K","NA/CDS Corp Idx","CDX.NA.IG"
"3483417683000000101","","NEWT","TRAD","2026-06-03T19:27:34Z","","CR","","I","TRUE","2026-06-03T19:27:34Z","2026-06-04","2031-06-20","","FALSE","BBSF","FALSE","FALSE","","6,000,000","","USD","","","","","","","","","","","","","","","","","","","","","","","","","0.05","","","","","","0.0108095","","","","","","false","","","3","","","A004","","","","","","","","543543.00000","MNTH","","","","3","","","","UFRO","USD","","","","","false","0.99","","","","","","","","","","FALSE","","","","","","","","","QZHH8NT767RX","NA/CDS Corp Idx","CDX.NA.HY"
"3485453205000000201","3483339180000000201","CORR","","2026-06-03T21:41:22Z","","CR","","N","FALSE","2026-06-03T18:58:49Z","2026-06-05","2051-05-10","2051-05-10","TRUE","BILT","FALSE","FALSE","TRUE","54,000,000","","USD","","","","","","","","","","","","","","","","","","","","","","","","","","","","","","","1","","","","","","false","","","4","","","","","A004","","DAIL","","1","","","","","","","","","","","","","USD","","","","true","","","","","","","","OPET","","","FALSE","","","","","","","","","QZWBC8GZ8TBN","NA/CDS Corp Oth","Basket"
"3483278561000000201","","NEWT","TRAD","2026-06-03T18:44:27Z","","CR","","I","TRUE","2026-06-03T18:44:27Z","2026-06-04","2031-06-20","","","TWSF","FALSE","FALSE","","25,000,000","","USD","","","","","","","","","","","","","","","","","","","","","","","","","0.05","","","","","","0.01081225","","","","","","false","","","3","","","A004","","","","","","","","2271568.75000","MNTH","","","","3","","","","UFRO","USD","","","","","false","0.99","","","","","","","","","","FALSE","","","","","","","","","QZHH8NT767RX","NA/CDS Corp Idx","CDX.NA.HY"
"3483274097000000201","3483272883000000101","MODI","TRAD","2026-06-03T18:42:39Z","TRUE","CR","","I","TRUE","2026-06-03T18:42:15Z","2026-03-20","2031-06-20","","FALSE","TPSE","FALSE","FALSE","","25,000,000","","USD","","","","","","","","","","","","","","","","","","","","","","","","","0.05","","","","","","108.121","","USD","","","","false","","","1","","","A004","","","","","","","","","MNTH","","","","3","","","","","","USD","","","","false","0.99","","","","","","","OTHR","","","FALSE","","","","","","","","","QZHH8NT767RX","NA/CDS Corp Idx","CDX.NA.HY"
"3482625216000000101","2233373845000000401","TERM","ETRM","2026-06-03T17:14:04Z","","CR","","N","FALSE","2026-03-03T17:32:17Z","2026-06-05","2065-10-15","2065-10-15","TRUE","BILT","FALSE","FALSE","TRUE","19,000,000","","USD","","","","","","","","","","","","","","","","","","","","","","","","","","","","","","","1","","","","","","false","","","4","","","","","A004","","DAIL","","1","","","","","","","","","","","","","USD","","","","true","","","","","","","","OPET","","","FALSE","","","","","","","","","QZWBC8GZ8TBN","NA/CDS Corp Oth","Basket"
"3483045305000000301","","NEWT","NOVA","2026-06-03T17:36:06Z","","CR","","I","TRUE","2026-06-03T17:36:06Z","2026-03-20","2031-06-20","2031-06-20","FALSE","BILT","FALSE","FALSE","FALSE","3,000,000","","EUR","","","","","","","","","","","","","","","","","","","","","","","","","0.05","","","","","","","","","","","","false","","","","","","A004","","","","","","","","","MNTH","","","","3","","","","","","","","","","false","1","","","","","","","","","","FALSE","","","","","","","","","QZ3HM9KVK2WL","NA/CDS Corp Idx","ITRAXX EUROPE CROSSOVER"
"3482595792000000301","2233384359000000101","TERM","ETRM","2026-06-03T17:13:22Z","","CR","","N","FALSE","2026-03-03T17:32:33Z","2026-06-05","2065-10-15","2065-10-15","TRUE","BILT","FALSE","FALSE","TRUE","11,000,000","","USD","","","","","","","","","","","","","","","","","","","","","","","","","","","","","","","1","","","","","","false","","","4","","","","","A004","","DAIL","","1","","","","","","","","","","","","","USD","","","","true","","","","","","","","OPET","","","FALSE","","","","","","","","","QZWBC8GZ8TBN","NA/CDS Corp Oth","Basket"
"3483082193000000201","","NEWT","TRAD","2026-06-03T17:44:42Z","","CR","","I","TRUE","2026-06-03T17:44:42Z","2026-06-04","2031-06-20","","FALSE","BBSF","FALSE","FALSE","","150,000,000","","USD","","","","","","","","","","","","","","","","","","","","","","","","","0.01","","","","","","0.005091","","","","","","false","","","3","","","A004","","","","","","","","3655758.98000","MNTH","","","","3","","","","UFRO","USD","","","","","false","1","","","","","","","","","","FALSE","","","","","","","","","QZ3WVVQG5T8K","NA/CDS Corp Idx","CDX.NA.IG"
"3481726729000000301","","NEWT","TRAD","2026-06-03T17:00:55Z","","CR","","I","FALSE","2026-06-03T17:00:55Z","2026-06-04","2031-06-20","","","TWSF","FALSE","FALSE","","40,000,000","","USD","","","","","","","","","","","","","","","","","","","","","","","","","0.05","","","","","","0.01081075","","","","","","false","","","3","","","A004","","","","","","","","3628570.00000","MNTH","","","","3","","","","UFRO","USD","","","","","false","0.99","","","","","","","","","","FALSE","","","","","","","","","QZHH8NT767RX","NA/CDS Corp Idx","CDX.NA.HY"
"3481738496000000101","","NEWT","TRAD","2026-06-03T17:01:30Z","","CR","","I","TRUE","2026-06-03T17:01:30Z","2026-06-04","2031-06-20","","","TWSF","FALSE","FALSE","","9,000,000","","USD","","","","","","","","","","","","","","","","","","","","","","","","","0.05","","","","","","0.01080875","","","","","","false","","","3","","","A004","","","","","","","","814644.98277","MNTH","","","","3","","","","UFRO","USD","","","","","false","0.99","","","","","","","","","","FALSE","","","","","","","","","QZHH8NT767RX","NA/CDS Corp Idx","CDX.NA.HY"
"3481726727000000101","","NEWT","TRAD","2026-06-03T17:00:28Z","","CR","","I","TRUE","2026-06-03T17:00:28Z","2026-06-04","2031-06-20","","FALSE","BBSF","FALSE","FALSE","","8,000,000","","USD","","","","","","","","","","","","","","","","","","","","","","","","","0.05","","","","","","0.0108095","","","","","","false","","","3","","","A004","","","","","","","","724726.26476","MNTH","","","","3","","","","UFRO","USD","","","","","false","0.99","","","","","","","","","","FALSE","","","","","","","","","QZHH8NT767RX","NA/CDS Corp Idx","CDX.NA.HY"
"3481757433000000201","","NEWT","TRAD","2026-06-03T17:02:28Z","","CR","","I","TRUE","2026-06-03T17:02:28Z","2026-06-04","2031-06-20","","","TWSF","FALSE","FALSE","","25,000,000","","USD","","","","","","","","","","","","","","","","","","","","","","","","","0.05","","","","","","0.01080925","","","","","","false","","","3","","","A004","","","","","","","","2264143.75000","MNTH","","","","3","","","","UFRO","USD","","","","","false","0.99","","","","","","","","","","FALSE","","","","","","","","","QZHH8NT767RX","NA/CDS Corp Idx","CDX.NA.HY"
"3481515772000000101","","NEWT","TRAD","2026-06-03T16:36:23Z","","CR","","N","FALSE","2026-06-03T16:36:23Z","2026-06-03","2030-12-20","","FALSE","BILT","FALSE","FALSE","TRUE","46,423,803+","","EUR","","","","","","","","","","","","","","","","","","","","","","","","","0.05","","","","","","","","","","","","false","","","","","","A004","","","","","","","","6761862.53275","MNTH","","","","3","","","","UFRO","EUR","","","","","false","1","","","","","","","","","","FALSE","","","","","","","","","QZB5DPT9MS3H","NA/CDS Corp Idx Tra","ITRAXX EUROPE CROSSOVER"
"3481914451000000201","","NEWT","TRAD","2026-06-03T17:05:01Z","","CR","","I","TRUE","2026-06-03T17:05:01Z","2026-06-04","2030-12-20","","FALSE","BBSF","FALSE","TRUE","","76,000,000+","","USD","","","","","","","","","","","","","","","","","","","","","","","","","0.05","","","","","","0.0108375","","","","","","false","","","3","","","A004","","","","","","","","7023877.78200","MNTH","","","","3","","","","UFRO","USD","","","","","false","0.98","","","","","","","","","","TRUE","0.5663","","3","","","","","","QZMD5JCHG48C","NA/CDS Corp Idx","CDX.NA.HY"
"3463445365000000101","3440183653000001801","CORR","","2026-06-03T00:19:07Z","","CR","","N","FALSE","2026-06-02T07:11:57Z","2026-06-03","2035-08-15","","FALSE","BILT","FALSE","FALSE","FALSE","100,000,000","","USD","","","","","","","","","","","","","","","","","","","","","","","","","0.0425","","","","","","","","","","","","false","","","","","","A006","","","","","","","","511354.68000","MNTH","","","","6","","","","PEXH","USD","USD","","","","false","","","","","","","","","","","FALSE","","","","","","","","","QZFPPRFS915J","NA/CDS Corp SN","No name obtainable"
"3483284582000000101","","NEWT","TRAD","2026-06-03T18:46:44Z","","CR","","I","TRUE","2026-06-03T18:46:44Z","2026-06-04","2031-06-20","","FALSE","BBSF","FALSE","FALSE","","6,000,000","","USD","","","","","","","","","","","","","","","","","","","","","","","","","0.01","","","","","","0.005099697","","","","","","false","","","3","","","A004","","","","","","","","145989.01000","MNTH","","","","3","","","","UFRO","USD","","","","","false","1","","","","","","","","","","FALSE","","","","","","","","","QZ3WVVQG5T8K","NA/CDS Corp Idx","CDX.NA.IG"
"3483292682000000401","","NEWT","TRAD","2026-06-03T18:48:56Z","","CR","","N","FALSE","2026-06-03T18:48:56Z","2026-06-03","2065-04-17","","FALSE","BILT","FALSE","FALSE","FALSE","5,000,000","","USD","","","","","","","","","","","","","","","","","","","","","","","","","0.05","","","","","","","","","","","","false","","","","","","A004","","","","","","","","1381250.00000","MNTH","","","","1","","","","UFRO","USD","USD","","","","false","1","","","","","","","","","","FALSE","","","","","","","","","QZCHQ3BC8BXN","NA/CDS Corp Idx","CMBX.NA.BB"
"3483309193000000201","","NEWT","TRAD","2026-06-03T18:54:39Z","","CR","","I","TRUE","2026-06-03T18:54:39Z","2026-06-04","2031-06-20","","FALSE","BBSF","FALSE","FALSE","","70,000,000","","USD","","","","","","","","","","","","","","","","","","","","","","","","","0.01","","","","","","0.005101","","","","","","false","","","3","","","A004","","","","","","","","1702783.26000","MNTH","","","","3","","","","UFRO","USD","","","","","false","1","","","","","","","","","","FALSE","","","","","","","","","QZ3WVVQG5T8K","NA/CDS Corp Idx","CDX.NA.IG"
"3483320899000000101","","NEWT","TRAD","2026-06-03T18:59:10Z","","CR","","I","TRUE","2026-06-03T18:59:10Z","2026-06-04","2031-06-20","","FALSE","BBSF","FALSE","FALSE","","10,000,000","","USD","","","","","","","","","","","","","","","","","","","","","","","","","0.05","","","","","","0.010813","","","","","","false","","","3","","","A004","","","","","","","","909370.00000","MNTH","","","","3","","","","UFRO","USD","","","","","false","0.99","","","","","","","","","","FALSE","","","","","","","","","QZHH8NT767RX","NA/CDS Corp Idx","CDX.NA.HY"
"3483300769000000101","","NEWT","TRAD","2026-06-03T18:51:44Z","","CR","","I","TRUE","2026-06-03T18:51:44Z","2026-06-04","2031-06-20","","","TWSF","FALSE","TRUE","","250,000,000+","","USD","","","","","","","","","","","","","","","","","","","","","","","","","0.01","","","","","","0.005101","","","","","","false","","","3","","","A004","","","","","","","","6081368.78250","MNTH","","","","3","","","","UFRO","USD","","","","","false","1","","","","","","","","","","FALSE","","","","","","","","","QZ3WVVQG5T8K","NA/CDS Corp Idx","CDX.NA.IG"
"3483352714000000101","","NEWT","TRAD","2026-06-03T19:01:11Z","","CR","","N","FALSE","2026-06-03T19:01:11Z","2026-06-04","2057-12-17","","FALSE","BILT","FALSE","FALSE","FALSE","5,000,000","","USD","","","","","","","","","","","","","","","","","","","","","","","","","0.03","","","","","","","","","","","","false","","","","","","A004","","","","","","","","411875.00000","MNTH","","","","1","","","","UFRO","USD","USD","","","","false","1","","","","","","","","","","FALSE","","","","","","","","","QZ2LTQ7QJSTV","NA/CDS Corp Idx","CMBX.NA.BBB-"
"3483361664000000201","","NEWT","TRAD","2026-06-03T19:14:12Z","","CR","","N","FALSE","2026-06-03T19:14:12Z","2026-06-03","2058-12-17","","FALSE","TPSE","FALSE","FALSE","","5,000,000","","USD","","","","","","","","","","","","","","","","","","","","","","","","","0.05","","","","","","86.125","","USD","","","","false","","","1","","","A004","","","","","","","","","MNTH","","","","1","","","","","","USD","","","","false","1","","","","","","","OTHR","","","FALSE","","","","","","","","","QZSG305BD4RQ","NA/CDS Corp Idx","CMBX.NA.BB"
"3483361663000000101","","NEWT","TRAD","2026-06-03T19:14:11Z","","CR","","I","TRUE","2026-06-03T19:14:11Z","2026-06-04","2031-06-20","","FALSE","BBSF","FALSE","FALSE","","7,000,000","","USD","","","","","","","","","","","","","","","","","","","","","","","","","0.05","","","","","","0.01080995","","","","","","false","","","3","","","A004","","","","","","","","634443.89984","MNTH","","","","3","","","","UFRO","USD","","","","","false","0.99","","","","","","","","","","FALSE","","","","","","","","","QZHH8NT767RX","NA/CDS Corp Idx","CDX.NA.HY"
"3482595796000000701","","NEWT","TRAD","2026-06-03T16:59:08Z","","CR","","N","FALSE","2026-06-03T16:59:08Z","2026-06-05","2065-10-15","2065-10-15","TRUE","BILT","FALSE","FALSE","TRUE","9,000,000","","USD","","","","","","","","","","","","","","","","","","","","","","","","","","","","","","","1","","","","","","false","","","4","","","","","A004","","DAIL","","1","","","","","","","","","","","","","USD","","","","true","","","","","","","","OPET","","","FALSE","","","","","","","","","QZWBC8GZ8TBN","NA/CDS Corp Oth","Basket"
"3465311897000000101","","NEWT","TRAD","2026-06-03T06:54:00Z","","CR","","I","TRUE","2026-06-03T06:54:00Z","2026-06-04","2031-06-20","","FALSE","BBSF","FALSE","FALSE","","25,000,000","","EUR","","","","","","","","","","","","","","","","","","","","","","","","","0.05","","","","","","0.0260835","","","","","","false","","","3","","","A004","","","","","","","","2840100.42000","MNTH","","","","3","","","","UFRO","EUR","","","","","false","1","","","","","","","","","","FALSE","","","","","","","","","QZ3HM9KVK2WL","NA/CDS Corp Idx","ITRAXX EUROPE CROSSOVER"
"3465315838000000101","","NEWT","TRAD","2026-06-03T06:54:32Z","","CR","","I","TRUE","2026-06-03T06:54:32Z","2026-03-20","2031-06-20","","FALSE","BGCD","FALSE","FALSE","","30,000,000","","EUR","","","","","","","","","","","","","","","","","","","","","","","","","","","","","","","0.026075","","","","","","false","","","3","","","A004","","","","","","","","","MNTH","","","","3","","","","","","","","","","false","1","","","","","","","","","","FALSE","","","","","","","","","QZ3HM9KVK2WL","NA/CDS Corp Idx","ITRAXX EUROPE CROSSOVER"
"3480225470000000101","","NEWT","TRAD","2026-06-03T15:25:58Z","","CR","","I","TRUE","2026-06-03T15:25:58Z","2026-06-04","2031-06-20","","FALSE","BBSF","FALSE","FALSE","","120,000,000","","USD","","","","","","","","","","","","","","","","","","","","","","","","","0.01","","","","","","0.00508","","","","","","false","","","3","","","A004","","","","","","","","2930717.78191","MNTH","","","","3","","","","UFRO","USD","","","","","false","1","","","","","","","","","","TRUE","","","","0.00508","","3","","","QZ3WVVQG5T8K","NA/CDS Corp Idx","CDX.NA.IG"
"3481003418000000301","","NEWT","TRAD","2026-06-03T16:13:51Z","","CR","","I","TRUE","2026-06-03T16:13:51Z","2026-06-04","2031-06-20","","FALSE","BBSF","FALSE","FALSE","","35,000,000","","EUR","","","","","","","","","","","","","","","","","","","","","","","","","0.01","","","","","","0.0053934","","","","","","false","","","3","","","A004","","","","","","","","829511.47000","MNTH","","","","3","","","","UFRO","EUR","","","","","false","1","","","","","","","","","","FALSE","","","","","","","","","QZTQ4GTC5QMF","NA/CDS Corp Idx","ITRAXX EUROPE"
"3481060803000000401","","NEWT","TRAD","2026-06-03T16:18:44Z","","CR","","I","TRUE","2026-06-03T16:18:44Z","2026-06-04","2031-06-20","","FALSE","BBSF","FALSE","FALSE","","10,000,000","","USD","","","","","","","","","","","","","","","","","","","","","","","","","0.05","","","","","","0.01080925","","","","","","false","","","3","","","A004","","","","","","","","905657.50000","MNTH","","","","3","","","","UFRO","USD","","","","","false","0.99","","","","","","","","","","FALSE","","","","","","","","","QZHH8NT767RX","NA/CDS Corp Idx","CDX.NA.HY"
"3481428214000000501","3481411381000000101","MODI","TRAD","2026-06-03T16:37:27Z","TRUE","CR","","I","TRUE","2026-06-03T16:35:58Z","2026-03-20","2031-06-20","","FALSE","TPSE","FALSE","FALSE","","5,000,000","","USD","","","","","","","","","","","","","","","","","","","","","","","","","0.05","","","","","","108.09","","USD","","","","false","","","1","","","A004","","","","","","","","","MNTH","","","","3","","","","","","USD","","","","false","0.99","","","","","","","OTHR","","","FALSE","","","","","","","","","QZHH8NT767RX","NA/CDS Corp Idx","CDX.NA.HY"
"3481472350000000201","","NEWT","TRAD","2026-06-03T16:39:37Z","","CR","","I","TRUE","2026-06-03T16:39:37Z","2026-06-04","2031-06-20","","FALSE","BBSF","FALSE","FALSE","","50,000,000","","USD","","","","","","","","","","","","","","","","","","","","","","","","","0.01","","","","","","0.005115","","","","","","false","","","3","","","A004","","","","","","","","1213036.47000","MNTH","","","","3","","","","UFRO","USD","","","","","false","1","","","","","","","","","","FALSE","","","","","","","","","QZ3WVVQG5T8K","NA/CDS Corp Idx","CDX.NA.IG"
"3481030570000000201","","NEWT","TRAD","2026-06-03T16:15:02Z","","CR","","N","FALSE","2026-06-03T16:15:02Z","2026-06-03","2026-08-19","2031-06-20","FALSE","BILT","FALSE","FALSE","TRUE","343,880,019+","","EUR","","","","","","","","","","","","","","","","","","","","","","","","2026-08-19","0.01","","513,756.72","EUR","","","","","","","0.006","","false","","","","","3","A004","","","","","","","","","MNTH","","","","3","","","","","","","","","","false","1","","","","","","","","","","FALSE","","","","","","","","","QZ2L66CGCV9J","NA/CDS Idx Swt","NA/CDS Corp Idx"
"3481451094000000201","","NEWT","TRAD","2026-06-03T16:35:06Z","","CR","","I","TRUE","2026-06-03T16:35:06Z","2026-03-20","2031-06-20","","","BILT","FALSE","FALSE","FALSE","100,000,000","","USD","","","","","","","","","","","","","","","","","","","","","","","","","0.01","","","","","","","","","","","","false","","","","","","A004","","","","","","","","2429541.00000","MNTH","","","","3","","","","UFRO","USD","","","","","false","1","","","","","","","","","","FALSE","","","","","","","","","QZ3WVVQG5T8K","NA/CDS Corp Idx","CDX.NA.IG"
"3481550629000000601","","NEWT","TRAD","2026-06-03T16:47:27Z","","CR","","I","FALSE","2026-06-03T16:47:27Z","2026-06-04","2031-06-20","","FALSE","BBSF","FALSE","FALSE","","16,000,000","","USD","","","","","","","","","","","","","","","","","","","","","","","","","0.01","","","","","","0.0097778","","","","","","false","","","3","","","A004","","","","","","","","321742.78077","MNTH","","","","3","","","","UFRO","USD","","","","","false","1","","","","","","","","","","FALSE","","","","","","","","","QZ4JMQKL3P03","NA/CDS Corp Idx","CDX.EM"
"3481286405000000101","","NEWT","TRAD","2026-06-03T16:30:13Z","","CR","","I","TRUE","2026-06-03T16:30:13Z","2026-06-04","2031-06-20","","FALSE","BBSF","FALSE","FALSE","","150,000,000","","USD","","","","","","","","","","","","","","","","","","","","","","","","","0.01","","","","","","0.005111","","","","","","false","","","3","","","A004","","","","","","","","3641884.12000","MNTH","","","","3","","","","UFRO","USD","","","","","false","1","","","","","","","","","","FALSE","","","","","","","","","QZ3WVVQG5T8K","NA/CDS Corp Idx","CDX.NA.IG"
"3480578307000000101","","NEWT","TRAD","2026-06-03T15:54:27Z","","CR","","I","TRUE","2026-06-03T15:54:27Z","2026-03-20","2031-06-20","","FALSE","TPSE","FALSE","FALSE","","10,000,000","","EUR","","","","","","","","","","","","","","","","","","","","","","","","","0.05","","","","","","0.026275","","","","","","false","","","3","","","A004","","","","","","","","","MNTH","","","","3","","","","","","EUR","","","","false","1","","","","","","","OTHR","","","TRUE","","","","0.004725","","3","","","QZ3HM9KVK2WL","NA/CDS Corp Idx","ITRAXX EUROPE CROSSOVER"
"3480569827000000101","3479648271000000101","EROR","","2026-06-03T15:42:42Z","","CR","","I","TRUE","2026-06-03T14:21:46Z","2026-03-20","2031-06-20","","","BILT","FALSE","FALSE","FALSE","40,000,000","","USD","","","","","","","","","","","","","","","","","","","","","","","","","0.05","","","","","","","","","","","","false","","","","","","A004","","","","","","","","3639460.00000","MNTH","","","","3","","","","UFRO","USD","","","","","false","0.99","","","","","","","","","","FALSE","","","","","","","","","QZHH8NT767RX","NA/CDS Corp Idx","CDX.NA.HY"
"3480595497000000501","3480578308000000201","MODI","TRAD","2026-06-03T15:55:57Z","TRUE","CR","","I","TRUE","2026-06-03T15:54:27Z","2026-03-20","2031-06-20","","FALSE","TPSE","FALSE","FALSE","","40,000,000","","EUR","","","","","","","","","","","","","","","","","","","","","","","","","0.01","","","","","","0.0053875","","","","","","false","","","3","","","A004","","","","","","","","","MNTH","","","","3","","","","","","EUR","","","","false","1","","","","","","","OTHR","","","TRUE","","","","0.004725","","3","","","QZTQ4GTC5QMF","NA/CDS Corp Idx","ITRAXX EUROPE"
"3480494780000000301","","NEWT","TRAD","2026-06-03T15:45:01Z","","CR","","N","FALSE","2026-06-03T15:45:01Z","2026-03-20","2026-07-15","","FALSE","BILT","FALSE","FALSE","TRUE","100,000,000","","USD","","","","","","","","","","","","","","","","","","","","","","","","2026-07-15","1.05","","148,500","USD","","","5","","","","105","USD","false","","","3","","1","A004","","","","","","","","","MNTH","","","","3","","","","","","","","","","false","","","","","","","","","","","FALSE","","","","","","","","","QZVK9BCP48T0","NA/CDS Idx Swt","NA/CDS Corp Idx"
"3480388632000000301","","NEWT","TRAD","2026-06-03T15:42:01Z","","CR","","I","TRUE","2026-06-03T15:42:01Z","2026-06-04","2031-06-20","","","TWSF","FALSE","FALSE","","4,000,000","","EUR","","","","","","","","","","","","","","","","","","","","","","","","","0.01","","","","","","0.00536","","","","","","false","","","3","","","A004","","","","","","","","95439.33313","MNTH","","","","3","","","","UFRO","EUR","","","","","false","1","","","","","","","","","","FALSE","","","","","","","","","QZTQ4GTC5QMF","NA/CDS Corp Idx","ITRAXX EUROPE"
"3480429030000000101","","NEWT","TRAD","2026-06-03T15:44:21Z","","CR","","I","TRUE","2026-06-03T15:44:21Z","2026-06-04","2031-06-20","","FALSE","BBSF","FALSE","FALSE","","20,000,000","","USD","","","","","","","","","","","","","","","","","","","","","","","","","0.05","","","","","","0.01080975","","","","","","false","","","3","","","A004","","","","","","","","1812305.00000","MNTH","","","","3","","","","UFRO","USD","","","","","false","0.99","","","","","","","","","","FALSE","","","","","","","","","QZHH8NT767RX","NA/CDS Corp Idx","CDX.NA.HY"
"3480376968000000301","","NEWT","TRAD","2026-06-03T15:40:27Z","","CR","","I","TRUE","2026-06-03T15:40:27Z","2026-06-04","2031-06-20","","","TWSF","FALSE","FALSE","","25,000,000","","USD","","","","","","","","","","","","","","","","","","","","","","","","","0.01","","","","","","0.00509288","","","","","","false","","","3","","","A004","","","","","","","","609075.78000","MNTH","","","","3","","","","UFRO","USD","","","","","false","1","","","","","","","","","","FALSE","","","","","","","","","QZ3WVVQG5T8K","NA/CDS Corp Idx","CDX.NA.IG"
"3464520980000000101","","NEWT","TRAD","2026-06-03T06:24:07Z","","CR","","I","TRUE","2026-06-03T06:24:07Z","2026-06-04","2031-06-20","","FALSE","BBSF","FALSE","FALSE","","10,000,000","","EUR","","","","","","","","","","","","","","","","","","","","","","","","","0.05","","","","","","0.02599775","","","","","","false","","","3","","","A004","","","","","","","","1140089.81000","MNTH","","","","3","","","","UFRO","EUR","","","","","false","1","","","","","","","","","","FALSE","","","","","","","","","QZ3HM9KVK2WL","NA/CDS Corp Idx","ITRAXX EUROPE CROSSOVER"
"3464191101000000101","","NEWT","TRAD","2026-06-03T04:06:00Z","","CR","","N","FALSE","2026-06-03T04:06:00Z","2026-06-03","2031-06-20","","FALSE","BILT","FALSE","FALSE","TRUE","25,000,000","","USD","","","","","","","","","","","","","","","","","","","","","","","","","0.01","","","","","","","","","","","","false","","","","","","A004","","","","","","","","390246.11000","MNTH","","","","3","","","","UFRO","USD","","","","","false","1","","","","","","","","","","FALSE","","","","","","","","","QZD2VPNQ9ZFX","NA/CDS Corp Idx","ITRAXX ASIA EX-JAPAN IG"
"3464540033000000101","3464536633000000101","MODI","TRAD","2026-06-03T06:27:03Z","TRUE","CR","","I","TRUE","2026-06-03T06:26:30Z","2026-03-20","2031-06-20","","FALSE","TPSE","FALSE","FALSE","","10,000,000","","EUR","","","","","","","","","","","","","","","","","","","","","","","","","0.05","","","","","","0.026","","","","","","false","","","3","","","A004","","","","","","","","","MNTH","","","","3","","","","","","EUR","","","","false","1","","","","","","","OTHR","","","FALSE","","","","","","","","","QZ3HM9KVK2WL","NA/CDS Corp Idx","ITRAXX EUROPE CROSSOVER"
"3465449814000000101","","NEWT","TRAD","2026-06-03T07:05:17Z","","CR","","I","TRUE","2026-06-03T07:05:17Z","2026-06-04","2031-06-20","","FALSE","BBSF","FALSE","FALSE","","5,000,000","","EUR","","","","","","","","","","","","","","","","","","","","","","","","","0.01","","","","","","0.0053275","","","","","","false","","","3","","","A004","","","","","","","","120075.64000","MNTH","","","","3","","","","UFRO","EUR","","","","","false","1","","","","","","","","","","FALSE","","","","","","","","","QZTQ4GTC5QMF","NA/CDS Corp Idx","ITRAXX EUROPE"
"3465320106000000101","","NEWT","TRAD","2026-06-03T06:55:40Z","","CR","","I","TRUE","2026-06-03T06:55:40Z","2026-03-20","2031-06-20","","FALSE","BGCD","FALSE","FALSE","","20,000,000","","EUR","","","","","","","","","","","","","","","","","","","","","","","","","","","","","","","0.0261","","","","","","false","","","3","","","A004","","","","","","","","","MNTH","","","","3","","","","","","","","","","false","1","","","","","","","","","","FALSE","","","","","","","","","QZ3HM9KVK2WL","NA/CDS Corp Idx","ITRAXX EUROPE CROSSOVER"
"3467796699000000101","","NEWT","TRAD","2026-06-03T07:54:29Z","","CR","","I","TRUE","2026-06-03T07:54:29Z","2025-09-20","2030-12-20","","FALSE","TPSE","FALSE","FALSE","","27,000,000","","EUR","","","","","","","","","","","","","","","","","","","","","","","","","0.01","","","","","","0.004835","","","","","","false","","","3","","","A004","","","","","","","","","MNTH","","","","3","","","","","","EUR","","","","false","1","","","","","","","OTHR","","","TRUE","","","","0.00049","","3","","","QZFB31MBHLT9","NA/CDS Corp Idx","ITRAXX EUROPE"
"3472121176000000101","","NEWT","TRAD","2026-06-03T09:10:37Z","","CR","","I","TRUE","2026-06-03T09:10:37Z","2026-06-04","2030-12-20","","FALSE","BBSF","FALSE","TRUE","","46,423,803+","","EUR","","","","","","","","","","","","","","","","","","","","","","","","","0.05","","","","","","0.02256","","","","","","false","","","3","","","A004","","","","","","","","5583705.32636","MNTH","","","","3","","","","UFRO","EUR","","","","","false","1","","","","","","","","","","FALSE","","","","","","","","","QZ5F5FRS4TR9","NA/CDS Corp Idx","ITRAXX EUROPE CROSSOVER"
"3472406026000000201","","NEWT","TRAD","2026-06-03T09:15:13Z","","CR","","I","TRUE","2026-06-03T09:15:13Z","2026-06-04","2031-06-20","","FALSE","BBSF","FALSE","TRUE","","46,423,803+","","EUR","","","","","","","","","","","","","","","","","","","","","","","","","0.05","","","","","","0.026053","","","","","","false","","","3","","","A004","","","","","","","","5280638.33117","MNTH","","","","3","","","","UFRO","EUR","","","","","false","1","","","","","","","","","","TRUE","","","","0.0035025","","3","","","QZ3HM9KVK2WL","NA/CDS Corp Idx","ITRAXX EUROPE CROSSOVER"
"3479543710000000301","","NEWT","TRAD","2026-06-03T14:17:25Z","","CR","","I","TRUE","2026-06-03T14:17:25Z","2026-03-20","2031-06-20","","FALSE","TPSE","FALSE","FALSE","","50,000,000","","USD","","","","","","","","","","","","","","","","","","","","","","","","","0.01","","","","","","0.005085","","","","","","false","","","3","","","A004","","","","","","","","","MNTH","","","","3","","","","","","USD","","","","false","1","","","","","","","OTHR","","","FALSE","","","","","","","","","QZ3WVVQG5T8K","NA/CDS Corp Idx","CDX.NA.IG"
"3477401522000000101","","NEWT","TRAD","2026-06-03T11:39:20Z","","CR","","I","TRUE","2026-06-03T11:39:20Z","2026-06-04","2031-06-20","","","TWSF","FALSE","FALSE","","20,000,000","","USD","","","","","","","","","","","","","","","","","","","","","","","","","0.05","","","","","","0.01082388","","","","","","false","","","3","","","A004","","","","","","","","1840282.40000","MNTH","","","","3","","","","UFRO","USD","","","","","false","0.99","","","","","","","","","","FALSE","","","","","","","","","QZHH8NT767RX","NA/CDS Corp Idx","CDX.NA.HY"
"3479640232000000301","3479623402000000901","MODI","TRAD","2026-06-03T14:23:48Z","TRUE","CR","","I","TRUE","2026-06-03T14:21:37Z","2026-03-20","2031-06-20","","FALSE","TPSE","FALSE","FALSE","","5,000,000","","USD","","","","","","","","","","","","","","","","","","","","","","","","","0.05","","","","","","108.14","","USD","","","","false","","","1","","","A004","","","","","","","","","MNTH","","","","3","","","","","","USD","","","","false","0.99","","","","","","","OTHR","","","FALSE","","","","","","","","","QZHH8NT767RX","NA/CDS Corp Idx","CDX.NA.HY"
"3477366673000000101","","NEWT","TRAD","2026-06-03T11:35:36Z","","CR","","I","FALSE","2026-06-03T11:35:36Z","2026-03-20","2031-06-20","","FALSE","TPSE","FALSE","FALSE","","10,000,000","","USD","","","","","","","","","","","","","","","","","","","","","","","","","0.01","","","","","","97.79","","USD","","","","false","","","1","","","A004","","","","","","","","","MNTH","","","","3","","","","","","USD","","","","false","1","","","","","","","OTHR","","","FALSE","","","","","","","","","QZ4JMQKL3P03","NA/CDS Corp Idx","CDX.EM"
"3477452019000000201","","NEWT","TRAD","2026-06-03T11:42:42Z","","CR","","I","TRUE","2026-06-03T11:42:42Z","2026-06-04","2031-06-20","","","TWSF","FALSE","FALSE","","17,000,000","","EUR","","","","","","","","","","","","","","","","","","","","","","","","","0.01","","","","","","0.0055932","","","","","","false","","","3","","","A004","","","","","","","","386697.43867","MNTH","","","","3","","","","UFRO","EUR","","","","","false","1","","","","","","","","","","FALSE","","","","","","","","","QZTB38W3WJ98","NA/CDS Corp Idx","ITRAXX EUROPE SENIOR FINANCIALS"
"3479586231000000601","","NEWT","TRAD","2026-06-03T14:19:05Z","","CR","","I","TRUE","2026-06-03T14:19:05Z","2026-06-04","2031-06-20","","FALSE","BBSF","FALSE","FALSE","","20,000,000","","EUR","","","","","","","","","","","","","","","","","","","","","","","","","0.01","","","","","","0.0053635","","","","","","false","","","3","","","A004","","","","","","","","476862.74000","MNTH","","","","3","","","","UFRO","EUR","","","","","false","1","","","","","","","","","","FALSE","","","","","","","","","QZTQ4GTC5QMF","NA/CDS Corp Idx","ITRAXX EUROPE"
"3479589375000000101","","NEWT","TRAD","2026-06-03T14:17:08Z","","CR","","I","TRUE","2026-06-03T14:17:08Z","2026-03-20","2031-06-20","","","BILT","FALSE","FALSE","FALSE","50,000,000","","USD","","","","","","","","","","","","","","","","","","","","","","","","","0.01","","","","","","","","","","","","false","","","","","","A004","","","","","","","","1219974.00000","MNTH","","","","3","","","","UFRO","USD","","","","","false","1","","","","","","","","","","FALSE","","","","","","","","","QZ3WVVQG5T8K","NA/CDS Corp Idx","CDX.NA.IG"
"3479672676000000301","","NEWT","TRAD","2026-06-03T14:27:48Z","","CR","","I","TRUE","2026-06-03T14:27:48Z","2026-06-04","2031-06-20","","","TWSF","FALSE","FALSE","","10,000,000","","USD","","","","","","","","","","","","","","","","","","","","","","","","","0.05","","","","","","0.01081459","","","","","","false","","","3","","","A004","","","","","","","","910944.10000","MNTH","","","","3","","","","UFRO","USD","","","","","false","0.99","","","","","","","","","","FALSE","","","","","","","","","QZHH8NT767RX","NA/CDS Corp Idx","CDX.NA.HY"
"3479543709000000201","","NEWT","TRAD","2026-06-03T14:17:24Z","","CR","","I","TRUE","2026-06-03T14:17:24Z","2026-06-04","2031-06-20","","FALSE","BBSF","FALSE","TRUE","","50,000,000","","USD","","","","","","","","","","","","","","","","","","","","","","","","","0.05","","","","","","0.01081475","","","","","","false","","","3","","","A004","","","","","","","","4555512.50000","MNTH","","","","3","","","","UFRO","USD","","","","","false","0.99","","","","","","","","","","FALSE","","","","","","","","","QZHH8NT767RX","NA/CDS Corp Idx","CDX.NA.HY"
"3479652651000000101","","NEWT","TRAD","2026-06-03T14:22:09Z","","CR","","I","TRUE","2026-06-03T14:22:09Z","2026-03-20","2031-06-20","","","BILT","FALSE","FALSE","FALSE","10,000,000","","USD","","","","","","","","","","","","","","","","","","","","","","","","","0.05","","","","","","","","","","","","false","","","","","","A004","","","","","","","","909865.00000","MNTH","","","","3","","","","UFRO","USD","","","","","false","0.99","","","","","","","","","","FALSE","","","","","","","","","QZHH8NT767RX","NA/CDS Corp Idx","CDX.NA.HY"
"3479652681000000101","3479634879000000601","MODI","TRAD","2026-06-03T14:25:54Z","TRUE","CR","","I","TRUE","2026-06-03T14:23:20Z","2026-03-20","2031-06-20","","FALSE","TPSE","FALSE","FALSE","","20,000,000","","USD","","","","","","","","","","","","","","","","","","","","","","","","","0.05","","","","","","108.135","","USD","","","","false","","","1","","","A004","","","","","","","","","MNTH","","","","3","","","","","","USD","","","","false","0.99","","","","","","","OTHR","","","FALSE","","","","","","","","","QZHH8NT767RX","NA/CDS Corp Idx","CDX.NA.HY"
"3479644412000000401","3479625243000000901","MODI","TRAD","2026-06-03T14:24:35Z","TRUE","CR","","I","TRUE","2026-06-03T14:22:09Z","2026-03-20","2031-06-20","","FALSE","TPSE","FALSE","FALSE","","20,000,000","","USD","","","","","","","","","","","","","","","","","","","","","","","","","0.05","","","","","","108.14","","USD","","","","false","","","1","","","A004","","","","","","","","","MNTH","","","","3","","","","","","USD","","","","false","0.99","","","","","","","OTHR","","","FALSE","","","","","","","","","QZHH8NT767RX","NA/CDS Corp Idx","CDX.NA.HY"
"3483194717000000201","","NEWT","TRAD","2026-06-03T18:17:03Z","","CR","","N","FALSE","2026-06-03T18:17:03Z","2026-06-04","2026-07-07","","TRUE","BILT","FALSE","FALSE","TRUE","43,000,000","43,000,000","USD","USD","","","","","","","","","","","","","","","","","","","","","","","","","","","","","","0.0018","","","","","","false","","","3","","","","","A004","A020","EXPI","EXPI","1","1","","","EXPI","","EXPI","","1","","1","","","USD","USD","","","false","1","","","","","","","","","","TRUE","9.9999999999","","3","","","","","","QZFNT9JCBS79","NA/Cr Sw Idx TRtn Corp Cs",""
"3477443519000000101","","NEWT","TRAD","2026-06-03T11:42:25Z","","CR","","I","TRUE","2026-06-03T11:42:25Z","2026-06-04","2031-06-20","","","TWSF","FALSE","FALSE","","19,000,000","","EUR","","","","","","","","","","","","","","","","","","","","","","","","","0.05","","","","","","0.02604","","","","","","false","","","3","","","A004","","","","","","","","2162378.14485","MNTH","","","","3","","","","UFRO","EUR","","","","","false","1","","","","","","","","","","FALSE","","","","","","","","","QZ3HM9KVK2WL","NA/CDS Corp Idx","ITRAXX EUROPE CROSSOVER"
"3479805044000000201","3479226581000000301","MODI","TRAD","2026-06-03T14:32:37Z","FALSE","CR","","N","FALSE","2026-06-03T13:26:51Z","2026-06-03","2026-06-10","","FALSE","BILT","FALSE","FALSE","TRUE","99,503,985","100,000,000","USD","USD","","","","","","","","","","","","","","","","","","","","","","","","0.038126","0.038126","","","","","","","","","","","false","","","","","","","","","","","","","","","EXPI","","","","1","","","","","","","USD","","","false","","","","","","","","","","","FALSE","","","","","","","","","QZ57DSB64DNJ","NA/CDS Corp SN","DTD 03/15/2025"
"3479623399000000601","3459562466000000201","TERM","ETRM","2026-06-03T14:21:13Z","","CR","","N","","2026-06-02T17:56:33Z","2026-06-02","2057-12-17","","FALSE","BILT","FALSE","","FALSE","45,000,000","","USD","","","","","","","","","","","","","","","","","","","","","","","","","0.02","","","","","","","","","","","","false","","","","","","","","","","","","","","430000.00000","","","","","","","","","UFRO","USD","USD","","","","false","1","","","","","","","","","","FALSE","","","","","","","","","QZGG9ZXXRSJM","NA/CDS Corp Idx","CMBX.NA.A"
"3479558106000000201","","NEWT","TRAD","2026-06-03T14:17:48Z","","CR","","I","TRUE","2026-06-03T14:17:48Z","2026-06-04","2031-06-20","","FALSE","BBSF","FALSE","FALSE","","150,000,000","","USD","","","","","","","","","","","","","","","","","","","","","","","","","0.01","","","","","","0.0051","","","","","","false","","","3","","","A004","","","","","","","","3649521.58954","MNTH","","","","3","","","","UFRO","USD","","","","","false","1","","","","","","","","","","TRUE","","","","0.0051","","3","","","QZ3WVVQG5T8K","NA/CDS Corp Idx","CDX.NA.IG"
"3477232077000000901","3477232077000000901","CORR","","2026-06-02T21:20:59Z","","CR","","N","FALSE","2017-04-21T21:17:05Z","2017-04-21","2052-10-12","2052-10-12","FALSE","BILT","FALSE","FALSE","FALSE","5","","USD","","","","","","","","","","","","","","","","","","","","","","","","","0.0134","","","","","","","","","","","","false","","","","","","A004","","","","","","","","","","","","","","","","","","","","","","","false","1","","","","","","","","","","FALSE","","","","","","","","","QZBLN4QN7MWK","NA/CDS Corp Idx","CMBX.NA.BBB-"
"3477232075000000701","","NEWT","NOVA","2026-06-02T12:33:19Z","","CR","","I","TRUE","2026-06-02T12:33:19Z","2026-03-20","2031-06-20","2031-06-20","FALSE","BILT","FALSE","FALSE","FALSE","14,000,000","","USD","","","","","","","","","","","","","","","","","","","","","","","","","0.05","","","","","","","","","","","","false","","","","","","A004","","","","","","","","","MNTH","","","","3","","","","","","","","","","false","0.99","","","","","","","","","","FALSE","","","","","","","","","QZHH8NT767RX","NA/CDS Corp Idx","CDX.NA.HY"
"3477503812000000201","","NEWT","TRAD","2026-06-03T11:46:56Z","","CR","","I","TRUE","2026-06-03T11:46:56Z","2026-03-20","2031-06-20","","FALSE","BGCD","FALSE","FALSE","","10,000,000","","EUR","","","","","","","","","","","","","","","","","","","","","","","","","","","","","","","0.02605","","","","","","false","","","3","","","A004","","","","","","","","","MNTH","","","","3","","","","","","","","","","false","1","","","","","","","","","","TRUE","","","","0.0035","","3","","","QZ3HM9KVK2WL","NA/CDS Corp Idx","ITRAXX EUROPE CROSSOVER"
"3480865765000000101","","NEWT","TRAD","2026-06-03T16:07:46Z","","CR","","I","TRUE","2026-06-03T16:07:46Z","2026-06-04","2031-06-20","","","TWSF","FALSE","FALSE","","95,000,000","","USD","","","","","","","","","","","","","","","","","","","","","","","","","0.01","","","","","","0.00507","","","","","","false","","","3","","","A004","","","","","","","","2324542.34000","MNTH","","","","3","","","","UFRO","USD","","","","","false","1","","","","","","","","","","TRUE","","","","0.00507","","3","","","QZ3WVVQG5T8K","NA/CDS Corp Idx","CDX.NA.IG"
"3481699496000000101","","NEWT","TRAD","2026-06-03T16:56:25Z","","CR","","I","TRUE","2026-06-03T16:56:25Z","2026-06-04","2031-06-20","","FALSE","BBSF","FALSE","FALSE","","10,000,000","","USD","","","","","","","","","","","","","","","","","","","","","","","","","0.05","","","","","","0.0108075","","","","","","false","","","3","","","A004","","","","","","","","903925.00000","MNTH","","","","3","","","","UFRO","USD","","","","","false","0.99","","","","","","","","","","FALSE","","","","","","","","","QZHH8NT767RX","NA/CDS Corp Idx","CDX.NA.HY"
"3467015257000000301","","NEWT","TRAD","2026-06-03T07:38:07Z","","CR","","I","TRUE","2026-06-03T07:38:07Z","2026-06-04","2031-06-20","","FALSE","BBSF","FALSE","FALSE","","100,000,000","","EUR","","","","","","","","","","","","","","","","","","","","","","","","","0.01","","","","","","0.005327","","","","","","false","","","3","","","A004","","","","","","","","2401751.71000","MNTH","","","","3","","","","UFRO","EUR","","","","","false","1","","","","","","","","","","FALSE","","","","","","","","","QZTQ4GTC5QMF","NA/CDS Corp Idx","ITRAXX EUROPE"
"3479172646000000301","","NEWT","TRAD","2026-06-03T13:48:01Z","","CR","","I","TRUE","2026-06-03T13:48:01Z","2026-06-04","2031-06-20","","","TWSF","FALSE","FALSE","","100,000,000","","USD","","","","","","","","","","","","","","","","","","","","","","","","","0.01","","","","","","0.005109","","","","","","false","","","3","","","A004","","","","","","","","2428847.67000","MNTH","","","","3","","","","UFRO","USD","","","","","false","1","","","","","","","","","","FALSE","","","","","","","","","QZ3WVVQG5T8K","NA/CDS Corp Idx","CDX.NA.IG"
"3479648283000000301","","NEWT","TRAD","2026-06-03T14:25:15Z","","CR","","I","TRUE","2026-06-03T14:25:15Z","2026-06-04","2031-06-20","","FALSE","BBSF","FALSE","TRUE","","250,000,000+","","USD","","","","","","","","","","","","","","","","","","","","","","","","","0.01","","","","","","0.005088","","","","","","false","","","3","","","A004","","","","","","","","6096400.68000","MNTH","","","","3","","","","UFRO","USD","","","","","false","1","","","","","","","","","","FALSE","","","","","","","","","QZ3WVVQG5T8K","NA/CDS Corp Idx","CDX.NA.IG"
"3479586228000000301","","NEWT","TRAD","2026-06-03T14:16:13Z","","CR","","I","FALSE","2026-06-03T14:16:13Z","2026-06-03","2026-07-15","2031-06-20","FALSE","BILT","FALSE","FALSE","TRUE","25,000,000","","USD","","","","","","","","","","","","","","","","","","","","","","","","2026-07-15","0.05","","35,392.5","USD","","","","","","","0.01085","","false","","","","","3","A004","","","","","","","","","MNTH","","","","3","","","","","","","","","","false","0.99","","","","","","","","","","FALSE","","","","","","","","","QZVK9BCP48T0","NA/CDS Idx Swt","NA/CDS Corp Idx"
"3479836585000000301","","NEWT","TRAD","2026-06-03T14:42:47Z","","CR","","I","TRUE","2026-06-03T14:42:47Z","2026-06-04","2031-06-20","","FALSE","BBSF","FALSE","FALSE","","25,000,000","","USD","","","","","","","","","","","","","","","","","","","","","","","","","0.01","","","","","","0.005076697","","","","","","false","","","3","","","A004","","","","","","","","610947.16000","MNTH","","","","3","","","","UFRO","USD","","","","","false","1","","","","","","","","","","FALSE","","","","","","","","","QZ3WVVQG5T8K","NA/CDS Corp Idx","CDX.NA.IG"
"3479813284000000101","","NEWT","TRAD","2026-06-03T14:41:05Z","","CR","","I","FALSE","2026-06-03T14:41:05Z","2026-06-04","2031-06-20","","","TWSF","FALSE","FALSE","","50,000,000","","EUR","","","","","","","","","","","","","","","","","","","","","","","","","0.01","","","","","","0.005358","","","","","","false","","","3","","","A004","","","","","","","","1193470.51000","MNTH","","","","3","","","","UFRO","EUR","","","","","false","1","","","","","","","","","","FALSE","","","","","","","","","QZTQ4GTC5QMF","NA/CDS Corp Idx","ITRAXX EUROPE"
"3479648286000000601","","NEWT","TRAD","2026-06-03T14:25:28Z","","CR","","I","TRUE","2026-06-03T14:25:28Z","2026-06-04","2031-06-20","","FALSE","BBSF","FALSE","TRUE","","46,423,803+","","EUR","","","","","","","","","","","","","","","","","","","","","","","","","0.05","","","","","","0.026165","","","","","","false","","","3","","","A004","","","","","","","","5256096.23250","MNTH","","","","3","","","","UFRO","EUR","","","","","false","1","","","","","","","","","","TRUE","","","","0.00345","","3","","","QZ3HM9KVK2WL","NA/CDS Corp Idx","ITRAXX EUROPE CROSSOVER"
"3472088570000000201","","NEWT","TRAD","2026-06-03T09:05:05Z","","CR","","I","TRUE","2026-06-03T09:05:05Z","2026-03-20","2031-06-20","","","BILT","FALSE","FALSE","FALSE","50,000,000","","EUR","","","","","","","","","","","","","","","","","","","","","","","","","0.01","","","","","","","","","","","","false","","","","","","A004","","","","","","","","1198367.00000","MNTH","","","","3","","","","UFRO","EUR","","","","","false","1","","","","","","","","","","FALSE","","","","","","","","","QZTQ4GTC5QMF","NA/CDS Corp Idx","ITRAXX EUROPE"
"3472676956000000101","3472088569000000101","MODI","TRAD","2026-06-03T09:07:36Z","TRUE","CR","","I","TRUE","2026-06-03T09:05:45Z","2026-03-20","2031-06-20","","","BILT","FALSE","FALSE","","25,000,000","","EUR","","","","","","","","","","","","","","","","","","","","","","","","","0.01","","","","","","","","","","","","false","","","","","","A004","","","","","","","","599183.69000","MNTH","","","","3","","","","UFRO","EUR","","","","","false","1","","","","","","","","","","FALSE","","","","","","","","","QZTQ4GTC5QMF","NA/CDS Corp Idx","ITRAXX EUROPE"
"3474455905000000101","","NEWT","TRAD","2026-06-03T09:59:24Z","","CR","","I","FALSE","2026-06-03T09:59:24Z","2026-06-04","2031-06-20","","","TWSF","FALSE","FALSE","","70,000,000","","EUR","","","","","","","","","","","","","","","","","","","","","","","","","0.01","","","","","","0.0053538","","","","","","false","","","3","","","A004","","","","","","","","1672263.19000","MNTH","","","","3","","","","UFRO","EUR","","","","","false","1","","","","","","","","","","FALSE","","","","","","","","","QZTQ4GTC5QMF","NA/CDS Corp Idx","ITRAXX EUROPE"
"3479204169000000201","3479118248000000201","MODI","TRAD","2026-06-03T13:38:57Z","TRUE","CR","","I","TRUE","2026-06-03T13:37:41Z","2026-03-20","2031-06-20","","","BILT","FALSE","FALSE","","50,000,000","","EUR","","","","","","","","","","","","","","","","","","","","","","","","","0.01","","","","","","","","","","","","false","","","","","","A004","","","","","","","","1195381.39000","MNTH","","","","3","","","","UFRO","EUR","","","","","false","1","","","","","","","","","","FALSE","","","","","","","","","QZTQ4GTC5QMF","NA/CDS Corp Idx","ITRAXX EUROPE"
"3479206610000000101","","NEWT","TRAD","2026-06-03T13:50:55Z","","CR","","I","TRUE","2026-06-03T13:50:55Z","2026-06-04","2031-06-20","","FALSE","BBSF","FALSE","FALSE","","10,000,000","","USD","","","","","","","","","","","","","","","","","","","","","","","","","0.05","","","","","","0.01081074","","","","","","false","","","3","","","A004","","","","","","","","907132.60000","MNTH","","","","3","","","","UFRO","USD","","","","","false","0.99","","","","","","","","","","FALSE","","","","","","","","","QZHH8NT767RX","NA/CDS Corp Idx","CDX.NA.HY"
"3478904274000000401","","NEWT","TRAD","2026-06-03T13:22:14Z","FALSE","CR","","N","FALSE","2026-06-03T13:22:14Z","2026-06-05","2041-02-16","","FALSE","BILT","FALSE","FALSE","TRUE","135,185,280","8,000,000","ZMW","USD","","","","","","","","","","","","","","","","","","","","","","","","0.1759","","","","","","","","","","","","false","","","","","","A005","","","A004","","DAIL","","1","","MNTH","","","MNTH","3","","","3","","","USD","","","","false","","","","","","","","","","","FALSE","","","","","","","","","QZDH4C9ZWL61","NA/CDS Corp SN","No name obtainable"
"3479572100000000901","","NEWT","TRAD","2026-06-03T14:18:30Z","","CR","","I","TRUE","2026-06-03T14:18:30Z","2026-06-04","2030-12-20","","FALSE","BBSF","FALSE","TRUE","","46,423,803+","","EUR","","","","","","","","","","","","","","","","","","","","","","","","","0.05","","","","","","0.022675","","","","","","false","","","3","","","A004","","","","","","","","5560147.60767","MNTH","","","","3","","","","UFRO","EUR","","","","","false","1","","","","","","","","","","TRUE","","","","0.003025","","3","","","QZ5F5FRS4TR9","NA/CDS Corp Idx","ITRAXX EUROPE CROSSOVER"
"3479068575000000201","","NEWT","TRAD","2026-06-03T13:36:35Z","","CR","","I","TRUE","2026-06-03T13:36:35Z","2026-06-04","2031-06-20","","FALSE","BBSF","FALSE","TRUE","","250,000,000+","","USD","","","","","","","","","","","","","","","","","","","","","","","","","0.01","","","","","","0.0050905","","","","","","false","","","3","","","A004","","","","","","","","6093509.81000","MNTH","","","","3","","","","UFRO","USD","","","","","false","1","","","","","","","","","","FALSE","","","","","","","","","QZ3WVVQG5T8K","NA/CDS Corp Idx","CDX.NA.IG"
"3479055614000000401","","NEWT","TRAD","2026-06-03T13:35:20Z","","CR","","I","TRUE","2026-06-03T13:35:20Z","2026-06-04","2031-06-20","","FALSE","BBSF","FALSE","TRUE","","46,423,803+","","EUR","","","","","","","","","","","","","","","","","","","","","","","","","0.05","","","","","","0.0259718","","","","","","false","","","3","","","A004","","","","","","","","5298444.72989","MNTH","","","","3","","","","UFRO","EUR","","","","","false","1","","","","","","","","","","TRUE","","","","0.0102","","3","","","QZ3HM9KVK2WL","NA/CDS Corp Idx","ITRAXX EUROPE CROSSOVER"
"3479144339000000401","","NEWT","TRAD","2026-06-03T13:45:02Z","","CR","","I","TRUE","2026-06-03T13:45:02Z","2026-06-04","2031-06-20","","FALSE","BBSF","FALSE","FALSE","","90,000,000","","USD","","","","","","","","","","","","","","","","","","","","","","","","","0.01","","","","","","0.005099","","","","","","false","","","3","","","A004","","","","","","","","2190125.26000","MNTH","","","","3","","","","UFRO","USD","","","","","false","1","","","","","","","","","","FALSE","","","","","","","","","QZ3WVVQG5T8K","NA/CDS Corp Idx","CDX.NA.IG"
"3479155932000000601","","NEWT","TRAD","2026-06-03T13:46:18Z","","CR","","I","TRUE","2026-06-03T13:46:18Z","2026-03-20","2031-06-20","","FALSE","BGCD","FALSE","FALSE","","25,000,000","","EUR","","","","","","","","","","","","","","","","","","","","","","","","","","","","","","","0.0053625","","","","","","false","","","3","","","A004","","","","","","","","","MNTH","","","","3","","","","","","","","","","false","1","","","","","","","","","","FALSE","","","","","","","","","QZTQ4GTC5QMF","NA/CDS Corp Idx","ITRAXX EUROPE"
"3479100385000000201","","NEWT","TRAD","2026-06-03T13:38:52Z","","CR","","N","FALSE","2026-06-03T13:38:52Z","2026-03-20","2026-07-15","2031-06-20","FALSE","BILT","FALSE","FALSE","TRUE","200,000,000","","EUR","","","","","","","","","","","","","","","","","","","","","","","","2026-07-15","0.05","","548,000","EUR","","","","","","","0.03","","false","","","","","3","A004","","","","","","","","","MNTH","","","","3","","","","","","","","","","false","1","","","","","","","","","","FALSE","","","","","","","","","QZTL0V3X916X","NA/CDS Idx Swt","NA/CDS Corp Idx"
"3479309130000000201","","NEWT","TRAD","2026-06-03T13:58:42Z","","CR","","I","TRUE","2026-06-03T13:58:42Z","2026-06-04","2031-06-20","","FALSE","BBSF","FALSE","FALSE","","20,000,000","","USD","","","","","","","","","","","","","","","","","","","","","","","","","0.01","","","","","","0.005104","","","","","","false","","","3","","","A004","","","","","","","","486232.01000","MNTH","","","","3","","","","UFRO","USD","","","","","false","1","","","","","","","","","","FALSE","","","","","","","","","QZ3WVVQG5T8K","NA/CDS Corp Idx","CDX.NA.IG"
"3478785304000000101","","NEWT","TRAD","2026-06-03T12:13:23Z","","CR","","N","TRUE","2026-06-03T12:13:23Z","2026-06-03","2030-12-20","","FALSE","TREU","FALSE","FALSE","FALSE","80,000,000","","EUR","","","","","","","","","","","","","","","","","","","","","","","","","0.01","","","","","","","","","","","","false","","","","","","A004","","","","","","","","1944919.92000","MNTH","","","","3","","","","UFRO","EUR","","","","","false","1","","","","","","","","","","FALSE","","","","","","","","","QZFB31MBHLT9","NA/CDS Corp Idx","ITRAXX EUROPE"
"3470853626000000201","","NEWT","TRAD","2026-06-03T08:47:30Z","","CR","","I","FALSE","2026-06-03T08:47:30Z","2026-06-04","2031-06-20","","","TWSF","FALSE","FALSE","","18,000,000","","EUR","","","","","","","","","","","","","","","","","","","","","","","","","0.01","","","","","","0.00532739","","","","","","false","","","3","","","A004","","","","","","","","432283.48980","MNTH","","","","3","","","","UFRO","EUR","","","","","false","1","","","","","","","","","","FALSE","","","","","","","","","QZTQ4GTC5QMF","NA/CDS Corp Idx","ITRAXX EUROPE"
"3478803156000000301","","NEWT","TRAD","2026-06-03T13:15:28Z","","CR","","I","TRUE","2026-06-03T13:15:28Z","2026-06-04","2031-06-20","","FALSE","BBSF","FALSE","TRUE","","250,000,000+","","USD","","","","","","","","","","","","","","","","","","","","","","","","","0.01","","","","","","0.00508","","","","","","false","","","3","","","A004","","","","","","","","6105651.86000","MNTH","","","","3","","","","UFRO","USD","","","","","false","1","","","","","","","","","","FALSE","","","","","","","","","QZ3WVVQG5T8K","NA/CDS Corp Idx","CDX.NA.IG"
"3478270556000000101","","NEWT","TRAD","2026-06-03T12:37:26Z","","CR","","N","FALSE","2026-06-03T12:37:26Z","2026-03-20","2026-07-15","2031-06-20","FALSE","BILT","FALSE","FALSE","TRUE","343,880,019+","","EUR","","","","","","","","","","","","","","","","","","","","","","","","2026-07-15","0.01","","42,985","EUR","","","","","","","0.009","","false","","","","","3","A004","","","","","","","","","MNTH","","","","3","","","","","","","","","","false","1","","","","","","","","","","FALSE","","","","","","","","","QZS61NHV7CQ9","NA/Cr Op Swps EuPt Van Ph",""
"3478393843000000101","","NEWT","TRAD","2026-06-03T12:46:50Z","","CR","","I","TRUE","2026-06-03T12:46:50Z","2026-06-04","2031-06-20","","FALSE","BBSF","FALSE","FALSE","","5,000,000","","USD","","","","","","","","","","","","","","","","","","","","","","","","","0.05","","","","","","0.0108175","","","","","","false","","","3","","","A004","","","","","","","","456912.50000","MNTH","","","","3","","","","UFRO","USD","","","","","false","0.99","","","","","","","","","","FALSE","","","","","","","","","QZHH8NT767RX","NA/CDS Corp Idx","CDX.NA.HY"
"3479212669000000501","","NEWT","TRAD","2026-06-03T13:51:43Z","","CR","","I","TRUE","2026-06-03T13:51:43Z","2026-06-04","2031-06-20","","FALSE","BBSF","FALSE","FALSE","","75,000,000","","EUR","","","","","","","","","","","","","","","","","","","","","","","","","0.01","","","","","","0.005363","","","","","","false","","","3","","","A004","","","","","","","","1788414.42000","MNTH","","","","3","","","","UFRO","EUR","","","","","false","1","","","","","","","","","","FALSE","","","","","","","","","QZTQ4GTC5QMF","NA/CDS Corp Idx","ITRAXX EUROPE"
"3466668937000000101","","NEWT","TRAD","2026-06-03T07:32:30Z","","CR","","I","TRUE","2026-06-03T07:32:30Z","2026-06-04","2031-06-20","","FALSE","BBSF","FALSE","FALSE","","10,000,000","","EUR","","","","","","","","","","","","","","","","","","","","","","","","","0.01","","","","","","0.005329","","","","","","false","","","3","","","A004","","","","","","","","240079.61000","MNTH","","","","3","","","","UFRO","EUR","","","","","false","1","","","","","","","","","","FALSE","","","","","","","","","QZTQ4GTC5QMF","NA/CDS Corp Idx","ITRAXX EUROPE"
"3477076084000000401","","NEWT","TRAD","2026-06-03T11:07:58Z","","CR","","I","TRUE","2026-06-03T11:07:58Z","2026-06-04","2031-06-20","","FALSE","BBSF","FALSE","FALSE","","2,000,000","","EUR","","","","","","","","","","","","","","","","","","","","","","","","","0.05","","","","","","0.0261099","","","","","","false","","","3","","","A004","","","","","","","","226958.79000","MNTH","","","","3","","","","UFRO","EUR","","","","","false","1","","","","","","","","","","FALSE","","","","","","","","","QZ3HM9KVK2WL","NA/CDS Corp Idx","ITRAXX EUROPE CROSSOVER"
"3476496031000000101","","NEWT","TRAD","2026-06-03T10:43:05Z","","CR","","I","TRUE","2026-06-03T10:43:05Z","2026-06-04","2030-12-20","","FALSE","BBSF","FALSE","TRUE","","43,000,000","","EUR","","","","","","","","","","","","","","","","","","","","","","","","","0.05","","","","","","0.0227125","","","","","","false","","","3","","","A004","","","","","","","","5143051.28000","MNTH","","","","3","","","","UFRO","EUR","","","","","false","1","","","","","","","","","","FALSE","","","","","","","","","QZ5F5FRS4TR9","NA/CDS Corp Idx","ITRAXX EUROPE CROSSOVER"
"3476929462000000201","","NEWT","TRAD","2026-06-03T10:52:59Z","","CR","","I","TRUE","2026-06-03T10:52:59Z","2026-03-20","2031-06-20","","FALSE","BGCD","FALSE","FALSE","","10,000,000","","EUR","","","","","","","","","","","","","","","","","","","","","","","","","","","","","","","0.02615","","","","","","false","","","3","","","A004","","","","","","","","","MNTH","","","","3","","","","","","","","","","false","1","","","","","","","","","","TRUE","","","","-0.0005375","","3","","","QZ3HM9KVK2WL","NA/CDS Corp Idx","ITRAXX EUROPE CROSSOVER"
"3479479614000000101","","NEWT","TRAD","2026-06-03T14:11:58Z","","CR","","I","TRUE","2026-06-03T14:11:58Z","2026-06-04","2031-06-20","","FALSE","BBSF","FALSE","FALSE","","1,000,000","","USD","","","","","","","","","","","","","","","","","","","","","","","","","0.05","","","","","","0.0108155","","","","","","false","","","3","","","A004","","","","","","","","91184.50000","MNTH","","","","3","","","","UFRO","USD","","","","","false","0.99","","","","","","","","","","FALSE","","","","","","","","","QZHH8NT767RX","NA/CDS Corp Idx","CDX.NA.HY"
"3479346058000000101","","NEWT","TRAD","2026-06-03T14:02:27Z","","CR","","I","TRUE","2026-06-03T14:02:27Z","2026-06-04","2031-06-20","","FALSE","BBSF","FALSE","TRUE","","35,000,000","","EUR","","","","","","","","","","","","","","","","","","","","","","","","","0.05","","","","","","0.02622","","","","","","false","","","3","","","A004","","","","","","","","3953597.82000","MNTH","","","","3","","","","UFRO","EUR","","","","","false","1","","","","","","","","","","FALSE","","","","","","","","","QZ3HM9KVK2WL","NA/CDS Corp Idx","ITRAXX EUROPE CROSSOVER"
"3476563027000000301","","NEWT","TRAD","2026-06-03T10:43:53Z","","CR","","I","TRUE","2026-06-03T10:43:53Z","2026-06-04","2036-06-20","","","TWSF","FALSE","TRUE","","290,000,000","","EUR","","","","","","","","","","","","","","","","","","","","","","","","","0.01","","","","","","0.0094625","","","","","","false","","","3","","","A004","","","","","","","","1901945.38103","MNTH","","","","3","","","","UFRO","EUR","","","","","false","1","","","","","","","","","","TRUE","","","","0.412","","3","","","QZ4LNL81ZBTS","NA/CDS Corp Idx","ITRAXX EUROPE"
"3476946069000000201","","NEWT","TRAD","2026-06-03T10:55:35Z","","CR","","I","TRUE","2026-06-03T10:55:35Z","2026-03-20","2031-06-20","","FALSE","BGCD","FALSE","FALSE","","20,000,000","","EUR","","","","","","","","","","","","","","","","","","","","","","","","","","","","","","","0.02615","","","","","","false","","","3","","","A004","","","","","","","","","MNTH","","","","3","","","","","","","","","","false","1","","","","","","","","","","TRUE","","","","-0.0005375","","3","","","QZ3HM9KVK2WL","NA/CDS Corp Idx","ITRAXX EUROPE CROSSOVER"
"3479309134000000601","","NEWT","TRAD","2026-06-03T13:59:03Z","","CR","","I","TRUE","2026-06-03T13:59:03Z","2026-06-04","2031-06-20","","FALSE","BBSF","FALSE","TRUE","","60,000,000","","USD","","","","","","","","","","","","","","","","","","","","","","","","","0.05","","","","","","0.01081325","","","","","","false","","","3","","","A004","","","","","","","","5457705.00000","MNTH","","","","3","","","","UFRO","USD","","","","","false","0.99","","","","","","","","","","FALSE","","","","","","","","","QZHH8NT767RX","NA/CDS Corp Idx","CDX.NA.HY"
"3474773613000000101","","NEWT","TRAD","2026-06-03T10:06:12Z","","CR","","I","FALSE","2026-06-03T10:06:12Z","2026-03-20","2031-06-20","","","BILT","FALSE","FALSE","TRUE","10,000,000","","USD","","","","","","","","","","","","","","","","","","","","","","","","","0.01","","","","","","","","","","","","false","","","","","","A004","","","","","","","","148133.87000","MNTH","","","","3","","","","UFRO","USD","","","","","false","1","","","","","","","","","","FALSE","","","","","","","","","QZD2VPNQ9ZFX","NA/CDS Corp Idx","ITRAXX ASIA EX-JAPAN IG"
"3476364465000000101","","NEWT","TRAD","2026-06-03T10:37:58Z","FALSE","CR","","I","TRUE","2026-06-03T10:37:58Z","2026-06-03","2026-06-17","","","BILT","FALSE","FALSE","TRUE","343,880,019+","","EUR","","","","","","","","","","","","","","","","","","","","","","","","2026-06-17","","","9,284.625","EUR","","","0.0085","","","","0.0085","","false","","","3","","3","","","","","","","","","","","","","","","","","","","","","","","","false","1","","","","","","","","","","FALSE","","","","","","","","","QZS1WNR5R2ND","NA/CDS Idx Swt","NA/CDS Corp Idx"
"3478766778000000201","","NEWT","TRAD","2026-06-03T13:12:28Z","","CR","","N","FALSE","2026-06-03T13:12:28Z","2026-06-03","2072-12-16","","FALSE","BILT","FALSE","FALSE","FALSE","3,000,000","","USD","","","","","","","","","","","","","","","","","","","","","","","","","0.05","","","","","","","","","","","","false","","","","","","A004","","","","","","","","1001250.00000","MNTH","","","","1","","","","UFRO","USD","USD","","","","false","1","","","","","","","","","","FALSE","","","","","","","","","QZT81MX5QS1X","NA/CDS Corp Idx","CMBX.NA.BB"
"3477205692000000101","","NEWT","TRAD","2026-06-03T11:20:52Z","","CR","","I","TRUE","2026-06-03T11:20:52Z","2026-06-04","2031-06-20","","","TWSF","FALSE","FALSE","","26,000","","USD","","","","","","","","","","","","","","","","","","","","","","","","","0.05","","","","","","0.010821","","","","","","false","","","3","","","A004","","","","","","","","2384.95000","MNTH","","","","3","","","","UFRO","USD","","","","","false","0.99","","","","","","","","","","FALSE","","","","","","","","","QZHH8NT767RX","NA/CDS Corp Idx","CDX.NA.HY"
"3477076082000000201","","NEWT","TRAD","2026-06-03T11:07:54Z","","CR","","I","TRUE","2026-06-03T11:07:54Z","2026-06-04","2030-06-20","","FALSE","BBSF","FALSE","TRUE","","46,423,803+","","EUR","","","","","","","","","","","","","","","","","","","","","","","","","0.05","","","","","","0.01937105","","","","","","false","","","3","","","A004","","","","","","","","5529318.87175","MNTH","","","","3","","","","UFRO","EUR","","","","","false","0.97332","","","","","","","","","","TRUE","","","","0.006718","","3","","","QZ4NJT4ZGXSR","NA/CDS Corp Idx","ITRAXX EUROPE CROSSOVER"
"3472060142000000501","","NEWT","TRAD","2026-06-03T09:05:25Z","FALSE","CR","","I","FALSE","2026-06-03T09:05:25Z","2026-03-20","2031-06-20","","","TSCD","FALSE","FALSE","FALSE","25,000,000","","EUR","","","","","","","","","","","","","","","","","","","","","","","","","0.01","","","","","","","","","","","","false","","","","","","A004","","","","","","","","599183.69000","MNTH","","","","3","","","","UFRO","EUR","","","","","false","1","","","","","","","","","","FALSE","","","","","","","","","QZTQ4GTC5QMF","NA/CDS Corp Idx","ITRAXX EUROPE"
"3480454666000000401","","NEWT","TRAD","2026-06-03T15:46:33Z","","CR","","I","TRUE","2026-06-03T15:46:33Z","2026-06-04","2031-06-20","","FALSE","BBSF","FALSE","FALSE","","30,000,000","","USD","","","","","","","","","","","","","","","","","","","","","","","","","0.05","","","","","","0.01080825","","","","","","false","","","3","","","A004","","","","","","","","2714002.50000","MNTH","","","","3","","","","UFRO","USD","","","","","false","0.99","","","","","","","","","","FALSE","","","","","","","","","QZHH8NT767RX","NA/CDS Corp Idx","CDX.NA.HY"
"3479810031000000101","","NEWT","TRAD","2026-06-03T14:40:24Z","","CR","","I","TRUE","2026-06-03T14:40:24Z","2026-06-04","2031-06-20","","FALSE","BBSF","FALSE","TRUE","","163,343,009+","","EUR","","","","","","","","","","","","","","","","","","","","","","","","","0.01","","","","","","0.0053625","","","","","","false","","","3","","","A004","","","","","","","","3895413.65625","MNTH","","","","3","","","","UFRO","EUR","","","","","false","1","","","","","","","","","","TRUE","","","","0.0053625","","3","","","QZTQ4GTC5QMF","NA/CDS Corp Idx","ITRAXX EUROPE"
"3472194516000000101","","NEWT","TRAD","2026-06-03T09:11:56Z","","CR","","I","TRUE","2026-06-03T09:11:56Z","2026-06-04","2031-06-20","","FALSE","BBSF","FALSE","FALSE","","25,000,000","","EUR","","","","","","","","","","","","","","","","","","","","","","","","","0.05","","","","","","0.02612","","","","","","false","","","3","","","A004","","","","","","","","2835793.08000","MNTH","","","","3","","","","UFRO","EUR","","","","","false","1","","","","","","","","","","FALSE","","","","","","","","","QZ3HM9KVK2WL","NA/CDS Corp Idx","ITRAXX EUROPE CROSSOVER"
"3479675663000000101","3479589375000000101","MODI","TRAD","2026-06-03T14:20:21Z","TRUE","CR","","I","TRUE","2026-06-03T14:17:08Z","2026-03-20","2031-06-20","","","BILT","FALSE","FALSE","FALSE","50,000,000","","USD","","","","","","","","","","","","","","","","","","","","","","","","","0.01","","","","","","","","","","","","false","","","","","","A004","","","","","","","","1219974.00000","MNTH","","","","3","","","","UFRO","USD","","","","","false","1","","","","","","","","","","FALSE","","","","","","","","","QZ3WVVQG5T8K","NA/CDS Corp Idx","CDX.NA.IG"
"3470591970000000201","","NEWT","TRAD","2026-06-03T08:42:52Z","","CR","","I","TRUE","2026-06-03T08:42:52Z","2026-03-20","2031-06-20","","FALSE","GSEF","FALSE","FALSE","","10,000,000","","EUR","","","","","","","","","","","","","","","","","","","","","","","","","","","","","","","0.0261","","","","","","false","","","3","","","A004","","","","","","","","","MNTH","","","","3","","","","","","","","","","false","1","","","","","","","","","","FALSE","","","","","","","","","QZ3HM9KVK2WL","NA/CDS Corp Idx","ITRAXX EUROPE CROSSOVER"
"3470591969000000101","","NEWT","TRAD","2026-06-03T08:42:44Z","","CR","","I","FALSE","2026-06-03T08:42:44Z","2026-03-20","2031-06-20","","","GFSO","FALSE","FALSE","FALSE","25,000,000","","EUR","","","","","","","","","","","","","","","","","","","","","","","","","0.01","","","","","","","","","","","","false","","","","","","A004","","","","","","","","567863.00000","MNTH","","","","3","","","","UFRO","EUR","","","","","false","1","","","","","","","","","","FALSE","","","","","","","","","QZTB38W3WJ98","NA/CDS Corp Idx","ITRAXX EUROPE SENIOR FINANCIALS"
"3479740949000000101","","NEWT","TRAD","2026-06-03T14:33:52Z","","CR","","I","TRUE","2026-06-03T14:33:52Z","2026-06-04","2031-06-20","","FALSE","BBSF","FALSE","FALSE","","20,000,000","","USD","","","","","","","","","","","","","","","","","","","","","","","","","0.01","","","","","","0.005081","","","","","","false","","","3","","","A004","","","","","","","","488359.63000","MNTH","","","","3","","","","UFRO","USD","","","","","false","1","","","","","","","","","","FALSE","","","","","","","","","QZ3WVVQG5T8K","NA/CDS Corp Idx","CDX.NA.IG"
"3480064642000000301","","NEWT","TRAD","2026-06-03T15:09:20Z","","CR","","I","TRUE","2026-06-03T15:09:20Z","2026-06-04","2031-06-20","","","TWSF","FALSE","FALSE","","140,000,000","","USD","","","","","","","","","","","","","","","","","","","","","","","","","0.01","","","","","","0.00508937","","","","","","false","","","3","","","A004","","","","","","","","3413091.37251","MNTH","","","","3","","","","UFRO","USD","","","","","false","1","","","","","","","","","","TRUE","","","","0.396313","","3","","","QZ3WVVQG5T8K","NA/CDS Corp Idx","CDX.NA.IG"
"3480113359000000101","","NEWT","TRAD","2026-06-03T15:14:39Z","","CR","","I","TRUE","2026-06-03T15:14:39Z","2026-06-04","2031-06-20","","FALSE","BBSF","FALSE","FALSE","","50,000,000","","EUR","","","","","","","","","","","","","","","","","","","","","","","","","0.01","","","","","","0.005357","","","","","","false","","","3","","","A004","","","","","","","","1193709.36000","MNTH","","","","3","","","","UFRO","EUR","","","","","false","1","","","","","","","","","","FALSE","","","","","","","","","QZTQ4GTC5QMF","NA/CDS Corp Idx","ITRAXX EUROPE"
"3480005587000000201","","NEWT","TRAD","2026-06-03T15:03:15Z","","CR","","I","TRUE","2026-06-03T15:03:15Z","2026-06-04","2031-06-20","","FALSE","BBSF","FALSE","FALSE","","30,000,000","","USD","","","","","","","","","","","","","","","","","","","","","","","","","0.01","","","","","","0.005087","","","","","","false","","","3","","","A004","","","","","","","","731706.85000","MNTH","","","","3","","","","UFRO","USD","","","","","false","1","","","","","","","","","","FALSE","","","","","","","","","QZ3WVVQG5T8K","NA/CDS Corp Idx","CDX.NA.IG"
"3480572237000000401","","NEWT","TRAD","2026-06-03T15:54:32Z","","CR","","I","TRUE","2026-06-03T15:54:32Z","2026-06-04","2031-06-20","","FALSE","BBSF","FALSE","FALSE","","50,000,000","","USD","","","","","","","","","","","","","","","","","","","","","","","","","0.01","","","","","","0.005102","","","","","","false","","","3","","","A004","","","","","","","","1216042.51000","MNTH","","","","3","","","","UFRO","USD","","","","","false","1","","","","","","","","","","FALSE","","","","","","","","","QZ3WVVQG5T8K","NA/CDS Corp Idx","CDX.NA.IG"
"3480388633000000401","","NEWT","TRAD","2026-06-03T15:42:12Z","","CR","","I","FALSE","2026-06-03T15:42:12Z","2026-06-04","2028-12-20","","FALSE","BBSF","FALSE","TRUE","","120,000,000","","EUR","","","","","","","","","","","","","","","","","","","","","","","","","0.01","","","","","","0.002515","","","","","","false","","","3","","","A004","","","","","","","","2485427.81946","MNTH","","","","3","","","","UFRO","EUR","","","","","false","1","","","","","","","","","","FALSE","","","","","","","","","QZ4K5B2X24ZZ","NA/CDS Corp Idx","ITRAXX EUROPE SENIOR FINANCIALS"
"3474933669000000201","","NEWT","TRAD","2026-06-03T09:19:43Z","","CR","","N","FALSE","2026-06-03T09:19:43Z","2026-03-20","2026-09-16","2031-06-20","FALSE","BILT","FALSE","FALSE","TRUE","343,880,019+","","EUR","","","","","","","","","","","","","","","","","","","","","","","","2026-09-16","0.01","","773,730","EUR","","","","","","","0.00575","","false","","","","","3","A004","","","","","","","","","MNTH","","","","3","","","","","","","","","","false","1","","","","","","","","","","FALSE","","","","","","","","","QZS1WNR5R2ND","NA/CDS Idx Swt","NA/CDS Corp Idx"
"3480211525000000201","","NEWT","TRAD","2026-06-03T15:25:26Z","","CR","","I","TRUE","2026-06-03T15:25:26Z","2026-03-20","2031-06-20","","FALSE","TPSE","FALSE","FALSE","","25,000,000","","EUR","","","","","","","","","","","","","","","","","","","","","","","","","0.01","","","","","","0.0053625","","","","","","false","","","3","","","A004","","","","","","","","","MNTH","","","","3","","","","","","EUR","","","","false","1","","","","","","","OTHR","","","FALSE","","","","","","","","","QZTQ4GTC5QMF","NA/CDS Corp Idx","ITRAXX EUROPE"
"3480191693000000101","","NEWT","TRAD","2026-06-03T15:19:22Z","","CR","","I","TRUE","2026-06-03T15:19:22Z","2026-03-20","2031-06-20","","","BILT","FALSE","FALSE","FALSE","100,000,000","","USD","","","","","","","","","","","","","","","","","","","","","","","","","0.01","","","","","","","","","","","","false","","","","","","A004","","","","","","","","2439948.00000","MNTH","","","","3","","","","UFRO","USD","","","","","false","1","","","","","","","","","","FALSE","","","","","","","","","QZ3WVVQG5T8K","NA/CDS Corp Idx","CDX.NA.IG"
"3480211527000000401","3480211525000000201","MODI","TRAD","2026-06-03T15:25:34Z","TRUE","CR","","I","TRUE","2026-06-03T15:25:26Z","2026-03-20","2031-06-20","","FALSE","TPSE","FALSE","FALSE","","25,000,000","","EUR","","","","","","","","","","","","","","","","","","","","","","","","","0.01","","","","","","0.0053625","","","","","","false","","","3","","","A004","","","","","","","","","MNTH","","","","3","","","","","","EUR","","","","false","1","","","","","","","OTHR","","","FALSE","","","","","","","","","QZTQ4GTC5QMF","NA/CDS Corp Idx","ITRAXX EUROPE"
"3474947404000000101","","NEWT","TRAD","2026-06-03T10:12:28Z","","CR","","I","FALSE","2026-06-03T10:12:28Z","2026-06-04","2031-06-20","","","TWSF","FALSE","FALSE","","18,000,000","","EUR","","","","","","","","","","","","","","","","","","","","","","","","","0.05","","","","","","0.0260683","","","","","","false","","","3","","","A004","","","","","","","","2046164.05000","MNTH","","","","3","","","","UFRO","EUR","","","","","false","1","","","","","","","","","","FALSE","","","","","","","","","QZ3HM9KVK2WL","NA/CDS Corp Idx","ITRAXX EUROPE CROSSOVER"
"3480029327000000101","","NEWT","TRAD","2026-06-03T15:05:42Z","","CR","","I","TRUE","2026-06-03T15:05:40Z","2026-03-20","2031-06-20","","FALSE","TREU","FALSE","FALSE","FALSE","6,000,000","","EUR","","","","","","","","","","","","","","","","","","","","","","","","","0.01","","","","","","","","","","","","false","","","","","","A004","","","","","","","","","MNTH","","","","3","","","","","","EUR","","","","false","1","","","","","","","","","","FALSE","","","","","","","","","QZTQ4GTC5QMF","NA/CDS Corp Idx","ITRAXX EUROPE"
"3479798563000000401","","NEWT","TRAD","2026-06-03T14:38:31Z","","CR","","N","FALSE","2026-06-03T14:17:15Z","2026-06-03","2026-08-19","2031-06-20","TRUE","BILT","FALSE","FALSE","TRUE","25,000,000","","USD","","","","","","","","","","","","","","","","","","","","","","","","2026-08-19","0.01","","24,750","USD","","","","","","","0.006","","false","","","","","3","A004","","","","","","","","","MNTH","","","","3","","","","","","","","","","false","1","","","","","","","","","","FALSE","","","","","","","","","QZDRFGQM4073","NA/CDS Idx Swt","NA/CDS Corp Idx"
"3478943952000000101","3457035880000000101","EROR","","2026-06-03T13:26:33Z","","CR","","N","FALSE","2026-06-02T15:49:52Z","2026-06-02","2030-12-20","","FALSE","BILT","FALSE","FALSE","FALSE","15,000,000","","EUR","","","","","","","","","","","","","","","","","","","","","","","","","0.05","","","","","","","","","","","","false","","","","","","A004","","","","","","","","2163000.00000","MNTH","","","","3","","","","UFRO","EUR","","","","","false","1","","","","","","","","","","FALSE","","","","","","","","","QZB5DPT9MS3H","NA/CDS Corp Idx Tra","ITRAXX EUROPE CROSSOVER"
"3480211524000000101","","NEWT","TRAD","2026-06-03T15:25:16Z","","CR","","I","TRUE","2026-06-03T15:25:16Z","2026-06-04","2031-06-20","","FALSE","BBSF","FALSE","FALSE","","5,000,000","","EUR","","","","","","","","","","","","","","","","","","","","","","","","","0.01","","","","","","0.0053615","","","","","","false","","","3","","","A004","","","","","","","","119263.97846","MNTH","","","","3","","","","UFRO","EUR","","","","","false","1","","","","","","","","","","FALSE","","","","","","","","","QZTQ4GTC5QMF","NA/CDS Corp Idx","ITRAXX EUROPE"
"3480303757000000301","","NEWT","TRAD","2026-06-03T15:33:52Z","","CR","","I","TRUE","2026-06-03T15:33:52Z","2026-03-20","2031-06-20","","FALSE","BGCD","FALSE","FALSE","","40,000,000","","EUR","","","","","","","","","","","","","","","","","","","","","","","","","","","","","","","0.026225","","","","","","false","","","3","","","A004","","","","","","","","","MNTH","","","","3","","","","","","","","","","false","1","","","","","","","","","","TRUE","","","","0.00346","","3","","","QZ3HM9KVK2WL","NA/CDS Corp Idx","ITRAXX EUROPE CROSSOVER"
"3475319752000000101","","NEWT","TRAD","2026-06-03T10:19:14Z","","CR","","I","TRUE","2026-06-03T10:19:14Z","2026-06-04","2031-06-20","","FALSE","BBSF","FALSE","FALSE","","110,000,000","","EUR","","","","","","","","","","","","","","","","","","","","","","","","","0.01","","","","","","0.005325","","","","","","false","","","3","","","A004","","","","","","","","2642974.50479","MNTH","","","","3","","","","UFRO","EUR","","","","","false","1","","","","","","","","","","TRUE","","","","0.005325","","3","","","QZTQ4GTC5QMF","NA/CDS Corp Idx","ITRAXX EUROPE"
"3475440158000000101","","NEWT","TRAD","2026-06-03T10:20:40Z","","CR","","I","TRUE","2026-06-03T10:20:40Z","2026-06-04","2031-06-20","","FALSE","BBSF","FALSE","FALSE","","5,000,000","","EUR","","","","","","","","","","","","","","","","","","","","","","","","","0.05","","","","","","0.02613","","","","","","false","","","3","","","A004","","","","","","","","566922.64000","MNTH","","","","3","","","","UFRO","EUR","","","","","false","1","","","","","","","","","","FALSE","","","","","","","","","QZ3HM9KVK2WL","NA/CDS Corp Idx","ITRAXX EUROPE CROSSOVER"
"3479721143000000601","","NEWT","TRAD","2026-06-03T14:28:07Z","","CR","","N","FALSE","2026-06-03T14:28:07Z","2026-06-08","2026-07-21","","TRUE","BILT","FALSE","FALSE","TRUE","270,000,000","","EGP","","","","","","","","","","","","","","","","","","","","","","","","","0.97269","","","","","","","","","","","","false","","","","3","","","","","A004","","EXPI","","1","","","","","EXPI","","","","1","","","","","","","false","","","","","","","","","","","FALSE","","","","","","","","","QZQ0ZXFPD428","NA/CDS Corp SN","No name obtainable"
"3479890622000000101","","NEWT","TRAD","2026-06-03T14:48:32Z","","CR","","I","TRUE","2026-06-03T14:48:32Z","2026-06-04","2031-06-20","","FALSE","BBSF","FALSE","FALSE","","20,000,000","","USD","","","","","","","","","","","","","","","","","","","","","","","","","0.05","","","","","","0.01081475","","","","","","false","","","3","","","A004","","","","","","","","1822205.00000","MNTH","","","","3","","","","UFRO","USD","","","","","false","0.99","","","","","","","","","","FALSE","","","","","","","","","QZHH8NT767RX","NA/CDS Corp Idx","CDX.NA.HY"
"3479740950000000201","","NEWT","TRAD","2026-06-03T14:33:59Z","","CR","","I","TRUE","2026-06-03T14:33:59Z","2026-06-04","2031-06-20","","","TWSF","FALSE","TRUE","","163,343,009+","","EUR","","","","","","","","","","","","","","","","","","","","","","","","","0.01","","","","","","0.0053555","","","","","","false","","","3","","","A004","","","","","","","","3900875.71626","MNTH","","","","3","","","","UFRO","EUR","","","","","false","1","","","","","","","","","","FALSE","","","","","","","","","QZTQ4GTC5QMF","NA/CDS Corp Idx","ITRAXX EUROPE"
"3470281236000000101","","NEWT","TRAD","2026-06-03T08:38:28Z","","CR","","I","TRUE","2026-06-03T08:38:28Z","2026-06-04","2031-06-20","","FALSE","BBSF","FALSE","FALSE","","3,000,000","","EUR","","","","","","","","","","","","","","","","","","","","","","","","","0.01","","","","","","0.0053215","","","","","","false","","","3","","","A004","","","","","","","","72131.63121","MNTH","","","","3","","","","UFRO","EUR","","","","","false","1","","","","","","","","","","FALSE","","","","","","","","","QZTQ4GTC5QMF","NA/CDS Corp Idx","ITRAXX EUROPE"
"3483129778000000101","","NEWT","TRAD","2026-06-03T17:59:24Z","","CR","","I","TRUE","2026-06-03T17:59:24Z","2026-06-04","2031-06-20","","FALSE","BBSF","FALSE","FALSE","","45,000,000","","USD","","","","","","","","","","","","","","","","","","","","","","","","","0.01","","","","","","0.0051","","","","","","false","","","3","","","A004","","","","","","","","1094854.50000","MNTH","","","","3","","","","UFRO","USD","","","","","false","1","","","","","","","","","","TRUE","0.108","","3","","","","","","QZ3WVVQG5T8K","NA/CDS Corp Idx","CDX.NA.IG"
"3483039898000000501","","NEWT","TRAD","2026-06-03T17:35:42Z","","CR","","N","FALSE","2026-06-03T17:35:42Z","2026-06-04","2026-06-17","2031-06-20","FALSE","BILT","FALSE","FALSE","TRUE","400,000,000+","","USD","","","","","","","","","","","","","","","","","","","","","","","","2026-06-17","0.01","","30,000","USD","","","","","","","60","USD","false","","","","","1","A004","","","","","","","","","MNTH","","","","3","","","","","","","","","","false","","","","","","","","","","","FALSE","","","","","","","","","QZ7WW76RFHN3","NA/CDS Idx Swt","NA/CDS Corp Idx"
"3483107659000000101","","NEWT","TRAD","2026-06-03T17:48:43Z","FALSE","CR","","N","FALSE","2026-06-03T17:48:43Z","2026-06-04","2028-12-20","","FALSE","BILT","FALSE","FALSE","TRUE","7,000,000","","USD","","","","","","","","","","","","","","","","","","","","","","","","","0.05","","","","","","","","","","","","false","","","","","","A004","","","","","","","","745890.87147","MNTH","","","","3","","","","UFRO","USD","","","","","false","1","","","","","","","","","","FALSE","","","","","","","","","QZR2MV3WFJ3C","NA/CDS Corp Idx Tra","CDX.NA.HY"
"3479120558000000501","","NEWT","TRAD","2026-06-03T13:42:04Z","","CR","","I","TRUE","2026-06-03T13:42:04Z","2026-06-04","2031-06-20","","","TWSF","FALSE","FALSE","","3,000,000","","USD","","","","","","","","","","","","","","","","","","","","","","","","","0.05","","","","","","0.01081302","","","","","","false","","","3","","","A004","","","","","","","","272816.94000","MNTH","","","","3","","","","UFRO","USD","","","","","false","0.99","","","","","","","","","","FALSE","","","","","","","","","QZHH8NT767RX","NA/CDS Corp Idx","CDX.NA.HY"
"3478701479000000101","","NEWT","TRAD","2026-06-03T13:08:36Z","","CR","","I","TRUE","2026-06-03T13:08:36Z","2026-06-04","2031-06-20","","","TWSF","FALSE","FALSE","","75,000,000","","USD","","","","","","","","","","","","","","","","","","","","","","","","","0.01","","","","","","0.0050806","","","","","","false","","","3","","","A004","","","","","","","","1831487.40000","MNTH","","","","3","","","","UFRO","USD","","","","","false","1","","","","","","","","","","FALSE","","","","","","","","","QZ3WVVQG5T8K","NA/CDS Corp Idx","CDX.NA.IG"
"3478794316000000301","","NEWT","TRAD","2026-06-03T13:14:53Z","","CR","","I","TRUE","2026-06-03T13:14:53Z","2026-06-04","2031-06-20","","FALSE","BBSF","FALSE","FALSE","","15,000,000","","EUR","","","","","","","","","","","","","","","","","","","","","","","","","0.01","","","","","","0.0053316","","","","","","false","","","3","","","A004","","","","","","","","359933.06000","MNTH","","","","3","","","","UFRO","EUR","","","","","false","1","","","","","","","","","","FALSE","","","","","","","","","QZTQ4GTC5QMF","NA/CDS Corp Idx","ITRAXX EUROPE"
"3478834728000000101","","NEWT","TRAD","2026-06-03T13:14:50Z","","CR","","I","FALSE","2026-06-03T09:34:53Z","2026-07-15","2026-07-15","2031-06-20","","BILT","FALSE","FALSE","FALSE","100,000,000","","EUR","","","","","","","","","","","","","","","","","","","","","","","","2026-07-15","0.05","","179,000","EUR","","","","","","","0.0325","","false","","","","","3","A004","","","","","","","","","MNTH","","","","3","","","","","","","","","","false","","","","","","","","","","","TRUE","54.15","","3","","","","","","QZN6X938ZWQ4","NA/CDS Idx Swt","NA/CDS Corp Idx"
"3478834729000000201","","NEWT","TRAD","2026-06-03T13:15:35Z","","CR","","I","FALSE","2026-06-03T09:34:53Z","2026-06-17","2026-06-17","2031-06-20","","BILT","FALSE","FALSE","FALSE","200,000,000","","EUR","","","","","","","","","","","","","","","","","","","","","","","","2026-06-17","0.05","","142,000","EUR","","","","","","","0.03","","false","","","","","3","A004","","","","","","","","","MNTH","","","","3","","","","","","","","","","false","","","","","","","","","","","TRUE","54.15","","3","","","","","","QZN6X938ZWQ4","NA/CDS Idx Swt","NA/CDS Corp Idx"
"3478893162000000101","","NEWT","TRAD","2026-06-03T13:21:14Z","","CR","","I","TRUE","2026-06-03T13:21:14Z","2026-06-04","2031-06-20","","FALSE","BBSF","FALSE","FALSE","","10,000,000","","USD","","","","","","","","","","","","","","","","","","","","","","","","","0.05","","","","","","0.010816","","","","","","false","","","3","","","A004","","","","","","","","912340.00000","MNTH","","","","3","","","","UFRO","USD","","","","","false","0.99","","","","","","","","","","FALSE","","","","","","","","","QZHH8NT767RX","NA/CDS Corp Idx","CDX.NA.HY"
"3477882608000000101","","NEWT","TRAD","2026-06-03T12:16:29Z","","CR","","I","FALSE","2026-06-03T12:16:29Z","2026-06-04","2031-06-20","","","TWSF","FALSE","FALSE","","25,000,000","","USD","","","","","","","","","","","","","","","","","","","","","","","","","0.01","","","","","","0.009779","","","","","","false","","","3","","","A004","","","","","","","","499722.22000","MNTH","","","","3","","","","UFRO","USD","","","","","false","1","","","","","","","","","","FALSE","","","","","","","","","QZ4JMQKL3P03","NA/CDS Corp Idx","CDX.EM"
"3477749733000000101","","NEWT","TRAD","2026-06-03T12:05:47Z","","CR","","I","TRUE","2026-06-03T12:05:47Z","2026-06-04","2031-06-20","","FALSE","BBSF","FALSE","FALSE","","63,000,000","","EUR","","","","","","","","","","","","","","","","","","","","","","","","","0.01","","","","","","0.0053153","","","","","","false","","","3","","","A004","","","","","","","","1516625.79000","MNTH","","","","3","","","","UFRO","EUR","","","","","false","1","","","","","","","","","","FALSE","","","","","","","","","QZTQ4GTC5QMF","NA/CDS Corp Idx","ITRAXX EUROPE"
"3478449473000000201","","NEWT","TRAD","2026-06-03T12:51:44Z","","CR","","I","TRUE","2026-06-03T12:51:44Z","2026-06-04","2031-06-20","","FALSE","BBSF","FALSE","FALSE","","10,000,000","","USD","","","","","","","","","","","","","","","","","","","","","","","","","0.05","","","","","","0.01081775","","","","","","false","","","3","","","A004","","","","","","","","914072.50000","MNTH","","","","3","","","","UFRO","USD","","","","","false","0.99","","","","","","","","","","FALSE","","","","","","","","","QZHH8NT767RX","NA/CDS Corp Idx","CDX.NA.HY"
"3478305290000000301","","NEWT","TRAD","2026-06-03T12:40:40Z","","CR","","I","TRUE","2026-06-03T12:40:40Z","2026-06-04","2031-06-20","","FALSE","BBSF","FALSE","TRUE","","50,000,000","","USD","","","","","","","","","","","","","","","","","","","","","","","","","0.05","","","","","","0.010815","","","","","","false","","","3","","","A004","","","","","","","","4556750.00000","MNTH","","","","3","","","","UFRO","USD","","","","","false","0.99","","","","","","","","","","FALSE","","","","","","","","","QZHH8NT767RX","NA/CDS Corp Idx","CDX.NA.HY"
"3467522557000000101","","NEWT","TRAD","2026-06-03T07:48:37Z","","CR","","I","TRUE","2026-06-03T07:48:37Z","2026-06-04","2031-06-20","","FALSE","BBSF","FALSE","FALSE","","43,000,000","","EUR","","","","","","","","","","","","","","","","","","","","","","","","","0.01","","","","","","0.00533","","","","","","false","","","3","","","A004","","","","","","","","1032132.05066","MNTH","","","","3","","","","UFRO","EUR","","","","","false","1","","","","","","","","","","TRUE","","","","0.0001","","3","","","QZTQ4GTC5QMF","NA/CDS Corp Idx","ITRAXX EUROPE"
"3467691632000000201","","NEWT","TRAD","2026-06-03T07:53:14Z","","CR","","I","TRUE","2026-06-03T07:53:14Z","2026-06-04","2031-06-20","","FALSE","BBSF","FALSE","FALSE","","10,000,000","","EUR","","","","","","","","","","","","","","","","","","","","","","","","","0.05","","","","","","0.026025","","","","","","false","","","3","","","A004","","","","","","","","1138802.60000","MNTH","","","","3","","","","UFRO","EUR","","","","","false","1","","","","","","","","","","FALSE","","","","","","","","","QZ3HM9KVK2WL","NA/CDS Corp Idx","ITRAXX EUROPE CROSSOVER"
"3469137221000000101","","NEWT","TRAD","2026-06-03T08:20:40Z","","CR","","I","TRUE","2026-06-03T08:20:40Z","2026-06-04","2031-06-20","","FALSE","BBSF","FALSE","FALSE","","50,000,000","","EUR","","","","","","","","","","","","","","","","","","","","","","","","","0.01","","","","","","0.005323","","","","","","false","","","3","","","A004","","","","","","","","1201831.52000","MNTH","","","","3","","","","UFRO","EUR","","","","","false","1","","","","","","","","","","FALSE","","","","","","","","","QZTQ4GTC5QMF","NA/CDS Corp Idx","ITRAXX EUROPE"
"3479124347000000201","3479076910000000301","EROR","","2026-06-03T13:36:40Z","","CR","","I","","2026-06-03T13:36:40Z","2026-03-20","2031-06-20","","","","FALSE","","FALSE","100,000,000","","EUR","","","","","","","","","","","","","","","","","","","","","","","","","0.01","","","","","","","","","","","","false","","","","","","","","","","","","","","2390762.78000","","","","","","","","","UFRO","EUR","","","","","false","1","","","","","","","","","","FALSE","","","","","","","","","QZTQ4GTC5QMF","NA/CDS Corp Idx","ITRAXX EUROPE"
"3479115947000000101","3479084802000000501","TERM","ETRM","2026-06-03T13:37:37Z","","CR","","I","TRUE","2026-06-03T13:37:36Z","2026-03-20","2031-06-20","","FALSE","TPSE","FALSE","FALSE","","100,000,000","","EUR","","","","","","","","","","","","","","","","","","","","","","","","","0.01","","","","","","","","","","","","false","","","","","","A004","","","","","","","","","MNTH","","","","3","","","","","","EUR","","","","false","1","","","","","","","OTHR","","","FALSE","","","","","","","","","QZTQ4GTC5QMF","NA/CDS Corp Idx","ITRAXX EUROPE"
"3479099284000000801","","NEWT","TRAD","2026-06-03T13:38:47Z","","CR","","I","TRUE","2026-06-03T13:38:47Z","2026-06-04","2031-06-20","","FALSE","BBSF","FALSE","FALSE","","50,000,000","","USD","","","","","","","","","","","","","","","","","","","","","","","","","0.01","","","","","","0.0051027","","","","","","false","","","3","","","A004","","","","","","","","1215880.64000","MNTH","","","","3","","","","UFRO","USD","","","","","false","1","","","","","","","","","","FALSE","","","","","","","","","QZ3WVVQG5T8K","NA/CDS Corp Idx","CDX.NA.IG"
"3478900880000000101","","NEWT","TRAD","2026-06-03T13:22:15Z","","CR","","I","TRUE","2026-06-03T13:22:15Z","2026-06-04","2031-06-20","","FALSE","BBSF","FALSE","TRUE","","250,000,000+","","USD","","","","","","","","","","","","","","","","","","","","","","","","","0.01","","","","","","0.005075","","","","","","false","","","3","","","A004","","","","","","","","6111389.90672","MNTH","","","","3","","","","UFRO","USD","","","","","false","1","","","","","","","","","","TRUE","","","","0.000361","","3","","","QZ3WVVQG5T8K","NA/CDS Corp Idx","CDX.NA.IG"
"3479033605000000401","","NEWT","TRAD","2026-06-03T13:33:35Z","","CR","","I","TRUE","2026-06-03T13:33:35Z","2026-06-04","2031-06-20","","FALSE","BBSF","FALSE","FALSE","","2,000,000","","EUR","","","","","","","","","","","","","","","","","","","","","","","","","0.05","","","","","","0.0261042","","","","","","false","","","3","","","A004","","","","","","","","227012.20288","MNTH","","","","3","","","","UFRO","EUR","","","","","false","1","","","","","","","","","","FALSE","","","","","","","","","QZ3HM9KVK2WL","NA/CDS Corp Idx","ITRAXX EUROPE CROSSOVER"
"3479029782000000201","","NEWT","TRAD","2026-06-03T13:32:37Z","","CR","","I","TRUE","2026-06-03T13:32:37Z","2026-06-04","2031-06-20","","FALSE","BBSF","FALSE","FALSE","","29,000,000","","USD","","","","","","","","","","","","","","","","","","","","","","","","","0.01","","","","","","0.0050742","","","","","","false","","","3","","","A004","","","","","","","","709033.68000","MNTH","","","","3","","","","UFRO","USD","","","","","false","1","","","","","","","","","","FALSE","","","","","","","","","QZ3WVVQG5T8K","NA/CDS Corp Idx","CDX.NA.IG"
"3479084802000000501","","NEWT","TRAD","2026-06-03T13:37:36Z","","CR","","I","TRUE","2026-06-03T13:37:36Z","2026-03-20","2031-06-20","","FALSE","TPSE","FALSE","FALSE","","100,000,000","","EUR","","","","","","","","","","","","","","","","","","","","","","","","","0.01","","","","","","0.00535","","","","","","false","","","3","","","A004","","","","","","","","","MNTH","","","","3","","","","","","EUR","","","","false","1","","","","","","","OTHR","","","FALSE","","","","","","","","","QZTQ4GTC5QMF","NA/CDS Corp Idx","ITRAXX EUROPE"
"3479084801000000401","","NEWT","TRAD","2026-06-03T13:37:31Z","","CR","","I","TRUE","2026-06-03T13:37:31Z","2026-06-04","2031-06-20","","FALSE","BBSF","FALSE","FALSE","","5,000,000","","USD","","","","","","","","","","","","","","","","","","","","","","","","","0.05","","","","","","0.010814251","","","","","","false","","","3","","","A004","","","","","","","","455304.24000","MNTH","","","","3","","","","UFRO","USD","","","","","false","0.99","","","","","","","","","","FALSE","","","","","","","","","QZHH8NT767RX","NA/CDS Corp Idx","CDX.NA.HY"
"3479068574000000101","","NEWT","TRAD","2026-06-03T13:36:35Z","","CR","","I","TRUE","2026-06-03T13:36:35Z","2026-06-04","2031-06-20","","FALSE","BBSF","FALSE","FALSE","","3,000,000","","USD","","","","","","","","","","","","","","","","","","","","","","","","","0.05","","","","","","0.01081546","","","","","","false","","","3","","","A004","","","","","","","","273541.62000","MNTH","","","","3","","","","UFRO","USD","","","","","false","0.99","","","","","","","","","","FALSE","","","","","","","","","QZHH8NT767RX","NA/CDS Corp Idx","CDX.NA.HY"
"3479055611000000101","","NEWT","TRAD","2026-06-03T13:34:53Z","","CR","","I","TRUE","2026-06-03T13:34:53Z","2026-06-04","2031-06-20","","FALSE","BBSF","FALSE","FALSE","","50,000,000","","USD","","","","","","","","","","","","","","","","","","","","","","","","","0.01","","","","","","0.005089","","","","","","false","","","3","","","A004","","","","","","","","1219048.86000","MNTH","","","","3","","","","UFRO","USD","","","","","false","1","","","","","","","","","","FALSE","","","","","","","","","QZ3WVVQG5T8K","NA/CDS Corp Idx","CDX.NA.IG"
"3484020827000000101","","NEWT","TRAD","2026-06-03T20:12:19Z","","CR","","I","TRUE","2026-06-03T20:12:19Z","2026-06-04","2031-06-20","","FALSE","BBSF","FALSE","FALSE","","50,000,000","","USD","","","","","","","","","","","","","","","","","","","","","","","","","0.01","","","","","","0.005116","","","","","","false","","","3","","","A004","","","","","","","","1212805.25000","MNTH","","","","3","","","","UFRO","USD","","","","","false","1","","","","","","","","","","FALSE","","","","","","","","","QZ3WVVQG5T8K","NA/CDS Corp Idx","CDX.NA.IG"
"3480195884000000101","","NEWT","TRAD","2026-06-03T15:22:55Z","","CR","","I","TRUE","2026-06-03T15:22:55Z","2026-06-04","2031-06-20","","FALSE","BBSF","FALSE","FALSE","","31,000,000","","USD","","","","","","","","","","","","","","","","","","","","","","","","","0.05","","","","","","0.0108135","","","","","","false","","","3","","","A004","","","","","","","","2820575.94982","MNTH","","","","3","","","","UFRO","USD","","","","","false","0.99","","","","","","","","","","FALSE","","","","","","","","","QZHH8NT767RX","NA/CDS Corp Idx","CDX.NA.HY"
"3479899814000000101","","NEWT","TRAD","2026-06-03T14:50:30Z","","CR","","I","TRUE","2026-06-03T14:50:30Z","2026-06-04","2031-06-20","","FALSE","BBSF","FALSE","TRUE","","250,000,000+","","USD","","","","","","","","","","","","","","","","","","","","","","","","","0.01","","","","","","0.00508","","","","","","false","","","3","","","A004","","","","","","","","6105651.86000","MNTH","","","","3","","","","UFRO","USD","","","","","false","1","","","","","","","","","","TRUE","","","","0.00508","","3","","","QZ3WVVQG5T8K","NA/CDS Corp Idx","CDX.NA.IG"
"3479987985000000201","","NEWT","TRAD","2026-06-03T15:01:48Z","","CR","","N","FALSE","2026-06-03T15:01:48Z","2026-06-04","2026-10-21","2031-06-20","FALSE","BILT","FALSE","FALSE","TRUE","400,000,000+","","USD","","","","","","","","","","","","","","","","","","","","","","","","2026-10-21","0.01","","360,004.5","USD","","","","","","","80","USD","false","","","","","1","A004","","","","","","","","","MNTH","","","","3","","","","","","","","","","false","","","","","","","","","","","FALSE","","","","","","","","","QZ7WW76RFHN3","NA/CDS Idx Swt","NA/CDS Corp Idx"
"3480286076000000201","3480191693000000101","CORR","","2026-06-03T15:26:06Z","","CR","","I","TRUE","2026-06-03T15:19:22Z","2026-03-20","2031-06-20","","","BILT","FALSE","FALSE","FALSE","100,000,000","","USD","","","","","","","","","","","","","","","","","","","","","","","","","0.01","","","","","","","","","","","","false","","","","","","A004","","","","","","","","2439947.92000","MNTH","","","","3","","","","UFRO","USD","","","","","false","1","","","","","","","","","","FALSE","","","","","","","","","QZ3WVVQG5T8K","NA/CDS Corp Idx","CDX.NA.IG"
"3480303755000000101","","NEWT","TRAD","2026-06-03T15:31:49Z","","CR","","N","FALSE","2026-06-03T15:31:49Z","2026-06-04","2030-12-20","","TRUE","BILT","FALSE","FALSE","FALSE","1,000,000","","USD","","","","","","","","","","","","","","","","","","","","","","","","","0.05","","","","","","","","","","","","false","","","","","","A004","","","","","","","","156055.56000","MNTH","","","","3","","","","UFRO","USD","","","","","false","0.98","","","","","","","","","","FALSE","","","","","","","","","QZ7ZRB20S7R5","NA/CDS Corp Idx Tra","CDX.NA.HY"
"3468019898000000101","","NEWT","TRAD","2026-06-03T08:00:39Z","","CR","","I","FALSE","2026-06-03T08:00:39Z","2026-06-04","2031-06-20","","","TWSF","FALSE","FALSE","","5,000,000","","EUR","","","","","","","","","","","","","","","","","","","","","","","","","0.05","","","","","","0.0260388","","","","","","false","","","3","","","A004","","","","","","","","569075.42000","MNTH","","","","3","","","","UFRO","EUR","","","","","false","1","","","","","","","","","","FALSE","","","","","","","","","QZ3HM9KVK2WL","NA/CDS Corp Idx","ITRAXX EUROPE CROSSOVER"
"3483684356000000101","3483655330000000201","MODI","TRAD","2026-06-03T19:39:41Z","TRUE","CR","","I","TRUE","2026-06-03T19:39:04Z","2026-03-20","2031-06-20","","FALSE","TPSE","FALSE","FALSE","","50,000,000","","USD","","","","","","","","","","","","","","","","","","","","","","","","","0.01","","","","","","0.00511","","","","","","false","","","3","","","A004","","","","","","","","","MNTH","","","","3","","","","","","USD","","","","false","1","","","","","","","OTHR","","","FALSE","","","","","","","","","QZ3WVVQG5T8K","NA/CDS Corp Idx","CDX.NA.IG"
"3483910907000000201","","NEWT","TRAD","2026-06-03T19:52:31Z","","CR","","I","TRUE","2026-06-03T19:52:31Z","2026-03-20","2031-06-20","","FALSE","TPSE","FALSE","FALSE","","25,000,000","","USD","","","","","","","","","","","","","","","","","","","","","","","","","0.01","","","","","","0.00511","","","","","","false","","","3","","","A004","","","","","","","","","MNTH","","","","3","","","","","","USD","","","","false","1","","","","","","","OTHR","","","FALSE","","","","","","","","","QZ3WVVQG5T8K","NA/CDS Corp Idx","CDX.NA.IG"
"3483917890000000201","","NEWT","TRAD","2026-06-03T19:58:54Z","","CR","","I","TRUE","2026-06-03T19:58:54Z","2026-06-04","2031-06-20","","FALSE","BBSF","FALSE","FALSE","","6,000,000","","USD","","","","","","","","","","","","","","","","","","","","","","","","","0.01","","","","","","0.00510775","","","","","","false","","","3","","","A004","","","","","","","","145765.67056","MNTH","","","","3","","","","UFRO","USD","","","","","false","1","","","","","","","","","","FALSE","","","","","","","","","QZ3WVVQG5T8K","NA/CDS Corp Idx","CDX.NA.IG"
"3483919017000000201","","NEWT","TRAD","2026-06-03T20:00:22Z","","CR","","I","TRUE","2026-06-03T20:00:22Z","2026-06-04","2031-06-20","","FALSE","BBSF","FALSE","FALSE","","15,000,000","","USD","","","","","","","","","","","","","","","","","","","","","","","","","0.01","","","","","","0.00511","","","","","","false","","","3","","","A004","","","","","","","","364257.78000","MNTH","","","","3","","","","UFRO","USD","","","","","false","1","","","","","","","","","","FALSE","","","","","","","","","QZ3WVVQG5T8K","NA/CDS Corp Idx","CDX.NA.IG"
"3483510676000000101","3483510676000000101","CORR","","2026-06-03T19:36:02Z","","CR","","N","FALSE","2015-09-04T16:02:33Z","2015-09-04","2049-03-15","2049-03-15","FALSE","BILT","FALSE","FALSE","TRUE","5","","USD","","","","","","","","","","","","","","","","","","","","","","","","","0.0109","","","","","","","","","","","","false","","","","","","A004","","","","","","","","","","","","","","","","","","","","","","","false","1","","","","","","","","","","FALSE","","","","","","","","","QZ4STD00VNWR","NA/CDS Corp Idx","CMBX.NA.AJ"
"3483913639000000301","3483912341000000501","MODI","TRAD","2026-06-03T19:54:36Z","TRUE","CR","","I","TRUE","2026-06-03T19:53:02Z","2026-03-20","2031-06-20","","FALSE","TPSE","FALSE","FALSE","","25,000,000","","USD","","","","","","","","","","","","","","","","","","","","","","","","","0.01","","","","","","0.00511","","","","","","false","","","3","","","A004","","","","","","","","","MNTH","","","","3","","","","","","USD","","","","false","1","","","","","","","OTHR","","","FALSE","","","","","","","","","QZ3WVVQG5T8K","NA/CDS Corp Idx","CDX.NA.IG"
"3483983402000000201","3483980000000000101","MODI","TRAD","2026-06-03T20:06:42Z","TRUE","CR","","I","TRUE","2026-06-03T20:06:13Z","2026-03-20","2031-06-20","","FALSE","TPSE","FALSE","FALSE","","5,000,000","","USD","","","","","","","","","","","","","","","","","","","","","","","","","0.05","","","","","","108.09","","USD","","","","false","","","1","","","A004","","","","","","","","","MNTH","","","","3","","","","","","USD","","","","false","0.99","","","","","","","OTHR","","","FALSE","","","","","","","","","QZHH8NT767RX","NA/CDS Corp Idx","CDX.NA.HY"
"3480028921000000101","","NEWT","TRAD","2026-06-03T14:54:44Z","","CR","","I","FALSE","2026-06-03T14:54:44Z","2026-03-20","2031-06-20","","","BILT","FALSE","FALSE","FALSE","1,000,000","","USD","","","","","","","","","","","","","","","","","","","","","","","","","0.01","","","","","","","","","","","","false","","","","","","A004","","","","","","","","20189.02110","MNTH","","","","3","","","","UFRO","USD","","","","","false","1","","","","","","","","","","FALSE","","","","","","","","","QZ39BZSFH68L","NA/CDS Sov Idx","CDX.EM"
"3484137223000000101","","NEWT","TRAD","2026-06-03T20:19:20Z","","CR","","I","TRUE","2026-06-03T20:19:20Z","2026-06-04","2031-06-20","","FALSE","BBSF","FALSE","FALSE","","20,000,000","","USD","","","","","","","","","","","","","","","","","","","","","","","","","0.05","","","","","","0.01080675","","","","","","false","","","3","","","A004","","","","","","","","1806365.00000","MNTH","","","","3","","","","UFRO","USD","","","","","false","0.99","","","","","","","","","","FALSE","","","","","","","","","QZHH8NT767RX","NA/CDS Corp Idx","CDX.NA.HY"
"3484277181000000101","","NEWT","TRAD","2026-06-03T20:25:03Z","","CR","","I","TRUE","2026-06-03T20:25:03Z","2026-06-04","2031-06-20","","FALSE","BBSF","FALSE","FALSE","","14,000,000","","USD","","","","","","","","","","","","","","","","","","","","","","","","","0.01","","","","","","0.005128","","","","","","false","","","3","","","A004","","","","","","","","338808.61000","MNTH","","","","3","","","","UFRO","USD","","","","","false","1","","","","","","","","","","FALSE","","","","","","","","","QZ3WVVQG5T8K","NA/CDS Corp Idx","CDX.NA.IG"
"3484358861000000101","","NEWT","TRAD","2026-06-03T20:26:49Z","","CR","","I","TRUE","2026-06-03T20:26:49Z","2026-06-04","2031-06-20","","FALSE","BBSF","FALSE","FALSE","","4,000,000","","USD","","","","","","","","","","","","","","","","","","","","","","","","","0.05","","","","","","0.010807","","","","","","false","","","3","","","A004","","","","","","","","361372.00000","MNTH","","","","3","","","","UFRO","USD","","","","","false","0.99","","","","","","","","","","FALSE","","","","","","","","","QZHH8NT767RX","NA/CDS Corp Idx","CDX.NA.HY"
"3484247791000000201","","NEWT","TRAD","2026-06-03T20:23:32Z","","CR","","I","TRUE","2026-06-03T20:23:32Z","2026-06-04","2031-06-20","","FALSE","BBSF","FALSE","FALSE","","5,000,000","","USD","","","","","","","","","","","","","","","","","","","","","","","","","0.05","","","","","","0.01080525","","","","","","false","","","3","","","A004","","","","","","","","450848.75000","MNTH","","","","3","","","","UFRO","USD","","","","","false","0.99","","","","","","","","","","FALSE","","","","","","","","","QZHH8NT767RX","NA/CDS Corp Idx","CDX.NA.HY"
"3484530043000000201","3459612867000000201","MODI","TRAD","2026-06-03T20:32:42Z","TRUE","CR","","N","FALSE","2026-06-02T13:57:32Z","2026-03-20","2031-06-20","2031-06-20","TRUE","BILT","FALSE","TRUE","TRUE","180,000,000","","USD","","","","","","","","","","","","","","","","","","","","","","","","2026-08-19","0.05","","886,545","USD","","","","","","","105.5","USD","false","","","","","1","A004","","","","","","","","","MNTH","","","","3","","","","","","","","","","false","0.99","","","","","","","","","","FALSE","","","","","","","","","QZX75BBR2PZH","NA/CDS Idx Swt","NA/CDS Corp Idx"
"3478080944000000301","","NEWT","TRAD","2026-06-03T12:27:29Z","","CR","","I","TRUE","2026-06-03T12:27:29Z","2026-06-04","2031-06-20","","","TWSF","FALSE","FALSE","","15,000,000","","USD","","","","","","","","","","","","","","","","","","","","","","","","","0.05","","","","","","0.01081675","","","","","","false","","","3","","","A004","","","","","","","","1369623.75000","MNTH","","","","3","","","","UFRO","USD","","","","","false","0.99","","","","","","","","","","FALSE","","","","","","","","","QZHH8NT767RX","NA/CDS Corp Idx","CDX.NA.HY"
"3478168683000000201","","NEWT","TRAD","2026-06-03T12:32:22Z","","CR","","I","TRUE","2026-06-03T12:32:22Z","2026-06-04","2031-06-20","","","TWSF","FALSE","FALSE","","25,000,000","","USD","","","","","","","","","","","","","","","","","","","","","","","","","0.05","","","","","","0.01081622","","","","","","false","","","3","","","A004","","","","","","","","2281394.50000","MNTH","","","","3","","","","UFRO","USD","","","","","false","0.99","","","","","","","","","","FALSE","","","","","","","","","QZHH8NT767RX","NA/CDS Corp Idx","CDX.NA.HY"
"3478143680000000101","","NEWT","TRAD","2026-06-03T12:30:59Z","","CR","","I","TRUE","2026-06-03T12:30:59Z","2025-09-22","2030-12-20","","FALSE","BGCD","FALSE","FALSE","","11,000,000","","EUR","","","","","","","","","","","","","","","","","","","","","","","","","","","","","","","0.02264","","","","","","false","","","3","","","A004","","","","","","","","","MNTH","","","","3","","","","","","","","","","false","1","","","","","","","","","","TRUE","","","","0.00346","","3","","","QZ5F5FRS4TR9","NA/CDS Corp Idx","ITRAXX EUROPE CROSSOVER"
"3477917637000000301","","NEWT","TRAD","2026-06-03T12:19:24Z","","CR","","I","TRUE","2026-06-03T12:19:24Z","2026-06-04","2031-06-20","","","TWSF","FALSE","FALSE","","50,000,000","","USD","","","","","","","","","","","","","","","","","","","","","","","","","0.01","","","","","","0.005082","","","","","","false","","","3","","","A004","","","","","","","","1220667.80000","MNTH","","","","3","","","","UFRO","USD","","","","","false","1","","","","","","","","","","FALSE","","","","","","","","","QZ3WVVQG5T8K","NA/CDS Corp Idx","CDX.NA.IG"
"3479680438000000301","","NEWT","TRAD","2026-06-03T14:29:00Z","","CR","","I","TRUE","2026-06-03T14:29:00Z","2026-03-20","2031-06-20","","FALSE","BGCD","FALSE","FALSE","","10,000,000","","EUR","","","","","","","","","","","","","","","","","","","","","","","","","","","","","","","0.0262","","","","","","false","","","3","","","A004","","","","","","","","","MNTH","","","","3","","","","","","","","","","false","1","","","","","","","","","","TRUE","","","","0.00346","","3","","","QZ3HM9KVK2WL","NA/CDS Corp Idx","ITRAXX EUROPE CROSSOVER"
"3477808892000000201","","NEWT","TRAD","2026-06-03T12:10:52Z","","CR","","I","TRUE","2026-06-03T12:10:52Z","2026-06-04","2031-06-20","","","TWSF","FALSE","FALSE","","81,000,000","","USD","","","","","","","","","","","","","","","","","","","","","","","","","0.01","","","","","","0.0050777","","","","","","false","","","3","","","A004","","","","","","","","1979092.99000","MNTH","","","","3","","","","UFRO","USD","","","","","false","1","","","","","","","","","","FALSE","","","","","","","","","QZ3WVVQG5T8K","NA/CDS Corp Idx","CDX.NA.IG"
"3478227802000000101","","NEWT","TRAD","2026-06-03T12:35:24Z","","CR","","I","TRUE","2026-06-03T12:35:24Z","2026-06-04","2031-06-20","","FALSE","BBSF","FALSE","FALSE","","120,000,000","","USD","","","","","","","","","","","","","","","","","","","","","","","","","0.01","","","","","","0.0050841","","","","","","false","","","3","","","A004","","","","","","","","2928425.11335","MNTH","","","","3","","","","UFRO","USD","","","","","false","1","","","","","","","","","","FALSE","","","","","","","","","QZ3WVVQG5T8K","NA/CDS Corp Idx","CDX.NA.IG"
"3470753077000000101","","NEWT","TRAD","2026-06-03T08:46:10Z","","CR","","I","TRUE","2026-06-03T08:46:10Z","2026-06-04","2031-06-20","","","TWSF","FALSE","TRUE","","163,343,009+","","EUR","","","","","","","","","","","","","","","","","","","","","","","","","0.01","","","","","","0.005326","","","","","","false","","","3","","","A004","","","","","","","","3923890.61171","MNTH","","","","3","","","","UFRO","EUR","","","","","false","1","","","","","","","","","","FALSE","","","","","","","","","QZTQ4GTC5QMF","NA/CDS Corp Idx","ITRAXX EUROPE"
"3473818685000000201","","NEWT","TRAD","2026-06-03T09:37:54Z","","CR","","N","FALSE","2026-06-03T09:37:54Z","2026-03-20","2026-06-17","2031-06-20","FALSE","BILT","FALSE","FALSE","TRUE","200,000,000","","EUR","","","","","","","","","","","","","","","","","","","","","","","","2026-06-17","0.01","","81,000","EUR","","","","","","","0.00525","","false","","","","","3","A004","","","","","","","","","MNTH","","","","3","","","","","","","","","","false","1","","","","","","","","","","FALSE","","","","","","","","","QZ2L66CGCV9J","NA/CDS Idx Swt","NA/CDS Corp Idx"
"3483337503000000801","2284368996000000101","TERM","ETRM","2026-06-03T19:02:30Z","","CR","","N","FALSE","2026-03-05T20:35:40Z","2026-06-05","2051-05-10","2051-05-10","TRUE","BILT","FALSE","FALSE","TRUE","56,000,000","","USD","","","","","","","","","","","","","","","","","","","","","","","","","","","","","","","1","","","","","","false","","","4","","","","","A004","","DAIL","","1","","","","","","","","","","","","","USD","","","","true","","","","","","","","OPET","","","FALSE","","","","","","","","","QZWBC8GZ8TBN","NA/CDS Corp Oth","Basket"
"3483416428000000101","3483252558000000101","EROR","","2026-06-03T19:25:24Z","","CR","","N","FALSE","2026-06-03T18:23:55Z","2026-09-16","2026-09-16","2031-06-20","FALSE","BILT","FALSE","FALSE","FALSE","250,000,000","","USD","","","","","","","","","","","","","","","","","","","","","","","","2026-09-16","0.01","","208,750","USD","","","","","","","0.007","","false","","","","","3","A004","","","","","","","","","MNTH","","","","3","","","","","","","","","","false","","","","","","","","","","","FALSE","","","","","","","","","QZ9Z7H8JV03N","NA/CDS Idx Swt","NA/CDS Corp Idx"
"3483417881000000201","3483255996000000101","MODI","TRAD","2026-06-03T19:24:59Z","TRUE","CR","","N","FALSE","2026-06-03T18:23:55Z","2026-09-16","2026-09-16","2031-06-20","FALSE","BILT","FALSE","FALSE","FALSE","400,000,000+","","USD","","","","","","","","","","","","","","","","","","","","","","","","2026-09-16","0.01","","334,000","USD","","","","","","","0.007","","false","","","","","3","A004","","","","","","","","","MNTH","","","","3","","","","","","","","","","false","","","","","","","","","","","FALSE","","","","","","","","","QZ9Z7H8JV03N","NA/CDS Idx Swt","NA/CDS Corp Idx"
"3485827723000000101","3474773528000000101","TERM","CLRG","2026-06-03T10:06:59Z","","CR","","N","TRUE","2026-06-03T10:06:59Z","2026-06-04","2031-06-20","","FALSE","BILT","FALSE","FALSE","FALSE","10,000,000","99,999,999,999,999,999,999.99999","EUR","","","","","","","","","","","","","","","","","","","","","","","","","0.05","","","","","","0.02605506","","","","","","false","","","3","","","A004","","","","","","","","1137382.98000","MNTH","","","","3","","","","UFRO","EUR","EUR","","","","false","1","","","","","","","","","","FALSE","","","","","","","","","QZ9DZH29ZGXD","NA/CDS Corp Idx","ITRAXX EUROPE CROSSOVER"
"3485358012000000101","","NEWT","TRAD","2026-06-03T21:24:55Z","","CR","","N","FALSE","2026-06-03T21:24:55Z","2026-06-05","2026-09-01","","FALSE","BILT","FALSE","FALSE","TRUE","20,000,000","","BRL","","","","","","","","","","","","","","","","","","","","","","","","","0","","","","","","","","","","","","false","","","","","","A018","","","","","","","","0.00000;76140351.09567","EXPI","","","","1","","","","PEXH;PEXH","USD;USD","USD","","","","false","","","","","","","","","","","FALSE","","","","","","","","","QZJM7VHT6XD1","NA/CDS Corp SN","TREASURY FINANCIAL BILLS"
"3468593824000000101","","NEWT","TRAD","2026-06-03T08:05:13Z","","CR","","N","FALSE","2026-06-03T08:05:13Z","2026-06-03","2030-12-20","","FALSE","BILT","FALSE","FALSE","FALSE","5,000,000","","EUR","","","","","","","","","","","","","","","","","","","","","","","","","0.05","","","","","","","","","","","","false","","","","","","A004","","","","","","","","322083.33000","MNTH","","","","3","","","","UFRO","EUR","","","","","false","1","","","","","","","","","","FALSE","","","","","","","","","QZ8ZC6J69LV2","NA/CDS Mun Idx Tra","ITRAXX EUROPE CROSSOVER"
"3467015255000000101","","NEWT","TRAD","2026-06-03T07:38:02Z","","CR","","I","TRUE","2026-06-03T07:38:02Z","2026-06-04","2030-06-20","","FALSE","BBSF","FALSE","TRUE","","46,423,803+","","EUR","","","","","","","","","","","","","","","","","","","","","","","","","0.05","","","","","","0.019354","","","","","","false","","","3","","","A004","","","","","","","","5532381.74645","MNTH","","","","3","","","","UFRO","EUR","","","","","false","0.97332","","","","","","","","","","TRUE","","","","0.006746","","3","","","QZ4NJT4ZGXSR","NA/CDS Corp Idx","ITRAXX EUROPE CROSSOVER"
"3479120556000000301","","NEWT","TRAD","2026-06-03T13:41:53Z","","CR","","I","TRUE","2026-06-03T13:41:53Z","2026-06-04","2031-06-20","","FALSE","BBSF","FALSE","FALSE","","42,000,000","","USD","","","","","","","","","","","","","","","","","","","","","","","","","0.01","","","","","","0.00509655","","","","","","false","","","3","","","A004","","","","","","","","1022536.20427","MNTH","","","","3","","","","UFRO","USD","","","","","false","1","","","","","","","","","","FALSE","","","","","","","","","QZ3WVVQG5T8K","NA/CDS Corp Idx","CDX.NA.IG"
"3478982366000000301","","NEWT","TRAD","2026-06-03T13:30:21Z","","CR","","I","TRUE","2026-06-03T13:30:21Z","2026-06-04","2031-06-20","","FALSE","BBSF","FALSE","TRUE","","250,000,000+","","USD","","","","","","","","","","","","","","","","","","","","","","","","","0.01","","","","","","0.005084","","","","","","false","","","3","","","A004","","","","","","","","6101045.71894","MNTH","","","","3","","","","UFRO","USD","","","","","false","1","","","","","","","","","","FALSE","","","","","","","","","QZ3WVVQG5T8K","NA/CDS Corp Idx","CDX.NA.IG"
"3479120554000000101","","NEWT","TRAD","2026-06-03T13:41:43Z","","CR","","I","TRUE","2026-06-03T13:41:43Z","2026-06-04","2030-12-20","","FALSE","BBSF","FALSE","FALSE","","4,000,000","","EUR","","","","","","","","","","","","","","","","","","","","","","","","","0.01","","","","","","0.004858","","","","","","false","","","3","","","A004","","","","","","","","96236.75488","MNTH","","","","3","","","","UFRO","EUR","","","","","false","1","","","","","","","","","","FALSE","","","","","","","","","QZFB31MBHLT9","NA/CDS Corp Idx","ITRAXX EUROPE"
"3474638148000000201","","NEWT","TRAD","2026-06-03T10:05:30Z","","CR","","I","TRUE","2026-06-03T10:05:30Z","2026-06-04","2031-06-20","","FALSE","BBSF","FALSE","FALSE","","5,000,000","","EUR","","","","","","","","","","","","","","","","","","","","","","","","","0.01","","","","","","0.005343","","","","","","false","","","3","","","A004","","","","","","","","119705.35000","MNTH","","","","3","","","","UFRO","EUR","","","","","false","1","","","","","","","","","","FALSE","","","","","","","","","QZTQ4GTC5QMF","NA/CDS Corp Idx","ITRAXX EUROPE"
"3479040477000000401","","NEWT","TRAD","2026-06-03T13:34:14Z","","CR","","I","TRUE","2026-06-03T13:34:14Z","2026-06-04","2031-06-20","","FALSE","BBSF","FALSE","FALSE","","25,000,000","","USD","","","","","","","","","","","","","","","","","","","","","","","","","0.05","","","","","","0.01081831","","","","","","false","","","3","","","A004","","","","","","","","2286567.25000","MNTH","","","","3","","","","UFRO","USD","","","","","false","0.99","","","","","","","","","","FALSE","","","","","","","","","QZHH8NT767RX","NA/CDS Corp Idx","CDX.NA.HY"
"3474562191000000101","","NEWT","TRAD","2026-06-03T10:02:30Z","","CR","","I","TRUE","2026-06-03T10:02:30Z","2026-06-04","2031-06-20","","","TWSF","FALSE","FALSE","","100,000,000","","EUR","","","","","","","","","","","","","","","","","","","","","","","","","0.01","","","","","","0.0053492","","","","","","false","","","3","","","A004","","","","","","","","2391144.96000","MNTH","","","","3","","","","UFRO","EUR","","","","","false","1","","","","","","","","","","FALSE","","","","","","","","","QZTQ4GTC5QMF","NA/CDS Corp Idx","ITRAXX EUROPE"
"3485359702000000201","3483339180000000201","CORR","","2026-06-03T21:26:04Z","","CR","","N","FALSE","2026-06-03T18:58:49Z","2026-06-05","2051-05-10","2051-05-10","TRUE","BILT","FALSE","FALSE","TRUE","56,000,000","","USD","","","","","","","","","","","","","","","","","","","","","","","","","","","","","","","1","","","","","","false","","","4","","","","","A004","","DAIL","","1","","","","","","","","","","","","","USD","","","","true","","","","","","","","OPET","","","FALSE","","","","","","","","","QZWBC8GZ8TBN","NA/CDS Corp Oth","Basket"
"3479414966000000901","","NEWT","TRAD","2026-06-03T14:08:58Z","","CR","","I","TRUE","2026-06-03T14:08:58Z","2026-06-04","2031-06-20","","FALSE","BBSF","FALSE","FALSE","","18,000,000","","USD","","","","","","","","","","","","","","","","","","","","","","","","","0.01","","","","","","0.005094","","","","","","false","","","3","","","A004","","","","","","","","438440.70648","MNTH","","","","3","","","","UFRO","USD","","","","","false","1","","","","","","","","","","FALSE","","","","","","","","","QZ3WVVQG5T8K","NA/CDS Corp Idx","CDX.NA.IG"
"3478958265000000401","","NEWT","TRAD","2026-06-03T13:28:01Z","","CR","","I","TRUE","2026-06-03T13:28:01Z","2026-06-04","2031-06-20","","FALSE","BBSF","FALSE","FALSE","","60,000,000","","EUR","","","","","","","","","","","","","","","","","","","","","","","","","0.01","","","","","","0.00534","","","","","","false","","","3","","","A004","","","","","","","","1437324.19000","MNTH","","","","3","","","","UFRO","EUR","","","","","false","1","","","","","","","","","","FALSE","","","","","","","","","QZTQ4GTC5QMF","NA/CDS Corp Idx","ITRAXX EUROPE"
"3474159083000000101","","NEWT","TRAD","2026-06-03T09:50:38Z","","CR","","I","TRUE","2026-06-03T09:50:38Z","2026-06-04","2030-12-20","","FALSE","BBSF","FALSE","TRUE","","46,423,803+","","EUR","","","","","","","","","","","","","","","","","","","","","","","","","0.05","","","","","","0.022535","","","","","","false","","","3","","","A004","","","","","","","","5588813.18587","MNTH","","","","3","","","","UFRO","EUR","","","","","false","1","","","","","","","","","","TRUE","","","","0.00351","","3","","","QZ5F5FRS4TR9","NA/CDS Corp Idx","ITRAXX EUROPE CROSSOVER"
"3474728792000000501","","NEWT","TRAD","2026-06-03T10:07:13Z","","CR","","I","TRUE","2026-06-03T10:07:13Z","2026-06-04","2031-06-20","","FALSE","BBSF","FALSE","FALSE","","5,000,000","","EUR","","","","","","","","","","","","","","","","","","","","","","","","","0.01","","","","","","0.0053095","","","","","","false","","","3","","","A004","","","","","","","","120505.71000","MNTH","","","","3","","","","UFRO","EUR","","","","","false","1","","","","","","","","","","FALSE","","","","","","","","","QZTQ4GTC5QMF","NA/CDS Corp Idx","ITRAXX EUROPE"
"3480572234000000101","","NEWT","TRAD","2026-06-03T15:54:08Z","","CR","","I","TRUE","2026-06-03T15:54:08Z","2026-06-04","2031-06-20","","FALSE","BBSF","FALSE","FALSE","","10,000,000","","EUR","","","","","","","","","","","","","","","","","","","","","","","","","0.05","","","","","","0.0263385","","","","","","false","","","3","","","A004","","","","","","","","1124013.47000","MNTH","","","","3","","","","UFRO","EUR","","","","","false","1","","","","","","","","","","FALSE","","","","","","","","","QZ3HM9KVK2WL","NA/CDS Corp Idx","ITRAXX EUROPE CROSSOVER"
"3480303886000000201","","NEWT","TRAD","2026-06-03T15:27:53Z","","CR","","N","FALSE","2026-06-03T15:27:53Z","2026-03-20","2026-08-19","","FALSE","BILT","FALSE","FALSE","TRUE","250,000,000","","USD","","","","","","","","","","","","","","","","","","","","","","","","2026-08-19","0.0055","","335,000","USD","","","1","","","","0.55","USD","false","","","3","","3","A004","","","","","","","","","MNTH","","","","3","","","","","","","","","","false","","","","","","","","","","","FALSE","","","","","","","","","QZ7WW76RFHN3","NA/CDS Idx Swt","NA/CDS Corp Idx"
"3480005586000000101","","NEWT","TRAD","2026-06-03T15:02:57Z","","CR","","I","TRUE","2026-06-03T15:02:57Z","2026-06-04","2031-06-20","","","TWSF","FALSE","TRUE","","150,000,000","","EUR","","","","","","","","","","","","","","","","","","","","","","","","","0.01","","","","","","0.005354","","","","","","false","","","3","","","A004","","","","","","","","3583277.80000","MNTH","","","","3","","","","UFRO","EUR","","","","","false","1","","","","","","","","","","FALSE","","","","","","","","","QZTQ4GTC5QMF","NA/CDS Corp Idx","ITRAXX EUROPE"
"3474858543000000201","","NEWT","TRAD","2026-06-03T10:11:07Z","","CR","","I","TRUE","2026-06-03T10:11:07Z","2026-06-04","2031-06-20","","FALSE","BBSF","FALSE","FALSE","","10,000,000","","EUR","","","","","","","","","","","","","","","","","","","","","","","","","0.05","","","","","","0.0260675","","","","","","false","","","3","","","A004","","","","","","","","1136795.58000","MNTH","","","","3","","","","UFRO","EUR","","","","","false","1","","","","","","","","","","FALSE","","","","","","","","","QZ3HM9KVK2WL","NA/CDS Corp Idx","ITRAXX EUROPE CROSSOVER"
"3474773528000000101","","NEWT","TRAD","2026-06-03T10:06:59Z","FALSE","CR","","N","TRUE","2026-06-03T10:06:59Z","2026-06-04","2031-06-20","","FALSE","BILT","FALSE","FALSE","FALSE","10,000,000","99,999,999,999,999,999,999.99999","EUR","","","","","","","","","","","","","","","","","","","","","","","","","0.05","","","","","","0.02605506","","","","","","false","","","3","","","A004","","","","","","","","1137382.98000","MNTH","","","","3","","","","UFRO","EUR","EUR","","","","false","1","","","","","","","","","","FALSE","","","","","","","","","QZ9DZH29ZGXD","NA/CDS Corp Idx","ITRAXX EUROPE CROSSOVER"
"3474858542000000101","","NEWT","TRAD","2026-06-03T10:10:43Z","","CR","","I","TRUE","2026-06-03T10:10:43Z","2026-06-04","2031-06-20","","FALSE","BBSF","FALSE","FALSE","","50,000,000","","EUR","","","","","","","","","","","","","","","","","","","","","","","","","0.01","","","","","","0.0053135","","","","","","false","","","3","","","A004","","","","","","","","1204101.35000","MNTH","","","","3","","","","UFRO","EUR","","","","","false","1","","","","","","","","","","FALSE","","","","","","","","","QZTQ4GTC5QMF","NA/CDS Corp Idx","ITRAXX EUROPE"
"3480191695000000301","","NEWT","TRAD","2026-06-03T15:19:14Z","","CR","","I","TRUE","2026-06-03T15:19:14Z","2026-03-20","2031-06-20","","","BILT","FALSE","FALSE","FALSE","20,000,000","","USD","","","","","","","","","","","","","","","","","","","","","","","","","0.05","","","","","","","","","","","","false","","","","","","A004","","","","","","","","1821710.00000","MNTH","","","","3","","","","UFRO","USD","","","","","false","0.99","","","","","","","","","","FALSE","","","","","","","","","QZHH8NT767RX","NA/CDS Corp Idx","CDX.NA.HY"
"3480272728000000201","","NEWT","TRAD","2026-06-03T15:31:23Z","","CR","","I","TRUE","2026-06-03T15:31:23Z","2026-06-04","2031-06-20","","","TWSF","FALSE","FALSE","","21,000,000","","USD","","","","","","","","","","","","","","","","","","","","","","","","","0.05","","","","","","0.01081357","","","","","","false","","","3","","","A004","","","","","","","","1910851.64000","MNTH","","","","3","","","","UFRO","USD","","","","","false","0.99","","","","","","","","","","FALSE","","","","","","","","","QZHH8NT767RX","NA/CDS Corp Idx","CDX.NA.HY"
"3481246171000000101","","NEWT","TRAD","2026-06-03T16:28:38Z","","CR","","I","TRUE","2026-06-03T16:28:38Z","2026-06-04","2031-06-20","","FALSE","BBSF","FALSE","FALSE","","75,000,000","","USD","","","","","","","","","","","","","","","","","","","","","","","","","0.01","","","","","","0.005107","","","","","","false","","","3","","","A004","","","","","","","","1822329.46000","MNTH","","","","3","","","","UFRO","USD","","","","","false","1","","","","","","","","","","FALSE","","","","","","","","","QZ3WVVQG5T8K","NA/CDS Corp Idx","CDX.NA.IG"
"3477251752000001001","","NEWT","TRAD","2026-06-03T11:21:23Z","","CR","","N","FALSE","2026-06-03T11:21:23Z","2026-03-20","2026-07-15","2031-06-20","FALSE","BILT","FALSE","FALSE","TRUE","100,000,000","","EUR","","","","","","","","","","","","","","","","","","","","","","","","2026-07-15","0.05","","287,500","EUR","","","","","","","0.03","","false","","","","","3","A004","","","","","","","","","MNTH","","","","3","","","","","","","","","","false","1","","","","","","","","","","FALSE","","","","","","","","","QZTL0V3X916X","NA/CDS Idx Swt","NA/CDS Corp Idx"
"3481501607000000101","","NEWT","TRAD","2026-06-03T16:42:04Z","","CR","","I","TRUE","2026-06-03T16:42:04Z","2026-06-04","2031-06-20","","FALSE","BBSF","FALSE","TRUE","","200,000,000","","USD","","","","","","","","","","","","","","","","","","","","","","","","","0.01","","","","","","0.005123","","","","","","false","","","3","","","A004","","","","","","","","4844747.04000","MNTH","","","","3","","","","UFRO","USD","","","","","false","1","","","","","","","","","","FALSE","","","","","","","","","QZ3WVVQG5T8K","NA/CDS Corp Idx","CDX.NA.IG"
"3467044257000000101","","NEWT","TRAD","2026-06-03T07:38:41Z","","CR","","I","TRUE","2026-06-03T07:38:41Z","2026-06-04","2031-06-20","","FALSE","BBSF","FALSE","FALSE","","25,000,000","","EUR","","","","","","","","","","","","","","","","","","","","","","","","","0.01","","","","","","0.005326","","","","","","false","","","3","","","A004","","","","","","","","600557.38000","MNTH","","","","3","","","","UFRO","EUR","","","","","false","1","","","","","","","","","","FALSE","","","","","","","","","QZTQ4GTC5QMF","NA/CDS Corp Idx","ITRAXX EUROPE"
"3480912898000000101","","NEWT","TRAD","2026-06-03T16:09:40Z","","CR","","I","TRUE","2026-06-03T16:09:40Z","2026-06-04","2031-06-20","","FALSE","BBSF","FALSE","FALSE","","130,000,000","","USD","","","","","","","","","","","","","","","","","","","","","","","","","0.01","","","","","","0.0051075","","","","","","false","","","3","","","A004","","","","","","","","3158403.77840","MNTH","","","","3","","","","UFRO","USD","","","","","false","1","","","","","","","","","","FALSE","","","","","","","","","QZ3WVVQG5T8K","NA/CDS Corp Idx","CDX.NA.IG"
"3480671112000000101","","NEWT","TRAD","2026-06-03T16:00:03Z","","CR","","I","TRUE","2026-06-03T16:00:03Z","2026-06-04","2031-06-20","","FALSE","BBSF","FALSE","TRUE","","163,343,009+","","EUR","","","","","","","","","","","","","","","","","","","","","","","","","0.01","","","","","","0.005395","","","","","","false","","","3","","","A004","","","","","","","","3870058.22721","MNTH","","","","3","","","","UFRO","EUR","","","","","false","1","","","","","","","","","","FALSE","","","","","","","","","QZTQ4GTC5QMF","NA/CDS Corp Idx","ITRAXX EUROPE"
"3480926964000000101","3480651329000000201","EROR","","2026-06-03T16:09:37Z","","CR","","I","TRUE","2026-06-03T15:55:32Z","2026-03-20","2031-06-20","","","BILT","FALSE","FALSE","TRUE","250,000,000+","","USD","","","","","","","","","","","","","","","","","","","","","","","","","0.01","","","","","","","","","","","","false","","","","","","A004","","","","","","","","6079634.00000","MNTH","","","","3","","","","UFRO","USD","","","","","false","1","","","","","","","","","","FALSE","","","","","","","","","QZ3WVVQG5T8K","NA/CDS Corp Idx","CDX.NA.IG"
"3481085060000000201","","NEWT","TRAD","2026-06-03T16:19:56Z","","CR","","I","TRUE","2026-06-03T16:19:56Z","2026-06-04","2031-06-20","","FALSE","BBSF","FALSE","FALSE","","5,000,000","","USD","","","","","","","","","","","","","","","","","","","","","","","","","0.05","","","","","","0.01080838","","","","","","false","","","3","","","A004","","","","","","","","452398.10000","MNTH","","","","3","","","","UFRO","USD","","","","","false","0.99","","","","","","","","","","FALSE","","","","","","","","","QZHH8NT767RX","NA/CDS Corp Idx","CDX.NA.HY"
"3480350099000000101","","NEWT","TRAD","2026-06-03T15:34:47Z","","CR","","N","FALSE","2026-06-03T15:34:47Z","2026-03-20","2026-07-15","2031-06-20","FALSE","BILT","FALSE","FALSE","TRUE","60,000,000","","USD","","","","","","","","","","","","","","","","","","","","","","","","2026-07-15","0.05","","201,960","USD","","","","","","","108","USD","false","","","","","1","A004","","","","","","","","","MNTH","","","","3","","","","","","","","","","false","0.99","","","","","","","","","","FALSE","","","","","","","","","QZHRHKT5ZH3K","NA/CDS Idx Swt","NA/CDS Corp Idx"
"3480816997000000101","","NEWT","TRAD","2026-06-03T16:03:53Z","","CR","","I","TRUE","2026-06-03T16:03:53Z","2026-06-04","2030-12-20","","FALSE","BBSF","FALSE","FALSE","","24,000,000","","USD","","","","","","","","","","","","","","","","","","","","","","","","","0.01","","","","","","0.004682","","","","","","false","","","3","","","A004","","","","","","","","579043.26000","MNTH","","","","3","","","","UFRO","USD","","","","","false","1","","","","","","","","","","FALSE","","","","","","","","","QZN3HTTN5303","NA/CDS Corp Idx","CDX.NA.IG"
"3481507545000000101","","NEWT","TRAD","2026-06-03T16:43:05Z","","CR","","I","TRUE","2026-06-03T16:43:05Z","2026-06-04","2031-06-20","","FALSE","BBSF","FALSE","FALSE","","20,000,000","","USD","","","","","","","","","","","","","","","","","","","","","","","","","0.05","","","","","","0.01080525","","","","","","false","","","3","","","A004","","","","","","","","1803395.00000","MNTH","","","","3","","","","UFRO","USD","","","","","false","0.99","","","","","","","","","","FALSE","","","","","","","","","QZHH8NT767RX","NA/CDS Corp Idx","CDX.NA.HY"
"3481573946000000101","","NEWT","TRAD","2026-06-03T16:48:57Z","","CR","","I","TRUE","2026-06-03T16:48:57Z","2026-06-04","2031-06-20","","FALSE","BBSF","FALSE","FALSE","","50,000,000","","USD","","","","","","","","","","","","","","","","","","","","","","","","","0.01","","","","","","0.005118","","","","","","false","","","3","","","A004","","","","","","","","1212342.82000","MNTH","","","","3","","","","UFRO","USD","","","","","false","1","","","","","","","","","","FALSE","","","","","","","","","QZ3WVVQG5T8K","NA/CDS Corp Idx","CDX.NA.IG"
"3481594403000000101","","NEWT","TRAD","2026-06-03T16:50:13Z","","CR","","I","TRUE","2026-06-03T16:50:13Z","2026-06-04","2031-06-20","","FALSE","BBSF","FALSE","FALSE","","2,000,000","","USD","","","","","","","","","","","","","","","","","","","","","","","","","0.05","","","","","","0.01080899","","","","","","false","","","3","","","A004","","","","","","","","181080.02000","MNTH","","","","3","","","","UFRO","USD","","","","","false","0.99","","","","","","","","","","FALSE","","","","","","","","","QZHH8NT767RX","NA/CDS Corp Idx","CDX.NA.HY"
"3481472351000000301","","NEWT","TRAD","2026-06-03T16:39:43Z","","CR","","I","TRUE","2026-06-03T16:39:43Z","2026-06-04","2031-06-20","","FALSE","BBSF","FALSE","TRUE","","50,000,000","","USD","","","","","","","","","","","","","","","","","","","","","","","","","0.05","","","","","","0.01080725","","","","","","false","","","3","","","A004","","","","","","","","4518387.50000","MNTH","","","","3","","","","UFRO","USD","","","","","false","0.99","","","","","","","","","","FALSE","","","","","","","","","QZHH8NT767RX","NA/CDS Corp Idx","CDX.NA.HY"
"3477186030000000101","","NEWT","TRAD","2026-06-03T11:17:42Z","","CR","","N","FALSE","2026-06-03T11:17:42Z","2026-03-20","2026-07-15","","FALSE","BILT","FALSE","FALSE","TRUE","343,880,019+","","EUR","","","","","","","","","","","","","","","","","","","","","","","","2026-07-15","0.007","","111,761","EUR","","","1","","","","0.7","EUR","false","","","3","","3","A004","","","","","","","","","MNTH","","","","3","","","","","","","","","","false","","","","","","","","","","","FALSE","","","","","","","","","QZS1WNR5R2ND","NA/CDS Idx Swt","NA/CDS Corp Idx"
"3480587938000000301","","NEWT","TRAD","2026-06-03T15:55:26Z","","CR","","I","TRUE","2026-06-03T15:55:26Z","2026-06-04","2031-06-20","","FALSE","BBSF","FALSE","FALSE","","50,000,000","","USD","","","","","","","","","","","","","","","","","","","","","","","","","0.01","","","","","","0.0051","","","","","","false","","","3","","","A004","","","","","","","","1216505.01000","MNTH","","","","3","","","","UFRO","USD","","","","","false","1","","","","","","","","","","FALSE","","","","","","","","","QZ3WVVQG5T8K","NA/CDS Corp Idx","CDX.NA.IG"
"3480587937000000201","","NEWT","TRAD","2026-06-03T15:55:16Z","","CR","","I","TRUE","2026-06-03T15:55:16Z","2026-06-04","2031-06-20","","FALSE","BBSF","FALSE","FALSE","","10,000,000","","USD","","","","","","","","","","","","","","","","","","","","","","","","","0.05","","","","","","0.01081054","","","","","","false","","","3","","","A004","","","","","","","","906934.60000","MNTH","","","","3","","","","UFRO","USD","","","","","false","0.99","","","","","","","","","","FALSE","","","","","","","","","QZHH8NT767RX","NA/CDS Corp Idx","CDX.NA.HY"
"3480303758000000401","","NEWT","TRAD","2026-06-03T15:34:06Z","","CR","","I","TRUE","2026-06-03T15:34:06Z","2026-06-04","2031-06-20","","FALSE","BBSF","FALSE","FALSE","","15,000,000","","USD","","","","","","","","","","","","","","","","","","","","","","","","","0.05","","","","","","0.01081262","","","","","","false","","","3","","","A004","","","","","","","","1363490.70000","MNTH","","","","3","","","","UFRO","USD","","","","","false","0.99","","","","","","","","","","FALSE","","","","","","","","","QZHH8NT767RX","NA/CDS Corp Idx","CDX.NA.HY"
"3480286075000000101","3480191695000000301","MODI","TRAD","2026-06-03T15:21:24Z","TRUE","CR","","I","TRUE","2026-06-03T15:19:14Z","2026-03-20","2031-06-20","","","BILT","FALSE","FALSE","FALSE","20,000,000","","USD","","","","","","","","","","","","","","","","","","","","","","","","","0.05","","","","","","","","","","","","false","","","","","","A004","","","","","","","","1821710.00000","MNTH","","","","3","","","","UFRO","USD","","","","","false","0.99","","","","","","","","","","FALSE","","","","","","","","","QZHH8NT767RX","NA/CDS Corp Idx","CDX.NA.HY"
"3480198591000000201","","NEWT","TRAD","2026-06-03T15:23:30Z","","CR","","I","TRUE","2026-06-03T15:23:30Z","2026-06-04","2036-06-20","","FALSE","BBSF","FALSE","TRUE","","250,000,000","","EUR","","","","","","","","","","","","","","","","","","","","","","","","","0.01","","","","","","0.0094625","","","","","","false","","","3","","","A004","","","","","","","","1639602.07000","MNTH","","","","3","","","","UFRO","EUR","","","","","false","1","","","","","","","","","","TRUE","","","","0.0041075","","3","","","QZ4LNL81ZBTS","NA/CDS Corp Idx","ITRAXX EUROPE"
"3480605369000000201","","NEWT","TRAD","2026-06-03T15:56:55Z","","CR","","I","TRUE","2026-06-03T15:56:55Z","2026-06-04","2031-06-20","","FALSE","BBSF","FALSE","FALSE","","12,000,000","","EUR","","","","","","","","","","","","","","","","","","","","","","","","","0.01","","","","","","0.0053825","","","","","","false","","","3","","","A004","","","","","","","","285028.62000","MNTH","","","","3","","","","UFRO","EUR","","","","","false","1","","","","","","","","","","FALSE","","","","","","","","","QZTQ4GTC5QMF","NA/CDS Corp Idx","ITRAXX EUROPE"
"3480198595000000601","","NEWT","TRAD","2026-06-03T15:23:59Z","","CR","","I","FALSE","2026-06-03T15:23:59Z","2026-06-04","2031-06-20","","FALSE","BBSF","FALSE","FALSE","","10,000,000","","USD","","","","","","","","","","","","","","","","","","","","","","","","","0.01","","","","","","0.0097782","","","","","","false","","","3","","","A004","","","","","","","","200688.89000","MNTH","","","","3","","","","UFRO","USD","","","","","false","1","","","","","","","","","","FALSE","","","","","","","","","QZ4JMQKL3P03","NA/CDS Corp Idx","CDX.EM"
"3480429032000000301","","NEWT","TRAD","2026-06-03T15:44:39Z","","CR","","I","TRUE","2026-06-03T15:44:39Z","2026-06-04","2031-06-20","","FALSE","BBSF","FALSE","FALSE","","35,000,000","","USD","","","","","","","","","","","","","","","","","","","","","","","","","0.01","","","","","","0.005101","","","","","","false","","","3","","","A004","","","","","","","","851391.63000","MNTH","","","","3","","","","UFRO","USD","","","","","false","1","","","","","","","","","","FALSE","","","","","","","","","QZ3WVVQG5T8K","NA/CDS Corp Idx","CDX.NA.IG"
"3480412915000000401","","NEWT","TRAD","2026-06-03T15:44:01Z","","CR","","I","TRUE","2026-06-03T15:44:01Z","2026-06-04","2031-06-20","","FALSE","BBSF","FALSE","FALSE","","25,000,000","","EUR","","","","","","","","","","","","","","","","","","","","","","","","","0.01","","","","","","0.0053645","","","","","","false","","","3","","","A004","","","","","","","","595959.01000","MNTH","","","","3","","","","UFRO","EUR","","","","","false","1","","","","","","","","","","FALSE","","","","","","","","","QZTQ4GTC5QMF","NA/CDS Corp Idx","ITRAXX EUROPE"
"3464172123000000101","","NEWT","TRAD","2026-06-03T04:02:25Z","","CR","","I","FALSE","2026-06-03T04:02:25Z","2026-06-04","2031-06-20","","","TWSF","FALSE","FALSE","","9,000,000","","USD","","","","","","","","","","","","","","","","","","","","","","","","","0.01","","","","","","0.00709","","","","","","false","","","3","","","A004","","","","","","","","136800.50416","MNTH","","","","3","","","","UFRO","USD","","","","","false","1","","","","","","","","","","FALSE","","","","","","","","","QZ1F7JZSZZ7M","NA/CDS Corp Idx","ITRAXX AUSTRALIA"
"3465365958000000101","","NEWT","TRAD","2026-06-03T06:59:21Z","","CR","","I","TRUE","2026-06-03T06:59:21Z","2026-03-20","2031-06-20","","FALSE","BGCD","FALSE","FALSE","","25,000,000","","EUR","","","","","","","","","","","","","","","","","","","","","","","","","","","","","","","0.005325","","","","","","false","","","3","","","A004","","","","","","","","","MNTH","","","","3","","","","","","","","","","false","1","","","","","","","","","","FALSE","","","","","","","","","QZTQ4GTC5QMF","NA/CDS Corp Idx","ITRAXX EUROPE"
"3465208036000000201","","NEWT","TRAD","2026-06-03T06:46:27Z","","CR","","I","TRUE","2026-06-03T06:46:27Z","2026-06-04","2031-06-20","","FALSE","BBSF","FALSE","FALSE","","50,000,000","","EUR","","","","","","","","","","","","","","","","","","","","","","","","","0.01","","","","","","0.0053175","","","","","","false","","","3","","","A004","","","","","","","","1203145.61000","MNTH","","","","3","","","","UFRO","EUR","","","","","false","1","","","","","","","","","","FALSE","","","","","","","","","QZTQ4GTC5QMF","NA/CDS Corp Idx","ITRAXX EUROPE"
"3479648271000000101","","NEWT","TRAD","2026-06-03T14:21:46Z","","CR","","I","TRUE","2026-06-03T14:21:46Z","2026-03-20","2031-06-20","","","BILT","FALSE","FALSE","FALSE","40,000,000","","USD","","","","","","","","","","","","","","","","","","","","","","","","","0.05","","","","","","","","","","","","false","","","","","","A004","","","","","","","","3639460.00000","MNTH","","","","3","","","","UFRO","USD","","","","","false","0.99","","","","","","","","","","FALSE","","","","","","","","","QZHH8NT767RX","NA/CDS Corp Idx","CDX.NA.HY"
"3485531831000000101","","NEWT","TRAD","2026-06-03T21:24:55Z","","CR","","N","FALSE","2026-06-03T21:24:55Z","2026-06-05","2026-09-01","","FALSE","BILT","FALSE","FALSE","TRUE","20,000,000","","BRL","","","","","","","","","","","","","","","","","","","","","","","","","0","","","","","","","","","","","","false","","","","","","A018","","","","","","","","0.00000;76140351.09567","EXPI","","","","1","","","","PEXH;PEXH","USD;USD","USD","","","","false","","","","","","","","","","","FALSE","","","","","","","","","QZJM7VHT6XD1","NA/CDS Corp SN","TREASURY FINANCIAL BILLS"
"3464019103000000201","3454930508000000101","MODI","TRAD","2026-06-03T03:09:01Z","FALSE","CR","","N","TRUE","2026-06-02T13:16:35Z","2026-03-20","2031-06-20","","FALSE","TWEM","FALSE","FALSE","FALSE","4,000,000","","EUR","","","","","","","","","","","","","","","","","","","","","","","","","0.01","","","","","","","","","","","","false","","","","","","A004","","","","","","","","","MNTH","","","","3","","","","","","","","","","false","1","","","","","","","","","","FALSE","","","","","","","","","QZTQ4GTC5QMF","NA/CDS Corp Idx","ITRAXX EUROPE"
"3463429716000000101","3440134916000000401","CORR","","2026-06-03T00:14:00Z","","CR","","N","FALSE","2026-06-02T07:10:50Z","2026-06-03","2035-08-15","","FALSE","BILT","FALSE","FALSE","FALSE","100,000,000","","USD","","","","","","","","","","","","","","","","","","","","","","","","","0.0425","","","","","","","","","","","","false","","","","","","A006","","","","","","","","511354.68000","MNTH","","","","6","","","","PEXH","USD","USD","","","","false","","","","","","","","","","","FALSE","","","","","","","","","QZFPPRFS915J","NA/CDS Corp SN","No name obtainable"
"3463461688000000101","","NEWT","TRAD","2026-06-03T00:35:25Z","","CR","","I","FALSE","2026-06-03T00:35:25Z","2026-06-04","2031-06-20","","","TWSF","FALSE","FALSE","","680,000","","USD","","","","","","","","","","","","","","","","","","","","","","","","","0.01","","","","","","0.007085","","","","","","false","","","3","","","A004","","","","","","","","10351.51728","MNTH","","","","3","","","","UFRO","USD","","","","","false","1","","","","","","","","","","FALSE","","","","","","","","","QZ1F7JZSZZ7M","NA/CDS Corp Idx","ITRAXX AUSTRALIA"
"3479634879000000601","","NEWT","TRAD","2026-06-03T14:23:20Z","","CR","","I","TRUE","2026-06-03T14:23:20Z","2026-03-20","2031-06-20","","FALSE","TPSE","FALSE","FALSE","","20,000,000","","USD","","","","","","","","","","","","","","","","","","","","","","","","","0.05","","","","","","108.135","","USD","","","","false","","","1","","","A004","","","","","","","","","MNTH","","","","3","","","","","","USD","","","","false","0.99","","","","","","","OTHR","","","FALSE","","","","","","","","","QZHH8NT767RX","NA/CDS Corp Idx","CDX.NA.HY"
"3479634877000000401","","NEWT","TRAD","2026-06-03T14:23:11Z","","CR","","I","TRUE","2026-06-03T14:23:11Z","2026-06-04","2031-06-20","","","TWSF","FALSE","FALSE","","100,000,000","","EUR","","","","","","","","","","","","","","","","","","","","","","","","","0.01","","","","","","0.00536","","","","","","false","","","3","","","A004","","","","","","","","2385985.62000","MNTH","","","","3","","","","UFRO","EUR","","","","","false","1","","","","","","","","","","FALSE","","","","","","","","","QZTQ4GTC5QMF","NA/CDS Corp Idx","ITRAXX EUROPE"
"3479634874000000101","","NEWT","TRAD","2026-06-03T14:23:05Z","","CR","","I","TRUE","2026-06-03T14:23:05Z","2026-03-20","2031-06-20","","FALSE","TPSE","FALSE","FALSE","","15,000,000","","USD","","","","","","","","","","","","","","","","","","","","","","","","","0.05","","","","","","108.135","","USD","","","","false","","","1","","","A004","","","","","","","","","MNTH","","","","3","","","","","","USD","","","","false","0.99","","","","","","","OTHR","","","FALSE","","","","","","","","","QZHH8NT767RX","NA/CDS Corp Idx","CDX.NA.HY"
"3479631090000001001","","NEWT","TRAD","2026-06-03T14:22:58Z","","CR","","I","TRUE","2026-06-03T14:22:58Z","2026-06-04","2031-06-20","","FALSE","BBSF","FALSE","FALSE","","30,000,000","","EUR","","","","","","","","","","","","","","","","","","","","","","","","","0.05","","","","","","0.0261864","","","","","","false","","","3","","","A004","","","","","","","","3393552.50000","MNTH","","","","3","","","","UFRO","EUR","","","","","false","1","","","","","","","","","","FALSE","","","","","","","","","QZ3HM9KVK2WL","NA/CDS Corp Idx","ITRAXX EUROPE CROSSOVER"
"3479450283000000201","","NEWT","TRAD","2026-06-03T14:10:48Z","","CR","","I","TRUE","2026-06-03T14:10:48Z","2026-06-04","2031-06-20","","FALSE","BBSF","FALSE","TRUE","","75,000,000","","USD","","","","","","","","","","","","","","","","","","","","","","","","","0.05","","","","","","0.0108155","","","","","","false","","","3","","","A004","","","","","","","","6838837.50000","MNTH","","","","3","","","","UFRO","USD","","","","","false","0.99","","","","","","","","","","FALSE","","","","","","","","","QZHH8NT767RX","NA/CDS Corp Idx","CDX.NA.HY"
"3479640230000000101","","NEWT","TRAD","2026-06-03T14:23:36Z","","CR","","I","TRUE","2026-06-03T14:23:36Z","2026-03-20","2031-06-20","","FALSE","TPSE","FALSE","FALSE","","10,000,000","","USD","","","","","","","","","","","","","","","","","","","","","","","","","0.05","","","","","","108.135","","USD","","","","false","","","1","","","A004","","","","","","","","","MNTH","","","","3","","","","","","USD","","","","false","0.99","","","","","","","OTHR","","","FALSE","","","","","","","","","QZHH8NT767RX","NA/CDS Corp Idx","CDX.NA.HY"
"3479331776000000201","3479284420000000101","EROR","","2026-06-03T14:01:17Z","","CR","","N","FALSE","2026-06-03T13:56:39Z","2026-06-17","2026-06-17","","FALSE","BILT","FALSE","FALSE","TRUE","190,000,000","","USD","","","","","","","","","","","","","","","","","","","","","","","","2026-06-17","","","0","","","","","","","","0.01","","false","","","","","3","A004","","","","","","","","0.00000","MNTH","","","","3","","","","UFRO","USD","","","","","false","","","","","","","","","","","FALSE","","","","","","","","","QZT4QS79CCTS","NA/CDS Idx Swt","NA/CDS Corp Idx"
"3479558107000000301","3479543710000000301","MODI","TRAD","2026-06-03T14:17:54Z","TRUE","CR","","I","TRUE","2026-06-03T14:17:25Z","2026-03-20","2031-06-20","","FALSE","TPSE","FALSE","FALSE","","50,000,000","","USD","","","","","","","","","","","","","","","","","","","","","","","","","0.01","","","","","","0.005085","","","","","","false","","","3","","","A004","","","","","","","","","MNTH","","","","3","","","","","","USD","","","","false","1","","","","","","","OTHR","","","FALSE","","","","","","","","","QZ3WVVQG5T8K","NA/CDS Corp Idx","CDX.NA.IG"
"3479668386000000201","","NEWT","TRAD","2026-06-03T14:26:47Z","","CR","","I","TRUE","2026-06-03T14:26:47Z","2026-06-04","2031-06-20","","FALSE","BBSF","FALSE","FALSE","","20,000,000","","EUR","","","","","","","","","","","","","","","","","","","","","","","","","0.05","","","","","","0.026175","","","","","","false","","","3","","","A004","","","","","","","","2263443.92000","MNTH","","","","3","","","","UFRO","EUR","","","","","false","1","","","","","","","","","","FALSE","","","","","","","","","QZ3HM9KVK2WL","NA/CDS Corp Idx","ITRAXX EUROPE CROSSOVER"
"3483416838000000101","1190473509","MODI","TRAD","2026-06-03T19:24:21Z","TRUE","CR","","N","FALSE","2024-06-07T15:05:39Z","2023-09-20","2028-12-20","2028-12-20","FALSE","BILT","FALSE","FALSE","FALSE","15,000,000","","EUR","","","","","","","","","","","","","","","","","","","","","","","","","0","","","","","","","","","","","","false","","","","","","A004","","","","","","","","2191221.75666","MNTH","","","","3","","","","UFRO","EUR","","","","","false","1","","","","","","","","","","FALSE","","","","","","","","","QZ7Q57BJ2PW3","NA/CDS Corp Idx Tra","ITRAXX EUROPE CROSSOVER"
"3477200218000000101","","NEWT","TRAD","2026-06-03T11:20:18Z","","CR","","I","TRUE","2026-06-03T11:20:18Z","2026-06-04","2031-06-20","","","TWSF","FALSE","TRUE","","250,000,000","","USD","","","","","","","","","","","","","","","","","","","","","","","","","0.01","","","","","","0.00506767","","","","","","false","","","3","","","A004","","","","","","","","6119938.12175","MNTH","","","","3","","","","UFRO","USD","","","","","false","1","","","","","","","","","","FALSE","","","","","","","","","QZ3WVVQG5T8K","NA/CDS Corp Idx","CDX.NA.IG"
"3477337339000000101","","NEWT","TRAD","2026-06-03T11:32:35Z","","CR","","I","FALSE","2026-06-03T11:32:35Z","2026-03-20","2031-06-20","","FALSE","TPSE","FALSE","FALSE","","10,000,000","","USD","","","","","","","","","","","","","","","","","","","","","","","","","0.01","","","","","","97.79","","USD","","","","false","","","1","","","A004","","","","","","","","","MNTH","","","","3","","","","","","USD","","","","false","1","","","","","","","OTHR","","","FALSE","","","","","","","","","QZ4JMQKL3P03","NA/CDS Corp Idx","CDX.EM"
"3479206613000000401","","NEWT","NOVA","2026-06-03T13:51:00Z","","CR","","N","FALSE","2026-06-02T17:33:07Z","2026-06-03","2026-06-20","","FALSE","BILT","FALSE","FALSE","TRUE","3,000,000","3,000,000","USD","USD","","","","","","","","","","","","","","","","","","","","","","","","0","","","","","","","","","","","","false","","","","","","A004","","","A004","","DAIL","","1","","EXPI","","","MNTH","1","","","3","","","USD","USD","","","false","1","","","","","","","","","","FALSE","","","","","","","","","QZCSNS8T7JMT","NA/CDS Corp Idx","IBOXX USD LIQUID IG"
"3477381570000000201","","NEWT","TRAD","2026-06-03T11:37:23Z","","CR","","I","TRUE","2026-06-03T11:37:20Z","2026-03-20","2031-06-20","","FALSE","TREU","FALSE","FALSE","FALSE","30,000,000","","EUR","","","","","","","","","","","","","","","","","","","","","","","","","0.01","","","","","","","","","","","","false","","","","","","A004","","","","","","","","","MNTH","","","","3","","","","","","EUR","","","","false","1","","","","","","","","","","FALSE","","","","","","","","","QZTQ4GTC5QMF","NA/CDS Corp Idx","ITRAXX EUROPE"
"3477129816000000101","","NEWT","TRAD","2026-06-03T11:13:04Z","","CR","","I","TRUE","2026-06-03T11:13:04Z","2026-06-04","2031-06-20","","FALSE","BBSF","FALSE","FALSE","","25,000,000","","EUR","","","","","","","","","","","","","","","","","","","","","","","","","0.05","","","","","","0.02615","","","","","","false","","","3","","","A004","","","","","","","","2832253.73000","MNTH","","","","3","","","","UFRO","EUR","","","","","false","1","","","","","","","","","","TRUE","","","","0.02615","","3","","","QZ3HM9KVK2WL","NA/CDS Corp Idx","ITRAXX EUROPE CROSSOVER"
"3479594222000000501","","NEWT","TRAD","2026-06-03T14:20:05Z","","CR","","I","TRUE","2026-06-03T14:20:05Z","2026-06-04","2031-06-20","","FALSE","BBSF","FALSE","FALSE","","40,000,000","","USD","","","","","","","","","","","","","","","","","","","","","","","","","0.01","","","","","","0.005089","","","","","","false","","","3","","","A004","","","","","","","","975239.09000","MNTH","","","","3","","","","UFRO","USD","","","","","false","1","","","","","","","","","","FALSE","","","","","","","","","QZ3WVVQG5T8K","NA/CDS Corp Idx","CDX.NA.IG"
"3479572103000001201","","NEWT","TRAD","2026-06-03T14:18:43Z","","CR","","I","TRUE","2026-06-03T14:18:43Z","2026-03-20","2031-06-20","","FALSE","TPSE","FALSE","FALSE","","50,000,000","","USD","","","","","","","","","","","","","","","","","","","","","","","","","0.01","","","","","","0.005085","","","","","","false","","","3","","","A004","","","","","","","","","MNTH","","","","3","","","","","","USD","","","","false","1","","","","","","","OTHR","","","FALSE","","","","","","","","","QZ3WVVQG5T8K","NA/CDS Corp Idx","CDX.NA.IG"
"3479572098000000701","","NEWT","TRAD","2026-06-03T14:18:25Z","","CR","","I","TRUE","2026-06-03T14:18:25Z","2026-06-04","2031-06-20","","FALSE","BBSF","FALSE","FALSE","","100,000,000","","EUR","","","","","","","","","","","","","","","","","","","","","","","","","0.01","","","","","","0.005357","","","","","","false","","","3","","","A004","","","","","","","","2387418.73000","MNTH","","","","3","","","","UFRO","EUR","","","","","false","1","","","","","","","","","","FALSE","","","","","","","","","QZTQ4GTC5QMF","NA/CDS Corp Idx","ITRAXX EUROPE"
"3477232076000000801","3456022839000000101","CORR","","2026-06-02T17:22:06Z","","CR","","N","FALSE","2026-06-02T14:50:38Z","2026-06-03","2026-06-20","","FALSE","BILT","FALSE","FALSE","TRUE","50,000,000","","USD","","","","","","","","","","","","","","","","","","","","","","","","","","","","","","","","0","","","","","true","","","","3","","A004","","","A004","","DAIL","","1","378246.09000","MNTH","","","MNTH","3","","","3","UFRO","USD","","","","","false","1","","","","","","","","","","FALSE","","","","","","","","","QZMF6M7G77VQ","NA/CDS Corp Idx","IBOXX USD LIQUID HIGH YIELD INDEX"
"3479959666000000201","","NEWT","TRAD","2026-06-03T14:57:45Z","","CR","","I","TRUE","2026-06-03T14:57:45Z","2026-06-04","2031-06-20","","FALSE","BBSF","FALSE","FALSE","","26,000,000","","EUR","","","","","","","","","","","","","","","","","","","","","","","","","0.05","","","","","","0.026164","","","","","","false","","","3","","","A004","","","","","","","","2943826.40000","MNTH","","","","3","","","","UFRO","EUR","","","","","false","1","","","","","","","","","","FALSE","","","","","","","","","QZ3HM9KVK2WL","NA/CDS Corp Idx","ITRAXX EUROPE CROSSOVER"
"3477650534000000301","","NEWT","TRAD","2026-06-03T11:58:30Z","","CR","","I","FALSE","2026-06-03T11:58:30Z","2026-06-04","2031-06-20","","","TWSF","FALSE","FALSE","","5,000,000","","USD","","","","","","","","","","","","","","","","","","","","","","","","","0.01","","","","","","0.00978","","","","","","false","","","3","","","A004","","","","","","","","99444.44000","MNTH","","","","3","","","","UFRO","USD","","","","","false","1","","","","","","","","","","FALSE","","","","","","","","","QZ4JMQKL3P03","NA/CDS Corp Idx","CDX.EM"
"3479951114000000201","","NEWT","TRAD","2026-06-03T14:56:37Z","","CR","","I","TRUE","2026-06-03T14:56:37Z","2026-06-04","2031-06-20","","FALSE","BBSF","FALSE","FALSE","","100,000","","USD","","","","","","","","","","","","","","","","","","","","","","","","","0.01","","","","","","0.005080606","","","","","","false","","","3","","","A004","","","","","","","","2441.98000","MNTH","","","","3","","","","UFRO","USD","","","","","false","1","","","","","","","","","","FALSE","","","","","","","","","QZ3WVVQG5T8K","NA/CDS Corp Idx","CDX.NA.IG"
"3479155933000000701","","NEWT","TRAD","2026-06-03T13:46:25Z","","CR","","I","FALSE","2026-06-03T13:46:25Z","2025-09-22","2030-12-20","","FALSE","TPSE","FALSE","FALSE","","25,000,000","","USD","","","","","","","","","","","","","","","","","","","","","","","","","0.01","","","","","","99.455","","USD","","","","false","","","1","","","A004","","","","","","","","","MNTH","","","","3","","","","","","USD","","","","false","1","","","","","","","OTHR","","","FALSE","","","","","","","","","QZ1VHXZP8T9T","NA/CDS Corp Idx","CDX.EM"
"3471974545000000101","","NEWT","TRAD","2026-06-03T09:06:52Z","","CR","","I","TRUE","2026-06-03T09:06:52Z","2026-03-20","2031-06-20","","FALSE","TPSE","FALSE","FALSE","","25,000,000","","EUR","","","","","","","","","","","","","","","","","","","","","","","","","0.01","","","","","","0.0053375","","","","","","false","","","3","","","A004","","","","","","","","","MNTH","","","","3","","","","","","EUR","","","","false","1","","","","","","","OTHR","","","FALSE","","","","","","","","","QZTQ4GTC5QMF","NA/CDS Corp Idx","ITRAXX EUROPE"
"3476281074000000101","","NEWT","TRAD","2026-06-03T10:35:55Z","FALSE","CR","","N","FALSE","2026-06-03T10:35:55Z","2026-06-04","2026-06-30","","FALSE","BILT","FALSE","FALSE","TRUE","9,528,881","560,000","ZMW","USD","","","","","","","","","","","","","","","","","","","","","","","","0.11","","","","","","","","","","","","false","","","","","","A005","","","A004","","DAIL","","1","","MNTH","","","EXPI","1","","","1","","","USD","","","","false","","","","","","","","","","","FALSE","","","","","","","","","QZ2PXNDX040Z","NA/CDS Corp SN","REGISTEREDGOVTBONDS"
"3479255678000000401","3479248672000000601","MODI","TRAD","2026-06-03T13:55:00Z","TRUE","CR","","I","TRUE","2026-06-03T13:54:20Z","2026-03-20","2031-06-20","","FALSE","TPSE","FALSE","FALSE","","10,000,000","","EUR","","","","","","","","","","","","","","","","","","","","","","","","","0.05","","","","","","0.026225","","","","","","false","","","3","","","A004","","","","","","","","","MNTH","","","","3","","","","","","EUR","","","","false","1","","","","","","","OTHR","","","FALSE","","","","","","","","","QZ3HM9KVK2WL","NA/CDS Corp Idx","ITRAXX EUROPE CROSSOVER"
"3469296518000000101","3468732866000000101","MODI","TRAD","2026-06-03T08:13:46Z","TRUE","CR","","I","TRUE","2026-06-03T08:12:39Z","2026-03-20","2031-06-20","","","BILT","FALSE","FALSE","FALSE","10,000,000","","EUR","","","","","","","","","","","","","","","","","","","","","","","","","0.05","","","","","","","","","","","","false","","","","","","A004","","","","","","","","1137622.00000","MNTH","","","","3","","","","UFRO","EUR","","","","","false","1","","","","","","","","","","FALSE","","","","","","","","","QZ3HM9KVK2WL","NA/CDS Corp Idx","ITRAXX EUROPE CROSSOVER"
"3479233571000000201","","NEWT","TRAD","2026-06-03T13:53:37Z","","CR","","I","TRUE","2026-06-03T13:53:37Z","2026-03-20","2031-06-20","","FALSE","TPSE","FALSE","FALSE","","30,000,000","","EUR","","","","","","","","","","","","","","","","","","","","","","","","","0.05","","","","","","0.026225","","","","","","false","","","3","","","A004","","","","","","","","","MNTH","","","","3","","","","","","EUR","","","","false","1","","","","","","","OTHR","","","FALSE","","","","","","","","","QZ3HM9KVK2WL","NA/CDS Corp Idx","ITRAXX EUROPE CROSSOVER"
"3479115948000000201","","NEWT","TRAD","2026-06-03T13:40:53Z","","CR","","I","TRUE","2026-06-03T13:40:53Z","2026-06-04","2031-06-20","","","TWSF","FALSE","TRUE","","46,423,803+","","EUR","","","","","","","","","","","","","","","","","","","","","","","","","0.05","","","","","","0.0261","","","","","","false","","","3","","","A004","","","","","","","","5270361.78239","MNTH","","","","3","","","","UFRO","EUR","","","","","false","1","","","","","","","","","","TRUE","","","","0.0261","","3","","","QZ3HM9KVK2WL","NA/CDS Corp Idx","ITRAXX EUROPE CROSSOVER"
"3479199207000000301","","NEWT","TRAD","2026-06-03T13:50:28Z","","CR","","I","TRUE","2026-06-03T13:50:28Z","2026-06-04","2031-06-20","","FALSE","BBSF","FALSE","FALSE","","18,000,000","","USD","","","","","","","","","","","","","","","","","","","","","","","","","0.05","","","","","","0.01080952","","","","","","false","","","3","","","A004","","","","","","","","1630664.64000","MNTH","","","","3","","","","UFRO","USD","","","","","false","0.99","","","","","","","","","","FALSE","","","","","","","","","QZHH8NT767RX","NA/CDS Corp Idx","CDX.NA.HY"
"3478904273000000301","","NEWT","TRAD","2026-06-03T13:22:13Z","FALSE","CR","","N","FALSE","2026-06-03T13:22:13Z","2026-06-05","2036-02-16","","FALSE","BILT","FALSE","FALSE","TRUE","237,203,683","14,000,000","ZMW","USD","","","","","","","","","","","","","","","","","","","","","","","","0.166","","","","","","","","","","","","false","","","","","","A005","","","A004","","DAIL","","1","","MNTH","","","MNTH","3","","","3","","","USD","","","","false","","","","","","","","","","","FALSE","","","","","","","","","QZ59BTX2JSB8","NA/CDS Corp SN","No name obtainable"
"3479033603000000201","","NEWT","TRAD","2026-06-03T13:33:19Z","","CR","","I","TRUE","2026-06-03T13:33:19Z","2026-06-04","2031-06-20","","FALSE","BBSF","FALSE","TRUE","","60,000,000","","USD","","","","","","","","","","","","","","","","","","","","","","","","","0.05","","","","","","0.010819","","","","","","false","","","3","","","A004","","","","","","","","5491860.00000","MNTH","","","","3","","","","UFRO","USD","","","","","false","0.99","","","","","","","","","","FALSE","","","","","","","","","QZHH8NT767RX","NA/CDS Corp Idx","CDX.NA.HY"
"3479144336000000101","","NEWT","TRAD","2026-06-03T13:44:41Z","","CR","","I","TRUE","2026-06-03T13:44:41Z","2026-06-04","2031-06-20","","FALSE","BBSF","FALSE","FALSE","","30,000,000","","USD","","","","","","","","","","","","","","","","","","","","","","","","","0.01","","","","","","0.00509949","","","","","","false","","","3","","","A004","","","","","","","","729973.77000","MNTH","","","","3","","","","UFRO","USD","","","","","false","1","","","","","","","","","","FALSE","","","","","","","","","QZ3WVVQG5T8K","NA/CDS Corp Idx","CDX.NA.IG"
"3479179886000000401","","NEWT","TRAD","2026-06-03T13:48:46Z","","CR","","I","TRUE","2026-06-03T13:48:46Z","2026-06-04","2031-06-20","","FALSE","BBSF","FALSE","FALSE","","5,000,000","","EUR","","","","","","","","","","","","","","","","","","","","","","","","","0.05","","","","","","0.026244","","","","","","false","","","3","","","A004","","","","","","","","564233.82000","MNTH","","","","3","","","","UFRO","EUR","","","","","false","1","","","","","","","","","","FALSE","","","","","","","","","QZ3HM9KVK2WL","NA/CDS Corp Idx","ITRAXX EUROPE CROSSOVER"
"3479187617000000101","","NEWT","TRAD","2026-06-03T13:48:55Z","","CR","","I","FALSE","2026-06-03T13:48:55Z","2026-03-20","2031-06-20","","FALSE","TPSE","FALSE","FALSE","","10,000,000","","USD","","","","","","","","","","","","","","","","","","","","","","","","","0.01","","","","","","97.78","","USD","","","","false","","","1","","","A004","","","","","","","","","MNTH","","","","3","","","","","","USD","","","","false","1","","","","","","","OTHR","","","FALSE","","","","","","","","","QZ4JMQKL3P03","NA/CDS Corp Idx","CDX.EM"
"3479194851000000501","","NEWT","TRAD","2026-06-03T13:50:06Z","","CR","","I","TRUE","2026-06-03T13:50:06Z","2026-06-04","2031-06-20","","FALSE","BBSF","FALSE","FALSE","","10,000,000","","USD","","","","","","","","","","","","","","","","","","","","","","","","","0.05","","","","","","0.01080906","","","","","","false","","","3","","","A004","","","","","","","","905469.40000","MNTH","","","","3","","","","UFRO","USD","","","","","false","0.99","","","","","","","","","","FALSE","","","","","","","","","QZHH8NT767RX","NA/CDS Corp Idx","CDX.NA.HY"
"3470591972000000401","","NEWT","TRAD","2026-06-03T08:42:52Z","","CR","","I","TRUE","2026-06-03T08:42:52Z","2026-03-20","2031-06-20","","FALSE","GSEF","FALSE","FALSE","","20,000,000","","EUR","","","","","","","","","","","","","","","","","","","","","","","","","","","","","","","0.0261","","","","","","false","","","3","","","A004","","","","","","","","","MNTH","","","","3","","","","","","","","","","false","1","","","","","","","","","","FALSE","","","","","","","","","QZ3HM9KVK2WL","NA/CDS Corp Idx","ITRAXX EUROPE CROSSOVER"
"3479379957000000101","","NEWT","TRAD","2026-06-03T14:04:56Z","","CR","","I","TRUE","2026-06-03T14:04:56Z","2026-06-04","2031-06-20","","FALSE","BBSF","FALSE","FALSE","","2,000,000","","USD","","","","","","","","","","","","","","","","","","","","","","","","","0.05","","","","","","0.01081436","","","","","","false","","","3","","","A004","","","","","","","","182143.28000","MNTH","","","","3","","","","UFRO","USD","","","","","false","0.99","","","","","","","","","","FALSE","","","","","","","","","QZHH8NT767RX","NA/CDS Corp Idx","CDX.NA.HY"
"3479316886000000201","","NEWT","TRAD","2026-06-03T13:57:57Z","","CR","","I","TRUE","2026-06-03T13:57:57Z","2026-03-20","2031-06-20","","","TREU","FALSE","FALSE","FALSE","10,000","","EUR","","","","","","","","","","","","","","","","","","","","","","","","","0.05","","","","","","","","","","","","false","","","","","","A004","","","","","","","","1129.83000","MNTH","","","","3","","","","UFRO","EUR","","","","","false","1","","","","","","","","","","FALSE","","","","","","","","","QZ3HM9KVK2WL","NA/CDS Corp Idx","ITRAXX EUROPE CROSSOVER"
"3479365437000000501","3479316948000000301","EROR","","2026-06-03T13:59:24Z","","CR","","I","","2026-06-03T13:59:24Z","2026-03-20","2031-06-20","","","","FALSE","","FALSE","10,000,000","","EUR","","","","","","","","","","","","","","","","","","","","","","","","","0.05","","","","","","","","","","","","false","","","","","","","","","","","","","","1129364.00000","","","","","","","","","UFRO","EUR","","","","","false","1","","","","","","","","","","TRUE","","","","35","","4","","","QZ3HM9KVK2WL","NA/CDS Corp Idx","ITRAXX EUROPE CROSSOVER"
"3479340024000000401","","NEWT","TRAD","2026-06-03T14:01:32Z","","CR","","I","TRUE","2026-06-03T14:01:32Z","2025-09-22","2030-12-20","","FALSE","BGCD","FALSE","FALSE","","32,000,000","","EUR","","","","","","","","","","","","","","","","","","","","","","","","","","","","","","","0.02275","","","","","","false","","","3","","","A004","","","","","","","","","MNTH","","","","3","","","","","","","","","","false","1","","","","","","","","","","TRUE","","","","0.00345","","3","","","QZ5F5FRS4TR9","NA/CDS Corp Idx","ITRAXX EUROPE CROSSOVER"
"3479279188000000101","","NEWT","TRAD","2026-06-03T13:56:21Z","","CR","","I","TRUE","2026-06-03T13:56:21Z","2026-06-04","2031-06-20","","FALSE","BBSF","FALSE","FALSE","","50,000,000","","USD","","","","","","","","","","","","","","","","","","","","","","","","","0.01","","","","","","0.005095","","","","","","false","","","3","","","A004","","","","","","","","1217661.28000","MNTH","","","","3","","","","UFRO","USD","","","","","false","1","","","","","","","","","","FALSE","","","","","","","","","QZ3WVVQG5T8K","NA/CDS Corp Idx","CDX.NA.IG"
"3478270556000000201","","NEWT","TRAD","2026-06-03T12:37:07Z","","CR","","N","FALSE","2026-06-03T12:37:07Z","2026-03-20","2026-06-17","2031-06-20","FALSE","BILT","FALSE","FALSE","TRUE","400,000,000+","","USD","","","","","","","","","","","","","","","","","","","","","","","","2026-06-17","0.01","","8,000","USD","","","","","","","0.00625","","false","","","","","3","A004","","","","","","","","","MNTH","","","","3","","","","","","","","","","false","1","","","","","","","","","","FALSE","","","","","","","","","QZ7WW76RFHN3","NA/CDS Idx Swt","NA/CDS Corp Idx"
"3478635721000000201","","NEWT","TRAD","2026-06-03T13:04:15Z","","CR","","I","TRUE","2026-06-03T13:04:15Z","2026-06-04","2031-06-20","","","TWSF","FALSE","FALSE","","2,000,000","","USD","","","","","","","","","","","","","","","","","","","","","","","","","0.05","","","","","","0.01081786","","","","","","false","","","3","","","A004","","","","","","","","182835.82291","MNTH","","","","3","","","","UFRO","USD","","","","","false","0.99","","","","","","","","","","FALSE","","","","","","","","","QZHH8NT767RX","NA/CDS Corp Idx","CDX.NA.HY"
"3478305434000000101","","NEWT","TRAD","2026-06-03T12:38:03Z","","CR","","N","FALSE","2026-06-03T12:38:03Z","2026-03-20","2026-08-19","2031-06-20","FALSE","BILT","FALSE","FALSE","TRUE","343,880,019+","","EUR","","","","","","","","","","","","","","","","","","","","","","","","2026-08-19","0.01","","849,383.6","EUR","","","","","","","0.00525","","false","","","","","3","A004","","","","","","","","","MNTH","","","","3","","","","","","","","","","false","1","","","","","","","","","","FALSE","","","","","","","","","QZS61NHV7CQ9","NA/Cr Op Swps EuPt Van Ph",""
"3478732453000000101","","NEWT","TRAD","2026-06-03T12:31:15Z","","CR","","N","FALSE","2026-06-03T12:31:15Z","2026-06-03","2026-06-20","","FALSE","BILT","FALSE","FALSE","TRUE","97,000,000","","USD","","","","","","","","","","","","","","","","","","","","","","","","","","","","","","","0","","","","","","false","","","3","","","","","A004","","MNTH","","3","","743709.90740","","MNTH","","","","3","","","UFRO","USD","USD","","","","false","","","","","","","","","","","FALSE","","","","","","","","","QZ8LR0QG8H6H","NA/CDS Corp SN","IBOXX USD LQ 100 LEV LOANS IDX TRI"
"3477837224000000201","1771065295","MODI","TRAD","2026-06-03T12:12:19Z","FALSE","CR","","N","FALSE","2025-06-03T17:55:04Z","2025-06-04","2030-05-30","","FALSE","BILT","FALSE","FALSE","FALSE","1,300,000,000","","ARS","","","","","","","","","","","","","","","","","","","","","","","","","0.295","","","","","","","","","","","","false","","","","","","","","","","","","","","1132403.67530;365846.07270","MNTH","","","","6","","","","PEXH;PEXH","USD;USD","USD","","","","false","","","","","","","","","","","FALSE","","","","","","","","","QZV8SCNBJCD0","NA/CDS Corp SN","No name obtainable"
"3477638933000000101","","NEWT","TRAD","2026-06-03T11:56:59Z","","CR","","I","TRUE","2026-06-03T11:56:45Z","2026-06-04","2031-06-20","","","BMTF","FALSE","FALSE","TRUE","50,000,000","","USD","","","","","","","","","","","","","","","","","","","","","","","","","0.05","","","","","","","","","","","","false","","","","","","A004","","","","","","","","4608725.00000","MNTH","","","","3","","","","UFRO","USD","","","","","false","0.99","","","","","","","","","","FALSE","","","","","","","","","QZHH8NT767RX","NA/CDS Corp Idx","CDX.NA.HY"
"3477874326000000401","","NEWT","TRAD","2026-06-03T12:15:54Z","","CR","","I","TRUE","2026-06-03T12:15:54Z","2026-06-04","2029-06-20","","FALSE","BBSF","FALSE","TRUE","","28,000,000","","USD","","","","","","","","","","","","","","","","","","","","","","","","","0.01","","","","","","0.002999","","","","","","false","","","3","","","A004","","","","","","","","624049.61000","MNTH","","","","3","","","","UFRO","USD","","","","","false","1","","","","","","","","","","FALSE","","","","","","","","","QZZ1L6QDBB31","NA/CDS Corp Idx","CDX.NA.IG"
"3477714956000000201","2875716552000000101","TERM","NOVA","2026-06-03T12:01:36Z","","CR","","","","2026-04-27T14:19:37Z","2026-04-27","2026-06-17","","","","","","FALSE","","","","","","","","","","","","","","","","","","","","","","","","","","","","0.01","","","","","","","","","","","","","","","","","","","","","","","","","","","","","","","","","","","","","","","","","","","","","","","","","","","","","","","","","","","","","QZ2L66CGCV9J","NA/CDS Idx Swt","NA/CDS Corp Idx"
"3464550412000000201","3464550411000000101","MODI","TRAD","2026-06-03T06:29:08Z","TRUE","CR","","I","TRUE","2026-06-03T06:28:41Z","2026-03-20","2031-06-20","","FALSE","TPSE","FALSE","FALSE","","25,000,000","","EUR","","","","","","","","","","","","","","","","","","","","","","","","","0.01","","","","","","0.0053125","","","","","","false","","","3","","","A004","","","","","","","","","MNTH","","","","3","","","","","","EUR","","","","false","1","","","","","","","OTHR","","","FALSE","","","","","","","","","QZTQ4GTC5QMF","NA/CDS Corp Idx","ITRAXX EUROPE"
"3466767158000000101","","NEWT","TRAD","2026-06-03T07:30:40Z","","CR","","I","TRUE","2026-06-03T07:30:40Z","2026-03-20","2031-06-20","","","BMTF","FALSE","FALSE","FALSE","10,000,000","","EUR","","","","","","","","","","","","","","","","","","","","","","","","","0.05","","","","","","","","","","","","false","","","","","","A004","","","","","","","","1135780.52000","MNTH","","","","3","","","","UFRO","EUR","","","","","false","1","","","","","","","","","","FALSE","","","","","","","","","QZ3HM9KVK2WL","NA/CDS Corp Idx","ITRAXX EUROPE CROSSOVER"
"3474493653000000201","3317164698000000101","TERM","ETRM","2026-06-03T10:01:10Z","","CR","","N","FALSE","2026-05-26T08:06:52Z","2026-03-20","2026-06-17","2031-06-20","FALSE","BILT","FALSE","FALSE","TRUE","200,000,000","","EUR","","","","","","","","","","","","","","","","","","","","","","","","2026-06-17","0.01","","124,000","EUR","","","","","","","0.00525","","false","","","","","3","A004","","","","","","","","81000.00000","MNTH","","","","3","","","","UWIN","EUR","","","","","false","1","","","","","","","","","","FALSE","","","","","","","","","QZ2L66CGCV9J","NA/CDS Idx Swt","NA/CDS Corp Idx"
"3479526315000000201","","NEWT","TRAD","2026-06-03T14:15:52Z","","CR","","I","TRUE","2026-06-03T14:15:52Z","2026-06-04","2031-06-20","","FALSE","BBSF","FALSE","FALSE","","50,000,000","","USD","","","","","","","","","","","","","","","","","","","","","","","","","0.01","","","","","","0.005086","","","","","","false","","","3","","","A004","","","","","","","","1219742.68000","MNTH","","","","3","","","","UFRO","USD","","","","","false","1","","","","","","","","","","FALSE","","","","","","","","","QZ3WVVQG5T8K","NA/CDS Corp Idx","CDX.NA.IG"
"3476929461000000101","","NEWT","TRAD","2026-06-03T10:52:59Z","","CR","","I","TRUE","2026-06-03T10:52:59Z","2026-03-20","2031-06-20","","FALSE","BGCD","FALSE","FALSE","","50,000,000","","EUR","","","","","","","","","","","","","","","","","","","","","","","","","","","","","","","0.0053375","","","","","","false","","","3","","","A004","","","","","","","","","MNTH","","","","3","","","","","","","","","","false","1","","","","","","","","","","TRUE","","","","-0.0005375","","3","","","QZTQ4GTC5QMF","NA/CDS Corp Idx","ITRAXX EUROPE"
"3476953242000000101","","NEWT","TRAD","2026-06-03T10:56:16Z","","CR","","I","FALSE","2026-06-03T10:56:16Z","2026-06-04","2031-06-20","","","TWSF","FALSE","FALSE","","4,000,000","","EUR","","","","","","","","","","","","","","","","","","","","","","","","","0.05","","","","","","0.0261375","","","","","","false","","","3","","","A004","","","","","","","","453396.54000","MNTH","","","","3","","","","UFRO","EUR","","","","","false","1","","","","","","","","","","FALSE","","","","","","","","","QZ3HM9KVK2WL","NA/CDS Corp Idx","ITRAXX EUROPE CROSSOVER"
"3476196670000000201","","NEWT","TRAD","2026-06-03T10:33:16Z","","CR","","N","FALSE","2026-06-03T10:33:16Z","2026-03-20","2026-08-19","2031-06-20","FALSE","BILT","FALSE","FALSE","TRUE","100,000,000","","EUR","","","","","","","","","","","","","","","","","","","","","","","","2026-08-19","0.05","","295,000","EUR","","","","","","","0.03625","","false","","","","","3","A004","","","","","","","","","MNTH","","","","3","","","","","","","","","","false","1","","","","","","","","","","FALSE","","","","","","","","","QZTL0V3X916X","NA/CDS Idx Swt","NA/CDS Corp Idx"
"3479504360000000101","","NEWT","TRAD","2026-06-03T14:13:57Z","","CR","","I","TRUE","2026-06-03T14:13:57Z","2026-06-04","2031-06-20","","FALSE","BBSF","FALSE","FALSE","","50,000,000","","USD","","","","","","","","","","","","","","","","","","","","","","","","","0.01","","","","","","0.005083","","","","","","false","","","3","","","A004","","","","","","","","1220436.52000","MNTH","","","","3","","","","UFRO","USD","","","","","false","1","","","","","","","","","","FALSE","","","","","","","","","QZ3WVVQG5T8K","NA/CDS Corp Idx","CDX.NA.IG"
"3479479618000000501","","NEWT","TRAD","2026-06-03T14:12:13Z","","CR","","I","TRUE","2026-06-03T14:12:13Z","2026-06-04","2031-06-20","","FALSE","BBSF","FALSE","FALSE","","12,000,000","","EUR","","","","","","","","","","","","","","","","","","","","","","","","","0.05","","","","","","0.02622","","","","","","false","","","3","","","A004","","","","","","","","1355519.25000","MNTH","","","","3","","","","UFRO","EUR","","","","","false","1","","","","","","","","","","FALSE","","","","","","","","","QZ3HM9KVK2WL","NA/CDS Corp Idx","ITRAXX EUROPE CROSSOVER"
"3475097076000000201","2387397299000002801","TERM","ETRM","2026-06-03T10:14:25Z","","CR","","N","FALSE","2026-03-16T17:57:13Z","2026-03-18","2026-06-16","","FALSE","BILT","FALSE","FALSE","TRUE","800,000,000","","EGP","","","","","","","","","","","","","","","","","","","","","","","","","0","","","","","","0.007","","","","","","false","","","3","","3","A005","","","","","","","","","DAIL","","","","1","","","","","","USD","USD","","","false","","","","","","","","","","","FALSE","","","","","","","","","QZ4Z703GKZ02","NA/CDS Corp SN","No name obtainable"
"3475291065000000101","","NEWT","TRAD","2026-06-03T10:16:31Z","","CR","","I","FALSE","2026-06-03T10:16:31Z","2025-09-22","2030-12-20","2030-12-20","FALSE","TREU","FALSE","FALSE","TRUE","94,567,005+","","EUR","","","","","","","","","","","","","","","","","","","","","","","","","0.01","","","","","","","","","","","","false","","","","","","A004","","","","","","","","2251960.69137","MNTH","","","","3","","","","UFRO","EUR","","","","","false","1","","","","","","","","","","FALSE","","","","","","","","","QZ6ZQJVF8F9P","NA/CDS Corp Idx","ITRAXX EUROPE SENIOR FINANCIALS"
"3474237879000000201","","NEWT","TRAD","2026-06-03T09:45:05Z","FALSE","CR","","I","TRUE","2026-06-03T09:45:05Z","2026-06-03","2026-09-16","","","BILT","FALSE","FALSE","TRUE","343,880,019+","","EUR","","","","","","","","","","","","","","","","","","","","","","","","2026-09-16","","","216,644.4","EUR","","","0.005","","","","0.005","","false","","","3","","3","","","","","","","","","","","","","","","","","","","","","","","","false","1","","","","","","","","","","FALSE","","","","","","","","","QZ2L66CGCV9J","NA/CDS Idx Swt","NA/CDS Corp Idx"
"3477272704000000101","","NEWT","TRAD","2026-06-03T11:27:28Z","","CR","","N","FALSE","2026-06-03T11:27:28Z","2026-06-04","2031-06-20","","FALSE","BBSF","FALSE","FALSE","","21,000,000","","EUR","","","","","","","","","","","","","","","","","","","","","","","","","0.01","","","","","","0.00914","","","","","","false","","","3","","","A004","","","","","","","","128465.05842","MNTH","","","","3","","","","UFRO","EUR","","","","","false","1","","","","","","","","","","FALSE","","","","","","","","","QZ5GD86QBKCC","NA/CDS Corp Idx","ITRAXX EUROPE SUB FINANCIALS"
"3479206612000000301","","NEWT","TRAD","2026-06-03T13:51:04Z","","CR","","I","TRUE","2026-06-03T13:51:04Z","2026-06-04","2031-06-20","","FALSE","BBSF","FALSE","FALSE","","15,000,000","","USD","","","","","","","","","","","","","","","","","","","","","","","","","0.05","","","","","","0.0108115","","","","","","false","","","3","","","A004","","","","","","","","1361827.50000","MNTH","","","","3","","","","UFRO","USD","","","","","false","0.99","","","","","","","","","","FALSE","","","","","","","","","QZHH8NT767RX","NA/CDS Corp Idx","CDX.NA.HY"
"3477742354000000201","","NEWT","TRAD","2026-06-03T12:04:51Z","","CR","","I","TRUE","2026-06-03T12:04:51Z","2026-06-04","2031-06-20","","","TWSF","FALSE","FALSE","","64,000,000","","USD","","","","","","","","","","","","","","","","","","","","","","","","","0.01","","","","","","0.005075","","","","","","false","","","3","","","A004","","","","","","","","1564527.14000","MNTH","","","","3","","","","UFRO","USD","","","","","false","1","","","","","","","","","","FALSE","","","","","","","","","QZ3WVVQG5T8K","NA/CDS Corp Idx","CDX.NA.IG"
"3472060139000000201","","NEWT","TRAD","2026-06-03T09:09:11Z","","CR","","I","TRUE","2026-06-03T09:09:11Z","2026-06-04","2031-06-20","","","TWSF","FALSE","FALSE","","2,000,000","","EUR","","","","","","","","","","","","","","","","","","","","","","","","","0.05","","","","","","0.0261125","","","","","","false","","","3","","","A004","","","","","","","","226934.24000","MNTH","","","","3","","","","UFRO","EUR","","","","","false","1","","","","","","","","","","FALSE","","","","","","","","","QZ3HM9KVK2WL","NA/CDS Corp Idx","ITRAXX EUROPE CROSSOVER"
"3480484797000000301","","NEWT","TRAD","2026-06-03T15:48:43Z","","CR","","I","TRUE","2026-06-03T15:48:43Z","2026-06-04","2031-06-20","","FALSE","BBSF","FALSE","FALSE","","5,000,000","","EUR","","","","","","","","","","","","","","","","","","","","","","","","","0.05","","","","","","0.02626875","","","","","","false","","","3","","","A004","","","","","","","","563650.38000","MNTH","","","","3","","","","UFRO","EUR","","","","","false","1","","","","","","","","","","FALSE","","","","","","","","","QZ3HM9KVK2WL","NA/CDS Corp Idx","ITRAXX EUROPE CROSSOVER"
"3480493369000000201","","NEWT","TRAD","2026-06-03T15:49:21Z","","CR","","I","TRUE","2026-06-03T15:49:21Z","2026-06-04","2031-06-20","","FALSE","BBSF","FALSE","FALSE","","5,000,000","","USD","","","","","","","","","","","","","","","","","","","","","","","","","0.01","","","","","","0.0051076","","","","","","false","","","3","","","A004","","","","","","","","121474.63408","MNTH","","","","3","","","","UFRO","USD","","","","","false","1","","","","","","","","","","FALSE","","","","","","","","","QZ3WVVQG5T8K","NA/CDS Corp Idx","CDX.NA.IG"
"3480314633000000101","","NEWT","TRAD","2026-06-03T15:35:32Z","","CR","","I","TRUE","2026-06-03T15:35:32Z","2026-06-04","2030-12-20","","FALSE","BBSF","FALSE","TRUE","","46,423,803+","","EUR","","","","","","","","","","","","","","","","","","","","","","","","","0.05","","","","","","0.022742","","","","","","false","","","3","","","A004","","","","","","","","5546567.31904","MNTH","","","","3","","","","UFRO","EUR","","","","","false","1","","","","","","","","","","TRUE","","","","0.003458","","3","","","QZ5F5FRS4TR9","NA/CDS Corp Idx","ITRAXX EUROPE CROSSOVER"
"3480459517000000101","","NEWT","TRAD","2026-06-03T15:46:45Z","","CR","","I","TRUE","2026-06-03T15:46:45Z","2026-06-04","2031-06-20","","FALSE","BBSF","FALSE","FALSE","","5,000,000","","EUR","","","","","","","","","","","","","","","","","","","","","","","","","0.05","","","","","","0.026219","","","","","","false","","","3","","","A004","","","","","","","","564823.27000","MNTH","","","","3","","","","UFRO","EUR","","","","","false","1","","","","","","","","","","FALSE","","","","","","","","","QZ3HM9KVK2WL","NA/CDS Corp Idx","ITRAXX EUROPE CROSSOVER"
"3479798564000000501","","NEWT","TRAD","2026-06-03T14:38:47Z","","CR","","I","TRUE","2026-06-03T14:38:47Z","2026-06-04","2028-12-20","","FALSE","BBSF","FALSE","TRUE","","69,000,000","","EUR","","","","","","","","","","","","","","","","","","","","","","","","","0.05","","","","","","0.016","","","","","","false","","","3","","","A004","","","","","","","","6053754.99602","MNTH","","","","3","","","","UFRO","EUR","","","","","false","0.94665","","","","","","","","","","TRUE","","","","0.00375","","3","","","QZ2Q1GQSPKPM","NA/CDS Corp Idx","ITRAXX EUROPE CROSSOVER"
"3479789911000000101","","NEWT","TRAD","2026-06-03T14:37:29Z","","CR","","I","TRUE","2026-06-03T14:37:29Z","2026-06-04","2030-12-20","","FALSE","BBSF","FALSE","TRUE","","163,343,009+","","EUR","","","","","","","","","","","","","","","","","","","","","","","","","0.01","","","","","","0.00486","","","","","","false","","","3","","","A004","","","","","","","","3928464.46548","MNTH","","","","3","","","","UFRO","EUR","","","","","false","1","","","","","","","","","","TRUE","","","","0.000135","","3","","","QZFB31MBHLT9","NA/CDS Corp Idx","ITRAXX EUROPE"
"3470170478000000201","","NEWT","TRAD","2026-06-03T08:36:23Z","","CR","","I","TRUE","2026-06-03T08:36:23Z","2026-06-04","2031-06-20","","FALSE","BBSF","FALSE","FALSE","","66,000,000","","EUR","","","","","","","","","","","","","","","","","","","","","","","","","0.01","","","","","","0.005325","","","","","","false","","","3","","","A004","","","","","","","","1585786.86000","MNTH","","","","3","","","","UFRO","EUR","","","","","false","1","","","","","","","","","","TRUE","","","","0.005325","","3","","","QZTQ4GTC5QMF","NA/CDS Corp Idx","ITRAXX EUROPE"
"3470202672000000101","","NEWT","TRAD","2026-06-03T08:36:57Z","","CR","","I","TRUE","2026-06-03T08:36:57Z","2026-06-04","2031-06-20","","","TWSF","FALSE","FALSE","","40,000,000","","EUR","","","","","","","","","","","","","","","","","","","","","","","","","0.01","","","","","","0.0056","","","","","","false","","","3","","","A004","","","","","","","","908580.57000","MNTH","","","","3","","","","UFRO","EUR","","","","","false","1","","","","","","","","","","FALSE","","","","","","","","","QZTB38W3WJ98","NA/CDS Corp Idx","ITRAXX EUROPE SENIOR FINANCIALS"
"3479906308000000601","3479906306000000401","CORR","","2026-06-03T14:50:58Z","","CR","","N","FALSE","2026-06-03T14:50:58Z","2025-09-22","2030-12-20","","FALSE","BILT","FALSE","FALSE","FALSE","500,000","","USD","","","","","","","","","","","","","","","","","","","","","","","","","0.01","","","","","","","","","","","","false","","","","","","A004","","","","","","","","1644.44000","MNTH","","","","3","","","","UFRO","USD","","","","","false","1","","","","","","","","","","FALSE","","","","","","","","","QZZQ6T5D30X7","NA/CDS Sov Idx","CDX.EM"
"3479648282000000201","","NEWT","TRAD","2026-06-03T14:24:41Z","FALSE","CR","","I","TRUE","2026-06-03T14:24:41Z","2026-06-03","2026-08-19","","","BILT","FALSE","FALSE","TRUE","400,000,000+","","USD","","","","","","","","","","","","","","","","","","","","","","","","2026-08-19","","","578,000","USD","","","0.0055","","","","0.0055","","false","","","3","","3","","","","","","","","","","","","","","","","","","","","","","","","false","1","","","","","","","","","","FALSE","","","","","","","","","QZ7WW76RFHN3","NA/CDS Idx Swt","NA/CDS Corp Idx"
"3479704999000000201","","NEWT","TRAD","2026-06-03T14:30:49Z","","CR","","N","TRUE","2026-06-03T14:30:49Z","2026-03-20","2031-06-20","","FALSE","TREU","FALSE","FALSE","FALSE","10,000","","USD","","","","","","","","","","","","","","","","","","","","","","","","","0.05","","","","","","","","","","","","false","","","","","","A004","","","","","","","","911.87000","MNTH","","","","3","","","","UFRO","USD","","","","","false","0.99","","","","","","","","","","FALSE","","","","","","","","","QZHH8NT767RX","NA/CDS Corp Idx","CDX.NA.HY"
"3483352715000000201","","NEWT","TRAD","2026-06-03T19:09:20Z","","CR","","I","TRUE","2026-06-03T19:09:20Z","2026-06-04","2031-06-20","","FALSE","BBSF","FALSE","FALSE","","25,000,000","","USD","","","","","","","","","","","","","","","","","","","","","","","","","0.01","","","","","","0.005108","","","","","","false","","","3","","","A004","","","","","","","","607327.53000","MNTH","","","","3","","","","UFRO","USD","","","","","false","1","","","","","","","","","","FALSE","","","","","","","","","QZ3WVVQG5T8K","NA/CDS Corp Idx","CDX.NA.IG"
"3483016446000000101","3479226582000000401","MODI","TRAD","2026-06-03T17:20:45Z","FALSE","CR","","N","FALSE","2026-06-03T13:26:51Z","2026-06-03","2026-06-04","","FALSE","BILT","FALSE","FALSE","TRUE","109,453,844","110,000,000","USD","USD","","","","","","","","","","","","","","","","","","","","","","","","0.037804","0.037804","","","","","","","","","","","false","","","","","","","","","","","","","","","EXPI","","","","1","","","","","","","USD","","","false","","","","","","","","","","","FALSE","","","","","","","","","QZ57DSB64DNJ","NA/CDS Corp SN","DTD 03/15/2025"
"3483097378000000101","","NEWT","TRAD","2026-06-03T17:48:33Z","","CR","","I","TRUE","2026-06-03T17:48:33Z","2026-06-04","2031-06-20","","FALSE","BBSF","FALSE","FALSE","","10,000,000","","USD","","","","","","","","","","","","","","","","","","","","","","","","","0.05","","","","","","0.010813","","","","","","false","","","3","","","A004","","","","","","","","909370.00000","MNTH","","","","3","","","","UFRO","USD","","","","","false","0.99","","","","","","","","","","FALSE","","","","","","","","","QZHH8NT767RX","NA/CDS Corp Idx","CDX.NA.HY"
"3483113888000000101","","NEWT","TRAD","2026-06-03T17:53:32Z","","CR","","I","TRUE","2026-06-03T17:53:32Z","2026-06-04","2031-06-20","","FALSE","BBSF","FALSE","FALSE","","15,000,000","","USD","","","","","","","","","","","","","","","","","","","","","","","","","0.05","","","","","","0.010813","","","","","","false","","","3","","","A004","","","","","","","","1364055.00000","MNTH","","","","3","","","","UFRO","USD","","","","","false","0.99","","","","","","","","","","FALSE","","","","","","","","","QZHH8NT767RX","NA/CDS Corp Idx","CDX.NA.HY"
"3481851765000000301","","NEWT","TRAD","2026-06-03T17:03:33Z","","CR","","I","FALSE","2026-06-03T17:03:33Z","2026-06-04","2031-06-20","","FALSE","BBSF","FALSE","FALSE","","4,000,000","","USD","","","","","","","","","","","","","","","","","","","","","","","","","0.01","","","","","","0.0097767","","","","","","false","","","3","","","A004","","","","","","","","80875.56000","MNTH","","","","3","","","","UFRO","USD","","","","","false","1","","","","","","","","","","FALSE","","","","","","","","","QZ4JMQKL3P03","NA/CDS Corp Idx","CDX.EM"
"3481513278000000101","","NEWT","TRAD","2026-06-03T16:43:14Z","","CR","","N","FALSE","2026-06-03T16:43:14Z","2026-06-04","2026-06-10","2031-06-20","FALSE","BILT","FALSE","FALSE","TRUE","17,000,000","","USD","","","","","","","","","","","","","","","","","","","","","","","","2026-06-10","0.05","","9,887.57847","USD","","","","","","","107.25","USD","false","","","","","1","A004","","","","","","","","","MNTH","","","","3","","","","","","","","","","false","","","","","","","","","","","FALSE","","","","","","","","","QZVK9BCP48T0","NA/CDS Idx Swt","NA/CDS Corp Idx"
"3483292679000000101","","NEWT","TRAD","2026-06-03T18:48:43Z","","CR","","I","TRUE","2026-06-03T18:48:43Z","2026-06-04","2031-06-20","","FALSE","BBSF","FALSE","FALSE","","15,000,000","","USD","","","","","","","","","","","","","","","","","","","","","","","","","0.05","","","","","","0.010812","","","","","","false","","","3","","","A004","","","","","","","","1362570.00000","MNTH","","","","3","","","","UFRO","USD","","","","","false","0.99","","","","","","","","","","FALSE","","","","","","","","","QZHH8NT767RX","NA/CDS Corp Idx","CDX.NA.HY"
"3483332102000000401","3483332099000000101","MODI","TRAD","2026-06-03T19:02:19Z","TRUE","CR","","I","TRUE","2026-06-03T19:01:57Z","2026-03-20","2031-06-20","","FALSE","TPSE","FALSE","FALSE","","50,000,000","","USD","","","","","","","","","","","","","","","","","","","","","","","","","0.01","","","","","","0.005105","","","","","","false","","","3","","","A004","","","","","","","","","MNTH","","","","3","","","","","","USD","","","","false","1","","","","","","","OTHR","","","FALSE","","","","","","","","","QZ3WVVQG5T8K","NA/CDS Corp Idx","CDX.NA.IG"
"3483332103000000501","","NEWT","TRAD","2026-06-03T19:02:23Z","","CR","","I","TRUE","2026-06-03T19:02:23Z","2026-06-04","2031-06-20","","FALSE","BBSF","FALSE","FALSE","","20,000,000","","USD","","","","","","","","","","","","","","","","","","","","","","","","","0.05","","","","","","0.01080975","","","","","","false","","","3","","","A004","","","","","","","","1812305.00000","MNTH","","","","3","","","","UFRO","USD","","","","","false","0.99","","","","","","","","","","FALSE","","","","","","","","","QZHH8NT767RX","NA/CDS Corp Idx","CDX.NA.HY"
"3483332099000000101","","NEWT","TRAD","2026-06-03T19:01:57Z","","CR","","I","TRUE","2026-06-03T19:01:57Z","2026-03-20","2031-06-20","","FALSE","TPSE","FALSE","FALSE","","50,000,000","","USD","","","","","","","","","","","","","","","","","","","","","","","","","0.01","","","","","","0.005105","","","","","","false","","","3","","","A004","","","","","","","","","MNTH","","","","3","","","","","","USD","","","","false","1","","","","","","","OTHR","","","FALSE","","","","","","","","","QZ3WVVQG5T8K","NA/CDS Corp Idx","CDX.NA.IG"
"3483335487000000101","","NEWT","TRAD","2026-06-03T19:03:13Z","","CR","","I","TRUE","2026-06-03T19:03:13Z","2026-03-20","2031-06-20","","FALSE","TPSE","FALSE","FALSE","","75,000,000","","USD","","","","","","","","","","","","","","","","","","","","","","","","","0.01","","","","","","0.0051021","","","","","","false","","","3","","","A004","","","","","","","","","MNTH","","","","3","","","","","","USD","","","","false","1","","","","","","","OTHR","","","FALSE","","","","","","","","","QZ3WVVQG5T8K","NA/CDS Corp Idx","CDX.NA.IG"
"3483340918000000101","3483337504000000101","MODI","TRAD","2026-06-03T19:05:06Z","TRUE","CR","","I","TRUE","2026-06-03T19:04:07Z","2026-03-20","2031-06-20","","FALSE","TPSE","FALSE","FALSE","","75,000,000","","USD","","","","","","","","","","","","","","","","","","","","","","","","","0.01","","","","","","0.0051021","","","","","","false","","","3","","","A004","","","","","","","","","MNTH","","","","3","","","","","","USD","","","","false","1","","","","","","","OTHR","","","FALSE","","","","","","","","","QZ3WVVQG5T8K","NA/CDS Corp Idx","CDX.NA.IG"
"3483363510000000201","","NEWT","TRAD","2026-06-03T19:14:43Z","","CR","","I","TRUE","2026-06-03T19:14:43Z","2026-06-04","2031-06-20","","FALSE","BBSF","FALSE","FALSE","","100,000,000","","USD","","","","","","","","","","","","","","","","","","","","","","","","","0.01","","","","","","0.0051136","","","","","","false","","","3","","","A004","","","","","","","","2426720.37000","MNTH","","","","3","","","","UFRO","USD","","","","","false","1","","","","","","","","","","FALSE","","","","","","","","","QZ3WVVQG5T8K","NA/CDS Corp Idx","CDX.NA.IG"
"3483319141000000101","","NEWT","TRAD","2026-06-03T18:58:36Z","","CR","","I","TRUE","2026-06-03T18:58:36Z","2026-06-04","2031-06-20","","FALSE","BBSF","FALSE","TRUE","","250,000,000+","","USD","","","","","","","","","","","","","","","","","","","","","","","","","0.01","","","","","","0.005099","","","","","","false","","","3","","","A004","","","","","","","","6083663.36688","MNTH","","","","3","","","","UFRO","USD","","","","","false","1","","","","","","","","","","FALSE","","","","","","","","","QZ3WVVQG5T8K","NA/CDS Corp Idx","CDX.NA.IG"
"3483090211000000201","","NEWT","TRAD","2026-06-03T17:43:23Z","FALSE","CR","","N","FALSE","2026-06-03T17:43:23Z","2026-06-04","2030-12-20","","FALSE","BILT","FALSE","FALSE","FALSE","5,000,000","","USD","","","","","","","","","","","","","","","","","","","","","","","","","0.05","","","","","","","","","","","","false","","","","","","A004","","","","","","","","343778.56160","MNTH","","","","3","","","","UFRO","USD","","","","","false","1","","","","","","","","","","FALSE","","","","","","","","","QZ7ZRB20S7R5","NA/CDS Corp Idx Tra","CDX.NA.HY"
"3483359388000000201","","NEWT","TRAD","2026-06-03T19:12:21Z","","CR","","I","TRUE","2026-06-03T19:12:21Z","2026-06-04","2031-06-20","","FALSE","BBSF","FALSE","FALSE","","30,000,000","","USD","","","","","","","","","","","","","","","","","","","","","","","","","0.05","","","","","","0.010809","","","","","","false","","","3","","","A004","","","","","","","","2716230.00000","MNTH","","","","3","","","","UFRO","USD","","","","","false","0.99","","","","","","","","","","FALSE","","","","","","","","","QZHH8NT767RX","NA/CDS Corp Idx","CDX.NA.HY"
"3483360656000000101","","NEWT","TRAD","2026-06-03T19:13:31Z","","CR","","I","TRUE","2026-06-03T19:13:31Z","2026-06-04","2031-06-20","","FALSE","BBSF","FALSE","FALSE","","23,000,000","","USD","","","","","","","","","","","","","","","","","","","","","","","","","0.01","","","","","","0.005119","","","","","","false","","","3","","","A004","","","","","","","","557573.61842","MNTH","","","","3","","","","UFRO","USD","","","","","false","1","","","","","","","","","","FALSE","","","","","","","","","QZ3WVVQG5T8K","NA/CDS Corp Idx","CDX.NA.IG"
"3483366698000000101","","NEWT","TRAD","2026-06-03T19:16:54Z","","CR","","I","TRUE","2026-06-03T19:16:54Z","2026-06-04","2031-06-20","","FALSE","BBSF","FALSE","FALSE","","5,000,000","","USD","","","","","","","","","","","","","","","","","","","","","","","","","0.01","","","","","","0.005113","","","","","","false","","","3","","","A004","","","","","","","","121349.89000","MNTH","","","","3","","","","UFRO","USD","","","","","false","1","","","","","","","","","","FALSE","","","","","","","","","QZ3WVVQG5T8K","NA/CDS Corp Idx","CDX.NA.IG"
"3483316327000000101","","NEWT","NOVA","2026-06-03T18:57:10Z","","CR","","N","FALSE","2026-06-03T11:56:34Z","2026-06-04","2026-08-19","2031-06-20","FALSE","BILT","FALSE","FALSE","TRUE","70,000,000","","EUR","","","","","","","","","","","","","","","","","","","","","","","","2026-08-19","0.05","","290,500","EUR","","","","","","","325","EUR","false","","","","","1","A004","","","","","","","","","MNTH","","","","3","","","","","","","","","","false","","","","","","","","","","","FALSE","","","","","","","","","QZTL0V3X916X","NA/CDS Idx Swt","NA/CDS Corp Idx"
"3483378280000000201","","NEWT","TRAD","2026-06-03T19:23:38Z","","CR","","I","FALSE","2026-06-03T19:23:38Z","2026-06-04","2031-06-20","","","TWSF","FALSE","FALSE","","25,000,000","","USD","","","","","","","","","","","","","","","","","","","","","","","","","0.05","","","","","","0.01080875","","","","","","false","","","3","","","A004","","","","","","","","2262906.25000","MNTH","","","","3","","","","UFRO","USD","","","","","false","0.99","","","","","","","","","","FALSE","","","","","","","","","QZHH8NT767RX","NA/CDS Corp Idx","CDX.NA.HY"
"3483343291000000301","","NEWT","TRAD","2026-06-03T18:58:29Z","","CR","","N","FALSE","2026-06-03T18:58:29Z","2026-06-05","2115-09-15","2115-09-15","TRUE","BILT","FALSE","FALSE","TRUE","230,000,000","","USD","","","","","","","","","","","","","","","","","","","","","","","","","","","","","","","1","","","","","","false","","","4","","","","","A004","","DAIL","","1","","","","","","","","","","","","","USD","","","","true","","","","","","","","OPET","","","FALSE","","","","","","","","","QZWBC8GZ8TBN","NA/CDS Corp Oth","Basket"
"3482964244000000101","","NEWT","TRAD","2026-06-03T17:22:20Z","","CR","","I","TRUE","2026-06-03T17:22:20Z","2026-06-04","2030-12-20","","FALSE","BBSF","FALSE","FALSE","","4,000,000","","USD","","","","","","","","","","","","","","","","","","","","","","","","","0.05","","","","","","0.01081868","","","","","","false","","","3","","","A004","","","","","","","","362301.24861","MNTH","","","","3","","","","UFRO","USD","","","","","false","0.98","","","","","","","","","","FALSE","","","","","","","","","QZMD5JCHG48C","NA/CDS Corp Idx","CDX.NA.HY"
"3481716511000000201","","NEWT","TRAD","2026-06-03T16:57:51Z","","CR","","N","FALSE","2026-06-03T16:57:51Z","2026-06-03","2026-06-17","2031-06-20","FALSE","BILT","FALSE","FALSE","TRUE","1,000,000","","USD","","","","","","","","","","","","","","","","","","","","","","","","2026-06-17","0.05","","3,687.75","USD","","","","","","","0.0108","","false","","","","","3","A004","","","","","","","","","MNTH","","","","3","","","","","","","","","","false","0.99","","","","","","","","","","FALSE","","","","","","","","","QZHJMSG8W2ZX","NA/CDS Idx Swt","NA/CDS Corp Idx"
"3482595797000000801","","NEWT","TRAD","2026-06-03T16:58:37Z","","CR","","N","FALSE","2026-06-03T16:58:37Z","2026-06-05","2031-03-15","2031-03-15","TRUE","BILT","FALSE","FALSE","TRUE","9,000,000","","USD","","","","","","","","","","","","","","","","","","","","","","","","","","","","","","","1","","","","","","false","","","4","","","","","A004","","DAIL","","1","","","","","","","","","","","","","USD","","","","true","","","","","","","","OPET","","","FALSE","","","","","","","","","QZWBC8GZ8TBN","NA/CDS Corp Oth","Basket"
"3482595795000000601","","NEWT","TRAD","2026-06-03T16:59:02Z","","CR","","N","FALSE","2026-06-03T16:59:02Z","2026-06-05","2065-10-15","2065-10-15","TRUE","BILT","FALSE","FALSE","TRUE","11,000,000","","USD","","","","","","","","","","","","","","","","","","","","","","","","","","","","","","","1","","","","","","false","","","4","","","","","A004","","DAIL","","1","","","","","","","","","","","","","USD","","","","true","","","","","","","","OPET","","","FALSE","","","","","","","","","QZWBC8GZ8TBN","NA/CDS Corp Oth","Basket"
"3483005687000000201","","NEWT","TRAD","2026-06-03T16:09:40Z","","CR","","N","FALSE","2026-06-03T16:09:40Z","2026-03-20","2026-09-16","","FALSE","BILT","FALSE","FALSE","TRUE","400,000,000+","","USD","","","","","","","","","","","","","","","","","","","","","","","","2026-09-16","0.0085","","194,000","USD","","","1","","","","0.85","USD","false","","","3","","3","A004","","","","","","","","","MNTH","","","","3","","","","","","","","","","false","","","","","","","","","","","FALSE","","","","","","","","","QZ7WW76RFHN3","NA/CDS Idx Swt","NA/CDS Corp Idx"
"3483031921000000101","","NEWT","TRAD","2026-06-03T17:31:48Z","","CR","","I","TRUE","2026-06-03T17:31:48Z","2026-06-04","2031-06-20","","FALSE","BBSF","FALSE","FALSE","","50,000,000","","USD","","","","","","","","","","","","","","","","","","","","","","","","","0.01","","","","","","0.005103","","","","","","false","","","3","","","A004","","","","","","","","1215811.26000","MNTH","","","","3","","","","UFRO","USD","","","","","false","1","","","","","","","","","","FALSE","","","","","","","","","QZ3WVVQG5T8K","NA/CDS Corp Idx","CDX.NA.IG"
"3470372234000000101","","NEWT","TRAD","2026-06-03T08:39:25Z","","CR","","I","TRUE","2026-06-03T08:39:25Z","2026-06-04","2031-06-20","","FALSE","BBSF","FALSE","TRUE","","36,000,000","","EUR","","","","","","","","","","","","","","","","","","","","","","","","","0.05","","","","","","0.026125","","","","","","false","","","3","","","A004","","","","","","","","4082692.51000","MNTH","","","","3","","","","UFRO","EUR","","","","","false","1","","","","","","","","","","FALSE","","","","","","","","","QZ3HM9KVK2WL","NA/CDS Corp Idx","ITRAXX EUROPE CROSSOVER"
"3478491432000000101","","NEWT","TRAD","2026-06-03T12:55:22Z","","CR","","I","TRUE","2026-06-03T12:55:22Z","2026-06-04","2031-06-20","","FALSE","BBSF","FALSE","FALSE","","50,000,000","","USD","","","","","","","","","","","","","","","","","","","","","","","","","0.01","","","","","","0.005084","","","","","","false","","","3","","","A004","","","","","","","","1220205.24000","MNTH","","","","3","","","","UFRO","USD","","","","","false","1","","","","","","","","","","FALSE","","","","","","","","","QZ3WVVQG5T8K","NA/CDS Corp Idx","CDX.NA.IG"
"3479763381000000101","","NEWT","TRAD","2026-06-03T14:34:43Z","","CR","","I","TRUE","2026-06-03T14:34:43Z","2026-06-04","2031-06-20","","FALSE","BBSF","FALSE","FALSE","","3,000,000","","USD","","","","","","","","","","","","","","","","","","","","","","","","","0.01","","","","","","0.0050783","","","","","","false","","","3","","","A004","","","","","","","","73291.70826","MNTH","","","","3","","","","UFRO","USD","","","","","false","1","","","","","","","","","","FALSE","","","","","","","","","QZ3WVVQG5T8K","NA/CDS Corp Idx","CDX.NA.IG"
"3479763383000000301","","NEWT","TRAD","2026-06-03T14:34:51Z","","CR","","I","TRUE","2026-06-03T14:34:51Z","2026-06-04","2031-06-20","","FALSE","BBSF","FALSE","FALSE","","60,000,000","","USD","","","","","","","","","","","","","","","","","","","","","","","","","0.01","","","","","","0.0050783","","","","","","false","","","3","","","A004","","","","","","","","1465828.28000","MNTH","","","","3","","","","UFRO","USD","","","","","false","1","","","","","","","","","","FALSE","","","","","","","","","QZ3WVVQG5T8K","NA/CDS Corp Idx","CDX.NA.IG"
"3479640235000000601","","NEWT","TRAD","2026-06-03T14:24:00Z","","CR","","I","TRUE","2026-06-03T14:24:00Z","2026-06-04","2030-12-20","","FALSE","BBSF","FALSE","TRUE","","46,423,803+","","EUR","","","","","","","","","","","","","","","","","","","","","","","","","0.05","","","","","","0.022779","","","","","","false","","","3","","","A004","","","","","","","","5539024.07484","MNTH","","","","3","","","","UFRO","EUR","","","","","false","1","","","","","","","","","","TRUE","","","","0.00345","","3","","","QZ5F5FRS4TR9","NA/CDS Corp Idx","ITRAXX EUROPE CROSSOVER"
"3479675722000000101","","NEWT","TRAD","2026-06-03T14:28:02Z","","CR","","I","TRUE","2026-06-03T14:28:02Z","2026-06-04","2031-06-20","","","TWSF","FALSE","FALSE","","6,000,000","","USD","","","","","","","","","","","","","","","","","","","","","","","","","0.05","","","","","","0.0108146","","","","","","false","","","3","","","A004","","","","","","","","546574.54216","MNTH","","","","3","","","","UFRO","USD","","","","","false","0.99","","","","","","","","","","FALSE","","","","","","","","","QZHH8NT767RX","NA/CDS Corp Idx","CDX.NA.HY"
"3479436083000000201","3456773697000000101","CORR","","2026-06-03T14:07:24Z","","CR","","N","FALSE","2026-06-02T16:03:46Z","2026-06-02","2026-07-15","2031-06-20","FALSE","BILT","FALSE","FALSE","TRUE","400,000,000+","","USD","","","","","","","","","","","","","","","","","","","","","","","","2026-07-15","0.01","","187,600","USD","","","","","","","0.006","","false","","","","","3","A004","","","","","","","","","MNTH","","","","3","","","","","","","","","","false","1","","","","","","","","","","FALSE","","","","","","","","","QZT4QS79CCTS","NA/CDS Idx Swt","NA/CDS Corp Idx"
"3479586229000000401","","NEWT","TRAD","2026-06-03T14:16:14Z","","CR","","I","FALSE","2026-06-03T14:16:14Z","2026-06-03","2026-07-15","2031-06-20","FALSE","BILT","FALSE","FALSE","TRUE","25,000,000","","USD","","","","","","","","","","","","","","","","","","","","","","","","2026-07-15","0.05","","47,025","USD","","","","","","","0.01055","","false","","","","","3","A004","","","","","","","","","MNTH","","","","3","","","","","","","","","","false","0.99","","","","","","","","","","FALSE","","","","","","","","","QZHJMSG8W2ZX","NA/CDS Idx Swt","NA/CDS Corp Idx"
"3479836584000000201","","NEWT","TRAD","2026-06-03T14:42:45Z","","CR","","I","TRUE","2026-06-03T14:42:45Z","2026-06-04","2031-06-20","","FALSE","BBSF","FALSE","FALSE","","50,000,000","","USD","","","","","","","","","","","","","","","","","","","","","","","","","0.01","","","","","","0.00507695","","","","","","false","","","3","","","A004","","","","","","","","1221835.81000","MNTH","","","","3","","","","UFRO","USD","","","","","false","1","","","","","","","","","","FALSE","","","","","","","","","QZ3WVVQG5T8K","NA/CDS Corp Idx","CDX.NA.IG"
"3479798561000000201","","NEWT","TRAD","2026-06-03T14:38:29Z","","CR","","I","TRUE","2026-06-03T14:38:29Z","2026-06-04","2031-06-20","","FALSE","BBSF","FALSE","FALSE","","8,000,000","","USD","","","","","","","","","","","","","","","","","","","","","","","","","0.01","","","","","","0.005079","","","","","","false","","","3","","","A004","","","","","","","","195417.87000","MNTH","","","","3","","","","UFRO","USD","","","","","false","1","","","","","","","","","","FALSE","","","","","","","","","QZ3WVVQG5T8K","NA/CDS Corp Idx","CDX.NA.IG"
"3479794022000000101","","NEWT","TRAD","2026-06-03T14:38:13Z","","CR","","I","TRUE","2026-06-03T14:38:13Z","2026-06-04","2031-06-20","","FALSE","BBSF","FALSE","FALSE","","2,000,000","","EUR","","","","","","","","","","","","","","","","","","","","","","","","","0.05","","","","","","0.026197","","","","","","false","","","3","","","A004","","","","","","","","226136.49237","MNTH","","","","3","","","","UFRO","EUR","","","","","false","1","","","","","","","","","","FALSE","","","","","","","","","QZ3HM9KVK2WL","NA/CDS Corp Idx","ITRAXX EUROPE CROSSOVER"
"3479726119000000101","","NEWT","TRAD","2026-06-03T14:27:50Z","","CR","","I","TRUE","2026-06-03T14:27:50Z","2026-06-03","2029-12-20","","","GFSO","FALSE","FALSE","TRUE","50,000,000","","EUR","","","","","","","","","","","","","","","","","","","","","","","","","0.05","","","","","","","","","","","","false","","","","","","A004","","","","","","","","5240179.00000","MNTH","","","","3","","","","UFRO","EUR","","","","","false","0.95999","","","","","","","","","","FALSE","","","","","","","","","QZC9WN4TPTDV","NA/CDS Corp Idx","ITRAXX EUROPE CROSSOVER"
"3479767446000000101","3479757578000000301","MODI","TRAD","2026-06-03T14:35:29Z","TRUE","CR","","I","TRUE","2026-06-03T14:34:11Z","2026-03-20","2031-06-20","","FALSE","TPSE","FALSE","FALSE","","50,000,000","","USD","","","","","","","","","","","","","","","","","","","","","","","","","0.01","","","","","","0.005077","","","","","","false","","","3","","","A004","","","","","","","","","MNTH","","","","3","","","","","","USD","","","","false","1","","","","","","","OTHR","","","FALSE","","","","","","","","","QZ3WVVQG5T8K","NA/CDS Corp Idx","CDX.NA.IG"
"3479767448000000301","","NEWT","TRAD","2026-06-03T14:35:41Z","","CR","","I","TRUE","2026-06-03T14:35:41Z","2026-06-04","2031-06-20","","FALSE","BBSF","FALSE","FALSE","","28,000,000","","EUR","","","","","","","","","","","","","","","","","","","","","","","","","0.01","","","","","","0.0053572","","","","","","false","","","3","","","A004","","","","","","","","668453.15666","MNTH","","","","3","","","","UFRO","EUR","","","","","false","1","","","","","","","","","","FALSE","","","","","","","","","QZTQ4GTC5QMF","NA/CDS Corp Idx","ITRAXX EUROPE"
"3469174302000000101","","NEWT","TRAD","2026-06-03T08:20:56Z","","CR","","I","TRUE","2026-06-03T08:20:56Z","2026-06-04","2030-12-20","","FALSE","BBSF","FALSE","FALSE","","10,000,000","","EUR","","","","","","","","","","","","","","","","","","","","","","","","","0.05","","","","","","0.0225872","","","","","","false","","","3","","","A004","","","","","","","","1201566.35000","MNTH","","","","3","","","","UFRO","EUR","","","","","false","1","","","","","","","","","","FALSE","","","","","","","","","QZ5F5FRS4TR9","NA/CDS Corp Idx","ITRAXX EUROPE CROSSOVER"
"3483133824000000201","","NEWT","TRAD","2026-06-03T18:00:17Z","","CR","","I","TRUE","2026-06-03T18:00:17Z","2026-06-04","2031-06-20","","FALSE","BBSF","FALSE","FALSE","","30,000,000","","USD","","","","","","","","","","","","","","","","","","","","","","","","","0.01","","","","","","0.0051","","","","","","false","","","3","","","A004","","","","","","","","729903.00000","MNTH","","","","3","","","","UFRO","USD","","","","","false","1","","","","","","","","","","TRUE","0.108","","3","","","","","","QZ3WVVQG5T8K","NA/CDS Corp Idx","CDX.NA.IG"
"3483055996000000101","3483039898000000501","TERM","ETRM","2026-06-03T17:38:52Z","","CR","","N","","2026-06-03T17:35:42Z","2026-06-04","2026-06-17","2031-06-20","FALSE","BILT","FALSE","","FALSE","400,000,000+","","USD","","","","","","","","","","","","","","","","","","","","","","","","2026-06-17","0.01","","30,000","USD","","","","","","","60","USD","false","","","","","1","","","","","","","","","","","","","","","","","","","","","","","","false","","","","","","","","","","","FALSE","","","","","","","","","QZ7WW76RFHN3","NA/CDS Idx Swt","NA/CDS Corp Idx"
"3483034847000000101","","NEWT","TRAD","2026-06-03T17:31:28Z","","CR","","N","FALSE","2026-06-03T17:31:28Z","2026-06-03","2026-09-16","2031-06-20","FALSE","BILT","FALSE","FALSE","TRUE","240,000,000","","USD","","","","","","","","","","","","","","","","","","","","","","","","2026-09-16","0.01","","348,001.566","USD","","","","","","","0.006","","false","","","","","3","A004","","","","","","","","","MNTH","","","","3","","","","","","","","","","false","1","","","","","","","","","","FALSE","","","","","","","","","QZT4QS79CCTS","NA/CDS Idx Swt","NA/CDS Corp Idx"
"3483141805000000201","","NEWT","TRAD","2026-06-03T18:03:20Z","","CR","","I","TRUE","2026-06-03T18:03:20Z","2026-03-20","2031-06-20","","FALSE","TPSE","FALSE","FALSE","","200,000,000","","USD","","","","","","","","","","","","","","","","","","","","","","","","","0.01","","","","","","0.00509","","","","","","false","","","3","","","A004","","","","","","","","","MNTH","","","","3","","","","","","USD","","","","false","1","","","","","","","OTHR","","","FALSE","","","","","","","","","QZ3WVVQG5T8K","NA/CDS Corp Idx","CDX.NA.IG"
"3483039896000000301","","NEWT","TRAD","2026-06-03T17:35:21Z","","CR","","N","FALSE","2026-06-03T17:35:21Z","2026-06-04","2026-09-16","2031-06-20","FALSE","BILT","FALSE","FALSE","TRUE","400,000,000+","","USD","","","","","","","","","","","","","","","","","","","","","","","","2026-09-16","0.01","","588,000","USD","","","","","","","60","USD","false","","","","","1","A004","","","","","","","","","MNTH","","","","3","","","","","","","","","","false","","","","","","","","","","","FALSE","","","","","","","","","QZ7WW76RFHN3","NA/CDS Idx Swt","NA/CDS Corp Idx"
"3483224944000000101","","NEWT","TRAD","2026-06-03T18:25:18Z","","CR","","I","TRUE","2026-06-03T18:25:18Z","2026-06-04","2031-06-20","","FALSE","BBSF","FALSE","FALSE","","9,000,000","","USD","","","","","","","","","","","","","","","","","","","","","","","","","0.05","","","","","","0.010815","","","","","","false","","","3","","","A004","","","","","","","","820212.26595","MNTH","","","","3","","","","UFRO","USD","","","","","false","0.99","","","","","","","","","","FALSE","","","","","","","","","QZHH8NT767RX","NA/CDS Corp Idx","CDX.NA.HY"
"3483235873000000201","","NEWT","TRAD","2026-06-03T18:28:54Z","","CR","","I","TRUE","2026-06-03T18:28:54Z","2026-06-04","2031-06-20","","","TWSF","FALSE","FALSE","","37,000,000","","USD","","","","","","","","","","","","","","","","","","","","","","","","","0.05","","","","","","0.01081407","","","","","","false","","","3","","","A004","","","","","","","","3368600.81415","MNTH","","","","3","","","","UFRO","USD","","","","","false","0.99","","","","","","","","","","FALSE","","","","","","","","","QZHH8NT767RX","NA/CDS Corp Idx","CDX.NA.HY"
"3483272883000000101","","NEWT","TRAD","2026-06-03T18:42:15Z","","CR","","I","TRUE","2026-06-03T18:42:15Z","2026-03-20","2031-06-20","","FALSE","TPSE","FALSE","FALSE","","25,000,000","","USD","","","","","","","","","","","","","","","","","","","","","","","","","0.05","","","","","","108.121","","USD","","","","false","","","1","","","A004","","","","","","","","","MNTH","","","","3","","","","","","USD","","","","false","0.99","","","","","","","OTHR","","","FALSE","","","","","","","","","QZHH8NT767RX","NA/CDS Corp Idx","CDX.NA.HY"
"3483100974000000101","","NEWT","TRAD","2026-06-03T17:49:51Z","","CR","","I","TRUE","2026-06-03T17:49:51Z","2026-03-20","2031-06-20","","FALSE","TPSE","FALSE","FALSE","","15,000,000","","USD","","","","","","","","","","","","","","","","","","","","","","","","","0.05","","","","","","108.128","","USD","","","","false","","","1","","","A004","","","","","","","","","MNTH","","","","3","","","","","","USD","","","","false","0.99","","","","","","","OTHR","","","FALSE","","","","","","","","","QZHH8NT767RX","NA/CDS Corp Idx","CDX.NA.HY"
"3483103107000000101","3483100974000000101","MODI","TRAD","2026-06-03T17:50:16Z","TRUE","CR","","I","TRUE","2026-06-03T17:49:51Z","2026-03-20","2031-06-20","","FALSE","TPSE","FALSE","FALSE","","15,000,000","","USD","","","","","","","","","","","","","","","","","","","","","","","","","0.05","","","","","","108.128","","USD","","","","false","","","1","","","A004","","","","","","","","","MNTH","","","","3","","","","","","USD","","","","false","0.99","","","","","","","OTHR","","","FALSE","","","","","","","","","QZHH8NT767RX","NA/CDS Corp Idx","CDX.NA.HY"
"3483053316000000201","","NEWT","NOVA","2026-06-03T17:37:32Z","","CR","","I","TRUE","2026-06-03T17:37:32Z","2026-03-20","2031-06-20","2031-06-20","FALSE","BILT","FALSE","FALSE","FALSE","2,000,000","","EUR","","","","","","","","","","","","","","","","","","","","","","","","","0.05","","","","","","","","","","","","false","","","","","","A004","","","","","","","","","MNTH","","","","3","","","","","","","","","","false","1","","","","","","","","","","FALSE","","","","","","","","","QZ3HM9KVK2WL","NA/CDS Corp Idx","ITRAXX EUROPE CROSSOVER"
"3483055997000000201","2805451236000000501","TERM","ETRM","2026-06-03T17:38:55Z","","CR","","N","","2026-04-21T13:06:55Z","2026-04-22","2026-06-17","2031-06-20","FALSE","BILT","FALSE","","FALSE","400,000,000+","","USD","","","","","","","","","","","","","","","","","","","","","","","","2026-06-17","0.01","","500,000","USD","","","","","","","60","USD","false","","","","","1","","","","","","","","","","","","","","","","","","","","","","","","false","","","","","","","","","","","FALSE","","","","","","","","","QZ7WW76RFHN3","NA/CDS Idx Swt","NA/CDS Corp Idx"
"3483252558000000101","","NEWT","TRAD","2026-06-03T18:23:55Z","","CR","","N","FALSE","2026-06-03T18:23:55Z","2026-09-16","2026-09-16","2031-06-20","FALSE","BILT","FALSE","FALSE","FALSE","250,000,000","","USD","","","","","","","","","","","","","","","","","","","","","","","","2026-09-16","0.01","","208,750","USD","","","","","","","0.007","","false","","","","","3","A004","","","","","","","","","MNTH","","","","3","","","","","","","","","","false","","","","","","","","","","","FALSE","","","","","","","","","QZ9Z7H8JV03N","NA/CDS Idx Swt","NA/CDS Corp Idx"
"3479884559000000101","","NEWT","TRAD","2026-06-03T14:48:01Z","","CR","","I","TRUE","2026-06-03T14:48:01Z","2026-06-04","2031-06-20","","FALSE","BBSF","FALSE","FALSE","","20,000,000","","USD","","","","","","","","","","","","","","","","","","","","","","","","","0.01","","","","","","0.005083","","","","","","false","","","3","","","A004","","","","","","","","488174.61000","MNTH","","","","3","","","","UFRO","USD","","","","","false","1","","","","","","","","","","FALSE","","","","","","","","","QZ3WVVQG5T8K","NA/CDS Corp Idx","CDX.NA.IG"
"3479879698000000101","","NEWT","TRAD","2026-06-03T14:47:16Z","","CR","","I","FALSE","2026-06-03T14:47:16Z","2026-06-04","2031-06-20","","FALSE","BBSF","FALSE","FALSE","","10,000,000","","USD","","","","","","","","","","","","","","","","","","","","","","","","","0.01","","","","","","0.0097792","","","","","","false","","","3","","","A004","","","","","","","","199688.89000","MNTH","","","","3","","","","UFRO","USD","","","","","false","1","","","","","","","","","","FALSE","","","","","","","","","QZ4JMQKL3P03","NA/CDS Corp Idx","CDX.EM"
"3479631086000000601","","NEWT","TRAD","2026-06-03T14:20:44Z","","CR","","N","FALSE","2026-06-03T14:20:44Z","2026-06-03","2026-10-21","2031-06-20","FALSE","BILT","FALSE","FALSE","TRUE","400,000,000+","","USD","","","","","","","","","","","","","","","","","","","","","","","","2026-10-21","0.01","","796,000","USD","","","","","","","0.006","","false","","","","","3","A004","","","","","","","","","MNTH","","","","3","","","","","","","","","","false","1","","","","","","","","","","FALSE","","","","","","","","","QZT4QS79CCTS","NA/CDS Idx Swt","NA/CDS Corp Idx"
"3479767447000000201","","NEWT","TRAD","2026-06-03T14:35:32Z","","CR","","I","TRUE","2026-06-03T14:35:32Z","2026-06-04","2031-06-20","","FALSE","BBSF","FALSE","FALSE","","1,000,000","","EUR","","","","","","","","","","","","","","","","","","","","","","","","","0.01","","","","","","0.005358","","","","","","false","","","3","","","A004","","","","","","","","23869.31286","MNTH","","","","3","","","","UFRO","EUR","","","","","false","1","","","","","","","","","","FALSE","","","","","","","","","QZTQ4GTC5QMF","NA/CDS Corp Idx","ITRAXX EUROPE"
"3483129693000000101","3481451094000000201","EROR","","2026-06-03T17:58:30Z","","CR","","I","TRUE","2026-06-03T16:35:06Z","2026-03-20","2031-06-20","","","BILT","FALSE","FALSE","FALSE","100,000,000","","USD","","","","","","","","","","","","","","","","","","","","","","","","","0.01","","","","","","","","","","","","false","","","","","","A004","","","","","","","","2429541.00000","MNTH","","","","3","","","","UFRO","USD","","","","","false","1","","","","","","","","","","FALSE","","","","","","","","","QZ3WVVQG5T8K","NA/CDS Corp Idx","CDX.NA.IG"
"3483135010000000101","","NEWT","TRAD","2026-06-03T17:57:46Z","","CR","","I","TRUE","2026-06-03T17:57:46Z","2026-03-20","2031-06-20","","","BILT","FALSE","FALSE","FALSE","20,000,000","","USD","","","","","","","","","","","","","","","","","","","","","","","","","0.01","","","","","","","","","","","","false","","","","","","A004","","","","","","","","487666.00000","MNTH","","","","3","","","","UFRO","USD","","","","","false","1","","","","","","","","","","FALSE","","","","","","","","","QZ3WVVQG5T8K","NA/CDS Corp Idx","CDX.NA.IG"
"3483135114000000101","3483133823000000101","MODI","TRAD","2026-06-03T18:01:03Z","TRUE","CR","","I","TRUE","2026-06-03T18:00:07Z","2026-03-20","2031-06-20","","FALSE","TPSE","FALSE","FALSE","","20,000,000","","USD","","","","","","","","","","","","","","","","","","","","","","","","","0.01","","","","","","0.0050885","","","","","","false","","","3","","","A004","","","","","","","","","MNTH","","","","3","","","","","","USD","","","","false","1","","","","","","","OTHR","","","FALSE","","","","","","","","","QZ3WVVQG5T8K","NA/CDS Corp Idx","CDX.NA.IG"
"3483092877000000101","","NEWT","TRAD","2026-06-03T17:45:24Z","","CR","","N","FALSE","2026-06-03T17:45:24Z","2024-09-20","2029-12-20","2029-12-20","FALSE","BILT","FALSE","FALSE","TRUE","20,000,000","","USD","","","","","","","","","","","","","","","","","","","","","","","","","0.05","","","","","","","","","","","","false","","","","","","A004","","","","","","","","2257111.11000","MNTH","","","","3","","","","UFRO","USD","","","","","false","0.98","","","","","","","","","","FALSE","","","","","","","","","QZXZSGW62G18","NA/CDS Corp Idx Tra","CDX.NA.HY"
"3483161792000000101","","NEWT","TRAD","2026-06-03T18:08:06Z","","CR","","I","TRUE","2026-06-03T18:08:06Z","2026-06-04","2030-12-20","","FALSE","BBSF","FALSE","TRUE","","65,000,000","","USD","","","","","","","","","","","","","","","","","","","","","","","","","0.05","","","","","","0.01082459","","","","","","false","","","3","","","A004","","","","","","","","5925027.19000","MNTH","","","","3","","","","UFRO","USD","","","","","false","0.98","","","","","","","","","","TRUE","","","","0.00000934","","3","","","QZMD5JCHG48C","NA/CDS Corp Idx","CDX.NA.HY"
"3483118632000000201","3480350099000000201","CORR","","2026-06-03T17:55:19Z","","CR","","N","FALSE","2026-06-03T15:35:53Z","2026-03-20","2026-07-15","2031-06-20","FALSE","BILT","FALSE","FALSE","TRUE","60,000,000","","USD","","","","","","","","","","","","","","","","","","","","","","","","2026-07-15","0.05","","184,140","USD","","","","","","","106.5","USD","false","","","","","1","A004","","","","","","","","","MNTH","","","","3","","","","","","","","","","false","1","","","","","","","","","","FALSE","","","","","","","","","QZ8V3P8GM5FP","NA/CDS Idx Swt","NA/CDS Corp Idx"
"3483095461000000101","","NEWT","TRAD","2026-06-03T17:44:57Z","FALSE","CR","","N","FALSE","2026-06-03T17:44:57Z","2026-06-04","2029-12-20","","FALSE","BILT","FALSE","FALSE","TRUE","14,000,000","","USD","","","","","","","","","","","","","","","","","","","","","","","","","0.05","","","","","","","","","","","","false","","","","","","A004","","","","","","","","1547775.03600","MNTH","","","","3","","","","UFRO","USD","","","","","false","1","","","","","","","","","","FALSE","","","","","","","","","QZXZSGW62G18","NA/CDS Corp Idx Tra","CDX.NA.HY"
"3483133823000000101","","NEWT","TRAD","2026-06-03T18:00:07Z","","CR","","I","TRUE","2026-06-03T18:00:07Z","2026-03-20","2031-06-20","","FALSE","TPSE","FALSE","FALSE","","20,000,000","","USD","","","","","","","","","","","","","","","","","","","","","","","","","0.01","","","","","","0.0050885","","","","","","false","","","3","","","A004","","","","","","","","","MNTH","","","","3","","","","","","USD","","","","false","1","","","","","","","OTHR","","","FALSE","","","","","","","","","QZ3WVVQG5T8K","NA/CDS Corp Idx","CDX.NA.IG"
"3483249451000000101","","NEWT","TRAD","2026-06-03T18:31:59Z","","CR","","I","FALSE","2026-06-03T18:31:59Z","2026-06-04","2031-06-20","","","TWSF","FALSE","FALSE","","120,000,000","","USD","","","","","","","","","","","","","","","","","","","","","","","","","0.01","","","","","","0.005085","","","","","","false","","","3","","","A004","","","","","","","","2927929.69906","MNTH","","","","3","","","","UFRO","USD","","","","","false","1","","","","","","","","","","TRUE","","","","0.005085","","3","","","QZ3WVVQG5T8K","NA/CDS Corp Idx","CDX.NA.IG"
"3470630329000000201","","NEWT","TRAD","2026-06-03T08:44:06Z","","CR","","I","TRUE","2026-06-03T08:43:57Z","2026-06-04","2031-06-20","","","TWEM","FALSE","FALSE","FALSE","50,000,000","","EUR","","","","","","","","","","","","","","","","","","","","","","","","","0.01","","","","","","","","","","","","false","","","","","","A004","","","","","","","","1198009.05000","MNTH","","","","3","","","","UFRO","EUR","","","","","false","1","","","","","","","","","","FALSE","","","","","","","","","QZTQ4GTC5QMF","NA/CDS Corp Idx","ITRAXX EUROPE"
"3483255266000000401","","NEWT","TRAD","2026-06-03T18:34:28Z","","CR","","I","TRUE","2026-06-03T18:34:28Z","2026-06-04","2031-06-20","","FALSE","BBSF","FALSE","FALSE","","10,000,000","","USD","","","","","","","","","","","","","","","","","","","","","","","","","0.05","","","","","","0.01081515","","","","","","false","","","3","","","A004","","","","","","","","911498.50000","MNTH","","","","3","","","","UFRO","USD","","","","","false","0.99","","","","","","","","","","FALSE","","","","","","","","","QZHH8NT767RX","NA/CDS Corp Idx","CDX.NA.HY"
"3483255265000000301","","NEWT","TRAD","2026-06-03T18:34:27Z","","CR","","I","TRUE","2026-06-03T18:34:27Z","2026-06-04","2031-06-20","","FALSE","BBSF","FALSE","FALSE","","12,000,000","","USD","","","","","","","","","","","","","","","","","","","","","","","","","0.05","","","","","","0.0108145","","","","","","false","","","3","","","A004","","","","","","","","1093024.69690","MNTH","","","","3","","","","UFRO","USD","","","","","false","0.99","","","","","","","","","","FALSE","","","","","","","","","QZHH8NT767RX","NA/CDS Corp Idx","CDX.NA.HY"
"3483274096000000101","","NEWT","TRAD","2026-06-03T18:42:30Z","","CR","","I","TRUE","2026-06-03T18:42:30Z","2026-03-20","2031-06-20","","FALSE","TPSE","FALSE","FALSE","","10,000,000","","USD","","","","","","","","","","","","","","","","","","","","","","","","","0.05","","","","","","108.121","","USD","","","","false","","","1","","","A004","","","","","","","","","MNTH","","","","3","","","","","","USD","","","","false","0.99","","","","","","","OTHR","","","FALSE","","","","","","","","","QZHH8NT767RX","NA/CDS Corp Idx","CDX.NA.HY"
"3483274099000000401","3483274096000000101","MODI","TRAD","2026-06-03T18:42:57Z","TRUE","CR","","I","TRUE","2026-06-03T18:42:30Z","2026-03-20","2031-06-20","","FALSE","TPSE","FALSE","FALSE","","10,000,000","","USD","","","","","","","","","","","","","","","","","","","","","","","","","0.05","","","","","","108.121","","USD","","","","false","","","1","","","A004","","","","","","","","","MNTH","","","","3","","","","","","USD","","","","false","0.99","","","","","","","OTHR","","","FALSE","","","","","","","","","QZHH8NT767RX","NA/CDS Corp Idx","CDX.NA.HY"
"3483073304000000101","","NEWT","TRAD","2026-06-03T17:41:53Z","","CR","","I","TRUE","2026-06-03T17:41:53Z","2026-06-04","2031-06-20","","","TWSF","FALSE","TRUE","","63,000,000","","USD","","","","","","","","","","","","","","","","","","","","","","","","","0.05","","","","","","0.01081313","","","","","","false","","","3","","","A004","","","","","","","","5729852.19233","MNTH","","","","3","","","","UFRO","USD","","","","","false","0.99","","","","","","","","","","FALSE","","","","","","","","","QZHH8NT767RX","NA/CDS Corp Idx","CDX.NA.HY"
"3483100913000000101","3483060300000000101","MODI","TRAD","2026-06-03T17:37:43Z","TRUE","CR","","I","TRUE","2026-06-03T17:35:44Z","2026-03-20","2031-06-20","","","BILT","FALSE","FALSE","FALSE","10,000,000","","USD","","","","","","","","","","","","","","","","","","","","","","","","","0.05","","","","","","","","","","","","false","","","","","","A004","","","","","","","","907489.00000","MNTH","","","","3","","","","UFRO","USD","","","","","false","0.99","","","","","","","","","","FALSE","","","","","","","","","QZHH8NT767RX","NA/CDS Corp Idx","CDX.NA.HY"
"3483204554000000101","3483202438000000101","CORR","","2026-06-03T18:19:10Z","","CR","","N","FALSE","2026-06-03T18:19:10Z","2026-06-04","2026-09-04","","TRUE","BILT","FALSE","FALSE","TRUE","260,000,000","260,000,000","USD","USD","","","","","","","","","","","","","","","","","","","","","","","","","","","","","","0.0019","","","","","","false","","","3","","","","","A004","A020","EXPI","EXPI","1","1","","","EXPI","","EXPI","","1","","1","","","USD","USD","","","false","1","","","","","","","","","","TRUE","9.9999999999","","3","","","","","","QZFNT9JCBS79","NA/Cr Sw Idx TRtn Corp Cs",""
"3483372740000000301","3483372740000000301","TERM","ETRM","2026-06-03T19:20:01Z","","CR","","N","","2025-09-10T16:07:31Z","2025-09-11","2026-06-20","","FALSE","BILT","FALSE","","FALSE","26,000,000","26,000,000","USD","USD","","","","","","","","","","","","","","","","","","","","","","","","0","","","","","","","","","","","","false","","","","","","","","","","","DAIL","","1","261788.05474","","","MNTH","","","","3","","UFRO","USD","USD","USD","","","false","1","","","","","","","","","","FALSE","","","","","","","","","QZMQVCQJSS2C","NA/CDS Corp Idx","IBOXX USD LIQUID HIGH YIELD INDEX"
"3483261783000000101","","NEWT","TRAD","2026-06-03T18:35:35Z","","CR","","I","TRUE","2026-06-03T18:35:35Z","2026-06-04","2029-12-20","","FALSE","BBSF","FALSE","TRUE","","57,000,000","","USD","","","","","","","","","","","","","","","","","","","","","","","","","0.05","","","","","","0.010825","","","","","","false","","","3","","","A004","","","","","","","","5198078.13525","MNTH","","","","3","","","","UFRO","USD","","","","","false","0.98","","","","","","","","","","TRUE","0.666","","3","","","","","","QZ74TPX36LBH","NA/CDS Corp Idx","CDX.NA.HY"
"3482715982000000201","","NEWT","TRAD","2026-06-03T17:17:58Z","","CR","","I","TRUE","2026-06-03T17:17:58Z","2026-06-04","2031-06-20","","FALSE","BBSF","FALSE","FALSE","","27,000,000","","USD","","","","","","","","","","","","","","","","","","","","","","","","","0.05","","","","","","0.010809125","","","","","","false","","","3","","","A004","","","","","","","","2444946.91534","MNTH","","","","3","","","","UFRO","USD","","","","","false","0.99","","","","","","","","","","FALSE","","","","","","","","","QZHH8NT767RX","NA/CDS Corp Idx","CDX.NA.HY"
"3483371368000000101","776033361","MODI","TRAD","2026-06-03T19:17:38Z","TRUE","CR","","N","FALSE","2023-10-19T18:52:34Z","2023-09-20","2028-12-20","2028-12-20","FALSE","BILT","FALSE","FALSE","FALSE","44,000,000","","EUR","","","","","","","","","","","","","","","","","","","","","","","","","0","","","","","","","","","","","","false","","","","","","A004","","","","","","","","858070.40492","MNTH","","","","3","","","","UFRO","EUR","","","","","false","1","","","","","","","","","","FALSE","","","","","","","","","QZ6QZQ31259T","NA/CDS Corp Idx Tra","ITRAXX EUROPE CROSSOVER"
"3483332101000000301","3483314825000000201","MODI","TRAD","2026-06-03T18:57:37Z","TRUE","CR","","I","FALSE","2026-06-03T18:57:02Z","2026-03-20","2031-06-20","","FALSE","BILT","FALSE","FALSE","TRUE","50,000,000+","","USD","","","","","","","","","","","","","","","","","","","","","","","","","0.01","","","","","","","","","","","","false","","","","","","A004","","","","","","","","","MNTH","","","","3","","","","","","USD","","","","false","1","","","","","","","","","","FALSE","","","","","","","","","QZ4JMQKL3P03","NA/CDS Corp Idx","CDX.EM"
"3482595793000000401","","NEWT","TRAD","2026-06-03T16:58:31Z","","CR","","N","FALSE","2026-06-03T16:58:31Z","2026-06-05","2031-03-15","2031-03-15","TRUE","BILT","FALSE","FALSE","TRUE","11,000,000","","USD","","","","","","","","","","","","","","","","","","","","","","","","","","","","","","","1","","","","","","false","","","4","","","","","A004","","DAIL","","1","","","","","","","","","","","","","USD","","","","true","","","","","","","","OPET","","","FALSE","","","","","","","","","QZWBC8GZ8TBN","NA/CDS Corp Oth","Basket"
"3477076081000000101","","NEWT","TRAD","2026-06-03T11:07:31Z","","CR","","I","TRUE","2026-06-03T11:07:31Z","2026-06-04","2029-06-20","","FALSE","BBSF","FALSE","TRUE","","2,000,000","","EUR","","","","","","","","","","","","","","","","","","","","","","","","","0.05","","","","","","0.016983","","","","","","false","","","3","","","A004","","","","","","","","200563.17284","MNTH","","","","3","","","","UFRO","EUR","","","","","false","0.95999","","","","","","","","","","FALSE","","","","","","","","","QZ4Z1V489CPL","NA/CDS Corp Idx","ITRAXX EUROPE CROSSOVER"
"3480133096000000201","","NEWT","TRAD","2026-06-03T15:16:49Z","","CR","","I","TRUE","2026-06-03T15:16:49Z","2026-06-04","2031-06-20","","FALSE","BBSF","FALSE","FALSE","","25,000,000","","USD","","","","","","","","","","","","","","","","","","","","","","","","","0.01","","","","","","0.0050848","","","","","","false","","","3","","","A004","","","","","","","","610010.11000","MNTH","","","","3","","","","UFRO","USD","","","","","false","1","","","","","","","","","","FALSE","","","","","","","","","QZ3WVVQG5T8K","NA/CDS Corp Idx","CDX.NA.IG"
"3479906305000000301","","NEWT","TRAD","2026-06-03T14:48:58Z","","CR","","N","FALSE","2026-06-03T12:15:50Z","2026-06-03","2026-09-16","2031-06-20","FALSE","BILT","FALSE","FALSE","TRUE","343,880,019+","","EUR","","","","","","","","","","","","","","","","","","","","","","","","2026-09-16","0.01","","508,598.52","EUR","","","","","","","0.0065","","false","","","","","3","A004","","","","","","","","","MNTH","","","","3","","","","","","","","","","false","1","","","","","","","","","","FALSE","","","","","","","","","QZ2L66CGCV9J","NA/CDS Idx Swt","NA/CDS Corp Idx"
"3480082998000000101","","NEWT","TRAD","2026-06-03T15:09:09Z","","CR","","I","TRUE","2026-06-03T15:09:09Z","2025-09-22","2030-12-20","","","TREU","FALSE","FALSE","FALSE","100,000,000","","EUR","","","","","","","","","","","","","","","","","","","","","","","","","0.01","","","","","","","","","","","","false","","","","","","A004","","","","","","","","2404433.72000","MNTH","","","","3","","","","UFRO","EUR","","","","","false","1","","","","","","","","","","FALSE","","","","","","","","","QZFB31MBHLT9","NA/CDS Corp Idx","ITRAXX EUROPE"
"3480096665000000301","","NEWT","TRAD","2026-06-03T15:13:50Z","","CR","","I","TRUE","2026-06-03T15:13:50Z","2026-06-04","2031-06-20","","FALSE","BBSF","FALSE","FALSE","","8,000,000","","EUR","","","","","","","","","","","","","","","","","","","","","","","","","0.05","","","","","","0.026186","","","","","","false","","","3","","","A004","","","","","","","","904962.43000","MNTH","","","","3","","","","UFRO","EUR","","","","","false","1","","","","","","","","","","FALSE","","","","","","","","","QZ3HM9KVK2WL","NA/CDS Corp Idx","ITRAXX EUROPE CROSSOVER"
"3480096664000000201","","NEWT","TRAD","2026-06-03T15:13:37Z","","CR","","I","TRUE","2026-06-03T15:13:37Z","2026-06-04","2031-06-20","","FALSE","BBSF","FALSE","FALSE","","15,000,000","","USD","","","","","","","","","","","","","","","","","","","","","","","","","0.05","","","","","","0.01081538","","","","","","false","","","3","","","A004","","","","","","","","1367589.30000","MNTH","","","","3","","","","UFRO","USD","","","","","false","0.99","","","","","","","","","","FALSE","","","","","","","","","QZHH8NT767RX","NA/CDS Corp Idx","CDX.NA.HY"
"3476962971000000201","","NEWT","TRAD","2026-06-03T10:57:52Z","","CR","","I","TRUE","2026-06-03T10:57:52Z","2026-06-04","2031-06-20","","FALSE","BBSF","FALSE","FALSE","","50,000,000","","EUR","","","","","","","","","","","","","","","","","","","","","","","","","0.01","","","","","","0.0053275","","","","","","false","","","3","","","A004","","","","","","","","1200756.40000","MNTH","","","","3","","","","UFRO","EUR","","","","","false","1","","","","","","","","","","FALSE","","","","","","","","","QZTQ4GTC5QMF","NA/CDS Corp Idx","ITRAXX EUROPE"
"3479479619000000601","","NEWT","TRAD","2026-06-03T14:12:15Z","","CR","","I","TRUE","2026-06-03T14:12:15Z","2026-06-04","2031-06-20","","FALSE","BBSF","FALSE","FALSE","","15,000,000","","USD","","","","","","","","","","","","","","","","","","","","","","","","","0.05","","","","","","0.01081571","","","","","","false","","","3","","","A004","","","","","","","","1368079.35000","MNTH","","","","3","","","","UFRO","USD","","","","","false","0.99","","","","","","","","","","FALSE","","","","","","","","","QZHH8NT767RX","NA/CDS Corp Idx","CDX.NA.HY"
"3476196671000000301","","NEWT","TRAD","2026-06-03T10:33:10Z","","CR","","N","FALSE","2026-06-03T10:33:10Z","2026-03-20","2026-07-15","2031-06-20","FALSE","BILT","FALSE","FALSE","TRUE","50,000,000","","EUR","","","","","","","","","","","","","","","","","","","","","","","","2026-07-15","0.05","","262,500","EUR","","","","","","","0.0275","","false","","","","","3","A004","","","","","","","","","MNTH","","","","3","","","","","","","","","","false","1","","","","","","","","","","FALSE","","","","","","","","","QZTL0V3X916X","NA/CDS Idx Swt","NA/CDS Corp Idx"
"3479436084000000301","","NEWT","TRAD","2026-06-03T14:10:03Z","","CR","","I","TRUE","2026-06-03T14:10:03Z","2026-06-04","2031-06-20","","FALSE","BBSF","FALSE","FALSE","","10,000,000","","USD","","","","","","","","","","","","","","","","","","","","","","","","","0.05","","","","","","0.010815","","","","","","false","","","3","","","A004","","","","","","","","911350.00000","MNTH","","","","3","","","","UFRO","USD","","","","","false","0.99","","","","","","","","","","FALSE","","","","","","","","","QZHH8NT767RX","NA/CDS Corp Idx","CDX.NA.HY"
"3476458300000000101","","NEWT","TRAD","2026-06-03T10:42:16Z","","CR","","I","TRUE","2026-06-03T10:42:16Z","2026-06-04","2031-06-20","","FALSE","BBSF","FALSE","FALSE","","5,000,000","","EUR","","","","","","","","","","","","","","","","","","","","","","","","","0.05","","","","","","0.02614","","","","","","false","","","3","","","A004","","","","","","","","566686.68000","MNTH","","","","3","","","","UFRO","EUR","","","","","false","1","","","","","","","","","","FALSE","","","","","","","","","QZ3HM9KVK2WL","NA/CDS Corp Idx","ITRAXX EUROPE CROSSOVER"
"3476281076000000301","","NEWT","TRAD","2026-06-03T10:36:18Z","","CR","","I","TRUE","2026-06-03T10:36:18Z","2026-06-04","2031-06-20","","FALSE","BBSF","FALSE","TRUE","","150,000,000","","EUR","","","","","","","","","","","","","","","","","","","","","","","","","0.01","","","","","","0.005334","","","","","","false","","","3","","","A004","","","","","","","","3597610.55000","MNTH","","","","3","","","","UFRO","EUR","","","","","false","1","","","","","","","","","","FALSE","","","","","","","","","QZTQ4GTC5QMF","NA/CDS Corp Idx","ITRAXX EUROPE"
"3474237878000000101","","NEWT","TRAD","2026-06-03T09:45:07Z","FALSE","CR","","I","TRUE","2026-06-03T09:45:07Z","2026-06-03","2026-08-19","","","BILT","FALSE","FALSE","TRUE","343,880,019+","","EUR","","","","","","","","","","","","","","","","","","","","","","","","2026-08-19","","","284,384.625","EUR","","","0.007","","","","0.007","","false","","","3","","3","","","","","","","","","","","","","","","","","","","","","","","","false","1","","","","","","","","","","FALSE","","","","","","","","","QZS1WNR5R2ND","NA/CDS Idx Swt","NA/CDS Corp Idx"
"3477313143000000201","","NEWT","TRAD","2026-06-03T11:30:20Z","","CR","","I","TRUE","2026-06-03T11:30:20Z","2026-03-20","2031-06-20","","FALSE","BGCD","FALSE","FALSE","","10,000,000","","EUR","","","","","","","","","","","","","","","","","","","","","","","","","","","","","","","0.026025","","","","","","false","","","3","","","A004","","","","","","","","","MNTH","","","","3","","","","","","","","","","false","1","","","","","","","","","","TRUE","","","","-0.0005375","","3","","","QZ3HM9KVK2WL","NA/CDS Corp Idx","ITRAXX EUROPE CROSSOVER"
"3483331852000000101","2337776642000000401","CORR","","2026-06-03T19:00:08Z","","CR","","N","FALSE","2026-03-11T19:45:20Z","2026-06-05","2034-05-15","2034-05-15","TRUE","BILT","FALSE","FALSE","TRUE","140,000,000","","USD","","","","","","","","","","","","","","","","","","","","","","","","","","","","","","","1","","","","","","false","","","4","","","","","A004","","DAIL","","1","","","","","","","","","","","","","USD","","","","true","","","","","","","","OPET","","","FALSE","","","","","","","","","QZWBC8GZ8TBN","NA/CDS Corp Oth","Basket"
"3466236906000000101","","NEWT","TRAD","2026-06-03T07:24:55Z","","CR","","I","TRUE","2026-06-03T07:24:55Z","2026-06-04","2031-06-20","","FALSE","BBSF","FALSE","FALSE","","15,000,000","","EUR","","","","","","","","","","","","","","","","","","","","","","","","","0.05","","","","","","0.0261","","","","","","false","","","3","","","A004","","","","","","","","1702891.87000","MNTH","","","","3","","","","UFRO","EUR","","","","","false","1","","","","","","","","","","FALSE","","","","","","","","","QZ3HM9KVK2WL","NA/CDS Corp Idx","ITRAXX EUROPE CROSSOVER"
"3480388581000000101","3479652651000000101","MODI","TRAD","2026-06-03T15:41:33Z","TRUE","CR","","I","TRUE","2026-06-03T14:22:09Z","2026-03-20","2031-06-20","","","BILT","FALSE","FALSE","FALSE","20,000,000","","USD","","","","","","","","","","","","","","","","","","","","","","","","","0.05","","","","","","","","","","","","false","","","","","","A004","","","","","","","","1819730.00000","MNTH","","","","3","","","","UFRO","USD","","","","","false","0.99","","","","","","","","","","FALSE","","","","","","","","","QZHH8NT767RX","NA/CDS Corp Idx","CDX.NA.HY"
"3472060141000000401","","NEWT","TRAD","2026-06-03T09:09:14Z","","CR","","I","TRUE","2026-06-03T09:09:14Z","2026-06-04","2031-06-20","","","TWSF","FALSE","FALSE","","6,000,000","","EUR","","","","","","","","","","","","","","","","","","","","","","","","","0.01","","","","","","0.00533","","","","","","false","","","3","","","A004","","","","","","","","144019.10000","MNTH","","","","3","","","","UFRO","EUR","","","","","false","1","","","","","","","","","","FALSE","","","","","","","","","QZTQ4GTC5QMF","NA/CDS Corp Idx","ITRAXX EUROPE"
"3480484796000000201","","NEWT","TRAD","2026-06-03T15:48:41Z","","CR","","I","TRUE","2026-06-03T15:48:41Z","2026-06-04","2031-06-20","","FALSE","BBSF","FALSE","FALSE","","5,000,000","","EUR","","","","","","","","","","","","","","","","","","","","","","","","","0.05","","","","","","0.02625475","","","","","","false","","","3","","","A004","","","","","","","","563980.39000","MNTH","","","","3","","","","UFRO","EUR","","","","","false","1","","","","","","","","","","FALSE","","","","","","","","","QZ3HM9KVK2WL","NA/CDS Corp Idx","ITRAXX EUROPE CROSSOVER"
"3479634875000000201","","NEWT","TRAD","2026-06-03T14:22:04Z","FALSE","CR","","I","FALSE","2026-06-03T14:22:04Z","2022-09-20","2027-12-20","","","BILT","FALSE","FALSE","TRUE","343,880,019+","","EUR","","","","","","","","","","","","","","","","","","","","","","","","","0.01","","","","","","","","","","","","false","","","","","","A004","","","","","","","","5274999.68485","MNTH","","","","3","","","","UFRO","EUR","","","","","false","1","","","","","","","","","","FALSE","","","","","","","","","QZCGTH8X0JRL","NA/CDS Corp Idx","ITRAXX EUROPE SENIOR FINANCIALS"
"3479721142000000501","","NEWT","TRAD","2026-06-03T14:31:45Z","","CR","","I","TRUE","2026-06-03T14:31:45Z","2026-06-04","2031-06-20","","FALSE","BBSF","FALSE","FALSE","","50,000,000","","EUR","","","","","","","","","","","","","","","","","","","","","","","","","0.01","","","","","","0.0053485","","","","","","false","","","3","","","A004","","","","","","","","1195739.69000","MNTH","","","","3","","","","UFRO","EUR","","","","","false","1","","","","","","","","","","FALSE","","","","","","","","","QZTQ4GTC5QMF","NA/CDS Corp Idx","ITRAXX EUROPE"
"3479734100000000101","","NEWT","TRAD","2026-06-03T14:33:10Z","","CR","","I","TRUE","2026-06-03T14:33:10Z","2026-06-04","2031-06-20","","FALSE","BBSF","FALSE","FALSE","","11,000,000","","EUR","","","","","","","","","","","","","","","","","","","","","","","","","0.05","","","","","","0.026183","","","","","","false","","","3","","","A004","","","","","","","","1244479.01000","MNTH","","","","3","","","","UFRO","EUR","","","","","false","1","","","","","","","","","","FALSE","","","","","","","","","QZ3HM9KVK2WL","NA/CDS Corp Idx","ITRAXX EUROPE CROSSOVER"
"3479625242000000801","","NEWT","TRAD","2026-06-03T14:22:09Z","","CR","","I","TRUE","2026-06-03T14:22:09Z","2026-06-04","2031-06-20","","","TWSF","FALSE","TRUE","","76,000,000+","","USD","","","","","","","","","","","","","","","","","","","","","","","","","0.05","","","","","","0.0108125","","","","","","false","","","3","","","A004","","","","","","","","6907429.09588","MNTH","","","","3","","","","UFRO","USD","","","","","false","0.99","","","","","","","","","","TRUE","","","","0.0108125","","3","","","QZHH8NT767RX","NA/CDS Corp Idx","CDX.NA.HY"
"3479594218000000101","3479226582000000401","MODI","TRAD","2026-06-03T14:10:43Z","FALSE","CR","","N","FALSE","2026-06-03T13:26:51Z","2026-06-03","2026-06-04","","FALSE","BILT","FALSE","FALSE","TRUE","109,453,844","110,000,000","USD","USD","","","","","","","","","","","","","","","","","","","","","","","","0.037804","0.037804","","","","","","","","","","","false","","","","","","","","","","","","","","","EXPI","","","","1","","","","","","","USD","","","false","","","","","","","","","","","FALSE","","","","","","","","","QZ57DSB64DNJ","NA/CDS Corp SN","DTD 03/15/2025"
"3479810034000000401","","NEWT","TRAD","2026-06-03T14:40:48Z","","CR","","I","FALSE","2026-06-03T14:40:48Z","2026-06-04","2031-06-20","","","TWSF","FALSE","FALSE","","75,000,000","","USD","","","","","","","","","","","","","","","","","","","","","","","","","0.01","","","","","","0.00507825","","","","","","false","","","3","","","A004","","","","","","","","1832302.69000","MNTH","","","","3","","","","UFRO","USD","","","","","false","1","","","","","","","","","","FALSE","","","","","","","","","QZ3WVVQG5T8K","NA/CDS Corp Idx","CDX.NA.IG"
"3479810032000000201","","NEWT","TRAD","2026-06-03T14:40:25Z","","CR","","I","FALSE","2026-06-03T14:40:25Z","2026-06-04","2031-06-20","","","TWSF","FALSE","FALSE","","15,000,000","","USD","","","","","","","","","","","","","","","","","","","","","","","","","0.05","","","","","","0.01081556","","","","","","false","","","3","","","A004","","","","","","","","1367856.60000","MNTH","","","","3","","","","UFRO","USD","","","","","false","0.99","","","","","","","","","","FALSE","","","","","","","","","QZHH8NT767RX","NA/CDS Corp Idx","CDX.NA.HY"
"3479789912000000201","","NEWT","TRAD","2026-06-03T14:37:37Z","","CR","","I","TRUE","2026-06-03T14:37:37Z","2026-06-04","2031-06-20","","FALSE","BBSF","FALSE","FALSE","","6,000,000","","EUR","","","","","","","","","","","","","","","","","","","","","","","","","0.05","","","","","","0.0262","","","","","","false","","","3","","","A004","","","","","","","","678326.72706","MNTH","","","","3","","","","UFRO","EUR","","","","","false","1","","","","","","","","","","FALSE","","","","","","","","","QZ3HM9KVK2WL","NA/CDS Corp Idx","ITRAXX EUROPE CROSSOVER"
"3470630328000000101","","NEWT","TRAD","2026-06-03T08:44:04Z","","CR","","I","TRUE","2026-06-03T08:44:04Z","2026-06-04","2031-06-20","","","TWSF","FALSE","FALSE","","25,000,000","","EUR","","","","","","","","","","","","","","","","","","","","","","","","","0.05","","","","","","0.0261185","","","","","","false","","","3","","","A004","","","","","","","","2835970.07000","MNTH","","","","3","","","","UFRO","EUR","","","","","false","1","","","","","","","","","","FALSE","","","","","","","","","QZ3HM9KVK2WL","NA/CDS Corp Idx","ITRAXX EUROPE CROSSOVER"
"3480595499000000701","","NEWT","TRAD","2026-06-03T15:56:02Z","","CR","","I","FALSE","2026-06-03T15:56:02Z","2026-06-04","2030-12-20","","","TWSF","FALSE","TRUE","","160,000,000","","EUR","","","","","","","","","","","","","","","","","","","","","","","","","0.01","","","","","","0.0048","","","","","","false","","","3","","","A004","","","","","","","","3889839.83000","MNTH","","","","3","","","","UFRO","EUR","","","","","false","1","","","","","","","","","","TRUE","","","","0.0048","","3","","","QZFB31MBHLT9","NA/CDS Corp Idx","ITRAXX EUROPE"
"3479589391000000201","","NEWT","TRAD","2026-06-03T14:19:47Z","","CR","","I","TRUE","2026-06-03T14:19:47Z","2026-06-04","2031-06-20","","","TWSF","FALSE","FALSE","","10,000,000","","USD","","","","","","","","","","","","","","","","","","","","","","","","","0.05","","","","","","0.01081431","","","","","","false","","","3","","","A004","","","","","","","","910666.90000","MNTH","","","","3","","","","UFRO","USD","","","","","false","0.99","","","","","","","","","","FALSE","","","","","","","","","QZHH8NT767RX","NA/CDS Corp Idx","CDX.NA.HY"
"3479436082000000101","","NEWT","TRAD","2026-06-03T14:09:49Z","","CR","","I","TRUE","2026-06-03T14:09:49Z","2026-06-04","2031-06-20","","FALSE","BBSF","FALSE","TRUE","","50,000,000","","USD","","","","","","","","","","","","","","","","","","","","","","","","","0.05","","","","","","0.01081525","","","","","","false","","","3","","","A004","","","","","","","","4557987.50000","MNTH","","","","3","","","","UFRO","USD","","","","","false","0.99","","","","","","","","","","FALSE","","","","","","","","","QZHH8NT767RX","NA/CDS Corp Idx","CDX.NA.HY"
"3479623400000000701","","NEWT","TRAD","2026-06-03T14:21:22Z","","CR","","I","TRUE","2026-06-03T14:21:22Z","2026-03-20","2031-06-20","","FALSE","TPSE","FALSE","FALSE","","20,000,000","","USD","","","","","","","","","","","","","","","","","","","","","","","","","0.05","","","","","","108.14","","USD","","","","false","","","1","","","A004","","","","","","","","","MNTH","","","","3","","","","","","USD","","","","false","0.99","","","","","","","OTHR","","","FALSE","","","","","","","","","QZHH8NT767RX","NA/CDS Corp Idx","CDX.NA.HY"
"3479609380000001301","","NEWT","TRAD","2026-06-03T14:21:09Z","","CR","","I","TRUE","2026-06-03T14:21:09Z","2026-06-04","2031-06-20","","","TWSF","FALSE","FALSE","","18,000,000","","USD","","","","","","","","","","","","","","","","","","","","","","","","","0.05","","","","","","0.01081309","","","","","","false","","","3","","","A004","","","","","","","","1637015.19379","MNTH","","","","3","","","","UFRO","USD","","","","","false","0.99","","","","","","","","","","FALSE","","","","","","","","","QZHH8NT767RX","NA/CDS Corp Idx","CDX.NA.HY"
"3479558105000000101","","NEWT","TRAD","2026-06-03T14:17:40Z","","CR","","I","TRUE","2026-06-03T14:17:40Z","2026-03-20","2031-06-20","","FALSE","TPSE","FALSE","FALSE","","200,000,000","","USD","","","","","","","","","","","","","","","","","","","","","","","","","0.01","","","","","","0.005085","","","","","","false","","","3","","","A004","","","","","","","","","MNTH","","","","3","","","","","","USD","","","","false","1","","","","","","","OTHR","","","FALSE","","","","","","","","","QZ3WVVQG5T8K","NA/CDS Corp Idx","CDX.NA.IG"
"3479572102000001101","","NEWT","TRAD","2026-06-03T14:18:43Z","","CR","","I","FALSE","2026-06-03T14:18:43Z","2026-06-04","2031-06-20","","","TWSF","FALSE","FALSE","","25,000,000","","EUR","","","","","","","","","","","","","","","","","","","","","","","","","0.05","","","","","","0.0262032","","","","","","false","","","3","","","A004","","","","","","","","2825979.30000","MNTH","","","","3","","","","UFRO","EUR","","","","","false","1","","","","","","","","","","FALSE","","","","","","","","","QZ3HM9KVK2WL","NA/CDS Corp Idx","ITRAXX EUROPE CROSSOVER"
"3479558108000000401","","NEWT","TRAD","2026-06-03T14:17:56Z","","CR","","I","TRUE","2026-06-03T14:17:56Z","2026-03-20","2031-06-20","","FALSE","TPSE","FALSE","FALSE","","100,000,000","","USD","","","","","","","","","","","","","","","","","","","","","","","","","0.01","","","","","","0.005085","","","","","","false","","","3","","","A004","","","","","","","","","MNTH","","","","3","","","","","","USD","","","","false","1","","","","","","","OTHR","","","FALSE","","","","","","","","","QZ3WVVQG5T8K","NA/CDS Corp Idx","CDX.NA.IG"
"3479955523000000101","","NEWT","TRAD","2026-06-03T14:57:18Z","","CR","","I","TRUE","2026-06-03T14:57:18Z","2026-06-04","2030-12-20","","FALSE","BBSF","FALSE","FALSE","","100,000,000","","EUR","","","","","","","","","","","","","","","","","","","","","","","","","0.01","","","","","","0.0048684","","","","","","false","","","3","","","A004","","","","","","","","2401388.68000","MNTH","","","","3","","","","UFRO","EUR","","","","","false","1","","","","","","","","","","FALSE","","","","","","","","","QZFB31MBHLT9","NA/CDS Corp Idx","ITRAXX EUROPE"
"3479964391000000301","","NEWT","TRAD","2026-06-03T14:58:19Z","","CR","","I","FALSE","2026-06-03T14:58:19Z","2026-06-04","2031-06-20","","","TWSF","FALSE","FALSE","","18,000,000","","EUR","","","","","","","","","","","","","","","","","","","","","","","","","0.05","","","","","","0.0261665","","","","","","false","","","3","","","A004","","","","","","","","2037821.35000","MNTH","","","","3","","","","UFRO","EUR","","","","","false","1","","","","","","","","","","FALSE","","","","","","","","","QZ3HM9KVK2WL","NA/CDS Corp Idx","ITRAXX EUROPE CROSSOVER"
"3477638934000000201","","NEWT","TRAD","2026-06-03T11:57:28Z","","CR","","I","TRUE","2026-06-03T11:57:28Z","2026-06-04","2031-06-20","","","TWSF","FALSE","FALSE","","20,000,000","","USD","","","","","","","","","","","","","","","","","","","","","","","","","0.05","","","","","","0.01082155","","","","","","false","","","3","","","A004","","","","","","","","1835669.00000","MNTH","","","","3","","","","UFRO","USD","","","","","false","0.99","","","","","","","","","","FALSE","","","","","","","","","QZHH8NT767RX","NA/CDS Corp Idx","CDX.NA.HY"
"3479946113000000301","","NEWT","TRAD","2026-06-03T14:56:06Z","","CR","","I","TRUE","2026-06-03T14:56:06Z","2026-06-04","2031-06-20","","FALSE","BBSF","FALSE","FALSE","","15,000,000","","USD","","","","","","","","","","","","","","","","","","","","","","","","","0.05","","","","","","0.01081483","","","","","","false","","","3","","","A004","","","","","","","","1366772.55000","MNTH","","","","3","","","","UFRO","USD","","","","","false","0.99","","","","","","","","","","FALSE","","","","","","","","","QZHH8NT767RX","NA/CDS Corp Idx","CDX.NA.HY"
"3478238482000000401","","NEWT","TRAD","2026-06-03T12:36:41Z","","CR","","I","FALSE","2026-06-03T12:36:41Z","2026-03-20","2031-06-20","","FALSE","TPSE","FALSE","FALSE","","10,000,000","","USD","","","","","","","","","","","","","","","","","","","","","","","","","0.01","","","","","","97.78","","USD","","","","false","","","1","","","A004","","","","","","","","","MNTH","","","","3","","","","","","USD","","","","false","1","","","","","","","OTHR","","","FALSE","","","","","","","","","QZ4JMQKL3P03","NA/CDS Corp Idx","CDX.EM"
"3473878501000000201","","NEWT","TRAD","2026-06-03T09:40:15Z","","CR","","I","TRUE","2026-06-03T09:40:15Z","2026-06-04","2031-06-20","","FALSE","BBSF","FALSE","FALSE","","20,000,000","","EUR","","","","","","","","","","","","","","","","","","","","","","","","","0.05","","","","","","0.02614","","","","","","false","","","3","","","A004","","","","","","","","2266746.74000","MNTH","","","","3","","","","UFRO","EUR","","","","","false","1","","","","","","","","","","FALSE","","","","","","","","","QZ3HM9KVK2WL","NA/CDS Corp Idx","ITRAXX EUROPE CROSSOVER"
"3477152409000000101","3474773613000000101","TERM","CLRG","2026-06-03T10:06:12Z","","CR","","I","","2026-06-03T10:06:12Z","2026-03-20","2031-06-20","","","","FALSE","","FALSE","10,000,000","","USD","","","","","","","","","","","","","","","","","","","","","","","","","0.01","","","","","","","","","","","","false","","","","","","","","","","","","","","148133.87000","","","","","","","","","UFRO","USD","","","","","false","","","","","","","","","","","","","","","","","","","","QZD2VPNQ9ZFX","NA/CDS Corp Idx","ITRAXX ASIA EX-JAPAN IG"
"3480865766000000201","","NEWT","TRAD","2026-06-03T16:07:48Z","","CR","","I","TRUE","2026-06-03T16:07:48Z","2026-06-04","2031-06-20","","FALSE","BBSF","FALSE","FALSE","","5,000,000","","USD","","","","","","","","","","","","","","","","","","","","","","","","","0.05","","","","","","0.010811","","","","","","false","","","3","","","A004","","","","","","","","453695.00000","MNTH","","","","3","","","","UFRO","USD","","","","","false","0.99","","","","","","","","","","FALSE","","","","","","","","","QZHH8NT767RX","NA/CDS Corp Idx","CDX.NA.HY"
"3476176661000000101","","NEWT","TRAD","2026-06-03T10:32:32Z","","CR","","I","FALSE","2026-06-03T10:32:32Z","2026-06-04","2031-06-20","","","TWSF","FALSE","FALSE","","10,000,000","","EUR","","","","","","","","","","","","","","","","","","","","","","","","","0.05","","","","","","0.0261335","","","","","","false","","","3","","","A004","","","","","","","","1133680.11000","MNTH","","","","3","","","","UFRO","EUR","","","","","false","1","","","","","","","","","","FALSE","","","","","","","","","QZ3HM9KVK2WL","NA/CDS Corp Idx","ITRAXX EUROPE CROSSOVER"
"3480436709000000601","","NEWT","TRAD","2026-06-03T15:45:19Z","","CR","","I","TRUE","2026-06-03T15:45:19Z","2026-06-04","2031-06-20","","FALSE","BBSF","FALSE","FALSE","","5,000,000","","USD","","","","","","","","","","","","","","","","","","","","","","","","","0.01","","","","","","0.005093","","","","","","false","","","3","","","A004","","","","","","","","121812.38000","MNTH","","","","3","","","","UFRO","USD","","","","","false","1","","","","","","","","","","FALSE","","","","","","","","","QZ3WVVQG5T8K","NA/CDS Corp Idx","CDX.NA.IG"
"3480454664000000201","","NEWT","TRAD","2026-06-03T15:46:14Z","","CR","","I","TRUE","2026-06-03T15:46:14Z","2026-06-04","2031-06-20","","FALSE","BBSF","FALSE","FALSE","","15,000,000","","USD","","","","","","","","","","","","","","","","","","","","","","","","","0.05","","","","","","0.01080905","","","","","","false","","","3","","","A004","","","","","","","","1358189.25000","MNTH","","","","3","","","","UFRO","USD","","","","","false","0.99","","","","","","","","","","FALSE","","","","","","","","","QZHH8NT767RX","NA/CDS Corp Idx","CDX.NA.HY"
"3480376966000000101","","NEWT","TRAD","2026-06-03T15:40:10Z","","CR","","I","TRUE","2026-06-03T15:40:10Z","2025-09-22","2030-12-20","","FALSE","BGCD","FALSE","FALSE","","32,000,000","","EUR","","","","","","","","","","","","","","","","","","","","","","","","","","","","","","","0.022765","","","","","","false","","","3","","","A004","","","","","","","","","MNTH","","","","3","","","","","","","","","","false","1","","","","","","","","","","TRUE","","","","0.00346","","3","","","QZ5F5FRS4TR9","NA/CDS Corp Idx","ITRAXX EUROPE CROSSOVER"
"3480384157000000101","","NEWT","TRAD","2026-06-03T15:40:54Z","","CR","","I","FALSE","2026-06-03T15:40:54Z","2026-03-20","2031-06-20","","FALSE","TPSE","FALSE","FALSE","","15,000,000","","USD","","","","","","","","","","","","","","","","","","","","","","","","","0.01","","","","","","97.77","","USD","","","","false","","","1","","","A004","","","","","","","","","MNTH","","","","3","","","","","","USD","","","","false","1","","","","","","","OTHR","","","FALSE","","","","","","","","","QZ4JMQKL3P03","NA/CDS Corp Idx","CDX.EM"
"3478652760000000101","","NEWT","TRAD","2026-06-03T13:05:53Z","","CR","","I","TRUE","2026-06-03T13:05:53Z","2026-06-04","2031-06-20","","","TWSF","FALSE","FALSE","","100,000,000","","USD","","","","","","","","","","","","","","","","","","","","","","","","","0.01","","","","","","0.005081","","","","","","false","","","3","","","A004","","","","","","","","2441798.17000","MNTH","","","","3","","","","UFRO","USD","","","","","false","1","","","","","","","","","","FALSE","","","","","","","","","QZ3WVVQG5T8K","NA/CDS Corp Idx","CDX.NA.IG"
"3465417630000000301","","NEWT","TRAD","2026-06-03T07:02:22Z","","CR","","I","TRUE","2026-06-03T07:02:22Z","2026-06-04","2031-06-20","","FALSE","BBSF","FALSE","FALSE","","15,000,000","","EUR","","","","","","","","","","","","","","","","","","","","","","","","","0.05","","","","","","0.026045","","","","","","false","","","3","","","A004","","","","","","","","1706787.06000","MNTH","","","","3","","","","UFRO","EUR","","","","","false","1","","","","","","","","","","FALSE","","","","","","","","","QZ3HM9KVK2WL","NA/CDS Corp Idx","ITRAXX EUROPE CROSSOVER"
"3467796701000000301","3467796699000000101","MODI","TRAD","2026-06-03T07:54:42Z","TRUE","CR","","I","TRUE","2026-06-03T07:54:29Z","2025-09-20","2030-12-20","","FALSE","TPSE","FALSE","FALSE","","27,000,000","","EUR","","","","","","","","","","","","","","","","","","","","","","","","","0.01","","","","","","0.004835","","","","","","false","","","3","","","A004","","","","","","","","","MNTH","","","","3","","","","","","EUR","","","","false","1","","","","","","","OTHR","","","TRUE","","","","0.00049","","3","","","QZFB31MBHLT9","NA/CDS Corp Idx","ITRAXX EUROPE"
"3465172497000000101","","NEWT","TRAD","2026-06-03T06:45:34Z","","CR","","I","FALSE","2026-06-03T06:45:34Z","2026-03-20","2031-06-20","","FALSE","BILT","FALSE","FALSE","TRUE","50,000,000","","USD","","","","","","","","","","","","","","","","","","","","","","","","","0.01","","","","","","","","","","","","false","","","","","","A004","","","","","","","","","MNTH","","","","3","","","","","","USD","","","","false","1","","","","","","","","","","FALSE","","","","","","","","","QZD2VPNQ9ZFX","NA/CDS Corp Idx","ITRAXX ASIA EX-JAPAN IG"
"3467821376000000101","","NEWT","TRAD","2026-06-03T07:55:18Z","","CR","","I","FALSE","2026-06-03T07:55:18Z","2026-06-04","2031-06-20","","","TWSF","FALSE","FALSE","","8,000,000","","EUR","","","","","","","","","","","","","","","","","","","","","","","","","0.01","","","","","","0.0055818","","","","","","false","","","3","","","A004","","","","","","","","182410.32000","MNTH","","","","3","","","","UFRO","EUR","","","","","false","1","","","","","","","","","","FALSE","","","","","","","","","QZTB38W3WJ98","NA/CDS Corp Idx","ITRAXX EUROPE SENIOR FINANCIALS"
"3471806792000000101","","NEWT","TRAD","2026-06-03T08:59:09Z","","CR","","N","FALSE","2026-06-03T08:59:09Z","2026-06-03","2026-08-19","2031-06-20","FALSE","BILT","FALSE","FALSE","TRUE","343,880,019+","","EUR","","","","","","","","","","","","","","","","","","","","","","","","2026-08-19","0.01","","247,933.875","EUR","","","","","","","0.007","","false","","","","","3","A004","","","","","","","","","MNTH","","","","3","","","","","","","","","","false","1","","","","","","","","","","FALSE","","","","","","","","","QZ2L66CGCV9J","NA/CDS Idx Swt","NA/CDS Corp Idx"
"3473295818000000101","","NEWT","TRAD","2026-06-03T09:28:24Z","","CR","","I","TRUE","2026-06-03T09:28:24Z","2026-06-04","2031-06-20","","FALSE","BBSF","FALSE","FALSE","","10,000,000","","EUR","","","","","","","","","","","","","","","","","","","","","","","","","0.05","","","","","","0.026125","","","","","","false","","","3","","","A004","","","","","","","","1134081.25000","MNTH","","","","3","","","","UFRO","EUR","","","","","false","1","","","","","","","","","","TRUE","","","","0.215","","3","","","QZ3HM9KVK2WL","NA/CDS Corp Idx","ITRAXX EUROPE CROSSOVER"
"3466155515000000101","","NEWT","TRAD","2026-06-03T07:23:15Z","","CR","","I","FALSE","2026-06-03T07:23:15Z","2026-06-04","2030-12-20","","","TWSF","FALSE","FALSE","","25,000,000","","EUR","","","","","","","","","","","","","","","","","","","","","","","","","0.01","","","","","","0.0048365","","","","","","false","","","3","","","A004","","","","","","","","603816.67000","MNTH","","","","3","","","","UFRO","EUR","","","","","false","1","","","","","","","","","","FALSE","","","","","","","","","QZFB31MBHLT9","NA/CDS Corp Idx","ITRAXX EUROPE"
"3483417151000000101","","NEWT","TRAD","2026-06-03T19:26:40Z","","CR","","I","FALSE","2026-06-03T19:26:40Z","2026-03-20","2031-06-20","","FALSE","TPSE","FALSE","FALSE","","10,000,000","","USD","","","","","","","","","","","","","","","","","","","","","","","","","0.01","","","","","","97.77","","USD","","","","false","","","1","","","A004","","","","","","","","","MNTH","","","","3","","","","","","USD","","","","false","1","","","","","","","OTHR","","","FALSE","","","","","","","","","QZ4JMQKL3P03","NA/CDS Corp Idx","CDX.EM"
"3483330063000000101","","NEWT","TRAD","2026-06-03T19:01:26Z","","CR","","N","FALSE","2026-06-03T19:01:26Z","2026-06-04","2026-06-20","","FALSE","BILT","FALSE","FALSE","TRUE","26,000,000","26,000,000","USD","USD","","","","","","","","","","","","","","","","","","","","","","","","0","","","","","","","","","","","","false","","","","","","A004","","","A004","","DAIL","","1","199344.66360","EXPI","","","MNTH","1","","","3","UFRO","USD","USD","USD","","","false","1","","","","","","","","","","FALSE","","","","","","","","","QZ3550R1MV14","NA/CDS Corp Idx","IBOXX USD LIQUID HIGH YIELD INDEX"
"3485884125000000101","3474824720000000101","TERM","CLRG","2026-06-03T10:09:01Z","","CR","","N","TRUE","2026-06-03T10:09:01Z","2026-06-04","2031-06-20","","FALSE","BILT","FALSE","FALSE","FALSE","10,000,000","99,999,999,999,999,999,999.99999","EUR","","","","","","","","","","","","","","","","","","","","","","","","","0.01","","","","","","0.005308","","","","","","false","","","3","","","A004","","","","","","","","241083.11000","MNTH","","","","3","","","","UFRO","EUR","EUR","","","","false","1","","","","","","","","","","FALSE","","","","","","","","","QZM3XSRRBS54","NA/CDS Corp Idx","ITRAXX EUROPE"
"3485331554000000101","","NEWT","TRAD","2026-06-03T21:12:48Z","","CR","","N","FALSE","2026-06-03T21:12:48Z","2026-06-04","2064-11-18","","FALSE","BILT","FALSE","FALSE","TRUE","50,000,000+","","USD","","","","","","","","","","","","","","","","","","","","","","","","","0.03","","","","","","","","","","","","false","","","","","","A004","","","","","","","","7212500.00000","MNTH","","","","1","","","","UFRO","USD","USD","","","","false","1","","","","","","","","","","FALSE","","","","","","","","","QZPD14V70KWX","NA/CDS Corp Idx","CMBX.NA.BBB-"
"3464051751000000101","3457328888000000101","CORR","","2026-06-03T03:19:21Z","","CR","","N","FALSE","2026-01-14T16:40:08Z","2026-01-14","2030-12-20","","FALSE","BILT","FALSE","FALSE","FALSE","3,000,000","","USD","","","","","","","","","","","","","","","","","","","","","","","","","0.05","","","","","","","","","","","","false","","","","","","A004","","","","","","","","0.00000","MNTH","","","","3","","","","UFRO","USD","","","","","false","0.98","","","","","","","","","","FALSE","","","","","","","","","QZMD5JCHG48C","NA/CDS Corp Idx","CDX.NA.HY"
"3479324814000000201","","NEWT","NOVA","2026-06-03T13:56:03Z","","CR","","N","FALSE","2026-06-03T13:56:03Z","2026-06-17","2026-06-17","","FALSE","BILT","FALSE","FALSE","TRUE","63,000,000","","USD","","","","","","","","","","","","","","","","","","","","","","","","2026-06-17","","","0","","","","","","","","0.01","","false","","","","","3","A004","","","","","","","","0.00000","MNTH","","","","3","","","","UFRO","USD","","","","","false","","","","","","","","","","","FALSE","","","","","","","","","QZT4QS79CCTS","NA/CDS Idx Swt","NA/CDS Corp Idx"
"3474824388000000101","","NEWT","TRAD","2026-06-03T10:09:24Z","","CR","","I","TRUE","2026-06-03T10:09:24Z","2026-06-04","2031-06-20","","","TWSF","FALSE","FALSE","","10,000,000","","EUR","","","","","","","","","","","","","","","","","","","","","","","","","0.01","","","","","","0.0053084","","","","","","false","","","3","","","A004","","","","","","","","241063.99000","MNTH","","","","3","","","","UFRO","EUR","","","","","false","1","","","","","","","","","","FALSE","","","","","","","","","QZTQ4GTC5QMF","NA/CDS Corp Idx","ITRAXX EUROPE"
"3474824720000000101","","NEWT","TRAD","2026-06-03T10:09:01Z","FALSE","CR","","N","TRUE","2026-06-03T10:09:01Z","2026-06-04","2031-06-20","","FALSE","BILT","FALSE","FALSE","FALSE","10,000,000","99,999,999,999,999,999,999.99999","EUR","","","","","","","","","","","","","","","","","","","","","","","","","0.01","","","","","","0.005308","","","","","","false","","","3","","","A004","","","","","","","","241083.11000","MNTH","","","","3","","","","UFRO","EUR","EUR","","","","false","1","","","","","","","","","","FALSE","","","","","","","","","QZM3XSRRBS54","NA/CDS Corp Idx","ITRAXX EUROPE"
"3480172666000000101","","NEWT","TRAD","2026-06-03T15:20:29Z","","CR","","I","TRUE","2026-06-03T15:20:29Z","2026-03-20","2031-06-20","","FALSE","TPSE","FALSE","FALSE","","20,000,000","","USD","","","","","","","","","","","","","","","","","","","","","","","","","0.05","","","","","","108.145","","USD","","","","false","","","1","","","A004","","","","","","","","","MNTH","","","","3","","","","","","USD","","","","false","0.99","","","","","","","OTHR","","","FALSE","","","","","","","","","QZHH8NT767RX","NA/CDS Corp Idx","CDX.NA.HY"
"3480055394000000301","","NEWT","TRAD","2026-06-03T15:08:16Z","","CR","","I","TRUE","2026-06-03T15:08:16Z","2026-06-04","2031-06-20","","","TWSF","FALSE","FALSE","","2,000,000","","EUR","","","","","","","","","","","","","","","","","","","","","","","","","0.05","","","","","","0.026175","","","","","","false","","","3","","","A004","","","","","","","","226344.38750","MNTH","","","","3","","","","UFRO","EUR","","","","","false","1","","","","","","","","","","FALSE","","","","","","","","","QZ3HM9KVK2WL","NA/CDS Corp Idx","ITRAXX EUROPE CROSSOVER"
"3480303756000000201","","NEWT","TRAD","2026-06-03T15:33:52Z","","CR","","I","TRUE","2026-06-03T15:33:52Z","2025-09-22","2030-12-20","","FALSE","BGCD","FALSE","FALSE","","43,000,000","","EUR","","","","","","","","","","","","","","","","","","","","","","","","","","","","","","","0.022765","","","","","","false","","","3","","","A004","","","","","","","","","MNTH","","","","3","","","","","","","","","","false","1","","","","","","","","","","TRUE","","","","0.00346","","3","","","QZ5F5FRS4TR9","NA/CDS Corp Idx","ITRAXX EUROPE CROSSOVER"
"3480537389000000201","","NEWT","TRAD","2026-06-03T15:51:37Z","","CR","","I","TRUE","2026-06-03T15:51:37Z","2026-06-04","2031-06-20","","","TWSF","FALSE","FALSE","","19,000,000","","USD","","","","","","","","","","","","","","","","","","","","","","","","","0.01","","","","","","0.0051","","","","","","false","","","3","","","A004","","","","","","","","462272.11238","MNTH","","","","3","","","","UFRO","USD","","","","","false","1","","","","","","","","","","FALSE","","","","","","","","","QZ3WVVQG5T8K","NA/CDS Corp Idx","CDX.NA.IG"
"3464773449000000301","","NEWT","TRAD","2026-06-03T06:38:17Z","","CR","","I","TRUE","2026-06-03T06:38:17Z","2026-06-04","2031-06-20","","","TWSF","FALSE","FALSE","","490,000","","EUR","","","","","","","","","","","","","","","","","","","","","","","","","0.01","","","","","","0.00531775","","","","","","false","","","3","","","A004","","","","","","","","11790.23154","MNTH","","","","3","","","","UFRO","EUR","","","","","false","1","","","","","","","","","","FALSE","","","","","","","","","QZTQ4GTC5QMF","NA/CDS Corp Idx","ITRAXX EUROPE"
"3479414958000000101","","NEWT","TRAD","2026-06-03T14:08:16Z","","CR","","I","TRUE","2026-06-03T14:08:16Z","2026-06-04","2031-06-20","","FALSE","BBSF","FALSE","FALSE","","130,000,000","","USD","","","","","","","","","","","","","","","","","","","","","","","","","0.01","","","","","","0.005092","","","","","","false","","","3","","","A004","","","","","","","","3167723.16640","MNTH","","","","3","","","","UFRO","USD","","","","","false","1","","","","","","","","","","FALSE","","","","","","","","","QZ3WVVQG5T8K","NA/CDS Corp Idx","CDX.NA.IG"
"3478227807000000601","","NEWT","TRAD","2026-06-03T12:36:05Z","","CR","","I","TRUE","2026-06-03T12:36:05Z","2026-06-04","2031-06-20","","FALSE","BBSF","FALSE","FALSE","","25,000,000","","USD","","","","","","","","","","","","","","","","","","","","","","","","","0.01","","","","","","0.00508449","","","","","","false","","","3","","","A004","","","","","","","","610045.96000","MNTH","","","","3","","","","UFRO","USD","","","","","false","1","","","","","","","","","","FALSE","","","","","","","","","QZ3WVVQG5T8K","NA/CDS Corp Idx","CDX.NA.IG"
"3479631083000000301","","NEWT","TRAD","2026-06-03T14:22:24Z","","CR","","I","TRUE","2026-06-03T14:22:24Z","2026-03-20","2031-06-20","","FALSE","TPSE","FALSE","FALSE","","10,000,000","","USD","","","","","","","","","","","","","","","","","","","","","","","","","0.05","","","","","","108.14","","USD","","","","false","","","1","","","A004","","","","","","","","","MNTH","","","","3","","","","","","USD","","","","false","0.99","","","","","","","OTHR","","","FALSE","","","","","","","","","QZHH8NT767RX","NA/CDS Corp Idx","CDX.NA.HY"
"3479625236000000201","","NEWT","TRAD","2026-06-03T14:21:53Z","","CR","","I","TRUE","2026-06-03T14:21:53Z","2026-03-20","2031-06-20","","FALSE","TPSE","FALSE","FALSE","","5,000,000","","USD","","","","","","","","","","","","","","","","","","","","","","","","","0.05","","","","","","108.14","","USD","","","","false","","","1","","","A004","","","","","","","","","MNTH","","","","3","","","","","","USD","","","","false","0.99","","","","","","","OTHR","","","FALSE","","","","","","","","","QZHH8NT767RX","NA/CDS Corp Idx","CDX.NA.HY"
"3479933962000000101","","NEWT","TRAD","2026-06-03T14:54:06Z","","CR","","I","TRUE","2026-06-03T14:54:06Z","2026-06-04","2031-06-20","","FALSE","BBSF","FALSE","FALSE","","15,000,000","","USD","","","","","","","","","","","","","","","","","","","","","","","","","0.05","","","","","","0.0108158","","","","","","false","","","3","","","A004","","","","","","","","1368209.98993","MNTH","","","","3","","","","UFRO","USD","","","","","false","0.99","","","","","","","","","","FALSE","","","","","","","","","QZHH8NT767RX","NA/CDS Corp Idx","CDX.NA.HY"
"3477523615000000101","2550854548000000201","TERM","NOVA","2026-06-03T11:46:57Z","","CR","","","","2026-03-30T11:01:58Z","2026-03-30","2026-06-17","","","","","","FALSE","","","","","","","","","","","","","","","","","","","","","","","","","","","","0.01","","","","","","","","","","","","","","","","","","","","","","","","","","","","","","","","","","","","","","","","","","","","","","","","","","","","","","","","","","","","","QZS1WNR5R2ND","NA/CDS Idx Swt","NA/CDS Corp Idx"
"3479672675000000201","","NEWT","TRAD","2026-06-03T14:27:42Z","","CR","","I","FALSE","2026-06-03T14:27:42Z","2026-06-04","2031-06-20","","","TWSF","FALSE","FALSE","","4,000,000","","USD","","","","","","","","","","","","","","","","","","","","","","","","","0.05","","","","","","0.01081498","","","","","","false","","","3","","","A004","","","","","","","","364532.08000","MNTH","","","","3","","","","UFRO","USD","","","","","false","0.99","","","","","","","","","","FALSE","","","","","","","","","QZHH8NT767RX","NA/CDS Corp Idx","CDX.NA.HY"
"3479648287000000701","3479634874000000101","MODI","TRAD","2026-06-03T14:25:30Z","TRUE","CR","","I","TRUE","2026-06-03T14:23:05Z","2026-03-20","2031-06-20","","FALSE","TPSE","FALSE","FALSE","","15,000,000","","USD","","","","","","","","","","","","","","","","","","","","","","","","","0.05","","","","","","108.135","","USD","","","","false","","","1","","","A004","","","","","","","","","MNTH","","","","3","","","","","","USD","","","","false","0.99","","","","","","","OTHR","","","FALSE","","","","","","","","","QZHH8NT767RX","NA/CDS Corp Idx","CDX.NA.HY"
"3479644411000000301","","NEWT","TRAD","2026-06-03T14:24:33Z","","CR","","I","TRUE","2026-06-03T14:24:33Z","2026-06-04","2031-06-20","","","TWSF","FALSE","FALSE","","95,000,000","","USD","","","","","","","","","","","","","","","","","","","","","","","","","0.01","","","","","","0.00508365","","","","","","false","","","3","","","A004","","","","","","","","2318532.74334","MNTH","","","","3","","","","UFRO","USD","","","","","false","1","","","","","","","","","","FALSE","","","","","","","","","QZ3WVVQG5T8K","NA/CDS Corp Idx","CDX.NA.IG"
"3479666864000000201","","NEWT","TRAD","2026-06-03T14:26:28Z","","CR","","I","TRUE","2026-06-03T14:26:28Z","2026-06-04","2031-06-20","","FALSE","BBSF","FALSE","FALSE","","30,000,000","","EUR","","","","","","","","","","","","","","","","","","","","","","","","","0.01","","","","","","0.0053495","","","","","","false","","","3","","","A004","","","","","","","","717300.49000","MNTH","","","","3","","","","UFRO","EUR","","","","","false","1","","","","","","","","","","FALSE","","","","","","","","","QZTQ4GTC5QMF","NA/CDS Corp Idx","ITRAXX EUROPE"
"3477343196000000301","","NEWT","TRAD","2026-06-03T11:33:17Z","","CR","","N","FALSE","2026-06-03T11:33:17Z","2026-06-04","2031-06-20","","FALSE","BBSF","FALSE","FALSE","","10,000,000","","EUR","","","","","","","","","","","","","","","","","","","","","","","","","0.01","","","","","","0.00915","","","","","","false","","","3","","","A004","","","","","","","","60706.82790","MNTH","","","","3","","","","UFRO","EUR","","","","","false","1","","","","","","","","","","FALSE","","","","","","","","","QZ5GD86QBKCC","NA/CDS Corp Idx","ITRAXX EUROPE SUB FINANCIALS"
"3479541110000000201","","NEWT","TRAD","2026-06-03T14:16:18Z","","CR","","I","TRUE","2026-06-03T14:16:18Z","2026-06-04","2031-06-20","","FALSE","BBSF","FALSE","FALSE","","5,000,000","","EUR","","","","","","","","","","","","","","","","","","","","","","","","","0.05","","","","","","0.0262152","","","","","","false","","","3","","","A004","","","","","","","","564912.87000","MNTH","","","","3","","","","UFRO","EUR","","","","","false","1","","","","","","","","","","FALSE","","","","","","","","","QZ3HM9KVK2WL","NA/CDS Corp Idx","ITRAXX EUROPE CROSSOVER"
"3477157443000000101","","NEWT","TRAD","2026-06-03T11:16:29Z","","CR","","I","TRUE","2026-06-03T11:16:29Z","2026-06-04","2031-06-20","","FALSE","BBSF","FALSE","FALSE","","6,000,000","","USD","","","","","","","","","","","","","","","","","","","","","","","","","0.01","","","","","","0.0050697","","","","","","false","","","3","","","A004","","","","","","","","146821.53000","MNTH","","","","3","","","","UFRO","USD","","","","","false","1","","","","","","","","","","FALSE","","","","","","","","","QZ3WVVQG5T8K","NA/CDS Corp Idx","CDX.NA.IG"
"3478922018000000201","","NEWT","TRAD","2026-06-03T13:23:28Z","","CR","","N","FALSE","2026-06-03T13:23:28Z","2026-07-15","2026-07-15","","FALSE","BILT","FALSE","FALSE","TRUE","10,000,000","","EUR","","","","","","","","","","","","","","","","","","","","","","","","2026-07-15","","","18,000","EUR","","","","","","","0.05","","false","","","","","3","A004","","","","","","","","0.00000","MNTH","","","","3","","","","UFRO","EUR","","","","","false","","","","","","","","","","","FALSE","","","","","","","","","QZWDX55NJN4V","NA/CDS Idx Swt","NA/CDS Corp Idx"
"3480671113000000201","","NEWT","TRAD","2026-06-03T16:00:16Z","","CR","","I","TRUE","2026-06-03T16:00:16Z","2026-06-04","2031-06-20","","","TWSF","FALSE","FALSE","","150,000,000","","USD","","","","","","","","","","","","","","","","","","","","","","","","","0.01","","","","","","0.0050987","","","","","","false","","","3","","","A004","","","","","","","","3650416.89000","MNTH","","","","3","","","","UFRO","USD","","","","","false","1","","","","","","","","","","FALSE","","","","","","","","","QZ3WVVQG5T8K","NA/CDS Corp Idx","CDX.NA.IG"
"3471974546000000201","3471974545000000101","MODI","TRAD","2026-06-03T09:07:19Z","TRUE","CR","","I","TRUE","2026-06-03T09:06:52Z","2026-03-20","2031-06-20","","FALSE","TPSE","FALSE","FALSE","","25,000,000","","EUR","","","","","","","","","","","","","","","","","","","","","","","","","0.01","","","","","","0.0053375","","","","","","false","","","3","","","A004","","","","","","","","","MNTH","","","","3","","","","","","EUR","","","","false","1","","","","","","","OTHR","","","FALSE","","","","","","","","","QZTQ4GTC5QMF","NA/CDS Corp Idx","ITRAXX EUROPE"
"3471940597000000301","3471884581000000201","MODI","TRAD","2026-06-03T09:06:38Z","TRUE","CR","","I","TRUE","2026-06-03T09:05:31Z","2026-03-20","2031-06-20","","FALSE","TPSE","FALSE","FALSE","","50,000,000","","EUR","","","","","","","","","","","","","","","","","","","","","","","","","0.01","","","","","","0.0053375","","","","","","false","","","3","","","A004","","","","","","","","","MNTH","","","","3","","","","","","EUR","","","","false","1","","","","","","","OTHR","","","FALSE","","","","","","","","","QZTQ4GTC5QMF","NA/CDS Corp Idx","ITRAXX EUROPE"
"3471940595000000101","","NEWT","TRAD","2026-06-03T09:06:21Z","","CR","","I","TRUE","2026-06-03T09:06:21Z","2026-03-20","2031-06-20","","FALSE","TPSE","FALSE","FALSE","","25,000,000","","EUR","","","","","","","","","","","","","","","","","","","","","","","","","0.01","","","","","","0.0053375","","","","","","false","","","3","","","A004","","","","","","","","","MNTH","","","","3","","","","","","EUR","","","","false","1","","","","","","","OTHR","","","FALSE","","","","","","","","","QZTQ4GTC5QMF","NA/CDS Corp Idx","ITRAXX EUROPE"
"3472058071000000101","","NEWT","TRAD","2026-06-03T09:05:00Z","","CR","","I","TRUE","2026-06-03T09:05:00Z","2026-03-20","2031-06-20","","","BILT","FALSE","FALSE","FALSE","25,000,000","","EUR","","","","","","","","","","","","","","","","","","","","","","","","","0.01","","","","","","","","","","","","false","","","","","","A004","","","","","","","","599184.00000","MNTH","","","","3","","","","UFRO","EUR","","","","","false","1","","","","","","","","","","FALSE","","","","","","","","","QZTQ4GTC5QMF","NA/CDS Corp Idx","ITRAXX EUROPE"
"3479248670000000401","","NEWT","TRAD","2026-06-03T13:54:20Z","","CR","","I","TRUE","2026-06-03T13:54:20Z","2026-06-04","2031-06-20","","","TWSF","FALSE","FALSE","","75,000,000","","EUR","","","","","","","","","","","","","","","","","","","","","","","","","0.01","","","","","","0.005363","","","","","","false","","","3","","","A004","","","","","","","","1788414.42000","MNTH","","","","3","","","","UFRO","EUR","","","","","false","1","","","","","","","","","","FALSE","","","","","","","","","QZTQ4GTC5QMF","NA/CDS Corp Idx","ITRAXX EUROPE"
"3479248667000000101","3479233571000000201","MODI","TRAD","2026-06-03T13:54:12Z","TRUE","CR","","I","TRUE","2026-06-03T13:53:37Z","2026-03-20","2031-06-20","","FALSE","TPSE","FALSE","FALSE","","30,000,000","","EUR","","","","","","","","","","","","","","","","","","","","","","","","","0.05","","","","","","0.026225","","","","","","false","","","3","","","A004","","","","","","","","","MNTH","","","","3","","","","","","EUR","","","","false","1","","","","","","","OTHR","","","FALSE","","","","","","","","","QZ3HM9KVK2WL","NA/CDS Corp Idx","ITRAXX EUROPE CROSSOVER"
"3476302039000000101","","NEWT","TRAD","2026-06-03T10:33:54Z","","CR","","I","TRUE","2026-06-03T10:33:54Z","2025-09-22","2030-12-20","","","TREU","FALSE","FALSE","TRUE","150,000,000","","EUR","","","","","","","","","","","","","","","","","","","","","","","","","0.01","","","","","","","","","","","","false","","","","","","A004","","","","","","","","3626489.63000","MNTH","","","","3","","","","UFRO","EUR","","","","","false","1","","","","","","","","","","FALSE","","","","","","","","","QZFB31MBHLT9","NA/CDS Corp Idx","ITRAXX EUROPE"
"3476259104000000101","","NEWT","TRAD","2026-06-03T10:35:26Z","","CR","","I","TRUE","2026-06-03T10:35:26Z","2026-06-04","2031-06-20","","FALSE","BBSF","FALSE","TRUE","","40,000,000","","EUR","","","","","","","","","","","","","","","","","","","","","","","","","0.05","","","","","","0.0261","","","","","","false","","","3","","","A004","","","","","","","","4541044.98000","MNTH","","","","3","","","","UFRO","EUR","","","","","false","1","","","","","","","","","","FALSE","","","","","","","","","QZ3HM9KVK2WL","NA/CDS Corp Idx","ITRAXX EUROPE CROSSOVER"
"3476259105000000201","","NEWT","TRAD","2026-06-03T10:35:36Z","","CR","","I","TRUE","2026-06-03T10:35:36Z","2026-06-04","2031-06-20","","","TWSF","FALSE","TRUE","","163,343,009+","","EUR","","","","","","","","","","","","","","","","","","","","","","","","","0.01","","","","","","0.00531","","","","","","false","","","3","","","A004","","","","","","","","3936350.56408","MNTH","","","","3","","","","UFRO","EUR","","","","","false","1","","","","","","","","","","TRUE","","","","0.00531","","3","","","QZTQ4GTC5QMF","NA/CDS Corp Idx","ITRAXX EUROPE"
"3479226583000000501","","NEWT","TRAD","2026-06-03T13:52:52Z","","CR","","I","TRUE","2026-06-03T13:52:52Z","2026-06-04","2031-06-20","","FALSE","BBSF","FALSE","FALSE","","3,000,000","","USD","","","","","","","","","","","","","","","","","","","","","","","","","0.01","","","","","","0.00509245","","","","","","false","","","3","","","A004","","","","","","","","73095.06000","MNTH","","","","3","","","","UFRO","USD","","","","","false","1","","","","","","","","","","FALSE","","","","","","","","","QZ3WVVQG5T8K","NA/CDS Corp Idx","CDX.NA.IG"
"3479166813000000101","","NEWT","NOVA","2026-06-03T13:47:16Z","","CR","","N","FALSE","2026-06-02T14:11:49Z","2025-09-22","2030-12-20","","FALSE","BILT","FALSE","FALSE","FALSE","5,000,000","","EUR","","","","","","","","","","","","","","","","","","","","","","","","","0.05","","","","","","","","","","","","false","","","","","","A004","","","","","","","","319583.33000","MNTH","","","","3","","","","UFRO","EUR","EUR","","","","true","1","","","","","","","","","","FALSE","","","","","","","","","QZMGS84TQL5T","NA/CDS Corp Idx Tra","ITRAXX EUROPE CROSSOVER"
"3479206617000000801","","NEWT","TRAD","2026-06-03T13:51:21Z","","CR","","I","TRUE","2026-06-03T13:51:21Z","2026-06-04","2031-06-20","","FALSE","BBSF","FALSE","FALSE","","8,000,000","","EUR","","","","","","","","","","","","","","","","","","","","","","","","","0.01","","","","","","0.00536625","","","","","","false","","","3","","","A004","","","","","","","","190640.01000","MNTH","","","","3","","","","UFRO","EUR","","","","","false","1","","","","","","","","","","FALSE","","","","","","","","","QZTQ4GTC5QMF","NA/CDS Corp Idx","ITRAXX EUROPE"
"3480468700000000401","","NEWT","TRAD","2026-06-03T15:47:39Z","","CR","","I","FALSE","2026-06-03T15:47:39Z","2026-06-04","2031-06-20","","","TWSF","FALSE","TRUE","","163,343,009+","","EUR","","","","","","","","","","","","","","","","","","","","","","","","","0.01","","","","","","0.005374","","","","","","false","","","3","","","A004","","","","","","","","3886440.96615","MNTH","","","","3","","","","UFRO","EUR","","","","","false","1","","","","","","","","","","FALSE","","","","","","","","","QZTQ4GTC5QMF","NA/CDS Corp Idx","ITRAXX EUROPE"
"3479099280000000401","","NEWT","TRAD","2026-06-03T13:38:32Z","","CR","","I","TRUE","2026-06-03T13:38:32Z","2026-06-04","2028-12-20","","FALSE","BBSF","FALSE","TRUE","","150,000,000","","EUR","","","","","","","","","","","","","","","","","","","","","","","","","0.05","","","","","","0.016","","","","","","false","","","3","","","A004","","","","","","","","13160350.11000","MNTH","","","","3","","","","UFRO","EUR","","","","","false","0.94665","","","","","","","","","","TRUE","","","","0.00375","","3","","","QZ2Q1GQSPKPM","NA/CDS Corp Idx","ITRAXX EUROPE CROSSOVER"
"3479094110000000301","","NEWT","TRAD","2026-06-03T13:38:19Z","","CR","","I","TRUE","2026-06-03T13:38:19Z","2026-06-04","2031-06-20","","FALSE","BBSF","FALSE","TRUE","","35,000,000","","EUR","","","","","","","","","","","","","","","","","","","","","","","","","0.05","","","","","","0.02618","","","","","","false","","","3","","","A004","","","","","","","","3960201.27000","MNTH","","","","3","","","","UFRO","EUR","","","","","false","1","","","","","","","","","","FALSE","","","","","","","","","QZ3HM9KVK2WL","NA/CDS Corp Idx","ITRAXX EUROPE CROSSOVER"
"3479099281000000501","","NEWT","TRAD","2026-06-03T13:38:32Z","","CR","","I","TRUE","2026-06-03T13:38:32Z","2026-06-04","2029-12-20","","FALSE","BBSF","FALSE","TRUE","","110,000,000","","EUR","","","","","","","","","","","","","","","","","","","","","","","","","0.05","","","","","","0.01975","","","","","","false","","","3","","","A004","","","","","","","","11472478.58652","MNTH","","","","3","","","","UFRO","EUR","","","","","false","0.95999","","","","","","","","","","TRUE","","","","0.00375","","3","","","QZC9WN4TPTDV","NA/CDS Corp Idx","ITRAXX EUROPE CROSSOVER"
"3479179883000000101","","NEWT","TRAD","2026-06-03T13:48:27Z","","CR","","I","TRUE","2026-06-03T13:48:27Z","2026-06-04","2031-06-20","","FALSE","BBSF","FALSE","FALSE","","60,000,000","","EUR","","","","","","","","","","","","","","","","","","","","","","","","","0.01","","","","","","0.0053709","","","","","","false","","","3","","","A004","","","","","","","","1428467.39000","MNTH","","","","3","","","","UFRO","EUR","","","","","false","1","","","","","","","","","","FALSE","","","","","","","","","QZTQ4GTC5QMF","NA/CDS Corp Idx","ITRAXX EUROPE"
"3479194847000000101","","NEWT","TRAD","2026-06-03T13:49:29Z","","CR","","I","TRUE","2026-06-03T13:49:29Z","2026-06-04","2031-06-20","","FALSE","BBSF","FALSE","FALSE","","5,000,000","","USD","","","","","","","","","","","","","","","","","","","","","","","","","0.05","","","","","","0.01080925","","","","","","false","","","3","","","A004","","","","","","","","452828.75000","MNTH","","","","3","","","","UFRO","USD","","","","","false","0.99","","","","","","","","","","FALSE","","","","","","","","","QZHH8NT767RX","NA/CDS Corp Idx","CDX.NA.HY"
"3479179885000000301","","NEWT","TRAD","2026-06-03T13:48:38Z","","CR","","I","TRUE","2026-06-03T13:48:38Z","2026-06-04","2031-06-20","","FALSE","BBSF","FALSE","FALSE","","75,000,000","","USD","","","","","","","","","","","","","","","","","","","","","","","","","0.01","","","","","","0.0051093","","","","","","false","","","3","","","A004","","","","","","","","1821531.70000","MNTH","","","","3","","","","UFRO","USD","","","","","false","1","","","","","","","","","","FALSE","","","","","","","","","QZ3WVVQG5T8K","NA/CDS Corp Idx","CDX.NA.IG"
"3479150757000000301","","NEWT","TRAD","2026-06-03T13:45:21Z","","CR","","I","FALSE","2026-06-03T13:45:21Z","2026-03-20","2031-06-20","","FALSE","TPSE","FALSE","FALSE","","10,000,000","","USD","","","","","","","","","","","","","","","","","","","","","","","","","0.01","","","","","","97.8","","USD","","","","false","","","1","","","A004","","","","","","","","","MNTH","","","","3","","","","","","USD","","","","false","1","","","","","","","OTHR","","","FALSE","","","","","","","","","QZ4JMQKL3P03","NA/CDS Corp Idx","CDX.EM"
"3479150760000000601","","NEWT","TRAD","2026-06-03T13:45:46Z","","CR","","I","TRUE","2026-06-03T13:45:46Z","2026-06-04","2031-06-20","","FALSE","BBSF","FALSE","FALSE","","47,000,000","","USD","","","","","","","","","","","","","","","","","","","","","","","","","0.05","","","","","","0.01081099","","","","","","false","","","3","","","A004","","","","","","","","4264698.29112","MNTH","","","","3","","","","UFRO","USD","","","","","false","0.99","","","","","","","","","","FALSE","","","","","","","","","QZHH8NT767RX","NA/CDS Corp Idx","CDX.NA.HY"
"3479187624000000801","","NEWT","TRAD","2026-06-03T13:49:27Z","","CR","","I","FALSE","2026-06-03T13:49:27Z","2026-06-04","2031-06-20","","","TWSF","FALSE","FALSE","","10,000,000","","EUR","","","","","","","","","","","","","","","","","","","","","","","","","0.01","","","","","","0.0053691","","","","","","false","","","3","","","A004","","","","","","","","238163.88000","MNTH","","","","3","","","","UFRO","EUR","","","","","false","1","","","","","","","","","","FALSE","","","","","","","","","QZTQ4GTC5QMF","NA/CDS Corp Idx","ITRAXX EUROPE"
"3479408818000000201","","NEWT","TRAD","2026-06-03T14:07:40Z","","CR","","I","TRUE","2026-06-03T14:07:40Z","2026-06-04","2031-06-20","","FALSE","BBSF","FALSE","FALSE","","150,000,000","","USD","","","","","","","","","","","","","","","","","","","","","","","","","0.01","","","","","","0.005093","","","","","","false","","","3","","","A004","","","","","","","","3654377.97583","MNTH","","","","3","","","","UFRO","USD","","","","","false","1","","","","","","","","","","FALSE","","","","","","","","","QZ3WVVQG5T8K","NA/CDS Corp Idx","CDX.NA.IG"
"3479340021000000101","","NEWT","TRAD","2026-06-03T14:01:39Z","","CR","","I","TRUE","2026-06-03T14:01:39Z","2026-06-04","2031-06-20","","FALSE","BBSF","FALSE","FALSE","","40,000,000","","USD","","","","","","","","","","","","","","","","","","","","","","","","","0.01","","","","","","0.00508874","","","","","","false","","","3","","","A004","","","","","","","","975287.20000","MNTH","","","","3","","","","UFRO","USD","","","","","false","1","","","","","","","","","","FALSE","","","","","","","","","QZ3WVVQG5T8K","NA/CDS Corp Idx","CDX.NA.IG"
"3479283377000000401","3479283375000000201","MODI","TRAD","2026-06-03T13:57:23Z","TRUE","CR","","I","TRUE","2026-06-03T13:56:56Z","2026-03-20","2031-06-20","","FALSE","TPSE","FALSE","FALSE","","5,000,000","","USD","","","","","","","","","","","","","","","","","","","","","","","","","0.05","","","","","","108.119","","USD","","","","false","","","1","","","A004","","","","","","","","","MNTH","","","","3","","","","","","USD","","","","false","0.99","","","","","","","OTHR","","","FALSE","","","","","","","","","QZHH8NT767RX","NA/CDS Corp Idx","CDX.NA.HY"
"3479309133000000501","","NEWT","TRAD","2026-06-03T13:58:53Z","","CR","","I","TRUE","2026-06-03T13:58:53Z","2026-06-04","2031-06-20","","FALSE","BBSF","FALSE","FALSE","","13,000,000","","USD","","","","","","","","","","","","","","","","","","","","","","","","","0.05","","","","","","0.010815","","","","","","false","","","3","","","A004","","","","","","","","1184755.00000","MNTH","","","","3","","","","UFRO","USD","","","","","false","0.99","","","","","","","","","","TRUE","","","","0.010815","","3","","","QZHH8NT767RX","NA/CDS Corp Idx","CDX.NA.HY"
"3480683823000000101","","NEWT","TRAD","2026-06-03T16:00:50Z","","CR","","I","TRUE","2026-06-03T16:00:50Z","2026-06-04","2031-06-20","","FALSE","BBSF","FALSE","FALSE","","3,000,000","","EUR","","","","","","","","","","","","","","","","","","","","","","","","","0.01","","","","","","0.0053825","","","","","","false","","","3","","","A004","","","","","","","","71257.11326","MNTH","","","","3","","","","UFRO","EUR","","","","","false","1","","","","","","","","","","FALSE","","","","","","","","","QZTQ4GTC5QMF","NA/CDS Corp Idx","ITRAXX EUROPE"
"3481675532000000101","","NEWT","TRAD","2026-06-03T16:53:47Z","","CR","","I","FALSE","2026-06-03T16:53:47Z","2026-06-04","2031-06-20","","","TWSF","FALSE","FALSE","","25,000,000","","USD","","","","","","","","","","","","","","","","","","","","","","","","","0.05","","","","","","0.01080841","","","","","","false","","","3","","","A004","","","","","","","","2262052.38000","MNTH","","","","3","","","","UFRO","USD","","","","","false","0.99","","","","","","","","","","FALSE","","","","","","","","","QZHH8NT767RX","NA/CDS Corp Idx","CDX.NA.HY"
"3481604660000000101","","NEWT","TRAD","2026-06-03T16:34:54Z","","CR","","N","FALSE","2026-06-03T16:34:54Z","2026-06-03","2030-12-20","","FALSE","BILT","FALSE","FALSE","FALSE","20,000,000","","EUR","","","","","","","","","","","","","","","","","","","","","","","","","0.01","","","","","","","","","","","","false","","","","","","A004","","","","","","","","3882777.78000","MNTH","","","","3","","","","UFRO","EUR","","","","","false","1","","","","","","","","","","FALSE","","","","","","","","","QZ9GDBQDH8LN","NA/CDS Corp Idx Tra","ITRAXX EUROPE"
"3481699498000000301","","NEWT","TRAD","2026-06-03T16:56:32Z","","CR","","I","TRUE","2026-06-03T16:56:32Z","2026-06-04","2031-06-20","","FALSE","BBSF","FALSE","FALSE","","10,000,000","","USD","","","","","","","","","","","","","","","","","","","","","","","","","0.05","","","","","","0.0108081","","","","","","false","","","3","","","A004","","","","","","","","904519.00000","MNTH","","","","3","","","","UFRO","USD","","","","","false","0.99","","","","","","","","","","FALSE","","","","","","","","","QZHH8NT767RX","NA/CDS Corp Idx","CDX.NA.HY"
"3467160834000000301","","NEWT","TRAD","2026-06-03T07:41:37Z","","CR","","I","TRUE","2026-06-03T07:41:37Z","2026-06-04","2031-06-20","","FALSE","BBSF","FALSE","FALSE","","69,000,000","","EUR","","","","","","","","","","","","","","","","","","","","","","","","","0.01","","","","","","0.0053345","","","","","","false","","","3","","","A004","","","","","","","","1654736.01000","MNTH","","","","3","","","","UFRO","EUR","","","","","false","1","","","","","","","","","","FALSE","","","","","","","","","QZTQ4GTC5QMF","NA/CDS Corp Idx","ITRAXX EUROPE"
"3469370105000000101","","NEWT","TRAD","2026-06-03T08:25:15Z","","CR","","I","TRUE","2026-06-03T08:25:15Z","2026-06-04","2031-06-20","","FALSE","BBSF","FALSE","FALSE","","5,000,000","","EUR","","","","","","","","","","","","","","","","","","","","","","","","","0.05","","","","","","0.0260743","","","","","","false","","","3","","","A004","","","","","","","","568237.26000","MNTH","","","","3","","","","UFRO","EUR","","","","","false","1","","","","","","","","","","FALSE","","","","","","","","","QZ3HM9KVK2WL","NA/CDS Corp Idx","ITRAXX EUROPE CROSSOVER"
"3480414632000001601","","NEWT","TRAD","2026-06-03T15:44:04Z","","CR","","N","FALSE","2026-06-03T15:44:04Z","2026-03-20","2026-07-15","2031-06-20","FALSE","BILT","FALSE","FALSE","TRUE","13,000,000","","EUR","","","","","","","","","","","","","","","","","","","","","","","","2026-07-15","0.01","","3,899.9925","EUR","","","","","","","0.005","","false","","","","","3","A004","","","","","","","","","MNTH","","","","3","","","","","","","","","","false","1","","","","","","","","","","FALSE","","","","","","","","","QZ2L66CGCV9J","NA/CDS Idx Swt","NA/CDS Corp Idx"
"3480439087000000101","","NEWT","TRAD","2026-06-03T15:45:08Z","","CR","","N","FALSE","2026-06-03T15:45:08Z","2026-03-20","2026-08-19","2031-06-20","FALSE","BILT","FALSE","FALSE","TRUE","13,000,000","","EUR","","","","","","","","","","","","","","","","","","","","","","","","2026-08-19","0.01","","6,499.9875","EUR","","","","","","","0.005","","false","","","","","3","A004","","","","","","","","","MNTH","","","","3","","","","","","","","","","false","1","","","","","","","","","","FALSE","","","","","","","","","QZ2L66CGCV9J","NA/CDS Idx Swt","NA/CDS Corp Idx"
"3480494778000000101","2927108327000000401","TERM","ETRM","2026-06-03T15:45:01Z","","CR","","N","FALSE","2026-04-30T14:37:46Z","2026-03-20","2026-06-17","","FALSE","BILT","FALSE","FALSE","TRUE","5","","USD","","","","","","","","","","","","","","","","","","","","","","","","2026-06-17","1.035","","","","","","5","","","","","","false","","","3","","","","","","","","","","","","","","","","","","","","","","","","","","false","","","","","","","","","","","FALSE","","","","","","","","","QZ8V3P8GM5FP","NA/CDS Idx Swt","NA/CDS Corp Idx"
"3480466087000000101","3480457265000000101","CORR","","2026-06-03T15:46:58Z","","CR","","N","FALSE","2026-06-03T15:46:52Z","2026-03-20","2026-08-19","2031-06-20","FALSE","BILT","FALSE","FALSE","TRUE","13,000,000","","EUR","","","","","","","","","","","","","","","","","","","","","","","","2026-08-19","0.01","","11,764.97738","EUR","","","","","","","0.00675","","false","","","","","3","A004","","","","","","","","","MNTH","","","","3","","","","","","","","","","false","1","","","","","","","","","","FALSE","","","","","","","","","QZS1WNR5R2ND","NA/CDS Idx Swt","NA/CDS Corp Idx"
"3481007754000000101","","NEWT","TRAD","2026-06-03T16:14:05Z","","CR","","I","TRUE","2026-06-03T16:14:05Z","2026-06-04","2031-06-20","","FALSE","BBSF","FALSE","FALSE","","150,000,000","","USD","","","","","","","","","","","","","","","","","","","","","","","","","0.01","","","","","","0.00510199","","","","","","false","","","3","","","A004","","","","","","","","3648134.47000","MNTH","","","","3","","","","UFRO","USD","","","","","false","1","","","","","","","","","","FALSE","","","","","","","","","QZ3WVVQG5T8K","NA/CDS Corp Idx","CDX.NA.IG"
"3480576069000000301","","NEWT","TRAD","2026-06-03T15:52:32Z","","CR","","N","FALSE","2026-06-03T15:52:32Z","2026-06-04","2026-06-20","2026-06-20","FALSE","BILT","FALSE","FALSE","TRUE","78,000,000","","USD","","","","","","","","","","","","","","","","","","","","","","","","","","","","","","","","","","","","","false","","","","","","A004","","","","","","","","598037.11874","MNTH","","","","3","","","","UFRO","USD","","","","","false","1","","","","","","","","","","FALSE","","","","","","","","","QZ5ND0SMQQL4","NA/Cr Sw Idx TRtn Corp Ph",""
"3480350099000000201","","NEWT","TRAD","2026-06-03T15:34:26Z","","CR","","N","FALSE","2026-06-03T15:34:26Z","2026-03-20","2026-07-15","2031-06-20","FALSE","BILT","FALSE","FALSE","TRUE","60,000,000","","USD","","","","","","","","","","","","","","","","","","","","","","","","2026-07-15","0.05","","184,140","USD","","","","","","","106.5","USD","false","","","","","1","A004","","","","","","","","","MNTH","","","","3","","","","","","","","","","false","0.99","","","","","","","","","","FALSE","","","","","","","","","QZ8V3P8GM5FP","NA/CDS Idx Swt","NA/CDS Corp Idx"
"3480718577000000101","","NEWT","TRAD","2026-06-03T16:01:29Z","","CR","","I","TRUE","2026-06-03T16:01:29Z","2026-06-04","2031-06-20","","FALSE","BBSF","FALSE","FALSE","","2,000,000","","USD","","","","","","","","","","","","","","","","","","","","","","","","","0.05","","","","","","0.0108107","","","","","","false","","","3","","","A004","","","","","","","","181418.14645","MNTH","","","","3","","","","UFRO","USD","","","","","false","0.99","","","","","","","","","","FALSE","","","","","","","","","QZHH8NT767RX","NA/CDS Corp Idx","CDX.NA.HY"
"3479294500000000101","","NEWT","TRAD","2026-06-03T13:58:27Z","","CR","","I","TRUE","2026-06-03T13:58:27Z","2026-06-04","2031-06-20","","FALSE","BBSF","FALSE","FALSE","","20,000,000","","USD","","","","","","","","","","","","","","","","","","","","","","","","","0.01","","","","","","0.005102","","","","","","false","","","3","","","A004","","","","","","","","486417.00000","MNTH","","","","3","","","","UFRO","USD","","","","","false","1","","","","","","","","","","FALSE","","","","","","","","","QZ3WVVQG5T8K","NA/CDS Corp Idx","CDX.NA.IG"
"3480515511000000101","","NEWT","TRAD","2026-06-03T15:51:04Z","","CR","","I","TRUE","2026-06-03T15:51:04Z","2026-06-04","2031-06-20","","FALSE","BBSF","FALSE","TRUE","","50,000,000","","USD","","","","","","","","","","","","","","","","","","","","","","","","","0.05","","","","","","0.0108105","","","","","","false","","","3","","","A004","","","","","","","","4534475.00000","MNTH","","","","3","","","","UFRO","USD","","","","","false","0.99","","","","","","","","","","FALSE","","","","","","","","","QZHH8NT767RX","NA/CDS Corp Idx","CDX.NA.HY"
"3481558354000000101","3481451093000000101","MODI","TRAD","2026-06-03T16:38:41Z","TRUE","CR","","I","TRUE","2026-06-03T16:35:25Z","2026-03-20","2031-06-20","","","BILT","FALSE","FALSE","FALSE","10,000,000","","USD","","","","","","","","","","","","","","","","","","","","","","","","","0.05","","","","","","","","","","","","false","","","","","","A004","","","","","","","","905410.00000","MNTH","","","","3","","","","UFRO","USD","","","","","false","0.99","","","","","","","","","","FALSE","","","","","","","","","QZHH8NT767RX","NA/CDS Corp Idx","CDX.NA.HY"
"3481215465000000101","","NEWT","TRAD","2026-06-03T16:27:08Z","","CR","","I","TRUE","2026-06-03T16:27:08Z","2026-06-04","2031-06-20","","FALSE","BBSF","FALSE","FALSE","","50,000,000","","USD","","","","","","","","","","","","","","","","","","","","","","","","","0.01","","","","","","0.00512","","","","","","false","","","3","","","A004","","","","","","","","1211880.39000","MNTH","","","","3","","","","UFRO","USD","","","","","false","1","","","","","","","","","","FALSE","","","","","","","","","QZ3WVVQG5T8K","NA/CDS Corp Idx","CDX.NA.IG"
"3481237919000000101","","NEWT","TRAD","2026-06-03T16:28:01Z","","CR","","I","TRUE","2026-06-03T16:28:01Z","2026-06-04","2031-06-20","","FALSE","BBSF","FALSE","FALSE","","50,000,000","","USD","","","","","","","","","","","","","","","","","","","","","","","","","0.01","","","","","","0.0051144","","","","","","false","","","3","","","A004","","","","","","","","1213175.20000","MNTH","","","","3","","","","UFRO","USD","","","","","false","1","","","","","","","","","","FALSE","","","","","","","","","QZ3WVVQG5T8K","NA/CDS Corp Idx","CDX.NA.IG"
"3480308836000000101","3480303886000000201","EROR","","2026-06-03T15:27:53Z","","CR","","N","FALSE","2026-06-03T15:27:53Z","2026-03-20","2026-08-19","","FALSE","BILT","FALSE","FALSE","TRUE","5","","USD","","","","","","","","","","","","","","","","","","","","","","","","2026-08-19","0.0055","","","","","","","","","","","","false","","","","","","","","","","","","","","","","","","","","","","","","","","","","","false","","","","","","","","","","","FALSE","","","","","","","","","QZ7WW76RFHN3","NA/CDS Idx Swt","NA/CDS Corp Idx"
"3480563721000000201","","NEWT","TRAD","2026-06-03T15:53:47Z","","CR","","I","TRUE","2026-06-03T15:53:47Z","2026-06-04","2031-06-20","","","TWSF","FALSE","FALSE","","25,000,000","","EUR","","","","","","","","","","","","","","","","","","","","","","","","","0.01","","","","","","0.0053935","","","","","","false","","","3","","","A004","","","","","","","","592496.26000","MNTH","","","","3","","","","UFRO","EUR","","","","","false","1","","","","","","","","","","FALSE","","","","","","","","","QZTQ4GTC5QMF","NA/CDS Corp Idx","ITRAXX EUROPE"
"3480578311000000501","","NEWT","TRAD","2026-06-03T15:54:43Z","","CR","","I","TRUE","2026-06-03T15:54:43Z","2026-03-20","2031-06-20","","FALSE","TPSE","FALSE","FALSE","","30,000,000","","EUR","","","","","","","","","","","","","","","","","","","","","","","","","0.05","","","","","","0.026275","","","","","","false","","","3","","","A004","","","","","","","","","MNTH","","","","3","","","","","","EUR","","","","false","1","","","","","","","OTHR","","","TRUE","","","","0.004725","","3","","","QZ3HM9KVK2WL","NA/CDS Corp Idx","ITRAXX EUROPE CROSSOVER"
"3480578308000000201","","NEWT","TRAD","2026-06-03T15:54:27Z","","CR","","I","TRUE","2026-06-03T15:54:27Z","2026-03-20","2031-06-20","","FALSE","TPSE","FALSE","FALSE","","40,000,000","","EUR","","","","","","","","","","","","","","","","","","","","","","","","","0.01","","","","","","0.0053875","","","","","","false","","","3","","","A004","","","","","","","","","MNTH","","","","3","","","","","","EUR","","","","false","1","","","","","","","OTHR","","","TRUE","","","","0.004725","","3","","","QZTQ4GTC5QMF","NA/CDS Corp Idx","ITRAXX EUROPE"
"3480198590000000101","","NEWT","TRAD","2026-06-03T15:23:30Z","","CR","","I","TRUE","2026-06-03T15:23:30Z","2026-06-04","2031-06-20","","FALSE","BBSF","FALSE","TRUE","","163,343,009+","","EUR","","","","","","","","","","","","","","","","","","","","","","","","","0.01","","","","","","0.005355","","","","","","false","","","3","","","A004","","","","","","","","3901281.73072","MNTH","","","","3","","","","UFRO","EUR","","","","","false","1","","","","","","","","","","TRUE","","","","0.0041075","","3","","","QZTQ4GTC5QMF","NA/CDS Corp Idx","ITRAXX EUROPE"
"3480388634000000501","","NEWT","TRAD","2026-06-03T15:42:13Z","","CR","","I","TRUE","2026-06-03T15:42:13Z","2026-03-20","2031-06-20","","FALSE","TPSE","FALSE","FALSE","","50,000,000","","EUR","","","","","","","","","","","","","","","","","","","","","","","","","0.01","","","","","","0.0053625","","","","","","false","","","3","","","A004","","","","","","","","","MNTH","","","","3","","","","","","EUR","","","","false","1","","","","","","","OTHR","","","FALSE","","","","","","","","","QZTQ4GTC5QMF","NA/CDS Corp Idx","ITRAXX EUROPE"
"3480656138000000201","","NEWT","TRAD","2026-06-03T15:58:54Z","","CR","","I","TRUE","2026-06-03T15:58:54Z","2026-06-04","2031-06-20","","FALSE","BBSF","FALSE","FALSE","","3,000,000","","EUR","","","","","","","","","","","","","","","","","","","","","","","","","0.05","","","","","","0.02634","","","","","","false","","","3","","","A004","","","","","","","","337182.09153","MNTH","","","","3","","","","UFRO","EUR","","","","","false","1","","","","","","","","","","FALSE","","","","","","","","","QZ3HM9KVK2WL","NA/CDS Corp Idx","ITRAXX EUROPE CROSSOVER"
"3480656139000000301","3480633461000000101","MODI","TRAD","2026-06-03T15:59:03Z","TRUE","CR","","I","TRUE","2026-06-03T15:57:49Z","2026-03-20","2031-06-20","","FALSE","TPSE","FALSE","FALSE","","25,000,000","","USD","","","","","","","","","","","","","","","","","","","","","","","","","0.05","","","","","","108.105","","USD","","","","false","","","1","","","A004","","","","","","","","","MNTH","","","","3","","","","","","USD","","","","false","0.99","","","","","","","OTHR","","","FALSE","","","","","","","","","QZHH8NT767RX","NA/CDS Corp Idx","CDX.NA.HY"
"3477890754000000101","","NEWT","TRAD","2026-06-03T12:16:51Z","","CR","","I","FALSE","2026-06-03T12:16:51Z","2026-06-04","2031-06-20","","","TWSF","FALSE","FALSE","","11,000,000","","USD","","","","","","","","","","","","","","","","","","","","","","","","","0.01","","","","","","0.0097795","","","","","","false","","","3","","","A004","","","","","","","","219327.78000","MNTH","","","","3","","","","UFRO","USD","","","","","false","1","","","","","","","","","","FALSE","","","","","","","","","QZ4JMQKL3P03","NA/CDS Corp Idx","CDX.EM"
"3478305288000000101","","NEWT","TRAD","2026-06-03T12:40:18Z","","CR","","I","TRUE","2026-06-03T12:40:18Z","2026-06-04","2031-06-20","","FALSE","BBSF","FALSE","FALSE","","25,000,000","","USD","","","","","","","","","","","","","","","","","","","","","","","","","0.05","","","","","","0.010815","","","","","","false","","","3","","","A004","","","","","","","","2278375.00000","MNTH","","","","3","","","","UFRO","USD","","","","","false","0.99","","","","","","","","","","FALSE","","","","","","","","","QZHH8NT767RX","NA/CDS Corp Idx","CDX.NA.HY"
"3477829743000000101","1771192798","CORR","","2026-06-03T12:11:35Z","","CR","","N","FALSE","2025-06-03T18:01:31Z","2025-06-04","2030-05-30","","FALSE","BILT","FALSE","FALSE","FALSE","1,500,000,000","","ARS","","","","","","","","","","","","","","","","","","","","","","","","","0.295","","","","","","","","","","","","false","","","","","","","","","","","","","","1306615.29000;422128.67669","MNTH","","","","6","","","","PEXH;PEXH","USD;USD","USD","","","","false","","","","","","","","","","","FALSE","","","","","","","","","QZV8SCNBJCD0","NA/CDS Corp SN","No name obtainable"
"3478332581000000101","","NEWT","TRAD","2026-06-03T12:42:43Z","","CR","","I","TRUE","2026-06-03T12:42:43Z","2026-06-04","2031-06-20","","","TWSF","FALSE","FALSE","","25,000,000","","USD","","","","","","","","","","","","","","","","","","","","","","","","","0.05","","","","","","0.0108165","","","","","","false","","","3","","","A004","","","","","","","","2282087.50000","MNTH","","","","3","","","","UFRO","USD","","","","","false","0.99","","","","","","","","","","FALSE","","","","","","","","","QZHH8NT767RX","NA/CDS Corp Idx","CDX.NA.HY"
"3478575650000000301","3478567489000000301","EROR","","2026-06-03T13:00:55Z","","CR","","N","FALSE","2026-06-03T11:25:20Z","2026-06-03","2026-06-20","","FALSE","BILT","FALSE","FALSE","TRUE","150,000,000","","EUR","","","","","","","","","","","","","","","","","","","","","","","","","","","","","","","0","","","","","","false","","","3","","","","","A020","","MNTH","","3","","671650.00000","","MNTH","","","","3","","","UFRO","EUR","EUR","","","","false","","","","","","","","","","","FALSE","","","","","","","","","QZ169SN5SHDD","NA/CDS Corp SN","iBoxx EUR CORPORATES OVERALLINDEX OVERALL (TOTAL RETURN)"
"3478803154000000101","","NEWT","TRAD","2026-06-03T13:15:05Z","","CR","","I","TRUE","2026-06-03T13:15:05Z","2026-06-04","2031-06-20","","FALSE","BBSF","FALSE","TRUE","","50,000,000","","USD","","","","","","","","","","","","","","","","","","","","","","","","","0.05","","","","","","0.0108175","","","","","","false","","","3","","","A004","","","","","","","","4569125.00000","MNTH","","","","3","","","","UFRO","USD","","","","","false","0.99","","","","","","","","","","FALSE","","","","","","","","","QZHH8NT767RX","NA/CDS Corp Idx","CDX.NA.HY"
"3478530161000000301","3457035880000000101","CORR","","2026-06-03T10:58:34Z","","CR","","N","FALSE","2026-06-02T15:49:52Z","2026-06-02","2030-12-20","","FALSE","BILT","FALSE","FALSE","FALSE","15,000,000","","EUR","","","","","","","","","","","","","","","","","","","","","","","","","0.05","","","","","","","","","","","","false","","","","","","A004","","","","","","","","2163000.00000","MNTH","","","","3","","","","UFRO","EUR","","","","","false","1","","","","","","","","","","FALSE","","","","","","","","","QZB5DPT9MS3H","NA/CDS Corp Idx Tra","ITRAXX EUROPE CROSSOVER"
"3478393844000000201","","NEWT","TRAD","2026-06-03T12:46:50Z","","CR","","I","TRUE","2026-06-03T12:46:50Z","2026-06-04","2031-06-20","","FALSE","BBSF","FALSE","FALSE","","100,000,000","","USD","","","","","","","","","","","","","","","","","","","","","","","","","0.01","","","","","","0.005082","","","","","","false","","","3","","","A004","","","","","","","","2441335.60000","MNTH","","","","3","","","","UFRO","USD","","","","","false","1","","","","","","","","","","FALSE","","","","","","","","","QZ3WVVQG5T8K","NA/CDS Corp Idx","CDX.NA.IG"
"3478469652000000101","","NEWT","TRAD","2026-06-03T12:53:20Z","","CR","","I","TRUE","2026-06-03T12:53:20Z","2026-06-04","2031-06-20","","FALSE","BBSF","FALSE","FALSE","","85,000,000","","USD","","","","","","","","","","","","","","","","","","","","","","","","","0.01","","","","","","0.005075","","","","","","false","","","3","","","A004","","","","","","","","2077887.61000","MNTH","","","","3","","","","UFRO","USD","","","","","false","1","","","","","","","","","","TRUE","","","","0.005075","","3","","","QZ3WVVQG5T8K","NA/CDS Corp Idx","CDX.NA.IG"
"3478457529000000101","","NEWT","TRAD","2026-06-03T12:51:59Z","","CR","","I","FALSE","2026-06-03T12:51:59Z","2026-03-20","2031-06-20","","","BGCO","FALSE","FALSE","FALSE","25,000,000","","EUR","","","","","","","","","","","","","","","","","","","","","","","","","0.01","","","","","","","","","","","","false","","","","","","A004","","","","","","","","599184.00000","MNTH","","","","3","","","","UFRO","EUR","","","","","false","1","","","","","","","","","","FALSE","","","","","","","","","QZTQ4GTC5QMF","NA/CDS Corp Idx","ITRAXX EUROPE"
"3478752717000000101","","NEWT","TRAD","2026-06-03T13:11:02Z","","CR","","I","TRUE","2026-06-03T13:11:02Z","2026-06-04","2031-06-20","","FALSE","BBSF","FALSE","FALSE","","15,000,000","","USD","","","","","","","","","","","","","","","","","","","","","","","","","0.05","","","","","","0.01081875","","","","","","false","","","3","","","A004","","","","","","","","1372593.75000","MNTH","","","","3","","","","UFRO","USD","","","","","false","0.99","","","","","","","","","","FALSE","","","","","","","","","QZHH8NT767RX","NA/CDS Corp Idx","CDX.NA.HY"
"3478893163000000201","","NEWT","TRAD","2026-06-03T13:21:31Z","","CR","","I","TRUE","2026-06-03T13:21:31Z","2026-06-04","2031-06-20","","FALSE","BBSF","FALSE","FALSE","","40,000,000","","EUR","","","","","","","","","","","","","","","","","","","","","","","","","0.01","","","","","","0.00534","","","","","","false","","","3","","","A004","","","","","","","","958216.13000","MNTH","","","","3","","","","UFRO","EUR","","","","","false","1","","","","","","","","","","FALSE","","","","","","","","","QZTQ4GTC5QMF","NA/CDS Corp Idx","ITRAXX EUROPE"
"3478043102000000501","3478043098000000101","MODI","TRAD","2026-06-03T12:25:47Z","TRUE","CR","","I","TRUE","2026-06-03T12:25:37Z","2025-09-20","2030-12-20","","FALSE","TPSE","FALSE","FALSE","","30,000,000","","EUR","","","","","","","","","","","","","","","","","","","","","","","","","0.05","","","","","","0.0226","","","","","","false","","","3","","","A004","","","","","","","","","MNTH","","","","3","","","","","","EUR","","","","false","1","","","","","","","OTHR","","","FALSE","","","","","","","","","QZ5F5FRS4TR9","NA/CDS Corp Idx","ITRAXX EUROPE CROSSOVER"
"3477833723000000101","","NEWT","TRAD","2026-06-03T12:12:53Z","","CR","","I","FALSE","2026-06-03T12:12:53Z","2026-06-04","2031-06-20","","","TWSF","FALSE","FALSE","","8,000,000","","USD","","","","","","","","","","","","","","","","","","","","","","","","","0.05","","","","","","0.0108196","","","","","","false","","","3","","","A004","","","","","","","","732722.46728","MNTH","","","","3","","","","UFRO","USD","","","","","false","0.99","","","","","","","","","","FALSE","","","","","","","","","QZHH8NT767RX","NA/CDS Corp Idx","CDX.NA.HY"
"3478274037000000401","","NEWT","TRAD","2026-06-03T12:38:57Z","","CR","","I","TRUE","2026-06-03T12:38:57Z","2026-03-20","2031-06-20","","FALSE","TPSE","FALSE","FALSE","","10,000,000","","USD","","","","","","","","","","","","","","","","","","","","","","","","","0.05","","","","","","108.165","","USD","","","","false","","","1","","","A004","","","","","","","","","MNTH","","","","3","","","","","","USD","","","","false","0.99","","","","","","","OTHR","","","FALSE","","","","","","","","","QZHH8NT767RX","NA/CDS Corp Idx","CDX.NA.HY"
"3477610338000000101","","NEWT","TRAD","2026-06-03T11:54:54Z","","CR","","I","TRUE","2026-06-03T11:54:54Z","2026-06-04","2028-12-20","","FALSE","BBSF","FALSE","TRUE","","54,000,000","","EUR","","","","","","","","","","","","","","","","","","","","","","","","","0.05","","","","","","0.0155","","","","","","false","","","3","","","A004","","","","","","","","4803929.17850","MNTH","","","","3","","","","UFRO","EUR","","","","","false","0.94665","","","","","","","","","","TRUE","","","","0.0155","","3","","","QZ2Q1GQSPKPM","NA/CDS Corp Idx","ITRAXX EUROPE CROSSOVER"
"3478060857000000101","","NEWT","TRAD","2026-06-03T12:26:30Z","","CR","","I","FALSE","2026-06-03T12:26:30Z","2026-06-04","2031-06-20","","FALSE","BBSF","FALSE","FALSE","","15,000,000","","EUR","","","","","","","","","","","","","","","","","","","","","","","","","0.01","","","","","","0.009167","","","","","","false","","","3","","","A004","","","","","","","","89869.02000","MNTH","","","","3","","","","UFRO","EUR","","","","","false","1","","","","","","","","","","FALSE","","","","","","","","","QZ5GD86QBKCC","NA/CDS Corp Idx","ITRAXX EUROPE SUB FINANCIALS"
"3477359500000000301","","NEWT","TRAD","2026-06-03T11:34:50Z","","CR","","N","FALSE","2026-02-25T16:49:38Z","2025-09-22","2030-12-20","2030-12-20","TRUE","BILT","FALSE","TRUE","TRUE","120,000,000","","EUR","","","","","","","","","","","","","","","","","","","","","","","","2026-06-17","0.01","","0","EUR","","","","","","","0.0085","","false","","","","","3","A004","","","","","","","","","MNTH","","","","3","","","","","","","","","","false","1","","","","","","","","","","FALSE","","","","","","","","","QZX75BBR2PZH","NA/CDS Idx Swt","NA/CDS Corp Idx"
"3478449472000000101","","NEWT","TRAD","2026-06-03T12:51:26Z","","CR","","I","TRUE","2026-06-03T12:51:26Z","2026-06-04","2031-06-20","","FALSE","BBSF","FALSE","FALSE","","1,000,000","","EUR","","","","","","","","","","","","","","","","","","","","","","","","","0.05","","","","","","0.02613","","","","","","false","","","3","","","A004","","","","","","","","113384.17912","MNTH","","","","3","","","","UFRO","EUR","","","","","false","1","","","","","","","","","","FALSE","","","","","","","","","QZ3HM9KVK2WL","NA/CDS Corp Idx","ITRAXX EUROPE CROSSOVER"
"3479316947000000201","3479294501000000201","MODI","TRAD","2026-06-03T13:59:57Z","TRUE","CR","","I","TRUE","2026-06-03T13:58:32Z","2026-03-20","2031-06-20","","FALSE","TPSE","FALSE","FALSE","","50,000,000","","USD","","","","","","","","","","","","","","","","","","","","","","","","","0.01","","","","","","0.0050911","","","","","","false","","","3","","","A004","","","","","","","","","MNTH","","","","3","","","","","","USD","","","","false","1","","","","","","","OTHR","","","FALSE","","","","","","","","","QZ3WVVQG5T8K","NA/CDS Corp Idx","CDX.NA.IG"
"3479316948000000301","","NEWT","TRAD","2026-06-03T13:59:24Z","","CR","","I","FALSE","2026-06-03T13:59:24Z","2026-03-20","2031-06-20","","","BGCO","FALSE","FALSE","FALSE","10,000,000","","EUR","","","","","","","","","","","","","","","","","","","","","","","","","0.05","","","","","","","","","","","","false","","","","","","A004","","","","","","","","1129364.00000","MNTH","","","","3","","","","UFRO","EUR","","","","","false","1","","","","","","","","","","TRUE","","","","35","","4","","","QZ3HM9KVK2WL","NA/CDS Corp Idx","ITRAXX EUROPE CROSSOVER"
"3479129156000001001","3479068577000000401","EROR","","2026-06-03T13:40:59Z","","CR","","","","2026-06-03T13:35:22Z","2026-06-04","2031-06-20","","","","","","FALSE","","","","","","","","","","","","","","","","","","","","","","","","","","","","0.01","","","","","","","","","","","","","","","","","","","","","","","","","","90729.99000","","","","","","","","","UFRO","USD","","","","","","","","","","","","","","","","","","","","","","","","","QZ3WVVQG5T8K","NA/CDS Corp Idx","CDX.NA.IG"
"3479124350000000501","","NEWT","TRAD","2026-06-03T13:42:29Z","","CR","","I","TRUE","2026-06-03T13:42:29Z","2026-06-04","2031-06-20","","","TWSF","FALSE","FALSE","","4,000,000","","EUR","","","","","","","","","","","","","","","","","","","","","","","","","0.01","","","","","","0.005355","","","","","","false","","","3","","","A004","","","","","","","","95535.14135","MNTH","","","","3","","","","UFRO","EUR","","","","","false","1","","","","","","","","","","FALSE","","","","","","","","","QZTQ4GTC5QMF","NA/CDS Corp Idx","ITRAXX EUROPE"
"3479124348000000301","","NEWT","TRAD","2026-06-03T13:42:18Z","","CR","","I","TRUE","2026-06-03T13:42:18Z","2026-06-04","2031-06-20","","FALSE","BBSF","FALSE","FALSE","","320,000","","EUR","","","","","","","","","","","","","","","","","","","","","","","","","0.01","","","","","","0.00535","","","","","","false","","","3","","","A004","","","","","","","","7650.44000","MNTH","","","","3","","","","UFRO","EUR","","","","","false","1","","","","","","","","","","FALSE","","","","","","","","","QZTQ4GTC5QMF","NA/CDS Corp Idx","ITRAXX EUROPE"
"3479107068000000101","","NEWT","TRAD","2026-06-03T13:39:53Z","","CR","","I","TRUE","2026-06-03T13:39:53Z","2026-06-04","2031-06-20","","","TWSF","FALSE","FALSE","","15,000,000","","USD","","","","","","","","","","","","","","","","","","","","","","","","","0.05","","","","","","0.01081425","","","","","","false","","","3","","","A004","","","","","","","","1365911.25000","MNTH","","","","3","","","","UFRO","USD","","","","","false","0.99","","","","","","","","","","FALSE","","","","","","","","","QZHH8NT767RX","NA/CDS Corp Idx","CDX.NA.HY"
"3479099278000000201","","NEWT","TRAD","2026-06-03T13:38:26Z","","CR","","I","TRUE","2026-06-03T13:38:26Z","2026-06-04","2031-06-20","","FALSE","BBSF","FALSE","FALSE","","8,000,000","","USD","","","","","","","","","","","","","","","","","","","","","","","","","0.05","","","","","","0.01081284","","","","","","false","","","3","","","A004","","","","","","","","727371.55303","MNTH","","","","3","","","","UFRO","USD","","","","","false","0.99","","","","","","","","","","FALSE","","","","","","","","","QZHH8NT767RX","NA/CDS Corp Idx","CDX.NA.HY"
"3478938882000000201","","NEWT","TRAD","2026-06-03T13:26:10Z","","CR","","I","TRUE","2026-06-03T13:26:10Z","2026-06-04","2031-06-20","","FALSE","BBSF","FALSE","TRUE","","76,000,000+","","USD","","","","","","","","","","","","","","","","","","","","","","","","","0.05","","","","","","0.010815","","","","","","false","","","3","","","A004","","","","","","","","6926269.11350","MNTH","","","","3","","","","UFRO","USD","","","","","false","0.99","","","","","","","","","","TRUE","","","","0.00561","","3","","","QZHH8NT767RX","NA/CDS Corp Idx","CDX.NA.HY"
"3479068576000000301","","NEWT","TRAD","2026-06-03T13:36:38Z","","CR","","I","FALSE","2026-06-03T13:36:38Z","2026-06-04","2031-06-20","","","TWSF","FALSE","FALSE","","18,000,000","","EUR","","","","","","","","","","","","","","","","","","","","","","","","","0.05","","","","","","0.026145","","","","","","false","","","3","","","A004","","","","","","","","2039647.36000","MNTH","","","","3","","","","UFRO","EUR","","","","","false","1","","","","","","","","","","FALSE","","","","","","","","","QZ3HM9KVK2WL","NA/CDS Corp Idx","ITRAXX EUROPE CROSSOVER"
"3485056202000000101","3483339133000000101","TERM","ETRM","2026-06-03T20:51:59Z","","CR","","N","","2026-06-03T19:04:26Z","2026-06-04","2026-06-20","","FALSE","BILT","FALSE","","FALSE","50,000,000","50,000,000","USD","USD","","","","","","","","","","","","","","","","","","","","","","","","0","","","","","","","","","","","","false","","","","","","","","","","","DAIL","","1","383354.06000","","","MNTH","","","","3","","UFRO","USD","USD","USD","","","false","1","","","","","","","","","","FALSE","","","","","","","","","QZ3550R1MV14","NA/CDS Corp Idx","IBOXX USD LIQUID HIGH YIELD INDEX"
"3478812834000000101","","NEWT","TRAD","2026-06-03T13:15:39Z","","CR","","I","TRUE","2026-06-03T13:15:39Z","2026-06-04","2028-12-20","","","TWSF","FALSE","FALSE","","48,000,000","","EUR","","","","","","","","","","","","","","","","","","","","","","","","","0.05","","","","","","0.01581","","","","","","false","","","3","","","A004","","","","","","","","4233657.39794","MNTH","","","","3","","","","UFRO","EUR","","","","","false","0.94665","","","","","","","","","","TRUE","","","","1.028","","3","","","QZ2Q1GQSPKPM","NA/CDS Corp Idx","ITRAXX EUROPE CROSSOVER"
"3483510677000000201","3483510677000000201","CORR","","2026-06-03T19:35:59Z","","CR","","N","FALSE","2015-06-05T15:47:29Z","2015-06-05","2049-03-15","2049-03-15","FALSE","BILT","FALSE","FALSE","FALSE","5","","USD","","","","","","","","","","","","","","","","","","","","","","","","","0.0109","","","","","","","","","","","","false","","","","","","A004","","","","","","","","","","","","","","","","","","","","","","","false","1","","","","","","","","","","FALSE","","","","","","","","","QZ4STD00VNWR","NA/CDS Corp Idx","CMBX.NA.AJ"
"3483655331000000301","","NEWT","TRAD","2026-06-03T19:39:08Z","","CR","","I","TRUE","2026-06-03T19:39:08Z","2026-06-04","2031-06-20","","FALSE","BBSF","FALSE","FALSE","","35,000,000","","USD","","","","","","","","","","","","","","","","","","","","","","","","","0.05","","","","","","0.01080999","","","","","","false","","","3","","","A004","","","","","","","","3172365.35000","MNTH","","","","3","","","","UFRO","USD","","","","","false","0.99","","","","","","","","","","FALSE","","","","","","","","","QZHH8NT767RX","NA/CDS Corp Idx","CDX.NA.HY"
"3483655329000000102","","NEWT","TRAD","2026-06-03T19:38:59Z","","CR","","I","TRUE","2026-06-03T19:38:59Z","2026-03-20","2031-06-20","","FALSE","TPSE","FALSE","FALSE","","10,000,000","","USD","","","","","","","","","","","","","","","","","","","","","","","","","0.05","","","","","","108.09","","USD","","","","false","","","1","","","A004","","","","","","","","","MNTH","","","","3","","","","","","USD","","","","false","0.99","","","","","","","OTHR","","","FALSE","","","","","","","","","QZHH8NT767RX","NA/CDS Corp Idx","CDX.NA.HY"
"3483905481000000301","3483323170000000101","EROR","","2026-06-03T19:48:38Z","","CR","","N","","2026-06-03T18:48:28Z","2026-06-03","2058-09-17","","FALSE","BILT","FALSE","","FALSE","10,000,000","","USD","","","","","","","","","","","","","","","","","","","","","","","","","0.03","","","","","","","","","","","","false","","","","","","","","","","","","","","","","","","","","","","","","","USD","","","","false","1","","","","","","","","","","FALSE","","","","","","","","","QZGSVCRPZQNP","NA/CDS Corp Idx","CMBX.NA.BBB-"
"3483912338000000201","3483910906000000101","MODI","TRAD","2026-06-03T19:52:54Z","TRUE","CR","","I","TRUE","2026-06-03T19:52:15Z","2026-03-20","2031-06-20","","FALSE","TPSE","FALSE","FALSE","","25,000,000","","USD","","","","","","","","","","","","","","","","","","","","","","","","","0.01","","","","","","0.00511","","","","","","false","","","3","","","A004","","","","","","","","","MNTH","","","","3","","","","","","USD","","","","false","1","","","","","","","OTHR","","","FALSE","","","","","","","","","QZ3WVVQG5T8K","NA/CDS Corp Idx","CDX.NA.IG"
"3483900342000000101","","NEWT","TRAD","2026-06-03T19:44:29Z","","CR","","I","FALSE","2026-06-03T19:44:23Z","2026-06-04","2031-06-20","","","BILT","FALSE","FALSE","FALSE","210,000","","USD","","","","","","","","","","","","","","","","","","","","","","","","","0.01","","","","","","","","","","","","false","","","","","","A004","","","","","","","","4199.76691","MNTH","","","","3","","","","UFRO","USD","","","","","false","1","","","","","","","","","","FALSE","","","","","","","","","QZ4JMQKL3P03","NA/CDS Corp Idx","CDX.EM"
"3483916788000000101","","NEWT","TRAD","2026-06-03T19:57:56Z","","CR","","I","TRUE","2026-06-03T19:57:56Z","2026-06-04","2031-06-20","","FALSE","BBSF","FALSE","FALSE","","92,000,000","","USD","","","","","","","","","","","","","","","","","","","","","","","","","0.01","","","","","","0.00510777","","","","","","false","","","3","","","A004","","","","","","","","2235067.34081","MNTH","","","","3","","","","UFRO","USD","","","","","false","1","","","","","","","","","","FALSE","","","","","","","","","QZ3WVVQG5T8K","NA/CDS Corp Idx","CDX.NA.IG"
"3483917889000000101","","NEWT","TRAD","2026-06-03T19:58:51Z","","CR","","I","TRUE","2026-06-03T19:58:51Z","2026-06-04","2031-06-20","","","TWSF","FALSE","FALSE","","3,000,000","","USD","","","","","","","","","","","","","","","","","","","","","","","","","0.01","","","","","","0.0051092","","","","","","false","","","3","","","A004","","","","","","","","72862.57865","MNTH","","","","3","","","","UFRO","USD","","","","","false","1","","","","","","","","","","FALSE","","","","","","","","","QZ3WVVQG5T8K","NA/CDS Corp Idx","CDX.NA.IG"
"3483918372000000101","","NEWT","TRAD","2026-06-03T19:59:44Z","","CR","","I","TRUE","2026-06-03T19:59:44Z","2026-06-04","2031-06-20","","FALSE","BBSF","FALSE","FALSE","","66,000,000","","USD","","","","","","","","","","","","","","","","","","","","","","","","","0.01","","","","","","0.00510855","","","","","","false","","","3","","","A004","","","","","","","","1603182.26694","MNTH","","","","3","","","","UFRO","USD","","","","","false","1","","","","","","","","","","FALSE","","","","","","","","","QZ3WVVQG5T8K","NA/CDS Corp Idx","CDX.NA.IG"
"3483947450000000401","","NEWT","TRAD","2026-06-03T20:02:52Z","","CR","","I","TRUE","2026-06-03T20:02:52Z","2026-06-04","2031-06-20","","FALSE","BBSF","FALSE","FALSE","","25,000,000","","USD","","","","","","","","","","","","","","","","","","","","","","","","","0.05","","","","","","0.010809","","","","","","false","","","3","","","A004","","","","","","","","2263525.00000","MNTH","","","","3","","","","UFRO","USD","","","","","false","0.99","","","","","","","","","","FALSE","","","","","","","","","QZHH8NT767RX","NA/CDS Corp Idx","CDX.NA.HY"
"3483966991000000101","3483966991000000101","TERM","NOVA","2026-06-03T20:02:03Z","","CR","","","","2024-05-07T17:27:41Z","2024-05-08","2027-12-20","","","","","","FALSE","","","","","","","","","","","","","","","","","","","","","","","","","","","","0.05","","","","","","","","","","","","","","","","","","","","","","","","","","","","","","","","","","","","","","","","","","","","","","","","","","","","","","","","","","","","","QZT9XPWT90XL","NA/CDS Corp Idx Tra","CDX.NA.HY"
"3484080657000000301","","NEWT","TRAD","2026-06-03T20:15:08Z","","CR","","N","FALSE","2026-06-03T20:15:08Z","2026-06-04","2026-08-19","2031-06-20","FALSE","BILT","FALSE","FALSE","TRUE","400,000,000+","","USD","","","","","","","","","","","","","","","","","","","","","","","","2026-08-19","0.01","","375,000","USD","","","","","","","60","USD","false","","","","","1","A004","","","","","","","","","MNTH","","","","3","","","","","","","","","","false","","","","","","","","","","","FALSE","","","","","","","","","QZ7WW76RFHN3","NA/CDS Idx Swt","NA/CDS Corp Idx"
"3481421142000000301","","NEWT","TRAD","2026-06-03T16:25:50Z","","CR","","N","FALSE","2026-06-03T16:25:50Z","2026-06-04","2057-10-17","","FALSE","BILT","FALSE","FALSE","FALSE","2,000,000","","USD","","","","","","","","","","","","","","","","","","","","","","","","","0.05","","","","","","","","","","","","false","","","","","","A004","","","","","","","","755891.87000","MNTH","","","","1","","","","UFRO","USD","USD","","","","false","0.784323601","","","","","","","","","","FALSE","","","","","","","","","QZ1B86J40QZH","NA/CDS Corp Idx","CMBX.NA.BB"
"3483914250000000101","","NEWT","TRAD","2026-06-03T19:54:59Z","","CR","","I","TRUE","2026-06-03T19:54:59Z","2026-06-04","2031-06-20","","FALSE","BBSF","FALSE","TRUE","","200,000,000","","USD","","","","","","","","","","","","","","","","","","","","","","","","","0.01","","","","","","0.00511","","","","","","false","","","3","","","A004","","","","","","","","4856770.41000","MNTH","","","","3","","","","UFRO","USD","","","","","false","1","","","","","","","","","","FALSE","","","","","","","","","QZ3WVVQG5T8K","NA/CDS Corp Idx","CDX.NA.IG"
"3483914814000000301","","NEWT","TRAD","2026-06-03T19:55:35Z","","CR","","I","TRUE","2026-06-03T19:55:35Z","2026-06-04","2031-06-20","","FALSE","BBSF","FALSE","TRUE","","50,000,000","","USD","","","","","","","","","","","","","","","","","","","","","","","","","0.05","","","","","","0.01081075","","","","","","false","","","3","","","A004","","","","","","","","4535712.50000","MNTH","","","","3","","","","UFRO","USD","","","","","false","0.99","","","","","","","","","","FALSE","","","","","","","","","QZHH8NT767RX","NA/CDS Corp Idx","CDX.NA.HY"
"3483983401000000102","","NEWT","TRAD","2026-06-03T20:06:28Z","","CR","","I","TRUE","2026-06-03T20:06:28Z","2026-03-20","2031-06-20","","FALSE","TPSE","FALSE","FALSE","","5,000,000","","USD","","","","","","","","","","","","","","","","","","","","","","","","","0.05","","","","","","108.09","","USD","","","","false","","","1","","","A004","","","","","","","","","MNTH","","","","3","","","","","","USD","","","","false","0.99","","","","","","","OTHR","","","FALSE","","","","","","","","","QZHH8NT767RX","NA/CDS Corp Idx","CDX.NA.HY"
"3484016574000000101","","NEWT","TRAD","2026-06-03T20:12:07Z","","CR","","I","TRUE","2026-06-03T20:12:07Z","2026-06-04","2031-06-20","","FALSE","BBSF","FALSE","TRUE","","250,000,000+","","USD","","","","","","","","","","","","","","","","","","","","","","","","","0.01","","","","","","0.00511","","","","","","false","","","3","","","A004","","","","","","","","6070914.44760","MNTH","","","","3","","","","UFRO","USD","","","","","false","1","","","","","","","","","","TRUE","","","","0.00511","","3","","","QZ3WVVQG5T8K","NA/CDS Corp Idx","CDX.NA.IG"
"3484940812000000301","","NEWT","TRAD","2026-06-03T19:45:11Z","","CR","","I","TRUE","2026-06-03T19:45:11Z","2026-06-04","2031-06-20","","FALSE","XXXX","FALSE","FALSE","FALSE","520,000","","USD","","","","","","","","","","","","","","","","","","","","","","","","","1","","","","","","","","","","","","false","","","","","","A004","","","","","","","","","MNTH","","","","3","","","","","","USD","","","","false","1","","","","","","","","","","TRUE","","","","0","","4","","","QZ3WVVQG5T8K","NA/CDS Corp Idx","CDX.NA.IG"
"3484905638000000201","","NEWT","TRAD","2026-06-03T20:47:20Z","","CR","","I","TRUE","2026-06-03T20:47:20Z","2026-06-04","2031-06-20","","","TWSF","FALSE","TRUE","","230,000,000","","USD","","","","","","","","","","","","","","","","","","","","","","","","","0.01","","","","","","0.0051","","","","","","false","","","3","","","A004","","","","","","","","5595923.02000","MNTH","","","","3","","","","UFRO","USD","","","","","false","1","","","","","","","","","","TRUE","","","","0.0051","","3","","","QZ3WVVQG5T8K","NA/CDS Corp Idx","CDX.NA.IG"
"3477675274000000101","","NEWT","TRAD","2026-06-03T11:58:33Z","","CR","","I","FALSE","2026-06-03T11:58:33Z","2024-09-20","2029-12-20","2029-12-20","FALSE","TREU","FALSE","FALSE","TRUE","130,000,000","","EUR","","","","","","","","","","","","","","","","","","","","","","","","","0.01","","","","","","","","","","","","false","","","","","","A004","","","","","","","","3101973.71317","MNTH","","","","3","","","","UFRO","EUR","","","","","false","1","","","","","","","","","","FALSE","","","","","","","","","QZ6V7C19H15T","NA/CDS Corp Idx","ITRAXX EUROPE"
"3478026308000000101","","NEWT","TRAD","2026-06-03T12:24:22Z","","CR","","I","TRUE","2026-06-03T12:24:22Z","2026-06-04","2031-06-20","","","TWSF","FALSE","FALSE","","100,000,000","","EUR","","","","","","","","","","","","","","","","","","","","","","","","","0.01","","","","","","0.0053315","","","","","","false","","","3","","","A004","","","","","","","","2399601.54000","MNTH","","","","3","","","","UFRO","EUR","","","","","false","1","","","","","","","","","","FALSE","","","","","","","","","QZTQ4GTC5QMF","NA/CDS Corp Idx","ITRAXX EUROPE"
"3477952002000000101","","NEWT","TRAD","2026-06-03T12:20:53Z","","CR","","I","TRUE","2026-06-03T12:20:53Z","2026-06-04","2027-12-20","","FALSE","BBSF","FALSE","TRUE","","35,000,000","","EUR","","","","","","","","","","","","","","","","","","","","","","","","","0.01","","","","","","0.001357","","","","","","false","","","3","","","A004","","","","","","","","537596.17000","MNTH","","","","3","","","","UFRO","EUR","","","","","false","1","","","","","","","","","","FALSE","","","","","","","","","QZ6MJMHMQSN0","NA/CDS Corp Idx","ITRAXX EUROPE"
"3478168780000001101","","NEWT","TRAD","2026-06-03T10:33:16Z","","CR","","I","FALSE","2026-06-03T10:33:16Z","2026-03-20","2026-08-19","2031-06-20","FALSE","BILT","FALSE","FALSE","TRUE","100,000,000","","EUR","","","","","","","","","","","","","","","","","","","","","","","","2026-08-19","0.05","","295,000","EUR","","","","","","","0.03625","","false","","","","","3","A004","","","","","","","","","MNTH","","","","3","","","","","","","","","","false","1","","","","","","","","","","FALSE","","","","","","","","","QZTL0V3X916X","NA/CDS Idx Swt","NA/CDS Corp Idx"
"3479680436000000101","","NEWT","TRAD","2026-06-03T14:28:42Z","","CR","","I","TRUE","2026-06-03T14:28:42Z","2026-06-04","2031-06-20","","FALSE","BBSF","FALSE","FALSE","","6,000,000","","USD","","","","","","","","","","","","","","","","","","","","","","","","","0.01","","","","","","0.0050772","","","","","","false","","","3","","","A004","","","","","","","","146613.36000","MNTH","","","","3","","","","UFRO","USD","","","","","false","1","","","","","","","","","","FALSE","","","","","","","","","QZ3WVVQG5T8K","NA/CDS Corp Idx","CDX.NA.IG"
"3477952003000000201","","NEWT","TRAD","2026-06-03T12:21:02Z","","CR","","I","TRUE","2026-06-03T12:21:02Z","2026-06-04","2031-06-20","","FALSE","BBSF","FALSE","FALSE","","7,500","","USD","","","","","","","","","","","","","","","","","","","","","","","","","0.05","","","","","","0.01081824","","","","","","false","","","3","","","A004","","","","","","","","685.92000","MNTH","","","","3","","","","UFRO","USD","","","","","false","0.99","","","","","","","","","","FALSE","","","","","","","","","QZHH8NT767RX","NA/CDS Corp Idx","CDX.NA.HY"
"3464019104000000301","3374748130000000201","MODI","TRAD","2026-06-03T03:09:02Z","FALSE","CR","","N","TRUE","2026-05-27T12:52:17Z","2026-03-20","2031-06-20","","FALSE","BILT","FALSE","FALSE","FALSE","11,000,000","","EUR","","","","","","","","","","","","","","","","","","","","","","","","","0.05","","","","","","","","","","","","false","","","","","","A004","","","","","","","","","MNTH","","","","3","","","","","","","","","","false","1","","","","","","","","","","FALSE","","","","","","","","","QZ3HM9KVK2WL","NA/CDS Corp Idx","ITRAXX EUROPE CROSSOVER"
"3483202438000000101","","NEWT","TRAD","2026-06-03T18:19:10Z","","CR","","N","FALSE","2026-06-03T18:19:10Z","2026-06-04","2026-09-04","","TRUE","BILT","FALSE","FALSE","TRUE","260,000,000","260,000,000","USD","USD","","","","","","","","","","","","","","","","","","","","","","","","","","","","","","0.0019","","","","","","false","","","3","","","","","A004","A020","EXPI","EXPI","1","1","","","EXPI","","EXPI","","1","","1","","","USD","USD","","","false","1","","","","","","","","","","TRUE","9.9999999999","","3","","","","","","QZFNT9JCBS79","NA/Cr Sw Idx TRtn Corp Cs",""
"3483311895000000201","","NEWT","TRAD","2026-06-03T18:55:35Z","","CR","","I","FALSE","2026-06-03T18:55:35Z","2026-06-04","2031-06-20","","","TWSF","FALSE","FALSE","","25,000,000","","USD","","","","","","","","","","","","","","","","","","","","","","","","","0.01","","","","","","0.0097785","","","","","","false","","","3","","","A004","","","","","","","","500972.22000","MNTH","","","","3","","","","UFRO","USD","","","","","false","1","","","","","","","","","","FALSE","","","","","","","","","QZ4JMQKL3P03","NA/CDS Corp Idx","CDX.EM"
"3483268587000000101","","NEWT","TRAD","2026-06-03T18:38:31Z","","CR","","N","FALSE","2026-06-03T18:38:31Z","2022-09-20","2027-12-20","2027-12-20","FALSE","BILT","FALSE","FALSE","TRUE","14,000,000","","USD","","","","","","","","","","","","","","","","","","","","","","","","","0.05","","","","","","","","","","","","false","","","","","","A004","","","","","","","","1183526.46298","MNTH","","","","3","","","","UFRO","USD","","","","","false","0.96","","","","","","","","","","FALSE","","","","","","","","","QZT9XPWT90XL","NA/CDS Corp Idx Tra","CDX.NA.HY"
"3483337505000000201","3483335487000000101","MODI","TRAD","2026-06-03T19:04:13Z","TRUE","CR","","I","TRUE","2026-06-03T19:03:13Z","2026-03-20","2031-06-20","","FALSE","TPSE","FALSE","FALSE","","75,000,000","","USD","","","","","","","","","","","","","","","","","","","","","","","","","0.01","","","","","","0.0051021","","","","","","false","","","3","","","A004","","","","","","","","","MNTH","","","","3","","","","","","USD","","","","false","1","","","","","","","OTHR","","","FALSE","","","","","","","","","QZ3WVVQG5T8K","NA/CDS Corp Idx","CDX.NA.IG"
"3483358427000000201","","NEWT","TRAD","2026-06-03T19:11:55Z","","CR","","I","TRUE","2026-06-03T19:11:55Z","2026-06-04","2031-06-20","","FALSE","BBSF","FALSE","FALSE","","12,000,000","","USD","","","","","","","","","","","","","","","","","","","","","","","","","0.01","","","","","","0.0051174","","","","","","false","","","3","","","A004","","","","","","","","290995.57000","MNTH","","","","3","","","","UFRO","USD","","","","","false","1","","","","","","","","","","FALSE","","","","","","","","","QZ3WVVQG5T8K","NA/CDS Corp Idx","CDX.NA.IG"
"3483369215000000101","","NEWT","TRAD","2026-06-03T19:17:50Z","","CR","","I","TRUE","2026-06-03T19:17:50Z","2026-06-04","2031-06-20","","FALSE","BBSF","FALSE","FALSE","","10,000,000","","USD","","","","","","","","","","","","","","","","","","","","","","","","","0.05","","","","","","0.010811","","","","","","false","","","3","","","A004","","","","","","","","907390.00000","MNTH","","","","3","","","","UFRO","USD","","","","","false","0.99","","","","","","","","","","FALSE","","","","","","","","","QZHH8NT767RX","NA/CDS Corp Idx","CDX.NA.HY"
"3483314825000000201","","NEWT","TRAD","2026-06-03T18:57:02Z","","CR","","I","FALSE","2026-06-03T18:57:02Z","2026-03-20","2031-06-20","","FALSE","BILT","FALSE","FALSE","TRUE","50,000,000+","","USD","","","","","","","","","","","","","","","","","","","","","","","","","0.01","","","","","","","","","","","","false","","","","","","A004","","","","","","","","","MNTH","","","","3","","","","","","USD","","","","false","1","","","","","","","","","","FALSE","","","","","","","","","QZ4JMQKL3P03","NA/CDS Corp Idx","CDX.EM"
"3483337500000000501","","NEWT","TRAD","2026-06-03T18:58:53Z","","CR","","N","FALSE","2026-06-03T18:58:53Z","2026-06-05","2051-05-10","2051-05-10","TRUE","BILT","FALSE","FALSE","TRUE","48,000,000","","USD","","","","","","","","","","","","","","","","","","","","","","","","","","","","","","","1","","","","","","false","","","4","","","","","A004","","DAIL","","1","","","","","","","","","","","","","USD","","","","true","","","","","","","","OPET","","","FALSE","","","","","","","","","QZWBC8GZ8TBN","NA/CDS Corp Oth","Basket"
"3483022388000000201","","NEWT","TRAD","2026-06-03T17:30:53Z","","CR","","I","TRUE","2026-06-03T17:30:53Z","2026-06-04","2031-06-20","","","TWSF","FALSE","FALSE","","25,000,000","","USD","","","","","","","","","","","","","","","","","","","","","","","","","0.05","","","","","","0.010811","","","","","","false","","","3","","","A004","","","","","","","","2268475.00000","MNTH","","","","3","","","","UFRO","USD","","","","","false","0.99","","","","","","","","","","FALSE","","","","","","","","","QZHH8NT767RX","NA/CDS Corp Idx","CDX.NA.HY"
"3483332100000000201","","NEWT","TRAD","2026-06-03T19:01:56Z","","CR","","N","FALSE","2026-06-03T19:01:56Z","2026-06-04","2027-03-20","","FALSE","BILT","FALSE","FALSE","TRUE","26,000,000","26,000,000","USD","USD","","","","","","","","","","","","","","","","","","","","","","","","0","","","","","","","","","","","","false","","","","","","A004","","","A004","","DAIL","","1","199344.66360","EXPI","","","MNTH","1","","","3","UFRO","USD","USD","USD","","","false","1","","","","","","","","","","FALSE","","","","","","","","","QZ1MXTMLV7T1","NA/CDS Corp Idx","IBOXX USD LIQUID HIGH YIELD INDEX"
"3483039895000000201","","NEWT","TRAD","2026-06-03T17:35:20Z","","CR","","I","FALSE","2026-06-03T17:35:20Z","2026-06-04","2031-06-20","","","TWSF","FALSE","FALSE","","15,000,000","","USD","","","","","","","","","","","","","","","","","","","","","","","","","0.05","","","","","","0.0108115","","","","","","false","","","3","","","A004","","","","","","","","1361827.50000","MNTH","","","","3","","","","UFRO","USD","","","","","false","0.99","","","","","","","","","","FALSE","","","","","","","","","QZHH8NT767RX","NA/CDS Corp Idx","CDX.NA.HY"
"3485577403000000101","3479324814000000201","CORR","","2026-06-03T22:12:09Z","","CR","","N","FALSE","2026-06-03T13:56:03Z","2026-06-17","2026-06-17","","FALSE","BILT","FALSE","FALSE","TRUE","63,000,000","","USD","","","","","","","","","","","","","","","","","","","","","","","","2026-06-17","","","0","","","","","","","","0.01","","false","","","","","3","A004","","","","","","","","0.00000","MNTH","","","","3","","","","UFRO","USD","","","","","false","","","","","","","","","","","FALSE","","","","","","","","","QZT4QS79CCTS","NA/CDS Idx Swt","NA/CDS Corp Idx"
"3482668446000000101","3482624727000000201","MODI","TRAD","2026-06-03T17:16:52Z","TRUE","CR","","I","TRUE","2026-06-03T17:16:06Z","2026-03-20","2031-06-20","","FALSE","TPSE","FALSE","FALSE","","65,000,000","","USD","","","","","","","","","","","","","","","","","","","","","","","","","0.01","","","","","","0.0051077","","","","","","false","","","3","","","A004","","","","","","","","","MNTH","","","","3","","","","","","USD","","","","false","1","","","","","","","OTHR","","","FALSE","","","","","","","","","QZ3WVVQG5T8K","NA/CDS Corp Idx","CDX.NA.IG"
"3463998109000000101","1698482757000000101","CORR","","2026-06-03T03:01:19Z","","CR","","N","FALSE","2026-01-09T18:32:48Z","2026-01-13","2026-07-01","","FALSE","BILT","FALSE","FALSE","TRUE","600,000,000","","BRL","","","","","","","","","","","","","","","","","","","","","","","","","0","","","","","","0.008","","","","","","false","","","3","","3","A018","","","","","","","","","DAIL","","","","1","","","","","","USD","USD","","","false","","","","","","","","","","","FALSE","","","","","","","","","QZRM0K4PH8MH","NA/CDS Corp SN","NATIONAL TREASURY BILLS"
"3479324813000000101","3479280237000000101","EROR","","2026-06-03T14:00:26Z","","CR","","N","FALSE","2026-06-03T13:56:03Z","2026-06-17","2026-06-17","","FALSE","BILT","FALSE","FALSE","TRUE","63,000,000","","USD","","","","","","","","","","","","","","","","","","","","","","","","2026-06-17","","","0","","","","","","","","0.01","","false","","","","","3","A004","","","","","","","","0.00000","MNTH","","","","3","","","","UFRO","USD","","","","","false","","","","","","","","","","","FALSE","","","","","","","","","QZT4QS79CCTS","NA/CDS Idx Swt","NA/CDS Corp Idx"
"3480002778000000101","","NEWT","TRAD","2026-06-03T15:02:12Z","","CR","","I","FALSE","2026-06-03T15:02:12Z","2026-06-04","2031-06-20","","","TWSF","FALSE","FALSE","","12,000,000","","USD","","","","","","","","","","","","","","","","","","","","","","","","","0.01","","","","","","0.0097794","","","","","","false","","","3","","","A004","","","","","","","","239386.86729","MNTH","","","","3","","","","UFRO","USD","","","","","false","1","","","","","","","","","","FALSE","","","","","","","","","QZ4JMQKL3P03","NA/CDS Corp Idx","CDX.EM"
"3480091278000000301","","NEWT","TRAD","2026-06-03T15:13:14Z","","CR","","I","TRUE","2026-06-03T15:13:14Z","2026-06-04","2031-06-20","","FALSE","BBSF","FALSE","FALSE","","30,000,000","","EUR","","","","","","","","","","","","","","","","","","","","","","","","","0.01","","","","","","0.0053634","","","","","","false","","","3","","","A004","","","","","","","","715308.44000","MNTH","","","","3","","","","UFRO","EUR","","","","","false","1","","","","","","","","","","FALSE","","","","","","","","","QZTQ4GTC5QMF","NA/CDS Corp Idx","ITRAXX EUROPE"
"3480087620000000201","","NEWT","TRAD","2026-06-03T15:12:31Z","","CR","","I","TRUE","2026-06-03T15:12:31Z","2026-06-04","2031-06-20","","FALSE","BBSF","FALSE","FALSE","","20,000,000","","USD","","","","","","","","","","","","","","","","","","","","","","","","","0.01","","","","","","0.005085","","","","","","false","","","3","","","A004","","","","","","","","487989.58000","MNTH","","","","3","","","","UFRO","USD","","","","","false","1","","","","","","","","","","FALSE","","","","","","","","","QZ3WVVQG5T8K","NA/CDS Corp Idx","CDX.NA.IG"
"3480017421000000201","","NEWT","TRAD","2026-06-03T15:04:17Z","","CR","","I","TRUE","2026-06-03T15:04:17Z","2026-06-04","2031-06-20","","FALSE","BBSF","FALSE","FALSE","","5,000,000","","EUR","","","","","","","","","","","","","","","","","","","","","","","","","0.01","","","","","","0.0053522","","","","","","false","","","3","","","A004","","","","","","","","119485.59000","MNTH","","","","3","","","","UFRO","EUR","","","","","false","1","","","","","","","","","","FALSE","","","","","","","","","QZTQ4GTC5QMF","NA/CDS Corp Idx","ITRAXX EUROPE"
"3480029332000000601","","NEWT","TRAD","2026-06-03T15:06:00Z","","CR","","I","TRUE","2026-06-03T15:06:00Z","2026-06-04","2031-06-20","","FALSE","BBSF","FALSE","FALSE","","20,000,000","","USD","","","","","","","","","","","","","","","","","","","","","","","","","0.01","","","","","","0.005089","","","","","","false","","","3","","","A004","","","","","","","","487619.55000","MNTH","","","","3","","","","UFRO","USD","","","","","false","1","","","","","","","","","","FALSE","","","","","","","","","QZ3WVVQG5T8K","NA/CDS Corp Idx","CDX.NA.IG"
"3480194369000000101","","NEWT","TRAD","2026-06-03T15:22:37Z","","CR","","I","FALSE","2026-06-03T15:22:37Z","2026-06-04","2031-06-20","","","TWSF","FALSE","FALSE","","10,000,000","","USD","","","","","","","","","","","","","","","","","","","","","","","","","0.05","","","","","","0.01081387","","","","","","false","","","3","","","A004","","","","","","","","910231.30000","MNTH","","","","3","","","","UFRO","USD","","","","","false","0.99","","","","","","","","","","FALSE","","","","","","","","","QZHH8NT767RX","NA/CDS Corp Idx","CDX.NA.HY"
"3467966301000000101","","NEWT","TRAD","2026-06-03T07:58:42Z","","CR","","I","TRUE","2026-06-03T07:58:42Z","2026-06-04","2031-06-20","","FALSE","BBSF","FALSE","FALSE","","15,000,000","","EUR","","","","","","","","","","","","","","","","","","","","","","","","","0.05","","","","","","0.0260295","","","","","","false","","","3","","","A004","","","","","","","","1707885.09000","MNTH","","","","3","","","","UFRO","EUR","","","","","false","1","","","","","","","","","","FALSE","","","","","","","","","QZ3HM9KVK2WL","NA/CDS Corp Idx","ITRAXX EUROPE CROSSOVER"
"3483905479000000101","","NEWT","TRAD","2026-06-03T19:48:41Z","","CR","","I","TRUE","2026-06-03T19:48:41Z","2026-06-04","2031-06-20","","FALSE","BBSF","FALSE","FALSE","","36,000,000","","USD","","","","","","","","","","","","","","","","","","","","","","","","","0.05","","","","","","0.010811","","","","","","false","","","3","","","A004","","","","","","","","3266601.95837","MNTH","","","","3","","","","UFRO","USD","","","","","false","0.99","","","","","","","","","","FALSE","","","","","","","","","QZHH8NT767RX","NA/CDS Corp Idx","CDX.NA.HY"
"3483910120000000201","","NEWT","TRAD","2026-06-03T19:52:11Z","","CR","","I","FALSE","2026-06-03T19:52:11Z","2026-06-04","2031-06-20","","","TWSF","FALSE","FALSE","","8,000,000","","USD","","","","","","","","","","","","","","","","","","","","","","","","","0.01","","","","","","0.009777","","","","","","false","","","3","","","A004","","","","","","","","161510.51105","MNTH","","","","3","","","","UFRO","USD","","","","","false","1","","","","","","","","","","FALSE","","","","","","","","","QZ4JMQKL3P03","NA/CDS Corp Idx","CDX.EM"
"3483914815000000401","","NEWT","TRAD","2026-06-03T19:55:37Z","","CR","","I","TRUE","2026-06-03T19:55:37Z","2026-06-04","2031-06-20","","FALSE","BBSF","FALSE","FALSE","","92,000,000","","USD","","","","","","","","","","","","","","","","","","","","","","","","","0.01","","","","","","0.0051","","","","","","false","","","3","","","A004","","","","","","","","2238373.37046","MNTH","","","","3","","","","UFRO","USD","","","","","false","1","","","","","","","","","","TRUE","","","","0.0051","","3","","","QZ3WVVQG5T8K","NA/CDS Corp Idx","CDX.NA.IG"
"3483255996000000101","","NEWT","TRAD","2026-06-03T18:23:55Z","","CR","","N","FALSE","2026-06-03T18:23:55Z","2026-09-16","2026-09-16","2031-06-20","FALSE","BILT","FALSE","FALSE","FALSE","150,000,000","","USD","","","","","","","","","","","","","","","","","","","","","","","","2026-09-16","0.01","","125,250","USD","","","","","","","0.007","","false","","","","","3","A004","","","","","","","","","MNTH","","","","3","","","","","","","","","","false","","","","","","","","","","","FALSE","","","","","","","","","QZ9Z7H8JV03N","NA/CDS Idx Swt","NA/CDS Corp Idx"
"3479675723000000201","","NEWT","TRAD","2026-06-03T14:28:11Z","","CR","","I","TRUE","2026-06-03T14:28:11Z","2026-06-04","2031-06-20","","FALSE","BBSF","FALSE","FALSE","","20,000,000","","EUR","","","","","","","","","","","","","","","","","","","","","","","","","0.01","","","","","","0.005354","","","","","","false","","","3","","","A004","","","","","","","","477770.37000","MNTH","","","","3","","","","UFRO","EUR","","","","","false","1","","","","","","","","","","FALSE","","","","","","","","","QZTQ4GTC5QMF","NA/CDS Corp Idx","ITRAXX EUROPE"
"3479680437000000201","","NEWT","TRAD","2026-06-03T14:29:00Z","","CR","","I","TRUE","2026-06-03T14:29:00Z","2025-09-22","2030-12-20","","FALSE","BGCD","FALSE","FALSE","","11,000,000","","EUR","","","","","","","","","","","","","","","","","","","","","","","","","","","","","","","0.02274","","","","","","false","","","3","","","A004","","","","","","","","","MNTH","","","","3","","","","","","","","","","false","1","","","","","","","","","","TRUE","","","","0.00346","","3","","","QZ5F5FRS4TR9","NA/CDS Corp Idx","ITRAXX EUROPE CROSSOVER"
"3479813286000000301","","NEWT","TRAD","2026-06-03T14:41:14Z","","CR","","I","TRUE","2026-06-03T14:41:14Z","2026-06-04","2031-06-20","","FALSE","BBSF","FALSE","FALSE","","18,000,000","","EUR","","","","","","","","","","","","","","","","","","","","","","","","","0.05","","","","","","0.02621","","","","","","false","","","3","","","A004","","","","","","","","2034127.79000","MNTH","","","","3","","","","UFRO","EUR","","","","","false","1","","","","","","","","","","FALSE","","","","","","","","","QZ3HM9KVK2WL","NA/CDS Corp Idx","ITRAXX EUROPE CROSSOVER"
"3479798560000000101","","NEWT","TRAD","2026-06-03T14:38:26Z","","CR","","I","TRUE","2026-06-03T14:38:26Z","2026-06-04","2031-06-20","","FALSE","BBSF","FALSE","FALSE","","120,000,000","","EUR","","","","","","","","","","","","","","","","","","","","","","","","","0.01","","","","","","0.005357","","","","","","false","","","3","","","A004","","","","","","","","2864907.25136","MNTH","","","","3","","","","UFRO","EUR","","","","","false","1","","","","","","","","","","FALSE","","","","","","","","","QZTQ4GTC5QMF","NA/CDS Corp Idx","ITRAXX EUROPE"
"3479771247000000301","3479757580000000501","EROR","","2026-06-03T14:34:33Z","","CR","","I","","2026-06-03T14:34:33Z","2026-03-20","2031-06-20","","","","FALSE","","FALSE","25,000,000","","EUR","","","","","","","","","","","","","","","","","","","","","","","","","0.01","","","","","","","","","","","","false","","","","","","","","","","","","","","596198.00000","","","","","","","","","UFRO","EUR","","","","","false","1","","","","","","","","","","FALSE","","","","","","","","","QZTQ4GTC5QMF","NA/CDS Corp Idx","ITRAXX EUROPE"
"3479798566000000701","","NEWT","TRAD","2026-06-03T14:38:51Z","","CR","","I","FALSE","2026-06-03T14:38:51Z","2026-06-04","2030-12-20","","FALSE","BBSF","FALSE","FALSE","","53,000,000","","EUR","","","","","","","","","","","","","","","","","","","","","","","","","0.01","","","","","","0.00497","","","","","","false","","","3","","","A004","","","","","","","","1249316.48463","MNTH","","","","3","","","","UFRO","EUR","","","","","false","1","","","","","","","","","","TRUE","","","","0.000135","","3","","","QZ6ZQJVF8F9P","NA/CDS Corp Idx","ITRAXX EUROPE SENIOR FINANCIALS"
"3470728805000000101","3470591969000000101","EROR","","2026-06-03T08:42:44Z","","CR","","I","","2026-06-03T08:42:44Z","2026-03-20","2031-06-20","","","","FALSE","","FALSE","25,000,000","","EUR","","","","","","","","","","","","","","","","","","","","","","","","","0.01","","","","","","","","","","","","false","","","","","","","","","","","","","","567863.00000","","","","","","","","","UFRO","EUR","","","","","false","1","","","","","","","","","","FALSE","","","","","","","","","QZTB38W3WJ98","NA/CDS Corp Idx","ITRAXX EUROPE SENIOR FINANCIALS"
"3479879699000000201","","NEWT","TRAD","2026-06-03T14:47:33Z","","CR","","I","TRUE","2026-06-03T14:47:33Z","2026-06-04","2031-06-20","","","TWSF","FALSE","FALSE","","20,000,000","","EUR","","","","","","","","","","","","","","","","","","","","","","","","","0.05","","","","","","0.0262132","","","","","","false","","","3","","","A004","","","","","","","","2259840.15000","MNTH","","","","3","","","","UFRO","EUR","","","","","false","1","","","","","","","","","","FALSE","","","","","","","","","QZ3HM9KVK2WL","NA/CDS Corp Idx","ITRAXX EUROPE CROSSOVER"
"3483136637000000201","","NEWT","TRAD","2026-06-03T18:01:52Z","","CR","","I","TRUE","2026-06-03T18:01:52Z","2026-06-04","2031-06-20","","FALSE","BBSF","FALSE","FALSE","","50,000,000","","USD","","","","","","","","","","","","","","","","","","","","","","","","","0.01","","","","","","0.005087","","","","","","false","","","3","","","A004","","","","","","","","1219511.41000","MNTH","","","","3","","","","UFRO","USD","","","","","false","1","","","","","","","","","","FALSE","","","","","","","","","QZ3WVVQG5T8K","NA/CDS Corp Idx","CDX.NA.IG"
"3483138520000000101","","NEWT","TRAD","2026-06-03T18:02:12Z","","CR","","I","TRUE","2026-06-03T18:02:12Z","2026-06-04","2031-06-20","","FALSE","BBSF","FALSE","FALSE","","2,000,000","","USD","","","","","","","","","","","","","","","","","","","","","","","","","0.05","","","","","","0.010813632","","","","","","false","","","3","","","A004","","","","","","","","181998.67834","MNTH","","","","3","","","","UFRO","USD","","","","","false","0.99","","","","","","","","","","FALSE","","","","","","","","","QZHH8NT767RX","NA/CDS Corp Idx","CDX.NA.HY"
"3483115805000000101","","NEWT","TRAD","2026-06-03T17:52:42Z","","CR","","N","FALSE","2026-06-03T17:52:42Z","2026-06-03","2026-09-16","2031-06-20","FALSE","BILT","FALSE","FALSE","TRUE","400,000,000+","","USD","","","","","","","","","","","","","","","","","","","","","","","","2026-09-16","0.01","","594,000","USD","","","","","","","0.006","","false","","","","","3","A004","","","","","","","","","MNTH","","","","3","","","","","","","","","","false","1","","","","","","","","","","FALSE","","","","","","","","","QZT4QS79CCTS","NA/CDS Idx Swt","NA/CDS Corp Idx"
"3483238667000000101","","NEWT","TRAD","2026-06-03T18:29:03Z","","CR","","I","TRUE","2026-06-03T18:29:03Z","2026-06-04","2031-06-20","","","TWSF","FALSE","FALSE","","25,000,000","","USD","","","","","","","","","","","","","","","","","","","","","","","","","0.05","","","","","","0.0108148","","","","","","false","","","3","","","A004","","","","","","","","2277880.00000","MNTH","","","","3","","","","UFRO","USD","","","","","false","0.99","","","","","","","","","","FALSE","","","","","","","","","QZHH8NT767RX","NA/CDS Corp Idx","CDX.NA.HY"
"3483915245000000101","","NEWT","TRAD","2026-06-03T19:56:00Z","","CR","","I","TRUE","2026-06-03T19:56:00Z","2026-06-04","2031-06-20","","FALSE","BBSF","FALSE","FALSE","","5,000,000","","USD","","","","","","","","","","","","","","","","","","","","","","","","","0.01","","","","","","0.005112","","","","","","false","","","3","","","A004","","","","","","","","121372.74278","MNTH","","","","3","","","","UFRO","USD","","","","","false","1","","","","","","","","","","FALSE","","","","","","","","","QZ3WVVQG5T8K","NA/CDS Corp Idx","CDX.NA.IG"
"3483262766000000401","","NEWT","TRAD","2026-06-03T18:36:00Z","","CR","","I","TRUE","2026-06-03T18:36:00Z","2026-06-04","2031-06-20","","FALSE","BBSF","FALSE","FALSE","","10,000,000","","USD","","","","","","","","","","","","","","","","","","","","","","","","","0.05","","","","","","0.01081409","","","","","","false","","","3","","","A004","","","","","","","","910449.10000","MNTH","","","","3","","","","UFRO","USD","","","","","false","0.99","","","","","","","","","","FALSE","","","","","","","","","QZHH8NT767RX","NA/CDS Corp Idx","CDX.NA.HY"
"3483247708000000201","","NEWT","TRAD","2026-06-03T18:31:42Z","","CR","","I","FALSE","2026-06-03T18:31:42Z","2026-06-04","2031-06-20","","","TWSF","FALSE","FALSE","","14,000,000","","USD","","","","","","","","","","","","","","","","","","","","","","","","","0.01","","","","","","0.0097785","","","","","","false","","","3","","","A004","","","","","","","","280544.65085","MNTH","","","","3","","","","UFRO","USD","","","","","false","1","","","","","","","","","","FALSE","","","","","","","","","QZ4JMQKL3P03","NA/CDS Corp Idx","CDX.EM"
"3483274098000000301","","NEWT","TRAD","2026-06-03T18:42:43Z","","CR","","I","TRUE","2026-06-03T18:42:43Z","2026-06-04","2031-06-20","","","TWSF","FALSE","FALSE","","25,000,000","","USD","","","","","","","","","","","","","","","","","","","","","","","","","0.05","","","","","","0.0108122","","","","","","false","","","3","","","A004","","","","","","","","2271445.00000","MNTH","","","","3","","","","UFRO","USD","","","","","false","0.99","","","","","","","","","","FALSE","","","","","","","","","QZHH8NT767RX","NA/CDS Corp Idx","CDX.NA.HY"
"3483198360000000101","3483194717000000201","CORR","","2026-06-03T18:17:03Z","","CR","","N","FALSE","2026-06-03T18:17:03Z","2026-06-04","2026-07-07","","TRUE","BILT","FALSE","FALSE","TRUE","43,000,000","43,000,000","USD","USD","","","","","","","","","","","","","","","","","","","","","","","","","","","","","","0.0018","","","","","","false","","","3","","","","","A004","A020","EXPI","EXPI","1","1","","","EXPI","","EXPI","","1","","1","","","USD","USD","","","false","1","","","","","","","","","","TRUE","9.9999999999","","3","","","","","","QZFNT9JCBS79","NA/Cr Sw Idx TRtn Corp Cs",""
"3483049075000000101","3483045539000000101","MODI","TRAD","2026-06-03T17:37:08Z","TRUE","CR","","I","TRUE","2026-06-03T17:36:44Z","2026-03-20","2031-06-20","","FALSE","TPSE","FALSE","FALSE","","10,000,000","","USD","","","","","","","","","","","","","","","","","","","","","","","","","0.05","","","","","","108.111","","USD","","","","false","","","1","","","A004","","","","","","","","","MNTH","","","","3","","","","","","USD","","","","false","0.99","","","","","","","OTHR","","","FALSE","","","","","","","","","QZHH8NT767RX","NA/CDS Corp Idx","CDX.NA.HY"
"3483073305000000201","696175604","TERM","ETRM","2026-06-03T14:23:09Z","","CR","","N","FALSE","2022-05-31T15:24:42Z","2025-06-04","2026-06-04","","TRUE","XOFF","FALSE","FALSE","TRUE","41,000,000","","USD","","","","","","","","","","","","","","","","","","","","","","","","","","","","","","","0.0018","","","","","","false","","","3","","","","","A004","","","","","","526776.91800","","YEAR","","","","1","","","UWIN","USD","USD","","","","false","","","","","","","","","","","FALSE","","","","","","","","","QZV9L2Q1P9G2","NA/CDS Corp SN","DTD 11/15/2021"
"3483118610000000101","","NEWT","TRAD","2026-06-03T17:55:25Z","","CR","","I","TRUE","2026-06-03T17:55:25Z","2026-06-04","2031-06-20","","","TWSF","FALSE","FALSE","","25,000,000","","USD","","","","","","","","","","","","","","","","","","","","","","","","","0.05","","","","","","0.01081375","","","","","","false","","","3","","","A004","","","","","","","","2275281.25000","MNTH","","","","3","","","","UFRO","USD","","","","","false","0.99","","","","","","","","","","FALSE","","","","","","","","","QZHH8NT767RX","NA/CDS Corp Idx","CDX.NA.HY"
"3481726728000000201","","NEWT","TRAD","2026-06-03T17:00:29Z","","CR","","I","TRUE","2026-06-03T17:00:29Z","2026-06-04","2031-06-20","","FALSE","BBSF","FALSE","FALSE","","100,000,000","","USD","","","","","","","","","","","","","","","","","","","","","","","","","0.01","","","","","","0.00510375","","","","","","false","","","3","","","A004","","","","","","","","2431275.66000","MNTH","","","","3","","","","UFRO","USD","","","","","false","1","","","","","","","","","","FALSE","","","","","","","","","QZ3WVVQG5T8K","NA/CDS Corp Idx","CDX.NA.IG"
"3481425911000000101","3478179352000000101","CORR","","2026-06-03T16:36:50Z","","CR","","N","FALSE","2026-06-03T12:32:32Z","2026-03-20","2026-09-16","2031-06-20","FALSE","BILT","FALSE","FALSE","TRUE","343,880,019+","","EUR","","","","","","","","","","","","","","","","","","","","","","","","2026-09-16","0.01","","275,104","EUR","","","","","","","0.008","","false","","","","","3","A004","","","","","","","","","MNTH","","","","3","","","","","","","","","","false","1","","","","","","","","","","FALSE","","","","","","","","","QZS1WNR5R2ND","NA/CDS Idx Swt","NA/CDS Corp Idx"
"3482075345000000101","","NEWT","TRAD","2026-06-03T17:05:46Z","","CR","","N","FALSE","2026-06-03T17:05:46Z","2025-09-22","2030-12-20","2030-12-20","FALSE","BILT","FALSE","FALSE","FALSE","25,000,000","","USD","","","","","","","","","","","","","","","","","","","","","","","","","0.05","","","","","","","","","","","","false","","","","","","A004","","","","","","","","9399977.52000","MNTH","","","","3","","","","UFRO","USD","","","","","false","0.98","","","","","","","","","","FALSE","","","","","","","","","QZ7ZRB20S7R5","NA/CDS Corp Idx Tra","CDX.NA.HY"
"3482496821000000101","","NEWT","TRAD","2026-06-03T17:14:11Z","","CR","","I","TRUE","2026-06-03T17:14:11Z","2026-06-04","2031-06-20","","FALSE","BBSF","FALSE","FALSE","","50,000,000","","USD","","","","","","","","","","","","","","","","","","","","","","","","","0.01","","","","","","0.005111","","","","","","false","","","3","","","A004","","","","","","","","1213961.37000","MNTH","","","","3","","","","UFRO","USD","","","","","false","1","","","","","","","","","","FALSE","","","","","","","","","QZ3WVVQG5T8K","NA/CDS Corp Idx","CDX.NA.IG"
"3478238483000000501","","NEWT","TRAD","2026-06-03T12:36:44Z","","CR","","I","TRUE","2026-06-03T12:36:44Z","2026-06-04","2031-06-20","","","TWSF","FALSE","FALSE","","25,000,000","","USD","","","","","","","","","","","","","","","","","","","","","","","","","0.05","","","","","","0.0108174","","","","","","false","","","3","","","A004","","","","","","","","2284315.00000","MNTH","","","","3","","","","UFRO","USD","","","","","false","0.99","","","","","","","","","","FALSE","","","","","","","","","QZHH8NT767RX","NA/CDS Corp Idx","CDX.NA.HY"
"3479280237000000101","","NEWT","NOVA","2026-06-03T13:56:03Z","","CR","","N","FALSE","2026-06-03T13:56:03Z","2026-06-17","2026-06-17","","FALSE","BILT","FALSE","FALSE","TRUE","63,000,000","","USD","","","","","","","","","","","","","","","","","","","","","","","","2026-06-17","","","0","","","","","","","","0.01","","false","","","","","3","A004","","","","","","","","0.00000","MNTH","","","","3","","","","UFRO","USD","","","","","false","","","","","","","","","","","FALSE","","","","","","","","","QZT4QS79CCTS","NA/CDS Idx Swt","NA/CDS Corp Idx"
"3479625239000000501","","NEWT","TRAD","2026-06-03T14:21:56Z","","CR","","I","TRUE","2026-06-03T14:21:56Z","2026-06-04","2031-06-20","","FALSE","BBSF","FALSE","FALSE","","21,000,000","","USD","","","","","","","","","","","","","","","","","","","","","","","","","0.01","","","","","","0.005093","","","","","","false","","","3","","","A004","","","","","","","","511613.26733","MNTH","","","","3","","","","UFRO","USD","","","","","false","1","","","","","","","","","","FALSE","","","","","","","","","QZ3WVVQG5T8K","NA/CDS Corp Idx","CDX.NA.IG"
"3477452018000000101","","NEWT","TRAD","2026-06-03T11:42:28Z","","CR","","I","TRUE","2026-06-03T11:42:28Z","2026-06-04","2031-06-20","","","TWSF","FALSE","FALSE","","100,000,000","","EUR","","","","","","","","","","","","","","","","","","","","","","","","","0.01","","","","","","0.005322","","","","","","false","","","3","","","A004","","","","","","","","2404131.57873","MNTH","","","","3","","","","UFRO","EUR","","","","","false","1","","","","","","","","","","FALSE","","","","","","","","","QZTQ4GTC5QMF","NA/CDS Corp Idx","ITRAXX EUROPE"
"3479586233000000801","","NEWT","TRAD","2026-06-03T14:19:22Z","","CR","","I","TRUE","2026-06-03T14:19:22Z","2026-06-04","2031-06-20","","FALSE","BBSF","FALSE","FALSE","","10,000,000","","USD","","","","","","","","","","","","","","","","","","","","","","","","","0.05","","","","","","0.01081444","","","","","","false","","","3","","","A004","","","","","","","","910795.60000","MNTH","","","","3","","","","UFRO","USD","","","","","false","0.99","","","","","","","","","","FALSE","","","","","","","","","QZHH8NT767RX","NA/CDS Corp Idx","CDX.NA.HY"
"3475795261000000101","","NEWT","TRAD","2026-06-03T10:25:43Z","","CR","","I","TRUE","2026-06-03T10:25:43Z","2026-06-04","2031-06-20","","FALSE","BBSF","FALSE","FALSE","","5,000,000","","EUR","","","","","","","","","","","","","","","","","","","","","","","","","0.05","","","","","","0.0262","","","","","","false","","","3","","","A004","","","","","","","","565270.75695","MNTH","","","","3","","","","UFRO","EUR","","","","","false","1","","","","","","","","","","TRUE","","","","0.00065","","3","","","QZ3HM9KVK2WL","NA/CDS Corp Idx","ITRAXX EUROPE CROSSOVER"
"3475882032000000101","","NEWT","TRAD","2026-06-03T10:27:12Z","","CR","","I","FALSE","2026-06-03T10:27:12Z","2026-06-04","2031-06-20","","","TWSF","FALSE","FALSE","","120,000,000","","EUR","","","","","","","","","","","","","","","","","","","","","","","","","0.01","","","","","","0.005334","","","","","","false","","","3","","","A004","","","","","","","","2878093.23855","MNTH","","","","3","","","","UFRO","EUR","","","","","false","1","","","","","","","","","","FALSE","","","","","","","","","QZTQ4GTC5QMF","NA/CDS Corp Idx","ITRAXX EUROPE"
"3479389809000000101","","NEWT","TRAD","2026-06-03T14:06:05Z","","CR","","I","TRUE","2026-06-03T14:06:05Z","2026-06-04","2031-06-20","","","TWSF","FALSE","TRUE","","76,000,000+","","USD","","","","","","","","","","","","","","","","","","","","","","","","","0.05","","","","","","0.010816","","","","","","false","","","3","","","A004","","","","","","","","6933753.52784","MNTH","","","","3","","","","UFRO","USD","","","","","false","0.99","","","","","","","","","","FALSE","","","","","","","","","QZHH8NT767RX","NA/CDS Corp Idx","CDX.NA.HY"
"3477394104000000101","","NEWT","TRAD","2026-06-03T11:38:16Z","","CR","","I","TRUE","2026-06-03T11:38:16Z","2026-06-04","2031-06-20","","","TWSF","FALSE","FALSE","","20,000,000","","USD","","","","","","","","","","","","","","","","","","","","","","","","","0.01","","","","","","0.005067","","","","","","false","","","3","","","A004","","","","","","","","489654.90000","MNTH","","","","3","","","","UFRO","USD","","","","","false","1","","","","","","","","","","FALSE","","","","","","","","","QZ3WVVQG5T8K","NA/CDS Corp Idx","CDX.NA.IG"
"3479589390000000101","3479572103000001201","MODI","TRAD","2026-06-03T14:19:42Z","TRUE","CR","","I","TRUE","2026-06-03T14:18:43Z","2026-03-20","2031-06-20","","FALSE","TPSE","FALSE","FALSE","","50,000,000","","USD","","","","","","","","","","","","","","","","","","","","","","","","","0.01","","","","","","0.005085","","","","","","false","","","3","","","A004","","","","","","","","","MNTH","","","","3","","","","","","USD","","","","false","1","","","","","","","OTHR","","","FALSE","","","","","","","","","QZ3WVVQG5T8K","NA/CDS Corp Idx","CDX.NA.IG"
"3479572095000000401","3479558105000000101","MODI","TRAD","2026-06-03T14:18:11Z","TRUE","CR","","I","TRUE","2026-06-03T14:17:40Z","2026-03-20","2031-06-20","","FALSE","TPSE","FALSE","FALSE","","200,000,000","","USD","","","","","","","","","","","","","","","","","","","","","","","","","0.01","","","","","","0.005085","","","","","","false","","","3","","","A004","","","","","","","","","MNTH","","","","3","","","","","","USD","","","","false","1","","","","","","","OTHR","","","FALSE","","","","","","","","","QZ3WVVQG5T8K","NA/CDS Corp Idx","CDX.NA.IG"
"3479558110000000601","","NEWT","TRAD","2026-06-03T14:18:06Z","","CR","","I","TRUE","2026-06-03T14:18:06Z","2026-06-04","2031-06-20","","FALSE","BBSF","FALSE","FALSE","","40,000,000","","USD","","","","","","","","","","","","","","","","","","","","","","","","","0.05","","","","","","0.01081475","","","","","","false","","","3","","","A004","","","","","","","","3644410.00000","MNTH","","","","3","","","","UFRO","USD","","","","","false","0.99","","","","","","","","","","FALSE","","","","","","","","","QZHH8NT767RX","NA/CDS Corp Idx","CDX.NA.HY"
"3479946114000000401","","NEWT","TRAD","2026-06-03T14:56:22Z","","CR","","I","FALSE","2026-06-03T14:56:22Z","2026-06-04","2031-06-20","","","TWSF","FALSE","FALSE","","85,000,000","","EUR","","","","","","","","","","","","","","","","","","","","","","","","","0.01","","","","","","0.0053485","","","","","","false","","","3","","","A004","","","","","","","","2032757.48000","MNTH","","","","3","","","","UFRO","EUR","","","","","false","1","","","","","","","","","","FALSE","","","","","","","","","QZTQ4GTC5QMF","NA/CDS Corp Idx","ITRAXX EUROPE"
"3469819695000000901","","NEWT","TRAD","2026-06-03T08:31:35Z","","CR","","N","FALSE","2026-06-03T08:31:35Z","2026-03-20","2026-07-15","2031-06-20","FALSE","BILT","FALSE","FALSE","TRUE","230,000,000","","EUR","","","","","","","","","","","","","","","","","","","","","","","","2026-07-15","0.05","","685,398.51","EUR","","","","","","","0.03","","false","","","","","3","A004","","","","","","","","","MNTH","","","","3","","","","","","","","","","false","1","","","","","","","","","","FALSE","","","","","","","","","QZTL0V3X916X","NA/CDS Idx Swt","NA/CDS Corp Idx"
"3477523616000000201","","NEWT","TRAD","2026-06-03T11:48:43Z","","CR","","I","TRUE","2026-06-03T11:48:43Z","2026-06-04","2031-06-20","","","TWSF","FALSE","FALSE","","1,000,000","","EUR","","","","","","","","","","","","","","","","","","","","","","","","","0.05","","","","","","0.02604281","","","","","","false","","","3","","","A004","","","","","","","","113796.15000","MNTH","","","","3","","","","UFRO","EUR","","","","","false","1","","","","","","","","","","FALSE","","","","","","","","","QZ3HM9KVK2WL","NA/CDS Corp Idx","ITRAXX EUROPE CROSSOVER"
"3477486652000000301","","NEWT","TRAD","2026-06-03T11:45:50Z","","CR","","I","TRUE","2026-06-03T11:45:50Z","2026-06-04","2031-06-20","","FALSE","BBSF","FALSE","FALSE","","60,000,000","","USD","","","","","","","","","","","","","","","","","","","","","","","","","0.01","","","","","","0.00506969","","","","","","false","","","3","","","A004","","","","","","","","1468218.05000","MNTH","","","","3","","","","UFRO","USD","","","","","false","1","","","","","","","","","","FALSE","","","","","","","","","QZ3WVVQG5T8K","NA/CDS Corp Idx","CDX.NA.IG"
"3477503811000000101","","NEWT","TRAD","2026-06-03T11:46:56Z","","CR","","I","TRUE","2026-06-03T11:46:56Z","2025-09-22","2030-12-20","","FALSE","BGCD","FALSE","FALSE","","11,000,000","","EUR","","","","","","","","","","","","","","","","","","","","","","","","","","","","","","","0.02255","","","","","","false","","","3","","","A004","","","","","","","","","MNTH","","","","3","","","","","","","","","","false","1","","","","","","","","","","TRUE","","","","0.0035","","3","","","QZ5F5FRS4TR9","NA/CDS Corp Idx","ITRAXX EUROPE CROSSOVER"
"3480444436000000201","","NEWT","TRAD","2026-06-03T15:45:34Z","","CR","","I","FALSE","2026-06-03T15:45:34Z","2026-06-04","2031-06-20","","","TWSF","FALSE","FALSE","","10,000,000","","USD","","","","","","","","","","","","","","","","","","","","","","","","","0.01","","","","","","0.0097761","","","","","","false","","","3","","","A004","","","","","","","","202788.89000","MNTH","","","","3","","","","UFRO","USD","","","","","false","1","","","","","","","","","","FALSE","","","","","","","","","QZ4JMQKL3P03","NA/CDS Corp Idx","CDX.EM"
"3480384158000000201","","NEWT","TRAD","2026-06-03T15:41:03Z","","CR","","I","TRUE","2026-06-03T15:41:03Z","2026-06-04","2031-06-20","","FALSE","BBSF","FALSE","FALSE","","3,000,000","","EUR","","","","","","","","","","","","","","","","","","","","","","","","","0.05","","","","","","0.0262234","","","","","","false","","","3","","","A004","","","","","","","","338831.71000","MNTH","","","","3","","","","UFRO","EUR","","","","","false","1","","","","","","","","","","FALSE","","","","","","","","","QZ3HM9KVK2WL","NA/CDS Corp Idx","ITRAXX EUROPE CROSSOVER"
"3464189669000000101","","NEWT","TRAD","2026-06-03T03:39:26Z","","CR","","N","FALSE","2026-06-03T03:39:26Z","2026-06-03","2031-06-20","","FALSE","BILT","FALSE","FALSE","TRUE","25,000,000","","USD","","","","","","","","","","","","","","","","","","","","","","","","","0.01","","","","","","","","","","","","false","","","","","","A004","","","","","","","","390246.11000","MNTH","","","","3","","","","UFRO","USD","","","","","false","1","","","","","","","","","","FALSE","","","","","","","","","QZD2VPNQ9ZFX","NA/CDS Corp Idx","ITRAXX ASIA EX-JAPAN IG"
"3467160832000000101","","NEWT","TRAD","2026-06-03T07:41:20Z","","CR","","I","TRUE","2026-06-03T07:41:20Z","2026-06-04","2031-06-20","","","TWSF","FALSE","TRUE","","46,423,803+","","EUR","","","","","","","","","","","","","","","","","","","","","","","","","0.05","","","","","","0.0261375","","","","","","false","","","3","","","A004","","","","","","","","5262094.14108","MNTH","","","","3","","","","UFRO","EUR","","","","","false","1","","","","","","","","","","FALSE","","","","","","","","","QZ3HM9KVK2WL","NA/CDS Corp Idx","ITRAXX EUROPE CROSSOVER"
"3464185247000000301","","NEWT","TRAD","2026-06-03T04:02:48Z","","CR","","N","FALSE","2026-06-03T04:02:48Z","2026-03-23","2031-06-20","2031-06-20","FALSE","UTSL","FALSE","FALSE","TRUE","2,000,000,000","","JPY","","","","","","","","","","","","","","","","","","","","","","","","","0.01","","","","","","","","","","","","false","","","","","","A004","","","","","","","","43161139.47000","MNTH","","","","3","","","","UFRO","JPY","","","","","false","1","","","","","","","","","","FALSE","","","","","","","","","QZ9P5KKVF7M5","NA/CDS Corp Idx","ITRAXX JAPAN"
"3465577470000000101","","NEWT","TRAD","2026-06-03T07:11:15Z","","CR","","I","TRUE","2026-06-03T07:11:15Z","2026-03-20","2031-06-20","","FALSE","BGCD","FALSE","FALSE","","25,000,000","","EUR","","","","","","","","","","","","","","","","","","","","","","","","","","","","","","","0.005325","","","","","","false","","","3","","","A004","","","","","","","","","MNTH","","","","3","","","","","","","","","","false","1","","","","","","","","","","FALSE","","","","","","","","","QZTQ4GTC5QMF","NA/CDS Corp Idx","ITRAXX EUROPE"
"3465276407000000301","","NEWT","TRAD","2026-06-03T06:49:48Z","","CR","","I","TRUE","2026-06-03T06:49:48Z","2026-06-04","2031-06-20","","FALSE","BBSF","FALSE","FALSE","","7,000,000","","EUR","","","","","","","","","","","","","","","","","","","","","","","","","0.05","","","","","","0.02607","","","","","","false","","","3","","","A004","","","","","","","","795674.28000","MNTH","","","","3","","","","UFRO","EUR","","","","","false","1","","","","","","","","","","FALSE","","","","","","","","","QZ3HM9KVK2WL","NA/CDS Corp Idx","ITRAXX EUROPE CROSSOVER"
"3473171955000000101","","NEWT","TRAD","2026-06-03T09:25:05Z","","CR","","I","TRUE","2026-06-03T09:25:05Z","2026-06-04","2031-06-20","","FALSE","BBSF","FALSE","FALSE","","10,000,000","","EUR","","","","","","","","","","","","","","","","","","","","","","","","","0.01","","","","","","0.00533429","","","","","","false","","","3","","","A004","","","","","","","","239826.85000","MNTH","","","","3","","","","UFRO","EUR","","","","","false","1","","","","","","","","","","FALSE","","","","","","","","","QZTQ4GTC5QMF","NA/CDS Corp Idx","ITRAXX EUROPE"
"3474217122000000101","","NEWT","TRAD","2026-06-03T09:52:36Z","","CR","","I","TRUE","2026-06-03T09:52:36Z","2026-06-04","2031-06-20","","FALSE","BBSF","FALSE","FALSE","","5,000,000","","EUR","","","","","","","","","","","","","","","","","","","","","","","","","0.05","","","","","","0.026149","","","","","","false","","","3","","","A004","","","","","","","","566474.34000","MNTH","","","","3","","","","UFRO","EUR","","","","","false","1","","","","","","","","","","FALSE","","","","","","","","","QZ3HM9KVK2WL","NA/CDS Corp Idx","ITRAXX EUROPE CROSSOVER"
"3477917636000000201","","NEWT","TRAD","2026-06-03T12:19:14Z","","CR","","I","TRUE","2026-06-03T12:19:14Z","2026-06-04","2031-06-20","","FALSE","BBSF","FALSE","FALSE","","100,000","","EUR","","","","","","","","","","","","","","","","","","","","","","","","","0.01","","","","","","0.00533","","","","","","false","","","3","","","A004","","","","","","","","2400.32000","MNTH","","","","3","","","","UFRO","EUR","","","","","false","1","","","","","","","","","","FALSE","","","","","","","","","QZTQ4GTC5QMF","NA/CDS Corp Idx","ITRAXX EUROPE"
"3483947447000000101","","NEWT","TRAD","2026-06-03T20:02:29Z","","CR","","I","TRUE","2026-06-03T20:02:29Z","2026-06-04","2031-06-20","","FALSE","BBSF","FALSE","FALSE","","40,000,000","","USD","","","","","","","","","","","","","","","","","","","","","","","","","0.05","","","","","","0.01080925","","","","","","false","","","3","","","A004","","","","","","","","3622630.00000","MNTH","","","","3","","","","UFRO","USD","","","","","false","0.99","","","","","","","","","","FALSE","","","","","","","","","QZHH8NT767RX","NA/CDS Corp Idx","CDX.NA.HY"
"3483942132000000101","","NEWT","TRAD","2026-06-03T20:01:52Z","","CR","","I","TRUE","2026-06-03T20:01:52Z","2026-06-04","2031-06-20","","FALSE","BBSF","FALSE","FALSE","","10,000,000","","USD","","","","","","","","","","","","","","","","","","","","","","","","","0.05","","","","","","0.01081024","","","","","","false","","","3","","","A004","","","","","","","","906637.60000","MNTH","","","","3","","","","UFRO","USD","","","","","false","0.99","","","","","","","","","","FALSE","","","","","","","","","QZHH8NT767RX","NA/CDS Corp Idx","CDX.NA.HY"
"3483913637000000101","3483910907000000201","MODI","TRAD","2026-06-03T19:54:00Z","TRUE","CR","","I","TRUE","2026-06-03T19:52:31Z","2026-03-20","2031-06-20","","FALSE","TPSE","FALSE","FALSE","","25,000,000","","USD","","","","","","","","","","","","","","","","","","","","","","","","","0.01","","","","","","0.00511","","","","","","false","","","3","","","A004","","","","","","","","","MNTH","","","","3","","","","","","USD","","","","false","1","","","","","","","OTHR","","","FALSE","","","","","","","","","QZ3WVVQG5T8K","NA/CDS Corp Idx","CDX.NA.IG"
"3484010160000000101","","NEWT","TRAD","2026-06-03T20:10:47Z","","CR","","I","TRUE","2026-06-03T20:10:47Z","2026-06-04","2031-06-20","","FALSE","BBSF","FALSE","FALSE","","4,000,000","","USD","","","","","","","","","","","","","","","","","","","","","","","","","0.05","","","","","","0.01080875","","","","","","false","","","3","","","A004","","","","","","","","362065.00000","MNTH","","","","3","","","","UFRO","USD","","","","","false","0.99","","","","","","","","","","FALSE","","","","","","","","","QZHH8NT767RX","NA/CDS Corp Idx","CDX.NA.HY"
"3484051771000000301","3484036616000000401","MODI","TRAD","2026-06-03T20:13:48Z","TRUE","CR","","I","TRUE","2026-06-03T20:13:06Z","2026-03-20","2031-06-20","","FALSE","TPSE","FALSE","FALSE","","5,000,000","","USD","","","","","","","","","","","","","","","","","","","","","","","","","0.05","","","","","","108.085","","USD","","","","false","","","1","","","A004","","","","","","","","","MNTH","","","","3","","","","","","USD","","","","false","0.99","","","","","","","OTHR","","","FALSE","","","","","","","","","QZHH8NT767RX","NA/CDS Corp Idx","CDX.NA.HY"
"3484066510000000101","3484051769000000101","MODI","TRAD","2026-06-03T20:14:05Z","TRUE","CR","","I","TRUE","2026-06-03T20:13:22Z","2026-03-20","2031-06-20","","FALSE","TPSE","FALSE","FALSE","","5,000,000","","USD","","","","","","","","","","","","","","","","","","","","","","","","","0.05","","","","","","108.085","","USD","","","","false","","","1","","","A004","","","","","","","","","MNTH","","","","3","","","","","","USD","","","","false","0.99","","","","","","","OTHR","","","FALSE","","","","","","","","","QZHH8NT767RX","NA/CDS Corp Idx","CDX.NA.HY"
"3484080656000000201","3483034847000000101","CORR","","2026-06-03T20:12:13Z","","CR","","N","FALSE","2026-06-03T17:31:28Z","2026-06-03","2026-09-16","2031-06-20","FALSE","BILT","FALSE","FALSE","TRUE","240,000,000","","USD","","","","","","","","","","","","","","","","","","","","","","","","2026-09-16","0.01","","348,001.566","USD","","","","","","","0.006","","false","","","","","3","A004","","","","","","","","","MNTH","","","","3","","","","","","","","","","false","1","","","","","","","","","","FALSE","","","","","","","","","QZT4QS79CCTS","NA/CDS Idx Swt","NA/CDS Corp Idx"
"3484426238000000101","","NEWT","TRAD","2026-06-03T20:27:39Z","","CR","","I","TRUE","2026-06-03T20:27:39Z","2026-06-04","2031-06-20","","","TWSF","FALSE","FALSE","","3,000,000","","USD","","","","","","","","","","","","","","","","","","","","","","","","","0.05","","","","","","0.01080735","","","","","","false","","","3","","","A004","","","","","","","","271132.95000","MNTH","","","","3","","","","UFRO","USD","","","","","false","0.99","","","","","","","","","","FALSE","","","","","","","","","QZHH8NT767RX","NA/CDS Corp Idx","CDX.NA.HY"
"3484255156000000101","","NEWT","TRAD","2026-06-03T20:24:09Z","","CR","","I","TRUE","2026-06-03T20:24:09Z","2026-06-04","2031-06-20","","FALSE","BBSF","FALSE","FALSE","","5,000,000","","USD","","","","","","","","","","","","","","","","","","","","","","","","","0.05","","","","","","0.01080475","","","","","","false","","","3","","","A004","","","","","","","","450601.25000","MNTH","","","","3","","","","UFRO","USD","","","","","false","0.99","","","","","","","","","","FALSE","","","","","","","","","QZHH8NT767RX","NA/CDS Corp Idx","CDX.NA.HY"
"3478121667000000101","","NEWT","TRAD","2026-06-03T12:29:51Z","","CR","","I","TRUE","2026-06-03T12:29:51Z","2026-06-04","2031-06-20","","FALSE","BBSF","FALSE","FALSE","","10,000,000","","USD","","","","","","","","","","","","","","","","","","","","","","","","","0.05","","","","","","0.0108175","","","","","","false","","","3","","","A004","","","","","","","","913825.00000","MNTH","","","","3","","","","UFRO","USD","","","","","false","0.99","","","","","","","","","","FALSE","","","","","","","","","QZHH8NT767RX","NA/CDS Corp Idx","CDX.NA.HY"
"3478133468000000101","","NEWT","TRAD","2026-06-03T12:30:15Z","","CR","","I","TRUE","2026-06-03T12:30:15Z","2026-06-04","2030-12-20","","FALSE","BBSF","FALSE","FALSE","","20,000,000","","EUR","","","","","","","","","","","","","","","","","","","","","","","","","0.01","","","","","","0.00485","","","","","","false","","","3","","","A004","","","","","","","","481878.63000","MNTH","","","","3","","","","UFRO","EUR","","","","","false","1","","","","","","","","","","FALSE","","","","","","","","","QZFB31MBHLT9","NA/CDS Corp Idx","ITRAXX EUROPE"
"3478103861000000101","","NEWT","TRAD","2026-06-03T12:28:20Z","","CR","","I","TRUE","2026-06-03T12:28:20Z","2026-06-04","2031-06-20","","FALSE","BBSF","FALSE","FALSE","","5,000,000","","USD","","","","","","","","","","","","","","","","","","","","","","","","","0.05","","","","","","0.010817","","","","","","false","","","3","","","A004","","","","","","","","456665.00000","MNTH","","","","3","","","","UFRO","USD","","","","","false","0.99","","","","","","","","","","FALSE","","","","","","","","","QZHH8NT767RX","NA/CDS Corp Idx","CDX.NA.HY"
"3479757579000000401","","NEWT","TRAD","2026-06-03T14:34:22Z","","CR","","I","TRUE","2026-06-03T14:34:22Z","2026-06-04","2031-06-20","","FALSE","BBSF","FALSE","FALSE","","130,000,000","","USD","","","","","","","","","","","","","","","","","","","","","","","","","0.01","","","","","","0.0051","","","","","","false","","","3","","","A004","","","","","","","","3162913.01040","MNTH","","","","3","","","","UFRO","USD","","","","","false","1","","","","","","","","","","TRUE","","","","0.0051","","3","","","QZ3WVVQG5T8K","NA/CDS Corp Idx","CDX.NA.IG"
"3479589393000000401","","NEWT","TRAD","2026-06-03T14:19:51Z","","CR","","I","TRUE","2026-06-03T14:19:51Z","2026-06-04","2031-06-20","","FALSE","BBSF","FALSE","TRUE","","76,000,000+","","USD","","","","","","","","","","","","","","","","","","","","","","","","","0.05","","","","","","0.010815","","","","","","false","","","3","","","A004","","","","","","","","6926225.77881","MNTH","","","","3","","","","UFRO","USD","","","","","false","0.99","","","","","","","","","","FALSE","","","","","","","","","QZHH8NT767RX","NA/CDS Corp Idx","CDX.NA.HY"
"3478179210000000201","","NEWT","TRAD","2026-06-03T12:33:01Z","","CR","","I","FALSE","2026-06-03T12:33:01Z","2026-06-04","2031-06-20","","","TWSF","FALSE","FALSE","","25,000,000","","USD","","","","","","","","","","","","","","","","","","","","","","","","","0.01","","","","","","0.0097795","","","","","","false","","","3","","","A004","","","","","","","","498472.22000","MNTH","","","","3","","","","UFRO","USD","","","","","false","1","","","","","","","","","","FALSE","","","","","","","","","QZ4JMQKL3P03","NA/CDS Corp Idx","CDX.EM"
"3477917635000000101","","NEWT","TRAD","2026-06-03T12:19:07Z","","CR","","I","TRUE","2026-06-03T12:19:07Z","2026-06-04","2031-06-20","","FALSE","BBSF","FALSE","FALSE","","200,000","","EUR","","","","","","","","","","","","","","","","","","","","","","","","","0.05","","","","","","0.02609","","","","","","false","","","3","","","A004","","","","","","","","22714.67000","MNTH","","","","3","","","","UFRO","EUR","","","","","false","1","","","","","","","","","","FALSE","","","","","","","","","QZ3HM9KVK2WL","NA/CDS Corp Idx","ITRAXX EUROPE CROSSOVER"
"3480380456000000101","","NEWT","TRAD","2026-06-03T15:26:01Z","","CR","","N","FALSE","2026-06-03T15:26:01Z","2026-03-20","2026-08-19","","FALSE","BILT","FALSE","FALSE","TRUE","250,000,000","","USD","","","","","","","","","","","","","","","","","","","","","","","","2026-08-19","0.0055","","335,000","USD","","","1","","","","0.55","USD","false","","","3","","3","A004","","","","","","","","","MNTH","","","","3","","","","","","","","","","false","","","","","","","","","","","FALSE","","","","","","","","","QZ7WW76RFHN3","NA/CDS Idx Swt","NA/CDS Corp Idx"
"3478246130000000201","","NEWT","TRAD","2026-06-03T12:37:17Z","","CR","","I","TRUE","2026-06-03T12:37:17Z","2026-06-04","2031-06-20","","FALSE","BBSF","FALSE","FALSE","","15,000,000","","USD","","","","","","","","","","","","","","","","","","","","","","","","","0.05","","","","","","0.01081685","","","","","","false","","","3","","","A004","","","","","","","","1369772.25000","MNTH","","","","3","","","","UFRO","USD","","","","","false","0.99","","","","","","","","","","FALSE","","","","","","","","","QZHH8NT767RX","NA/CDS Corp Idx","CDX.NA.HY"
"3478286591000000101","","NEWT","TRAD","2026-06-03T12:36:15Z","","CR","","I","FALSE","2026-06-03T12:36:15Z","2026-03-20","2031-06-20","","","BTFE","FALSE","FALSE","FALSE","5,000,000","","EUR","","","","","","","","","","","","","","","","","","","","","","","","","0.05","","","","","","","","","","","","false","","","","","","A004","","","","","","","","566120.46000","MNTH","","","","3","","","","UFRO","EUR","","","","","false","1","","","","","","","","","","FALSE","","","","","","","","","QZ3HM9KVK2WL","NA/CDS Corp Idx","ITRAXX EUROPE CROSSOVER"
"3478213582000000301","","NEWT","TRAD","2026-06-03T12:35:09Z","","CR","","I","TRUE","2026-06-03T12:35:09Z","2026-06-04","2031-06-20","","FALSE","BBSF","FALSE","FALSE","","50,000,000","","USD","","","","","","","","","","","","","","","","","","","","","","","","","0.01","","","","","","0.0050832","","","","","","false","","","3","","","A004","","","","","","","","1220390.26000","MNTH","","","","3","","","","UFRO","USD","","","","","false","1","","","","","","","","","","FALSE","","","","","","","","","QZ3WVVQG5T8K","NA/CDS Corp Idx","CDX.NA.IG"
"3478296160000000101","3478135071000000101","MODI","TRAD","2026-06-03T12:27:31Z","TRUE","CR","","I","TRUE","2026-06-03T12:26:21Z","2025-09-22","2030-12-20","","","BILT","FALSE","FALSE","","30,000,000","","EUR","","","","","","","","","","","","","","","","","","","","","","","","","0.05","","","","","","","","","","","","false","","","","","","A004","","","","","","","","3603010.40000","MNTH","","","","3","","","","UFRO","EUR","","","","","false","1","","","","","","","","","","FALSE","","","","","","","","","QZ5F5FRS4TR9","NA/CDS Corp Idx","ITRAXX EUROPE CROSSOVER"
"3478274034000000101","","NEWT","TRAD","2026-06-03T12:38:40Z","","CR","","I","FALSE","2026-06-03T12:38:40Z","2026-06-04","2031-06-20","","FALSE","BBSF","FALSE","FALSE","","50,000,000","","EUR","","","","","","","","","","","","","","","","","","","","","","","","","0.01","","","","","","0.00923263","","","","","","false","","","3","","","A004","","","","","","","","284241.81000","MNTH","","","","3","","","","UFRO","EUR","","","","","false","1","","","","","","","","","","FALSE","","","","","","","","","QZ5GD86QBKCC","NA/CDS Corp Idx","ITRAXX EUROPE SUB FINANCIALS"
"3478227806000000501","","NEWT","TRAD","2026-06-03T12:35:52Z","","CR","","I","FALSE","2026-06-03T12:35:52Z","2026-06-04","2031-06-20","","FALSE","BBSF","FALSE","FALSE","","15,000,000","","USD","","","","","","","","","","","","","","","","","","","","","","","","","0.01","","","","","","0.00977663","","","","","","false","","","3","","","A004","","","","","","","","303388.33000","MNTH","","","","3","","","","UFRO","USD","","","","","false","1","","","","","","","","","","FALSE","","","","","","","","","QZ4JMQKL3P03","NA/CDS Corp Idx","CDX.EM"
"3476338357000000201","","NEWT","TRAD","2026-06-03T10:38:14Z","","CR","","I","TRUE","2026-06-03T10:38:14Z","2026-06-04","2031-06-20","","FALSE","BBSF","FALSE","FALSE","","50,000,000","","EUR","","","","","","","","","","","","","","","","","","","","","","","","","0.01","","","","","","0.005336","","","","","","false","","","3","","","A004","","","","","","","","1198725.72000","MNTH","","","","3","","","","UFRO","EUR","","","","","false","1","","","","","","","","","","FALSE","","","","","","","","","QZTQ4GTC5QMF","NA/CDS Corp Idx","ITRAXX EUROPE"
"3479160118000000501","","NEWT","TRAD","2026-06-03T13:46:53Z","","CR","","I","TRUE","2026-06-03T13:46:53Z","2026-06-04","2031-06-20","","FALSE","BBSF","FALSE","FALSE","","25,000,000","","USD","","","","","","","","","","","","","","","","","","","","","","","","","0.05","","","","","","0.0108097","","","","","","false","","","3","","","A004","","","","","","","","2265257.50000","MNTH","","","","3","","","","UFRO","USD","","","","","false","0.99","","","","","","","","","","FALSE","","","","","","","","","QZHH8NT767RX","NA/CDS Corp Idx","CDX.NA.HY"
"3480353801000000701","","NEWT","TRAD","2026-06-03T15:38:41Z","","CR","","I","TRUE","2026-06-03T15:38:41Z","2026-06-04","2031-06-20","","FALSE","BBSF","FALSE","FALSE","","40,000,000","","USD","","","","","","","","","","","","","","","","","","","","","","","","","0.01","","","","","","0.005092","","","","","","false","","","3","","","A004","","","","","","","","974684.05000","MNTH","","","","3","","","","UFRO","USD","","","","","false","1","","","","","","","","","","FALSE","","","","","","","","","QZ3WVVQG5T8K","NA/CDS Corp Idx","CDX.NA.IG"
"3480436707000000401","","NEWT","TRAD","2026-06-03T15:44:59Z","","CR","","I","TRUE","2026-06-03T15:44:59Z","2026-06-04","2031-06-20","","FALSE","BBSF","FALSE","FALSE","","13,000,000","","USD","","","","","","","","","","","","","","","","","","","","","","","","","0.05","","","","","","0.010815","","","","","","false","","","3","","","A004","","","","","","","","1184755.00000","MNTH","","","","3","","","","UFRO","USD","","","","","false","0.99","","","","","","","","","","TRUE","108.15","USD","1","","","","","","QZHH8NT767RX","NA/CDS Corp Idx","CDX.NA.HY"
"3480436706000000301","","NEWT","TRAD","2026-06-03T15:44:57Z","","CR","","I","TRUE","2026-06-03T15:44:57Z","2026-06-04","2031-06-20","","","TWSF","FALSE","FALSE","","10,000,000","","USD","","","","","","","","","","","","","","","","","","","","","","","","","0.01","","","","","","0.005103","","","","","","false","","","3","","","A004","","","","","","","","243162.25000","MNTH","","","","3","","","","UFRO","USD","","","","","false","1","","","","","","","","","","FALSE","","","","","","","","","QZ3WVVQG5T8K","NA/CDS Corp Idx","CDX.NA.IG"
"3472258216000000201","3472258215000000101","MODI","TRAD","2026-06-03T09:12:57Z","TRUE","CR","","I","TRUE","2026-06-03T09:12:49Z","2026-03-20","2031-06-20","","FALSE","TPSE","FALSE","FALSE","","25,000,000","","EUR","","","","","","","","","","","","","","","","","","","","","","","","","0.01","","","","","","0.0053375","","","","","","false","","","3","","","A004","","","","","","","","","MNTH","","","","3","","","","","","EUR","","","","false","1","","","","","","","OTHR","","","FALSE","","","","","","","","","QZTQ4GTC5QMF","NA/CDS Corp Idx","ITRAXX EUROPE"
"3478982364000000101","","NEWT","TRAD","2026-06-03T13:29:52Z","","CR","","N","FALSE","2026-06-03T13:28:21Z","2026-06-03","2026-07-15","2031-06-20","TRUE","BILT","FALSE","FALSE","TRUE","100,000,000","","USD","","","","","","","","","","","","","","","","","","","","","","","","2026-07-15","0.05","","555,390","USD","","","","","","","0.01075","","false","","","","","3","A004","","","","","","","","","MNTH","","","","3","","","","","","","","","","false","0.99","","","","","","","","","","FALSE","","","","","","","","","QZ50LQCQ9CJW","NA/CDS Idx Swt","NA/CDS Corp Idx"
"3479262055000000101","3479255676000000201","MODI","TRAD","2026-06-03T13:55:00Z","TRUE","CR","","I","TRUE","2026-06-03T13:54:35Z","2026-03-20","2031-06-20","","FALSE","TPSE","FALSE","FALSE","","10,000,000","","EUR","","","","","","","","","","","","","","","","","","","","","","","","","0.05","","","","","","0.026225","","","","","","false","","","3","","","A004","","","","","","","","","MNTH","","","","3","","","","","","EUR","","","","false","1","","","","","","","OTHR","","","FALSE","","","","","","","","","QZ3HM9KVK2WL","NA/CDS Corp Idx","ITRAXX EUROPE CROSSOVER"
"3479248669000000301","","NEWT","TRAD","2026-06-03T13:54:15Z","","CR","","I","TRUE","2026-06-03T13:54:15Z","2026-06-04","2031-06-20","","FALSE","BBSF","FALSE","FALSE","","100,000,000","","EUR","","","","","","","","","","","","","","","","","","","","","","","","","0.01","","","","","","0.0053591","","","","","","false","","","3","","","A004","","","","","","","","2386415.55000","MNTH","","","","3","","","","UFRO","EUR","","","","","false","1","","","","","","","","","","FALSE","","","","","","","","","QZTQ4GTC5QMF","NA/CDS Corp Idx","ITRAXX EUROPE"
"3479226582000000401","","NEWT","TRAD","2026-06-03T13:26:51Z","","CR","","N","FALSE","2026-06-03T13:26:51Z","2026-06-03","2026-06-04","","FALSE","BILT","FALSE","FALSE","TRUE","109,453,844","110,000,000","USD","USD","","","","","","","","","","","","","","","","","","","","","","","","0.037804","0.037804","","","","","","","","","","","false","","","","","","","","","","","","","","","EXPI","","","","1","","","","","","","USD","","","false","","","","","","","","","","","FALSE","","","","","","","","","QZ57DSB64DNJ","NA/CDS Corp SN","DTD 03/15/2025"
"3479197669000000301","3479118247000000101","MODI","TRAD","2026-06-03T13:38:50Z","TRUE","CR","","I","TRUE","2026-06-03T13:37:40Z","2026-03-20","2031-06-20","","","BILT","FALSE","FALSE","","50,000,000","","EUR","","","","","","","","","","","","","","","","","","","","","","","","","0.01","","","","","","","","","","","","false","","","","","","A004","","","","","","","","1195381.39000","MNTH","","","","3","","","","UFRO","EUR","","","","","false","1","","","","","","","","","","FALSE","","","","","","","","","QZTQ4GTC5QMF","NA/CDS Corp Idx","ITRAXX EUROPE"
"3479206611000000201","","NEWT","TRAD","2026-06-03T13:51:04Z","","CR","","I","TRUE","2026-06-03T13:51:04Z","2026-06-04","2031-06-20","","FALSE","BBSF","FALSE","FALSE","","100,000,000","","USD","","","","","","","","","","","","","","","","","","","","","","","","","0.01","","","","","","0.005104","","","","","","false","","","3","","","A004","","","","","","","","2431160.04000","MNTH","","","","3","","","","UFRO","USD","","","","","false","1","","","","","","","","","","FALSE","","","","","","","","","QZ3WVVQG5T8K","NA/CDS Corp Idx","CDX.NA.IG"
"3479099279000000301","","NEWT","TRAD","2026-06-03T13:38:27Z","","CR","","I","TRUE","2026-06-03T13:38:27Z","2026-06-04","2031-06-20","","FALSE","BBSF","FALSE","TRUE","","50,000,000","","USD","","","","","","","","","","","","","","","","","","","","","","","","","0.05","","","","","","0.01081326","","","","","","false","","","3","","","A004","","","","","","","","4548137.00000","MNTH","","","","3","","","","UFRO","USD","","","","","false","0.99","","","","","","","","","","FALSE","","","","","","","","","QZHH8NT767RX","NA/CDS Corp Idx","CDX.NA.HY"
"3479160116000000301","","NEWT","TRAD","2026-06-03T13:46:39Z","","CR","","I","FALSE","2026-06-03T13:46:39Z","2026-06-04","2031-06-20","","","TWSF","FALSE","FALSE","","25,000,000","","USD","","","","","","","","","","","","","","","","","","","","","","","","","0.01","","","","","","0.009779","","","","","","false","","","3","","","A004","","","","","","","","499722.22000","MNTH","","","","3","","","","UFRO","USD","","","","","false","1","","","","","","","","","","FALSE","","","","","","","","","QZ4JMQKL3P03","NA/CDS Corp Idx","CDX.EM"
"3480191446000000401","","NEWT","TRAD","2026-06-03T15:21:53Z","","CR","","I","TRUE","2026-06-03T15:21:53Z","2026-06-04","2031-06-20","","FALSE","BBSF","FALSE","FALSE","","5,000,000","","USD","","","","","","","","","","","","","","","","","","","","","","","","","0.01","","","","","","0.0050828","","","","","","false","","","3","","","A004","","","","","","","","122048.28000","MNTH","","","","3","","","","UFRO","USD","","","","","false","1","","","","","","","","","","FALSE","","","","","","","","","QZ3WVVQG5T8K","NA/CDS Corp Idx","CDX.NA.IG"
"3479144340000000501","","NEWT","TRAD","2026-06-03T13:45:03Z","","CR","","I","TRUE","2026-06-03T13:45:03Z","2025-09-22","2030-12-20","","FALSE","BGCD","FALSE","FALSE","","10,000,000","","EUR","","","","","","","","","","","","","","","","","","","","","","","","","","","","","","","0.022725","","","","","","false","","","3","","","A004","","","","","","","","","MNTH","","","","3","","","","","","","","","","false","1","","","","","","","","","","FALSE","","","","","","","","","QZ5F5FRS4TR9","NA/CDS Corp Idx","ITRAXX EUROPE CROSSOVER"
"3479194849000000301","","NEWT","TRAD","2026-06-03T13:49:48Z","","CR","","I","TRUE","2026-06-03T13:49:48Z","2026-06-04","2031-06-20","","FALSE","BBSF","FALSE","FALSE","","25,000,000","","USD","","","","","","","","","","","","","","","","","","","","","","","","","0.01","","","","","","0.00510587","","","","","","false","","","3","","","A004","","","","","","","","607573.80000","MNTH","","","","3","","","","UFRO","USD","","","","","false","1","","","","","","","","","","FALSE","","","","","","","","","QZ3WVVQG5T8K","NA/CDS Corp Idx","CDX.NA.IG"
"3479194848000000201","","NEWT","TRAD","2026-06-03T13:49:35Z","","CR","","I","TRUE","2026-06-03T13:49:35Z","2026-06-04","2031-06-20","","FALSE","BBSF","FALSE","FALSE","","50,000,000","","USD","","","","","","","","","","","","","","","","","","","","","","","","","0.01","","","","","","0.005108","","","","","","false","","","3","","","A004","","","","","","","","1214655.07000","MNTH","","","","3","","","","UFRO","USD","","","","","false","1","","","","","","","","","","FALSE","","","","","","","","","QZ3WVVQG5T8K","NA/CDS Corp Idx","CDX.NA.IG"
"3479324815000000301","","NEWT","TRAD","2026-06-03T13:58:20Z","","CR","","I","TRUE","2026-06-03T13:58:20Z","2026-03-20","2031-06-20","","","TREU","FALSE","FALSE","FALSE","10,000","","EUR","","","","","","","","","","","","","","","","","","","","","","","","","0.01","","","","","","","","","","","","false","","","","","","A004","","","","","","","","238.77000","MNTH","","","","3","","","","UFRO","EUR","","","","","false","1","","","","","","","","","","FALSE","","","","","","","","","QZTQ4GTC5QMF","NA/CDS Corp Idx","ITRAXX EUROPE"
"3479365435000000301","","NEWT","TRAD","2026-06-03T14:03:10Z","","CR","","I","TRUE","2026-06-03T14:03:10Z","2026-06-04","2031-06-20","","FALSE","BBSF","FALSE","FALSE","","15,000,000","","EUR","","","","","","","","","","","","","","","","","","","","","","","","","0.05","","","","","","0.0262132","","","","","","false","","","3","","","A004","","","","","","","","1694880.11000","MNTH","","","","3","","","","UFRO","EUR","","","","","false","1","","","","","","","","","","FALSE","","","","","","","","","QZ3HM9KVK2WL","NA/CDS Corp Idx","ITRAXX EUROPE CROSSOVER"
"3479365433000000101","","NEWT","TRAD","2026-06-03T14:02:54Z","","CR","","I","TRUE","2026-06-03T14:02:54Z","2026-06-04","2031-06-20","","FALSE","BBSF","FALSE","FALSE","","2,000,000","","USD","","","","","","","","","","","","","","","","","","","","","","","","","0.05","","","","","","0.01081496","","","","","","false","","","3","","","A004","","","","","","","","182262.08000","MNTH","","","","3","","","","UFRO","USD","","","","","false","0.99","","","","","","","","","","FALSE","","","","","","","","","QZHH8NT767RX","NA/CDS Corp Idx","CDX.NA.HY"
"3479212667000000301","","NEWT","TRAD","2026-06-03T13:51:33Z","","CR","","I","TRUE","2026-06-03T13:51:33Z","2026-06-04","2031-06-20","","FALSE","BBSF","FALSE","TRUE","","46,423,803+","","EUR","","","","","","","","","","","","","","","","","","","","","","","","","0.05","","","","","","0.026273","","","","","","false","","","3","","","A004","","","","","","","","5232450.89696","MNTH","","","","3","","","","UFRO","EUR","","","","","false","1","","","","","","","","","","FALSE","","","","","","","","","QZ3HM9KVK2WL","NA/CDS Corp Idx","ITRAXX EUROPE CROSSOVER"
"3479346059000000201","","NEWT","TRAD","2026-06-03T14:02:39Z","","CR","","I","TRUE","2026-06-03T14:02:39Z","2026-06-04","2031-06-20","","FALSE","BBSF","FALSE","FALSE","","100,000,000","","USD","","","","","","","","","","","","","","","","","","","","","","","","","0.01","","","","","","0.0050899","","","","","","false","","","3","","","A004","","","","","","","","2437681.44000","MNTH","","","","3","","","","UFRO","USD","","","","","false","1","","","","","","","","","","FALSE","","","","","","","","","QZ3WVVQG5T8K","NA/CDS Corp Idx","CDX.NA.IG"
"3479155931000000501","","NEWT","TRAD","2026-06-03T13:46:09Z","","CR","","I","TRUE","2026-06-03T13:46:09Z","2026-06-04","2031-06-20","","","TWSF","FALSE","TRUE","","61,000,000","","USD","","","","","","","","","","","","","","","","","","","","","","","","","0.05","","","","","","0.01081525","","","","","","false","","","3","","","A004","","","","","","","","5560744.75000","MNTH","","","","3","","","","UFRO","USD","","","","","false","0.99","","","","","","","","","","TRUE","","","","-1.2217","","3","","","QZHH8NT767RX","NA/CDS Corp Idx","CDX.NA.HY"
"3479160117000000401","","NEWT","TRAD","2026-06-03T13:46:51Z","","CR","","I","TRUE","2026-06-03T13:46:51Z","2026-06-04","2031-06-20","","FALSE","BBSF","FALSE","TRUE","","200,000,000","","USD","","","","","","","","","","","","","","","","","","","","","","","","","0.01","","","","","","0.0051","","","","","","false","","","3","","","A004","","","","","","","","4866020.02000","MNTH","","","","3","","","","UFRO","USD","","","","","false","1","","","","","","","","","","FALSE","","","","","","","","","QZ3WVVQG5T8K","NA/CDS Corp Idx","CDX.NA.IG"
"3479155930000000401","","NEWT","TRAD","2026-06-03T13:46:09Z","","CR","","I","TRUE","2026-06-03T13:46:09Z","2026-06-04","2028-12-20","","","TWSF","FALSE","TRUE","","110,000,000","","USD","","","","","","","","","","","","","","","","","","","","","","","","","0.05","","","","","","0.01069308","","","","","","false","","","3","","","A004","","","","","","","","8609333.55158","MNTH","","","","3","","","","UFRO","USD","","","","","false","0.98","","","","","","","","","","TRUE","","","","-1.2217","","3","","","QZVXV2C1JP0R","NA/CDS Corp Idx","CDX.NA.HY"
"3479309132000000401","","NEWT","TRAD","2026-06-03T13:58:45Z","","CR","","I","TRUE","2026-06-03T13:58:45Z","2026-06-04","2031-06-20","","FALSE","BBSF","FALSE","FALSE","","23,000,000","","EUR","","","","","","","","","","","","","","","","","","","","","","","","","0.05","","","","","","0.0261707","","","","","","false","","","3","","","A004","","","","","","","","2603428.89470","MNTH","","","","3","","","","UFRO","EUR","","","","","false","1","","","","","","","","","","TRUE","","","","0.003465","","3","","","QZ3HM9KVK2WL","NA/CDS Corp Idx","ITRAXX EUROPE CROSSOVER"
"3480412912000000101","","NEWT","TRAD","2026-06-03T15:43:36Z","","CR","","I","TRUE","2026-06-03T15:43:36Z","2026-06-04","2031-06-20","","","TWSF","FALSE","TRUE","","250,000,000+","","USD","","","","","","","","","","","","","","","","","","","","","","","","","0.01","","","","","","0.0050979","","","","","","false","","","3","","","A004","","","","","","","","6084953.16750","MNTH","","","","3","","","","UFRO","USD","","","","","false","1","","","","","","","","","","FALSE","","","","","","","","","QZ3WVVQG5T8K","NA/CDS Corp Idx","CDX.NA.IG"
"3467116678000000201","","NEWT","TRAD","2026-06-03T07:40:20Z","","CR","","I","TRUE","2026-06-03T07:40:20Z","2026-06-04","2030-12-20","","","TWSF","FALSE","FALSE","","93,000,000","","EUR","","","","","","","","","","","","","","","","","","","","","","","","","0.01","","","","","","0.0048425","","","","","","false","","","3","","","A004","","","","","","","","2243781.01096","MNTH","","","","3","","","","UFRO","EUR","","","","","false","1","","","","","","","","","","TRUE","","","","-0.16399","","3","","","QZFB31MBHLT9","NA/CDS Corp Idx","ITRAXX EUROPE"
"3466709467000000101","","NEWT","TRAD","2026-06-03T07:33:49Z","","CR","","I","TRUE","2026-06-03T07:33:49Z","2026-06-04","2031-06-20","","FALSE","BBSF","FALSE","TRUE","","46,423,803+","","EUR","","","","","","","","","","","","","","","","","","","","","","","","","0.05","","","","","","0.026134","","","","","","false","","","3","","","A004","","","","","","","","5262886.99131","MNTH","","","","3","","","","UFRO","EUR","","","","","false","1","","","","","","","","","","FALSE","","","","","","","","","QZ3HM9KVK2WL","NA/CDS Corp Idx","ITRAXX EUROPE CROSSOVER"
"3467351288000000101","","NEWT","TRAD","2026-06-03T07:46:06Z","","CR","","I","FALSE","2026-06-03T07:46:06Z","2026-06-04","2031-06-20","","","TWSF","FALSE","FALSE","","25,000,000","","EUR","","","","","","","","","","","","","","","","","","","","","","","","","0.05","","","","","","0.026088","","","","","","false","","","3","","","A004","","","","","","","","2839569.31000","MNTH","","","","3","","","","UFRO","EUR","","","","","false","1","","","","","","","","","","FALSE","","","","","","","","","QZ3HM9KVK2WL","NA/CDS Corp Idx","ITRAXX EUROPE CROSSOVER"
"3480742084000000201","","NEWT","TRAD","2026-06-03T16:02:23Z","","CR","","I","TRUE","2026-06-03T16:02:23Z","2026-06-04","2031-06-20","","FALSE","BBSF","FALSE","TRUE","","250,000,000+","","USD","","","","","","","","","","","","","","","","","","","","","","","","","0.01","","","","","","0.0050975","","","","","","false","","","3","","","A004","","","","","","","","6085415.68000","MNTH","","","","3","","","","UFRO","USD","","","","","false","1","","","","","","","","","","FALSE","","","","","","","","","QZ3WVVQG5T8K","NA/CDS Corp Idx","CDX.NA.IG"
"3481003419000000401","","NEWT","TRAD","2026-06-03T16:14:00Z","","CR","","I","FALSE","2026-06-03T16:14:00Z","2026-06-04","2031-06-20","","","TWSF","FALSE","FALSE","","18,000,000","","EUR","","","","","","","","","","","","","","","","","","","","","","","","","0.05","","","","","","0.02634","","","","","","false","","","3","","","A004","","","","","","","","2023097.03000","MNTH","","","","3","","","","UFRO","EUR","","","","","false","1","","","","","","","","","","FALSE","","","","","","","","","QZ3HM9KVK2WL","NA/CDS Corp Idx","ITRAXX EUROPE CROSSOVER"
"3480576069000000201","","NEWT","TRAD","2026-06-03T15:52:58Z","","CR","","N","FALSE","2026-06-03T15:52:58Z","2026-06-04","2026-06-20","2026-06-20","FALSE","BILT","FALSE","FALSE","TRUE","43,000,000","","USD","","","","","","","","","","","","","","","","","","","","","","","","","","","","","","","","","","","","","false","","","","","","A004","","","","","","","","329685.43446","MNTH","","","","3","","","","UFRO","USD","","","","","false","1","","","","","","","","","","FALSE","","","","","","","","","QZ5ND0SMQQL4","NA/Cr Sw Idx TRtn Corp Ph",""
"3480768632000000101","","NEWT","TRAD","2026-06-03T16:02:57Z","","CR","","I","TRUE","2026-06-03T16:02:57Z","2026-06-04","2031-06-20","","FALSE","BBSF","FALSE","FALSE","","16,000,000","","USD","","","","","","","","","","","","","","","","","","","","","","","","","0.01","","","","","","0.005101","","","","","","false","","","3","","","A004","","","","","","","","389207.60000","MNTH","","","","3","","","","UFRO","USD","","","","","false","1","","","","","","","","","","FALSE","","","","","","","","","QZ3WVVQG5T8K","NA/CDS Corp Idx","CDX.NA.IG"
"3481452975000000201","","NEWT","TRAD","2026-06-03T16:38:33Z","","CR","","I","TRUE","2026-06-03T16:38:33Z","2026-03-20","2031-06-20","","FALSE","TPSE","FALSE","FALSE","","50,000,000","","USD","","","","","","","","","","","","","","","","","","","","","","","","","0.01","","","","","","0.0051075","","","","","","false","","","3","","","A004","","","","","","","","","MNTH","","","","3","","","","","","USD","","","","false","1","","","","","","","OTHR","","","FALSE","","","","","","","","","QZ3WVVQG5T8K","NA/CDS Corp Idx","CDX.NA.IG"
"3481452974000000101","3481439698000000101","MODI","TRAD","2026-06-03T16:38:09Z","TRUE","CR","","I","TRUE","2026-06-03T16:37:33Z","2026-03-20","2031-06-20","","FALSE","TPSE","FALSE","FALSE","","10,000,000","","USD","","","","","","","","","","","","","","","","","","","","","","","","","0.05","","","","","","108.09","","USD","","","","false","","","1","","","A004","","","","","","","","","MNTH","","","","3","","","","","","USD","","","","false","0.99","","","","","","","OTHR","","","FALSE","","","","","","","","","QZHH8NT767RX","NA/CDS Corp Idx","CDX.NA.HY"
"3481528219000000301","","NEWT","TRAD","2026-06-03T16:45:14Z","","CR","","I","TRUE","2026-06-03T16:45:14Z","2026-06-04","2031-06-20","","FALSE","BBSF","FALSE","FALSE","","50,000,000","","USD","","","","","","","","","","","","","","","","","","","","","","","","","0.01","","","","","","0.005118","","","","","","false","","","3","","","A004","","","","","","","","1212342.82000","MNTH","","","","3","","","","UFRO","USD","","","","","false","1","","","","","","","","","","FALSE","","","","","","","","","QZ3WVVQG5T8K","NA/CDS Corp Idx","CDX.NA.IG"
"3481144285000000201","3481144285000000201","TERM","ETRM","2026-06-03T16:23:10Z","","CR","","N","FALSE","2023-09-01T18:26:32Z","2023-09-05","2026-06-05","","FALSE","BILT","FALSE","FALSE","TRUE","100,000,000","","USD","","","","","","","","","","","","","","","","","","","","","","","","","0.04125","","","","","","","","","","","","false","","","","","","A006","","","","","","","","10263550.00000","MNTH","","","","6","","","","UFRO","USD","","","","","false","","","","","","","","","","","FALSE","","","","","","","","","QZW46Z1H0F0Q","NA/CDS Corp SN","DTD 08/15/2023"
"3481548337000000101","3481451094000000201","MODI","TRAD","2026-06-03T16:35:42Z","TRUE","CR","","I","TRUE","2026-06-03T16:35:06Z","2026-03-20","2031-06-20","","","BILT","FALSE","FALSE","FALSE","50,000,000","","USD","","","","","","","","","","","","","","","","","","","","","","","","","0.01","","","","","","","","","","","","false","","","","","","A004","","","","","","","","1214771.00000","MNTH","","","","3","","","","UFRO","USD","","","","","false","1","","","","","","","","","","FALSE","","","","","","","","","QZ3WVVQG5T8K","NA/CDS Corp Idx","CDX.NA.IG"
"3478575651000000401","","NEWT","TRAD","2026-06-03T11:25:20Z","","CR","","N","FALSE","2026-06-03T11:25:20Z","2026-06-03","2026-06-20","","FALSE","BILT","FALSE","FALSE","TRUE","150,000,000","","EUR","","","","","","","","","","","","","","","","","","","","","","","","","","","","","","","0","","","","","","false","","","3","","","","","A020","","MNTH","","3","","671650.00000","","MNTH","","","","3","","","UFRO","EUR","EUR","","","","false","","","","","","","","","","","FALSE","","","","","","","","","QZ169SN5SHDD","NA/CDS Corp SN","iBoxx EUR CORPORATES OVERALLINDEX OVERALL (TOTAL RETURN)"
"3480225471000000201","","NEWT","TRAD","2026-06-03T15:26:02Z","","CR","","N","TRUE","2026-06-03T15:26:02Z","2026-03-20","2036-06-20","","FALSE","TWEM","FALSE","FALSE","TRUE","15,000,000","","USD","","","","","","","","","","","","","","","","","","","","","","","","","0.01","","","","","","","","","","","","false","","","","","","A004","","","","","","","","141932.11573","MNTH","","","","3","","","","UFRO","USD","","","","","false","1","","","","","","","","","","FALSE","","","","","","","","","QZ21S8101WKL","NA/CDS Corp Idx","CDX.NA.IG"
"3480308765000000101","","NEWT","TRAD","2026-06-03T15:34:36Z","","CR","","I","TRUE","2026-06-03T15:34:36Z","2025-09-22","2030-12-20","","FALSE","BGCD","FALSE","FALSE","","43,000,000","","EUR","","","","","","","","","","","","","","","","","","","","","","","","","","","","","","","0.022765","","","","","","false","","","3","","","A004","","","","","","","","","MNTH","","","","3","","","","","","","","","","false","1","","","","","","","","","","TRUE","","","","0.00346","","3","","","QZ5F5FRS4TR9","NA/CDS Corp Idx","ITRAXX EUROPE CROSSOVER"
"3470101254000000101","","NEWT","TRAD","2026-06-03T08:34:59Z","","CR","","I","TRUE","2026-06-03T08:34:59Z","2026-06-04","2031-06-20","","FALSE","BBSF","FALSE","FALSE","","10,000,000","","EUR","","","","","","","","","","","","","","","","","","","","","","","","","0.05","","","","","","0.02608","","","","","","false","","","3","","","A004","","","","","","","","1136205.41000","MNTH","","","","3","","","","UFRO","EUR","","","","","false","1","","","","","","","","","","FALSE","","","","","","","","","QZ3HM9KVK2WL","NA/CDS Corp Idx","ITRAXX EUROPE CROSSOVER"
"3480595494000000201","","NEWT","TRAD","2026-06-03T15:55:51Z","","CR","","I","TRUE","2026-06-03T15:55:51Z","2026-06-04","2031-06-20","","FALSE","BBSF","FALSE","FALSE","","50,000,000","","EUR","","","","","","","","","","","","","","","","","","","","","","","","","0.01","","","","","","0.005389","","","","","","false","","","3","","","A004","","","","","","","","1186067.05000","MNTH","","","","3","","","","UFRO","EUR","","","","","false","1","","","","","","","","","","FALSE","","","","","","","","","QZTQ4GTC5QMF","NA/CDS Corp Idx","ITRAXX EUROPE"
"3480286753000000101","","NEWT","TRAD","2026-06-03T15:31:34Z","","CR","","I","TRUE","2026-06-03T15:31:34Z","2026-06-04","2031-06-20","","FALSE","BBSF","FALSE","TRUE","","200,000,000","","USD","","","","","","","","","","","","","","","","","","","","","","","","","0.01","","","","","","0.0050886","","","","","","false","","","3","","","A004","","","","","","","","4876565.49000","MNTH","","","","3","","","","UFRO","USD","","","","","false","1","","","","","","","","","","FALSE","","","","","","","","","QZ3WVVQG5T8K","NA/CDS Corp Idx","CDX.NA.IG"
"3480633461000000101","","NEWT","TRAD","2026-06-03T15:57:49Z","","CR","","I","TRUE","2026-06-03T15:57:49Z","2026-03-20","2031-06-20","","FALSE","TPSE","FALSE","FALSE","","25,000,000","","USD","","","","","","","","","","","","","","","","","","","","","","","","","0.05","","","","","","108.105","","USD","","","","false","","","1","","","A004","","","","","","","","","MNTH","","","","3","","","","","","USD","","","","false","0.99","","","","","","","OTHR","","","FALSE","","","","","","","","","QZHH8NT767RX","NA/CDS Corp Idx","CDX.NA.HY"
"3480138667000000101","","NEWT","TRAD","2026-06-03T15:17:15Z","","CR","","I","TRUE","2026-06-03T15:17:15Z","2026-06-04","2031-06-20","","FALSE","BBSF","FALSE","FALSE","","25,000,000","","EUR","","","","","","","","","","","","","","","","","","","","","","","","","0.05","","","","","","0.02623","","","","","","false","","","3","","","A004","","","","","","","","2822819.48000","MNTH","","","","3","","","","UFRO","EUR","","","","","false","1","","","","","","","","","","FALSE","","","","","","","","","QZ3HM9KVK2WL","NA/CDS Corp Idx","ITRAXX EUROPE CROSSOVER"
"3480664688000000301","3480656140000000401","MODI","TRAD","2026-06-03T15:59:41Z","TRUE","CR","","I","TRUE","2026-06-03T15:59:07Z","2026-03-20","2031-06-20","","FALSE","TPSE","FALSE","FALSE","","250,000,000+","","USD","","","","","","","","","","","","","","","","","","","","","","","","","0.01","","","","","","0.0051025","","","","","","false","","","3","","","A004","","","","","","","","","MNTH","","","","3","","","","","","USD","","","","false","1","","","","","","","OTHR","","","FALSE","","","","","","","","","QZ3WVVQG5T8K","NA/CDS Corp Idx","CDX.NA.IG"
"3480353802000000801","","NEWT","TRAD","2026-06-03T15:38:48Z","","CR","","I","TRUE","2026-06-03T15:38:48Z","2026-06-04","2031-06-20","","FALSE","BBSF","FALSE","FALSE","","7,000,000","","EUR","","","","","","","","","","","","","","","","","","","","","","","","","0.01","","","","","","0.00536","","","","","","false","","","3","","","A004","","","","","","","","167018.99000","MNTH","","","","3","","","","UFRO","EUR","","","","","false","1","","","","","","","","","","FALSE","","","","","","","","","QZTQ4GTC5QMF","NA/CDS Corp Idx","ITRAXX EUROPE"
"3480671115000000401","3480664689000000401","MODI","TRAD","2026-06-03T16:00:25Z","TRUE","CR","","I","TRUE","2026-06-03T15:59:48Z","2026-03-20","2031-06-20","","FALSE","TPSE","FALSE","FALSE","","130,000,000","","USD","","","","","","","","","","","","","","","","","","","","","","","","","0.01","","","","","","0.0051025","","","","","","false","","","3","","","A004","","","","","","","","","MNTH","","","","3","","","","","","USD","","","","false","1","","","","","","","OTHR","","","FALSE","","","","","","","","","QZ3WVVQG5T8K","NA/CDS Corp Idx","CDX.NA.IG"
"3480172668000000301","3480172666000000101","MODI","TRAD","2026-06-03T15:20:51Z","TRUE","CR","","I","TRUE","2026-06-03T15:20:29Z","2026-03-20","2031-06-20","","FALSE","TPSE","FALSE","FALSE","","20,000,000","","USD","","","","","","","","","","","","","","","","","","","","","","","","","0.05","","","","","","108.145","","USD","","","","false","","","1","","","A004","","","","","","","","","MNTH","","","","3","","","","","","USD","","","","false","0.99","","","","","","","OTHR","","","FALSE","","","","","","","","","QZHH8NT767RX","NA/CDS Corp Idx","CDX.NA.HY"
"3476953243000000201","","NEWT","TRAD","2026-06-03T10:56:24Z","","CR","","I","TRUE","2026-06-03T10:56:24Z","2026-06-04","2030-06-20","","FALSE","BBSF","FALSE","TRUE","","46,423,803+","","EUR","","","","","","","","","","","","","","","","","","","","","","","","","0.05","","","","","","0.0195","","","","","","false","","","3","","","A004","","","","","","","","5505920.73055","MNTH","","","","3","","","","UFRO","EUR","","","","","false","0.97332","","","","","","","","","","TRUE","","","","0.0067","","3","","","QZ4NJT4ZGXSR","NA/CDS Corp Idx","ITRAXX EUROPE CROSSOVER"
"3479033604000000301","","NEWT","TRAD","2026-06-03T13:33:24Z","","CR","","I","TRUE","2026-06-03T13:33:24Z","2026-06-04","2031-06-20","","FALSE","BBSF","FALSE","FALSE","","100,000,000","","USD","","","","","","","","","","","","","","","","","","","","","","","","","0.01","","","","","","0.005078","","","","","","false","","","3","","","A004","","","","","","","","2443185.90000","MNTH","","","","3","","","","UFRO","USD","","","","","false","1","","","","","","","","","","FALSE","","","","","","","","","QZ3WVVQG5T8K","NA/CDS Corp Idx","CDX.NA.IG"
"3479076908000000101","","NEWT","TRAD","2026-06-03T13:37:01Z","","CR","","I","TRUE","2026-06-03T13:37:01Z","2026-06-04","2031-06-20","","FALSE","BBSF","FALSE","FALSE","","21,000,000","","USD","","","","","","","","","","","","","","","","","","","","","","","","","0.01","","","","","","0.00509285","","","","","","false","","","3","","","A004","","","","","","","","511626.56000","MNTH","","","","3","","","","UFRO","USD","","","","","false","1","","","","","","","","","","FALSE","","","","","","","","","QZ3WVVQG5T8K","NA/CDS Corp Idx","CDX.NA.IG"
"3479076909000000201","","NEWT","TRAD","2026-06-03T13:37:04Z","","CR","","I","TRUE","2026-06-03T13:37:04Z","2026-03-20","2031-06-20","","FALSE","TPSE","FALSE","FALSE","","50,000,000","","EUR","","","","","","","","","","","","","","","","","","","","","","","","","0.01","","","","","","0.00535","","","","","","false","","","3","","","A004","","","","","","","","","MNTH","","","","3","","","","","","EUR","","","","false","1","","","","","","","OTHR","","","FALSE","","","","","","","","","QZTQ4GTC5QMF","NA/CDS Corp Idx","ITRAXX EUROPE"
"3479063268000000201","","NEWT","TRAD","2026-06-03T13:35:49Z","","CR","","I","TRUE","2026-06-03T13:35:49Z","2026-06-04","2031-06-20","","FALSE","BBSF","FALSE","FALSE","","100,000,000","","EUR","","","","","","","","","","","","","","","","","","","","","","","","","0.01","","","","","","0.00534675","","","","","","false","","","3","","","A004","","","","","","","","2392315.43000","MNTH","","","","3","","","","UFRO","EUR","","","","","false","1","","","","","","","","","","FALSE","","","","","","","","","QZTQ4GTC5QMF","NA/CDS Corp Idx","ITRAXX EUROPE"
"3478943953000000201","","NEWT","TRAD","2026-06-02T15:49:52Z","","CR","","N","FALSE","2026-06-02T15:49:52Z","2026-06-02","2030-12-20","","FALSE","BILT","FALSE","FALSE","FALSE","15,000,000","","EUR","","","","","","","","","","","","","","","","","","","","","","","","","0.05","","","","","","","","","","","","false","","","","","","A004","","","","","","","","2163000.00000","MNTH","","","","3","","","","UFRO","EUR","","","","","false","1","","","","","","","","","","FALSE","","","","","","","","","QZB5DPT9MS3H","NA/CDS Corp Idx Tra","ITRAXX EUROPE CROSSOVER"
"3478958263000000201","3478929923000000101","TERM","ETRM","2026-06-03T13:27:41Z","","CR","","N","","2026-06-03T13:24:35Z","2026-06-03","2072-12-16","","FALSE","BILT","FALSE","","FALSE","5,000,000","","USD","","","","","","","","","","","","","","","","","","","","","","","","","0.05","","","","","","","","","","","","false","","","","","","","","","","","","","","1671875.00000","","","","","","","","","UFRO","USD","USD","","","","false","1","","","","","","","","","","FALSE","","","","","","","","","QZT81MX5QS1X","NA/CDS Corp Idx","CMBX.NA.BB"
"3474159084000000201","","NEWT","TRAD","2026-06-03T09:50:38Z","","CR","","I","TRUE","2026-06-03T09:50:38Z","2026-06-04","2031-06-20","","FALSE","BBSF","FALSE","TRUE","","46,423,803+","","EUR","","","","","","","","","","","","","","","","","","","","","","","","","0.05","","","","","","0.026045","","","","","","false","","","3","","","A004","","","","","","","","5282392.15561","MNTH","","","","3","","","","UFRO","EUR","","","","","false","1","","","","","","","","","","TRUE","","","","0.00351","","3","","","QZ3HM9KVK2WL","NA/CDS Corp Idx","ITRAXX EUROPE CROSSOVER"
"3474751213000000201","","NEWT","TRAD","2026-06-03T10:08:01Z","","CR","","I","TRUE","2026-06-03T10:08:01Z","2026-06-04","2031-06-20","","FALSE","BBSF","FALSE","FALSE","","10,000,000","","EUR","","","","","","","","","","","","","","","","","","","","","","","","","0.05","","","","","","0.026032","","","","","","false","","","3","","","A004","","","","","","","","1138471.99000","MNTH","","","","3","","","","UFRO","EUR","","","","","false","1","","","","","","","","","","FALSE","","","","","","","","","QZ3HM9KVK2WL","NA/CDS Corp Idx","ITRAXX EUROPE CROSSOVER"
"3479987984000000101","","NEWT","TRAD","2026-06-03T15:01:35Z","","CR","","I","FALSE","2026-06-03T15:01:35Z","2026-06-04","2031-06-20","","","TWSF","FALSE","FALSE","","23,000,000","","USD","","","","","","","","","","","","","","","","","","","","","","","","","0.01","","","","","","0.005083","","","","","","false","","","3","","","A004","","","","","","","","561403.09228","MNTH","","","","3","","","","UFRO","USD","","","","","false","1","","","","","","","","","","FALSE","","","","","","","","","QZ3WVVQG5T8K","NA/CDS Corp Idx","CDX.NA.IG"
"3485093710000000101","","NEWT","TRAD","2026-06-03T20:56:41Z","","CR","","N","FALSE","2026-06-03T20:50:38Z","2026-06-03","2026-07-15","2031-06-20","TRUE","BILT","FALSE","FALSE","TRUE","400,000,000+","","USD","","","","","","","","","","","","","","","","","","","","","","","","2026-07-15","0.01","","100,000","USD","","","","","","","0.0065","","false","","","","","3","A004","","","","","","","","","MNTH","","","","3","","","","","","","","","","false","1","","","","","","","","","","FALSE","","","","","","","","","QZDRFGQM4073","NA/CDS Idx Swt","NA/CDS Corp Idx"
"3485311513000000301","","NEWT","TRAD","2026-06-03T21:08:29Z","","CR","","N","FALSE","2026-06-03T21:08:29Z","2026-06-04","2056-12-15","","FALSE","BILT","FALSE","FALSE","TRUE","50,000,000+","","USD","","","","","","","","","","","","","","","","","","","","","","","","","0.03","","","","","","","","","","","","false","","","","","","A004","","","","","","","","7525000.00000","MNTH","","","","1","","","","UFRO","USD","USD","","","","false","1","","","","","","","","","","FALSE","","","","","","","","","QZ51QNNKSSZL","NA/CDS Corp Idx","CMBX.NA.BBB-"
"3485275937000000101","","NEWT","TRAD","2026-06-03T21:09:23Z","","CR","","N","FALSE","2026-06-03T21:09:23Z","2026-06-05","2026-09-01","","FALSE","BILT","FALSE","FALSE","TRUE","66,000,000","","BRL","","","","","","","","","","","","","","","","","","","","","","","","","0","","","","","","","","","","","","false","","","","","","A018","","","","","","","","0.00000;251264592.97980","EXPI","","","","1","","","","PEXH;PEXH","USD;USD","USD","","","","false","","","","","","","","","","","FALSE","","","","","","","","","QZJM7VHT6XD1","NA/CDS Corp SN","TREASURY FINANCIAL BILLS"
"3479120557000000401","","NEWT","TRAD","2026-06-03T13:41:57Z","","CR","","I","TRUE","2026-06-03T13:41:57Z","2026-06-04","2031-06-20","","","TWSF","FALSE","FALSE","","5,000,000","","USD","","","","","","","","","","","","","","","","","","","","","","","","","0.01","","","","","","0.00509903","","","","","","false","","","3","","","A004","","","","","","","","121672.50046","MNTH","","","","3","","","","UFRO","USD","","","","","false","1","","","","","","","","","","FALSE","","","","","","","","","QZ3WVVQG5T8K","NA/CDS Corp Idx","CDX.NA.IG"
"3476946068000000101","","NEWT","TRAD","2026-06-03T10:55:35Z","","CR","","I","TRUE","2026-06-03T10:55:35Z","2026-03-20","2031-06-20","","FALSE","BGCD","FALSE","FALSE","","100,000,000","","EUR","","","","","","","","","","","","","","","","","","","","","","","","","","","","","","","0.0053375","","","","","","false","","","3","","","A004","","","","","","","","","MNTH","","","","3","","","","","","","","","","false","1","","","","","","","","","","TRUE","","","","-0.0005375","","3","","","QZTQ4GTC5QMF","NA/CDS Corp Idx","ITRAXX EUROPE"
"3479388753000000101","3479288632000000101","MODI","TRAD","2026-06-03T13:55:12Z","TRUE","CR","","I","TRUE","2026-06-03T13:53:54Z","2026-03-20","2031-06-20","","","BILT","FALSE","FALSE","","10,000,000","","EUR","","","","","","","","","","","","","","","","","","","","","","","","","0.05","","","","","","","","","","","","false","","","","","","A004","","","","","","","","1129363.58000","MNTH","","","","3","","","","UFRO","EUR","","","","","false","1","","","","","","","","","","FALSE","","","","","","","","","QZ3HM9KVK2WL","NA/CDS Corp Idx","ITRAXX EUROPE CROSSOVER"
"3479144338000000301","","NEWT","NOVA","2026-06-03T13:44:48Z","","CR","","N","FALSE","2026-06-02T15:54:52Z","2026-03-20","2029-06-20","","FALSE","BILT","FALSE","FALSE","TRUE","1,000,000","","EUR","","","","","","","","","","","","","","","","","","","","","","","","","0.01","","","","","","","","","","","","false","","","","","","A004","","","","","","","","23071.42000","MNTH","","","","3","","","","UFRO","EUR","","","","","false","1","","","","","","","","","","FALSE","","","","","","","","","QZZJPQHTHRC0","NA/CDS Corp Idx","ITRAXX EUROPE"
"3476866777000000101","","NEWT","TRAD","2026-06-03T10:50:09Z","","CR","","I","TRUE","2026-06-03T10:50:09Z","2026-06-04","2031-06-20","","FALSE","BBSF","FALSE","FALSE","","36,000,000","","EUR","","","","","","","","","","","","","","","","","","","","","","","","","0.01","","","","","","0.0053416","","","","","","false","","","3","","","A004","","","","","","","","862119.32000","MNTH","","","","3","","","","UFRO","EUR","","","","","false","1","","","","","","","","","","FALSE","","","","","","","","","QZTQ4GTC5QMF","NA/CDS Corp Idx","ITRAXX EUROPE"
"3480391835000000101","3479648271000000101","MODI","TRAD","2026-06-03T15:41:58Z","TRUE","CR","","I","TRUE","2026-06-03T14:21:46Z","2026-03-20","2031-06-20","","","BILT","FALSE","FALSE","FALSE","30,000,000","","USD","","","","","","","","","","","","","","","","","","","","","","","","","0.05","","","","","","","","","","","","false","","","","","","A004","","","","","","","","2729595.00000","MNTH","","","","3","","","","UFRO","USD","","","","","false","0.99","","","","","","","","","","FALSE","","","","","","","","","QZHH8NT767RX","NA/CDS Corp Idx","CDX.NA.HY"
"3472060140000000301","","NEWT","TRAD","2026-06-03T09:09:13Z","","CR","","I","TRUE","2026-06-03T09:09:13Z","2026-06-04","2031-06-20","","","TWSF","FALSE","FALSE","","22,000,000","","EUR","","","","","","","","","","","","","","","","","","","","","","","","","0.01","","","","","","0.00533","","","","","","false","","","3","","","A004","","","","","","","","528070.02000","MNTH","","","","3","","","","UFRO","EUR","","","","","false","1","","","","","","","","","","FALSE","","","","","","","","","QZTQ4GTC5QMF","NA/CDS Corp Idx","ITRAXX EUROPE"
"3480493370000000301","","NEWT","TRAD","2026-06-03T15:49:27Z","","CR","","I","TRUE","2026-06-03T15:49:27Z","2026-06-04","2031-06-20","","FALSE","BBSF","FALSE","FALSE","","10,000,000","","EUR","","","","","","","","","","","","","","","","","","","","","","","","","0.05","","","","","","0.0263025","","","","","","false","","","3","","","A004","","","","","","","","1125709.91000","MNTH","","","","3","","","","UFRO","EUR","","","","","false","1","","","","","","","","","","FALSE","","","","","","","","","QZ3HM9KVK2WL","NA/CDS Corp Idx","ITRAXX EUROPE CROSSOVER"
"3480314634000000201","","NEWT","TRAD","2026-06-03T15:35:32Z","","CR","","I","TRUE","2026-06-03T15:35:32Z","2026-06-04","2031-06-20","","FALSE","BBSF","FALSE","TRUE","","46,423,803+","","EUR","","","","","","","","","","","","","","","","","","","","","","","","","0.05","","","","","","0.0262","","","","","","false","","","3","","","A004","","","","","","","","5248431.21693","MNTH","","","","3","","","","UFRO","EUR","","","","","false","1","","","","","","","","","","TRUE","","","","0.003458","","3","","","QZ3HM9KVK2WL","NA/CDS Corp Idx","ITRAXX EUROPE CROSSOVER"
"3479853143000000201","","NEWT","TRAD","2026-06-03T14:43:40Z","","CR","","N","TRUE","2026-06-03T14:43:40Z","2026-06-03","2031-06-20","","FALSE","BILT","FALSE","FALSE","FALSE","700,000","","EUR","","","","","","","","","","","","","","","","","","","","","","","","","0.01","","","","","","","","","","","","false","","","","","","A004","","","","","","","","16718.62000","MNTH","","","","3","","","","UFRO","EUR","","","","","false","1","","","","","","","","","","FALSE","","","","","","","","","QZTQ4GTC5QMF","NA/CDS Corp Idx","ITRAXX EUROPE"
"3479906307000000501","","NEWT","TRAD","2026-06-03T14:51:15Z","","CR","","I","TRUE","2026-06-03T14:51:15Z","2026-06-04","2031-06-20","","FALSE","BBSF","FALSE","FALSE","","25,000,000","","USD","","","","","","","","","","","","","","","","","","","","","","","","","0.01","","","","","","0.0050809","","","","","","false","","","3","","","A004","","","","","","","","610461.11000","MNTH","","","","3","","","","UFRO","USD","","","","","false","1","","","","","","","","","","FALSE","","","","","","","","","QZ3WVVQG5T8K","NA/CDS Corp Idx","CDX.NA.IG"
"3479798565000000601","","NEWT","TRAD","2026-06-03T14:38:47Z","","CR","","I","TRUE","2026-06-03T14:38:47Z","2026-06-04","2029-12-20","","FALSE","BBSF","FALSE","TRUE","","50,000,000","","EUR","","","","","","","","","","","","","","","","","","","","","","","","","0.05","","","","","","0.01975","","","","","","false","","","3","","","A004","","","","","","","","5214785.28000","MNTH","","","","3","","","","UFRO","EUR","","","","","false","0.95999","","","","","","","","","","TRUE","","","","0.00375","","3","","","QZC9WN4TPTDV","NA/CDS Corp Idx","ITRAXX EUROPE CROSSOVER"
"3479740804000000301","","NEWT","TRAD","2026-06-03T11:21:23Z","","CR","","N","FALSE","2026-06-03T11:21:23Z","2026-03-20","2026-07-15","2031-06-20","FALSE","BILT","FALSE","FALSE","TRUE","100,000,000","","EUR","","","","","","","","","","","","","","","","","","","","","","","","2026-07-15","0.05","","287,500","EUR","","","","","","","0.03","","false","","","","","3","A004","","","","","","","","","MNTH","","","","3","","","","","","","","","","false","1","","","","","","","","","","FALSE","","","","","","","","","QZTL0V3X916X","NA/CDS Idx Swt","NA/CDS Corp Idx"
"3477900452000000101","","NEWT","TRAD","2026-06-03T12:18:12Z","","CR","","I","TRUE","2026-06-03T12:18:12Z","2026-06-04","2031-06-20","","","TWSF","FALSE","FALSE","","25,000,000","","USD","","","","","","","","","","","","","","","","","","","","","","","","","0.05","","","","","","0.0108187","","","","","","false","","","3","","","A004","","","","","","","","2287532.50000","MNTH","","","","3","","","","UFRO","USD","","","","","false","0.99","","","","","","","","","","FALSE","","","","","","","","","QZHH8NT767RX","NA/CDS Corp Idx","CDX.NA.HY"
"3478305434000000601","","NEWT","TRAD","2026-06-03T12:39:06Z","","CR","","N","FALSE","2026-06-03T12:39:06Z","2026-03-20","2026-08-19","2031-06-20","FALSE","BILT","FALSE","FALSE","TRUE","400,000,000+","","USD","","","","","","","","","","","","","","","","","","","","","","","","2026-08-19","0.01","","656,000","USD","","","","","","","0.00525","","false","","","","","3","A004","","","","","","","","","MNTH","","","","3","","","","","","","","","","false","1","","","","","","","","","","FALSE","","","","","","","","","QZ7WW76RFHN3","NA/CDS Idx Swt","NA/CDS Corp Idx"
"3478602072000000201","","NEWT","TRAD","2026-06-03T13:02:34Z","","CR","","I","TRUE","2026-06-03T13:02:34Z","2026-06-04","2031-06-20","","","TWSF","FALSE","FALSE","","2,000,000","","USD","","","","","","","","","","","","","","","","","","","","","","","","","0.05","","","","","","0.01081684","","","","","","false","","","3","","","A004","","","","","","","","182634.46556","MNTH","","","","3","","","","UFRO","USD","","","","","false","0.99","","","","","","","","","","FALSE","","","","","","","","","QZHH8NT767RX","NA/CDS Corp Idx","CDX.NA.HY"
"3470853625000000101","","NEWT","TRAD","2026-06-03T08:47:22Z","","CR","","I","FALSE","2026-06-03T08:47:22Z","2026-06-04","2031-06-20","","","TWSF","FALSE","FALSE","","5,000,000","","EUR","","","","","","","","","","","","","","","","","","","","","","","","","0.05","","","","","","0.02611565","","","","","","false","","","3","","","A004","","","","","","","","567263.08698","MNTH","","","","3","","","","UFRO","EUR","","","","","false","1","","","","","","","","","","FALSE","","","","","","","","","QZ3HM9KVK2WL","NA/CDS Corp Idx","ITRAXX EUROPE CROSSOVER"
"3478025104000000101","","NEWT","TRAD","2026-06-03T12:23:39Z","","CR","","N","FALSE","2026-06-03T12:23:39Z","2026-03-20","2026-09-16","2031-06-20","FALSE","BILT","FALSE","FALSE","TRUE","400,000,000+","","USD","","","","","","","","","","","","","","","","","","","","","","","","2026-09-16","0.01","","320,000","USD","","","","","","","0.007","","false","","","","","3","A004","","","","","","","","","MNTH","","","","3","","","","","","","","","","false","1","","","","","","","","","","FALSE","","","","","","","","","QZ7WW76RFHN3","NA/CDS Idx Swt","NA/CDS Corp Idx"
"3478305434000000201","","NEWT","TRAD","2026-06-03T12:38:29Z","","CR","","N","FALSE","2026-06-03T12:38:29Z","2026-03-20","2026-07-15","2031-06-20","FALSE","BILT","FALSE","FALSE","TRUE","400,000,000+","","USD","","","","","","","","","","","","","","","","","","","","","","","","2026-07-15","0.01","","24,000","USD","","","","","","","0.009","","false","","","","","3","A004","","","","","","","","","MNTH","","","","3","","","","","","","","","","false","1","","","","","","","","","","FALSE","","","","","","","","","QZ7WW76RFHN3","NA/CDS Idx Swt","NA/CDS Corp Idx"
"3478645319000000101","","NEWT","TRAD","2026-06-03T13:04:54Z","","CR","","I","TRUE","2026-06-03T13:04:54Z","2026-06-04","2031-06-20","","FALSE","BBSF","FALSE","FALSE","","60,000,000","","EUR","","","","","","","","","","","","","","","","","","","","","","","","","0.01","","","","","","0.005334","","","","","","false","","","3","","","A004","","","","","","","","1439044.22000","MNTH","","","","3","","","","UFRO","EUR","","","","","false","1","","","","","","","","","","FALSE","","","","","","","","","QZTQ4GTC5QMF","NA/CDS Corp Idx","ITRAXX EUROPE"
"3478530159000000101","","NEWT","TRAD","2026-06-03T11:03:22Z","","CR","","N","FALSE","2026-06-03T11:03:22Z","2026-09-16","2026-09-16","","FALSE","BILT","FALSE","FALSE","TRUE","200,000,000","","EUR","","","","","","","","","","","","","","","","","","","","","","","","2026-09-16","","","356,000","EUR","","","","","","","0.01","","false","","","","","3","A004","","","","","","","","0.00000","MNTH","","","","3","","","","UFRO","EUR","","","","","false","","","","","","","","","","","FALSE","","","","","","","","","QZS1WNR5R2ND","NA/CDS Idx Swt","NA/CDS Corp Idx"
"3478415981000000201","","NEWT","TRAD","2026-06-03T12:48:37Z","","CR","","I","TRUE","2026-06-03T12:48:37Z","2026-06-04","2028-12-20","","FALSE","BBSF","FALSE","TRUE","","140,000,000","","EUR","","","","","","","","","","","","","","","","","","","","","","","","","0.05","","","","","","0.015975","","","","","","false","","","3","","","A004","","","","","","","","12291545.21294","MNTH","","","","3","","","","UFRO","EUR","","","","","false","0.94665","","","","","","","","","","TRUE","","","","0.003825","","3","","","QZ2Q1GQSPKPM","NA/CDS Corp Idx","ITRAXX EUROPE CROSSOVER"
"3478778029000000201","","NEWT","TRAD","2026-06-03T13:13:30Z","","CR","","I","TRUE","2026-06-03T13:13:30Z","2026-03-20","2031-06-20","","FALSE","BGCD","FALSE","FALSE","","25,000,000","","EUR","","","","","","","","","","","","","","","","","","","","","","","","","","","","","","","0.0053375","","","","","","false","","","3","","","A004","","","","","","","","","MNTH","","","","3","","","","","","","","","","false","1","","","","","","","","","","FALSE","","","","","","","","","QZTQ4GTC5QMF","NA/CDS Corp Idx","ITRAXX EUROPE"
"3478766777000000101","","NEWT","TRAD","2026-06-03T13:12:09Z","","CR","","I","TRUE","2026-06-03T13:12:09Z","2026-06-04","2031-06-20","","FALSE","BBSF","FALSE","FALSE","","10,000,000","","EUR","","","","","","","","","","","","","","","","","","","","","","","","","0.05","","","","","","0.0260813","","","","","","false","","","3","","","A004","","","","","","","","1136144.03000","MNTH","","","","3","","","","UFRO","EUR","","","","","false","1","","","","","","","","","","FALSE","","","","","","","","","QZ3HM9KVK2WL","NA/CDS Corp Idx","ITRAXX EUROPE CROSSOVER"
"3478752718000000201","","NEWT","TRAD","2026-06-03T13:11:16Z","","CR","","I","TRUE","2026-06-03T13:11:16Z","2026-06-04","2031-06-20","","FALSE","BBSF","FALSE","FALSE","","5,000,000","","EUR","","","","","","","","","","","","","","","","","","","","","","","","","0.05","","","","","","0.0261162","","","","","","false","","","3","","","A004","","","","","","","","567248.29000","MNTH","","","","3","","","","UFRO","EUR","","","","","false","1","","","","","","","","","","FALSE","","","","","","","","","QZ3HM9KVK2WL","NA/CDS Corp Idx","ITRAXX EUROPE CROSSOVER"
"3478884942000000101","","NEWT","TRAD","2026-06-03T13:20:45Z","","CR","","I","TRUE","2026-06-03T13:20:45Z","2026-06-04","2031-06-20","","FALSE","BBSF","FALSE","FALSE","","40,000,000","","EUR","","","","","","","","","","","","","","","","","","","","","","","","","0.01","","","","","","0.00534","","","","","","false","","","3","","","A004","","","","","","","","958216.13000","MNTH","","","","3","","","","UFRO","EUR","","","","","false","1","","","","","","","","","","FALSE","","","","","","","","","QZTQ4GTC5QMF","NA/CDS Corp Idx","ITRAXX EUROPE"
"3481533238000000101","","NEWT","TRAD","2026-06-03T16:46:04Z","","CR","","I","TRUE","2026-06-03T16:46:04Z","2026-06-04","2031-06-20","","FALSE","BBSF","FALSE","TRUE","","250,000,000+","","USD","","","","","","","","","","","","","","","","","","","","","","","","","0.01","","","","","","0.005118","","","","","","false","","","3","","","A004","","","","","","","","6061714.08000","MNTH","","","","3","","","","UFRO","USD","","","","","false","1","","","","","","","","","","FALSE","","","","","","","","","QZ3WVVQG5T8K","NA/CDS Corp Idx","CDX.NA.IG"
"3477874323000000101","","NEWT","TRAD","2026-06-03T12:15:30Z","","CR","","I","TRUE","2026-06-03T12:15:30Z","2026-06-04","2031-06-20","","FALSE","BBSF","FALSE","FALSE","","21,000,000","","USD","","","","","","","","","","","","","","","","","","","","","","","","","0.01","","","","","","0.00507555","","","","","","false","","","3","","","A004","","","","","","","","513307.04000","MNTH","","","","3","","","","UFRO","USD","","","","","false","1","","","","","","","","","","FALSE","","","","","","","","","QZ3WVVQG5T8K","NA/CDS Corp Idx","CDX.NA.IG"
"3477742356000000401","","NEWT","TRAD","2026-06-03T12:05:01Z","","CR","","I","TRUE","2026-06-03T12:05:01Z","2026-06-04","2031-06-20","","FALSE","BBSF","FALSE","FALSE","","50,000,000","","EUR","","","","","","","","","","","","","","","","","","","","","","","","","0.01","","","","","","0.0053255","","","","","","false","","","3","","","A004","","","","","","","","1201234.23000","MNTH","","","","3","","","","UFRO","EUR","","","","","false","1","","","","","","","","","","FALSE","","","","","","","","","QZTQ4GTC5QMF","NA/CDS Corp Idx","ITRAXX EUROPE"
"3477685854000000201","","NEWT","TRAD","2026-06-03T12:01:05Z","","CR","","I","TRUE","2026-06-03T12:01:05Z","2026-06-04","2031-06-20","","FALSE","BBSF","FALSE","FALSE","","40,000,000","","USD","","","","","","","","","","","","","","","","","","","","","","","","","0.05","","","","","","0.01082075","","","","","","false","","","3","","","A004","","","","","","","","3668170.00000","MNTH","","","","3","","","","UFRO","USD","","","","","false","0.99","","","","","","","","","","FALSE","","","","","","","","","QZHH8NT767RX","NA/CDS Corp Idx","CDX.NA.HY"
"3468713814000000101","3468682095000000101","TERM","CLRG","2026-06-03T08:13:38Z","","CR","","I","TRUE","2026-06-03T08:13:38Z","2026-06-04","2031-06-20","","","BTFE","FALSE","FALSE","FALSE","10,000,000","","EUR","","","","","","","","","","","","","","","","","","","","","","","","","","","","","","","","","","","","","false","","","","","","A004","","","","","","","","1138778.99000","MNTH","","","","3","","","","UFRO","EUR","","","","","false","1","","","","","","","","","","FALSE","","","","","","","","","QZ3HM9KVK2WL","NA/CDS Corp Idx","ITRAXX EUROPE CROSSOVER"
"3467564198000000201","","NEWT","TRAD","2026-06-03T07:49:56Z","","CR","","I","TRUE","2026-06-03T07:49:56Z","2026-06-04","2031-06-20","","","TWSF","FALSE","FALSE","","25,000,000","","EUR","","","","","","","","","","","","","","","","","","","","","","","","","0.05","","","","","","0.02608","","","","","","false","","","3","","","A004","","","","","","","","2840513.51000","MNTH","","","","3","","","","UFRO","EUR","","","","","false","1","","","","","","","","","","FALSE","","","","","","","","","QZ3HM9KVK2WL","NA/CDS Corp Idx","ITRAXX EUROPE CROSSOVER"
"3467564197000000101","","NEWT","TRAD","2026-06-03T07:49:52Z","","CR","","I","FALSE","2026-06-03T07:49:52Z","2026-06-04","2031-06-20","","","TWSF","FALSE","FALSE","","18,000,000","","EUR","","","","","","","","","","","","","","","","","","","","","","","","","0.05","","","","","","0.0260886","","","","","","false","","","3","","","A004","","","","","","","","2044438.92000","MNTH","","","","3","","","","UFRO","EUR","","","","","false","1","","","","","","","","","","FALSE","","","","","","","","","QZ3HM9KVK2WL","NA/CDS Corp Idx","ITRAXX EUROPE CROSSOVER"
"3479265524000000301","995666619000000401","CORR","","2026-05-28T01:00:25Z","","CR","","N","FALSE","2025-10-24T13:21:22Z","2015-06-05","2045-07-25","","FALSE","XXXX","FALSE","FALSE","TRUE","11,000,000","","USD","","","","","","","","","","","","","","","","","","","","","","","","","0","","","","","","","","","","","","false","","","","","","A004","","","","","","","","11495.74285;2495.77406;6353.81747;4724.40421;40.97279;2063.19498;554.22262;3073.94226;12134.91521;3966.66758","","","","","","","","","UWIN;UWIN;UWIN;UWIN;UWIN;UWIN;UWIN;UWIN;UWIN;UWIN","USD;USD;USD;USD;USD;USD;USD;USD;USD;USD","USD","USD","","","false","1","","","","","","","","","","FALSE","","","","","","","","","QZPN2GT8ZRQD","NA/CDS Corp Idx","ABX.HE.A"
"3479135051000000201","","NEWT","TRAD","2026-06-03T13:43:45Z","","CR","","I","TRUE","2026-06-03T13:43:45Z","2026-06-04","2031-06-20","","FALSE","BBSF","FALSE","FALSE","","20,000,000","","USD","","","","","","","","","","","","","","","","","","","","","","","","","0.01","","","","","","0.005095","","","","","","false","","","3","","","A004","","","","","","","","487064.51000","MNTH","","","","3","","","","UFRO","USD","","","","","false","1","","","","","","","","","","FALSE","","","","","","","","","QZ3WVVQG5T8K","NA/CDS Corp Idx","CDX.NA.IG"
"3479129164000001801","","NEWT","TRAD","2026-06-03T13:43:00Z","","CR","","I","TRUE","2026-06-03T13:43:00Z","2026-06-04","2031-06-20","","FALSE","BBSF","FALSE","FALSE","","6,000,000","","EUR","","","","","","","","","","","","","","","","","","","","","","","","","0.01","","","","","","0.005352","","","","","","false","","","3","","","A004","","","","","","","","143388.14787","MNTH","","","","3","","","","UFRO","EUR","","","","","false","1","","","","","","","","","","FALSE","","","","","","","","","QZTQ4GTC5QMF","NA/CDS Corp Idx","ITRAXX EUROPE"
"3479135050000000101","","NEWT","TRAD","2026-06-03T13:43:26Z","","CR","","I","TRUE","2026-06-03T13:43:26Z","2026-06-04","2031-06-20","","FALSE","BBSF","FALSE","FALSE","","800,000","","USD","","","","","","","","","","","","","","","","","","","","","","","","","0.01","","","","","","0.005094","","","","","","false","","","3","","","A004","","","","","","","","19486.28000","MNTH","","","","3","","","","UFRO","USD","","","","","false","1","","","","","","","","","","FALSE","","","","","","","","","QZ3WVVQG5T8K","NA/CDS Corp Idx","CDX.NA.IG"
"3479061977000000101","","NEWT","TRAD","2026-06-03T13:34:58Z","","CR","","N","FALSE","2026-06-03T13:34:58Z","2026-06-03","2030-12-20","","FALSE","BILT","FALSE","FALSE","FALSE","10,000,000","","EUR","","","","","","","","","","","","","","","","","","","","","","","","","0.01","","","","","","","","","","","","false","","","","","","A004","","","","","","","","1941388.89000","MNTH","","","","3","","","","UFRO","EUR","","","","","false","1","","","","","","","","","","FALSE","","","","","","","","","QZ9GDBQDH8LN","NA/CDS Corp Idx Tra","ITRAXX EUROPE"
"3482656152000000101","","NEWT","TRAD","2026-06-03T16:58:25Z","","CR","","N","FALSE","2026-06-03T16:58:25Z","2026-06-05","2065-10-15","2065-10-15","TRUE","BILT","FALSE","FALSE","TRUE","19,000,000","","USD","","","","","","","","","","","","","","","","","","","","","","","","","","","","","","","1","","","","","","false","","","4","","","","","A004","","DAIL","","1","","","","","","","","","","","","","USD","","","","true","","","","","","","","OPET","","","FALSE","","","","","","","","","QZWBC8GZ8TBN","NA/CDS Corp Oth","Basket"
"3483123310000000201","","NEWT","TRAD","2026-06-03T17:57:12Z","","CR","","I","TRUE","2026-06-03T17:57:12Z","2026-06-04","2031-06-20","","FALSE","BBSF","FALSE","FALSE","","10,000,000","","USD","","","","","","","","","","","","","","","","","","","","","","","","","0.05","","","","","","0.01081354","","","","","","false","","","3","","","A004","","","","","","","","909904.60000","MNTH","","","","3","","","","UFRO","USD","","","","","false","0.99","","","","","","","","","","FALSE","","","","","","","","","QZHH8NT767RX","NA/CDS Corp Idx","CDX.NA.HY"
"3481757432000000101","","NEWT","TRAD","2026-06-03T17:02:11Z","","CR","","I","TRUE","2026-06-03T17:02:11Z","2026-06-04","2031-06-20","","","TWSF","FALSE","FALSE","","23,000,000","","USD","","","","","","","","","","","","","","","","","","","","","","","","","0.01","","","","","","0.005109","","","","","","false","","","3","","","A004","","","","","","","","558634.40370","MNTH","","","","3","","","","UFRO","USD","","","","","false","1","","","","","","","","","","FALSE","","","","","","","","","QZ3WVVQG5T8K","NA/CDS Corp Idx","CDX.NA.IG"
"3481757434000000301","","NEWT","TRAD","2026-06-03T17:02:26Z","","CR","","I","TRUE","2026-06-03T17:02:26Z","2026-06-04","2031-06-20","","FALSE","BBSF","FALSE","FALSE","","15,000,000","","USD","","","","","","","","","","","","","","","","","","","","","","","","","0.05","","","","","","0.01081032","","","","","","false","","","3","","","A004","","","","","","","","1360075.20000","MNTH","","","","3","","","","UFRO","USD","","","","","false","0.99","","","","","","","","","","FALSE","","","","","","","","","QZHH8NT767RX","NA/CDS Corp Idx","CDX.NA.HY"
"3481885132000000101","3324778668000000301","MODI","NOVA","2026-06-03T17:00:15Z","TRUE","CR","","N","FALSE","2026-03-18T15:12:31Z","2025-09-22","2030-12-20","2030-12-20","FALSE","BILT","FALSE","FALSE","FALSE","6,000,000","","EUR","","","","","","","","","","","","","","","","","","","","","","","","","0.05","","","","","","","","","","","","true","","","","","","A004","","","","","","","","","MNTH","","","","3","","","","","","","","","","false","1","","","","","","","","","","FALSE","","","","","","","","","QZB5DPT9MS3H","NA/CDS Corp Idx Tra","ITRAXX EUROPE CROSSOVER"
"3481851766000000401","","NEWT","TRAD","2026-06-03T17:03:49Z","","CR","","I","TRUE","2026-06-03T17:03:49Z","2026-06-04","2027-12-20","","FALSE","BBSF","FALSE","TRUE","","140,000,000","","USD","","","","","","","","","","","","","","","","","","","","","","","","","0.05","","","","","","0.0105","","","","","","false","","","3","","","A004","","","","","","","","8138698.64000","MNTH","","","","3","","","","UFRO","USD","","","","","false","0.96","","","","","","","","","","TRUE","0.8786","","3","","","","","","QZRDHL02S85Z","NA/CDS Corp Idx","CDX.NA.HY"
"3483317641000000101","","NEWT","TRAD","2026-06-03T18:57:47Z","","CR","","I","FALSE","2026-06-03T18:57:47Z","2026-06-04","2031-06-20","","","TWSF","FALSE","FALSE","","2,000,000","","USD","","","","","","","","","","","","","","","","","","","","","","","","","0.05","","","","","","0.01081225","","","","","","false","","","3","","","A004","","","","","","","","181725.05235","MNTH","","","","3","","","","UFRO","USD","","","","","false","0.99","","","","","","","","","","FALSE","","","","","","","","","QZHH8NT767RX","NA/CDS Corp Idx","CDX.NA.HY"
"3483326713000000101","","NEWT","TRAD","2026-06-03T19:00:22Z","","CR","","I","TRUE","2026-06-03T19:00:22Z","2026-06-04","2031-06-20","","","TWSF","FALSE","FALSE","","150,000,000","","USD","","","","","","","","","","","","","","","","","","","","","","","","","0.01","","","","","","0.005104","","","","","","false","","","3","","","A004","","","","","","","","3646740.07000","MNTH","","","","3","","","","UFRO","USD","","","","","false","1","","","","","","","","","","FALSE","","","","","","","","","QZ3WVVQG5T8K","NA/CDS Corp Idx","CDX.NA.IG"
"3483332104000000601","","NEWT","TRAD","2026-06-03T19:02:28Z","","CR","","I","TRUE","2026-06-03T19:02:28Z","2026-06-04","2031-06-20","","FALSE","BBSF","FALSE","FALSE","","50,000,000","","USD","","","","","","","","","","","","","","","","","","","","","","","","","0.01","","","","","","0.0051124","","","","","","false","","","3","","","A004","","","","","","","","1213637.65000","MNTH","","","","3","","","","UFRO","USD","","","","","false","1","","","","","","","","","","FALSE","","","","","","","","","QZ3WVVQG5T8K","NA/CDS Corp Idx","CDX.NA.IG"
"3483378279000000101","","NEWT","TRAD","2026-06-03T19:23:27Z","","CR","","I","TRUE","2026-06-03T19:23:27Z","2026-06-04","2031-06-20","","","TWSF","FALSE","FALSE","","50,000,000","","USD","","","","","","","","","","","","","","","","","","","","","","","","","0.01","","","","","","0.005114","","","","","","false","","","3","","","A004","","","","","","","","1213267.69000","MNTH","","","","3","","","","UFRO","USD","","","","","false","1","","","","","","","","","","FALSE","","","","","","","","","QZ3WVVQG5T8K","NA/CDS Corp Idx","CDX.NA.IG"
"3483011880000000201","","NEWT","TRAD","2026-06-03T17:28:33Z","","CR","","I","TRUE","2026-06-03T17:28:33Z","2026-06-04","2031-06-20","","FALSE","BBSF","FALSE","FALSE","","3,000,000","","USD","","","","","","","","","","","","","","","","","","","","","","","","","0.05","","","","","","0.0108095","","","","","","false","","","3","","","A004","","","","","","","","271771.50000","MNTH","","","","3","","","","UFRO","USD","","","","","false","0.99","","","","","","","","","","FALSE","","","","","","","","","QZHH8NT767RX","NA/CDS Corp Idx","CDX.NA.HY"
"3481718935000000101","3481684509000000101","TERM","ETRM","2026-06-03T16:59:14Z","","CR","","N","","2026-06-03T16:54:36Z","2024-09-20","2029-12-20","","FALSE","BILT","FALSE","","FALSE","30,000,000","","USD","","","","","","","","","","","","","","","","","","","","","","","","","0.05","","","","","","","","","","","","false","","","","","","","","","","","","","","3343666.67000","","","","","","","","","UFRO","USD","USD","","","","true","0.98","","","","","","","","","","FALSE","","","","","","","","","QZCSGQZZML3P","NA/CDS Corp Idx Tra","CDX.NA.HY"
"3482984478000000101","","NEWT","TRAD","2026-06-03T17:24:33Z","","CR","","I","FALSE","2026-06-03T17:24:33Z","2026-06-04","2031-06-20","","","TWSF","FALSE","FALSE","","25,000,000","","USD","","","","","","","","","","","","","","","","","","","","","","","","","0.01","","","","","","0.009777","","","","","","false","","","3","","","A004","","","","","","","","504722.22000","MNTH","","","","3","","","","UFRO","USD","","","","","false","1","","","","","","","","","","FALSE","","","","","","","","","QZ4JMQKL3P03","NA/CDS Corp Idx","CDX.EM"
"3483060300000000101","","NEWT","TRAD","2026-06-03T17:35:44Z","","CR","","I","TRUE","2026-06-03T17:35:44Z","2026-03-20","2031-06-20","","","BILT","FALSE","FALSE","FALSE","10,000,000","","USD","","","","","","","","","","","","","","","","","","","","","","","","","0.05","","","","","","","","","","","","false","","","","","","A004","","","","","","","","907489.00000","MNTH","","","","3","","","","UFRO","USD","","","","","false","0.99","","","","","","","","","","FALSE","","","","","","","","","QZHH8NT767RX","NA/CDS Corp Idx","CDX.NA.HY"
"3483005665000000201","","NEWT","TRAD","2026-06-03T17:26:52Z","","CR","","I","TRUE","2026-06-03T17:26:52Z","2026-06-04","2030-12-20","","FALSE","BBSF","FALSE","FALSE","","12,000,000","","USD","","","","","","","","","","","","","","","","","","","","","","","","","0.05","","","","","","0.01081948","","","","","","false","","","3","","","A004","","","","","","","","1087837.85100","MNTH","","","","3","","","","UFRO","USD","","","","","false","0.98","","","","","","","","","","FALSE","","","","","","","","","QZMD5JCHG48C","NA/CDS Corp Idx","CDX.NA.HY"
"3483039899000000601","","NEWT","TRAD","2026-06-03T17:35:49Z","","CR","","I","TRUE","2026-06-03T17:35:49Z","2026-06-04","2031-06-20","","FALSE","BBSF","FALSE","FALSE","","14,000,000","","USD","","","","","","","","","","","","","","","","","","","","","","","","","0.01","","","","","","0.00509485","","","","","","false","","","3","","","A004","","","","","","","","340955.59631","MNTH","","","","3","","","","UFRO","USD","","","","","false","1","","","","","","","","","","FALSE","","","","","","","","","QZ3WVVQG5T8K","NA/CDS Corp Idx","CDX.NA.IG"
"3480258492000000101","","NEWT","TRAD","2026-06-03T15:30:34Z","","CR","","I","TRUE","2026-06-03T15:30:34Z","2026-06-04","2031-06-20","","FALSE","BBSF","FALSE","FALSE","","25,000,000","","EUR","","","","","","","","","","","","","","","","","","","","","","","","","0.01","","","","","","0.0053595","","","","","","false","","","3","","","A004","","","","","","","","596556.12000","MNTH","","","","3","","","","UFRO","EUR","","","","","false","1","","","","","","","","","","FALSE","","","","","","","","","QZTQ4GTC5QMF","NA/CDS Corp Idx","ITRAXX EUROPE"
"3480044165000000301","","NEWT","TRAD","2026-06-03T15:06:31Z","","CR","","I","TRUE","2026-06-03T15:06:31Z","2026-06-04","2031-06-20","","FALSE","BBSF","FALSE","FALSE","","10,000,000","","EUR","","","","","","","","","","","","","","","","","","","","","","","","","0.05","","","","","","0.0262","","","","","","false","","","3","","","A004","","","","","","","","1130542.65000","MNTH","","","","3","","","","UFRO","EUR","","","","","false","1","","","","","","","","","","FALSE","","","","","","","","","QZ3HM9KVK2WL","NA/CDS Corp Idx","ITRAXX EUROPE CROSSOVER"
"3480029331000000501","","NEWT","TRAD","2026-06-03T15:05:59Z","","CR","","I","TRUE","2026-06-03T15:05:59Z","2026-06-04","2031-06-20","","FALSE","BBSF","FALSE","FALSE","","5,000,000","","USD","","","","","","","","","","","","","","","","","","","","","","","","","0.05","","","","","","0.0108152","","","","","","false","","","3","","","A004","","","","","","","","455774.00000","MNTH","","","","3","","","","UFRO","USD","","","","","false","0.99","","","","","","","","","","FALSE","","","","","","","","","QZHH8NT767RX","NA/CDS Corp Idx","CDX.NA.HY"
"3480002779000000201","","NEWT","TRAD","2026-06-03T15:02:23Z","","CR","","N","FALSE","2026-06-03T15:02:23Z","2026-06-04","2026-10-21","2031-06-20","FALSE","BILT","FALSE","FALSE","TRUE","400,000,000+","","USD","","","","","","","","","","","","","","","","","","","","","","","","2026-10-21","0.01","","778,000","USD","","","","","","","60","USD","false","","","","","1","A004","","","","","","","","","MNTH","","","","3","","","","","","","","","","false","","","","","","","","","","","FALSE","","","","","","","","","QZ7WW76RFHN3","NA/CDS Idx Swt","NA/CDS Corp Idx"
"3475591559000000101","","NEWT","TRAD","2026-06-03T10:22:53Z","","CR","","I","TRUE","2026-06-03T10:22:53Z","2026-06-04","2031-06-20","","FALSE","BBSF","FALSE","FALSE","","10,000,000","","EUR","","","","","","","","","","","","","","","","","","","","","","","","","0.05","","","","","","0.0261214","","","","","","false","","","3","","","A004","","","","","","","","1134251.16000","MNTH","","","","3","","","","UFRO","EUR","","","","","false","1","","","","","","","","","","FALSE","","","","","","","","","QZ3HM9KVK2WL","NA/CDS Corp Idx","ITRAXX EUROPE CROSSOVER"
"3465241989000000201","","NEWT","TRAD","2026-06-03T06:47:11Z","","CR","","I","TRUE","2026-06-03T06:47:11Z","2026-06-04","2031-06-20","","FALSE","BBSF","FALSE","FALSE","","10,000,000","","EUR","","","","","","","","","","","","","","","","","","","","","","","","","0.05","","","","","","0.02606795","","","","","","false","","","3","","","A004","","","","","","","","1136774.33000","MNTH","","","","3","","","","UFRO","EUR","","","","","false","1","","","","","","","","","","FALSE","","","","","","","","","QZ3HM9KVK2WL","NA/CDS Corp Idx","ITRAXX EUROPE CROSSOVER"
"3468019900000000301","","NEWT","TRAD","2026-06-03T08:00:50Z","","CR","","I","TRUE","2026-06-03T08:00:50Z","2026-06-04","2031-06-20","","FALSE","BBSF","FALSE","FALSE","","18,000,000","","EUR","","","","","","","","","","","","","","","","","","","","","","","","","0.01","","","","","","0.00532011","","","","","","false","","","3","","","A004","","","","","","","","432907.31874","MNTH","","","","3","","","","UFRO","EUR","","","","","false","1","","","","","","","","","","FALSE","","","","","","","","","QZTQ4GTC5QMF","NA/CDS Corp Idx","ITRAXX EUROPE"
"3464773448000000201","","NEWT","TRAD","2026-06-03T06:37:59Z","","CR","","I","TRUE","2026-06-03T06:37:55Z","2026-03-20","2031-06-20","","FALSE","BMTF","FALSE","FALSE","FALSE","50,000,000","","EUR","","","","","","","","","","","","","","","","","","","","","","","","","0.01","","","","","","","","","","","","false","","","","","","A004","","","","","","","","","MNTH","","","","3","","","","","","EUR","","","","false","1","","","","","","","","","","FALSE","","","","","","","","","QZTQ4GTC5QMF","NA/CDS Corp Idx","ITRAXX EUROPE"
"3483568358000000101","","NEWT","TRAD","2026-06-03T19:37:45Z","","CR","","I","TRUE","2026-06-03T19:37:45Z","2026-06-04","2031-06-20","","FALSE","BBSF","FALSE","FALSE","","25,000,000","","USD","","","","","","","","","","","","","","","","","","","","","","","","","0.01","","","","","","0.005109","","","","","","false","","","3","","","A004","","","","","","","","607211.92000","MNTH","","","","3","","","","UFRO","USD","","","","","false","1","","","","","","","","","","FALSE","","","","","","","","","QZ3WVVQG5T8K","NA/CDS Corp Idx","CDX.NA.IG"
"3483655332000000401","3483655329000000102","MODI","TRAD","2026-06-03T19:39:25Z","TRUE","CR","","I","TRUE","2026-06-03T19:38:59Z","2026-03-20","2031-06-20","","FALSE","TPSE","FALSE","FALSE","","10,000,000","","USD","","","","","","","","","","","","","","","","","","","","","","","","","0.05","","","","","","108.09","","USD","","","","false","","","1","","","A004","","","","","","","","","MNTH","","","","3","","","","","","USD","","","","false","0.99","","","","","","","OTHR","","","FALSE","","","","","","","","","QZHH8NT767RX","NA/CDS Corp Idx","CDX.NA.HY"
"3479785470000000201","","NEWT","TRAD","2026-06-03T14:36:40Z","","CR","","I","TRUE","2026-06-03T14:36:40Z","2026-06-04","2031-06-20","","FALSE","BBSF","FALSE","FALSE","","31,000,000","","USD","","","","","","","","","","","","","","","","","","","","","","","","","0.01","","","","","","0.005085","","","","","","false","","","3","","","A004","","","","","","","","756383.56996","MNTH","","","","3","","","","UFRO","USD","","","","","false","1","","","","","","","","","","FALSE","","","","","","","","","QZ3WVVQG5T8K","NA/CDS Corp Idx","CDX.NA.IG"
"3478971166000000201","3478964998000000101","TERM","CLRG","2026-06-03T13:26:36Z","","CR","","I","TRUE","2026-06-03T13:26:36Z","2026-06-04","2031-06-20","","","BTFE","FALSE","FALSE","FALSE","17,000,000","","USD","","","","","","","","","","","","","","","","","","","","","","","","","","","","","","","","","","","","","false","","","","","","A004","","","","","","","","415184.33000","MNTH","","","","3","","","","UFRO","USD","","","","","false","1","","","","","","","","","","FALSE","","","","","","","","","QZ3WVVQG5T8K","NA/CDS Corp Idx","CDX.NA.IG"
"3478992973000000101","","NEWT","TRAD","2026-06-03T13:30:52Z","","CR","","I","TRUE","2026-06-03T13:30:52Z","2026-06-04","2031-06-20","","FALSE","BBSF","FALSE","FALSE","","10,000,000","","USD","","","","","","","","","","","","","","","","","","","","","","","","","0.05","","","","","","0.010817","","","","","","false","","","3","","","A004","","","","","","","","913330.00000","MNTH","","","","3","","","","UFRO","USD","","","","","false","0.99","","","","","","","","","","FALSE","","","","","","","","","QZHH8NT767RX","NA/CDS Corp Idx","CDX.NA.HY"
"3478958262000000101","","NEWT","TRAD","2026-06-03T13:27:45Z","","CR","","I","FALSE","2026-06-03T13:27:45Z","2026-06-04","2031-06-20","","","TWSF","FALSE","FALSE","","5,000,000","","EUR","","","","","","","","","","","","","","","","","","","","","","","","","0.05","","","","","","0.0261045","","","","","","false","","","3","","","A004","","","","","","","","567524.42000","MNTH","","","","3","","","","UFRO","EUR","","","","","false","1","","","","","","","","","","FALSE","","","","","","","","","QZ3HM9KVK2WL","NA/CDS Corp Idx","ITRAXX EUROPE CROSSOVER"
"3478964998000000101","","NEWT","TRAD","2026-06-03T13:26:36Z","","CR","","I","TRUE","2026-06-03T13:26:36Z","2026-06-04","2031-06-20","","","BTFE","FALSE","FALSE","FALSE","17,000,000","","USD","","","","","","","","","","","","","","","","","","","","","","","","","","","","","","","","","","","","","false","","","","","","A004","","","","","","","","415184.33000","MNTH","","","","3","","","","UFRO","USD","","","","","false","1","","","","","","","","","","FALSE","","","","","","","","","QZ3WVVQG5T8K","NA/CDS Corp Idx","CDX.NA.IG"
"3473878503000000401","","NEWT","TRAD","2026-06-03T09:38:24Z","","CR","","N","FALSE","2026-06-03T09:38:24Z","2026-06-03","2026-06-17","2031-06-20","FALSE","BILT","FALSE","FALSE","TRUE","150,000,000","","EUR","","","","","","","","","","","","","","","","","","","","","","","","2026-06-17","0.01","","78,000","EUR","","","","","","","0.0055","","false","","","","","3","A004","","","","","","","","","MNTH","","","","3","","","","","","","","","","false","1","","","","","","","","","","FALSE","","","","","","","","","QZ2L66CGCV9J","NA/CDS Idx Swt","NA/CDS Corp Idx"
"3480113360000000201","","NEWT","TRAD","2026-06-03T15:14:45Z","","CR","","I","TRUE","2026-06-03T15:14:45Z","2026-03-20","2031-06-20","","FALSE","TPSE","FALSE","FALSE","","20,000,000","","USD","","","","","","","","","","","","","","","","","","","","","","","","","0.05","","","","","","108.146","","USD","","","","false","","","1","","","A004","","","","","","","","","MNTH","","","","3","","","","","","USD","","","","false","0.99","","","","","","","OTHR","","","FALSE","","","","","","","","","QZHH8NT767RX","NA/CDS Corp Idx","CDX.NA.HY"
"3480082999000000101","","NEWT","TRAD","2026-06-03T15:11:56Z","","CR","","I","TRUE","2026-06-03T15:11:56Z","2026-06-04","2031-06-20","","FALSE","BBSF","FALSE","FALSE","","10,000,000","","USD","","","","","","","","","","","","","","","","","","","","","","","","","0.05","","","","","","0.0108155","","","","","","false","","","3","","","A004","","","","","","","","911845.00000","MNTH","","","","3","","","","UFRO","USD","","","","","false","0.99","","","","","","","","","","FALSE","","","","","","","","","QZHH8NT767RX","NA/CDS Corp Idx","CDX.NA.HY"
"3480120483000000101","3480113360000000201","MODI","TRAD","2026-06-03T15:15:14Z","TRUE","CR","","I","TRUE","2026-06-03T15:14:45Z","2026-03-20","2031-06-20","","FALSE","TPSE","FALSE","FALSE","","20,000,000","","USD","","","","","","","","","","","","","","","","","","","","","","","","","0.05","","","","","","108.146","","USD","","","","false","","","1","","","A004","","","","","","","","","MNTH","","","","3","","","","","","USD","","","","false","0.99","","","","","","","OTHR","","","FALSE","","","","","","","","","QZHH8NT767RX","NA/CDS Corp Idx","CDX.NA.HY"
"3479977737000000101","","NEWT","TRAD","2026-06-03T15:00:27Z","","CR","","I","FALSE","2026-06-03T15:00:27Z","2026-06-04","2031-06-20","","","TWSF","FALSE","TRUE","","50,000,000+","","USD","","","","","","","","","","","","","","","","","","","","","","","","","0.01","","","","","","0.009779","","","","","","false","","","3","","","A004","","","","","","","","999444.44000","MNTH","","","","3","","","","UFRO","USD","","","","","false","1","","","","","","","","","","FALSE","","","","","","","","","QZ4JMQKL3P03","NA/CDS Corp Idx","CDX.EM"
"3480066757000000201","3479226580000000201","MODI","TRAD","2026-06-03T14:45:25Z","FALSE","CR","","N","FALSE","2026-06-03T13:26:51Z","2026-06-03","2026-06-10","","FALSE","BILT","FALSE","FALSE","TRUE","400,000,000+","385,603,487","USD","USD","","","","","","","","","","","","","","","","","","","","","","","","0.038227","0.038227","","","","","","","","","","","false","","","","","","","","","","","","","","","EXPI","","","","1","","","","","","","USD","","","false","","","","","","","","","","","FALSE","","","","","","","","","QZW6JMD69LC6","NA/CDS Corp SN","DTD 05/15/2025"
"3474728789000000201","","NEWT","TRAD","2026-06-03T10:06:57Z","","CR","","I","TRUE","2026-06-03T10:06:57Z","2026-06-04","2031-06-20","","FALSE","BBSF","FALSE","FALSE","","10,000,000","","EUR","","","","","","","","","","","","","","","","","","","","","","","","","0.01","","","","","","0.0053124","","","","","","false","","","3","","","A004","","","","","","","","240872.84000","MNTH","","","","3","","","","UFRO","EUR","","","","","false","1","","","","","","","","","","FALSE","","","","","","","","","QZTQ4GTC5QMF","NA/CDS Corp Idx","ITRAXX EUROPE"
"3474728788000000101","","NEWT","TRAD","2026-06-03T10:06:53Z","","CR","","I","TRUE","2026-06-03T10:06:53Z","2026-06-04","2031-06-20","","FALSE","BBSF","FALSE","FALSE","","15,000,000","","EUR","","","","","","","","","","","","","","","","","","","","","","","","","0.01","","","","","","0.005318","","","","","","false","","","3","","","A004","","","","","","","","360907.84000","MNTH","","","","3","","","","UFRO","EUR","","","","","false","1","","","","","","","","","","FALSE","","","","","","","","","QZTQ4GTC5QMF","NA/CDS Corp Idx","ITRAXX EUROPE"
"3483655330000000201","","NEWT","TRAD","2026-06-03T19:39:04Z","","CR","","I","TRUE","2026-06-03T19:39:04Z","2026-03-20","2031-06-20","","FALSE","TPSE","FALSE","FALSE","","50,000,000","","USD","","","","","","","","","","","","","","","","","","","","","","","","","0.01","","","","","","0.00511","","","","","","false","","","3","","","A004","","","","","","","","","MNTH","","","","3","","","","","","USD","","","","false","1","","","","","","","OTHR","","","FALSE","","","","","","","","","QZ3WVVQG5T8K","NA/CDS Corp Idx","CDX.NA.IG"
"3479771246000000201","","NEWT","TRAD","2026-06-03T14:36:27Z","","CR","","I","TRUE","2026-06-03T14:36:27Z","2026-06-04","2031-06-20","","FALSE","BBSF","FALSE","FALSE","","3,000,000","","EUR","","","","","","","","","","","","","","","","","","","","","","","","","0.05","","","","","","0.0262","","","","","","false","","","3","","","A004","","","","","","","","339162.46084","MNTH","","","","3","","","","UFRO","EUR","","","","","false","1","","","","","","","","","","FALSE","","","","","","","","","QZ3HM9KVK2WL","NA/CDS Corp Idx","ITRAXX EUROPE CROSSOVER"
"3479800494000000101","","NEWT","TRAD","2026-06-03T14:39:07Z","","CR","","I","FALSE","2026-06-03T14:39:07Z","2026-06-04","2031-06-20","","FALSE","BBSF","FALSE","FALSE","","2,000,000","","EUR","","","","","","","","","","","","","","","","","","","","","","","","","0.01","","","","","","0.005632","","","","","","false","","","3","","","A004","","","","","","","","45123.94000","MNTH","","","","3","","","","UFRO","EUR","","","","","false","1","","","","","","","","","","FALSE","","","","","","","","","QZTB38W3WJ98","NA/CDS Corp Idx","ITRAXX EUROPE SENIOR FINANCIALS"
"3479932886000000301","","NEWT","TRAD","2026-06-03T14:53:17Z","","CR","","I","FALSE","2026-06-03T14:53:17Z","2026-03-20","2031-06-20","2031-06-20","FALSE","BILT","FALSE","FALSE","FALSE","10,000,000","","USD","","","","","","","","","","","","","","","","","","","","","","","","","0.01","","","","","","","","","","","","false","","","","","","A004","","","","","","","","199888.89000","MNTH","","","","3","","","","UFRO","USD","","","","","false","1","","","","","","","","","","FALSE","","","","","","","","","QZ4JMQKL3P03","NA/CDS Corp Idx","CDX.EM"
"3468682067000000201","","NEWT","TRAD","2026-06-03T08:13:19Z","","CR","","N","FALSE","2026-06-03T08:13:19Z","2026-03-20","2026-07-15","2031-06-20","FALSE","BILT","FALSE","FALSE","TRUE","75,000,000","","EUR","","","","","","","","","","","","","","","","","","","","","","","","2026-07-15","0.05","","205,500","EUR","","","","","","","0.03","","false","","","","","3","A004","","","","","","","","","MNTH","","","","3","","","","","","","","","","false","1","","","","","","","","","","FALSE","","","","","","","","","QZTL0V3X916X","NA/CDS Idx Swt","NA/CDS Corp Idx"
"3470460457000000101","3470101255000000201","EROR","","2026-06-03T08:35:01Z","","CR","","I","","2026-06-03T08:35:01Z","2026-03-20","2031-06-20","","","","FALSE","","FALSE","10,000,000","","EUR","","","","","","","","","","","","","","","","","","","","","","","","","0.05","","","","","","","","","","","","false","","","","","","","","","","","","","","1136441.00000","","","","","","","","","UFRO","EUR","","","","","false","1","","","","","","","","","","FALSE","","","","","","","","","QZ3HM9KVK2WL","NA/CDS Corp Idx","ITRAXX EUROPE CROSSOVER"
"3483133568000000101","","NEWT","TRAD","2026-06-03T17:55:49Z","","CR","","N","FALSE","2026-06-03T17:55:49Z","2026-06-17","2026-06-17","2031-06-20","FALSE","BILT","FALSE","FALSE","FALSE","100,000,000","","USD","","","","","","","","","","","","","","","","","","","","","","","","2026-06-17","0.05","","128,700","USD","","","","","","","1.07","","false","","","","","3","A004","","","","","","","","","MNTH","","","","3","","","","","","","","","","false","","","","","","","","","","","FALSE","","","","","","","","","QZ9LPD3ZB1KR","NA/CDS Idx Swt","NA/CDS Corp Idx"
"3483160092000000101","","NEWT","TRAD","2026-06-03T18:07:24Z","","CR","","I","TRUE","2026-06-03T18:07:24Z","2026-06-04","2031-06-20","","FALSE","BBSF","FALSE","FALSE","","2,000,000","","USD","","","","","","","","","","","","","","","","","","","","","","","","","0.05","","","","","","0.01081325","","","","","","false","","","3","","","A004","","","","","","","","181923.03852","MNTH","","","","3","","","","UFRO","USD","","","","","false","0.99","","","","","","","","","","FALSE","","","","","","","","","QZHH8NT767RX","NA/CDS Corp Idx","CDX.NA.HY"
"3483245147000000101","","NEWT","TRAD","2026-06-03T18:30:54Z","","CR","","I","TRUE","2026-06-03T18:30:54Z","2026-06-04","2031-06-20","","FALSE","BBSF","FALSE","FALSE","","2,000,000","","USD","","","","","","","","","","","","","","","","","","","","","","","","","0.01","","","","","","0.005088","","","","","","false","","","3","","","A004","","","","","","","","48771.21000","MNTH","","","","3","","","","UFRO","USD","","","","","false","1","","","","","","","","","","FALSE","","","","","","","","","QZ3WVVQG5T8K","NA/CDS Corp Idx","CDX.NA.IG"
"3483264950000000101","","NEWT","TRAD","2026-06-03T18:37:07Z","","CR","","I","TRUE","2026-06-03T18:37:07Z","2026-06-04","2031-06-20","","FALSE","BBSF","FALSE","FALSE","","25,000,000","","USD","","","","","","","","","","","","","","","","","","","","","","","","","0.05","","","","","","0.01081325","","","","","","false","","","3","","","A004","","","","","","","","2274043.75000","MNTH","","","","3","","","","UFRO","USD","","","","","false","0.99","","","","","","","","","","FALSE","","","","","","","","","QZHH8NT767RX","NA/CDS Corp Idx","CDX.NA.HY"
"3483262765000000301","","NEWT","TRAD","2026-06-03T18:35:56Z","","CR","","I","TRUE","2026-06-03T18:35:56Z","2026-06-04","2031-06-20","","FALSE","BBSF","FALSE","FALSE","","10,000,000","","USD","","","","","","","","","","","","","","","","","","","","","","","","","0.05","","","","","","0.010815","","","","","","false","","","3","","","A004","","","","","","","","911350.00000","MNTH","","","","3","","","","UFRO","USD","","","","","false","0.99","","","","","","","","","","FALSE","","","","","","","","","QZHH8NT767RX","NA/CDS Corp Idx","CDX.NA.HY"
"3482625218000000301","2233373848000000701","TERM","ETRM","2026-06-03T17:14:04Z","","CR","","N","FALSE","2026-03-03T17:32:25Z","2026-06-05","2065-10-15","2065-10-15","TRUE","BILT","FALSE","FALSE","TRUE","15,000,000","","USD","","","","","","","","","","","","","","","","","","","","","","","","","","","","","","","1","","","","","","false","","","4","","","","","A004","","DAIL","","1","","","","","","","","","","","","","USD","","","","true","","","","","","","","OPET","","","FALSE","","","","","","","","","QZWBC8GZ8TBN","NA/CDS Corp Oth","Basket"
"3483049077000000301","","NEWT","TRAD","2026-06-03T17:37:17Z","","CR","","I","FALSE","2026-06-03T17:37:17Z","2026-06-04","2031-06-20","","","TWSF","FALSE","FALSE","","10,000,000","","USD","","","","","","","","","","","","","","","","","","","","","","","","","0.05","","","","","","0.01081325","","","","","","false","","","3","","","A004","","","","","","","","909617.50000","MNTH","","","","3","","","","UFRO","USD","","","","","false","0.99","","","","","","","","","","FALSE","","","","","","","","","QZHH8NT767RX","NA/CDS Corp Idx","CDX.NA.HY"
"3477366675000000301","","NEWT","TRAD","2026-06-03T11:35:53Z","","CR","","I","TRUE","2026-06-03T11:35:53Z","2026-06-04","2031-06-20","","","TWSF","FALSE","FALSE","","2,000,000","","EUR","","","","","","","","","","","","","","","","","","","","","","","","","0.01","","","","","","0.0053229","","","","","","false","","","3","","","A004","","","","","","","","48074.28938","MNTH","","","","3","","","","UFRO","EUR","","","","","false","1","","","","","","","","","","FALSE","","","","","","","","","QZTQ4GTC5QMF","NA/CDS Corp Idx","ITRAXX EUROPE"
"3485550568000000101","","NEWT","TRAD","2026-06-03T21:29:20Z","","CR","","N","FALSE","2026-06-03T21:29:20Z","2026-06-05","2026-09-01","","FALSE","BILT","FALSE","FALSE","TRUE","46,000,000","","BRL","","","","","","","","","","","","","","","","","","","","","","","","","0","","","","","","","","","","","","false","","","","","","A018","","","","","","","","0.00000;175122480.38209","EXPI","","","","1","","","","PEXH;PEXH","USD;USD","USD","","","","false","","","","","","","","","","","FALSE","","","","","","","","","QZJM7VHT6XD1","NA/CDS Corp SN","TREASURY FINANCIAL BILLS"
"3479586232000000701","3479572097000000601","MODI","TRAD","2026-06-03T14:19:08Z","TRUE","CR","","I","TRUE","2026-06-03T14:18:27Z","2026-03-20","2031-06-20","","FALSE","TPSE","FALSE","FALSE","","50,000,000","","USD","","","","","","","","","","","","","","","","","","","","","","","","","0.01","","","","","","0.005085","","","","","","false","","","3","","","A004","","","","","","","","","MNTH","","","","3","","","","","","USD","","","","false","1","","","","","","","OTHR","","","FALSE","","","","","","","","","QZ3WVVQG5T8K","NA/CDS Corp Idx","CDX.NA.IG"
"3479586230000000501","","NEWT","TRAD","2026-06-03T14:18:58Z","","CR","","I","TRUE","2026-06-03T14:18:58Z","2026-03-20","2031-06-20","","FALSE","TPSE","FALSE","FALSE","","50,000,000","","USD","","","","","","","","","","","","","","","","","","","","","","","","","0.01","","","","","","0.005085","","","","","","false","","","3","","","A004","","","","","","","","","MNTH","","","","3","","","","","","USD","","","","false","1","","","","","","","OTHR","","","FALSE","","","","","","","","","QZ3WVVQG5T8K","NA/CDS Corp Idx","CDX.NA.IG"
"3479526317000000401","","NEWT","TRAD","2026-06-03T14:16:18Z","","CR","","I","TRUE","2026-06-03T14:16:18Z","2026-06-04","2031-06-20","","","TWSF","FALSE","TRUE","","46,000,000","","EUR","","","","","","","","","","","","","","","","","","","","","","","","","0.05","","","","","","0.026245","","","","","","false","","","3","","","A004","","","","","","","","5190734.23000","MNTH","","","","3","","","","UFRO","EUR","","","","","false","1","","","","","","","","","","FALSE","","","","","","","","","QZ3HM9KVK2WL","NA/CDS Corp Idx","ITRAXX EUROPE CROSSOVER"
"3479284420000000101","","NEWT","NOVA","2026-06-03T13:56:39Z","","CR","","N","FALSE","2026-06-03T13:56:39Z","2026-06-17","2026-06-17","","FALSE","BILT","FALSE","FALSE","TRUE","190,000,000","","USD","","","","","","","","","","","","","","","","","","","","","","","","2026-06-17","","","0","","","","","","","","0.01","","false","","","","","3","A004","","","","","","","","0.00000","MNTH","","","","3","","","","UFRO","USD","","","","","false","","","","","","","","","","","FALSE","","","","","","","","","QZT4QS79CCTS","NA/CDS Idx Swt","NA/CDS Corp Idx"
"3477394105000000201","","NEWT","TRAD","2026-06-03T11:38:27Z","","CR","","I","TRUE","2026-06-03T11:38:27Z","2026-06-04","2031-06-20","","","TWSF","FALSE","FALSE","","19,000,000","","EUR","","","","","","","","","","","","","","","","","","","","","","","","","0.01","","","","","","0.0055834","","","","","","false","","","3","","","A004","","","","","","","","433080.95418","MNTH","","","","3","","","","UFRO","EUR","","","","","false","1","","","","","","","","","","FALSE","","","","","","","","","QZTB38W3WJ98","NA/CDS Corp Idx","ITRAXX EUROPE SENIOR FINANCIALS"
"3479648281000000101","3479631083000000301","MODI","TRAD","2026-06-03T14:24:57Z","TRUE","CR","","I","TRUE","2026-06-03T14:22:24Z","2026-03-20","2031-06-20","","FALSE","TPSE","FALSE","FALSE","","10,000,000","","USD","","","","","","","","","","","","","","","","","","","","","","","","","0.05","","","","","","108.14","","USD","","","","false","","","1","","","A004","","","","","","","","","MNTH","","","","3","","","","","","USD","","","","false","0.99","","","","","","","OTHR","","","FALSE","","","","","","","","","QZHH8NT767RX","NA/CDS Corp Idx","CDX.NA.HY"
"3477584968000000101","","NEWT","TRAD","2026-06-03T11:53:28Z","","CR","","I","TRUE","2026-06-03T11:53:28Z","2026-06-04","2031-06-20","","FALSE","BBSF","FALSE","FALSE","","10,000,000","","EUR","","","","","","","","","","","","","","","","","","","","","","","","","0.05","","","","","","0.02601384","","","","","","false","","","3","","","A004","","","","","","","","1139329.73000","MNTH","","","","3","","","","UFRO","EUR","","","","","false","1","","","","","","","","","","FALSE","","","","","","","","","QZ3HM9KVK2WL","NA/CDS Corp Idx","ITRAXX EUROPE CROSSOVER"
"3479644410000000201","","NEWT","TRAD","2026-06-03T14:24:15Z","","CR","","I","TRUE","2026-06-03T14:24:15Z","2026-06-04","2031-06-20","","FALSE","BBSF","FALSE","FALSE","","120,000,000","","EUR","","","","","","","","","","","","","","","","","","","","","","","","","0.01","","","","","","0.0053578","","","","","","false","","","3","","","A004","","","","","","","","2864443.88000","MNTH","","","","3","","","","UFRO","EUR","","","","","false","1","","","","","","","","","","FALSE","","","","","","","","","QZTQ4GTC5QMF","NA/CDS Corp Idx","ITRAXX EUROPE"
"3479504361000000201","","NEWT","TRAD","2026-06-03T14:14:02Z","","CR","","I","FALSE","2026-06-03T14:14:02Z","2026-06-04","2030-12-20","","","TWSF","FALSE","TRUE","","46,423,803+","","EUR","","","","","","","","","","","","","","","","","","","","","","","","","0.05","","","","","","0.0227","","","","","","false","","","3","","","A004","","","","","","","","5555179.40823","MNTH","","","","3","","","","UFRO","EUR","","","","","false","1","","","","","","","","","","FALSE","","","","","","","","","QZ5F5FRS4TR9","NA/CDS Corp Idx","ITRAXX EUROPE CROSSOVER"
"3479666865000000301","","NEWT","TRAD","2026-06-03T14:26:30Z","","CR","","I","TRUE","2026-06-03T14:26:30Z","2026-06-04","2031-06-20","","FALSE","BBSF","FALSE","FALSE","","25,000,000","","USD","","","","","","","","","","","","","","","","","","","","","","","","","0.01","","","","","","0.00507577","","","","","","false","","","3","","","A004","","","","","","","","611054.37000","MNTH","","","","3","","","","UFRO","USD","","","","","false","1","","","","","","","","","","FALSE","","","","","","","","","QZ3WVVQG5T8K","NA/CDS Corp Idx","CDX.NA.IG"
"3477366674000000201","","NEWT","TRAD","2026-06-03T11:35:47Z","","CR","","I","TRUE","2026-06-03T11:35:47Z","2026-06-04","2031-06-20","","","TWSF","FALSE","FALSE","","6,000,000","","USD","","","","","","","","","","","","","","","","","","","","","","","","","0.01","","","","","","0.0050654","","","","","","false","","","3","","","A004","","","","","","","","146940.84213","MNTH","","","","3","","","","UFRO","USD","","","","","false","1","","","","","","","","","","FALSE","","","","","","","","","QZ3WVVQG5T8K","NA/CDS Corp Idx","CDX.NA.IG"
"3483339136000000401","","NEWT","TRAD","2026-06-03T19:04:44Z","","CR","","N","FALSE","2026-06-03T19:04:44Z","2026-06-04","2027-03-20","","FALSE","BILT","FALSE","FALSE","TRUE","50,000,000","50,000,000","USD","USD","","","","","","","","","","","","","","","","","","","","","","","","0","","","","","","","","","","","","false","","","","","","A004","","","A004","","DAIL","","1","383354.06000","EXPI","","","MNTH","1","","","3","UFRO","USD","USD","USD","","","false","1","","","","","","","","","","FALSE","","","","","","","","","QZ1MXTMLV7T1","NA/CDS Corp Idx","IBOXX USD LIQUID HIGH YIELD INDEX"
"3477387750000000101","","NEWT","TRAD","2026-06-03T11:37:55Z","","CR","","I","TRUE","2026-06-03T11:37:55Z","2026-06-04","2031-06-20","","","TWSF","FALSE","FALSE","","13,000,000","","EUR","","","","","","","","","","","","","","","","","","","","","","","","","0.05","","","","","","0.0260614","","","","","","false","","","3","","","A004","","","","","","","","1478208.69040","MNTH","","","","3","","","","UFRO","EUR","","","","","false","1","","","","","","","","","","FALSE","","","","","","","","","QZ3HM9KVK2WL","NA/CDS Corp Idx","ITRAXX EUROPE CROSSOVER"
"3477619405000000101","","NEWT","TRAD","2026-06-03T11:55:37Z","","CR","","I","TRUE","2026-06-03T11:55:37Z","2026-06-04","2031-06-20","","FALSE","BBSF","FALSE","FALSE","","10,000,000","","EUR","","","","","","","","","","","","","","","","","","","","","","","","","0.05","","","","","","0.0260625","","","","","","false","","","3","","","A004","","","","","","","","1137031.67000","MNTH","","","","3","","","","UFRO","EUR","","","","","false","1","","","","","","","","","","FALSE","","","","","","","","","QZ3HM9KVK2WL","NA/CDS Corp Idx","ITRAXX EUROPE CROSSOVER"
"3479623402000000901","","NEWT","TRAD","2026-06-03T14:21:37Z","","CR","","I","TRUE","2026-06-03T14:21:37Z","2026-03-20","2031-06-20","","FALSE","TPSE","FALSE","FALSE","","5,000,000","","USD","","","","","","","","","","","","","","","","","","","","","","","","","0.05","","","","","","108.14","","USD","","","","false","","","1","","","A004","","","","","","","","","MNTH","","","","3","","","","","","USD","","","","false","0.99","","","","","","","OTHR","","","FALSE","","","","","","","","","QZHH8NT767RX","NA/CDS Corp Idx","CDX.NA.HY"
"3479572101000001001","3479558108000000401","MODI","TRAD","2026-06-03T14:18:35Z","TRUE","CR","","I","TRUE","2026-06-03T14:17:56Z","2026-03-20","2031-06-20","","FALSE","TPSE","FALSE","FALSE","","100,000,000","","USD","","","","","","","","","","","","","","","","","","","","","","","","","0.01","","","","","","0.005085","","","","","","false","","","3","","","A004","","","","","","","","","MNTH","","","","3","","","","","","USD","","","","false","1","","","","","","","OTHR","","","FALSE","","","","","","","","","QZ3WVVQG5T8K","NA/CDS Corp Idx","CDX.NA.IG"
"3477235526000000101","","NEWT","TRAD","2026-06-03T11:22:08Z","","CR","","I","FALSE","2026-06-03T11:22:08Z","2026-06-04","2031-06-20","","FALSE","BILT","FALSE","FALSE","TRUE","60,000,000","","EUR","","","","","","","","","","","","","","","","","","","","","","","","","0.01","","","","","","","","","","","","false","","","","","","A004","","","","","","","","357234.53000","MNTH","","","","3","","","","UFRO","EUR","","","","","false","1","","","","","","","","","","FALSE","","","","","","","","","QZ5GD86QBKCC","NA/CDS Corp Idx","ITRAXX EUROPE SUB FINANCIALS"
"3480651329000000201","","NEWT","TRAD","2026-06-03T15:55:32Z","","CR","","I","TRUE","2026-06-03T15:55:32Z","2026-03-20","2031-06-20","","","BILT","FALSE","FALSE","TRUE","250,000,000+","","USD","","","","","","","","","","","","","","","","","","","","","","","","","0.01","","","","","","","","","","","","false","","","","","","A004","","","","","","","","6079634.00000","MNTH","","","","3","","","","UFRO","USD","","","","","false","1","","","","","","","","","","FALSE","","","","","","","","","QZ3WVVQG5T8K","NA/CDS Corp Idx","CDX.NA.IG"
"3480839838000000101","","NEWT","TRAD","2026-06-03T16:05:34Z","","CR","","I","TRUE","2026-06-03T16:05:34Z","2026-06-04","2031-06-20","","FALSE","BBSF","FALSE","FALSE","","7,000,000","","USD","","","","","","","","","","","","","","","","","","","","","","","","","0.05","","","","","","0.0108103","","","","","","false","","","3","","","A004","","","","","","","","634687.90000","MNTH","","","","3","","","","UFRO","USD","","","","","false","0.99","","","","","","","","","","FALSE","","","","","","","","","QZHH8NT767RX","NA/CDS Corp Idx","CDX.NA.HY"
"3480651328000000101","","NEWT","TRAD","2026-06-03T15:55:20Z","","CR","","I","TRUE","2026-06-03T15:55:20Z","2026-03-20","2031-06-20","","","BILT","FALSE","FALSE","TRUE","50,000,000","","USD","","","","","","","","","","","","","","","","","","","","","","","","","0.05","","","","","","","","","","","","false","","","","","","A004","","","","","","","","4534475.00000","MNTH","","","","3","","","","UFRO","USD","","","","","false","0.99","","","","","","","","","","FALSE","","","","","","","","","QZHH8NT767RX","NA/CDS Corp Idx","CDX.NA.HY"
"3464324957000000101","","NEWT","TRAD","2026-06-03T05:03:08Z","","CR","","I","FALSE","2026-06-03T05:03:08Z","2026-06-04","2031-06-20","","","TWSF","FALSE","FALSE","","21,000,000","","USD","","","","","","","","","","","","","","","","","","","","","","","","","0.01","","","","","","0.00706","","","","","","false","","","3","","","A004","","","","","","","","322068.42774","MNTH","","","","3","","","","UFRO","USD","","","","","false","1","","","","","","","","","","FALSE","","","","","","","","","QZ1F7JZSZZ7M","NA/CDS Corp Idx","ITRAXX AUSTRALIA"
"3465509741000000201","3464553931000000101","EROR","","2026-06-03T06:28:55Z","","CR","","I","","2026-06-03T06:28:55Z","2026-03-20","2031-06-20","","","","FALSE","","FALSE","25,000,000","","EUR","","","","","","","","","","","","","","","","","","","","","","","","","0.01","","","","","","","","","","","","false","","","","","","","","","","","","","","602170.15000","","","","","","","","","UFRO","EUR","","","","","false","1","","","","","","","","","","FALSE","","","","","","","","","QZTQ4GTC5QMF","NA/CDS Corp Idx","ITRAXX EUROPE"
"3467796702000000401","3467796700000000201","MODI","TRAD","2026-06-03T07:54:42Z","TRUE","CR","","I","TRUE","2026-06-03T07:54:29Z","2026-03-20","2031-06-20","","FALSE","TPSE","FALSE","FALSE","","25,000,000","","EUR","","","","","","","","","","","","","","","","","","","","","","","","","0.01","","","","","","0.005325","","","","","","false","","","3","","","A004","","","","","","","","","MNTH","","","","3","","","","","","EUR","","","","false","1","","","","","","","OTHR","","","TRUE","","","","0.00049","","3","","","QZTQ4GTC5QMF","NA/CDS Corp Idx","ITRAXX EUROPE"
"3472406025000000101","","NEWT","TRAD","2026-06-03T09:15:13Z","","CR","","I","TRUE","2026-06-03T09:15:13Z","2026-06-04","2030-12-20","","FALSE","BBSF","FALSE","TRUE","","46,423,803+","","EUR","","","","","","","","","","","","","","","","","","","","","","","","","0.05","","","","","","0.0225505","","","","","","false","","","3","","","A004","","","","","","","","5585603.18453","MNTH","","","","3","","","","UFRO","EUR","","","","","false","1","","","","","","","","","","TRUE","","","","0.0035025","","3","","","QZ5F5FRS4TR9","NA/CDS Corp Idx","ITRAXX EUROPE CROSSOVER"
"3484116443000000101","","NEWT","TRAD","2026-06-03T20:17:41Z","","CR","","I","TRUE","2026-06-03T20:17:41Z","2026-06-04","2031-06-20","","FALSE","BBSF","FALSE","FALSE","","25,000,000","","USD","","","","","","","","","","","","","","","","","","","","","","","","","0.05","","","","","","0.01080425","","","","","","false","","","3","","","A004","","","","","","","","2251768.75000","MNTH","","","","3","","","","UFRO","USD","","","","","false","0.99","","","","","","","","","","FALSE","","","","","","","","","QZHH8NT767RX","NA/CDS Corp Idx","CDX.NA.HY"
"3483905480000000201","","NEWT","NOVA","2026-06-03T19:48:38Z","","CR","","N","FALSE","2026-06-03T18:48:28Z","2026-06-03","2058-09-17","","FALSE","BILT","FALSE","FALSE","FALSE","10,000,000","","USD","","","","","","","","","","","","","","","","","","","","","","","","","0.03","","","","","","","","","","","","false","","","","","","A004","","","","","","","","","MNTH","","","","1","","","","","","USD","","","","false","1","","","","","","","","","","FALSE","","","","","","","","","QZGSVCRPZQNP","NA/CDS Corp Idx","CMBX.NA.BBB-"
"3483901786000000101","","NEWT","TRAD","2026-06-03T19:47:02Z","","CR","","I","TRUE","2026-06-03T19:47:02Z","2026-06-04","2031-06-20","","FALSE","BBSF","FALSE","FALSE","","4,000,000","","USD","","","","","","","","","","","","","","","","","","","","","","","","","0.01","","","","","","0.005109","","","","","","false","","","3","","","A004","","","","","","","","97153.70272","MNTH","","","","3","","","","UFRO","USD","","","","","false","1","","","","","","","","","","FALSE","","","","","","","","","QZ3WVVQG5T8K","NA/CDS Corp Idx","CDX.NA.IG"
"3483902944000000101","","NEWT","TRAD","2026-06-03T19:47:28Z","","CR","","I","TRUE","2026-06-03T19:47:28Z","2026-06-04","2031-06-20","","FALSE","BBSF","FALSE","FALSE","","10,000,000","","USD","","","","","","","","","","","","","","","","","","","","","","","","","0.05","","","","","","0.010811","","","","","","false","","","3","","","A004","","","","","","","","907390.00000","MNTH","","","","3","","","","UFRO","USD","","","","","false","0.99","","","","","","","","","","FALSE","","","","","","","","","QZHH8NT767RX","NA/CDS Corp Idx","CDX.NA.HY"
"3483902948000000501","","NEWT","TRAD","2026-06-03T19:47:53Z","","CR","","I","TRUE","2026-06-03T19:47:53Z","2026-06-04","2031-06-20","","FALSE","BBSF","FALSE","FALSE","","5,000,000","","USD","","","","","","","","","","","","","","","","","","","","","","","","","0.05","","","","","","0.0108112","","","","","","false","","","3","","","A004","","","","","","","","453794.00000","MNTH","","","","3","","","","UFRO","USD","","","","","false","0.99","","","","","","","","","","FALSE","","","","","","","","","QZHH8NT767RX","NA/CDS Corp Idx","CDX.NA.HY"
"3483901482000000301","","NEWT","TRAD","2026-06-03T19:46:29Z","","CR","","I","TRUE","2026-06-03T19:46:29Z","2026-06-04","2031-06-20","","FALSE","BBSF","FALSE","FALSE","","320,000","","USD","","","","","","","","","","","","","","","","","","","","","","","","","0.05","","","","","","0.01081119","","","","","","false","","","3","","","A004","","","","","","","","29042.50000","MNTH","","","","3","","","","UFRO","USD","","","","","false","0.99","","","","","","","","","","FALSE","","","","","","","","","QZHH8NT767RX","NA/CDS Corp Idx","CDX.NA.HY"
"3483912341000000501","","NEWT","TRAD","2026-06-03T19:53:02Z","","CR","","I","TRUE","2026-06-03T19:53:02Z","2026-03-20","2031-06-20","","FALSE","TPSE","FALSE","FALSE","","25,000,000","","USD","","","","","","","","","","","","","","","","","","","","","","","","","0.01","","","","","","0.00511","","","","","","false","","","3","","","A004","","","","","","","","","MNTH","","","","3","","","","","","USD","","","","false","1","","","","","","","OTHR","","","FALSE","","","","","","","","","QZ3WVVQG5T8K","NA/CDS Corp Idx","CDX.NA.IG"
"3483900111000000101","","NEWT","TRAD","2026-06-03T19:44:08Z","","CR","","I","FALSE","2026-06-03T19:44:00Z","2026-06-04","2031-06-20","","","BILT","FALSE","FALSE","FALSE","750,000","","USD","","","","","","","","","","","","","","","","","","","","","","","","","0.01","","","","","","","","","","","","false","","","","","","A004","","","","","","","","14999.14811","MNTH","","","","3","","","","UFRO","USD","","","","","false","1","","","","","","","","","","FALSE","","","","","","","","","QZ4JMQKL3P03","NA/CDS Corp Idx","CDX.EM"
"3483914812000000101","","NEWT","TRAD","2026-06-03T19:55:21Z","","CR","","I","TRUE","2026-06-03T19:55:21Z","2026-06-04","2031-06-20","","FALSE","BBSF","FALSE","FALSE","","400,000","","USD","","","","","","","","","","","","","","","","","","","","","","","","","0.01","","","","","","0.005108","","","","","","false","","","3","","","A004","","","","","","","","9717.24000","MNTH","","","","3","","","","UFRO","USD","","","","","false","1","","","","","","","","","","FALSE","","","","","","","","","QZ3WVVQG5T8K","NA/CDS Corp Idx","CDX.NA.IG"
"3483942134000000301","","NEWT","TRAD","2026-06-03T20:02:09Z","","CR","","I","FALSE","2026-06-03T20:02:09Z","2026-06-04","2031-06-20","","","TWSF","FALSE","FALSE","","300,000","","USD","","","","","","","","","","","","","","","","","","","","","","","","","0.05","","","","","","0.01081019","","","","","","false","","","3","","","A004","","","","","","","","27197.64000","MNTH","","","","3","","","","UFRO","USD","","","","","false","0.99","","","","","","","","","","FALSE","","","","","","","","","QZHH8NT767RX","NA/CDS Corp Idx","CDX.NA.HY"
"3484839301000000101","3483365933000000101","TERM","ETRM","2026-06-03T19:15:52Z","","CR","","N","","2026-06-03T19:15:52Z","2026-06-03","2058-12-17","","FALSE","BILT","FALSE","","FALSE","5,000,000","","USD","","","","","","","","","","","","","","","","","","","","","","","","","0.05","","","","","","","","","","","","false","","","","","","","","","","","","","","687500.00000","","","","","","","","","UFRO","USD","","","","","false","","","","","","","","","","","","","","","","","","","","QZL67P4FP1NK","NA/CDS Corp Idx","CMBX.NA.BB"
"3483987102000000101","3483983401000000102","MODI","TRAD","2026-06-03T20:06:59Z","TRUE","CR","","I","TRUE","2026-06-03T20:06:28Z","2026-03-20","2031-06-20","","FALSE","TPSE","FALSE","FALSE","","5,000,000","","USD","","","","","","","","","","","","","","","","","","","","","","","","","0.05","","","","","","108.09","","USD","","","","false","","","1","","","A004","","","","","","","","","MNTH","","","","3","","","","","","USD","","","","false","0.99","","","","","","","OTHR","","","FALSE","","","","","","","","","QZHH8NT767RX","NA/CDS Corp Idx","CDX.NA.HY"
"3484116445000000301","","NEWT","TRAD","2026-06-03T20:18:01Z","","CR","","I","TRUE","2026-06-03T20:18:01Z","2026-06-04","2031-06-20","","FALSE","BBSF","FALSE","FALSE","","25,000,000","","USD","","","","","","","","","","","","","","","","","","","","","","","","","0.05","","","","","","0.01080375","","","","","","false","","","3","","","A004","","","","","","","","2250531.25000","MNTH","","","","3","","","","UFRO","USD","","","","","false","0.99","","","","","","","","","","FALSE","","","","","","","","","QZHH8NT767RX","NA/CDS Corp Idx","CDX.NA.HY"
"3479084798000000101","","NEWT","TRAD","2026-06-03T13:37:20Z","","CR","","I","TRUE","2026-06-03T13:37:20Z","2026-03-20","2031-06-20","","FALSE","TPSE","FALSE","FALSE","","50,000,000","","EUR","","","","","","","","","","","","","","","","","","","","","","","","","0.01","","","","","","0.00535","","","","","","false","","","3","","","A004","","","","","","","","","MNTH","","","","3","","","","","","EUR","","","","false","1","","","","","","","OTHR","","","FALSE","","","","","","","","","QZTQ4GTC5QMF","NA/CDS Corp Idx","ITRAXX EUROPE"
"3478156184000000101","","NEWT","TRAD","2026-06-03T12:31:30Z","","CR","","I","TRUE","2026-06-03T12:31:30Z","2026-06-04","2031-06-20","","FALSE","BBSF","FALSE","FALSE","","75,000,000","","USD","","","","","","","","","","","","","","","","","","","","","","","","","0.01","","","","","","0.005084","","","","","","false","","","3","","","A004","","","","","","","","1830307.86000","MNTH","","","","3","","","","UFRO","USD","","","","","false","1","","","","","","","","","","FALSE","","","","","","","","","QZ3WVVQG5T8K","NA/CDS Corp Idx","CDX.NA.IG"
"3478143681000000201","","NEWT","TRAD","2026-06-03T12:30:59Z","","CR","","I","TRUE","2026-06-03T12:30:59Z","2026-03-20","2031-06-20","","FALSE","BGCD","FALSE","FALSE","","10,000,000","","EUR","","","","","","","","","","","","","","","","","","","","","","","","","","","","","","","0.0261","","","","","","false","","","3","","","A004","","","","","","","","","MNTH","","","","3","","","","","","","","","","false","1","","","","","","","","","","TRUE","","","","0.00346","","3","","","QZ3HM9KVK2WL","NA/CDS Corp Idx","ITRAXX EUROPE CROSSOVER"
"3480515513000000301","","NEWT","TRAD","2026-06-03T15:51:17Z","","CR","","I","TRUE","2026-06-03T15:51:17Z","2026-06-04","2031-06-20","","FALSE","BBSF","FALSE","FALSE","","92,000,000","","EUR","","","","","","","","","","","","","","","","","","","","","","","","","0.01","","","","","","0.00538","","","","","","false","","","3","","","A004","","","","","","","","2186321.95619","MNTH","","","","3","","","","UFRO","EUR","","","","","false","1","","","","","","","","","","FALSE","","","","","","","","","QZTQ4GTC5QMF","NA/CDS Corp Idx","ITRAXX EUROPE"
"3477940331000000101","","NEWT","TRAD","2026-06-03T12:20:24Z","","CR","","I","TRUE","2026-06-03T12:20:24Z","2026-06-04","2031-06-20","","FALSE","BBSF","FALSE","FALSE","","5,200","","USD","","","","","","","","","","","","","","","","","","","","","","","","","0.05","","","","","","0.01081904","","","","","","false","","","3","","","A004","","","","","","","","475.98000","MNTH","","","","3","","","","UFRO","USD","","","","","false","0.99","","","","","","","","","","FALSE","","","","","","","","","QZHH8NT767RX","NA/CDS Corp Idx","CDX.NA.HY"
"3477846526000000101","","NEWT","TRAD","2026-06-03T12:13:53Z","","CR","","I","TRUE","2026-06-03T12:13:53Z","2026-06-04","2031-06-20","","FALSE","BBSF","FALSE","FALSE","","30,000,000","","EUR","","","","","","","","","","","","","","","","","","","","","","","","","0.05","","","","","","0.0260365","","","","","","false","","","3","","","A004","","","","","","","","3414778.38000","MNTH","","","","3","","","","UFRO","EUR","","","","","false","1","","","","","","","","","","FALSE","","","","","","","","","QZ3HM9KVK2WL","NA/CDS Corp Idx","ITRAXX EUROPE CROSSOVER"
"3477967740000000101","","NEWT","TRAD","2026-06-03T12:21:58Z","","CR","","I","TRUE","2026-06-03T12:21:58Z","2026-06-04","2031-06-20","","FALSE","BBSF","FALSE","FALSE","","3,000,000","","USD","","","","","","","","","","","","","","","","","","","","","","","","","0.05","","","","","","0.010819349","","","","","","false","","","3","","","A004","","","","","","","","274696.65000","MNTH","","","","3","","","","UFRO","USD","","","","","false","0.99","","","","","","","","","","FALSE","","","","","","","","","QZHH8NT767RX","NA/CDS Corp Idx","CDX.NA.HY"
"3470951549000000301","","NEWT","TRAD","2026-06-03T08:49:20Z","","CR","","I","TRUE","2026-06-03T08:49:20Z","2026-06-04","2031-06-20","","FALSE","BBSF","FALSE","FALSE","","5,000,000","","EUR","","","","","","","","","","","","","","","","","","","","","","","","","0.05","","","","","","0.026111","","","","","","false","","","3","","","A004","","","","","","","","567371.01000","MNTH","","","","3","","","","UFRO","EUR","","","","","false","1","","","","","","","","","","FALSE","","","","","","","","","QZ3HM9KVK2WL","NA/CDS Corp Idx","ITRAXX EUROPE CROSSOVER"
"3478313353000000101","","NEWT","TRAD","2026-06-03T12:41:03Z","","CR","","I","TRUE","2026-06-03T12:41:03Z","2026-06-04","2031-06-20","","","TWSF","FALSE","FALSE","","1,000,000","","USD","","","","","","","","","","","","","","","","","","","","","","","","","0.05","","","","","","0.01081662","","","","","","false","","","3","","","A004","","","","","","","","91295.38000","MNTH","","","","3","","","","UFRO","USD","","","","","false","0.99","","","","","","","","","","FALSE","","","","","","","","","QZHH8NT767RX","NA/CDS Corp Idx","CDX.NA.HY"
"3478179527000000101","","NEWT","TRAD","2026-06-03T12:20:11Z","","CR","","N","FALSE","2026-06-03T12:20:11Z","2026-07-15","2026-07-15","2031-06-20","FALSE","BILT","FALSE","FALSE","FALSE","400,000,000+","","USD","","","","","","","","","","","","","","","","","","","","","","","","2026-07-15","0.01","","168,000","USD","","","","","","","0.006","","false","","","","","3","A004","","","","","","","","","MNTH","","","","3","","","","","","","","","","false","","","","","","","","","","","FALSE","","","","","","","","","QZ9Z7H8JV03N","NA/CDS Idx Swt","NA/CDS Corp Idx"
"3478192037000000101","","NEWT","TRAD","2026-06-03T12:34:02Z","","CR","","I","TRUE","2026-06-03T12:34:02Z","2026-06-04","2031-06-20","","FALSE","BBSF","FALSE","FALSE","","10,000,000","","EUR","","","","","","","","","","","","","","","","","","","","","","","","","0.01","","","","","","0.00534217","","","","","","false","","","3","","","A004","","","","","","","","239450.36000","MNTH","","","","3","","","","UFRO","EUR","","","","","false","1","","","","","","","","","","FALSE","","","","","","","","","QZTQ4GTC5QMF","NA/CDS Corp Idx","ITRAXX EUROPE"
"3483343289000000101","2270167438000000701","TERM","ETRM","2026-06-03T19:03:17Z","","CR","","N","FALSE","2026-03-05T19:24:46Z","2026-06-05","2115-09-15","2115-09-15","TRUE","BILT","FALSE","FALSE","TRUE","230,000,000","","USD","","","","","","","","","","","","","","","","","","","","","","","","","","","","","","","1","","","","","","false","","","4","","","","","A004","","DAIL","","1","","","","","","","","","","","","","USD","","","","true","","","","","","","","OPET","","","FALSE","","","","","","","","","QZWBC8GZ8TBN","NA/CDS Corp Oth","Basket"
"3479262057000000301","","NEWT","TRAD","2026-06-03T13:55:24Z","","CR","","I","TRUE","2026-06-03T13:55:24Z","2026-06-04","2031-06-20","","FALSE","BBSF","FALSE","FALSE","","20,000,000","","USD","","","","","","","","","","","","","","","","","","","","","","","","","0.05","","","","","","0.0108124","","","","","","false","","","3","","","A004","","","","","","","","1817552.00000","MNTH","","","","3","","","","UFRO","USD","","","","","false","0.99","","","","","","","","","","FALSE","","","","","","","","","QZHH8NT767RX","NA/CDS Corp Idx","CDX.NA.HY"
"3479813285000000201","","NEWT","TRAD","2026-06-03T14:41:10Z","","CR","","I","TRUE","2026-06-03T14:41:10Z","2026-06-04","2031-06-20","","FALSE","BBSF","FALSE","FALSE","","4,000,000","","EUR","","","","","","","","","","","","","","","","","","","","","","","","","0.01","","","","","","0.005357","","","","","","false","","","3","","","A004","","","","","","","","95496.75000","MNTH","","","","3","","","","UFRO","EUR","","","","","false","1","","","","","","","","","","FALSE","","","","","","","","","QZTQ4GTC5QMF","NA/CDS Corp Idx","ITRAXX EUROPE"
"3479672674000000101","","NEWT","TRAD","2026-06-03T14:27:06Z","FALSE","CR","","I","TRUE","2026-06-03T14:27:06Z","2026-06-03","2026-08-19","","","BILT","FALSE","FALSE","TRUE","400,000,000+","","USD","","","","","","","","","","","","","","","","","","","","","","","","2026-08-19","","","218,800","USD","","","0.007","","","","0.007","","false","","","3","","3","","","","","","","","","","","","","","","","","","","","","","","","false","1","","","","","","","","","","FALSE","","","","","","","","","QZ7WW76RFHN3","NA/CDS Idx Swt","NA/CDS Corp Idx"
"3471790661000000101","","NEWT","TRAD","2026-06-03T08:47:55Z","","CR","","N","FALSE","2026-06-03T08:47:55Z","2026-06-17","2026-06-17","2031-06-20","FALSE","BILT","FALSE","FALSE","FALSE","343,880,019+","","EUR","","","","","","","","","","","","","","","","","","","","","","","","2026-06-17","0.01","","111,761","EUR","","","","","","","0.00575","","false","","","","","3","A004","","","","","","","","","MNTH","","","","3","","","","","","","","","","false","","","","","","","","","","","TRUE","-0.001845","","3","","","","","","QZ8Z2HV2KGSW","NA/CDS Idx Swt","NA/CDS Corp Idx"
"3471940596000000201","3471940595000000101","MODI","TRAD","2026-06-03T09:06:38Z","TRUE","CR","","I","TRUE","2026-06-03T09:06:21Z","2026-03-20","2031-06-20","","FALSE","TPSE","FALSE","FALSE","","25,000,000","","EUR","","","","","","","","","","","","","","","","","","","","","","","","","0.01","","","","","","0.0053375","","","","","","false","","","3","","","A004","","","","","","","","","MNTH","","","","3","","","","","","EUR","","","","false","1","","","","","","","OTHR","","","FALSE","","","","","","","","","QZTQ4GTC5QMF","NA/CDS Corp Idx","ITRAXX EUROPE"
"3471898889000000101","","NEWT","TRAD","2026-06-03T08:47:55Z","","CR","","N","FALSE","2026-06-03T08:47:55Z","2026-07-15","2026-07-15","2031-06-20","FALSE","BILT","FALSE","FALSE","FALSE","343,880,019+","","EUR","","","","","","","","","","","","","","","","","","","","","","","","2026-07-15","0.01","","167,641.5","EUR","","","","","","","0.0065","","false","","","","","3","A004","","","","","","","","","MNTH","","","","3","","","","","","","","","","false","","","","","","","","","","","TRUE","-0.001845","","3","","","","","","QZ8Z2HV2KGSW","NA/CDS Idx Swt","NA/CDS Corp Idx"
"3472088569000000101","","NEWT","TRAD","2026-06-03T09:05:45Z","","CR","","I","TRUE","2026-06-03T09:05:45Z","2026-03-20","2031-06-20","","","BILT","FALSE","FALSE","FALSE","25,000,000","","EUR","","","","","","","","","","","","","","","","","","","","","","","","","0.01","","","","","","","","","","","","false","","","","","","A004","","","","","","","","599184.00000","MNTH","","","","3","","","","UFRO","EUR","","","","","false","1","","","","","","","","","","FALSE","","","","","","","","","QZTQ4GTC5QMF","NA/CDS Corp Idx","ITRAXX EUROPE"
"3472669578000000101","","NEWT","TRAD","2026-06-03T09:17:54Z","","CR","","I","TRUE","2026-06-03T09:17:54Z","2026-06-04","2031-06-20","","FALSE","BBSF","FALSE","FALSE","","25,000,000","","EUR","","","","","","","","","","","","","","","","","","","","","","","","","0.01","","","","","","0.0053259","","","","","","false","","","3","","","A004","","","","","","","","600569.33000","MNTH","","","","3","","","","UFRO","EUR","","","","","false","1","","","","","","","","","","FALSE","","","","","","","","","QZTQ4GTC5QMF","NA/CDS Corp Idx","ITRAXX EUROPE"
"3472669579000000201","","NEWT","TRAD","2026-06-03T09:18:08Z","","CR","","I","TRUE","2026-06-03T09:18:08Z","2026-06-04","2031-06-20","","FALSE","BBSF","FALSE","FALSE","","52,000,000","","EUR","","","","","","","","","","","","","","","","","","","","","","","","","0.01","","","","","","0.005325","","","","","","false","","","3","","","A004","","","","","","","","1249409.39865","MNTH","","","","3","","","","UFRO","EUR","","","","","false","1","","","","","","","","","","TRUE","","","","0.0015","","3","","","QZTQ4GTC5QMF","NA/CDS Corp Idx","ITRAXX EUROPE"
"3472601147000000101","","NEWT","TRAD","2026-06-03T09:17:37Z","","CR","","I","TRUE","2026-06-03T09:17:37Z","2026-06-04","2031-06-20","","","TWSF","FALSE","FALSE","","69,000,000","","EUR","","","","","","","","","","","","","","","","","","","","","","","","","0.01","","","","","","0.00533","","","","","","false","","","3","","","A004","","","","","","","","1656220.79140","MNTH","","","","3","","","","UFRO","EUR","","","","","false","1","","","","","","","","","","TRUE","","","","0.00533","","3","","","QZTQ4GTC5QMF","NA/CDS Corp Idx","ITRAXX EUROPE"
"3472708542000000201","3472088570000000201","MODI","TRAD","2026-06-03T09:06:49Z","TRUE","CR","","I","TRUE","2026-06-03T09:05:05Z","2026-03-20","2031-06-20","","","BILT","FALSE","FALSE","","50,000,000","","EUR","","","","","","","","","","","","","","","","","","","","","","","","","0.01","","","","","","","","","","","","false","","","","","","A004","","","","","","","","1198367.38000","MNTH","","","","3","","","","UFRO","EUR","","","","","false","1","","","","","","","","","","FALSE","","","","","","","","","QZTQ4GTC5QMF","NA/CDS Corp Idx","ITRAXX EUROPE"
"3479255676000000201","","NEWT","TRAD","2026-06-03T13:54:35Z","","CR","","I","TRUE","2026-06-03T13:54:35Z","2026-03-20","2031-06-20","","FALSE","TPSE","FALSE","FALSE","","10,000,000","","EUR","","","","","","","","","","","","","","","","","","","","","","","","","0.05","","","","","","0.026225","","","","","","false","","","3","","","A004","","","","","","","","","MNTH","","","","3","","","","","","EUR","","","","false","1","","","","","","","OTHR","","","FALSE","","","","","","","","","QZ3HM9KVK2WL","NA/CDS Corp Idx","ITRAXX EUROPE CROSSOVER"
"3479262056000000201","","NEWT","TRAD","2026-06-03T13:55:23Z","","CR","","I","TRUE","2026-06-03T13:55:23Z","2026-06-04","2031-06-20","","FALSE","BBSF","FALSE","FALSE","","13,000,000","","EUR","","","","","","","","","","","","","","","","","","","","","","","","","0.05","","","","","","0.0262132","","","","","","false","","","3","","","A004","","","","","","","","1468896.10000","MNTH","","","","3","","","","UFRO","EUR","","","","","false","1","","","","","","","","","","FALSE","","","","","","","","","QZ3HM9KVK2WL","NA/CDS Corp Idx","ITRAXX EUROPE CROSSOVER"
"3479648285000000501","","NEWT","TRAD","2026-06-03T14:25:28Z","","CR","","I","TRUE","2026-06-03T14:25:28Z","2026-06-04","2030-12-20","","FALSE","BBSF","FALSE","TRUE","","46,423,803+","","EUR","","","","","","","","","","","","","","","","","","","","","","","","","0.05","","","","","","0.022715","","","","","","false","","","3","","","A004","","","","","","","","5552074.13543","MNTH","","","","3","","","","UFRO","EUR","","","","","false","1","","","","","","","","","","TRUE","","","","0.00345","","3","","","QZ5F5FRS4TR9","NA/CDS Corp Idx","ITRAXX EUROPE CROSSOVER"
"3479226579000000101","","NEWT","TRAD","2026-06-03T13:52:47Z","","CR","","I","TRUE","2026-06-03T13:52:47Z","2026-06-04","2031-06-20","","","TWSF","FALSE","FALSE","","19,000,000","","EUR","","","","","","","","","","","","","","","","","","","","","","","","","0.05","","","","","","0.0261","","","","","","false","","","3","","","A004","","","","","","","","2157002.61637","MNTH","","","","3","","","","UFRO","EUR","","","","","false","1","","","","","","","","","","TRUE","","","","0.0261","","3","","","QZ3HM9KVK2WL","NA/CDS Corp Idx","ITRAXX EUROPE CROSSOVER"
"3479206616000000701","","NEWT","TRAD","2026-06-03T13:50:54Z","","CR","","I","TRUE","2026-06-03T13:50:54Z","2026-06-04","2031-06-20","","","BTFE","FALSE","FALSE","FALSE","10,000,000","","USD","","","","","","","","","","","","","","","","","","","","","","","","","","","","","","","","","","","","","false","","","","","","A004","","","","","","","","243116.00000","MNTH","","","","3","","","","UFRO","USD","","","","","false","1","","","","","","","","","","FALSE","","","","","","","","","QZ3WVVQG5T8K","NA/CDS Corp Idx","CDX.NA.IG"
"3479099283000000701","","NEWT","TRAD","2026-06-03T13:38:44Z","","CR","","I","TRUE","2026-06-03T13:38:44Z","2026-06-04","2031-06-20","","FALSE","BBSF","FALSE","TRUE","","200,000,000","","USD","","","","","","","","","","","","","","","","","","","","","","","","","0.01","","","","","","0.005102","","","","","","false","","","3","","","A004","","","","","","","","4864170.04000","MNTH","","","","3","","","","UFRO","USD","","","","","false","1","","","","","","","","","","FALSE","","","","","","","","","QZ3WVVQG5T8K","NA/CDS Corp Idx","CDX.NA.IG"
"3479172647000000401","","NEWT","TRAD","2026-06-03T13:47:59Z","","CR","","I","FALSE","2026-06-03T13:47:59Z","2026-06-04","2031-06-20","","","TWSF","FALSE","FALSE","","2,000,000","","USD","","","","","","","","","","","","","","","","","","","","","","","","","0.01","","","","","","0.0097774","","","","","","false","","","3","","","A004","","","","","","","","40297.78000","MNTH","","","","3","","","","UFRO","USD","","","","","false","1","","","","","","","","","","FALSE","","","","","","","","","QZ4JMQKL3P03","NA/CDS Corp Idx","CDX.EM"
"3479160115000000201","","NEWT","TRAD","2026-06-03T13:46:34Z","","CR","","I","FALSE","2026-06-03T13:46:34Z","2026-03-20","2031-06-20","","FALSE","TPSE","FALSE","FALSE","","25,000,000","","USD","","","","","","","","","","","","","","","","","","","","","","","","","0.01","","","","","","97.8","","USD","","","","false","","","1","","","A004","","","","","","","","","MNTH","","","","3","","","","","","USD","","","","false","1","","","","","","","OTHR","","","FALSE","","","","","","","","","QZ4JMQKL3P03","NA/CDS Corp Idx","CDX.EM"
"3479375125000000101","","NEWT","TRAD","2026-06-03T14:04:24Z","","CR","","I","TRUE","2026-06-03T14:04:24Z","2026-06-04","2031-06-20","","","TWSF","FALSE","FALSE","","25,000,000","","USD","","","","","","","","","","","","","","","","","","","","","","","","","0.05","","","","","","0.01081507","","","","","","false","","","3","","","A004","","","","","","","","2278548.25000","MNTH","","","","3","","","","UFRO","USD","","","","","false","0.99","","","","","","","","","","FALSE","","","","","","","","","QZHH8NT767RX","NA/CDS Corp Idx","CDX.NA.HY"
"3479248671000000501","","NEWT","TRAD","2026-06-03T13:54:21Z","","CR","","I","TRUE","2026-06-03T13:54:21Z","2026-06-04","2031-06-20","","","TWSF","FALSE","TRUE","","46,000,000","","EUR","","","","","","","","","","","","","","","","","","","","","","","","","0.05","","","","","","0.026345","","","","","","false","","","3","","","A004","","","","","","","","5169053.19000","MNTH","","","","3","","","","UFRO","EUR","","","","","false","1","","","","","","","","","","FALSE","","","","","","","","","QZ3HM9KVK2WL","NA/CDS Corp Idx","ITRAXX EUROPE CROSSOVER"
"3479365438000000601","","NEWT","TRAD","2026-06-03T14:03:27Z","","CR","","I","TRUE","2026-06-03T14:03:27Z","2026-06-04","2031-06-20","","FALSE","BBSF","FALSE","FALSE","","75,000,000","","EUR","","","","","","","","","","","","","","","","","","","","","","","","","0.01","","","","","","0.0053585","","","","","","false","","","3","","","A004","","","","","","","","1790026.63000","MNTH","","","","3","","","","UFRO","EUR","","","","","false","1","","","","","","","","","","FALSE","","","","","","","","","QZTQ4GTC5QMF","NA/CDS Corp Idx","ITRAXX EUROPE"
"3479264378000000501","","NEWT","TRAD","2026-06-03T13:56:04Z","","CR","","I","TRUE","2026-06-03T13:56:04Z","2026-06-04","2031-06-20","","FALSE","BBSF","FALSE","FALSE","","2,000,000","","USD","","","","","","","","","","","","","","","","","","","","","","","","","0.01","","","","","","0.005091303","","","","","","false","","","3","","","A004","","","","","","","","48740.65000","MNTH","","","","3","","","","UFRO","USD","","","","","false","1","","","","","","","","","","FALSE","","","","","","","","","QZ3WVVQG5T8K","NA/CDS Corp Idx","CDX.NA.IG"
"3472846300000000101","","NEWT","TRAD","2026-06-03T09:19:43Z","","CR","","N","FALSE","2026-06-03T09:19:43Z","2026-03-20","2026-09-16","2031-06-20","FALSE","BILT","FALSE","FALSE","TRUE","343,880,019+","","EUR","","","","","","","","","","","","","","","","","","","","","","","","2026-09-16","0.01","","773,730","EUR","","","","","","","0.00575","","false","","","","","3","A004","","","","","","","","","MNTH","","","","3","","","","","","","","","","false","1","","","","","","","","","","FALSE","","","","","","","","","QZS1WNR5R2ND","NA/CDS Idx Swt","NA/CDS Corp Idx"
"3478422116000000101","","NEWT","TRAD","2026-06-03T12:49:15Z","","CR","","I","TRUE","2026-06-03T12:49:15Z","2026-06-04","2031-06-20","","FALSE","BBSF","FALSE","FALSE","","5,000,000","","EUR","","","","","","","","","","","","","","","","","","","","","","","","","0.05","","","","","","0.026134","","","","","","false","","","3","","","A004","","","","","","","","566828.26000","MNTH","","","","3","","","","UFRO","EUR","","","","","false","1","","","","","","","","","","FALSE","","","","","","","","","QZ3HM9KVK2WL","NA/CDS Corp Idx","ITRAXX EUROPE CROSSOVER"
"3478645320000000201","","NEWT","TRAD","2026-06-03T13:05:02Z","","CR","","I","TRUE","2026-06-03T13:05:02Z","2026-06-04","2031-06-20","","","TWSF","FALSE","FALSE","","3,000,000","","USD","","","","","","","","","","","","","","","","","","","","","","","","","0.05","","","","","","0.01081817","","","","","","false","","","3","","","A004","","","","","","","","274346.49000","MNTH","","","","3","","","","UFRO","USD","","","","","false","0.99","","","","","","","","","","FALSE","","","","","","","","","QZHH8NT767RX","NA/CDS Corp Idx","CDX.NA.HY"
"3480412914000000301","","NEWT","TRAD","2026-06-03T15:43:58Z","","CR","","I","TRUE","2026-06-03T15:43:58Z","2026-06-04","2031-06-20","","FALSE","BBSF","FALSE","FALSE","","25,000,000","","USD","","","","","","","","","","","","","","","","","","","","","","","","","0.05","","","","","","0.01081125","","","","","","false","","","3","","","A004","","","","","","","","2269093.75000","MNTH","","","","3","","","","UFRO","USD","","","","","false","0.99","","","","","","","","","","FALSE","","","","","","","","","QZHH8NT767RX","NA/CDS Corp Idx","CDX.NA.HY"
"3476937654000000301","","NEWT","TRAD","2026-06-03T10:55:27Z","","CR","","I","FALSE","2026-06-03T10:55:27Z","2026-06-04","2031-06-20","","","TWSF","FALSE","TRUE","","163,343,009+","","EUR","","","","","","","","","","","","","","","","","","","","","","","","","0.01","","","","","","0.005336","","","","","","false","","","3","","","A004","","","","","","","","3916075.10860","MNTH","","","","3","","","","UFRO","EUR","","","","","false","1","","","","","","","","","","FALSE","","","","","","","","","QZTQ4GTC5QMF","NA/CDS Corp Idx","ITRAXX EUROPE"
"3479379958000000201","","NEWT","TRAD","2026-06-03T14:05:27Z","","CR","","I","TRUE","2026-06-03T14:05:27Z","2026-06-04","2031-06-20","","","TWSF","FALSE","TRUE","","50,000,000","","USD","","","","","","","","","","","","","","","","","","","","","","","","","0.05","","","","","","0.0108145","","","","","","false","","","3","","","A004","","","","","","","","4554275.00000","MNTH","","","","3","","","","UFRO","USD","","","","","false","0.99","","","","","","","","","","FALSE","","","","","","","","","QZHH8NT767RX","NA/CDS Corp Idx","CDX.NA.HY"
"3476953244000000301","","NEWT","TRAD","2026-06-03T10:56:24Z","","CR","","I","TRUE","2026-06-03T10:56:24Z","2026-06-04","2031-06-20","","FALSE","BBSF","FALSE","TRUE","","46,423,803+","","EUR","","","","","","","","","","","","","","","","","","","","","","","","","0.05","","","","","","0.0262","","","","","","false","","","3","","","A004","","","","","","","","5248394.81231","MNTH","","","","3","","","","UFRO","EUR","","","","","false","1","","","","","","","","","","TRUE","","","","0.0067","","3","","","QZ3HM9KVK2WL","NA/CDS Corp Idx","ITRAXX EUROPE CROSSOVER"
"3476563026000000201","","NEWT","TRAD","2026-06-03T10:43:53Z","","CR","","I","TRUE","2026-06-03T10:43:53Z","2026-06-04","2031-06-20","","","TWSF","FALSE","TRUE","","163,343,009+","","EUR","","","","","","","","","","","","","","","","","","","","","","","","","0.01","","","","","","0.0053425","","","","","","false","","","3","","","A004","","","","","","","","3911041.89491","MNTH","","","","3","","","","UFRO","EUR","","","","","false","1","","","","","","","","","","TRUE","","","","0.412","","3","","","QZTQ4GTC5QMF","NA/CDS Corp Idx","ITRAXX EUROPE"
"3479504362000000301","","NEWT","TRAD","2026-06-03T14:14:07Z","","CR","","I","TRUE","2026-06-03T14:14:07Z","2026-06-04","2031-06-20","","FALSE","BBSF","FALSE","FALSE","","50,000,000","","USD","","","","","","","","","","","","","","","","","","","","","","","","","0.01","","","","","","0.00508","","","","","","false","","","3","","","A004","","","","","","","","1221130.37000","MNTH","","","","3","","","","UFRO","USD","","","","","false","1","","","","","","","","","","FALSE","","","","","","","","","QZ3WVVQG5T8K","NA/CDS Corp Idx","CDX.NA.IG"
"3476458301000000201","","NEWT","TRAD","2026-06-03T10:42:16Z","","CR","","I","FALSE","2026-06-03T10:42:16Z","2026-06-04","2031-06-20","","","TWSF","FALSE","FALSE","","90,000,000","","EUR","","","","","","","","","","","","","","","","","","","","","","","","","0.01","","","","","","0.005335","","","","","","false","","","3","","","A004","","","","","","","","2158136.31000","MNTH","","","","3","","","","UFRO","EUR","","","","","false","1","","","","","","","","","","FALSE","","","","","","","","","QZTQ4GTC5QMF","NA/CDS Corp Idx","ITRAXX EUROPE"
"3479367495000000301","","NEWT","TRAD","2026-06-03T14:04:06Z","","CR","","I","TRUE","2026-06-03T14:04:06Z","2026-06-04","2031-06-20","","FALSE","BBSF","FALSE","TRUE","","57,000,000","","USD","","","","","","","","","","","","","","","","","","","","","","","","","0.05","","","","","","0.010816","","","","","","false","","","3","","","A004","","","","","","","","5200338.00000","MNTH","","","","3","","","","UFRO","USD","","","","","false","0.99","","","","","","","","","","FALSE","","","","","","","","","QZHH8NT767RX","NA/CDS Corp Idx","CDX.NA.HY"
"3479155927000000101","","NEWT","NOVA","2026-06-03T13:45:47Z","","CR","","N","FALSE","2026-06-02T14:19:10Z","2026-06-03","2026-07-15","2031-06-20","FALSE","BILT","FALSE","FALSE","TRUE","30,000,000","","EUR","","","","","","","","","","","","","","","","","","","","","","","","2026-07-15","0.05","","51,000","EUR","","","","","","","325","EUR","false","","","","","1","A004","","","","","","","","","MNTH","","","","3","","","","","","","","","","false","","","","","","","","","","","FALSE","","","","","","","","","QZTL0V3X916X","NA/CDS Idx Swt","NA/CDS Corp Idx"
"3477313142000000101","","NEWT","TRAD","2026-06-03T11:30:20Z","","CR","","I","TRUE","2026-06-03T11:30:20Z","2026-03-20","2031-06-20","","FALSE","BGCD","FALSE","FALSE","","50,000,000","","EUR","","","","","","","","","","","","","","","","","","","","","","","","","","","","","","","0.0053125","","","","","","false","","","3","","","A004","","","","","","","","","MNTH","","","","3","","","","","","","","","","false","1","","","","","","","","","","TRUE","","","","-0.0005375","","3","","","QZTQ4GTC5QMF","NA/CDS Corp Idx","ITRAXX EUROPE"
"3479218689000000301","","NEWT","TRAD","2026-06-03T13:52:21Z","","CR","","I","TRUE","2026-06-03T13:52:21Z","2026-06-04","2031-06-20","","FALSE","BBSF","FALSE","FALSE","","2,000,000","","USD","","","","","","","","","","","","","","","","","","","","","","","","","0.05","","","","","","0.01081225","","","","","","false","","","3","","","A004","","","","","","","","181725.50000","MNTH","","","","3","","","","UFRO","USD","","","","","false","0.99","","","","","","","","","","FALSE","","","","","","","","","QZHH8NT767RX","NA/CDS Corp Idx","CDX.NA.HY"
"3477215233000000101","","NEWT","TRAD","2026-06-03T11:22:19Z","","CR","","I","TRUE","2026-06-03T11:22:19Z","2026-06-04","2031-06-20","","FALSE","BBSF","FALSE","FALSE","","50,000,000","","USD","","","","","","","","","","","","","","","","","","","","","","","","","0.01","","","","","","0.00507","","","","","","false","","","3","","","A004","","","","","","","","1223443.34000","MNTH","","","","3","","","","UFRO","USD","","","","","false","1","","","","","","","","","","FALSE","","","","","","","","","QZ3WVVQG5T8K","NA/CDS Corp Idx","CDX.NA.IG"
"3477076083000000301","","NEWT","TRAD","2026-06-03T11:07:54Z","","CR","","I","TRUE","2026-06-03T11:07:54Z","2026-06-04","2031-06-20","","FALSE","BBSF","FALSE","TRUE","","43,000,000","","EUR","","","","","","","","","","","","","","","","","","","","","","","","","0.05","","","","","","0.02608905","","","","","","false","","","3","","","A004","","","","","","","","4883841.17769","MNTH","","","","3","","","","UFRO","EUR","","","","","false","1","","","","","","","","","","TRUE","","","","0.006718","","3","","","QZ3HM9KVK2WL","NA/CDS Corp Idx","ITRAXX EUROPE CROSSOVER"
"3478587886000000201","3457040005000000101","CORR","","2026-06-03T11:46:18Z","","CR","","N","FALSE","2026-06-02T16:02:00Z","2026-06-02","2030-12-20","","FALSE","BILT","FALSE","FALSE","FALSE","15,000,000","","EUR","","","","","","","","","","","","","","","","","","","","","","","","","0.05","","","","","","","","","","","","false","","","","","","A004","","","","","","","","2163000.00000","MNTH","","","","3","","","","UFRO","EUR","","","","","false","1","","","","","","","","","","FALSE","","","","","","","","","QZB5DPT9MS3H","NA/CDS Corp Idx Tra","ITRAXX EUROPE CROSSOVER"
"3480508092000000101","","NEWT","TRAD","2026-06-03T15:50:18Z","","CR","","I","TRUE","2026-06-03T15:50:18Z","2026-06-04","2030-12-20","","FALSE","BBSF","FALSE","FALSE","","25,000,000","","USD","","","","","","","","","","","","","","","","","","","","","","","","","0.05","","","","","","0.01081825","","","","","","false","","","3","","","A004","","","","","","","","2263323.61000","MNTH","","","","3","","","","UFRO","USD","","","","","false","0.98","","","","","","","","","","FALSE","","","","","","","","","QZMD5JCHG48C","NA/CDS Corp Idx","CDX.NA.HY"
"3480502706000000101","","NEWT","TRAD","2026-06-03T15:49:53Z","","CR","","I","TRUE","2026-06-03T15:49:53Z","2026-06-04","2031-06-20","","FALSE","BBSF","FALSE","FALSE","","700,000","","USD","","","","","","","","","","","","","","","","","","","","","","","","","0.01","","","","","","0.005103","","","","","","false","","","3","","","A004","","","","","","","","17021.36000","MNTH","","","","3","","","","UFRO","USD","","","","","false","1","","","","","","","","","","FALSE","","","","","","","","","QZ3WVVQG5T8K","NA/CDS Corp Idx","CDX.NA.IG"
"3480468699000000301","","NEWT","TRAD","2026-06-03T15:47:30Z","","CR","","I","TRUE","2026-06-03T15:47:30Z","2026-06-04","2031-06-20","","","TWSF","FALSE","FALSE","","100,000,000","","EUR","","","","","","","","","","","","","","","","","","","","","","","","","0.01","","","","","","0.0053689","","","","","","false","","","3","","","A004","","","","","","","","2381734.29000","MNTH","","","","3","","","","UFRO","EUR","","","","","false","1","","","","","","","","","","FALSE","","","","","","","","","QZTQ4GTC5QMF","NA/CDS Corp Idx","ITRAXX EUROPE"
"3470170477000000101","","NEWT","TRAD","2026-06-03T08:36:13Z","","CR","","I","TRUE","2026-06-03T08:36:13Z","2026-06-04","2031-06-20","","FALSE","BBSF","FALSE","FALSE","","7,000,000","","EUR","","","","","","","","","","","","","","","","","","","","","","","","","0.05","","","","","","0.026077","","","","","","false","","","3","","","A004","","","","","","","","795442.93000","MNTH","","","","3","","","","UFRO","EUR","","","","","false","1","","","","","","","","","","FALSE","","","","","","","","","QZ3HM9KVK2WL","NA/CDS Corp Idx","ITRAXX EUROPE CROSSOVER"
"3479906306000000401","","NEWT","TRAD","2026-06-03T14:50:58Z","","CR","","N","FALSE","2026-06-03T14:50:58Z","2025-09-22","2030-12-20","","FALSE","BILT","FALSE","FALSE","FALSE","500,000","","USD","","","","","","","","","","","","","","","","","","","","","","","","","0.01","","","","","","","","","","","","false","","","","","","A004","","","","","","","","1644.44000","MNTH","","","","3","","","","UFRO","USD","","","","","false","1","","","","","","","","","","FALSE","","","","","","","","","QZZQ6T5D30X7","NA/CDS Sov Idx","CDX.EM"
"3479924970000000201","","NEWT","TRAD","2026-06-03T14:53:16Z","","CR","","I","TRUE","2026-06-03T14:53:16Z","2026-06-04","2031-06-20","","FALSE","BBSF","FALSE","FALSE","","20,000,000","","USD","","","","","","","","","","","","","","","","","","","","","","","","","0.01","","","","","","0.005089","","","","","","false","","","3","","","A004","","","","","","","","487619.55000","MNTH","","","","3","","","","UFRO","USD","","","","","false","1","","","","","","","","","","FALSE","","","","","","","","","QZ3WVVQG5T8K","NA/CDS Corp Idx","CDX.NA.IG"
"3479924969000000101","","NEWT","TRAD","2026-06-03T14:52:41Z","","CR","","I","TRUE","2026-06-03T14:52:41Z","2026-06-04","2031-06-20","","FALSE","BBSF","FALSE","FALSE","","100,000,000","","USD","","","","","","","","","","","","","","","","","","","","","","","","","0.01","","","","","","0.005083","","","","","","false","","","3","","","A004","","","","","","","","2440873.04000","MNTH","","","","3","","","","UFRO","USD","","","","","false","1","","","","","","","","","","FALSE","","","","","","","","","QZ3WVVQG5T8K","NA/CDS Corp Idx","CDX.NA.IG"
"3479704998000000101","2248898565000000501","EROR","","2026-06-03T14:29:29Z","","CR","","","","2026-03-04T14:00:21Z","2026-03-09","2026-06-04","","","","","","FALSE","","","","","","","","","","","","","","","","","","","","","","","","","","","","1.1695067178","","","","","","","","","","","","","","","","","","","","","","","","","","","","","","","","","","","","","","","","","","","","","","","","","","","","","","","","","","","","","QZSJQPXN872D","NA/CDS Corp SN","No name obtainable"
"3479757580000000501","","NEWT","TRAD","2026-06-03T14:34:33Z","","CR","","I","FALSE","2026-06-03T14:34:33Z","2026-03-20","2031-06-20","","","GFSO","FALSE","FALSE","FALSE","25,000,000","","EUR","","","","","","","","","","","","","","","","","","","","","","","","","0.01","","","","","","","","","","","","false","","","","","","A004","","","","","","","","596198.00000","MNTH","","","","3","","","","UFRO","EUR","","","","","false","1","","","","","","","","","","FALSE","","","","","","","","","QZTQ4GTC5QMF","NA/CDS Corp Idx","ITRAXX EUROPE"
"3479757578000000301","","NEWT","TRAD","2026-06-03T14:34:11Z","","CR","","I","TRUE","2026-06-03T14:34:11Z","2026-03-20","2031-06-20","","FALSE","TPSE","FALSE","FALSE","","50,000,000","","USD","","","","","","","","","","","","","","","","","","","","","","","","","0.01","","","","","","0.005077","","","","","","false","","","3","","","A004","","","","","","","","","MNTH","","","","3","","","","","","USD","","","","false","1","","","","","","","OTHR","","","FALSE","","","","","","","","","QZ3WVVQG5T8K","NA/CDS Corp Idx","CDX.NA.IG"
"3479726128000000301","","NEWT","TRAD","2026-06-03T14:32:29Z","","CR","","I","FALSE","2026-06-03T14:32:29Z","2026-06-04","2031-06-20","","FALSE","BBSF","FALSE","FALSE","","13,000,000","","USD","","","","","","","","","","","","","","","","","","","","","","","","","0.01","","","","","","0.0097795","","","","","","false","","","3","","","A004","","","","","","","","259205.56000","MNTH","","","","3","","","","UFRO","USD","","","","","false","1","","","","","","","","","","FALSE","","","","","","","","","QZ4JMQKL3P03","NA/CDS Corp Idx","CDX.EM"
"3479414962000000501","3456803668000000101","CORR","","2026-06-03T14:06:20Z","","CR","","N","FALSE","2026-06-02T16:03:16Z","2026-06-02","2026-07-15","2031-06-20","FALSE","BILT","FALSE","FALSE","TRUE","400,000,000+","","USD","","","","","","","","","","","","","","","","","","","","","","","","2026-07-15","0.01","","250,000","USD","","","","","","","0.005","","false","","","","","3","A004","","","","","","","","","MNTH","","","","3","","","","","","","","","","false","1","","","","","","","","","","FALSE","","","","","","","","","QZ7WW76RFHN3","NA/CDS Idx Swt","NA/CDS Corp Idx"
"3477874325000000301","","NEWT","TRAD","2026-06-03T12:15:51Z","","CR","","I","TRUE","2026-06-03T12:15:51Z","2026-06-04","2031-06-20","","","TWSF","FALSE","TRUE","","163,343,009+","","EUR","","","","","","","","","","","","","","","","","","","","","","","","","0.01","","","","","","0.00532","","","","","","false","","","3","","","A004","","","","","","","","3928578.07440","MNTH","","","","3","","","","UFRO","EUR","","","","","false","1","","","","","","","","","","TRUE","","","","0.00532","","3","","","QZTQ4GTC5QMF","NA/CDS Corp Idx","ITRAXX EUROPE"
"3480622180000000101","","NEWT","TRAD","2026-06-03T15:57:33Z","","CR","","I","TRUE","2026-06-03T15:57:33Z","2026-03-20","2031-06-20","","FALSE","TPSE","FALSE","FALSE","","50,000,000","","USD","","","","","","","","","","","","","","","","","","","","","","","","","0.05","","","","","","108.105","","USD","","","","false","","","1","","","A004","","","","","","","","","MNTH","","","","3","","","","","","USD","","","","false","0.99","","","","","","","OTHR","","","FALSE","","","","","","","","","QZHH8NT767RX","NA/CDS Corp Idx","CDX.NA.HY"
"3480468698000000201","","NEWT","TRAD","2026-06-03T15:47:24Z","","CR","","I","TRUE","2026-06-03T15:47:24Z","2026-06-04","2029-12-20","","FALSE","BBSF","FALSE","TRUE","","30,000,000","","USD","","","","","","","","","","","","","","","","","","","","","","","","","0.05","","","","","","0.010825","","","","","","false","","","3","","","A004","","","","","","","","2735833.33000","MNTH","","","","3","","","","UFRO","USD","","","","","false","0.98","","","","","","","","","","TRUE","1.1023","","3","","","","","","QZ74TPX36LBH","NA/CDS Corp Idx","CDX.NA.HY"
"3480656140000000401","","NEWT","TRAD","2026-06-03T15:59:07Z","","CR","","I","TRUE","2026-06-03T15:59:07Z","2026-03-20","2031-06-20","","FALSE","TPSE","FALSE","FALSE","","250,000,000+","","USD","","","","","","","","","","","","","","","","","","","","","","","","","0.01","","","","","","0.0051025","","","","","","false","","","3","","","A004","","","","","","","","","MNTH","","","","3","","","","","","USD","","","","false","1","","","","","","","OTHR","","","FALSE","","","","","","","","","QZ3WVVQG5T8K","NA/CDS Corp Idx","CDX.NA.IG"
"3480353796000000201","","NEWT","TRAD","2026-06-03T15:38:28Z","","CR","","I","TRUE","2026-06-03T15:38:28Z","2026-06-04","2031-06-20","","FALSE","BBSF","FALSE","FALSE","","25,000,000","","USD","","","","","","","","","","","","","","","","","","","","","","","","","0.05","","","","","","0.01081075","","","","","","false","","","3","","","A004","","","","","","","","2267856.25000","MNTH","","","","3","","","","UFRO","USD","","","","","false","0.99","","","","","","","","","","FALSE","","","","","","","","","QZHH8NT767RX","NA/CDS Corp Idx","CDX.NA.HY"
"3480187271000000201","","NEWT","TRAD","2026-06-03T15:21:13Z","","CR","","I","TRUE","2026-06-03T15:21:13Z","2026-06-04","2031-06-20","","FALSE","BBSF","FALSE","FALSE","","40,000,000","","USD","","","","","","","","","","","","","","","","","","","","","","","","","0.01","","","","","","0.005084","","","","","","false","","","3","","","A004","","","","","","","","976164.19000","MNTH","","","","3","","","","UFRO","USD","","","","","false","1","","","","","","","","","","FALSE","","","","","","","","","QZ3WVVQG5T8K","NA/CDS Corp Idx","CDX.NA.IG"
"3480293217000000101","","NEWT","TRAD","2026-06-03T15:32:29Z","","CR","","I","TRUE","2026-06-03T15:32:29Z","2026-06-04","2031-06-20","","FALSE","BBSF","FALSE","FALSE","","15,000,000","","USD","","","","","","","","","","","","","","","","","","","","","","","","","0.01","","","","","","0.00509021","","","","","","false","","","3","","","A004","","","","","","","","365630.71000","MNTH","","","","3","","","","UFRO","USD","","","","","false","1","","","","","","","","","","FALSE","","","","","","","","","QZ3WVVQG5T8K","NA/CDS Corp Idx","CDX.NA.IG"
"3480127253000000101","","NEWT","TRAD","2026-06-03T15:14:50Z","","CR","","N","FALSE","2026-06-03T15:14:50Z","2026-06-03","2026-08-19","2031-06-20","FALSE","BILT","FALSE","FALSE","TRUE","170,000,000","","USD","","","","","","","","","","","","","","","","","","","","","","","","2026-08-19","0.05","","471,238.69023","USD","","","","","","","0.0104","","false","","","","","3","A004","","","","","","","","","MNTH","","","","3","","","","","","","","","","false","0.99","","","","","","","","","","FALSE","","","","","","","","","QZHJMSG8W2ZX","NA/CDS Idx Swt","NA/CDS Corp Idx"
"3478305434000000501","","NEWT","TRAD","2026-06-03T12:40:07Z","","CR","","N","FALSE","2026-06-03T12:40:07Z","2026-03-20","2026-07-15","2031-06-20","FALSE","BILT","FALSE","FALSE","TRUE","100,000,000","","EUR","","","","","","","","","","","","","","","","","","","","","","","","2026-07-15","0.05","","44,000","EUR","","","","","","","0.045","","false","","","","","3","A004","","","","","","","","","MNTH","","","","3","","","","","","","","","","false","1","","","","","","","","","","FALSE","","","","","","","","","QZS61NHV7CQ9","NA/Cr Op Swps EuPt Van Ph",""
"3464553931000000101","","NEWT","TRAD","2026-06-03T06:28:55Z","","CR","","I","FALSE","2026-06-03T06:28:55Z","2026-03-20","2031-06-20","","","TSCD","FALSE","FALSE","FALSE","25,000,000","","EUR","","","","","","","","","","","","","","","","","","","","","","","","","0.01","","","","","","","","","","","","false","","","","","","A004","","","","","","","","602170.15000","MNTH","","","","3","","","","UFRO","EUR","","","","","false","1","","","","","","","","","","FALSE","","","","","","","","","QZTQ4GTC5QMF","NA/CDS Corp Idx","ITRAXX EUROPE"
"3478785303000000101","","NEWT","TRAD","2026-06-03T13:14:18Z","","CR","","I","TRUE","2026-06-03T13:14:18Z","2026-06-04","2031-06-20","","FALSE","BBSF","FALSE","FALSE","","10,000,000","","USD","","","","","","","","","","","","","","","","","","","","","","","","","0.05","","","","","","0.01081875","","","","","","false","","","3","","","A004","","","","","","","","915062.50000","MNTH","","","","3","","","","UFRO","USD","","","","","false","0.99","","","","","","","","","","FALSE","","","","","","","","","QZHH8NT767RX","NA/CDS Corp Idx","CDX.NA.HY"
"3478654780000000201","","NEWT","TRAD","2026-06-03T12:53:23Z","","CR","","N","FALSE","2026-06-03T12:53:23Z","2026-03-20","2026-09-16","","FALSE","BILT","FALSE","FALSE","TRUE","300,000,000","","USD","","","","","","","","","","","","","","","","","","","","","","","","2026-09-16","0.007","","240,000","USD","","","1","","","","0.7","USD","false","","","3","","3","A004","","","","","","","","","MNTH","","","","3","","","","","","","","","","false","","","","","","","","","","","FALSE","","","","","","","","","QZ7WW76RFHN3","NA/CDS Idx Swt","NA/CDS Corp Idx"
"3478741648000000101","","NEWT","TRAD","2026-06-03T13:10:31Z","","CR","","I","TRUE","2026-06-03T13:10:31Z","2026-06-04","2031-06-20","","FALSE","BBSF","FALSE","TRUE","","50,000,000","","USD","","","","","","","","","","","","","","","","","","","","","","","","","0.05","","","","","","0.01081811","","","","","","false","","","3","","","A004","","","","","","","","4572144.50000","MNTH","","","","3","","","","UFRO","USD","","","","","false","0.99","","","","","","","","","","FALSE","","","","","","","","","QZHH8NT767RX","NA/CDS Corp Idx","CDX.NA.HY"
"3480595496000000401","3480578311000000501","MODI","TRAD","2026-06-03T15:55:57Z","TRUE","CR","","I","TRUE","2026-06-03T15:54:43Z","2026-03-20","2031-06-20","","FALSE","TPSE","FALSE","FALSE","","30,000,000","","EUR","","","","","","","","","","","","","","","","","","","","","","","","","0.05","","","","","","0.026275","","","","","","false","","","3","","","A004","","","","","","","","","MNTH","","","","3","","","","","","EUR","","","","false","1","","","","","","","OTHR","","","TRUE","","","","0.004725","","3","","","QZ3HM9KVK2WL","NA/CDS Corp Idx","ITRAXX EUROPE CROSSOVER"
"3477725524000000101","","NEWT","TRAD","2026-06-03T12:04:04Z","","CR","","I","TRUE","2026-06-03T12:04:04Z","2026-06-04","2031-06-20","","","TWSF","FALSE","FALSE","","35,000,000","","USD","","","","","","","","","","","","","","","","","","","","","","","","","0.05","","","","","","0.0108195","","","","","","false","","","3","","","A004","","","","","","","","3205317.50000","MNTH","","","","3","","","","UFRO","USD","","","","","false","0.99","","","","","","","","","","FALSE","","","","","","","","","QZHH8NT767RX","NA/CDS Corp Idx","CDX.NA.HY"
"3477359498000000101","","NEWT","TRAD","2026-06-03T11:34:49Z","","CR","","N","FALSE","2026-02-25T16:49:38Z","2025-09-22","2030-12-20","2030-12-20","TRUE","BILT","FALSE","TRUE","TRUE","343,880,019+","","EUR","","","","","","","","","","","","","","","","","","","","","","","","2026-06-17","0.01","","0","EUR","","","","","","","0.0085","","false","","","","","3","A004","","","","","","","","","MNTH","","","","3","","","","","","","","","","false","1","","","","","","","","","","FALSE","","","","","","","","","QZX75BBR2PZH","NA/CDS Idx Swt","NA/CDS Corp Idx"
"3477696316000000201","","NEWT","TRAD","2026-06-03T12:01:51Z","","CR","","I","TRUE","2026-06-03T12:01:51Z","2026-06-04","2031-06-20","","","TWSF","FALSE","FALSE","","23,000,000","","USD","","","","","","","","","","","","","","","","","","","","","","","","","0.05","","","","","","0.01082075","","","","","","false","","","3","","","A004","","","","","","","","2109197.75000","MNTH","","","","3","","","","UFRO","USD","","","","","false","0.99","","","","","","","","","","FALSE","","","","","","","","","QZHH8NT767RX","NA/CDS Corp Idx","CDX.NA.HY"
"3478924571000000101","","NEWT","TRAD","2026-06-03T13:23:54Z","","CR","","I","TRUE","2026-06-03T13:23:54Z","2026-06-04","2031-06-20","","","BTFE","FALSE","FALSE","FALSE","100,000,000","","EUR","","","","","","","","","","","","","","","","","","","","","","","","","","","","","","","","","","","","","false","","","","","","A004","","","","","","","","2397738.12000","MNTH","","","","3","","","","UFRO","EUR","","","","","false","1","","","","","","","","","","FALSE","","","","","","","","","QZTQ4GTC5QMF","NA/CDS Corp Idx","ITRAXX EUROPE"
"3478919400000000301","","NEWT","TRAD","2026-06-03T13:23:52Z","","CR","","I","TRUE","2026-06-03T13:23:52Z","2026-06-04","2031-06-20","","FALSE","BBSF","FALSE","FALSE","","5,000,000","","USD","","","","","","","","","","","","","","","","","","","","","","","","","0.01","","","","","","0.005082","","","","","","false","","","3","","","A004","","","","","","","","122066.78000","MNTH","","","","3","","","","UFRO","USD","","","","","false","1","","","","","","","","","","FALSE","","","","","","","","","QZ3WVVQG5T8K","NA/CDS Corp Idx","CDX.NA.IG"
"3467691631000000101","","NEWT","TRAD","2026-06-03T07:52:52Z","","CR","","I","TRUE","2026-06-03T07:52:52Z","2026-06-04","2031-06-20","","FALSE","BBSF","FALSE","FALSE","","50,000,000","","EUR","","","","","","","","","","","","","","","","","","","","","","","","","0.01","","","","","","0.00532","","","","","","false","","","3","","","A004","","","","","","","","1202548.29000","MNTH","","","","3","","","","UFRO","EUR","","","","","false","1","","","","","","","","","","FALSE","","","","","","","","","QZTQ4GTC5QMF","NA/CDS Corp Idx","ITRAXX EUROPE"
"3479138459000000301","","NEWT","TRAD","2026-06-03T13:44:28Z","","CR","","I","TRUE","2026-06-03T13:44:28Z","2026-06-04","2031-06-20","","FALSE","BBSF","FALSE","FALSE","","100,000,000","","USD","","","","","","","","","","","","","","","","","","","","","","","","","0.01","","","","","","0.005097","","","","","","false","","","3","","","A004","","","","","","","","2434397.53000","MNTH","","","","3","","","","UFRO","USD","","","","","false","1","","","","","","","","","","FALSE","","","","","","","","","QZ3WVVQG5T8K","NA/CDS Corp Idx","CDX.NA.IG"
"3479129153000000701","","NEWT","TRAD","2026-06-03T13:42:43Z","","CR","","I","TRUE","2026-06-03T13:42:43Z","2026-06-04","2031-06-20","","FALSE","BBSF","FALSE","FALSE","","70,000,000","","EUR","","","","","","","","","","","","","","","","","","","","","","","","","0.01","","","","","","0.0053595","","","","","","false","","","3","","","A004","","","","","","","","1670357.13000","MNTH","","","","3","","","","UFRO","EUR","","","","","false","1","","","","","","","","","","FALSE","","","","","","","","","QZTQ4GTC5QMF","NA/CDS Corp Idx","ITRAXX EUROPE"
"3479129163000001701","","NEWT","TRAD","2026-06-03T13:42:54Z","","CR","","I","TRUE","2026-06-03T13:42:54Z","2026-06-04","2031-06-20","","FALSE","BBSF","FALSE","FALSE","","6,000,000","","USD","","","","","","","","","","","","","","","","","","","","","","","","","0.01","","","","","","0.00509665","","","","","","false","","","3","","","A004","","","","","","","","146073.78987","MNTH","","","","3","","","","UFRO","USD","","","","","false","1","","","","","","","","","","FALSE","","","","","","","","","QZ3WVVQG5T8K","NA/CDS Corp Idx","CDX.NA.IG"
"3478965000000000301","","NEWT","TRAD","2026-06-03T13:28:40Z","","CR","","I","TRUE","2026-06-03T13:28:40Z","2026-06-04","2031-06-20","","FALSE","BBSF","FALSE","TRUE","","163,343,009+","","EUR","","","","","","","","","","","","","","","","","","","","","","","","","0.01","","","","","","0.0053399","","","","","","false","","","3","","","A004","","","","","","","","3913013.48571","MNTH","","","","3","","","","UFRO","EUR","","","","","false","1","","","","","","","","","","FALSE","","","","","","","","","QZTQ4GTC5QMF","NA/CDS Corp Idx","ITRAXX EUROPE"
"3478809100000001001","","NEWT","TRAD","2026-06-03T13:13:40Z","","CR","","I","FALSE","2026-06-03T13:13:40Z","2026-06-04","2031-06-20","2031-06-20","FALSE","XXXX","FALSE","FALSE","TRUE","94,567,005+","","EUR","","","","","","","","","","","","","","","","","","","","","","","","","0.01","","","","","","","","","","","","false","","","","","","A004","","","","","","","","2159306.95053","MNTH","","","","3","","","","UFRO","EUR","EUR","EUR","","","false","1","","","","","","","","","","TRUE","0.000001","","3","","","","","","QZTB38W3WJ98","NA/CDS Corp Idx","ITRAXX EUROPE SENIOR FINANCIALS"
"3479099277000000101","","NEWT","TRAD","2026-06-03T13:38:26Z","","CR","","I","TRUE","2026-06-03T13:38:26Z","2026-06-04","2031-06-20","","FALSE","BBSF","FALSE","FALSE","","25,000,000","","USD","","","","","","","","","","","","","","","","","","","","","","","","","0.01","","","","","","0.005102","","","","","","false","","","3","","","A004","","","","","","","","608021.25000","MNTH","","","","3","","","","UFRO","USD","","","","","false","1","","","","","","","","","","FALSE","","","","","","","","","QZ3WVVQG5T8K","NA/CDS Corp Idx","CDX.NA.IG"
"3481343846000000601","3478231517000000101","CORR","","2026-06-03T16:32:06Z","","CR","","N","FALSE","2026-06-03T12:35:48Z","2026-03-20","2026-09-16","2031-06-20","FALSE","BILT","FALSE","FALSE","TRUE","343,880,019+","","EUR","","","","","","","","","","","","","","","","","","","","","","","","2026-09-16","0.01","","402,339.6","EUR","","","","","","","0.00525","","false","","","","","3","A004","","","","","","","","","MNTH","","","","3","","","","","","","","","","false","1","","","","","","","","","","FALSE","","","","","","","","","QZ2L66CGCV9J","NA/CDS Idx Swt","NA/CDS Corp Idx"
"3478602071000000101","","NEWT","TRAD","2026-06-03T13:02:30Z","","CR","","I","TRUE","2026-06-03T13:02:30Z","2026-06-04","2031-06-20","","","TWSF","FALSE","FALSE","","320,000","","USD","","","","","","","","","","","","","","","","","","","","","","","","","0.01","","","","","","0.005084","","","","","","false","","","3","","","A004","","","","","","","","7809.31000","MNTH","","","","3","","","","UFRO","USD","","","","","false","1","","","","","","","","","","FALSE","","","","","","","","","QZ3WVVQG5T8K","NA/CDS Corp Idx","CDX.NA.IG"
"3478231517000000101","","NEWT","TRAD","2026-06-03T12:35:48Z","","CR","","N","FALSE","2026-06-03T12:35:48Z","2026-03-20","2026-09-16","2031-06-20","FALSE","BILT","FALSE","FALSE","TRUE","343,880,019+","","EUR","","","","","","","","","","","","","","","","","","","","","","","","2026-09-16","0.01","","402,339.6","EUR","","","","","","","0.00525","","false","","","","","3","A004","","","","","","","","","MNTH","","","","3","","","","","","","","","","false","1","","","","","","","","","","FALSE","","","","","","","","","QZ77RJ03VMTV","NA/Cr Op Swps EuCl Van Ph",""
"3478179352000000101","","NEWT","TRAD","2026-06-03T12:32:32Z","","CR","","N","FALSE","2026-06-03T12:32:32Z","2026-03-20","2026-09-16","2031-06-20","FALSE","BILT","FALSE","FALSE","TRUE","343,880,019+","","EUR","","","","","","","","","","","","","","","","","","","","","","","","2026-09-16","0.01","","275,104","EUR","","","","","","","0.008","","false","","","","","3","A004","","","","","","","","","MNTH","","","","3","","","","","","","","","","false","1","","","","","","","","","","FALSE","","","","","","","","","QZS61NHV7CQ9","NA/Cr Op Swps EuPt Van Ph",""
"3478568147000000101","","NEWT","TRAD","2026-06-03T13:00:34Z","","CR","","I","TRUE","2026-06-03T13:00:34Z","2026-06-04","2031-06-20","","","TWSF","FALSE","FALSE","","580,000","","EUR","","","","","","","","","","","","","","","","","","","","","","","","","0.01","","","","","","0.005342","","","","","","false","","","3","","","A004","","","","","","","","13888.63584","MNTH","","","","3","","","","UFRO","EUR","","","","","false","1","","","","","","","","","","FALSE","","","","","","","","","QZTQ4GTC5QMF","NA/CDS Corp Idx","ITRAXX EUROPE"
"3478755507000000101","3452809345000000101","CORR","","2026-06-03T13:11:06Z","","CR","","N","FALSE","2026-06-02T10:49:23Z","2026-06-03","2030-12-20","","TRUE","BILT","FALSE","FALSE","FALSE","10,000,000","","EUR","","","","","","","","","","","","","","","","","","","","","","","","","0.01","","","","","","","","","","","","false","","","","","","A004","","","","","","","","170816.67000","MNTH","","","","3","","","","UFRO","EUR","","","","","false","1","","","","","","","","","","FALSE","","","","","","","","","QZ9GDBQDH8LN","NA/CDS Corp Idx Tra","ITRAXX EUROPE"
"3481421140000000101","3481391276000000201","MODI","TRAD","2026-06-03T16:36:33Z","TRUE","CR","","I","TRUE","2026-06-03T16:35:01Z","2026-03-20","2031-06-20","","FALSE","TPSE","FALSE","FALSE","","10,000,000","","USD","","","","","","","","","","","","","","","","","","","","","","","","","0.05","","","","","","108.09","","USD","","","","false","","","1","","","A004","","","","","","","","","MNTH","","","","3","","","","","","USD","","","","false","0.99","","","","","","","OTHR","","","FALSE","","","","","","","","","QZHH8NT767RX","NA/CDS Corp Idx","CDX.NA.HY"
"3481518864000000101","","NEWT","TRAD","2026-06-03T16:43:54Z","","CR","","I","TRUE","2026-06-03T16:43:54Z","2026-06-04","2031-06-20","","FALSE","BBSF","FALSE","TRUE","","50,000,000","","USD","","","","","","","","","","","","","","","","","","","","","","","","","0.05","","","","","","0.010806","","","","","","false","","","3","","","A004","","","","","","","","4512200.00000","MNTH","","","","3","","","","UFRO","USD","","","","","false","0.99","","","","","","","","","","FALSE","","","","","","","","","QZHH8NT767RX","NA/CDS Corp Idx","CDX.NA.HY"
"3481688509000000401","3481688509000000401","TERM","NOVA","2026-06-03T16:50:40Z","","CR","","N","FALSE","2025-09-22T12:10:55Z","2025-09-22","2030-12-20","2030-12-20","FALSE","BILT","FALSE","FALSE","FALSE","10,000,000","","EUR","","","","","","","","","","","","","","","","","","","","","","","","","0.05","","","","","","","","","","","","true","","","","","","A004","","","","","","","","","MNTH","","","","3","","","","","","","","","","false","1","","","","","","","","","","FALSE","","","","","","","","","QZB5DPT9MS3H","NA/CDS Corp Idx Tra","ITRAXX EUROPE CROSSOVER"
"3481699497000000201","","NEWT","TRAD","2026-06-03T16:56:27Z","","CR","","I","FALSE","2026-06-03T16:56:27Z","2026-03-20","2031-06-20","","FALSE","TPSE","FALSE","FALSE","","20,000,000","","USD","","","","","","","","","","","","","","","","","","","","","","","","","0.01","","","","","","97.77","","USD","","","","false","","","1","","","A004","","","","","","","","","MNTH","","","","3","","","","","","USD","","","","false","1","","","","","","","OTHR","","","FALSE","","","","","","","","","QZ4JMQKL3P03","NA/CDS Corp Idx","CDX.EM"
"3481705804000000201","","NEWT","TRAD","2026-06-03T16:57:10Z","","CR","","I","TRUE","2026-06-03T16:57:10Z","2026-06-04","2031-06-20","","FALSE","BBSF","FALSE","FALSE","","40,000,000","","USD","","","","","","","","","","","","","","","","","","","","","","","","","0.01","","","","","","0.005112","","","","","","false","","","3","","","A004","","","","","","","","970984.12000","MNTH","","","","3","","","","UFRO","USD","","","","","false","1","","","","","","","","","","FALSE","","","","","","","","","QZ3WVVQG5T8K","NA/CDS Corp Idx","CDX.NA.IG"
"3481705803000000101","","NEWT","TRAD","2026-06-03T16:56:51Z","","CR","","I","TRUE","2026-06-03T16:56:51Z","2026-06-04","2031-06-20","","FALSE","BBSF","FALSE","FALSE","","50,000,000","","USD","","","","","","","","","","","","","","","","","","","","","","","","","0.01","","","","","","0.005112","","","","","","false","","","3","","","A004","","","","","","","","1213730.14000","MNTH","","","","3","","","","UFRO","USD","","","","","false","1","","","","","","","","","","FALSE","","","","","","","","","QZ3WVVQG5T8K","NA/CDS Corp Idx","CDX.NA.IG"
"3481550626000000301","","NEWT","TRAD","2026-06-03T16:47:09Z","","CR","","I","TRUE","2026-06-03T16:47:09Z","2026-06-04","2030-12-20","","FALSE","BBSF","FALSE","TRUE","","76,000,000+","","USD","","","","","","","","","","","","","","","","","","","","","","","","","0.05","","","","","","0.01081815","","","","","","false","","","3","","","A004","","","","","","","","6879787.94422","MNTH","","","","3","","","","UFRO","USD","","","","","false","0.98","","","","","","","","","","TRUE","","","","0.00000915","","3","","","QZMD5JCHG48C","NA/CDS Corp Idx","CDX.NA.HY"
"3485096546000000101","","NEWT","TRAD","2026-06-03T20:56:41Z","","CR","","N","FALSE","2026-06-03T20:50:41Z","2026-06-03","2026-10-21","2031-06-20","TRUE","BILT","FALSE","FALSE","TRUE","400,000,000+","","USD","","","","","","","","","","","","","","","","","","","","","","","","2026-10-21","0.01","","620,000","USD","","","","","","","0.0065","","false","","","","","3","A004","","","","","","","","","MNTH","","","","3","","","","","","","","","","false","1","","","","","","","","","","FALSE","","","","","","","","","QZDRFGQM4073","NA/CDS Idx Swt","NA/CDS Corp Idx"
"3467189694000000101","","NEWT","TRAD","2026-05-28T12:17:41Z","FALSE","CR","","I","FALSE","2026-05-28T12:17:41Z","2026-05-28","2026-08-19","","","BILT","FALSE","FALSE","TRUE","343,440,000+","","EUR","","","","","","","","","","","","","","","","","","","","","","","","2026-08-19","","","600,676.56","EUR","","","0.006","","","","0.006","","false","","","3","","3","","","","","","","","","","","","","","","","","","","","","","","","false","1","","","","","","","","","","FALSE","","","","","","","","","QZS1WNR5R2ND","NA/CDS Idx Swt","NA/CDS Corp Idx"
"3468202487000000201","","NEWT","TRAD","2026-06-03T07:57:35Z","","CR","","I","FALSE","2026-06-03T07:57:35Z","2026-03-20","2031-06-20","","","BILT","FALSE","FALSE","TRUE","25,000,000","","USD","","","","","","","","","","","","","","","","","","","","","","","","","0.01","","","","","","","","","","","","false","","","","","","A004","","","","","","","","373177.43000","MNTH","","","","3","","","","UFRO","USD","","","","","false","1","","","","","","","","","","FALSE","","","","","","","","","QZD2VPNQ9ZFX","NA/CDS Corp Idx","ITRAXX ASIA EX-JAPAN IG"
"3468064649000000101","","NEWT","TRAD","2026-06-03T07:59:18Z","","CR","","N","FALSE","2026-06-03T07:59:18Z","2026-06-03","2026-07-15","2031-06-20","FALSE","BILT","FALSE","FALSE","TRUE","250,000,000","","EUR","","","","","","","","","","","","","","","","","","","","","","","","2026-07-15","0.01","","77,500","EUR","","","","","","","0.007","","false","","","","","3","A004","","","","","","","","","MNTH","","","","3","","","","","","","","","","false","1","","","","","","","","","","FALSE","","","","","","","","","QZ2L66CGCV9J","NA/CDS Idx Swt","NA/CDS Corp Idx"
"3480595500000000801","3480127253000000101","EROR","","2026-06-03T15:48:55Z","","CR","","","","2026-06-03T15:14:50Z","2026-06-03","2026-08-19","","","","","","FALSE","","","","","","","","","","","","","","","","","","","","","","","","","","","","0.05","","","","","","","","","","","","","","","","","","","","","","","","","","","","","","","","","","","","","","","","","","","","","","","","","","","","","","","","","","","","","QZHJMSG8W2ZX","NA/CDS Idx Swt","NA/CDS Corp Idx"
"3481053017000000201","","NEWT","TRAD","2026-06-03T16:18:10Z","","CR","","I","TRUE","2026-06-03T16:18:10Z","2026-06-04","2031-06-20","","FALSE","BBSF","FALSE","FALSE","","40,000,000","","USD","","","","","","","","","","","","","","","","","","","","","","","","","0.05","","","","","","0.01081031","","","","","","false","","","3","","","A004","","","","","","","","3626827.60000","MNTH","","","","3","","","","UFRO","USD","","","","","false","0.99","","","","","","","","","","FALSE","","","","","","","","","QZHH8NT767RX","NA/CDS Corp Idx","CDX.NA.HY"
"3480742083000000101","","NEWT","TRAD","2026-06-03T16:02:08Z","","CR","","I","TRUE","2026-06-03T16:02:08Z","2026-06-04","2031-06-20","","FALSE","BBSF","FALSE","FALSE","","100,000,000","","USD","","","","","","","","","","","","","","","","","","","","","","","","","0.01","","","","","","0.0051","","","","","","false","","","3","","","A004","","","","","","","","2433010.01000","MNTH","","","","3","","","","UFRO","USD","","","","","false","1","","","","","","","","","","FALSE","","","","","","","","","QZ3WVVQG5T8K","NA/CDS Corp Idx","CDX.NA.IG"
"3481464142000000201","3481452975000000201","MODI","TRAD","2026-06-03T16:39:14Z","TRUE","CR","","I","TRUE","2026-06-03T16:38:33Z","2026-03-20","2031-06-20","","FALSE","TPSE","FALSE","FALSE","","50,000,000","","USD","","","","","","","","","","","","","","","","","","","","","","","","","0.01","","","","","","0.0051075","","","","","","false","","","3","","","A004","","","","","","","","","MNTH","","","","3","","","","","","USD","","","","false","1","","","","","","","OTHR","","","FALSE","","","","","","","","","QZ3WVVQG5T8K","NA/CDS Corp Idx","CDX.NA.IG"
"3481472349000000101","","NEWT","TRAD","2026-06-03T16:39:16Z","","CR","","I","FALSE","2026-06-03T16:37:50Z","2026-06-04","2031-06-20","","","BILT","FALSE","FALSE","FALSE","25,000,000","","USD","","","","","","","","","","","","","","","","","","","","","","","","","0.01","","","","","","","","","","","","false","","","","","","A004","","","","","","","","504722.22000","MNTH","","","","3","","","","UFRO","USD","","","","","false","1","","","","","","","","","","FALSE","","","","","","","","","QZ4JMQKL3P03","NA/CDS Corp Idx","CDX.EM"
"3480351139000000101","","NEWT","TRAD","2026-06-03T15:37:40Z","","CR","","I","TRUE","2026-06-03T15:37:40Z","2026-06-04","2031-06-20","","FALSE","BBSF","FALSE","FALSE","","10,000,000","","EUR","","","","","","","","","","","","","","","","","","","","","","","","","0.05","","","","","","0.026219","","","","","","false","","","3","","","A004","","","","","","","","1129646.54000","MNTH","","","","3","","","","UFRO","EUR","","","","","false","1","","","","","","","","","","FALSE","","","","","","","","","QZ3HM9KVK2WL","NA/CDS Corp Idx","ITRAXX EUROPE CROSSOVER"
"3473654926000000101","","NEWT","TRAD","2026-06-03T09:36:09Z","","CR","","I","TRUE","2026-06-03T09:36:09Z","2026-03-20","2031-06-20","","FALSE","TPSE","FALSE","FALSE","","25,000,000","","EUR","","","","","","","","","","","","","","","","","","","","","","","","","0.01","","","","","","0.0053375","","","","","","false","","","3","","","A004","","","","","","","","","MNTH","","","","3","","","","","","EUR","","","","false","1","","","","","","","OTHR","","","FALSE","","","","","","","","","QZTQ4GTC5QMF","NA/CDS Corp Idx","ITRAXX EUROPE"
"3480345408000000101","3479331857000000101","EROR","","2026-06-03T14:00:49Z","","CR","","I","","2026-06-03T14:00:49Z","2026-03-20","2031-06-20","","","","FALSE","","FALSE","30,000,000","","EUR","","","","","","","","","","","","","","","","","","","","","","","","","0.05","","","","","","","","","","","","false","","","","","","","","","","","","","","3391628.00000","","","","","","","","","UFRO","EUR","","","","","false","1","","","","","","","","","","TRUE","","","","35","","4","","","QZ3HM9KVK2WL","NA/CDS Corp Idx","ITRAXX EUROPE CROSSOVER"
